{
"type": "FeatureCollection",
"name": "Belice",
"crs": { "type": "name", "properties": { "name": "urn:ogc:def:crs:OGC:1.3:CRS84" } },
"features": [
{ "type": "Feature", "properties": { "Codigo": 2000 }, "geometry": { "type": "MultiPolygon", "coordinates": [ [ [ [ -88.426166519933304, 16.449336166627837 ], [ -88.425821969241397, 16.448193846317626 ], [ -88.425710220279896, 16.447680917444234 ], [ -88.425360604945737, 16.447227023153584 ], [ -88.424765423403755, 16.447159919524736 ], [ -88.424047021609681, 16.447068709167581 ], [ -88.423552193506055, 16.446557544402886 ], [ -88.423677078720928, 16.446038523817265 ], [ -88.423010498343984, 16.445655450436917 ], [ -88.422783563313814, 16.446193649346732 ], [ -88.422839778363496, 16.446683952396047 ], [ -88.422892052963121, 16.447342076798954 ], [ -88.422819381820787, 16.448024512473687 ], [ -88.42263693308368, 16.448607636565377 ], [ -88.422078989552972, 16.449366226658906 ], [ -88.421647995660408, 16.449965318130594 ], [ -88.421906987941512, 16.450448788502015 ], [ -88.422597899479285, 16.450268953872044 ], [ -88.423374241449395, 16.449808133725124 ], [ -88.423819259124656, 16.449556425220031 ], [ -88.42435420808286, 16.449329222743536 ], [ -88.424842099158411, 16.449166349866747 ], [ -88.425574903972063, 16.449117011268157 ], [ -88.426166519933304, 16.449336166627837 ], [ -88.426483058863738, 16.449756659505979 ], [ -88.426452726508458, 16.450302543930899 ], [ -88.425918208324532, 16.45100869346847 ], [ -88.425299947287158, 16.451451570206753 ], [ -88.424823641361115, 16.451593287791507 ], [ -88.424301892893737, 16.451755418097594 ], [ -88.423778609914635, 16.451982874392087 ], [ -88.42325328703437, 16.452297056669856 ], [ -88.422841107270827, 16.452592301720003 ], [ -88.422382369870633, 16.452930474259077 ], [ -88.422013615788288, 16.453290899705948 ], [ -88.421274516741107, 16.45407932596542 ], [ -88.421105207084992, 16.454574832924305 ], [ -88.421070265488169, 16.455117231839953 ], [ -88.420630703466713, 16.455607948034984 ], [ -88.420068080100648, 16.455496464559989 ], [ -88.41977183664865, 16.454784542302509 ], [ -88.419285595092788, 16.452493065370255 ], [ -88.419191339481728, 16.451708940798635 ], [ -88.419304203338413, 16.450733269050399 ], [ -88.419776629560872, 16.449788007537474 ], [ -88.419968722694179, 16.449291871151139 ], [ -88.420170422883103, 16.448362092181537 ], [ -88.42027313823877, 16.447842588294325 ], [ -88.420452656442919, 16.447384491514647 ], [ -88.420759311057694, 16.446783807479434 ], [ -88.42084182988971, 16.446154551689656 ], [ -88.420523299465032, 16.445322694973715 ], [ -88.420379015899243, 16.444753838200462 ], [ -88.420641837678161, 16.444129653611792 ], [ -88.42133923880175, 16.444144911950762 ], [ -88.421901825441381, 16.444157219212546 ], [ -88.42249431923301, 16.443865918169557 ], [ -88.423025223410392, 16.443312952638163 ], [ -88.42355255403676, 16.442912037667558 ], [ -88.424274245480277, 16.442862457422851 ], [ -88.425000796354098, 16.443551097343835 ], [ -88.425443668673751, 16.443887580211676 ], [ -88.426070837861545, 16.444009467684573 ], [ -88.426588490369838, 16.444020780330217 ], [ -88.427402180371743, 16.443907838942643 ], [ -88.428401193735937, 16.443561164231575 ], [ -88.42912188780447, 16.443554367848972 ], [ -88.429658154382608, 16.44371820946095 ], [ -88.429848435977846, 16.444244122979569 ], [ -88.429321109614023, 16.444645053885868 ], [ -88.428485742551217, 16.444736117597127 ], [ -88.42833869546395, 16.445254663356771 ], [ -88.428918453467645, 16.445506230626414 ], [ -88.42945015524775, 16.445864931097333 ], [ -88.430022783120975, 16.446420605060254 ], [ -88.430741429193205, 16.446501656636986 ], [ -88.431304032839932, 16.44651394045389 ], [ -88.432215065389443, 16.446408740247559 ], [ -88.433093415017936, 16.446053777573177 ], [ -88.43389351360112, 16.445549475046729 ], [ -88.434493627150687, 16.444932625194976 ], [ -88.435048215126088, 16.444314779162731 ], [ -88.435727540779894, 16.44415492310409 ], [ -88.436516417283769, 16.444129302502013 ], [ -88.437247773538488, 16.443667433566738 ], [ -88.437665007505771, 16.443154768084785 ], [ -88.43801562287554, 16.442619235309966 ], [ -88.438303042084158, 16.441864829896751 ], [ -88.438477908076905, 16.441129383755296 ], [ -88.438632094960482, 16.440329251699414 ], [ -88.438788752579157, 16.439398450052419 ], [ -88.438747988418598, 16.438245851897818 ], [ -88.438652723111247, 16.437525928229167 ], [ -88.438359427667407, 16.436585324160696 ], [ -88.4380827260741, 16.43588398777262 ], [ -88.437921267639723, 16.435098389876124 ], [ -88.43784306824071, 16.434597462522607 ], [ -88.437496991306773, 16.433991528909214 ], [ -88.437056612784858, 16.433548070551357 ], [ -88.437250140710105, 16.43298770157072 ], [ -88.437791478055445, 16.432934136140762 ], [ -88.43825961959358, 16.433139288621916 ], [ -88.438381283446759, 16.433729062756715 ], [ -88.438545800236611, 16.434384005935964 ], [ -88.438801273440873, 16.435019518935935 ], [ -88.439283956597222, 16.435551794282468 ], [ -88.439837392259932, 16.435954890300206 ], [ -88.440371686533013, 16.436227969671297 ], [ -88.440952388614704, 16.436414162295307 ], [ -88.441917513588109, 16.436565896341438 ], [ -88.442410899088358, 16.436640870207881 ], [ -88.443192143211689, 16.436940732959332 ], [ -88.443836468491725, 16.437302974369732 ], [ -88.444091961425258, 16.437938484034323 ], [ -88.443591991032747, 16.438145099637161 ], [ -88.442871830354861, 16.438129425955101 ], [ -88.442346069793999, 16.43846507365906 ], [ -88.442537914199491, 16.438925653619517 ], [ -88.443001910700474, 16.439283973345784 ], [ -88.443647354998305, 16.439623703355842 ], [ -88.444381064214397, 16.440009301760242 ], [ -88.444960424174468, 16.440303641939536 ], [ -88.44564825964413, 16.440753600861353 ], [ -88.446512823664619, 16.441336999977828 ], [ -88.447131385377617, 16.441828272177435 ], [ -88.447727747045676, 16.442320186422727 ], [ -88.448410546963913, 16.442986402201786 ], [ -88.448744449731322, 16.443365550769887 ], [ -88.449247603653916, 16.44387346533804 ], [ -88.449229850839686, 16.444633759139464 ], [ -88.448642797985642, 16.445117971482194 ], [ -88.448565027897345, 16.445847656195987 ], [ -88.448828031856408, 16.446262452292672 ], [ -88.449456005615076, 16.446626585388699 ], [ -88.450333683013227, 16.446674968492104 ], [ -88.450804103332487, 16.445984241133427 ], [ -88.450815698485769, 16.445487517242878 ], [ -88.450384856276898, 16.444483068108756 ], [ -88.450217680394587, 16.443865255205527 ], [ -88.450591604605137, 16.443405707440537 ], [ -88.451199631586377, 16.443298339615062 ], [ -88.451702164178172, 16.443232627278284 ], [ -88.452464559388716, 16.443015919159436 ], [ -88.453026715246935, 16.442296748568875 ], [ -88.453886297921855, 16.441818438989127 ], [ -88.454558936277394, 16.441569342625431 ], [ -88.455138452202931, 16.441407252053743 ], [ -88.455511704393388, 16.440975848686346 ], [ -88.456005537564778, 16.440606789375146 ], [ -88.456405694704927, 16.440323595721079 ], [ -88.456955570169768, 16.440130426761982 ], [ -88.457628174864425, 16.439882442921746 ], [ -88.458655650829101, 16.439991509800954 ], [ -88.459349078842976, 16.44015305438856 ], [ -88.460312427346054, 16.440408351394069 ], [ -88.461123285707956, 16.440717813527392 ], [ -88.461878780435683, 16.44082209481601 ], [ -88.463089696933508, 16.440877642866866 ], [ -88.463796153940805, 16.440454567726569 ], [ -88.463898757453038, 16.439959805374656 ], [ -88.463976463164187, 16.439230098815155 ], [ -88.46456016036629, 16.438862961011377 ], [ -88.465290071248816, 16.438761569454083 ], [ -88.466061733347402, 16.43945107369213 ], [ -88.466382749823723, 16.439984312311001 ], [ -88.466732751857336, 16.440576781942816 ], [ -88.467474784588262, 16.441235215221774 ], [ -88.468757823195659, 16.442082287569679 ], [ -88.469592251450635, 16.442685241072319 ], [ -88.470357749706622, 16.443666484193493 ], [ -88.47074751707531, 16.445136587761503 ], [ -88.470633352723269, 16.446129221649002 ], [ -88.470282349537385, 16.446910497738337 ], [ -88.469803908812096, 16.447923418541848 ], [ -88.469482636328038, 16.448706461968204 ], [ -88.469241169120707, 16.449874396193657 ], [ -88.46976048404666, 16.450042286674865 ], [ -88.470326815894069, 16.449795349261073 ], [ -88.470865303056243, 16.4488118996731 ], [ -88.47104149261132, 16.448140664317819 ], [ -88.471142344927898, 16.447419338056147 ], [ -88.471431938113085, 16.446993979581453 ], [ -88.47174308920512, 16.446620925894813 ], [ -88.472146551262355, 16.446220567666607 ], [ -88.472373356692216, 16.445581980844818 ], [ -88.472395102921126, 16.444645944530127 ], [ -88.47211323311781, 16.44373376832645 ], [ -88.471617463280609, 16.442904870572068 ], [ -88.470585432452509, 16.441683456404704 ], [ -88.469667444247747, 16.44075638860074 ], [ -88.468563847488639, 16.440002233261747 ], [ -88.468029609006393, 16.439522983753498 ], [ -88.467318633874498, 16.438834797867447 ], [ -88.466820196885308, 16.43812191284076 ], [ -88.466072850293187, 16.43766734642951 ], [ -88.465079833153368, 16.437382133731674 ], [ -88.464260828527117, 16.437422994603892 ], [ -88.463590253849063, 16.437584271655254 ], [ -88.463130750862177, 16.437808721114781 ], [ -88.462726616680555, 16.438238345497542 ], [ -88.462138929180526, 16.438751894134136 ], [ -88.460593321389524, 16.438776989426163 ], [ -88.459140904192978, 16.438686891312805 ], [ -88.458292915510071, 16.438668497840876 ], [ -88.457444927400886, 16.438650100955225 ], [ -88.456897789970711, 16.438726130112254 ], [ -88.455634073508307, 16.439634063086849 ], [ -88.454834517350278, 16.440142987404567 ], [ -88.454158495711283, 16.440537388114763 ], [ -88.453609304088957, 16.440701263526844 ], [ -88.451901734120241, 16.441161151144236 ], [ -88.4512621770712, 16.441293756359123 ], [ -88.450408744812819, 16.441508483179913 ], [ -88.449813746893952, 16.441483154078767 ], [ -88.449100474286084, 16.441121681510523 ], [ -88.44857398811719, 16.44051296095288 ], [ -88.448185953599065, 16.439776526851094 ], [ -88.447883807752845, 16.438737690251436 ], [ -88.447716413951412, 16.438179599912079 ], [ -88.447604841477059, 16.437656533327296 ], [ -88.447465545899504, 16.436870288480659 ], [ -88.447342626589489, 16.435857885555759 ], [ -88.447276521535954, 16.434812911608073 ], [ -88.44725837121392, 16.434139740040255 ], [ -88.446903431918273, 16.433436708006965 ], [ -88.446342205323731, 16.432891469244947 ], [ -88.446105071162677, 16.43241976508428 ], [ -88.446263226015617, 16.431922847299347 ], [ -88.44671246548306, 16.431487477982529 ], [ -88.446973338643033, 16.43091728722715 ], [ -88.446875750640345, 16.430295355722286 ], [ -88.446492960082679, 16.429309988056964 ], [ -88.44632894217024, 16.428632518867875 ], [ -88.446454242932163, 16.428092062480612 ], [ -88.446817591488724, 16.42745873847938 ], [ -88.44702064642766, 16.426963922584946 ], [ -88.446681877522465, 16.426043747133388 ], [ -88.446224909525853, 16.425359911806304 ], [ -88.445715970859055, 16.424501398123681 ], [ -88.445245135704482, 16.423936716080302 ], [ -88.444783864481892, 16.423437601343359 ], [ -88.444561958925746, 16.42281409438198 ], [ -88.445106902483701, 16.422629855210499 ], [ -88.445642115578949, 16.422837573979109 ], [ -88.446108460933118, 16.423119299743746 ], [ -88.44678534219527, 16.423536323373781 ], [ -88.447242890310591, 16.423719811849033 ], [ -88.448017762199996, 16.423790739333175 ], [ -88.448616443203449, 16.423705702967613 ], [ -88.449116692575032, 16.423510340770612 ], [ -88.449688620982016, 16.423120446952336 ], [ -88.450184784720193, 16.422599308345529 ], [ -88.450569607449893, 16.422020529624195 ], [ -88.450699330537745, 16.421539891972543 ], [ -88.450543437297696, 16.420738636950254 ], [ -88.450164346343513, 16.420094815533396 ], [ -88.449662001186852, 16.419679341793195 ], [ -88.449642332521734, 16.419070369451255 ], [ -88.449860024295489, 16.418422603516021 ], [ -88.449964801639396, 16.417784778789969 ], [ -88.450555160678121, 16.41758009618832 ], [ -88.451082590807488, 16.417645635892121 ], [ -88.451774166099185, 16.417431875204336 ], [ -88.452362513515155, 16.416837222388995 ], [ -88.453067452843712, 16.416525704414287 ], [ -88.453535558075842, 16.416731945827749 ], [ -88.453745562221968, 16.417366458058019 ], [ -88.453768284705376, 16.417844772641175 ], [ -88.453824330102975, 16.41834635045203 ], [ -88.454002592435714, 16.418914813747161 ], [ -88.455638434484698, 16.420699299636869 ], [ -88.456474212940932, 16.421564884005914 ], [ -88.456822128626342, 16.422094201870525 ], [ -88.456944616959461, 16.422651312338399 ], [ -88.456855945450783, 16.423550943009065 ], [ -88.45655748983809, 16.424282621139248 ], [ -88.456406420203166, 16.424953256285477 ], [ -88.456449859164735, 16.425519922313356 ], [ -88.456830802892682, 16.427038284940988 ], [ -88.456920462937475, 16.427550734599311 ], [ -88.456896497097389, 16.428103545612853 ], [ -88.456588616567771, 16.428738097188702 ], [ -88.456032354170333, 16.429432624716121 ], [ -88.455406311311137, 16.430189869208291 ], [ -88.455091195008791, 16.430683392214707 ], [ -88.454883848409523, 16.431362946892882 ], [ -88.454892435365764, 16.431971680013131 ], [ -88.454914262984559, 16.432488291630094 ], [ -88.455338103220427, 16.433117305677673 ], [ -88.456248155651593, 16.433202415933593 ], [ -88.456936568530423, 16.433151987707568 ], [ -88.457895275405576, 16.433053328041925 ], [ -88.458496012886044, 16.432881537500819 ], [ -88.4588904946648, 16.432389726974389 ], [ -88.459219795847488, 16.431788317052149 ], [ -88.459556116315767, 16.431361733725886 ], [ -88.459924792403029, 16.43100008832165 ], [ -88.460529320702051, 16.430664965302221 ], [ -88.461079056410455, 16.430275684663282 ], [ -88.461822426393297, 16.429770013697169 ], [ -88.462288257115688, 16.429573874993189 ], [ -88.463365483911986, 16.429248980931892 ], [ -88.464304863885516, 16.429051822036662 ], [ -88.465086063430505, 16.428852359537245 ], [ -88.465903676656382, 16.428543242462926 ], [ -88.467061931251067, 16.428123162378764 ], [ -88.466476873986466, 16.427394884907557 ], [ -88.466297576484365, 16.426869223867474 ], [ -88.466280636012641, 16.42614084445291 ], [ -88.466159876199967, 16.425508264667553 ], [ -88.465422549099827, 16.424297734405386 ], [ -88.465132229733484, 16.423725720989264 ], [ -88.464843814947727, 16.42304668966797 ], [ -88.464645122465711, 16.422401150593362 ], [ -88.464658759431572, 16.421814303705919 ], [ -88.46479406833592, 16.421317992456693 ], [ -88.465054873407141, 16.420747763079561 ], [ -88.465363384475609, 16.420059108473112 ], [ -88.465547767022429, 16.419410590791006 ], [ -88.465526533185056, 16.418866941169249 ], [ -88.46514675936011, 16.418250167971376 ], [ -88.464651818908663, 16.418218046670358 ], [ -88.464152407696687, 16.418403329799215 ], [ -88.463606075488471, 16.418673243182962 ], [ -88.462883689273454, 16.418755651862 ], [ -88.4626253618828, 16.418239551031263 ], [ -88.462865212286047, 16.416636585235484 ], [ -88.462726838188161, 16.415807533122052 ], [ -88.462142688383636, 16.415645003584789 ], [ -88.461496190738416, 16.415954443837325 ], [ -88.460937215728663, 16.416768393211147 ], [ -88.460653390463946, 16.417349386107027 ], [ -88.460277178758304, 16.418036564616589 ], [ -88.459901987765974, 16.418679813590629 ], [ -88.459370725739248, 16.419255443529487 ], [ -88.458914986082377, 16.419495751101678 ], [ -88.458170102470191, 16.419566385908858 ], [ -88.457486621754455, 16.41943211578096 ], [ -88.457021544580911, 16.419095221070748 ], [ -88.456596259605604, 16.418478580271149 ], [ -88.456344297839877, 16.417689894249559 ], [ -88.456286987552417, 16.416765685277383 ], [ -88.456469523874546, 16.416172364146213 ], [ -88.456965737766865, 16.415672613315213 ], [ -88.457556396336713, 16.415429598218914 ], [ -88.45777326944544, 16.414815604002765 ], [ -88.457299132083676, 16.414391741373134 ], [ -88.456767170473839, 16.414521081941352 ], [ -88.455937449748035, 16.414851323115265 ], [ -88.45503383134033, 16.414995140874616 ], [ -88.454281682686414, 16.414902200347534 ], [ -88.453655763773398, 16.414703809586779 ], [ -88.452984150906261, 16.414537105143765 ], [ -88.452237330536121, 16.414716991946495 ], [ -88.45173482478738, 16.415010363427754 ], [ -88.450823257690573, 16.415495448600069 ], [ -88.450307902326401, 16.415864041664413 ], [ -88.449861234194387, 16.416191300658845 ], [ -88.449096407616992, 16.416642372215769 ], [ -88.448596001410024, 16.416870416513227 ], [ -88.448027365040986, 16.416619159844242 ], [ -88.447829494962249, 16.415940957937867 ], [ -88.448477393275596, 16.415672168019722 ], [ -88.449100041764908, 16.415534678385669 ], [ -88.449536323476906, 16.415151975788255 ], [ -88.449966880438083, 16.414564046060168 ], [ -88.450402672458793, 16.413726050561063 ], [ -88.450726623946679, 16.413353303356629 ], [ -88.451275838559596, 16.412984316087581 ], [ -88.451937329195843, 16.412607620969471 ], [ -88.452478090733393, 16.412576527620651 ], [ -88.453054531686121, 16.412968807226388 ], [ -88.453503465139519, 16.413521728187245 ], [ -88.453993502267878, 16.413738583613128 ], [ -88.454702496471299, 16.413753956595084 ], [ -88.455250340347462, 16.413418736093863 ], [ -88.455907319075692, 16.412759065416534 ], [ -88.456542066689337, 16.412577862483872 ], [ -88.457493682682923, 16.412804713081481 ], [ -88.458105243675249, 16.413143649555678 ], [ -88.458872519852576, 16.41354005187301 ], [ -88.459463079802319, 16.41380302387487 ], [ -88.460193319045771, 16.413884202564073 ], [ -88.460616015072361, 16.413633030400916 ], [ -88.460586739271392, 16.412958481549921 ], [ -88.460099322745378, 16.412578290026069 ], [ -88.459536989645827, 16.412507510846051 ], [ -88.458879018142213, 16.412281393620443 ], [ -88.458253670216706, 16.411229931705648 ], [ -88.458147615423641, 16.410016170300317 ], [ -88.458139239671965, 16.408869884914093 ], [ -88.457902219848961, 16.40831705634529 ], [ -88.457619898762161, 16.407854528559366 ], [ -88.45697106119394, 16.407688336738463 ], [ -88.456160640349523, 16.407692190900214 ], [ -88.455456176690817, 16.407959786813763 ], [ -88.454995172943043, 16.408427618787101 ], [ -88.454415990399525, 16.409131800699264 ], [ -88.453878257883474, 16.409635154965141 ], [ -88.453065729237849, 16.409704309684926 ], [ -88.452739073237098, 16.409240816729248 ], [ -88.452597701985752, 16.408542430746824 ], [ -88.452435095190694, 16.407778223815345 ], [ -88.452292201518659, 16.407145165839395 ], [ -88.452331634985597, 16.406429289410827 ], [ -88.45281843532193, 16.405831298995182 ], [ -88.452765332616679, 16.405328659378846 ], [ -88.452134218009803, 16.405229327187715 ], [ -88.451852997972154, 16.404745408569671 ], [ -88.451848435972821, 16.403963214773999 ], [ -88.451566719967587, 16.403500697533623 ], [ -88.451127397409195, 16.403990404650454 ], [ -88.450775446847416, 16.404613853641322 ], [ -88.450588614443234, 16.405391894504177 ], [ -88.450371213326903, 16.40602840458191 ], [ -88.450201548547341, 16.406545369099135 ], [ -88.449702607112386, 16.406686679622069 ], [ -88.44895579723071, 16.406366201782912 ], [ -88.44832793020403, 16.405776715388146 ], [ -88.448286060005344, 16.405168390462745 ], [ -88.448332050210325, 16.404647618497549 ], [ -88.448341954087027, 16.403746289068465 ], [ -88.447934440995695, 16.403346398900926 ], [ -88.447062188945267, 16.403098702716154 ], [ -88.446594097288212, 16.402893581800196 ], [ -88.445894285665432, 16.40248621807438 ], [ -88.44531792825768, 16.402593159873859 ], [ -88.444664746093835, 16.403090600608532 ], [ -88.444316118466645, 16.403570989384907 ], [ -88.444176890759778, 16.404209186547092 ], [ -88.444795718966603, 16.404233896686215 ], [ -88.44531656484574, 16.404104341008512 ], [ -88.445690990163271, 16.404470834911908 ], [ -88.445276347103828, 16.4048528750623 ], [ -88.444819378662814, 16.405147221830536 ], [ -88.444558948859992, 16.405700519701394 ], [ -88.444545765226579, 16.40626595086934 ], [ -88.444329865832643, 16.406837121843292 ], [ -88.443858698647972, 16.407239340275794 ], [ -88.443414332337127, 16.407468593050403 ], [ -88.442851069580342, 16.407489035780124 ], [ -88.442731232094744, 16.406845211247035 ], [ -88.442262377758794, 16.406672745437156 ], [ -88.441644832009871, 16.407093190085586 ], [ -88.441011803213371, 16.407676698504762 ], [ -88.440355310749524, 16.40831491153665 ], [ -88.439832921880949, 16.409010132323409 ], [ -88.438697393142462, 16.410636372369932 ], [ -88.438148628712511, 16.411460606104857 ], [ -88.437841685051026, 16.412079368089952 ], [ -88.437824423571513, 16.412818249112266 ], [ -88.437911749291828, 16.413303598728163 ], [ -88.43800581340993, 16.414075330404351 ], [ -88.437476007185523, 16.414237345193328 ], [ -88.437184333015978, 16.413827560694589 ], [ -88.437226860700818, 16.41273199643144 ], [ -88.437128453900002, 16.412121318279148 ], [ -88.436785161696932, 16.411397128474523 ], [ -88.436393891199998, 16.410802615927082 ], [ -88.435816319750472, 16.410485778289726 ], [ -88.435272961325154, 16.410603545624564 ], [ -88.434626180881907, 16.410350555651448 ], [ -88.434819590313865, 16.409768774310411 ], [ -88.434944896100646, 16.40922832876883 ], [ -88.435090871475467, 16.408752566793439 ], [ -88.43553226519451, 16.40817617870729 ], [ -88.436150350437927, 16.407733230984796 ], [ -88.436792712634556, 16.407225449107997 ], [ -88.437630946533503, 16.40700478027949 ], [ -88.438261126011867, 16.407018488426402 ], [ -88.439050294201323, 16.406948879428072 ], [ -88.439422572996975, 16.406456621640022 ], [ -88.439491822961742, 16.405415726345154 ], [ -88.439865538131883, 16.404836727208608 ], [ -88.440683026953835, 16.40452881788045 ], [ -88.441183901403107, 16.404279386439761 ], [ -88.441509632434688, 16.403830061900816 ], [ -88.44185609306183, 16.403467961406776 ], [ -88.442245375661329, 16.403172149729979 ], [ -88.442439360547922, 16.402589238003237 ], [ -88.442811509417169, 16.402076684844985 ], [ -88.443338703404137, 16.401674555220115 ], [ -88.443774433101183, 16.401314385883627 ], [ -88.444711663577166, 16.400727325653254 ], [ -88.446007841905285, 16.400168336522793 ], [ -88.44657489054498, 16.399984559120558 ], [ -88.447252005153942, 16.399912481347386 ], [ -88.448122226879491, 16.40024690469949 ], [ -88.448836193716559, 16.400522715039465 ], [ -88.449422870983142, 16.400448666287737 ], [ -88.449929871931189, 16.399960431861636 ], [ -88.450529208322521, 16.399342345616805 ], [ -88.451824900735602, 16.397850199337778 ], [ -88.452352567328248, 16.397426638403886 ], [ -88.453219502472848, 16.396923655048329 ], [ -88.453925416410996, 16.39659185204259 ], [ -88.454677277732671, 16.396217089874131 ], [ -88.455316463400536, 16.395817348861211 ], [ -88.455776493799462, 16.395414848891939 ], [ -88.456123328184987, 16.395009899289864 ], [ -88.456520748056946, 16.394387414992266 ], [ -88.456867578065697, 16.393982461026109 ], [ -88.457302829815873, 16.393666195575314 ], [ -88.458526210530849, 16.393323035023386 ], [ -88.459155870206317, 16.393358070208375 ], [ -88.459671897863828, 16.393434598667987 ], [ -88.460361596762212, 16.393775206672672 ], [ -88.460686302772217, 16.394347957707961 ], [ -88.46055857624691, 16.394996570366096 ], [ -88.459929932443615, 16.394917609227427 ], [ -88.459252303634983, 16.39501226179835 ], [ -88.458994835334821, 16.395440566469009 ], [ -88.458909990115146, 16.396178005637747 ], [ -88.458817168312592, 16.39728378592056 ], [ -88.458680322910155, 16.398324375113472 ], [ -88.458580311009015, 16.399010775777931 ], [ -88.458560684854874, 16.399604249115601 ], [ -88.458758357259867, 16.400292585642656 ], [ -88.45914211613065, 16.400735894220201 ], [ -88.459581474419537, 16.401701053224571 ], [ -88.459691046183437, 16.402311975605084 ], [ -88.459694298579265, 16.403126830090226 ], [ -88.459558999039402, 16.403623137947616 ], [ -88.459385800993999, 16.404293303114805 ], [ -88.45972941524407, 16.405007337666156 ], [ -88.460138471020514, 16.405819705487026 ], [ -88.460133941325211, 16.407471713631956 ], [ -88.460162722540701, 16.408167663376755 ], [ -88.460855740929986, 16.408367484208206 ], [ -88.462217682547077, 16.407718535471041 ], [ -88.463332993380291, 16.407130730598915 ], [ -88.464156635318759, 16.406582814435893 ], [ -88.464828767143416, 16.405796085926653 ], [ -88.465804713767213, 16.404445682171456 ], [ -88.4664677299603, 16.404026136750506 ], [ -88.467340818543533, 16.404239967310147 ], [ -88.467943712319808, 16.404449086374363 ], [ -88.468459281192636, 16.404547001349993 ], [ -88.469000551392284, 16.404493330148433 ], [ -88.469479756706804, 16.404220815650174 ], [ -88.469871605285775, 16.403838222320353 ], [ -88.470383036585716, 16.403132519898968 ], [ -88.470852644572332, 16.402316597487129 ], [ -88.471298388690158, 16.401522697122846 ], [ -88.471623064709803, 16.401116109406711 ], [ -88.472036553130621, 16.400756517525402 ], [ -88.473287771412672, 16.400196370463878 ], [ -88.473945257183161, 16.400014462706437 ], [ -88.474984419484684, 16.39986332606793 ], [ -88.475483251106638, 16.399700530377174 ], [ -88.476081574135534, 16.399148820505545 ], [ -88.476478368785166, 16.398526272484929 ], [ -88.477091748324327, 16.397323495284901 ], [ -88.477686400853571, 16.395945630337156 ], [ -88.477811573324203, 16.395405126995588 ], [ -88.477723085005891, 16.394359645751237 ], [ -88.477401899173259, 16.393657383199589 ], [ -88.476921573652277, 16.392995642606884 ], [ -88.476572632594937, 16.39250916095515 ], [ -88.476315794614692, 16.391927743520103 ], [ -88.476294472594816, 16.390906249585516 ], [ -88.476195425242565, 16.389913509982946 ], [ -88.476140230469255, 16.388816906087317 ], [ -88.475894178289678, 16.38776915660738 ], [ -88.475524416979695, 16.386239782062074 ], [ -88.475565189111663, 16.385436003262189 ], [ -88.475689834298947, 16.384918029622064 ], [ -88.476294573175664, 16.384061038532835 ], [ -88.476894432366862, 16.38346539720483 ], [ -88.477608721889439, 16.382742613373523 ], [ -88.478002017048624, 16.38229465909766 ], [ -88.47825945058797, 16.381865193273047 ], [ -88.478462304676029, 16.380892474146385 ], [ -88.478564116459779, 16.380351463953602 ], [ -88.478734967411611, 16.379525690235813 ], [ -88.479024673016298, 16.378684443468924 ], [ -88.47927270137879, 16.377701425568983 ], [ -88.479515820154958, 16.37642528790489 ], [ -88.47965703462107, 16.375188655790261 ], [ -88.479649575992639, 16.374525832135685 ], [ -88.479499764545778, 16.373707807975425 ], [ -88.479246435271364, 16.372974331928791 ], [ -88.478907760133794, 16.372044051977028 ], [ -88.478524419893574, 16.371101543167327 ], [ -88.47826151875654, 16.370302498668131 ], [ -88.478153621383413, 16.369616103165558 ], [ -88.478189171249753, 16.369062397722704 ], [ -88.478440163979897, 16.368405138618396 ], [ -88.478785052471181, 16.367852452056074 ], [ -88.479241954706069, 16.367074526482693 ], [ -88.479538875668908, 16.366652660269946 ], [ -88.480297270241238, 16.365785421377048 ], [ -88.482080653807017, 16.364537879780951 ], [ -88.482568600017629, 16.364387209383167 ], [ -88.483445282556218, 16.364464650199238 ], [ -88.484548238993213, 16.364576250389476 ], [ -88.485922640084169, 16.364737624919577 ], [ -88.487492824481919, 16.364989972957702 ], [ -88.488397586726293, 16.365141252212428 ], [ -88.489015645414383, 16.365271723202152 ], [ -88.489822057662423, 16.365638392500479 ], [ -88.489584155302254, 16.364917650297329 ], [ -88.489005513729296, 16.364393582331999 ], [ -88.488329699066838, 16.364160443318923 ], [ -88.487652412655279, 16.363940795226043 ], [ -88.487140202328561, 16.363827242558738 ], [ -88.486552125655237, 16.363713189091527 ], [ -88.485796454137557, 16.363653012365464 ], [ -88.484950783836609, 16.363546946626279 ], [ -88.484362058686642, 16.363461045868718 ], [ -88.483774350680505, 16.363331214938075 ], [ -88.482840686137536, 16.363092521421837 ], [ -88.482212200138875, 16.362756700234755 ], [ -88.481807508089346, 16.361929818675897 ], [ -88.481804806841183, 16.361388808797457 ], [ -88.481968710961596, 16.360836733162806 ], [ -88.482443148620177, 16.360360070716361 ], [ -88.482936690098597, 16.359637011796401 ], [ -88.483264147518142, 16.359079428539307 ], [ -88.48345944728861, 16.358431101869385 ], [ -88.483651149708692, 16.357913428926885 ], [ -88.483938261065731, 16.357181420818023 ], [ -88.484549430744039, 16.356064182543403 ], [ -88.485025219393407, 16.354945163492896 ], [ -88.485269421871124, 16.354124325933075 ], [ -88.485649365800398, 16.353263578185178 ], [ -88.4858540772059, 16.352180432382909 ], [ -88.486097257826273, 16.35140352341924 ], [ -88.486432272740956, 16.350541808039502 ], [ -88.486994887847942, 16.349554242231022 ], [ -88.487923019317705, 16.348357004399514 ], [ -88.488526119036592, 16.347587808106088 ], [ -88.488906032407073, 16.34672704735576 ], [ -88.489203524073972, 16.345516277558513 ], [ -88.489682835915403, 16.344266578088483 ], [ -88.490014837999027, 16.343534390234041 ], [ -88.490477576120611, 16.342979683557413 ], [ -88.491395071336143, 16.342217209065797 ], [ -88.49244890895551, 16.341413696698254 ], [ -88.493830707526342, 16.340052572416241 ], [ -88.494886512732009, 16.339162305271461 ], [ -88.495977249015823, 16.338707800231088 ], [ -88.49751376010515, 16.338436379197734 ], [ -88.49992359399242, 16.338232079378876 ], [ -88.500738646297236, 16.339440744958438 ], [ -88.500644884773962, 16.346582813183414 ], [ -88.500631990425489, 16.347144913480989 ], [ -88.501063386317512, 16.347625224428999 ], [ -88.501619609621812, 16.347727278864198 ], [ -88.502296550660759, 16.347630175730021 ], [ -88.502954830799411, 16.347328685866756 ], [ -88.503564414978527, 16.347139977517458 ], [ -88.504312393257436, 16.346999307170062 ], [ -88.505033445718851, 16.347014711323922 ], [ -88.505770565556332, 16.347322353465799 ], [ -88.506774859518771, 16.348196949827507 ], [ -88.507154890965893, 16.348856477410369 ], [ -88.507974105730781, 16.349683164044542 ], [ -88.508576946652184, 16.349763657338261 ], [ -88.509646880331687, 16.349786496352959 ], [ -88.510254433825253, 16.349686761257345 ], [ -88.510932933369205, 16.349522044375643 ], [ -88.511498945611066, 16.349197141495853 ], [ -88.51204832342539, 16.348578858735653 ], [ -88.512393366366879, 16.347733065606281 ], [ -88.512499541977803, 16.347174074969583 ], [ -88.512597753573502, 16.345917288264403 ], [ -88.512914839570072, 16.345272634445607 ], [ -88.513410899577721, 16.344968773258707 ], [ -88.514364652666529, 16.344966563063139 ], [ -88.515379751742998, 16.34537026094884 ], [ -88.515952068709865, 16.345764517320596 ], [ -88.516705431927463, 16.346409448207034 ], [ -88.517393918144847, 16.346828719284023 ], [ -88.51790042661213, 16.347063785732718 ], [ -88.518992665150975, 16.347132130439554 ], [ -88.519510962338018, 16.346851266416703 ], [ -88.519963437568208, 16.346411217902876 ], [ -88.520325628979123, 16.345835126665651 ], [ -88.520619355022902, 16.345189957405847 ], [ -88.520918740065554, 16.344296960133338 ], [ -88.521290670102616, 16.343293930907599 ], [ -88.521588031816279, 16.342514717404686 ], [ -88.521880232983378, 16.341936004927774 ], [ -88.522104008540708, 16.341311883129787 ], [ -88.522658935085389, 16.340447984625516 ], [ -88.523469468904338, 16.339610932160621 ], [ -88.524275814588648, 16.338931569701689 ], [ -88.525951908625089, 16.337888627346679 ], [ -88.526772357162443, 16.337614158470874 ], [ -88.528569942118935, 16.337360441395035 ], [ -88.53002993286519, 16.33660477035399 ], [ -88.531495534195983, 16.335602384879838 ], [ -88.532775515002541, 16.334574631042795 ], [ -88.533443928761855, 16.33382467273643 ], [ -88.533641270621615, 16.333334085143285 ], [ -88.533808782609526, 16.33210239508907 ], [ -88.533895647303694, 16.331362639913028 ], [ -88.533911995649305, 16.33064393018773 ], [ -88.53392834356795, 16.329925220402131 ], [ -88.533804756478361, 16.329226085321331 ], [ -88.533236947783934, 16.328607692865436 ], [ -88.532800385073401, 16.3283516107781 ], [ -88.531927357723291, 16.327860861573672 ], [ -88.531259143120025, 16.327577323601556 ], [ -88.530546312091872, 16.327202672369342 ], [ -88.529971435502873, 16.326921111321699 ], [ -88.529443156547615, 16.326617995815344 ], [ -88.528299428750756, 16.325739424371779 ], [ -88.527596845783592, 16.324915295387676 ], [ -88.527359228830889, 16.324124703525996 ], [ -88.527303053429293, 16.323516037270032 ], [ -88.527321443985059, 16.322708340899005 ], [ -88.527364731607932, 16.321832424531102 ], [ -88.527425196196731, 16.321227360731026 ], [ -88.527540430735371, 16.320241392968168 ], [ -88.527761585909047, 16.319729901126919 ], [ -88.528324434022949, 16.319538979082548 ], [ -88.528859330980737, 16.319550329461421 ], [ -88.529437820270729, 16.319697846351222 ], [ -88.530268754438822, 16.319984837400792 ], [ -88.531331411245191, 16.320321820050658 ], [ -88.532233884546031, 16.320542696818933 ], [ -88.533045057542438, 16.320672599498817 ], [ -88.533835527846378, 16.320711894913764 ], [ -88.534978829391719, 16.320556921897836 ], [ -88.535611673667518, 16.320367462717851 ], [ -88.53629262410378, 16.320089981673565 ], [ -88.536927928603731, 16.319766451016235 ], [ -88.537490237455742, 16.319599157311895 ], [ -88.53827612947633, 16.31984008271823 ], [ -88.539582958211682, 16.321710481782215 ], [ -88.540246598505178, 16.322195637228262 ], [ -88.541085285446755, 16.322168304677017 ], [ -88.541972076961471, 16.322052949229072 ], [ -88.54255767708851, 16.321862468780097 ], [ -88.543266025542806, 16.321406340253457 ], [ -88.543902423113323, 16.321060269358515 ], [ -88.54445210498487, 16.320420450663612 ], [ -88.544700128019514, 16.319751711683914 ], [ -88.544482656889699, 16.319073131399925 ], [ -88.543867675574802, 16.318475182507331 ], [ -88.543408872609007, 16.318196114565918 ], [ -88.54262706077219, 16.317774965451584 ], [ -88.541636939037772, 16.317326867478968 ], [ -88.540923088659426, 16.31699731774312 ], [ -88.540254374776694, 16.316736343459581 ], [ -88.539304208350302, 16.316559575861731 ], [ -88.538421511836134, 16.316495810311491 ], [ -88.537750782036341, 16.316323822999809 ], [ -88.537279893973121, 16.315549712645986 ], [ -88.537394049588912, 16.314608788143712 ], [ -88.537684655989835, 16.314121290457923 ], [ -88.538020342928405, 16.313678701003081 ], [ -88.538564924955566, 16.313263074368415 ], [ -88.53954850630717, 16.31296943963385 ], [ -88.540294336644976, 16.312917596196822 ], [ -88.540833290212461, 16.312749794423834 ], [ -88.541724634327068, 16.312431657787936 ], [ -88.542358959524179, 16.312175702150896 ], [ -88.543209253682292, 16.311608736757943 ], [ -88.543830943334527, 16.310880270627298 ], [ -88.544335454256654, 16.310171869855029 ], [ -88.544370988284811, 16.309633884623086 ], [ -88.54424320124906, 16.309092447373178 ], [ -88.543856023407969, 16.307713760100874 ], [ -88.543901256425329, 16.306747697803878 ], [ -88.544007222845693, 16.306166119558196 ], [ -88.544323608314215, 16.30554390282083 ], [ -88.544918870833854, 16.304950119831215 ], [ -88.545389946815703, 16.304712114575718 ], [ -88.546021107610457, 16.304568784383108 ], [ -88.546555978732613, 16.304580078442385 ], [ -88.547246471382977, 16.304909109024251 ], [ -88.547673861791893, 16.305569577131667 ], [ -88.547964807276443, 16.306070500797755 ], [ -88.54863503729942, 16.306263853471567 ], [ -88.549170935467657, 16.306230080719292 ], [ -88.549849272441335, 16.306065191894525 ], [ -88.550457206722044, 16.30594277164662 ], [ -88.551044837569208, 16.305685797264456 ], [ -88.551608554607029, 16.305428319555144 ], [ -88.552290530776986, 16.305128249837185 ], [ -88.552997290534549, 16.304738533980338 ], [ -88.553656875822469, 16.30437036306801 ], [ -88.55441233214313, 16.303891502008309 ], [ -88.55528991726878, 16.303146967544617 ], [ -88.556052975433659, 16.302331261674723 ], [ -88.556582277904013, 16.301555711872137 ], [ -88.557113078799105, 16.300713693276013 ], [ -88.557543551460128, 16.300205431095439 ], [ -88.558422634749547, 16.299393281557588 ], [ -88.559228688979942, 16.298713714912402 ], [ -88.559793980263308, 16.298411157094709 ], [ -88.560635556045071, 16.298225990222516 ], [ -88.561356996010261, 16.298218629063413 ], [ -88.562076401423582, 16.298301386789412 ], [ -88.562675672133153, 16.29856194949334 ], [ -88.56358168155289, 16.298624960906423 ], [ -88.564700520119473, 16.298514361393014 ], [ -88.565353568906289, 16.298460464050251 ], [ -88.566167753775474, 16.298455032318504 ], [ -88.567435182558313, 16.297965456734349 ], [ -88.568327458092696, 16.297602116220542 ], [ -88.569289720625022, 16.297240241238857 ], [ -88.570792328090363, 16.296620325770199 ], [ -88.572035421990265, 16.296174162139483 ], [ -88.573351519805641, 16.295595395314397 ], [ -88.574243777962053, 16.295232024711428 ], [ -88.575687162381271, 16.295194666566182 ], [ -88.576684372815919, 16.295328282240412 ], [ -88.577632495414392, 16.295594990724016 ], [ -88.578160806371869, 16.29589798293102 ], [ -88.578571531357682, 16.296266134426006 ], [ -88.57895530556624, 16.296768977276272 ], [ -88.579423601387333, 16.297172149946078 ], [ -88.579884459575368, 16.297361012639559 ], [ -88.580408934259736, 16.297315644679813 ], [ -88.580949352147655, 16.297080126889973 ], [ -88.581589822961476, 16.296520966495429 ], [ -88.581790029297366, 16.295895105616477 ], [ -88.581788702838097, 16.294940415029281 ], [ -88.581703869722261, 16.294040330828686 ], [ -88.581394788157439, 16.293303492980613 ], [ -88.5812667394854, 16.292794739532457 ], [ -88.581029068781007, 16.291970353707768 ], [ -88.580433875999219, 16.291553260721532 ], [ -88.579819633710088, 16.291438955608683 ], [ -88.57904473672923, 16.291748460475642 ], [ -88.578340310635909, 16.292038024236565 ], [ -88.577511461751769, 16.292177324460003 ], [ -88.576697292482905, 16.29218280630338 ], [ -88.575862247096822, 16.292052593511201 ], [ -88.575380608798184, 16.291750576432435 ], [ -88.575081699732451, 16.291081574283403 ], [ -88.575255986954247, 16.290051675306437 ], [ -88.575479758157996, 16.289416171670393 ], [ -88.57577471101466, 16.288703261400155 ], [ -88.576069230212781, 16.288035425463665 ], [ -88.576257242577626, 16.287432983040283 ], [ -88.576409495746447, 16.286863606620379 ], [ -88.576676072008937, 16.286374390888486 ], [ -88.577166534428258, 16.285789555305072 ], [ -88.577515773859005, 16.285256987361851 ], [ -88.577513114401398, 16.284336086697362 ], [ -88.576809676478106, 16.284063246116503 ], [ -88.576088025155087, 16.284081940535781 ], [ -88.57548453930653, 16.28403548291805 ], [ -88.574914706836168, 16.284023541838373 ], [ -88.575189774611133, 16.284714582766057 ], [ -88.574800270551123, 16.285480738688658 ], [ -88.574230985586738, 16.285963605964046 ], [ -88.573736246110272, 16.286245151440497 ], [ -88.573123842215452, 16.286569315580405 ], [ -88.572596106204969, 16.286761125969836 ], [ -88.571710730086338, 16.286820327382095 ], [ -88.570832148337743, 16.286577603387514 ], [ -88.570439634694694, 16.285946083029959 ], [ -88.570534341858973, 16.285341694444799 ], [ -88.570779446995658, 16.284795685181269 ], [ -88.571048032180016, 16.28421748191165 ], [ -88.570479545187965, 16.28417174395376 ], [ -88.570515241302587, 16.283622469940951 ], [ -88.571083942292631, 16.28313960388105 ], [ -88.571667395324212, 16.282545462038534 ], [ -88.572017143489973, 16.281990375013098 ], [ -88.572224939910328, 16.281546146352934 ], [ -88.572889813670812, 16.278886604696417 ], [ -88.573064334978767, 16.27784543962451 ], [ -88.57315905137628, 16.276746248066321 ], [ -88.573163027562018, 16.276049783807668 ], [ -88.572953785436852, 16.275000578021491 ], [ -88.572635363537202, 16.27416210471425 ], [ -88.572255080586203, 16.273480129638632 ], [ -88.571985367416431, 16.273070976548592 ], [ -88.571822857956306, 16.272538959767875 ], [ -88.572403987484478, 16.27253986896368 ], [ -88.572901093581365, 16.272696808824765 ], [ -88.573383700225861, 16.272953756073061 ], [ -88.574014829052601, 16.273326520897267 ], [ -88.574830489511541, 16.273770779014423 ], [ -88.57581400903986, 16.274015671659487 ], [ -88.578128393313804, 16.274030312635066 ], [ -88.578670346339891, 16.274243407067587 ], [ -88.578803567689306, 16.275561529653991 ], [ -88.578775105047612, 16.276830056851665 ], [ -88.578514183817987, 16.278082448142332 ], [ -88.577714460893134, 16.279526435529526 ], [ -88.57735387370812, 16.280019318370595 ], [ -88.577197102872475, 16.280790356901285 ], [ -88.577080841240374, 16.281316534227713 ], [ -88.576834772395131, 16.281906494069272 ], [ -88.577369858062667, 16.281906428890768 ], [ -88.577777638297889, 16.281364939409453 ], [ -88.578179650178797, 16.281080309576417 ], [ -88.578549903288263, 16.28065074521751 ], [ -88.578884932932795, 16.280230585294575 ], [ -88.57970863833458, 16.27979811233725 ], [ -88.580388900476095, 16.279542967396257 ], [ -88.580931032170284, 16.279228576435152 ], [ -88.581358868565715, 16.278832896767224 ], [ -88.581605676499336, 16.278209131917681 ], [ -88.581335032004063, 16.277293890495699 ], [ -88.581148660403642, 16.276783920901138 ], [ -88.581301721490462, 16.276203278292598 ], [ -88.581719323365164, 16.275717211426283 ], [ -88.582247250906889, 16.275515228050946 ], [ -88.583062445954212, 16.275487189121161 ], [ -88.583625113591467, 16.27529720062164 ], [ -88.58411117985014, 16.274880185114089 ], [ -88.584458505209867, 16.27391023683354 ], [ -88.584924216696663, 16.273385715994284 ], [ -88.585246292470117, 16.27302162432002 ], [ -88.585329018061941, 16.272428235943956 ], [ -88.584883150544869, 16.272093185093972 ], [ -88.584069561299444, 16.272076182264431 ], [ -88.583473905473241, 16.272176441281974 ], [ -88.582972067813174, 16.27225612143878 ], [ -88.582130300924319, 16.272429005074855 ], [ -88.58135958027971, 16.272581954275211 ], [ -88.580524178488403, 16.272496855150528 ], [ -88.579812647459718, 16.272066066245657 ], [ -88.579160879286391, 16.271546360579173 ], [ -88.578651145121199, 16.271457923437303 ], [ -88.578093012155335, 16.271446243422375 ], [ -88.577524302168939, 16.271411799407431 ], [ -88.577037595556916, 16.271311443058377 ], [ -88.576332937572786, 16.271094940408648 ], [ -88.575885599859845, 16.27082633962803 ], [ -88.575710630755921, 16.27032900534725 ], [ -88.576166226860337, 16.26970961973603 ], [ -88.577154444885238, 16.269224234900484 ], [ -88.578216833999107, 16.268527372436075 ], [ -88.579624618443646, 16.267466910560987 ], [ -88.58059300164571, 16.266824422072599 ], [ -88.581018784753525, 16.266518861701293 ], [ -88.58137710585703, 16.266099178430004 ], [ -88.581736663933555, 16.26562428930001 ], [ -88.582095990803097, 16.265159541645854 ], [ -88.582376421227039, 16.264570285427872 ], [ -88.582548843186515, 16.263619224594496 ], [ -88.582642577989645, 16.263081295984733 ], [ -88.582689377864071, 16.262554785032698 ], [ -88.582929958465741, 16.261660377213165 ], [ -88.58316430544734, 16.261070155260445 ], [ -88.583421727119401, 16.26049168910599 ], [ -88.583576192443758, 16.259820900957184 ], [ -88.583761183639922, 16.258307669502994 ], [ -88.58433832558697, 16.258511332917781 ], [ -88.585029644871454, 16.259322639128175 ], [ -88.585678550575722, 16.25994370399458 ], [ -88.586285949242836, 16.260359891624368 ], [ -88.587654675740254, 16.261041063765802 ], [ -88.588673834596278, 16.261230272086912 ], [ -88.58974088604991, 16.261365246816197 ], [ -88.590427221780416, 16.261357021741595 ], [ -88.591044915070782, 16.261313546905686 ], [ -88.591547227200294, 16.261211308599712 ], [ -88.592050774382088, 16.261053867191709 ], [ -88.592486936418723, 16.260804850108393 ], [ -88.592946369488899, 16.260532644089025 ], [ -88.593797792675218, 16.259898911763194 ], [ -88.594555480790135, 16.259308304843437 ], [ -88.595336122470727, 16.25821209108717 ], [ -88.595555243528281, 16.257779330341794 ], [ -88.59571808556241, 16.257254098324438 ], [ -88.595833489042803, 16.256762818138888 ], [ -88.595889911511634, 16.255280688524117 ], [ -88.595982847419705, 16.254776543787987 ], [ -88.596233229027831, 16.253962332676039 ], [ -88.596979721885859, 16.253348935698387 ], [ -88.59750860862566, 16.253100704452429 ], [ -88.598153352008694, 16.252889822902919 ], [ -88.598712622210499, 16.252822561610351 ], [ -88.599294799884362, 16.252800860371586 ], [ -88.600667177248326, 16.252795595832854 ], [ -88.600010746581376, 16.254080401555441 ], [ -88.598809018095679, 16.255302008565796 ], [ -88.597708272938263, 16.25615488069618 ], [ -88.596895403088624, 16.257127578278066 ], [ -88.596271618465579, 16.259012678129746 ], [ -88.5960250928417, 16.260176378300564 ], [ -88.595924151331104, 16.261038782810754 ], [ -88.595664827401748, 16.261729948808707 ], [ -88.595399018230196, 16.262162862827392 ], [ -88.594907749345126, 16.26281537975305 ], [ -88.594546967461653, 16.263346627193837 ], [ -88.594098494282051, 16.264146560052076 ], [ -88.593721006020189, 16.264902882459864 ], [ -88.593499855843334, 16.265425767800139 ], [ -88.593321833598452, 16.266107350823138 ], [ -88.593117206016245, 16.266934904035477 ], [ -88.59304904824252, 16.267921972395488 ], [ -88.593071922944233, 16.268438673156616 ], [ -88.593182148578407, 16.269250247039693 ], [ -88.59318482232753, 16.270148623905403 ], [ -88.593122931792578, 16.270855168316952 ], [ -88.592981070244051, 16.271458603741184 ], [ -88.592888441039818, 16.271974021390953 ], [ -88.592800366977301, 16.272781460161241 ], [ -88.592752071901714, 16.273375576812889 ], [ -88.592767588175349, 16.274769025927259 ], [ -88.592673801681556, 16.27844037341443 ], [ -88.592668247801157, 16.279731941201593 ], [ -88.592744479760213, 16.280497724396117 ], [ -88.592741322033277, 16.281160408068793 ], [ -88.592563695807442, 16.281796907636103 ], [ -88.592035844758357, 16.282516266113742 ], [ -88.591251046988347, 16.282774901580282 ], [ -88.590603170890958, 16.2831209265781 ], [ -88.589868441226244, 16.283723244774077 ], [ -88.589391502972902, 16.28425317349641 ], [ -88.588850119624922, 16.284533788993642 ], [ -88.588174609420548, 16.284576030988276 ], [ -88.587212348061428, 16.284420669278123 ], [ -88.586366965293763, 16.284257600614289 ], [ -88.585803159434931, 16.283976434573631 ], [ -88.585299702054186, 16.283606358975373 ], [ -88.585079157970526, 16.283084402899348 ], [ -88.58524054924591, 16.282626787279945 ], [ -88.586082030981487, 16.282442622777474 ], [ -88.586780608714392, 16.282412140132621 ], [ -88.587111259731799, 16.281666135163398 ], [ -88.586901514656503, 16.281156802273326 ], [ -88.586647462969424, 16.280567647081252 ], [ -88.586154942755726, 16.280230490272441 ], [ -88.585632505977387, 16.280186884543216 ], [ -88.585035078737846, 16.28036487777462 ], [ -88.584196455800694, 16.280942461015808 ], [ -88.583769378770882, 16.281304351448831 ], [ -88.583424204784848, 16.28165668237439 ], [ -88.583069202746799, 16.282447254958797 ], [ -88.582995518286566, 16.283130996697626 ], [ -88.58228502194973, 16.283172490219069 ], [ -88.581781412177207, 16.283329893089718 ], [ -88.581179427424516, 16.283710658329984 ], [ -88.580632746810153, 16.283733030117826 ], [ -88.57988096011465, 16.284054298418486 ], [ -88.579312895497964, 16.283963507991178 ], [ -88.578790227366426, 16.2839300231499 ], [ -88.578385449001416, 16.284337449086877 ], [ -88.578723383922394, 16.284828055656231 ], [ -88.578441381019118, 16.285484888741305 ], [ -88.578267700394321, 16.285969288995123 ], [ -88.577783539682784, 16.286273611601043 ], [ -88.577630756445387, 16.286866648433108 ], [ -88.577840477178015, 16.287375986514771 ], [ -88.578471833718737, 16.287221271281318 ], [ -88.578888282050514, 16.286814089183927 ], [ -88.579216691700879, 16.286169499120057 ], [ -88.579567583940531, 16.286602894172521 ], [ -88.57988193979925, 16.287104276139281 ], [ -88.580409986494018, 16.287418522305398 ], [ -88.581288825302011, 16.287651069539884 ], [ -88.582072674577176, 16.287981938496568 ], [ -88.584853122985265, 16.289522264482716 ], [ -88.585708647948053, 16.289754308871856 ], [ -88.586496810387459, 16.289893646859152 ], [ -88.587256265069726, 16.290246531994491 ], [ -88.587572490991349, 16.290691592411903 ], [ -88.587640992983651, 16.291254329245834 ], [ -88.587110493025136, 16.291568975702909 ], [ -88.586395671946903, 16.291801994245905 ], [ -88.585784774726889, 16.292058598822454 ], [ -88.585363371603748, 16.292712530914972 ], [ -88.585114016045395, 16.293448955905639 ], [ -88.584966388274111, 16.294332907014244 ], [ -88.585185926371423, 16.294899929405332 ], [ -88.585488996464079, 16.295411218286837 ], [ -88.586051488710382, 16.295726178047261 ], [ -88.586568407434541, 16.296017642706932 ], [ -88.587127768570014, 16.29701894938513 ], [ -88.587179142808381, 16.297850710569016 ], [ -88.587051138679868, 16.298354109715387 ], [ -88.586783828994982, 16.298876008612705 ], [ -88.586791292680019, 16.299583994595579 ], [ -88.587172417787443, 16.300232169302447 ], [ -88.587866764958235, 16.300393217722064 ], [ -88.588414078738907, 16.300370850030401 ], [ -88.588977503203566, 16.300124520755951 ], [ -88.589808262669905, 16.299927735801841 ], [ -88.590467615046066, 16.30008804473874 ], [ -88.590628185183007, 16.300709062023039 ], [ -88.590565917221042, 16.30140432318796 ], [ -88.590344690301592, 16.301927191809433 ], [ -88.590157171922428, 16.302508246194854 ], [ -88.590142826516526, 16.303148151022338 ], [ -88.59036273764049, 16.303725326798897 ], [ -88.590828727731747, 16.304207332705595 ], [ -88.591406785000046, 16.304376084939076 ], [ -88.592115849269675, 16.304402176222968 ], [ -88.592951652573149, 16.304475997273148 ], [ -88.593376363185357, 16.30474298350525 ], [ -88.593760017610819, 16.30527961972729 ], [ -88.593802420779866, 16.305965799234517 ], [ -88.593693820280834, 16.306671364573791 ], [ -88.593631553157081, 16.307366626267523 ], [ -88.593504666172791, 16.307846386931811 ], [ -88.592808090139002, 16.308304092916423 ], [ -88.592741774734932, 16.307617417645851 ], [ -88.592288450798748, 16.307090591869375 ], [ -88.591688061475097, 16.306876287430242 ], [ -88.591140980317959, 16.306887393055707 ], [ -88.590647201663998, 16.307123908927323 ], [ -88.590058325706821, 16.307437333533393 ], [ -88.589585353133927, 16.307786994256407 ], [ -88.58916408929305, 16.308407115920488 ], [ -88.58900905453207, 16.309100431215288 ], [ -88.588832934639257, 16.309692994402337 ], [ -88.587959362750595, 16.309741217593565 ], [ -88.587285535368537, 16.309704573428668 ], [ -88.586291611484413, 16.310018524379423 ], [ -88.585842712702444, 16.310231168804776 ], [ -88.585691963842606, 16.310732960846956 ], [ -88.585816761047795, 16.31138704712415 ], [ -88.585852577266238, 16.311871328371907 ], [ -88.585693652375937, 16.312711082642881 ], [ -88.585951085748363, 16.313176336215399 ], [ -88.586571451484929, 16.313515061181235 ], [ -88.587075479198532, 16.313862621926475 ], [ -88.587452518014246, 16.314173707238218 ], [ -88.587638663283215, 16.314694948981522 ], [ -88.588076119039201, 16.315434479396696 ], [ -88.588237441329213, 16.316021702213888 ], [ -88.588292497745925, 16.316663057878852 ], [ -88.588429220388051, 16.31730612241417 ], [ -88.588623016581963, 16.318006739408656 ], [ -88.588831994354635, 16.31855100107148 ], [ -88.589196364243861, 16.318906908668836 ], [ -88.589726021706028, 16.319153561159716 ], [ -88.59039887189509, 16.319235267372544 ], [ -88.590910732685899, 16.319234704727069 ], [ -88.591493357854162, 16.319201809893642 ], [ -88.591985904074463, 16.319021627764226 ], [ -88.59247588025336, 16.318435628019103 ], [ -88.592685970052983, 16.317889983849103 ], [ -88.592885148057732, 16.317310299674684 ], [ -88.593281099444184, 16.316778685924952 ], [ -88.593996244669654, 16.316535523739159 ], [ -88.594496182795993, 16.316545973163901 ], [ -88.595289995226054, 16.316438580736264 ], [ -88.595937992555989, 16.316587375554075 ], [ -88.595945976487982, 16.317272837057534 ], [ -88.595792466240013, 16.31789856640982 ], [ -88.59558086910863, 16.31851180941694 ], [ -88.595591602483253, 16.319074471491071 ], [ -88.59597598779645, 16.319553642476631 ], [ -88.596622559107786, 16.319792579183073 ], [ -88.59714435385915, 16.319869982286701 ], [ -88.597672154420565, 16.319679252584798 ], [ -88.598401248651456, 16.319334926598582 ], [ -88.59910414784413, 16.318596681315288 ], [ -88.599431205369456, 16.31749215897139 ], [ -88.599756120472691, 16.316509318644847 ], [ -88.599921582516288, 16.314827710174647 ], [ -88.600609602195391, 16.314753027462377 ], [ -88.601179038514331, 16.314787451721372 ], [ -88.601661187140138, 16.314549543527594 ], [ -88.601753533170466, 16.315091368337168 ], [ -88.601612465934551, 16.315683551991629 ], [ -88.601557330128657, 16.317625581951997 ], [ -88.601541242136094, 16.318344359655612 ], [ -88.601608339511117, 16.318997242508388 ], [ -88.601711341740994, 16.319584375358556 ], [ -88.601814623874787, 16.320159116785792 ], [ -88.601994651718172, 16.321477113930918 ], [ -88.601702478161116, 16.322066142871584 ], [ -88.601446211857308, 16.322589419558838 ], [ -88.601376147476316, 16.32313799711941 ], [ -88.601689847188553, 16.323673173959687 ], [ -88.602337398894477, 16.323843361360638 ], [ -88.60313323398735, 16.323646941357012 ], [ -88.603653160099114, 16.323286964024359 ], [ -88.60402349803104, 16.322856232986876 ], [ -88.604468778500021, 16.322180221654424 ], [ -88.604635702428965, 16.321475860058591 ], [ -88.604681995883737, 16.320971869049199 ], [ -88.605193872554395, 16.320971273186199 ], [ -88.605662283356736, 16.321374413043671 ], [ -88.60619046591853, 16.321688626853529 ], [ -88.606139387851925, 16.322406678507601 ], [ -88.605862340226722, 16.322815688369374 ], [ -88.60537954035712, 16.323603635167625 ], [ -88.605066280512389, 16.324091915594241 ], [ -88.604911698152151, 16.324740175934167 ], [ -88.605064004596045, 16.325237040020557 ], [ -88.605509511313556, 16.325594619432408 ], [ -88.60510088887041, 16.32617108106151 ], [ -88.604800324003236, 16.32661341218758 ], [ -88.604600153031001, 16.327238181067241 ], [ -88.60436671459199, 16.327784479245441 ], [ -88.60425912605983, 16.32844498993995 ], [ -88.603953433908259, 16.329090097547734 ], [ -88.60352333004731, 16.3296086210098 ], [ -88.603116454172692, 16.330106212363454 ], [ -88.602697770732703, 16.331131056258148 ], [ -88.602427653177742, 16.331776898871009 ], [ -88.601931320489811, 16.332619776741787 ], [ -88.601709028586001, 16.333188845436723 ], [ -88.601638448370011, 16.333759955973473 ], [ -88.601407263325115, 16.33420485323904 ], [ -88.601054553169064, 16.33541028230319 ], [ -88.600893119472715, 16.335867906984628 ], [ -88.600592273612946, 16.33681630326468 ], [ -88.600551816314606, 16.337579654457123 ], [ -88.600892142335923, 16.337968863841468 ], [ -88.601494153844669, 16.33811557030117 ], [ -88.602211652806872, 16.337771003120462 ], [ -88.60276988497553, 16.337266435300233 ], [ -88.603237289232638, 16.336647253155558 ], [ -88.603575006711807, 16.336136949934655 ], [ -88.603933178016547, 16.335729641840082 ], [ -88.604537514843969, 16.335224900967042 ], [ -88.605134864069683, 16.335058154263926 ], [ -88.605638985096462, 16.335405691059083 ], [ -88.605905553018019, 16.335961297792149 ], [ -88.606432627561432, 16.336848084382385 ], [ -88.607292016826847, 16.337439732855223 ], [ -88.607907694611953, 16.337497661546461 ], [ -88.608462410726077, 16.337149673264108 ], [ -88.608568258539279, 16.336566895862788 ], [ -88.60825163151145, 16.335639415573457 ], [ -88.607975151256426, 16.335004703327762 ], [ -88.607753683961178, 16.334493997442564 ], [ -88.607463520951882, 16.333949170078835 ], [ -88.607106626556671, 16.333256422016504 ], [ -88.606684108133706, 16.332888049745996 ], [ -88.606179234132071, 16.33257431661238 ], [ -88.606015863381629, 16.332076094115234 ], [ -88.60639962557913, 16.331567871266593 ], [ -88.60696649740045, 16.331197593461376 ], [ -88.607834312463609, 16.330889950608043 ], [ -88.608456496402169, 16.330656079616904 ], [ -88.608991500859332, 16.329622370663166 ], [ -88.609258847573457, 16.329099313454908 ], [ -88.609665932494025, 16.328591566820119 ], [ -88.610117942922201, 16.329207389715332 ], [ -88.610116988969182, 16.329746146706942 ], [ -88.610193256804678, 16.330511941767419 ], [ -88.610486170663208, 16.330933962898225 ], [ -88.611154579261225, 16.331217279704653 ], [ -88.611645492565955, 16.331137338322428 ], [ -88.612237348852972, 16.330667248037742 ], [ -88.612457846279355, 16.330177023454407 ], [ -88.612551305252182, 16.329651464905528 ], [ -88.612622353872567, 16.329057810360954 ], [ -88.612676437063911, 16.328204557957104 ], [ -88.612781057658964, 16.327701775589784 ], [ -88.613036723661622, 16.327178465063717 ], [ -88.613791053382997, 16.327273073712128 ], [ -88.614518803627817, 16.327512529301423 ], [ -88.615054793085818, 16.327478600750613 ], [ -88.615728458158387, 16.327526436554027 ], [ -88.616183982150091, 16.327985649263169 ], [ -88.61664118920315, 16.328343456606305 ], [ -88.617476021700313, 16.328989779201482 ], [ -88.61792491410138, 16.329223420835056 ], [ -88.618442705539735, 16.329482167826164 ], [ -88.619195238313026, 16.329631951956291 ], [ -88.619689393803299, 16.329406651623625 ], [ -88.61972692429211, 16.328744663621599 ], [ -88.619574681013418, 16.32826921808924 ], [ -88.619153318103884, 16.327350840709666 ], [ -88.618555453284856, 16.326495294706103 ], [ -88.617921044220282, 16.326257794037385 ], [ -88.617230557392276, 16.32591768227519 ], [ -88.616901871896985, 16.325528739904701 ], [ -88.616782726334378, 16.324616648053265 ], [ -88.616760015886825, 16.324064995662383 ], [ -88.616574763682607, 16.323499819357611 ], [ -88.616020703966072, 16.323297804637342 ], [ -88.615136360046364, 16.323301945022681 ], [ -88.614421192342817, 16.32354517966715 ], [ -88.613702883178689, 16.323406239713474 ], [ -88.613041912353083, 16.32331357814147 ], [ -88.612264991467953, 16.323185814949788 ], [ -88.611651077800616, 16.322554224742564 ], [ -88.611172681737813, 16.321578295376117 ], [ -88.61074628130676, 16.320861566556708 ], [ -88.61017052599162, 16.320063951382181 ], [ -88.609628680985452, 16.319838506660894 ], [ -88.608947385616815, 16.319611281946891 ], [ -88.608403780889475, 16.319464698497107 ], [ -88.607863254971647, 16.319206589376048 ], [ -88.608153894553411, 16.318685143836021 ], [ -88.608750962644805, 16.318528513520654 ], [ -88.61012093240663, 16.318129865272201 ], [ -88.61028531308952, 16.317538156182433 ], [ -88.61010951104565, 16.317073489165864 ], [ -88.608813112049802, 16.316765826199209 ], [ -88.608106729877107, 16.316616978588193 ], [ -88.607459216284283, 16.316445688019517 ], [ -88.60682737382848, 16.316095502673488 ], [ -88.606391957860893, 16.31578322771448 ], [ -88.60588550503158, 16.315019740071026 ], [ -88.605342662698803, 16.313795620689394 ], [ -88.604909348973678, 16.313415759667805 ], [ -88.604599907814205, 16.31269019264554 ], [ -88.604578456591582, 16.312083343627556 ], [ -88.604463272185527, 16.311518501271376 ], [ -88.604265388095556, 16.310998146853962 ], [ -88.603974019189209, 16.310508528256769 ], [ -88.603566713124607, 16.309983807767065 ], [ -88.603950449063149, 16.3094744508719 ], [ -88.604504679423059, 16.309666346102613 ], [ -88.60512145029351, 16.309645388299636 ], [ -88.605603808511034, 16.309397327644852 ], [ -88.605951861101119, 16.308943580455043 ], [ -88.606644784291248, 16.309171046408768 ], [ -88.606996760737147, 16.309560482345958 ], [ -88.607684654500048, 16.310013269925911 ], [ -88.608182065165096, 16.310136344942308 ], [ -88.608907734991234, 16.310465931470112 ], [ -88.609438414767936, 16.310667471575432 ], [ -88.609957431552957, 16.310868765128184 ], [ -88.610580089907302, 16.311107157666541 ], [ -88.611473527702145, 16.311215928574097 ], [ -88.612244743032207, 16.311074178518144 ], [ -88.612779300332306, 16.310579211617714 ], [ -88.612945169923449, 16.309919899266575 ], [ -88.613106767343339, 16.309452111160379 ], [ -88.614041986963485, 16.30925740693052 ], [ -88.614381141318034, 16.308652417916381 ], [ -88.614231151784637, 16.308076704708824 ], [ -88.61379693838569, 16.307213293733938 ], [ -88.613535031290496, 16.306422223854188 ], [ -88.613306724660518, 16.305720894195321 ], [ -88.612689750048901, 16.305201969782374 ], [ -88.612007490626169, 16.30501983207639 ], [ -88.611344065000253, 16.305039843287684 ], [ -88.610684329402247, 16.304868315642242 ], [ -88.609872086012089, 16.304783782089793 ], [ -88.609260506069873, 16.304546748761819 ], [ -88.608732436074717, 16.304255095540139 ], [ -88.608568730483299, 16.303745599638262 ], [ -88.609017911934885, 16.303440477724635 ], [ -88.609549935790369, 16.303058178071584 ], [ -88.610482455344368, 16.302459909594464 ], [ -88.610581087049425, 16.301675212779585 ], [ -88.610570855515391, 16.301113681266735 ], [ -88.610524285683766, 16.300585206987595 ], [ -88.609930918754799, 16.300055499361029 ], [ -88.609443031715585, 16.29950656982183 ], [ -88.60943749702443, 16.298708436529971 ], [ -88.609783804618658, 16.298305361434021 ], [ -88.610185801891518, 16.298021793631257 ], [ -88.610610630199687, 16.297761244900585 ], [ -88.610990298995446, 16.297432124089216 ], [ -88.611501571390676, 16.296409162137984 ], [ -88.611767588511952, 16.295942421543195 ], [ -88.611952499167089, 16.295475116760599 ], [ -88.612344830312097, 16.295101171649964 ], [ -88.612886895801779, 16.295314200733632 ], [ -88.613495946440338, 16.295663881470926 ], [ -88.614097995594349, 16.29577783833707 ], [ -88.614533141547767, 16.296101357171395 ], [ -88.614299059374048, 16.296680355783849 ], [ -88.614706105555243, 16.297217452459694 ], [ -88.615387842467172, 16.29742210765669 ], [ -88.615898911249232, 16.297455268776694 ], [ -88.616598567937572, 16.297379633734852 ], [ -88.617498202177288, 16.297207830626096 ], [ -88.618161856387928, 16.29717652840052 ], [ -88.619118592158557, 16.297061133991914 ], [ -88.619982727660016, 16.296911126104519 ], [ -88.620903461022408, 16.296840064720392 ], [ -88.621845023036485, 16.296882145710136 ], [ -88.62238307866707, 16.29672536115411 ], [ -88.622916649766807, 16.296297962563937 ], [ -88.623817953501032, 16.296024720679032 ], [ -88.624475532204983, 16.295767837649606 ], [ -88.624515572994525, 16.295016848089286 ], [ -88.624450639610401, 16.294262557310077 ], [ -88.625324700184464, 16.294190502814025 ], [ -88.626063527316902, 16.294452666829045 ], [ -88.626653758487464, 16.294600157735665 ], [ -88.627291821989274, 16.294669739335642 ], [ -88.627861974980036, 16.294670280299513 ], [ -88.6286531238908, 16.294652854107643 ], [ -88.629224029205929, 16.294619591817224 ], [ -88.629947763569447, 16.294510591645604 ], [ -88.630931804081683, 16.294216482986968 ], [ -88.631893426280087, 16.293854276898532 ], [ -88.638994931941667, 16.291519080351183 ], [ -88.640179193340686, 16.291116341293826 ], [ -88.640858973957563, 16.290883527140426 ], [ -88.641661120726681, 16.290922636265336 ], [ -88.642310383500075, 16.291013815362078 ], [ -88.642769305665738, 16.291293815594305 ], [ -88.643224125238945, 16.291785640300716 ], [ -88.643860203779255, 16.292472828751986 ], [ -88.644346452076419, 16.293100565366643 ], [ -88.644603005241478, 16.293611968174737 ], [ -88.644800169921169, 16.294143562553522 ], [ -88.644732197813056, 16.2951318335896 ], [ -88.644562987883845, 16.29594780910292 ], [ -88.644151574856608, 16.296658463821714 ], [ -88.643750542757417, 16.298481869285723 ], [ -88.643724956198724, 16.299110312690939 ], [ -88.64384128502688, 16.299628966302592 ], [ -88.644346421212063, 16.299931338832643 ], [ -88.644974186861646, 16.299966840351118 ], [ -88.645633883457847, 16.299588196310452 ], [ -88.646141763292675, 16.299239101995951 ], [ -88.646845428696324, 16.298983093944454 ], [ -88.647403194782456, 16.299017146566488 ], [ -88.648036423654091, 16.299333423537593 ], [ -88.648950878580052, 16.29952136229063 ], [ -88.649511137197507, 16.299442741356252 ], [ -88.65024306628834, 16.29896411868296 ], [ -88.650661675631824, 16.298455363731822 ], [ -88.651124374066328, 16.298037692114249 ], [ -88.651673943576753, 16.297386225332311 ], [ -88.652593425656946, 16.296316295208651 ], [ -88.653397602009164, 16.295736572264783 ], [ -88.65343457030103, 16.295119625373559 ], [ -88.652835600613074, 16.294309231323258 ], [ -88.652393497037707, 16.293795136860552 ], [ -88.651997502863196, 16.293280866583757 ], [ -88.651602233266885, 16.292733920250882 ], [ -88.651334076139591, 16.292244828056848 ], [ -88.651416137107645, 16.291673900662371 ], [ -88.651868229585801, 16.291233461937352 ], [ -88.652723891530187, 16.29040906721691 ], [ -88.654139549946052, 16.289516165556638 ], [ -88.654772740179425, 16.289304884701938 ], [ -88.65528108295689, 16.289461884300486 ], [ -88.65583886031294, 16.290023439250589 ], [ -88.65759825121097, 16.29201421664354 ], [ -88.658880713123139, 16.293456371688933 ], [ -88.659482943650247, 16.294120285435579 ], [ -88.659991593588941, 16.294793545067467 ], [ -88.660919020990036, 16.295981533380189 ], [ -88.662324430725022, 16.29767306588052 ], [ -88.662878525909022, 16.298403618543141 ], [ -88.663177523659712, 16.299083839184405 ], [ -88.663133899054301, 16.300003876736319 ], [ -88.663343844104304, 16.300514311933664 ], [ -88.663757011655207, 16.300780934382122 ], [ -88.664588455946102, 16.301056155244179 ], [ -88.665092396390747, 16.301414820483167 ], [ -88.665824389713706, 16.301992343041999 ], [ -88.666313715883504, 16.302484844022356 ], [ -88.666756684885669, 16.302988792282772 ], [ -88.667582738827505, 16.304039420390069 ], [ -88.668195367731514, 16.304737350598067 ], [ -88.668631144539361, 16.305038250512034 ], [ -88.669410951541678, 16.305009173484592 ], [ -88.670041487440471, 16.304920668446787 ], [ -88.670551625171186, 16.304998772725888 ], [ -88.671163214244501, 16.305214227494723 ], [ -88.671065831671129, 16.305952815384725 ], [ -88.670406897183852, 16.306827541230721 ], [ -88.669541710572474, 16.308056486998311 ], [ -88.669045775529838, 16.308923279984278 ], [ -88.668696214193361, 16.309477455721851 ], [ -88.668413842276635, 16.31013446140971 ], [ -88.668409424565624, 16.310864810295573 ], [ -88.668651190916975, 16.311521309326061 ], [ -88.669192403618254, 16.311779287784123 ], [ -88.669087169641998, 16.312317064843334 ], [ -88.668517184308797, 16.312305356080667 ], [ -88.667927874193595, 16.311607901007314 ], [ -88.667464840631737, 16.31098067003343 ], [ -88.667126621250375, 16.310490144480863 ], [ -88.666661520960929, 16.309930502394696 ], [ -88.665975924912019, 16.309365204596279 ], [ -88.665513647654834, 16.308704170983276 ], [ -88.6651732012011, 16.308315047612048 ], [ -88.664611402366205, 16.307932643648883 ], [ -88.662992281692837, 16.30907391073039 ], [ -88.662207688335982, 16.309822021926148 ], [ -88.661380234934697, 16.310422711732418 ], [ -88.660801335208063, 16.310815466955855 ], [ -88.660067628677623, 16.311372989632282 ], [ -88.659616820096261, 16.311779649785834 ], [ -88.65927143550509, 16.312143392061667 ], [ -88.658913881452705, 16.312529426482659 ], [ -88.658577113037282, 16.31300493633919 ], [ -88.658444146987875, 16.313766446468442 ], [ -88.658201690954371, 16.314199935107492 ], [ -88.658080661974736, 16.314949291007345 ], [ -88.658008410255192, 16.315577910444574 ], [ -88.657997508246268, 16.316071403065262 ], [ -88.658195776770157, 16.316581602943874 ], [ -88.658185123450309, 16.31706382825973 ], [ -88.657508727987562, 16.317667604302724 ], [ -88.657032982302923, 16.318118829813709 ], [ -88.656834311851057, 16.318709899839924 ], [ -88.656304455069645, 16.321080765221794 ], [ -88.655979400822872, 16.322107711033141 ], [ -88.655837455413092, 16.322746164123448 ], [ -88.655545338614559, 16.323312761553009 ], [ -88.655196954700244, 16.323810564058501 ], [ -88.654753785784933, 16.324397717039076 ], [ -88.654192459098539, 16.325048934129896 ], [ -88.653971341290912, 16.325571902913808 ], [ -88.653959150433778, 16.326122853752697 ], [ -88.65402932824172, 16.326618013528126 ], [ -88.654459631822206, 16.327166820216039 ], [ -88.654973302089161, 16.327614771179345 ], [ -88.655101552983325, 16.328123530348414 ], [ -88.655102553984037, 16.328605993502137 ], [ -88.655097570153316, 16.329358863037125 ], [ -88.65509283667464, 16.330100464354373 ], [ -88.655507514896385, 16.330828174104617 ], [ -88.656094092800515, 16.331120946161811 ], [ -88.65646980406413, 16.3314995433938 ], [ -88.65692338000008, 16.332553816268568 ], [ -88.65700629494188, 16.333555358006695 ], [ -88.657208435959618, 16.335975125101623 ], [ -88.657269489452688, 16.337964774677491 ], [ -88.657022272555821, 16.338611200443719 ], [ -88.65656955271848, 16.339074160094082 ], [ -88.655856805225639, 16.339733522432439 ], [ -88.654827899185648, 16.340487802697517 ], [ -88.653216997881003, 16.341768862006081 ], [ -88.652682433065792, 16.342262806987474 ], [ -88.652310883010344, 16.342749975085031 ], [ -88.651892388274916, 16.343774969000908 ], [ -88.6519487223445, 16.344393839193518 ], [ -88.65224075599734, 16.344860895723208 ], [ -88.653055289383317, 16.345405250053101 ], [ -88.653591225950962, 16.345877343051988 ], [ -88.653554541505855, 16.346505562900159 ], [ -88.652877925524024, 16.347086748380779 ], [ -88.652160305333396, 16.347437136809592 ], [ -88.649568051866154, 16.348900765713868 ], [ -88.649117038805997, 16.349284831529189 ], [ -88.648790666974136, 16.349839425143223 ], [ -88.648763550336867, 16.350535469360192 ], [ -88.649175028555106, 16.350881010874151 ], [ -88.649760144657193, 16.351241412905544 ], [ -88.650382107894302, 16.351546216335553 ], [ -88.651238031063997, 16.351778077112574 ], [ -88.651933183328197, 16.351915309325769 ], [ -88.65268491252381, 16.352133740802454 ], [ -88.653338587643844, 16.352562056881478 ], [ -88.653967651438222, 16.35304734828075 ], [ -88.654622142656564, 16.353465534223602 ], [ -88.655347572982407, 16.353817551358574 ], [ -88.656020121865637, 16.353921615813832 ], [ -88.65652069288916, 16.353909408414193 ], [ -88.657165219857504, 16.353697274129875 ], [ -88.659434467301054, 16.352137837594466 ], [ -88.660283231532858, 16.351639086549138 ], [ -88.660835466837611, 16.351402492077039 ], [ -88.66145711887485, 16.351168453133532 ], [ -88.662311424386388, 16.350973024177524 ], [ -88.663232612456014, 16.350868019610559 ], [ -88.664151647843312, 16.350886960967326 ], [ -88.665175716810893, 16.350908062375183 ], [ -88.666034907706859, 16.350993397544435 ], [ -88.66673975718453, 16.351220957415372 ], [ -88.667281808650174, 16.351445164913628 ], [ -88.66789626174463, 16.3515367235089 ], [ -88.668630406013961, 16.351495478825086 ], [ -88.669721159896923, 16.35111438448526 ], [ -88.67039371445486, 16.350689738579028 ], [ -88.670870193165726, 16.350182147396993 ], [ -88.671630884502378, 16.349996024115384 ], [ -88.672328522528176, 16.35002164712666 ], [ -88.673291262297795, 16.350176712779646 ], [ -88.673795078633063, 16.350546657218199 ], [ -88.673963153657809, 16.351369604314545 ], [ -88.674718917962878, 16.351936357761527 ], [ -88.675410876679081, 16.352219988514861 ], [ -88.675955198688158, 16.352871442377282 ], [ -88.676459775088503, 16.353207582112478 ], [ -88.67703727040923, 16.353387407423387 ], [ -88.67783747840727, 16.353527844842358 ], [ -88.678647780731239, 16.353713575803543 ], [ -88.679331064098633, 16.353861750411351 ], [ -88.680012832199367, 16.354078655576703 ], [ -88.68040129543914, 16.354412401396967 ], [ -88.681169782835568, 16.35493318208939 ], [ -88.68375380944731, 16.354901676598477 ], [ -88.68433560094347, 16.354913613641646 ], [ -88.685146170590414, 16.355088055165375 ], [ -88.685996337433309, 16.355293741559564 ], [ -88.68683794948177, 16.355437250820405 ], [ -88.687717512404973, 16.355129510539033 ], [ -88.688212853061515, 16.354825164202285 ], [ -88.688402398316171, 16.354143683864301 ], [ -88.688203707370704, 16.353117201904045 ], [ -88.687683917439841, 16.352409913574817 ], [ -88.686743008393549, 16.351817985702812 ], [ -88.685812721463776, 16.351247690061665 ], [ -88.683658321392585, 16.350248733723031 ], [ -88.683118811627594, 16.349934439453016 ], [ -88.682556123342437, 16.349585849826596 ], [ -88.681847737863777, 16.348987406311618 ], [ -88.681251780418023, 16.348559226716201 ], [ -88.680637813556942, 16.348445172442727 ], [ -88.68001035728463, 16.348387204140987 ], [ -88.679336304633878, 16.348350819490935 ], [ -88.678708689480757, 16.348326659196807 ], [ -88.677707955464314, 16.348306105697631 ], [ -88.676406293228453, 16.34824554938443 ], [ -88.675735364495623, 16.348041261949039 ], [ -88.675397575335779, 16.347528195375045 ], [ -88.675022518468751, 16.347116940791086 ], [ -88.67456193156255, 16.346904572258286 ], [ -88.674052180135391, 16.346803917546261 ], [ -88.673529492957201, 16.346760482877276 ], [ -88.672533831974988, 16.346537109736314 ], [ -88.672004945300316, 16.346245555229892 ], [ -88.671344235251468, 16.346107973119235 ], [ -88.669738515398095, 16.346097484477781 ], [ -88.667549390854376, 16.34617642479316 ], [ -88.665335873928981, 16.346276254050334 ], [ -88.664413872778795, 16.34639252876725 ], [ -88.663710053431871, 16.346647431097914 ], [ -88.66318192025112, 16.346850718263646 ], [ -88.662527517576464, 16.346982642890357 ], [ -88.661851247555276, 16.347047607988856 ], [ -88.661120862412318, 16.346919829356434 ], [ -88.660674102550445, 16.346584853183074 ], [ -88.660423982586934, 16.34580530307176 ], [ -88.660366898467998, 16.345219104339797 ], [ -88.660538386007445, 16.344301712938751 ], [ -88.661020656502174, 16.343558679211537 ], [ -88.661830654382086, 16.343227067772009 ], [ -88.66359042976481, 16.342577983319082 ], [ -88.664404960977635, 16.342067225333874 ], [ -88.665043971572544, 16.341574266167825 ], [ -88.665749574816772, 16.340735492931792 ], [ -88.666229990709198, 16.340048764927566 ], [ -88.666657114966981, 16.339158037120445 ], [ -88.667036531912316, 16.337783878260144 ], [ -88.667343687756514, 16.336509679125324 ], [ -88.667575459305866, 16.335503333735076 ], [ -88.667726048867877, 16.335001437594325 ], [ -88.668154901630871, 16.334560500335293 ], [ -88.668777731340967, 16.334270087252133 ], [ -88.669448019411604, 16.334474373864033 ], [ -88.669999965357803, 16.334777674244318 ], [ -88.670389042264787, 16.334022542933614 ], [ -88.670347876319468, 16.333268714656079 ], [ -88.670505410867733, 16.332451335286997 ], [ -88.67100713730953, 16.331855202808477 ], [ -88.671585802304449, 16.330946153605797 ], [ -88.671853253674527, 16.330411709325091 ], [ -88.672030888944022, 16.329741278904955 ], [ -88.672151503412053, 16.329035860723426 ], [ -88.672031600553964, 16.328146271529128 ], [ -88.671362248386117, 16.326840719157662 ], [ -88.671103358427985, 16.326430728228015 ], [ -88.670775288976216, 16.326008040263357 ], [ -88.670244199533428, 16.325289231112396 ], [ -88.669682844209021, 16.324884294236362 ], [ -88.668917356243071, 16.324789657111477 ], [ -88.668443059583325, 16.324645767735678 ], [ -88.667880306674064, 16.324330975145418 ], [ -88.667387891748348, 16.323949996136971 ], [ -88.66682961698038, 16.323432395800783 ], [ -88.666407965438651, 16.323019052144669 ], [ -88.665929027594018, 16.322583113612076 ], [ -88.66529344201345, 16.321839604917344 ], [ -88.664879563330231, 16.321100654217609 ], [ -88.664705358831881, 16.320557136840467 ], [ -88.664711015537634, 16.319771583344398 ], [ -88.665265361162227, 16.319434676217195 ], [ -88.666883019115744, 16.319422851754052 ], [ -88.667618531790851, 16.319313976894225 ], [ -88.668193391247925, 16.319078931850971 ], [ -88.66886342390454, 16.318789480607144 ], [ -88.669390477936162, 16.318631228199234 ], [ -88.670226449840442, 16.318704762702374 ], [ -88.670876337004387, 16.319303141250966 ], [ -88.671181421433289, 16.319735499249941 ], [ -88.671831563610169, 16.320322608949205 ], [ -88.671748445618874, 16.320916075457539 ], [ -88.671333047311492, 16.321278399254837 ], [ -88.67093588000769, 16.321899230365492 ], [ -88.670686255288444, 16.322658360907695 ], [ -88.670570202252549, 16.323183517134449 ], [ -88.670558060488418, 16.323734480149533 ], [ -88.670750617824353, 16.324479019372937 ], [ -88.67140532671911, 16.324885871922014 ], [ -88.671993138447689, 16.325123392669287 ], [ -88.672605395976078, 16.325337740691321 ], [ -88.673287803991613, 16.325520840744311 ], [ -88.673811405280048, 16.32552031990409 ], [ -88.674359830518597, 16.325452674344749 ], [ -88.675043449445937, 16.325050761304642 ], [ -88.675570211008164, 16.324376217835514 ], [ -88.675896952278521, 16.323799020121548 ], [ -88.675716461413884, 16.321974840686813 ], [ -88.675564569593163, 16.321476870737204 ], [ -88.675442571544821, 16.3206548703746 ], [ -88.676017519439696, 16.320442350649763 ], [ -88.676397187764877, 16.32011196996633 ], [ -88.677015542763712, 16.31951820419712 ], [ -88.677473802892564, 16.319303283633182 ], [ -88.678673567428334, 16.319237708115118 ], [ -88.679617792164322, 16.319166885610983 ], [ -88.680354521152466, 16.31900275827401 ], [ -88.68093620365309, 16.319014678627351 ], [ -88.681746873523778, 16.319177830320839 ], [ -88.682135038779791, 16.319522825843226 ], [ -88.682413758210728, 16.320067356125584 ], [ -88.682902647464701, 16.320583501483739 ], [ -88.683218938550041, 16.321038621281115 ], [ -88.683707587017494, 16.321566030880174 ], [ -88.684222544402004, 16.321958713314256 ], [ -88.684847449642888, 16.32263432739833 ], [ -88.68550293343705, 16.323512342342404 ], [ -88.685837783894698, 16.324159471454948 ], [ -88.686102956004333, 16.324816447853074 ], [ -88.686104008513226, 16.325300055041517 ], [ -88.685961347891435, 16.325948680319861 ], [ -88.685502147337132, 16.326737365446686 ], [ -88.685288810805261, 16.327440903518024 ], [ -88.685321676902774, 16.328070577126507 ], [ -88.685892054642423, 16.328598533753024 ], [ -88.686691595562365, 16.328738904375673 ], [ -88.68755994426931, 16.328935912279896 ], [ -88.688079850721138, 16.3291043694995 ], [ -88.68855162354626, 16.329338348696961 ], [ -88.689013273834902, 16.32952815620899 ], [ -88.689860985406995, 16.329601863935903 ], [ -88.690420357911208, 16.329568219112591 ], [ -88.690943731497654, 16.329578925274827 ], [ -88.691921698490759, 16.329542567542497 ], [ -88.693028773006446, 16.329475024454769 ], [ -88.693651162704157, 16.329229610381422 ], [ -88.694616722284977, 16.329226800843564 ], [ -88.695508675082351, 16.329412991103187 ], [ -88.696177985080809, 16.329663389783782 ], [ -88.696624300328864, 16.330020829586449 ], [ -88.697005874311756, 16.330668905431079 ], [ -88.697249389833715, 16.331223982133178 ], [ -88.697318511031639, 16.331799167230301 ], [ -88.697302511086122, 16.332529301578298 ], [ -88.697262703275101, 16.333280368671723 ], [ -88.697236512977284, 16.333942659533772 ], [ -88.697171855319183, 16.334761980429633 ], [ -88.697203273040699, 16.335459265557034 ], [ -88.697340616644453, 16.336091080342584 ], [ -88.697524396901684, 16.336735116383707 ], [ -88.698137224840764, 16.337433010141702 ], [ -88.698877822123052, 16.337628501110235 ], [ -88.699414621942509, 16.337560556980929 ], [ -88.699921570453995, 16.337256406122748 ], [ -88.700293379085437, 16.336752223303524 ], [ -88.700837284167719, 16.336359768167874 ], [ -88.701496924065353, 16.336013641009892 ], [ -88.701770703098163, 16.335187309789074 ], [ -88.701862357111395, 16.334200572655149 ], [ -88.701854755791729, 16.333481224049162 ], [ -88.701598465113534, 16.332442294730917 ], [ -88.70131285373833, 16.331649637356019 ], [ -88.701160143691709, 16.33011908428896 ], [ -88.701306368470014, 16.326638830797208 ], [ -88.701666100410478, 16.324017395966312 ], [ -88.701988992288534, 16.323079335462587 ], [ -88.702283701880333, 16.322388699342916 ], [ -88.702598699841502, 16.321811201708613 ], [ -88.702902600872946, 16.321260531015987 ], [ -88.703043641616446, 16.320629882475249 ], [ -88.702800787799703, 16.320017336703728 ], [ -88.702393738193237, 16.319492750667763 ], [ -88.7020288652038, 16.31914826043738 ], [ -88.701593979802226, 16.318802339328798 ], [ -88.700714491654779, 16.318581496321116 ], [ -88.699630178283954, 16.319212057379957 ], [ -88.69896528779941, 16.319827502470602 ], [ -88.697966871330735, 16.320773182449098 ], [ -88.697394339837786, 16.321435594646093 ], [ -88.697046548853351, 16.322417096793743 ], [ -88.696983724303294, 16.323180094098099 ], [ -88.696382345175223, 16.324066233825924 ], [ -88.695932702374336, 16.324394100426158 ], [ -88.69498790306173, 16.325048897120357 ], [ -88.69437791493236, 16.325261883973063 ], [ -88.693769429522575, 16.325406135414415 ], [ -88.693187808441564, 16.325416793943543 ], [ -88.692454630326921, 16.324885523629963 ], [ -88.692333910983919, 16.324028600152214 ], [ -88.692356071624587, 16.323017910657686 ], [ -88.692261540117372, 16.322004833880737 ], [ -88.692059862082303, 16.320607432435001 ], [ -88.69160047988774, 16.319249851840219 ], [ -88.690923362227664, 16.318292500395515 ], [ -88.689874044977344, 16.31732641446234 ], [ -88.688855438291597, 16.316025031564525 ], [ -88.687905374388436, 16.314792683952689 ], [ -88.687414895548827, 16.313816604307782 ], [ -88.687094607448998, 16.312505830248263 ], [ -88.687466757181753, 16.309323339823859 ], [ -88.687596173540626, 16.308718402106265 ], [ -88.687754399206796, 16.307890858960146 ], [ -88.687907125561651, 16.307287522959225 ], [ -88.687921898342083, 16.306613733005129 ], [ -88.687934225613432, 16.306051490111674 ], [ -88.687664139440272, 16.305618742757268 ], [ -88.686858651297428, 16.305221264312962 ], [ -88.686302813178486, 16.30509717317306 ], [ -88.685769321919409, 16.305018627563371 ], [ -88.685168359596958, 16.304849646579722 ], [ -88.684614502426982, 16.304635413841787 ], [ -88.683942871794073, 16.303431307394359 ], [ -88.683730322367367, 16.302504873604082 ], [ -88.683567383831104, 16.301445316483736 ], [ -88.683371248995755, 16.300834848858617 ], [ -88.683018757452203, 16.299929227675435 ], [ -88.683023997497926, 16.298626246345304 ], [ -88.683390108510764, 16.297846923223904 ], [ -88.68416867306756, 16.297367988185133 ], [ -88.684936884121285, 16.297361154851167 ], [ -88.685658893779774, 16.297331956477848 ], [ -88.685969756752002, 16.295877404547586 ], [ -88.686099133373432, 16.295273592025115 ], [ -88.686621674999728, 16.29481195631918 ], [ -88.68720122548298, 16.294891435332666 ], [ -88.687850402512979, 16.2950162983885 ], [ -88.688806561330651, 16.29490169036962 ], [ -88.689471458390187, 16.29430881238553 ], [ -88.68962270014498, 16.293771948981089 ], [ -88.689639922147606, 16.292985481761406 ], [ -88.689682920789053, 16.292087944266935 ], [ -88.689982905840537, 16.291128017384231 ], [ -88.690285445104792, 16.290077963205981 ], [ -88.690537769055908, 16.289162150865042 ], [ -88.69086206161748, 16.288157626538641 ], [ -88.691015850272208, 16.287530633523168 ], [ -88.691028621798381, 16.286946977844792 ], [ -88.690999161556803, 16.286159558131274 ], [ -88.690813802568456, 16.285055578782455 ], [ -88.690573536091833, 16.284354033930619 ], [ -88.690139230786599, 16.283985579849443 ], [ -88.689355690963566, 16.283655082679118 ], [ -88.688611357792027, 16.283639887700115 ], [ -88.687301889027566, 16.283927652565239 ], [ -88.686575486105994, 16.284159681041448 ], [ -88.685683370687741, 16.284523593230883 ], [ -88.684459355002744, 16.285172672541147 ], [ -88.683702227846709, 16.285741106628617 ], [ -88.682757036470122, 16.286395872404668 ], [ -88.682095681863814, 16.286854662490136 ], [ -88.68148090125878, 16.28729185626171 ], [ -88.679770505559134, 16.288908266450044 ], [ -88.679017283117943, 16.289297526391145 ], [ -88.678455092652158, 16.28946524952833 ], [ -88.677918683546821, 16.289521902000949 ], [ -88.676848833121468, 16.289499995789782 ], [ -88.67605988900344, 16.289416203918087 ], [ -88.675371592625766, 16.288974884816014 ], [ -88.675115856233887, 16.287890888370768 ], [ -88.675089000825338, 16.287014479106414 ], [ -88.675086379725528, 16.286070934171402 ], [ -88.674896214923905, 16.285190055482214 ], [ -88.674186059500286, 16.284681781497994 ], [ -88.673514212579931, 16.284555294076299 ], [ -88.672397233195227, 16.284554948888605 ], [ -88.671579064881783, 16.284739953045321 ], [ -88.670600512218499, 16.284787524828033 ], [ -88.669719723996337, 16.284635324581043 ], [ -88.668767976663716, 16.284525628682005 ], [ -88.668140322805229, 16.284512753044893 ], [ -88.667321659734867, 16.28472027247529 ], [ -88.666828374542263, 16.284913051779125 ], [ -88.666290023329083, 16.285058685871522 ], [ -88.665684712798011, 16.285091351189322 ], [ -88.664921006779508, 16.284896445323145 ], [ -88.66448734508748, 16.284527959267102 ], [ -88.664007428954676, 16.284113436220323 ], [ -88.662787734150257, 16.283504488997075 ], [ -88.662117892583112, 16.283287832926742 ], [ -88.661541267946518, 16.283051671286675 ], [ -88.66101083891968, 16.282837876142523 ], [ -88.660754777650993, 16.281798960502361 ], [ -88.660790964716057, 16.281215809175375 ], [ -88.661073650116421, 16.279986192991075 ], [ -88.661979021060418, 16.276926366694571 ], [ -88.662918674863576, 16.275462246757854 ], [ -88.663825589523668, 16.274424661640904 ], [ -88.664419383213556, 16.273852947599277 ], [ -88.665058459767621, 16.273371212411035 ], [ -88.665790749937074, 16.272869969891733 ], [ -88.666336002289313, 16.272408848474008 ], [ -88.6669095102977, 16.271723988999856 ], [ -88.667603519043126, 16.270839822892064 ], [ -88.668988081391561, 16.269228095979425 ], [ -88.671697770442009, 16.266608700553629 ], [ -88.672551009667103, 16.265885581738953 ], [ -88.673282288174107, 16.265428242646372 ], [ -88.67389205638581, 16.265216405494201 ], [ -88.674778178110756, 16.265121815452602 ], [ -88.675409728849743, 16.264954379879271 ], [ -88.676231852656414, 16.264611610083769 ], [ -88.676822214559849, 16.264220133719562 ], [ -88.677362010170299, 16.264005727305111 ], [ -88.678207367314144, 16.263640876358807 ], [ -88.678775381203607, 16.263203848364675 ], [ -88.679486246359971, 16.262611923339229 ], [ -88.680404547602222, 16.26211328694874 ], [ -88.680944310876569, 16.261899993164164 ], [ -88.68145928732568, 16.261752700807055 ], [ -88.682066014492818, 16.261652368478572 ], [ -88.682810729204263, 16.261646159429816 ], [ -88.684033619801994, 16.261040996108886 ], [ -88.685545667618726, 16.259994211027955 ], [ -88.687073107713971, 16.259283644811607 ], [ -88.688148227312084, 16.259057573406391 ], [ -88.689105774936579, 16.258897866186217 ], [ -88.690346551659161, 16.258541017689449 ], [ -88.691615550581631, 16.257960413941749 ], [ -88.692485182537965, 16.257550900302935 ], [ -88.693101779646753, 16.257024633350696 ], [ -88.693628496536562, 16.256338714852042 ], [ -88.693870934008075, 16.255871333101663 ], [ -88.694045999194685, 16.255336068060469 ], [ -88.694130599217601, 16.254641147674946 ], [ -88.694309010412908, 16.253925590470171 ], [ -88.694492803128597, 16.252963272161519 ], [ -88.694867564882074, 16.251779391231896 ], [ -88.695113008762021, 16.251200465530655 ], [ -88.695566877090158, 16.250669745053905 ], [ -88.696174531721894, 16.250525419352069 ], [ -88.699783232187229, 16.251474684636094 ], [ -88.700499707927136, 16.251692153906646 ], [ -88.701614482208342, 16.251759898962739 ], [ -88.702266953419993, 16.25172806377584 ], [ -88.70296599279601, 16.251674628582823 ], [ -88.704298471845874, 16.251364638037455 ], [ -88.705965783724366, 16.250656744050733 ], [ -88.70782402017781, 16.249728379331565 ], [ -88.709304674703958, 16.249016666044525 ], [ -88.70994113190865, 16.248647426464601 ], [ -88.710301128538063, 16.248138431180998 ], [ -88.710646114461582, 16.247245857832578 ], [ -88.710913856809043, 16.246712449241777 ], [ -88.711340827231936, 16.246316408950292 ], [ -88.712214272828433, 16.245727633233855 ], [ -88.71289737654628, 16.245359325973919 ], [ -88.713461776807961, 16.245056247946607 ], [ -88.714258494677296, 16.244802965220462 ], [ -88.714936140837338, 16.244658866979357 ], [ -88.715546316351464, 16.244424345885712 ], [ -88.716137952600761, 16.243941445420351 ], [ -88.716709748039648, 16.243323994254208 ], [ -88.717256744473431, 16.242773676245918 ], [ -88.717683788493389, 16.24240016505345 ], [ -88.718246343259764, 16.24220863562909 ], [ -88.719407750664061, 16.242277219420519 ], [ -88.720096046829752, 16.242718381019493 ], [ -88.720637164460911, 16.243516170448554 ], [ -88.721133576632795, 16.244222870752594 ], [ -88.721803436874282, 16.244438197878068 ], [ -88.72343612782808, 16.244246863731885 ], [ -88.724043879867835, 16.24412386913518 ], [ -88.724680209090295, 16.243732027600945 ], [ -88.725179163145683, 16.243270895667802 ], [ -88.725678042900981, 16.242786089841555 ], [ -88.72629249718689, 16.242326160083479 ], [ -88.727140709627605, 16.24184952847131 ], [ -88.727944113182872, 16.24125925824211 ], [ -88.728936094161313, 16.240582605968015 ], [ -88.729853236175259, 16.240128769763878 ], [ -88.730976250699172, 16.239814358278757 ], [ -88.732328201147567, 16.239706339207039 ], [ -88.733164175256817, 16.239768284190081 ], [ -88.734552956998442, 16.240089370787924 ], [ -88.735564333897443, 16.240648602007248 ], [ -88.736178912665849, 16.241290019226042 ], [ -88.736553412486458, 16.242241119224222 ], [ -88.736701205122557, 16.242963320120445 ], [ -88.736893517224061, 16.243731510519865 ], [ -88.736859604778843, 16.24424826085076 ], [ -88.736601196289868, 16.245433492974367 ], [ -88.736394771411653, 16.246372893824983 ], [ -88.736265125688604, 16.246999318696776 ], [ -88.73597165359611, 16.247646117348815 ], [ -88.735611715667275, 16.248155170132947 ], [ -88.734599875905076, 16.248696173314144 ], [ -88.734081557223931, 16.249000242072693 ], [ -88.734157301930523, 16.24978862836323 ], [ -88.734561530292567, 16.250470907539807 ], [ -88.734713574660134, 16.250968859701512 ], [ -88.734442955070833, 16.251637532437716 ], [ -88.733941652786257, 16.252233914686297 ], [ -88.733721563739167, 16.252724363269873 ], [ -88.733799374270504, 16.253444026717137 ], [ -88.734022287480855, 16.253875770842125 ], [ -88.734383729295772, 16.254377946973733 ], [ -88.73488557708751, 16.254836734159763 ], [ -88.735410246004562, 16.255319655251537 ], [ -88.735704229237541, 16.255730286807594 ], [ -88.735691616247948, 16.2563139765507 ], [ -88.735655646564965, 16.256898324579719 ], [ -88.735199922714187, 16.257518172117429 ], [ -88.733285404935359, 16.258916867603769 ], [ -88.732790848588436, 16.259199987279413 ], [ -88.732802531955542, 16.259739074473536 ], [ -88.733314082394344, 16.259749396759695 ], [ -88.733848966591864, 16.259760188875209 ], [ -88.734499929794382, 16.259773320668973 ], [ -88.73501002021942, 16.259851248140567 ], [ -88.735311637398439, 16.260286833156385 ], [ -88.73561161878321, 16.260933193864574 ], [ -88.735785466873565, 16.261475553431794 ], [ -88.735995138225164, 16.262007361523903 ], [ -88.736324788622682, 16.262901200967796 ], [ -88.73684526530154, 16.263552008042275 ], [ -88.737372394036669, 16.263922248336367 ], [ -88.738033324782663, 16.264203873285769 ], [ -88.738793687497676, 16.264556265141952 ], [ -88.739398585356312, 16.264568457110339 ], [ -88.740073874737433, 16.264536973010507 ], [ -88.74066125868346, 16.264279381395514 ], [ -88.741067793624239, 16.263748715066392 ], [ -88.740922519440204, 16.262936377757203 ], [ -88.740597472003515, 16.26182844436476 ], [ -88.740591096630581, 16.261042580912648 ], [ -88.741305322785095, 16.260315192350298 ], [ -88.741894540556174, 16.259944898778276 ], [ -88.742602848400068, 16.259464269649417 ], [ -88.743265047979051, 16.258983836296533 ], [ -88.743785816974906, 16.258567065035905 ], [ -88.744125834240961, 16.257899771740938 ], [ -88.744136965588027, 16.257383685183932 ], [ -88.743804632802934, 16.256612675230375 ], [ -88.743281393864223, 16.256062160288344 ], [ -88.742499149403955, 16.255642837067882 ], [ -88.742014338013803, 16.255475252962732 ], [ -88.741044693937383, 16.255141209899591 ], [ -88.740467045298857, 16.254949207567918 ], [ -88.739851444509924, 16.254352863532194 ], [ -88.73937632176802, 16.253736798981684 ], [ -88.739064424163743, 16.253101477584757 ], [ -88.739125630897249, 16.252428578223661 ], [ -88.739799302897907, 16.250307015644978 ], [ -88.739952762088677, 16.249658517772083 ], [ -88.740296755392421, 16.248833487773044 ], [ -88.740331121790433, 16.248295323191215 ], [ -88.740344202032091, 16.247689091800815 ], [ -88.740356332632615, 16.247126807572958 ], [ -88.740418503469087, 16.246408832306528 ], [ -88.74078085850725, 16.245787084686448 ], [ -88.74148473445959, 16.245509274663803 ], [ -88.742487458557918, 16.245416718709926 ], [ -88.743233522891231, 16.245320121608795 ], [ -88.743753860117025, 16.244948426743296 ], [ -88.744076073839025, 16.244022616061244 ], [ -88.743939404153821, 16.241726901908105 ], [ -88.743858662223502, 16.241141328576404 ], [ -88.74279478514552, 16.240850504408215 ], [ -88.742027814447923, 16.240835078367013 ], [ -88.741168009545333, 16.240795236247543 ], [ -88.740544710572706, 16.240557231459263 ], [ -88.740234251788081, 16.239855432175052 ], [ -88.740257990546382, 16.23875452428749 ], [ -88.740780467337885, 16.235034752393499 ], [ -88.741139416667522, 16.234569626621937 ], [ -88.741795642499326, 16.234334815079226 ], [ -88.742726378903896, 16.234330983885535 ], [ -88.743263142344006, 16.234251588047442 ], [ -88.743942184868047, 16.234040902555922 ], [ -88.744597924197123, 16.233828616053863 ], [ -88.745372709144803, 16.233507114805231 ], [ -88.745991923488305, 16.23282287100378 ], [ -88.746191023283089, 16.232220370539572 ], [ -88.746673823376184, 16.231421778088084 ], [ -88.747403392135197, 16.231031721310817 ], [ -88.748151368237544, 16.230843818804981 ], [ -88.748806680974511, 16.230677728356998 ], [ -88.749468197882649, 16.230196109546476 ], [ -88.749647344933436, 16.229435378260586 ], [ -88.750032471455796, 16.228836604824391 ], [ -88.750645483518554, 16.228466739723917 ], [ -88.751714620599756, 16.228510730531703 ], [ -88.752244106387181, 16.228769360943634 ], [ -88.754117863219491, 16.230334462323526 ], [ -88.754637725202528, 16.231041572997846 ], [ -88.755040073397168, 16.231813970277386 ], [ -88.755232948155864, 16.232559620082565 ], [ -88.755550286642773, 16.232970694128181 ], [ -88.756142953651761, 16.233521435695483 ], [ -88.756459712985546, 16.233932496661136 ], [ -88.756887823810416, 16.234592673499364 ], [ -88.756850509149643, 16.23524352577758 ], [ -88.756783544548512, 16.235916330171595 ], [ -88.756702596443731, 16.23672413298334 ], [ -88.756615738769582, 16.237508145282202 ], [ -88.756361795184262, 16.23849172658052 ], [ -88.756211286710496, 16.239006157186807 ], [ -88.756059351549993, 16.239587068709127 ], [ -88.756585988584931, 16.239979791864972 ], [ -88.757151887730444, 16.239631514576644 ], [ -88.757774459325162, 16.238790599794694 ], [ -88.758161044184178, 16.238124199380938 ], [ -88.758430133025257, 16.237521956211339 ], [ -88.758743333529637, 16.237011908683566 ], [ -88.759219769946355, 16.236481457364061 ], [ -88.759975555068849, 16.235957726923068 ], [ -88.760446280311086, 16.235720265894095 ], [ -88.761565900639653, 16.235562305989674 ], [ -88.762216905824147, 16.235597881602988 ], [ -88.762796371240583, 16.235677118393106 ], [ -88.763563927110113, 16.235692475968897 ], [ -88.764082661451084, 16.235365779825077 ], [ -88.764262730865397, 16.234559947267563 ], [ -88.764273309925102, 16.234066382290148 ], [ -88.764262492116444, 16.233482202982479 ], [ -88.764113265998546, 16.232849033989137 ], [ -88.764036183313678, 16.23211697232362 ], [ -88.762487967664782, 16.231637319168371 ], [ -88.76184035797182, 16.231443986484297 ], [ -88.76121953889421, 16.231117034359208 ], [ -88.760695782083161, 16.230590228276309 ], [ -88.759926599198252, 16.229563610196134 ], [ -88.759089955815554, 16.228445451622861 ], [ -88.758496249607163, 16.22791611646171 ], [ -88.757780782936408, 16.227677450666917 ], [ -88.757227450837476, 16.227442028142875 ], [ -88.756626521380994, 16.227249618425002 ], [ -88.756075613372133, 16.226901510437727 ], [ -88.755976897400132, 16.226091234649338 ], [ -88.756245381499667, 16.225488980570717 ], [ -88.756418788620394, 16.225021227261156 ], [ -88.756337543764118, 16.224457060925534 ], [ -88.755836176447417, 16.223975791450922 ], [ -88.754821912021853, 16.223550761011115 ], [ -88.753738637159856, 16.223079247612866 ], [ -88.752725328598444, 16.222610262166256 ], [ -88.752360481304407, 16.222265878007981 ], [ -88.752371106336128, 16.22177119123678 ], [ -88.752593978544596, 16.22114660902394 ], [ -88.753210704613707, 16.220575013394445 ], [ -88.753891171703557, 16.220295542593242 ], [ -88.754735389995091, 16.219997930568361 ], [ -88.756113817233398, 16.219711012183737 ], [ -88.757121608870662, 16.219349022552624 ], [ -88.757594228031365, 16.219021411876902 ], [ -88.758832087642702, 16.217697890896943 ], [ -88.760036002191924, 16.216868581673971 ], [ -88.760416265260375, 16.216494020339514 ], [ -88.760522084362535, 16.21591217282597 ], [ -88.760369873616369, 16.215391680960636 ], [ -88.759750550491646, 16.21499712671541 ], [ -88.759127848691364, 16.214760328262741 ], [ -88.757286979221917, 16.214902739854303 ], [ -88.756008058109273, 16.214877139422956 ], [ -88.755429500718122, 16.214731403185787 ], [ -88.754833522194289, 16.214337303912892 ], [ -88.75442396052361, 16.213901842948037 ], [ -88.753123276267928, 16.213830697245012 ], [ -88.752027981008979, 16.213921484944461 ], [ -88.751558760761739, 16.214091326138313 ], [ -88.751081893802748, 16.214644307134801 ], [ -88.750680548516499, 16.213826841854331 ], [ -88.750176338527936, 16.213479662809551 ], [ -88.749514242368548, 16.212904980298902 ], [ -88.749316963877789, 16.212338490182553 ], [ -88.74914395346309, 16.211728519331142 ], [ -88.74860324192322, 16.210908259456421 ], [ -88.748315153326431, 16.210250887298681 ], [ -88.747957087483528, 16.20959211267683 ], [ -88.748156139492352, 16.208989605239527 ], [ -88.748917126567434, 16.208599025122041 ], [ -88.749409335874773, 16.208037336527148 ], [ -88.749680776809356, 16.207323541605987 ], [ -88.749697664086654, 16.206537007794477 ], [ -88.749624609737481, 16.205591969886733 ], [ -88.749386075502116, 16.204800315242206 ], [ -88.749153683994649, 16.203695388974367 ], [ -88.748910649004756, 16.202026583339311 ], [ -88.748604053406652, 16.201144507573879 ], [ -88.748480500597196, 16.200377705532297 ], [ -88.748120026571286, 16.199831619302135 ], [ -88.747573655961915, 16.199303225653466 ], [ -88.746822637982817, 16.198524974357966 ], [ -88.746444166653063, 16.19773051517025 ], [ -88.746157547595985, 16.197005536206724 ], [ -88.745774727109307, 16.196413909464539 ], [ -88.744480763520585, 16.194949503504215 ], [ -88.743664638961874, 16.193944474307127 ], [ -88.743608296928173, 16.193335718899625 ], [ -88.74362083593391, 16.192752019764622 ], [ -88.743612471008603, 16.19205516910721 ], [ -88.743535099010515, 16.191311839533899 ], [ -88.74322468661839, 16.190608931367855 ], [ -88.743048309241956, 16.190156721498067 ], [ -88.742967192381982, 16.189615108676179 ], [ -88.74321855353881, 16.188721674212601 ], [ -88.744030453344521, 16.187749293555591 ], [ -88.744480539202215, 16.187353609025379 ], [ -88.744953078663698, 16.187026010050854 ], [ -88.74572274977335, 16.186906155818569 ], [ -88.74664891323701, 16.187105084629827 ], [ -88.747363839321764, 16.18738883584469 ], [ -88.748288101837474, 16.18767677976135 ], [ -88.749610964752165, 16.18779345379906 ], [ -88.750590070039507, 16.187700320869389 ], [ -88.751083899186725, 16.187440774188321 ], [ -88.751560030490253, 16.186945258003998 ], [ -88.751991127072714, 16.186346252612726 ], [ -88.75228486992836, 16.18567798521871 ], [ -88.75246199092274, 16.185007384627113 ], [ -88.752638627015841, 16.184359321769019 ], [ -88.752840032320151, 16.183644112544602 ], [ -88.75313798765923, 16.182751586973037 ], [ -88.753507353767446, 16.181792850417086 ], [ -88.754062719051575, 16.18083782885072 ], [ -88.75456518426364, 16.180173728181135 ], [ -88.754692872655042, 16.179658833354498 ], [ -88.754101200168307, 16.17904050192055 ], [ -88.753627593328787, 16.178356889256371 ], [ -88.753823700680655, 16.177888456570159 ], [ -88.754253878210932, 16.177358188973884 ], [ -88.754844721893605, 16.176897644159137 ], [ -88.755302073656509, 16.176187545030594 ], [ -88.755317939279706, 16.17544607585662 ], [ -88.755219097048396, 16.174613252931728 ], [ -88.755015392982699, 16.173283438796815 ], [ -88.754856326582669, 16.172021026828887 ], [ -88.754469881031369, 16.170508314763897 ], [ -88.754028745061063, 16.169398096304413 ], [ -88.753667827874651, 16.168873437118574 ], [ -88.753329728522004, 16.168372909889499 ], [ -88.752805181533759, 16.167890074474375 ], [ -88.752259218580832, 16.16731775228147 ], [ -88.751780837615968, 16.166858386997838 ], [ -88.751510703584387, 16.166425729197336 ], [ -88.751314471668124, 16.165837848200706 ], [ -88.751234160924241, 16.165229740738184 ], [ -88.751268071929289, 16.164735518445955 ], [ -88.751455239139517, 16.163593891722631 ], [ -88.751538175145583, 16.162989044867899 ], [ -88.751572463984971, 16.162449738637729 ], [ -88.751764546196071, 16.161105288365317 ], [ -88.751850272170898, 16.160342671450653 ], [ -88.751984540836432, 16.159491963348039 ], [ -88.752186384828391, 16.15875421181542 ], [ -88.752572761308912, 16.158087784958454 ], [ -88.752884477054977, 16.157666751320416 ], [ -88.753287346242971, 16.157292629429815 ], [ -88.753713632214442, 16.156941524404768 ], [ -88.754164202426466, 16.156545806136691 ], [ -88.75569686313105, 16.155542632579547 ], [ -88.758869627623696, 16.153965644422374 ], [ -88.759732905338268, 16.153826157028057 ], [ -88.760710884193472, 16.153778011539188 ], [ -88.761268821160314, 16.153789130337397 ], [ -88.762175399081471, 16.153807195045726 ], [ -88.762964414465912, 16.153868008300723 ], [ -88.763730692300427, 16.15392836409692 ], [ -88.764589214327927, 16.154011974763165 ], [ -88.765470553607599, 16.154119712253618 ], [ -88.765986155076419, 16.153928181470185 ], [ -88.766066659521343, 16.153434875155973 ], [ -88.764044861844425, 16.152488235533689 ], [ -88.764750468550332, 16.151892389550973 ], [ -88.765295147911644, 16.151430875863909 ], [ -88.766049238357297, 16.14987323212743 ], [ -88.766834182063775, 16.149056866541262 ], [ -88.767741702107884, 16.149029828849624 ], [ -88.768277751589324, 16.148972848789427 ], [ -88.768625664419503, 16.148547992449661 ], [ -88.768923221050926, 16.148132280781422 ], [ -88.769420385432838, 16.147737446020919 ], [ -88.769933592326865, 16.147657462604425 ], [ -88.77060942909894, 16.147581834517432 ], [ -88.770920990214492, 16.147138213906526 ], [ -88.771072746699858, 16.146557258349354 ], [ -88.771108030155006, 16.145995409010194 ], [ -88.771099768311288, 16.145287265238121 ], [ -88.771549396502309, 16.143836272185776 ], [ -88.771865716390337, 16.143168397160576 ], [ -88.772299109872208, 16.142480300555516 ], [ -88.772996444954146, 16.141392721642017 ], [ -88.773670932380668, 16.140282138569102 ], [ -88.774107640545665, 16.139437397005437 ], [ -88.774375517373556, 16.138880162749579 ], [ -88.774645778765006, 16.13598708172978 ], [ -88.774497926323207, 16.135287437273139 ], [ -88.774207419382847, 16.134741666237328 ], [ -88.773653812399274, 16.134528881343854 ], [ -88.772979429772406, 16.134538041062388 ], [ -88.772502404450108, 16.135112543189223 ], [ -88.772189333239339, 16.135601236415798 ], [ -88.771690901199321, 16.136085121631357 ], [ -88.77103434829111, 16.136352793635972 ], [ -88.76996279693418, 16.136444241990944 ], [ -88.768672898191966, 16.136957486129763 ], [ -88.767588922695666, 16.137632642135781 ], [ -88.766265163814509, 16.138640101488477 ], [ -88.765507052055128, 16.139321724129331 ], [ -88.765029387969292, 16.139897316044333 ], [ -88.764358699626982, 16.140827561705787 ], [ -88.763478579071304, 16.142855052127985 ], [ -88.762783491002224, 16.143807351645858 ], [ -88.762285949964621, 16.144247256553133 ], [ -88.761836971432388, 16.144597936754028 ], [ -88.761224274334609, 16.144967905134248 ], [ -88.760387695714201, 16.144951239879294 ], [ -88.75985406373978, 16.144895513401984 ], [ -88.759256221618429, 16.144569072422968 ], [ -88.758940512674883, 16.144112969812642 ], [ -88.758603386015707, 16.143567384281141 ], [ -88.757801652534127, 16.143011408388269 ], [ -88.757271854574611, 16.142776505882861 ], [ -88.756699747229973, 16.142337838444188 ], [ -88.756311685339639, 16.141993028501659 ], [ -88.755886686132186, 16.141220217950099 ], [ -88.756046148270343, 16.140279816353463 ], [ -88.756428613798349, 16.139793667688604 ], [ -88.756927109505241, 16.139308703605785 ], [ -88.757493153411986, 16.138937817733932 ], [ -88.758033474852965, 16.138679149766105 ], [ -88.75864412954985, 16.138376789932384 ], [ -88.759279161820785, 16.138052366934563 ], [ -88.759980706462841, 16.137863417906338 ], [ -88.760471982766333, 16.13771650176389 ], [ -88.761342393258943, 16.137238930176832 ], [ -88.761682148312417, 16.136594088124085 ], [ -88.762233000471795, 16.135840712338194 ], [ -88.762775708850171, 16.135469343888118 ], [ -88.763499953469079, 16.135281961140407 ], [ -88.764384571603401, 16.135231919717398 ], [ -88.764832186623551, 16.134971388490413 ], [ -88.765660233745862, 16.134291153195829 ], [ -88.766321898555773, 16.133810530885867 ], [ -88.767026760139444, 16.133464918088677 ], [ -88.767920936422428, 16.132965238269847 ], [ -88.768718003327649, 16.132643997370693 ], [ -88.76972588956275, 16.132281849370305 ], [ -88.772040640745146, 16.131676207522773 ], [ -88.773916860861959, 16.130904001026991 ], [ -88.775091658102511, 16.130343337657504 ], [ -88.776501335418814, 16.129652038740861 ], [ -88.777984761959175, 16.128782938439223 ], [ -88.779207504454305, 16.128133009721353 ], [ -88.780363154942563, 16.127346454007313 ], [ -88.781964944643121, 16.126366928140392 ], [ -88.783119249632534, 16.125670517086618 ], [ -88.784321006720148, 16.124908521143023 ], [ -88.785376322239813, 16.124479579926579 ], [ -88.78708800349392, 16.12381671647109 ], [ -88.789852011077713, 16.122837544485314 ], [ -88.790930151735949, 16.122431568352741 ], [ -88.792009694565394, 16.121959096674839 ], [ -88.793070200741909, 16.121283314675907 ], [ -88.794014221323522, 16.12062777381546 ], [ -88.794655349759481, 16.12001021660986 ], [ -88.795547013416524, 16.119624206505982 ], [ -88.797060648044351, 16.118394769732447 ], [ -88.798441662628846, 16.116871837366165 ], [ -88.798993642993395, 16.116028154996439 ], [ -88.799363185290318, 16.115069261662562 ], [ -88.799562291566644, 16.114421553505309 ], [ -88.799718779553871, 16.113637716790201 ], [ -88.800020416945074, 16.112137460873381 ], [ -88.800041920131392, 16.111532473195332 ], [ -88.800034235045928, 16.110790497478622 ], [ -88.800045615398901, 16.110250699754271 ], [ -88.800057920419718, 16.109666953485547 ], [ -88.799842507363721, 16.108875789219933 ], [ -88.799718239421708, 16.108131516399112 ], [ -88.800151895323708, 16.107421906643467 ], [ -88.800485204233851, 16.10704628479326 ], [ -88.800849405742881, 16.106311631600878 ], [ -88.800980656977742, 16.105617486670507 ], [ -88.801120801338541, 16.10447368409206 ], [ -88.801350756010052, 16.102388019500324 ], [ -88.801453705780247, 16.100794780962008 ], [ -88.801911145918837, 16.100061956933835 ], [ -88.802501743567532, 16.099623744892526 ], [ -88.803703274611621, 16.098861585998343 ], [ -88.804289145817137, 16.098647628350594 ], [ -88.80511030127478, 16.098281586404951 ], [ -88.805447828037657, 16.097704227395262 ], [ -88.805766885881113, 16.096923572969917 ], [ -88.806343476963818, 16.096013819131834 ], [ -88.807223934069683, 16.093963464327846 ], [ -88.80812189070086, 16.09216147288701 ], [ -88.809142917940818, 16.090023669679599 ], [ -88.809694204429647, 16.088123538781122 ], [ -88.809981751776476, 16.08439859215768 ], [ -88.810339505795071, 16.082855427014884 ], [ -88.810709731463376, 16.081828857381247 ], [ -88.811235602307661, 16.081164982020553 ], [ -88.812044681108986, 16.080258628394418 ], [ -88.812537687314446, 16.080021392697212 ], [ -88.813195777131895, 16.079697197380174 ], [ -88.813943588078203, 16.079487500944026 ], [ -88.814594609151627, 16.079500260159424 ], [ -88.815660710828439, 16.079655310262208 ], [ -88.816490934638807, 16.079964702193426 ], [ -88.817433997103564, 16.080454430824968 ], [ -88.818054069134249, 16.080803672533133 ], [ -88.818672839437056, 16.081243079293841 ], [ -88.819200244699857, 16.0815905016964 ], [ -88.819801706438511, 16.081715017626934 ], [ -88.820825896872265, 16.081644869695889 ], [ -88.821482098453984, 16.081410804956516 ], [ -88.822188116241904, 16.080997324118101 ], [ -88.822965846075277, 16.080472501575322 ], [ -88.823847435241007, 16.080557386323793 ], [ -88.825074845682906, 16.080806868547903 ], [ -88.82583753722372, 16.081001037835108 ], [ -88.826394846670127, 16.081034477696143 ], [ -88.827394313816541, 16.081031459401814 ], [ -88.828168850522871, 16.080686940012903 ], [ -88.828926641444625, 16.080027538032251 ], [ -88.829723433234818, 16.079705993996683 ], [ -88.830377737947401, 16.079562055770573 ], [ -88.831053387873624, 16.079485049030232 ], [ -88.831595361408972, 16.079135975467342 ], [ -88.832094470218422, 16.078605674522954 ], [ -88.833718127863364, 16.076548212057265 ], [ -88.834364605214475, 16.07566112411072 ], [ -88.834848799744279, 16.074726900337499 ], [ -88.835262690448147, 16.073836399128492 ], [ -88.835721233607956, 16.073013285910356 ], [ -88.835943109591071, 16.072411050072972 ], [ -88.836288929561476, 16.071429022051348 ], [ -88.836393905363465, 16.070868476119912 ], [ -88.836595749821981, 16.070108005437387 ], [ -88.836838469736207, 16.069596364331883 ], [ -88.837376648284092, 16.069427584132008 ], [ -88.837981031169704, 16.0694393559098 ], [ -88.838585882726647, 16.069428586534098 ], [ -88.839191560204483, 16.069350185337345 ], [ -88.839683135544206, 16.069179362299465 ], [ -88.840458528182381, 16.068790831204691 ], [ -88.841254929342085, 16.068513193983396 ], [ -88.84218814117294, 16.068329538903896 ], [ -88.842818650183972, 16.068206510469583 ], [ -88.843244594515824, 16.067855138974803 ], [ -88.843885257755247, 16.067215931537788 ], [ -88.844173172635436, 16.066772804919999 ], [ -88.844416005864204, 16.066282576691556 ], [ -88.844811675106854, 16.065143650896356 ], [ -88.844944455682935, 16.06433785016246 ], [ -88.845074092747836, 16.06371125253289 ], [ -88.845620217276277, 16.063159268951011 ], [ -88.846459801283572, 16.063018864915723 ], [ -88.847207675220446, 16.062830453087873 ], [ -88.847656798612533, 16.0624569678609 ], [ -88.847925245289133, 16.061855612845598 ], [ -88.848423775538109, 16.061348918328271 ], [ -88.848959141952719, 16.061314216932367 ], [ -88.849611890025386, 16.061214142854212 ], [ -88.849995372281583, 16.060660112898834 ], [ -88.850145399023106, 16.060145520768753 ], [ -88.850436679539598, 16.059567151786371 ], [ -88.851044647946964, 16.059377132251239 ], [ -88.851314500147879, 16.059831098413994 ], [ -88.851443519796803, 16.060328556058849 ], [ -88.851910347537938, 16.061348942630008 ], [ -88.85231808917311, 16.061873228896346 ], [ -88.852705304483976, 16.062262951924268 ], [ -88.853139500707954, 16.062608483259606 ], [ -88.853943775511553, 16.063073940737052 ], [ -88.854542448457295, 16.063332464813985 ], [ -88.855352316291373, 16.06352856171895 ], [ -88.855880705061324, 16.063830816611098 ], [ -88.856641989525173, 16.064092487738112 ], [ -88.857223526157796, 16.064081209595635 ], [ -88.85789773124003, 16.064071725848315 ], [ -88.858551986138494, 16.063927681996418 ], [ -88.859188412739982, 16.063490151913008 ], [ -88.859690195536203, 16.062825643667736 ], [ -88.859761941805672, 16.062317416660221 ], [ -88.859642714615035, 16.061768287048025 ], [ -88.858907823392101, 16.06141468364045 ], [ -88.858186609454179, 16.061357870619013 ], [ -88.857712322816241, 16.061821091685697 ], [ -88.857012500564622, 16.061941700266306 ], [ -88.856478974764244, 16.061887390436986 ], [ -88.855786960411351, 16.061603385539932 ], [ -88.853403721286696, 16.059961820282428 ], [ -88.853038883168722, 16.059617634699347 ], [ -88.852893068549335, 16.058805288746221 ], [ -88.853228509201969, 16.058317965309481 ], [ -88.854004796426338, 16.05788316075272 ], [ -88.854278335871214, 16.057034974466852 ], [ -88.854152438910276, 16.056358311718785 ], [ -88.853842618275308, 16.055610435310005 ], [ -88.854124330385929, 16.054367796336571 ], [ -88.854276184900698, 16.053764163776272 ], [ -88.854314403784628, 16.053045585439513 ], [ -88.854306462943427, 16.052303558893207 ], [ -88.854210044348619, 16.051358004691192 ], [ -88.854017132135127, 16.050567297480569 ], [ -88.853779447050542, 16.049686653134398 ], [ -88.853474280935203, 16.048714502899983 ], [ -88.853330330192946, 16.047812000956355 ], [ -88.85330790850827, 16.046643515999573 ], [ -88.853446814095179, 16.04556722521771 ], [ -88.853628484335019, 16.044649608649166 ], [ -88.853855746398622, 16.043754296072962 ], [ -88.85422470906741, 16.042772659170161 ], [ -88.854611866297859, 16.042038286946244 ], [ -88.855026510193085, 16.041102630918044 ], [ -88.855136039288894, 16.040317781697961 ], [ -88.855107443346625, 16.037194150352608 ], [ -88.855099484968946, 16.036452125208879 ], [ -88.855016606277417, 16.035978112340075 ], [ -88.854915412817661, 16.035234282189244 ], [ -88.855069221309861, 16.034563036194211 ], [ -88.855451218009776, 16.034076600868406 ], [ -88.856042790855909, 16.033547993101486 ], [ -88.856777918870137, 16.032842896177392 ], [ -88.857439035904676, 16.032361855070107 ], [ -88.858002156491153, 16.032080732407614 ], [ -88.858606445260222, 16.032092419393592 ], [ -88.859319259099507, 16.032465865455428 ], [ -88.860056785766574, 16.032772140208152 ], [ -88.860779832827674, 16.032650819019228 ], [ -88.861300180050506, 16.032211015535378 ], [ -88.861678921778818, 16.031881219431924 ], [ -88.862414005761821, 16.03117722270985 ], [ -88.862862089385118, 16.030848763169551 ], [ -88.863311220518284, 16.030497776183566 ], [ -88.863878056868117, 16.030036310732587 ], [ -88.864563390362264, 16.029510609706467 ], [ -88.865245370370886, 16.029119010811264 ], [ -88.86594602758845, 16.028952139478132 ], [ -88.866690043822729, 16.02894394933443 ], [ -88.867224865509272, 16.028931720222836 ], [ -88.867856502790289, 16.028719536457992 ], [ -88.86863447559368, 16.028195606567913 ], [ -88.869949588738919, 16.027546732109897 ], [ -88.871973099212667, 16.02632633667811 ], [ -88.874526241652418, 16.024240056015458 ], [ -88.875378607585816, 16.023470605056144 ], [ -88.87643603062871, 16.022905789705948 ], [ -88.877396139469042, 16.022565723403769 ], [ -88.878232795107166, 16.022559267761388 ], [ -88.879069106426527, 16.022597905130375 ], [ -88.880160526764215, 16.022618892534403 ], [ -88.880907313313273, 16.022475399532464 ], [ -88.881503058041446, 16.0217675073268 ], [ -88.881721493058123, 16.021321834686049 ], [ -88.881927223815183, 16.020359522045865 ], [ -88.881985251781884, 16.019776594413631 ], [ -88.882280530007506, 16.018995274266327 ], [ -88.882803555219809, 16.018421279114627 ], [ -88.88332104324337, 16.01811664551381 ], [ -88.884214461912094, 16.017616282596585 ], [ -88.885200621812558, 16.017141370631979 ], [ -88.886536498006336, 16.016582966907716 ], [ -88.887709017465411, 16.01608793950253 ], [ -88.888248878531371, 16.015828822870862 ], [ -88.888744432544698, 16.015456101750175 ], [ -88.889646561510176, 16.014529678400539 ], [ -88.890120651342983, 16.014066342218335 ], [ -88.890758356900676, 16.013583591378776 ], [ -88.891737460707304, 16.013423081190002 ], [ -88.892317947384853, 16.013456756553619 ], [ -88.89287466309608, 16.01351252054771 ], [ -88.893408996244915, 16.013522757114099 ], [ -88.893969867740154, 16.013375649537096 ], [ -88.894538880843555, 16.012802494026896 ], [ -88.894991592033932, 16.01227221211143 ], [ -88.896432161504833, 16.011153105995781 ], [ -88.897062366786827, 16.011007313329049 ], [ -88.897693130233648, 16.010862657765845 ], [ -88.898331149768552, 16.010334783135903 ], [ -88.898783385602584, 16.009827030226131 ], [ -88.899420937313849, 16.009321691186848 ], [ -88.899985920349152, 16.008972814366611 ], [ -88.900712551239337, 16.008672128485106 ], [ -88.901648825495258, 16.008352896213641 ], [ -88.90207211613766, 16.008091505728665 ], [ -88.902548104505712, 16.007561646648835 ], [ -88.902858201012521, 16.007162789565733 ], [ -88.903515819646884, 16.006815671009079 ], [ -88.904400890957149, 16.006719821693899 ], [ -88.905285475889116, 16.006647639245426 ], [ -88.908985733461549, 16.005279523353749 ], [ -88.911135841215113, 16.004691359462321 ], [ -88.911904366941542, 16.004593254283598 ], [ -88.912488060278264, 16.004469075064243 ], [ -88.912937058883458, 16.004117946576059 ], [ -88.913393232090598, 16.003385845994998 ], [ -88.913612491979038, 16.002895035440975 ], [ -88.913761829140654, 16.00240289143175 ], [ -88.913773258940822, 16.001841595723821 ], [ -88.912821623003509, 16.001800915549527 ], [ -88.910870982352364, 16.002842793214999 ], [ -88.910259541310992, 16.003213369784465 ], [ -88.909507333415263, 16.003626361738611 ], [ -88.908647880753136, 16.003609971315072 ], [ -88.90926895551685, 16.00276714716539 ], [ -88.910091999941884, 16.002310404573272 ], [ -88.910704333352498, 16.001895871976 ], [ -88.911407309161248, 16.0016386621365 ], [ -88.912653579997752, 16.00023494929955 ], [ -88.913680674922261, 15.998515852131987 ], [ -88.915288240690415, 15.997000605790946 ], [ -88.917739497238188, 15.994611763166002 ], [ -88.919446001561965, 15.992498497447082 ], [ -88.920535866071617, 15.9911560130337 ], [ -88.921597543804367, 15.990081340255825 ], [ -88.922370851419458, 15.989515342522767 ], [ -88.923351852788244, 15.988997260473429 ], [ -88.924004035488593, 15.988741286851992 ], [ -88.925211207831595, 15.988451869941208 ], [ -88.926093659521953, 15.988222810194561 ], [ -88.92683789843106, 15.987968573887656 ], [ -88.927585869719096, 15.987558802494419 ], [ -88.928807082910993, 15.986576183900008 ], [ -88.92976496818946, 15.984896243853983 ], [ -88.930415995988213, 15.983545365025023 ], [ -88.930711434060186, 15.982656810346223 ], [ -88.930938880193906, 15.981700438282127 ], [ -88.931369420607766, 15.97980978633257 ], [ -88.932120739806294, 15.978080808697834 ], [ -88.932369785722202, 15.977150777649772 ], [ -88.932522508631521, 15.976429775408027 ], [ -88.93283463317934, 15.975233703825646 ], [ -88.932980330435797, 15.974600516836247 ], [ -88.934176944159546, 15.971225817210819 ], [ -88.934443773117565, 15.969443677576589 ], [ -88.93461674447056, 15.967748839069094 ], [ -88.934794447141172, 15.965819556603341 ], [ -88.934841389857382, 15.963496534089581 ], [ -88.934561398267235, 15.961345486422751 ], [ -88.933956258657446, 15.95927849568656 ], [ -88.933292186815947, 15.956696221642755 ], [ -88.932070243301396, 15.950862790588012 ], [ -88.928472298076841, 15.940337763776997 ], [ -88.92658028828815, 15.934536777068798 ], [ -88.925059582407286, 15.929771151026829 ], [ -88.922952544486847, 15.924323541088414 ], [ -88.920693271810549, 15.918426543409895 ], [ -88.920050558946684, 15.917073723456756 ], [ -88.918279814457875, 15.914425415987072 ], [ -88.91608589183646, 15.911010255047501 ], [ -88.915015193063454, 15.909157716058068 ], [ -88.914374361365475, 15.907714723770701 ], [ -88.913780106725369, 15.906273742951075 ], [ -88.913281958356251, 15.904632751208522 ], [ -88.913018172533953, 15.902840599876933 ], [ -88.913004044131881, 15.90232955869906 ], [ -88.912977314958184, 15.9013469627668 ], [ -88.912998042072161, 15.900322419155787 ], [ -88.912690171023272, 15.898347900974507 ], [ -88.91709211335349, 15.89362902151306 ], [ -88.919345889131264, 15.892517033776201 ], [ -88.920523434315953, 15.892539292092902 ], [ -88.921268197991793, 15.892239907295815 ], [ -88.921803820012471, 15.892026773449237 ], [ -88.922313894447001, 15.891924781334234 ], [ -88.922890894536962, 15.891913130630385 ], [ -88.92367635625952, 15.891906541620825 ], [ -88.924553857727517, 15.891900560963615 ], [ -88.925177901307237, 15.891867239474061 ], [ -88.925734436762227, 15.891743565539658 ], [ -88.926244513125397, 15.891641563022507 ], [ -88.926943693331594, 15.891319872443557 ], [ -88.927598231091295, 15.890929683317985 ], [ -88.928366710765971, 15.890609294170721 ], [ -88.929599706266345, 15.890163480885473 ], [ -88.9300878433436, 15.889993401813575 ], [ -88.930560860460631, 15.88930097631712 ], [ -88.935830167331503, 15.888905234765653 ], [ -88.940625346378383, 15.888504955170822 ], [ -88.947120702492427, 15.888270669084147 ], [ -88.950076796526204, 15.887746559402711 ], [ -88.952201744163361, 15.88738611460059 ], [ -88.954050960954035, 15.886975374749357 ], [ -88.955847626872114, 15.886919953585448 ], [ -88.956905805593109, 15.886939770737824 ], [ -88.957821525353367, 15.887179051581835 ], [ -88.958732466448467, 15.887686607543419 ], [ -88.966227266440569, 15.892727332256166 ], [ -88.967183710426923, 15.893234585290948 ], [ -88.967732276634237, 15.893422993921183 ], [ -88.968878073981699, 15.893667664458384 ], [ -88.97039078751763, 15.894007130660716 ], [ -88.971217645310446, 15.894089095125015 ], [ -88.977618104569061, 15.893986330100294 ], [ -88.980100616528802, 15.894165639782489 ], [ -88.981843404633508, 15.894510442316422 ], [ -88.982803430357094, 15.894840665515483 ], [ -88.983482978954854, 15.895387806197768 ], [ -88.988990005011971, 15.900880302864589 ], [ -88.9904426861101, 15.901931194641543 ], [ -88.991813353215889, 15.902447186251445 ], [ -88.993650939892433, 15.902659484424188 ], [ -88.994479181925655, 15.902674864265228 ], [ -88.99544957880623, 15.902514713300057 ], [ -88.996236235521536, 15.90230603952682 ], [ -88.997073884870289, 15.901876165005229 ], [ -88.997495934402764, 15.901483681417682 ], [ -88.998152471063904, 15.900872276491983 ], [ -88.998812530623539, 15.900082761863084 ], [ -89.000782706244806, 15.89824739569643 ], [ -89.00171353541046, 15.897730141724381 ], [ -89.002875296862811, 15.897173180493315 ], [ -89.00407956376965, 15.896794038074193 ], [ -89.005602957675293, 15.896600092982359 ], [ -89.007722199432052, 15.896505116483318 ], [ -89.010769297406455, 15.896072057942503 ], [ -89.015812530577534, 15.894783830749233 ], [ -89.019932826095328, 15.893612647405396 ], [ -89.020512787747208, 15.894252581539211 ], [ -89.021031462151271, 15.894898147370192 ], [ -89.021098351318031, 15.895614324136874 ], [ -89.02105898442872, 15.896430031228492 ], [ -89.020965061784864, 15.897086857863011 ], [ -89.020582353800663, 15.898354066637848 ], [ -89.019592735356099, 15.900525746039404 ], [ -89.019022362070146, 15.901912403952359 ], [ -89.018648665149357, 15.902720809374705 ], [ -89.018299214365555, 15.90345185405371 ], [ -89.017912307530466, 15.90433895185911 ], [ -89.017674139130833, 15.905306603329008 ], [ -89.017627299646449, 15.905909039108549 ], [ -89.017778850870499, 15.907029354019601 ], [ -89.018329302655175, 15.908369032790375 ], [ -89.018952763322005, 15.90896129088261 ], [ -89.019443669211952, 15.909272566601684 ], [ -89.020140713318952, 15.909620348459327 ], [ -89.020761110620967, 15.909777264942328 ], [ -89.021325758361499, 15.909865493157707 ], [ -89.023356015442275, 15.909948047591731 ], [ -89.026891030666746, 15.909901563379519 ], [ -89.02850534014506, 15.910009109021075 ], [ -89.029252957567664, 15.91015706977853 ], [ -89.030427988011041, 15.910290341141698 ], [ -89.031360399735533, 15.910464251710877 ], [ -89.033446189669036, 15.91125140931403 ], [ -89.037381324365398, 15.913177674352534 ], [ -89.038112935898141, 15.913548595605141 ], [ -89.038789934025218, 15.913762892540689 ], [ -89.039664344632129, 15.913924426058216 ], [ -89.040184392994476, 15.913911424967759 ], [ -89.040925208783847, 15.913813387082529 ], [ -89.041648127297876, 15.913469182492586 ], [ -89.042140670084081, 15.913075637453021 ], [ -89.042577428876712, 15.912614533331196 ], [ -89.04296337850235, 15.911772462515517 ], [ -89.043447504327148, 15.910618693899224 ], [ -89.04381684523689, 15.909463941844052 ], [ -89.044800704525699, 15.90463176584325 ], [ -89.045091380317999, 15.903922134668059 ], [ -89.045332030292784, 15.90344614650293 ], [ -89.045651541393482, 15.903049414917001 ], [ -89.046217708813472, 15.902435046920269 ], [ -89.0469694269906, 15.90177784116964 ], [ -89.047485005914197, 15.901395972903238 ], [ -89.048010049888191, 15.901125923003406 ], [ -89.048532667933742, 15.900979871911739 ], [ -89.049076723955736, 15.900899617834193 ], [ -89.049804247430529, 15.90091293853164 ], [ -89.050446859765046, 15.901126560294998 ], [ -89.050967676380182, 15.901639049411811 ], [ -89.051352429753138, 15.902047554452494 ], [ -89.051607776947975, 15.902577739596637 ], [ -89.051683882427085, 15.903394461263678 ], [ -89.051329949808363, 15.906148603472591 ], [ -89.051037647466742, 15.908104329332289 ], [ -89.050861002726734, 15.910045256310841 ], [ -89.051058835381852, 15.911758477717454 ], [ -89.051581568601677, 15.913366007328969 ], [ -89.052113256440649, 15.914515852630377 ], [ -89.05267744498255, 15.915196040178699 ], [ -89.053313997748276, 15.915721928417458 ], [ -89.054230542922454, 15.916084909661119 ], [ -89.054968010992667, 15.916188623289687 ], [ -89.055802645509914, 15.91600203547886 ], [ -89.056850163898588, 15.91559717714439 ], [ -89.057945901637609, 15.915080424537317 ], [ -89.058624827279203, 15.914601156154243 ], [ -89.058914105662964, 15.913991839658133 ], [ -89.058948159513037, 15.91341169154332 ], [ -89.058988911182922, 15.912518159153846 ], [ -89.058971234514303, 15.911065341218949 ], [ -89.058873784004547, 15.910146731574764 ], [ -89.058981071633866, 15.909367185909824 ], [ -89.059341614260006, 15.90865880295685 ], [ -89.059651639148683, 15.908150231306907 ], [ -89.060307815807221, 15.90767053336514 ], [ -89.061448200294592, 15.907222230232438 ], [ -89.062354289346999, 15.906925268133024 ], [ -89.063217973710479, 15.906471902439611 ], [ -89.0636674791822, 15.905921886136031 ], [ -89.063823098818972, 15.905052998972234 ], [ -89.063651076620445, 15.904401421095152 ], [ -89.062882341437771, 15.90237554459395 ], [ -89.062665348515807, 15.901639695848901 ], [ -89.06259809094918, 15.900934772164469 ], [ -89.062826271658523, 15.899900307954745 ], [ -89.063412020280737, 15.899474568110739 ], [ -89.064198730581438, 15.899411107195093 ], [ -89.064725912908699, 15.899598900600083 ], [ -89.065158862724445, 15.899897748924422 ], [ -89.065701872605445, 15.90049970309791 ], [ -89.065993141248796, 15.900952719574333 ], [ -89.066326764593413, 15.901594837699548 ], [ -89.066864557575869, 15.902465093105937 ], [ -89.06744004563626, 15.903135302231783 ], [ -89.068746050347968, 15.90426540175174 ], [ -89.070805007988525, 15.906470402678156 ], [ -89.071495475895844, 15.90719231899523 ], [ -89.071890456162151, 15.907647220344881 ], [ -89.072309121944357, 15.908112704629017 ], [ -89.072660278501502, 15.908454034462823 ], [ -89.073195878125858, 15.908809997725978 ], [ -89.07394631256048, 15.908846215421841 ], [ -89.074507896548027, 15.908465113630115 ], [ -89.074956089769103, 15.907981580291047 ], [ -89.07531295280765, 15.907429847424634 ], [ -89.075600856785059, 15.906888134799001 ], [ -89.075903748242467, 15.906144830387209 ], [ -89.076176188393461, 15.905199106775019 ], [ -89.076517111325856, 15.903697527730785 ], [ -89.076678821771154, 15.901911882882104 ], [ -89.076756332463233, 15.900320931978934 ], [ -89.076790320336045, 15.899740768659834 ], [ -89.076893772196911, 15.899184418930913 ], [ -89.077105482313954, 15.898394344112305 ], [ -89.077513905883805, 15.8975864141534 ], [ -89.077929280158884, 15.89699062546563 ], [ -89.078713897295145, 15.896434248273474 ], [ -89.079448801734941, 15.896638188176784 ], [ -89.079920592948767, 15.897339187875124 ], [ -89.080057501605864, 15.898001400250559 ], [ -89.080202531681707, 15.898875776235784 ], [ -89.080415225100154, 15.899806642641162 ], [ -89.080914024852078, 15.900888181127767 ], [ -89.081501604858673, 15.902139365739398 ], [ -89.082697891767125, 15.904184256403944 ], [ -89.083616328869709, 15.905653461315152 ], [ -89.084493379275855, 15.906853512512859 ], [ -89.085548357176052, 15.907833497061217 ], [ -89.08651541291492, 15.908599869367093 ], [ -89.087326583290846, 15.90905102316799 ], [ -89.088416428861606, 15.909405733030841 ], [ -89.089922792201449, 15.909767989514794 ], [ -89.093328782281901, 15.910377802069437 ], [ -89.095955910663662, 15.910703932974517 ], [ -89.097276405754229, 15.911096610835598 ], [ -89.097895417339473, 15.911331107156881 ], [ -89.09841224224121, 15.911485939924065 ], [ -89.098964502026291, 15.911586150686444 ], [ -89.099505353583325, 15.911673749927994 ], [ -89.100335149131851, 15.911766571707329 ], [ -89.100957390832136, 15.911834212211525 ], [ -89.102066205510909, 15.911842979591514 ], [ -89.102574625555192, 15.911829614736497 ], [ -89.10340873662247, 15.911699206272564 ], [ -89.104132508113381, 15.911276965109847 ], [ -89.104578934544378, 15.910882417646388 ], [ -89.10529702562792, 15.910180383323871 ], [ -89.10590107271409, 15.909408619882834 ], [ -89.106318924515378, 15.908712439614941 ], [ -89.106593677209204, 15.90821441227118 ], [ -89.106892725825389, 15.907695398719556 ], [ -89.107177625751248, 15.907275372948884 ], [ -89.107650143525092, 15.906735803765084 ], [ -89.108117682047592, 15.906454403746411 ], [ -89.108572502518598, 15.906228032796969 ], [ -89.109119582677536, 15.905992046498225 ], [ -89.109630576066706, 15.905844503392512 ], [ -89.110508534094478, 15.905826501986519 ], [ -89.114134588282425, 15.906451226413564 ], [ -89.115080595229031, 15.906500971765301 ], [ -89.115742258805696, 15.906306505016047 ], [ -89.116469805517085, 15.905716242406859 ], [ -89.116843589874847, 15.904885031016763 ], [ -89.116862053893684, 15.90392449262167 ], [ -89.116529353839354, 15.903224921439925 ], [ -89.116113995333592, 15.90258137670183 ], [ -89.114912590670471, 15.901419564085259 ], [ -89.113188737375836, 15.899790458560393 ], [ -89.112776216984571, 15.899000354149019 ], [ -89.112705370825026, 15.898502855460197 ], [ -89.112703608483443, 15.897988556972555 ], [ -89.112797916142952, 15.89729667511385 ], [ -89.113160484519014, 15.896563383032788 ], [ -89.11376664178016, 15.896162660607809 ], [ -89.11426552290645, 15.896037436990333 ], [ -89.114889030876739, 15.89603738205428 ], [ -89.115469591986553, 15.896483154466182 ], [ -89.115894057866655, 15.897228360997588 ], [ -89.116280131445976, 15.898152193632272 ], [ -89.116789682384052, 15.899291399007396 ], [ -89.117253960390343, 15.900360994359824 ], [ -89.117699596936902, 15.901218231839781 ], [ -89.118161890973184, 15.901784800688258 ], [ -89.118570932685515, 15.902150795196347 ], [ -89.119005294425094, 15.902381908525992 ], [ -89.1195904521595, 15.902559344892554 ], [ -89.120293008836981, 15.902662200844896 ], [ -89.121159894581027, 15.902643954189953 ], [ -89.121741259596249, 15.902442382019569 ], [ -89.12220650233678, 15.902248869169396 ], [ -89.122673388310403, 15.90200012499297 ], [ -89.123201168356246, 15.90158443344756 ], [ -89.124660101103473, 15.900169327647694 ], [ -89.125706216154114, 15.899221595195977 ], [ -89.126440716362296, 15.898843435578213 ], [ -89.126985149471807, 15.89877426321204 ], [ -89.128148008480068, 15.89894061312995 ], [ -89.128637265079092, 15.899318179329381 ], [ -89.129130894547856, 15.900075889757057 ], [ -89.129362475136034, 15.900672135141576 ], [ -89.129486844267547, 15.90138938816264 ], [ -89.129563872832307, 15.903391478239307 ], [ -89.129600843749699, 15.903895138274565 ], [ -89.129750222784381, 15.904523742972707 ], [ -89.130096481074204, 15.905157009357259 ], [ -89.130477848844421, 15.90572210807718 ], [ -89.131262150468146, 15.906395934961818 ], [ -89.132123339914472, 15.906645959243113 ], [ -89.132734377524187, 15.906690751624961 ], [ -89.133566338306849, 15.906671828584694 ], [ -89.134505016156936, 15.906496927726796 ], [ -89.135239038430655, 15.906175122894247 ], [ -89.135626438011343, 15.905847105871191 ], [ -89.136108878388796, 15.905364024662983 ], [ -89.136560158308683, 15.904712343214321 ], [ -89.136796450104541, 15.903844783922365 ], [ -89.136831695203284, 15.903220612471715 ], [ -89.136999584004414, 15.902272880255623 ], [ -89.137488779609527, 15.901466235108659 ], [ -89.1378770282207, 15.901093114466477 ], [ -89.13838105076843, 15.900699508551792 ], [ -89.139316317019549, 15.9000914404201 ], [ -89.139829423538714, 15.899832201154904 ], [ -89.142198730193527, 15.89913698357063 ], [ -89.143887309276408, 15.898384461388469 ], [ -89.145346397231791, 15.897595120318282 ], [ -89.146675988959728, 15.896903827237276 ], [ -89.147318200682349, 15.896535217405315 ], [ -89.147830643928543, 15.896309778175683 ], [ -89.148376190704951, 15.896151470187839 ], [ -89.14895604387624, 15.8960276065424 ], [ -89.149742358426749, 15.895986371927849 ], [ -89.15045537622423, 15.896122020756795 ], [ -89.150947450329383, 15.896354106138087 ], [ -89.151263525403053, 15.896739815922976 ], [ -89.151954209985931, 15.89746716946838 ], [ -89.152722530488248, 15.897759437073045 ], [ -89.154014773960682, 15.89780502669597 ], [ -89.154708904845009, 15.897739574148849 ], [ -89.155506045024339, 15.897742499205725 ], [ -89.156287758720666, 15.897913188584649 ], [ -89.156827306360711, 15.898100994499609 ], [ -89.157550492853829, 15.898315752092573 ], [ -89.158229744155818, 15.898450776925202 ], [ -89.159082715789353, 15.898521222549455 ], [ -89.160042066415897, 15.898483030776152 ], [ -89.16061907396346, 15.898325249974803 ], [ -89.1614854830094, 15.89848615237025 ], [ -89.161940660703635, 15.898851769254218 ], [ -89.162456318178158, 15.899653804500741 ], [ -89.162737393730993, 15.900687387121687 ], [ -89.162801663137586, 15.901537785528671 ], [ -89.162937105769814, 15.902322910375194 ], [ -89.16317965086057, 15.902930614047051 ], [ -89.16368891943614, 15.903486669817561 ], [ -89.164397316041487, 15.903868065928696 ], [ -89.165372380364289, 15.904231644590896 ], [ -89.167101668815576, 15.904988698857618 ], [ -89.167535879050092, 15.905232130596554 ], [ -89.168043882634649, 15.905855826400131 ], [ -89.168159034910445, 15.906482693745762 ], [ -89.168170889201079, 15.907700970013186 ], [ -89.168368530967157, 15.908833446232716 ], [ -89.168782842217567, 15.909511868927646 ], [ -89.169224717495567, 15.909966342480796 ], [ -89.170180536059419, 15.910732203710834 ], [ -89.173735938235069, 15.91265061447479 ], [ -89.174481036957019, 15.912943537197519 ], [ -89.17511481522871, 15.913021323035954 ], [ -89.175796096202475, 15.913022126318591 ], [ -89.176435579763179, 15.912798874070496 ], [ -89.177381811849372, 15.912257365112559 ], [ -89.178776122781557, 15.91119708396401 ], [ -89.179665981384431, 15.910554185038464 ], [ -89.180460626446305, 15.910076516965356 ], [ -89.181113491299982, 15.909730547231879 ], [ -89.181637201067375, 15.909526655207166 ], [ -89.182263951334576, 15.909359549776871 ], [ -89.18317862715233, 15.909252802663834 ], [ -89.18544609554344, 15.909047041516118 ], [ -89.186447705194141, 15.908595564320798 ], [ -89.186941251645749, 15.90816780833747 ], [ -89.187198150288694, 15.907402020992071 ], [ -89.187152498222218, 15.906763973672103 ], [ -89.18707357181566, 15.906036235914797 ], [ -89.186880996579077, 15.905216264185533 ], [ -89.186654451610295, 15.904374261390497 ], [ -89.186425589144065, 15.903655152745934 ], [ -89.1862416865184, 15.90299323378817 ], [ -89.18617083592008, 15.902455120311046 ], [ -89.185944031472133, 15.901009706486223 ], [ -89.185998820322425, 15.899959513375816 ], [ -89.186138672944992, 15.899280757686704 ], [ -89.186312068023085, 15.898646581122231 ], [ -89.186860649348475, 15.89774045173389 ], [ -89.187618591590805, 15.897351194988484 ], [ -89.188129508989206, 15.897298186668074 ], [ -89.188931663230591, 15.89753115903509 ], [ -89.189553611729352, 15.898234646811835 ], [ -89.190065466597375, 15.898657609135244 ], [ -89.190590888532356, 15.898979300927968 ], [ -89.194581634878901, 15.900468564529389 ], [ -89.195587344058595, 15.901034441886935 ], [ -89.196074235333839, 15.901670119466926 ], [ -89.196715564583059, 15.901841583421851 ], [ -89.197252392803662, 15.901527344155181 ], [ -89.19772385041199, 15.901032620865037 ], [ -89.198301102686898, 15.900428102671215 ], [ -89.198796257418834, 15.899912362690195 ], [ -89.199228763648748, 15.899628990657794 ], [ -89.199894495160635, 15.899215506374713 ], [ -89.201028240433914, 15.898520392692358 ], [ -89.202000446392333, 15.897799872436922 ], [ -89.202504347979399, 15.897407214561639 ], [ -89.203192119823925, 15.897060648038964 ], [ -89.203723251847023, 15.897048561589447 ], [ -89.204543523207121, 15.89706298681236 ], [ -89.205159750142556, 15.897453918447136 ], [ -89.205930952738086, 15.897567857757732 ], [ -89.206680442067267, 15.897658856649709 ], [ -89.207477047303769, 15.897661575826534 ], [ -89.208147260489724, 15.8976293623617 ], [ -89.209087501698505, 15.897400001716173 ], [ -89.210252088059121, 15.896861021039792 ], [ -89.21147763341645, 15.896178733785712 ], [ -89.212890363631132, 15.895365502620786 ], [ -89.213593104931775, 15.89484095570144 ], [ -89.214253157207693, 15.894137448852963 ], [ -89.214475789221396, 15.893358599157223 ], [ -89.214489997537484, 15.892599775870162 ], [ -89.21396044696607, 15.891874279211729 ], [ -89.213283601285482, 15.891639088013568 ], [ -89.212554722438028, 15.891101835452607 ], [ -89.212739467691975, 15.890479098497696 ], [ -89.213828779981341, 15.890285031103081 ], [ -89.214432160356864, 15.890117402402158 ], [ -89.214960800414445, 15.88964618720806 ], [ -89.21536370336726, 15.889105095939128 ], [ -89.215534696042695, 15.888593773140361 ], [ -89.21576419272823, 15.88744734387755 ], [ -89.216319718633045, 15.886753272441485 ], [ -89.216797533816504, 15.88653719296717 ], [ -89.217353003747746, 15.886469097199916 ], [ -89.218776422638953, 15.886325966507878 ], [ -89.219545701294891, 15.885949181439234 ], [ -89.220516173709143, 15.885283788229142 ], [ -89.221094942211906, 15.885216088755751 ], [ -89.221739287017641, 15.885350304438282 ], [ -89.222390902314416, 15.885719245386177 ], [ -89.224027180788084, 15.887128410895782 ], [ -89.224144182495465, 15.887666210444145 ], [ -89.224115804768346, 15.889186123249765 ], [ -89.224083905281375, 15.889677332417135 ], [ -89.224128232109123, 15.890393195673944 ], [ -89.224262591710755, 15.893714960663521 ], [ -89.224572996337969, 15.894412920626937 ], [ -89.225297524110275, 15.895185796164775 ], [ -89.225759877653616, 15.895642787811717 ], [ -89.22457931745052, 15.914688182824024 ], [ -89.22468764378327, 15.918743753641277 ], [ -89.222026121600663, 15.956265104920861 ], [ -89.222263021748219, 15.958955911949603 ], [ -89.221264677495043, 15.968534498217215 ], [ -89.221294041762988, 15.97339510881573 ], [ -89.219774236299386, 15.991462014483282 ], [ -89.219620497989169, 15.999566584741768 ], [ -89.219608691042112, 16.001215352732395 ], [ -89.216473718703568, 16.063139629091836 ], [ -89.212992266508323, 16.110363153501755 ], [ -89.213272670586889, 16.110865526072484 ], [ -89.212836776036042, 16.114093662387482 ], [ -89.212447098343986, 16.11820348823067 ], [ -89.212329339223515, 16.123659181902301 ], [ -89.211528512538052, 16.130575736105143 ], [ -89.21165749850681, 16.133546591502448 ], [ -89.209844942418343, 16.157531231167983 ], [ -89.209355755657384, 16.171267859290186 ], [ -89.207630622413035, 16.194135030702419 ], [ -89.207363584341593, 16.198939477377621 ], [ -89.205615851052329, 16.222222283853615 ], [ -89.205825962220274, 16.226271686632032 ], [ -89.205198572266681, 16.227421022530219 ], [ -89.204462993704453, 16.240954572246675 ], [ -89.204148578285015, 16.241367372679431 ], [ -89.202942182525888, 16.258144047713877 ], [ -89.202769288102942, 16.266522046761185 ], [ -89.200929606733752, 16.294721423136519 ], [ -89.199039027912193, 16.321702775354403 ], [ -89.198209557274197, 16.338522067909796 ], [ -89.197320009941905, 16.346844172237706 ], [ -89.196839787667514, 16.349139684518278 ], [ -89.196880791977819, 16.351062273716124 ], [ -89.196400958184825, 16.363936961840093 ], [ -89.195341217993644, 16.373991678169421 ], [ -89.195338071818625, 16.384257231409109 ], [ -89.192975337040323, 16.414193482263983 ], [ -89.192359771217752, 16.430332913224831 ], [ -89.191835183620483, 16.434248243603282 ], [ -89.190092264839649, 16.460077737586317 ], [ -89.189414928696451, 16.464348900748178 ], [ -89.189212450480184, 16.474306200683802 ], [ -89.187988700382121, 16.488319702370188 ], [ -89.187516125260132, 16.502907400941314 ], [ -89.187348588918212, 16.505129540043495 ], [ -89.187159981230067, 16.508454304562328 ], [ -89.186674421258914, 16.520466907600166 ], [ -89.184972661228329, 16.540407238413895 ], [ -89.185043688408058, 16.544729219674981 ], [ -89.183286398816847, 16.564946993170821 ], [ -89.183630007085355, 16.566766825927964 ], [ -89.182711218491889, 16.573175137397275 ], [ -89.182954498072277, 16.575870573651056 ], [ -89.182520251460332, 16.57730958828175 ], [ -89.181749352188149, 16.591644614231541 ], [ -89.181299538876488, 16.59460700759055 ], [ -89.181019504501037, 16.607581851817987 ], [ -89.180067722828753, 16.616453745900987 ], [ -89.180195347524915, 16.619696293485696 ], [ -89.179633869601389, 16.622617133573574 ], [ -89.178921856387916, 16.636402755802951 ], [ -89.178212521409151, 16.639840767054714 ], [ -89.177459464934927, 16.651989136625197 ], [ -89.177115148836407, 16.655127103122489 ], [ -89.176485388454168, 16.666795013059264 ], [ -89.175801370583429, 16.671299223570117 ], [ -89.17614293752851, 16.67398068340751 ], [ -89.175728597790624, 16.677748904809722 ], [ -89.17476110966561, 16.685257956878388 ], [ -89.174835019337934, 16.689037457174614 ], [ -89.173352187855272, 16.705211960261543 ], [ -89.173405759423105, 16.711705684945123 ], [ -89.171673396734377, 16.734294877157119 ], [ -89.170019843228857, 16.766716370624724 ], [ -89.16896587103281, 16.776129587962192 ], [ -89.169031932274336, 16.781267894917033 ], [ -89.167483818100877, 16.794048454508072 ], [ -89.167977585805986, 16.794589974472601 ], [ -89.166657903258695, 16.810402850417784 ], [ -89.16624254074361, 16.817862151422304 ], [ -89.16545839398141, 16.830484304242347 ], [ -89.163700325886751, 16.858847783674005 ], [ -89.16338626890655, 16.859261435199461 ], [ -89.163222953073188, 16.862417281108016 ], [ -89.160210311978418, 16.904654562290162 ], [ -89.159041064215856, 16.931352831940409 ], [ -89.158256240561315, 16.937799039629418 ], [ -89.156953291569195, 16.961004210578988 ], [ -89.15632313276295, 16.973067287977774 ], [ -89.156319331746147, 16.977163250175185 ], [ -89.155842090226599, 16.978410567788131 ], [ -89.155598072950326, 16.9832778918767 ], [ -89.155535607317844, 16.986339712202806 ], [ -89.155047418212817, 16.990734397081411 ], [ -89.154996629201648, 16.993222404607717 ], [ -89.154459189314991, 17.000025041968311 ], [ -89.154367924580043, 17.001164608146368 ], [ -89.153657492523038, 17.011407004623358 ], [ -89.153216183831546, 17.023210782210821 ], [ -89.152929060454397, 17.039152938899388 ], [ -89.15223541336411, 17.0498015800727 ], [ -89.151517939038612, 17.0963066062011 ], [ -89.151439439328513, 17.119467965778639 ], [ -89.151821375863747, 17.120286090063249 ], [ -89.151555981041099, 17.142667969714747 ], [ -89.151940806871224, 17.143631637007708 ], [ -89.151996798743156, 17.188978277750515 ], [ -89.152464605518816, 17.190413812064087 ], [ -89.152073529955189, 17.192558079135349 ], [ -89.152568523588471, 17.221475025874074 ], [ -89.152271570903551, 17.223827455840048 ], [ -89.15260883682474, 17.230713147426417 ], [ -89.152688290430305, 17.233447190589011 ], [ -89.15266116513952, 17.234925143904999 ], [ -89.152493889433345, 17.246694448815315 ], [ -89.152957596165464, 17.24849982762661 ], [ -89.153106391499577, 17.279537016091584 ], [ -89.153303903001941, 17.288498454044397 ], [ -89.153271382646366, 17.32797097459823 ], [ -89.15427473869137, 17.35765882188846 ], [ -89.154050490621245, 17.396664035274721 ], [ -89.154420820090266, 17.398136110128213 ], [ -89.154357584561026, 17.420162934062557 ], [ -89.154449263459867, 17.422066064587231 ], [ -89.154453659219683, 17.425050133825561 ], [ -89.154754184845885, 17.524599649745831 ], [ -89.155402522593704, 17.560089429140199 ], [ -89.155177920834959, 17.599091952446379 ], [ -89.15563527634832, 17.617459083893106 ], [ -89.155955795004672, 17.664365054856919 ], [ -89.155958730032893, 17.671830623195785 ], [ -89.156238075950597, 17.675952266695997 ], [ -89.155916632086161, 17.686325513263519 ], [ -89.156221777859386, 17.70016747493748 ], [ -89.156658966638005, 17.745326484542602 ], [ -89.156373812311799, 17.767439906375902 ], [ -89.156770713413721, 17.768364535138947 ], [ -89.156530168849812, 17.779189256518919 ], [ -89.156870595138201, 17.79140683952766 ], [ -89.156886365051065, 17.815762377335119 ], [ -89.156711559382899, 17.817241877547637 ], [ -89.156578024101947, 17.822118859552841 ], [ -89.156940983259886, 17.862511595344682 ], [ -89.156864942929545, 17.893875058681584 ], [ -89.15722548662211, 17.8956188546329 ], [ -89.15738717114003, 17.906829210166208 ], [ -89.157149488347244, 17.917651624468135 ], [ -89.157530619554734, 17.918851150616923 ], [ -89.157286558900509, 17.93933899817652 ], [ -89.15637534402893, 17.940667429979857 ], [ -89.154464514041919, 17.941608416848254 ], [ -89.152983889413534, 17.942813897817192 ], [ -89.151388232012806, 17.94391671872452 ], [ -89.150795869060985, 17.944746230265682 ], [ -89.15033573401837, 17.945400185439343 ], [ -89.149451666602445, 17.946695280949061 ], [ -89.148985461051666, 17.947112293085269 ], [ -89.148281114842106, 17.947671178576588 ], [ -89.147765106618749, 17.948211246610906 ], [ -89.147526694876262, 17.9489361311383 ], [ -89.147477258281015, 17.949585828102844 ], [ -89.147259700718607, 17.950951654843095 ], [ -89.147021703681887, 17.951738567866794 ], [ -89.146491634942592, 17.952844453720754 ], [ -89.145875884614455, 17.953418614828411 ], [ -89.145031015360857, 17.954206994979021 ], [ -89.143727787634376, 17.954831759308078 ], [ -89.143007400186676, 17.95504184271422 ], [ -89.142005372424364, 17.955280147943697 ], [ -89.141112893776295, 17.955330050275137 ], [ -89.140182898569535, 17.955479564500454 ], [ -89.139169888649192, 17.956222841755789 ], [ -89.138428058523004, 17.956903850163851 ], [ -89.13793481329256, 17.957478164990036 ], [ -89.137624203147354, 17.958269250676295 ], [ -89.137394795952076, 17.959633684885507 ], [ -89.137280145402897, 17.961003791176971 ], [ -89.137146667976637, 17.961885234333057 ], [ -89.136772805655539, 17.962360431317521 ], [ -89.136056357753787, 17.962929161390534 ], [ -89.135593586326436, 17.964267515150208 ], [ -89.135508582360259, 17.965276221183966 ], [ -89.135308136669138, 17.967662906462976 ], [ -89.135132188107633, 17.968220981801526 ], [ -89.134933139312551, 17.96927139322576 ], [ -89.13495781769646, 17.9700860693859 ], [ -89.134974472686949, 17.970619792665353 ], [ -89.135186261541094, 17.971824996655496 ], [ -89.135258053459097, 17.972667678522864 ], [ -89.135234782719408, 17.973194968146316 ], [ -89.135070505032189, 17.973730722290025 ], [ -89.134556824646836, 17.974158012102507 ], [ -89.133284976347213, 17.974794577897821 ], [ -89.131969629441912, 17.975452816755141 ], [ -89.1303243285153, 17.976218351178737 ], [ -89.129034372097379, 17.976738370970676 ], [ -89.128373786164602, 17.976984532923176 ], [ -89.127188559599816, 17.977457015875149 ], [ -89.126435018214252, 17.977588545108471 ], [ -89.125622443359802, 17.9772125668242 ], [ -89.12543466063407, 17.976233376969187 ], [ -89.125180581217407, 17.975429904328742 ], [ -89.12475779664517, 17.97490497514897 ], [ -89.124157441950445, 17.974444153856854 ], [ -89.123503934611364, 17.974285608132099 ], [ -89.122237934180347, 17.974248995562583 ], [ -89.121000979298429, 17.973288269463335 ], [ -89.120292422731524, 17.9725489938115 ], [ -89.119366854846959, 17.971980158310046 ], [ -89.118854861260985, 17.971790604681136 ], [ -89.118250953999905, 17.971520270754837 ], [ -89.117451581801021, 17.971593338489768 ], [ -89.116907427037916, 17.971796690780138 ], [ -89.116454341957592, 17.972146203117791 ], [ -89.115620335668524, 17.972482441034387 ], [ -89.114701550270823, 17.972358018092095 ], [ -89.114114074633676, 17.972413895591519 ], [ -89.113051805357571, 17.972707201741805 ], [ -89.112087440744062, 17.973372339518985 ], [ -89.109812981910594, 17.975447793531647 ], [ -89.108359111070442, 17.977207044153474 ], [ -89.107449905721722, 17.978363786140459 ], [ -89.107042914806016, 17.978759303355105 ], [ -89.106611280000251, 17.979176878660439 ], [ -89.106051378691461, 17.979559171154722 ], [ -89.105621942506303, 17.979876425241279 ], [ -89.105077994131776, 17.980605223009768 ], [ -89.104900696327306, 17.981219608570111 ], [ -89.104590876912894, 17.981965515511018 ], [ -89.103763880102719, 17.982757398827271 ], [ -89.103161892099678, 17.982935858536347 ], [ -89.102197337044046, 17.982908552249459 ], [ -89.099480514920202, 17.982850462416202 ], [ -89.098810552804125, 17.982904624600991 ], [ -89.097853998906118, 17.98321011219171 ], [ -89.09680977599082, 17.983750628946389 ], [ -89.095611646651861, 17.984322992258313 ], [ -89.095051853200673, 17.984725546490132 ], [ -89.094724453512896, 17.985224122278364 ], [ -89.094452901918544, 17.985835462358374 ], [ -89.094047644126917, 17.986658351996244 ], [ -89.093357151318187, 17.987643504432995 ], [ -89.092518420569732, 17.988456515114763 ], [ -89.090874403609703, 17.989580272681522 ], [ -89.088958668395051, 17.990306106966319 ], [ -89.086662023870559, 17.990696083466517 ], [ -89.084631732299968, 17.991271835842607 ], [ -89.083859178915432, 17.991727552104148 ], [ -89.082799630137316, 17.9924244074776 ], [ -89.081717603015591, 17.993098247137024 ], [ -89.080455769039176, 17.993376025276032 ], [ -89.078874660733774, 17.993489462177823 ], [ -89.077400971065288, 17.993594911984271 ], [ -89.076045324209801, 17.993904589512606 ], [ -89.075321520234382, 17.994259769477729 ], [ -89.074825729804544, 17.994536129288175 ], [ -89.073992262827545, 17.994973649642123 ], [ -89.073283704085327, 17.995172391893369 ], [ -89.072768750834996, 17.995116838131175 ], [ -89.071816221856707, 17.994705096718302 ], [ -89.071543884640406, 17.994284609074455 ], [ -89.071144057152353, 17.993926935235976 ], [ -89.070481151333937, 17.993687954915167 ], [ -89.067640955738895, 17.993609969805707 ], [ -89.065096578016039, 17.993558255036689 ], [ -89.064007048779331, 17.993479721755939 ], [ -89.06340973903238, 17.993445019216988 ], [ -89.06277957247967, 17.993298016906888 ], [ -89.062194547653931, 17.993241012431476 ], [ -89.061623494107209, 17.993112122866783 ], [ -89.060849672362437, 17.993065927695671 ], [ -89.060308722479803, 17.993067320571047 ], [ -89.059793686327438, 17.993069239695522 ], [ -89.059264990172196, 17.993102452629497 ], [ -89.058726708836872, 17.993328285345378 ], [ -89.05742521241784, 17.994064029482903 ], [ -89.05659948474559, 17.994788034824097 ], [ -89.055782105383784, 17.995692619387302 ], [ -89.055196581478128, 17.99668987821989 ], [ -89.054553970488286, 17.997630718533745 ], [ -89.054214102853109, 17.998656659156758 ], [ -89.053961180263443, 17.999482535818409 ], [ -89.053621391021636, 18.000531028145993 ], [ -89.053351934587212, 18.001040839624729 ], [ -89.052725489989498, 18.001889534254229 ], [ -89.052056880392342, 18.002594165438047 ], [ -89.051275054307467, 18.003249121269345 ], [ -89.050395685602567, 18.003917868275284 ], [ -89.049699629235647, 18.00437273003676 ], [ -89.049189390232129, 18.004581059841101 ], [ -89.048598332172872, 18.004740379559792 ], [ -89.047756939640848, 18.004868648292678 ], [ -89.046896893878184, 18.004908580749518 ], [ -89.046258333633602, 18.005004904441716 ], [ -89.045619065528584, 18.005132782538098 ], [ -89.044810402828801, 18.005536836593379 ], [ -89.043972963166368, 18.006041777917673 ], [ -89.043358260765217, 18.006256976440962 ], [ -89.042702848445202, 18.006368728457765 ], [ -89.04206637469099, 18.006371489211009 ], [ -89.041383809789849, 18.006248145841099 ], [ -89.040590484928089, 18.005965801421919 ], [ -89.039644913687454, 18.005298087700488 ], [ -89.038805395594707, 18.004789276084921 ], [ -89.038141164860363, 18.004558050762675 ], [ -89.037457931949461, 18.004465125195384 ], [ -89.0363977478153, 18.004443404423061 ], [ -89.035109362815135, 18.004402339484546 ], [ -89.034538751097003, 18.004359072063021 ], [ -89.033938074150839, 18.004237383423465 ], [ -89.033196086816943, 18.00384781490223 ], [ -89.031730497000225, 18.00295855149546 ], [ -89.03061543536468, 18.002467734563744 ], [ -89.02953758397507, 18.001789375972692 ], [ -89.028025612301349, 18.000999490605945 ], [ -89.024792257775843, 17.99872306753543 ], [ -89.02395848676818, 17.997752022197336 ], [ -89.0228112410867, 17.996571573789179 ], [ -89.021468478941301, 17.995780616909514 ], [ -89.020603719532076, 17.995561004782754 ], [ -89.020033682518658, 17.995415102983582 ], [ -89.018612472954615, 17.99496979980994 ], [ -89.017383146737984, 17.994350285088604 ], [ -89.016474401007713, 17.993545682072156 ], [ -89.015491776385304, 17.992908684109516 ], [ -89.013259042322758, 17.992054254549736 ], [ -89.010559740263773, 17.9914066744122 ], [ -89.008613060953593, 17.991038426976935 ], [ -89.006279526918547, 17.989980018568794 ], [ -89.005022265530599, 17.989270784885367 ], [ -89.003263655201351, 17.988481291386968 ], [ -89.001974816767216, 17.987893165340637 ], [ -89.001104165586483, 17.987494076029176 ], [ -89.000657573846425, 17.987023690528016 ], [ -89.00040580766921, 17.986222450359527 ], [ -89.000131784382077, 17.985363250616537 ], [ -88.999650218948688, 17.984354308792643 ], [ -88.999335352955882, 17.983764870464096 ], [ -88.999104806339076, 17.983041872410197 ], [ -88.999113379279905, 17.982165957409052 ], [ -88.999360394781448, 17.981610681079808 ], [ -88.99965745461985, 17.980978634782513 ], [ -88.999894613056455, 17.980285594476513 ], [ -89.000421259409492, 17.97968760401173 ], [ -89.00094405556402, 17.979521378814784 ], [ -89.001760421258084, 17.979190955673268 ], [ -89.002343274537822, 17.978843304029255 ], [ -89.002904242507341, 17.97839484893402 ], [ -89.003375950463081, 17.977776547825499 ], [ -89.003313322516647, 17.976921714060094 ], [ -89.003254199478775, 17.976329666582178 ], [ -89.003216207471212, 17.975505781169375 ], [ -89.003074306499073, 17.975031544957567 ], [ -89.002433532737598, 17.9748390439362 ], [ -89.001848146065726, 17.974829215673385 ], [ -89.001272136049295, 17.974847770802839 ], [ -89.000567932106122, 17.97485578124784 ], [ -88.999772439134105, 17.974784105850848 ], [ -88.999004235849071, 17.974521311221199 ], [ -88.99835980686521, 17.973969040042199 ], [ -88.997985331734569, 17.973411070793901 ], [ -88.997868270615868, 17.972880968764418 ], [ -88.998025070544543, 17.971649563758227 ], [ -88.998197678711605, 17.971153635311605 ], [ -88.998356659495457, 17.970478146838197 ], [ -88.998404315762258, 17.969906345395547 ], [ -88.997837121749242, 17.969064769547458 ], [ -88.997201945729358, 17.968625442303985 ], [ -88.996515178668062, 17.968148968088698 ], [ -88.996013272730949, 17.967573706011351 ], [ -88.995628325950094, 17.967062874489901 ], [ -88.995351907434582, 17.96589355541261 ], [ -88.995109461790946, 17.965203008767684 ], [ -88.9945507916255, 17.964507055663159 ], [ -88.994219496381646, 17.964046943919094 ], [ -88.993400596943275, 17.962979163214303 ], [ -88.992859205307752, 17.962014084921812 ], [ -88.992640806828362, 17.961302612167788 ], [ -88.992680057725252, 17.960607742449564 ], [ -88.992806463777569, 17.95983574677398 ], [ -88.992831420607686, 17.959095479534337 ], [ -88.992847622954713, 17.958377583701367 ], [ -88.992792230686931, 17.957725858544119 ], [ -88.992490894429309, 17.957035220853161 ], [ -88.992274821090817, 17.95609040125877 ], [ -88.991192262881356, 17.953787042554993 ], [ -88.989526815534035, 17.951524622855516 ], [ -88.988037538752693, 17.94996602854977 ], [ -88.987324719878728, 17.949395416493974 ], [ -88.986170512809068, 17.949094162801714 ], [ -88.985060506160551, 17.950043104223404 ], [ -88.984625618238695, 17.95322947463044 ], [ -88.984696688533305, 17.956495101829873 ], [ -88.984635262534013, 17.957622470025765 ], [ -88.984326937898828, 17.958414364271228 ], [ -88.983915953134044, 17.958926760767373 ], [ -88.983400552830304, 17.959263356180045 ], [ -88.982671220068184, 17.959421880727934 ], [ -88.981872011141377, 17.959440267231429 ], [ -88.981255536009982, 17.959427487311036 ], [ -88.980677913656805, 17.959311780265345 ], [ -88.980069453292117, 17.958971058161595 ], [ -88.979597980518264, 17.958278010812279 ], [ -88.979001030245541, 17.957715403717877 ], [ -88.978291368168442, 17.957525920477714 ], [ -88.976824786562091, 17.957490977356255 ], [ -88.976154745775816, 17.957554869747071 ], [ -88.97525059436478, 17.957603750940006 ], [ -88.974045872030217, 17.957477260245483 ], [ -88.973503401910321, 17.957084898063922 ], [ -88.97311573255557, 17.956594275930399 ], [ -88.972672073459918, 17.956001013560304 ], [ -88.972189128320309, 17.955555764652797 ], [ -88.971418895340889, 17.955414611650138 ], [ -88.970646515333286, 17.955342183965406 ], [ -88.970088729054581, 17.95510622070854 ], [ -88.969422989437945, 17.954539907941289 ], [ -88.968838153370626, 17.954405979472778 ], [ -88.968251066998675, 17.95442308676396 ], [ -88.96759970498826, 17.954728621594526 ], [ -88.967014870311957, 17.955165199710553 ], [ -88.966536784203171, 17.955570171703791 ], [ -88.965765969315044, 17.95594762910013 ], [ -88.965214872088865, 17.955936160435577 ], [ -88.964713695100826, 17.955801704553672 ], [ -88.963837697376235, 17.955649298693469 ], [ -88.963237230324808, 17.955244431586447 ], [ -88.962325637489741, 17.954766559686451 ], [ -88.961765643355477, 17.954473025056206 ], [ -88.961092251368825, 17.954166978461167 ], [ -88.960604116840216, 17.953977538772328 ], [ -88.960009259051688, 17.953818571266083 ], [ -88.959083715007893, 17.953799284701315 ], [ -88.958332740309331, 17.954159084787609 ], [ -88.957112877482786, 17.955890270033201 ], [ -88.95663417673407, 17.956812716151926 ], [ -88.956122557547047, 17.957654419534272 ], [ -88.955656474371906, 17.958048335933142 ], [ -88.954916607334923, 17.958100547216588 ], [ -88.95405316299582, 17.9579145337146 ], [ -88.953242886286475, 17.957437608408185 ], [ -88.952694324192137, 17.956824082415075 ], [ -88.952121943735335, 17.956712915124243 ], [ -88.951539909506494, 17.956947676518595 ], [ -88.950699254122583, 17.957390129527777 ], [ -88.949916146290647, 17.957788681233882 ], [ -88.949028876144396, 17.958156866398685 ], [ -88.948389080028321, 17.958418597459627 ], [ -88.947957436974889, 17.958825614087729 ], [ -88.94729762674784, 17.959473645605652 ], [ -88.946535226034484, 17.959996633735273 ], [ -88.945977231649508, 17.960287127789982 ], [ -88.94504015425764, 17.960256250558803 ], [ -88.944538194117555, 17.960156679725831 ], [ -88.943781695474726, 17.959905207573321 ], [ -88.943473922066048, 17.959505280448415 ], [ -88.943497482537794, 17.95847414062105 ], [ -88.943569714877796, 17.957375243593869 ], [ -88.943645175952639, 17.956624802397872 ], [ -88.943706631631372, 17.95548170935708 ], [ -88.943689076442766, 17.954212940128262 ], [ -88.943607953270146, 17.953638488129865 ], [ -88.94289501214493, 17.952513016381722 ], [ -88.941829059703579, 17.951963055725145 ], [ -88.940799375358466, 17.951862580386191 ], [ -88.940115306733858, 17.951820071458009 ], [ -88.939067920066719, 17.951669609801776 ], [ -88.938274443362772, 17.951002443728747 ], [ -88.937973601832681, 17.950300497914487 ], [ -88.937547765901513, 17.949449364557125 ], [ -88.936898032109895, 17.948627363197033 ], [ -88.936349302361165, 17.947999146001646 ], [ -88.935954090453336, 17.947329045729436 ], [ -88.936143246500961, 17.946243883444247 ], [ -88.936475292303854, 17.945735590392715 ], [ -88.936919955510419, 17.945093232868988 ], [ -88.937342353282261, 17.944574428360475 ], [ -88.937601013224111, 17.944029645298205 ], [ -88.937671684015953, 17.943514746246571 ], [ -88.937615903487725, 17.942863033380394 ], [ -88.937407137820273, 17.942359195824668 ], [ -88.936850836318072, 17.941444448214657 ], [ -88.936278673675858, 17.940837165213583 ], [ -88.935517891652836, 17.940777258194586 ], [ -88.934626400015816, 17.941307651535862 ], [ -88.934110655605906, 17.941813218132829 ], [ -88.933689289089557, 17.942286938124163 ], [ -88.933039739871148, 17.943002785897406 ], [ -88.932219033740409, 17.943501953915039 ], [ -88.931473330223881, 17.943812149951231 ], [ -88.930722277341687, 17.943841492186603 ], [ -88.930201473687532, 17.943538557403738 ], [ -88.929583529482727, 17.942873923106632 ], [ -88.929226488311187, 17.942081725727494 ], [ -88.929227826896692, 17.941509007031229 ], [ -88.929442548695263, 17.940851697879875 ], [ -88.929748246486895, 17.940285365473876 ], [ -88.929980646373295, 17.939370238013485 ], [ -88.930005529409158, 17.938798015502535 ], [ -88.929876436820251, 17.937773834621304 ], [ -88.929713542104352, 17.936682425008765 ], [ -88.929716168285793, 17.936053361452345 ], [ -88.929862041125574, 17.935315684400365 ], [ -88.930146543022261, 17.934671110667107 ], [ -88.93050677924272, 17.934320133751125 ], [ -88.931016596496093, 17.934072635496452 ], [ -88.931689294280986, 17.933862376319269 ], [ -88.932295617662575, 17.933515426761769 ], [ -88.932705638894987, 17.932944508802851 ], [ -88.932601330225509, 17.932380849083803 ], [ -88.931819200724931, 17.931788325879506 ], [ -88.931276207629992, 17.931504100062515 ], [ -88.929980852041055, 17.931154489746902 ], [ -88.929230539816785, 17.931076744497886 ], [ -88.927396684969793, 17.930864648448349 ], [ -88.92683802402928, 17.930673660749608 ], [ -88.926142589867581, 17.930334359528505 ], [ -88.925704690866212, 17.929988062697387 ], [ -88.925167593286659, 17.929370220730199 ], [ -88.92393172635856, 17.927659867519054 ], [ -88.923201436264804, 17.926658016403064 ], [ -88.922695598610503, 17.925704848550115 ], [ -88.922416841552433, 17.92471135113626 ], [ -88.922262244247293, 17.924159038779404 ], [ -88.921869566815715, 17.922354771080606 ], [ -88.921589102296409, 17.92182123683477 ], [ -88.921144082025563, 17.921272973217356 ], [ -88.920629864966983, 17.920711976922284 ], [ -88.920268709825251, 17.920076404181771 ], [ -88.919971403833401, 17.91925050877165 ], [ -88.919771278524749, 17.918269939315582 ], [ -88.919648838280125, 17.917471392186183 ], [ -88.919273459785444, 17.916377776541875 ], [ -88.91839372397726, 17.91596356112542 ], [ -88.91749981912595, 17.916090215528715 ], [ -88.916707657789431, 17.916376844867095 ], [ -88.916116065982195, 17.916622591561755 ], [ -88.915575862498443, 17.916656328293623 ], [ -88.914379356435333, 17.916676261096086 ], [ -88.913312708479992, 17.916170152433065 ], [ -88.912868738250992, 17.915577927394537 ], [ -88.912513903252673, 17.914694442105986 ], [ -88.912372912840951, 17.913704971232917 ], [ -88.912434453279744, 17.913127892179723 ], [ -88.912481794286435, 17.912527964716094 ], [ -88.912576287970808, 17.91146452811984 ], [ -88.91246052912895, 17.910889354679188 ], [ -88.911596814462911, 17.910651332497665 ], [ -88.910961835250461, 17.910812720423756 ], [ -88.910105697057901, 17.911270476768561 ], [ -88.909521241722317, 17.911770025837324 ], [ -88.908928022038481, 17.91259972444049 ], [ -88.908597857706255, 17.913206095262549 ], [ -88.908060701381629, 17.914106870195038 ], [ -88.907649906611084, 17.914659678262975 ], [ -88.907195811790487, 17.91502103321066 ], [ -88.906675299778612, 17.915223149746097 ], [ -88.905653536158454, 17.915301956142091 ], [ -88.90492688846048, 17.915223502307814 ], [ -88.904410654544336, 17.91480448890362 ], [ -88.90387287446211, 17.914221546313076 ], [ -88.902775073369156, 17.911924380421532 ], [ -88.902171835588263, 17.910706440924699 ], [ -88.901791402399184, 17.910298183534351 ], [ -88.900072979819953, 17.909203279063757 ], [ -88.898962926527702, 17.908540605136029 ], [ -88.897059972472377, 17.907175717088904 ], [ -88.896190160171685, 17.906591385862853 ], [ -88.895383290551521, 17.906112102845881 ], [ -88.894799680113991, 17.905987035076098 ], [ -88.894210077552174, 17.906096339089483 ], [ -88.893372556844014, 17.906436031741354 ], [ -88.892555106310454, 17.906747959487088 ], [ -88.891425307056508, 17.906483934825157 ], [ -88.890526137533456, 17.90633075977572 ], [ -88.889683772931406, 17.906267847854085 ], [ -88.888842187356857, 17.906171128117684 ], [ -88.888113237857709, 17.906245896105247 ], [ -88.887276687152635, 17.906441273235366 ], [ -88.886579430343176, 17.906673416307054 ], [ -88.885778192675403, 17.906869533913397 ], [ -88.885186499359307, 17.907018222342465 ], [ -88.884652607257834, 17.906856971031438 ], [ -88.884502713853323, 17.906259657055298 ], [ -88.884782139798688, 17.905838288887445 ], [ -88.885109701792373, 17.905474308772362 ], [ -88.885505597149091, 17.904956193236238 ], [ -88.885892165744153, 17.904459301504144 ], [ -88.886134315040536, 17.903612107942269 ], [ -88.885942798074865, 17.902777157268851 ], [ -88.885624770484227, 17.902269856358195 ], [ -88.885118302353973, 17.901253490885068 ], [ -88.88498092242915, 17.900445616420047 ], [ -88.884491071500491, 17.900137611031528 ], [ -88.883564857053941, 17.899831639445765 ], [ -88.882710396085685, 17.899274644355589 ], [ -88.882630804100884, 17.89866754246086 ], [ -88.882742530286166, 17.897884111957286 ], [ -88.88277956061961, 17.897300900784561 ], [ -88.88265496896301, 17.896602656034879 ], [ -88.88208131713607, 17.896074156974056 ], [ -88.881056977286192, 17.895760461343166 ], [ -88.880359922490655, 17.895476244783318 ], [ -88.879802032032558, 17.895285166138745 ], [ -88.879180270345969, 17.894800736002377 ], [ -88.878624921642128, 17.894474421408802 ], [ -88.877930008029779, 17.894123726342784 ], [ -88.87720786322447, 17.893906612294785 ], [ -88.876692329113524, 17.893895680468777 ], [ -88.876034669977741, 17.893970795751528 ], [ -88.875366018794324, 17.894495507868282 ], [ -88.874562226784107, 17.895033130709582 ], [ -88.873953118052114, 17.895020205058255 ], [ -88.87344329732943, 17.894762486381403 ], [ -88.873001617832756, 17.894333723264282 ], [ -88.872309355682418, 17.893869200592185 ], [ -88.871689913724424, 17.893692577835225 ], [ -88.870955169055449, 17.893638646154514 ], [ -88.87029898920737, 17.893624710329249 ], [ -88.869665826744182, 17.893633808249064 ], [ -88.868649976971696, 17.893971862661331 ], [ -88.868080626258077, 17.894250628987265 ], [ -88.867439650271393, 17.894596642326938 ], [ -88.866942461432714, 17.894810423730487 ], [ -88.866353175172947, 17.894933181191046 ], [ -88.865560587410357, 17.894758494751787 ], [ -88.865174985555768, 17.894451539582672 ], [ -88.864686839863353, 17.894021772681796 ], [ -88.864098546789492, 17.893594383939966 ], [ -88.863400037803572, 17.893400270759148 ], [ -88.862722415880782, 17.893295664506724 ], [ -88.861715434924193, 17.893251686955196 ], [ -88.86075911901527, 17.893155797312303 ], [ -88.860229291612598, 17.893152409477747 ], [ -88.859390379156878, 17.893426536875879 ], [ -88.858998052073702, 17.893916481115102 ], [ -88.858659830973792, 17.894611630260229 ], [ -88.858413090349856, 17.895145259508062 ], [ -88.858214411740022, 17.895612270200878 ], [ -88.85801501066382, 17.896135632473559 ], [ -88.857895276296375, 17.896727204723252 ], [ -88.857837311475492, 17.897219759676688 ], [ -88.857879381999297, 17.897917373236577 ], [ -88.858230062742635, 17.898485150102093 ], [ -88.858730245763113, 17.898877985358538 ], [ -88.859161535489449, 17.899245676502925 ], [ -88.859007311992116, 17.89982637274078 ], [ -88.858137743932275, 17.900277959322974 ], [ -88.85731304940262, 17.900597469981349 ], [ -88.856801967913611, 17.900901112438806 ], [ -88.856302129068766, 17.901227539675904 ], [ -88.855780324665901, 17.901485857763323 ], [ -88.85529356535352, 17.901756193740418 ], [ -88.854749825806692, 17.902197798880728 ], [ -88.854526102028473, 17.902753329595182 ], [ -88.854412110774518, 17.903375460450555 ], [ -88.854258673532712, 17.904427403835612 ], [ -88.854053202544449, 17.905185120623205 ], [ -88.853896854851371, 17.905855950995303 ], [ -88.853682794745595, 17.906501873394806 ], [ -88.853435490378573, 17.907058025472114 ], [ -88.853134778524165, 17.907707736051229 ], [ -88.853536833788283, 17.908547184405592 ], [ -88.853752872794175, 17.909358990184046 ], [ -88.854059776995598, 17.910264050596378 ], [ -88.854346119796574, 17.911066082508771 ], [ -88.854596600634522, 17.911891024254153 ], [ -88.854652546498684, 17.912497616022154 ], [ -88.85470350939616, 17.913318298180872 ], [ -88.854719773138129, 17.915148363616279 ], [ -88.854751154976114, 17.916809647701104 ], [ -88.854808751532758, 17.917876238833809 ], [ -88.854909919061598, 17.918563838378198 ], [ -88.855128765621714, 17.919230274984812 ], [ -88.855350208697729, 17.919785156079005 ], [ -88.855749214479559, 17.920276184704605 ], [ -88.856160781981103, 17.920733663154195 ], [ -88.856424557653213, 17.921468699588715 ], [ -88.856811274698998, 17.921982012120811 ], [ -88.857260787848617, 17.92232756163904 ], [ -88.857698982019627, 17.92313396082238 ], [ -88.857645903408354, 17.923896057215199 ], [ -88.857066015066479, 17.924141853359277 ], [ -88.85636395902786, 17.92407050089604 ], [ -88.855838218146118, 17.924014184184539 ], [ -88.85503811336433, 17.924132390122441 ], [ -88.854569013782893, 17.924627434052947 ], [ -88.854334497308813, 17.92513876211633 ], [ -88.854203789587302, 17.925718819190887 ], [ -88.854033559889317, 17.92647841099425 ], [ -88.853783354682989, 17.927157377434213 ], [ -88.853003128686694, 17.928442818327124 ], [ -88.852497207487687, 17.929026129748635 ], [ -88.851962743139055, 17.929823029635696 ], [ -88.851741297273534, 17.930278261831901 ], [ -88.851225306544578, 17.931065406512776 ], [ -88.850802633977267, 17.931588486249737 ], [ -88.849965560440168, 17.932002367440571 ], [ -88.849457785636176, 17.932159485970395 ], [ -88.84876072700483, 17.932402743334794 ], [ -88.848365614436005, 17.932753916869117 ], [ -88.847824873996217, 17.933313920536669 ], [ -88.847307384539533, 17.933886818100454 ], [ -88.846955370542233, 17.934384342297065 ], [ -88.846429787755369, 17.93479923529339 ], [ -88.845860572102666, 17.935090308113026 ], [ -88.845200333494788, 17.935244148201622 ], [ -88.843767412611115, 17.935348745950993 ], [ -88.843143017784541, 17.935480797574321 ], [ -88.842695351738229, 17.936088997944307 ], [ -88.842959603802086, 17.936801510310996 ], [ -88.843107502108168, 17.937528437420667 ], [ -88.843009228928508, 17.938204998479105 ], [ -88.842541901318569, 17.938621125013395 ], [ -88.842068895968524, 17.938801512600186 ], [ -88.840451135127623, 17.938800654582383 ], [ -88.838100694644055, 17.938525904896963 ], [ -88.836470644982754, 17.938547298993541 ], [ -88.835602013761388, 17.938596296531436 ], [ -88.834656728997231, 17.938900677413617 ], [ -88.833849983818169, 17.939299346339677 ], [ -88.83339710912982, 17.939625567718132 ], [ -88.833044843279922, 17.940156871247005 ], [ -88.832851219437231, 17.940904647460592 ], [ -88.832798277720073, 17.941655448318688 ], [ -88.832663514919147, 17.94240448804717 ], [ -88.832306508928895, 17.943137480889369 ], [ -88.831494237690791, 17.943770500396063 ], [ -88.830869021073269, 17.943936309542909 ], [ -88.830374008593012, 17.944049677409556 ], [ -88.829665586452137, 17.944247513736713 ], [ -88.829155124720714, 17.944517244382354 ], [ -88.828625534441514, 17.945099961094957 ], [ -88.828044200130705, 17.945503442910447 ], [ -88.827267838408034, 17.945509287093685 ], [ -88.826522674656843, 17.945290334923762 ], [ -88.825764918124875, 17.945106054972644 ], [ -88.824642385275681, 17.94498155960046 ], [ -88.823634637639259, 17.944959862296415 ], [ -88.822855366477597, 17.945189965852268 ], [ -88.821545154664051, 17.946059094989618 ], [ -88.820950372366866, 17.946457752981583 ], [ -88.820307341149515, 17.946829440661727 ], [ -88.819518731408351, 17.9469804140431 ], [ -88.818579169327208, 17.94703907079586 ], [ -88.817461967525475, 17.947063454945553 ], [ -88.816679238850867, 17.947064609226736 ], [ -88.81608012258782, 17.947096777928884 ], [ -88.815585365102166, 17.947198834830477 ], [ -88.814758780533808, 17.947461699986519 ], [ -88.813790723592362, 17.947804929919371 ], [ -88.8133389350252, 17.94850764059569 ], [ -88.813100753155311, 17.949142815148367 ], [ -88.813045677889221, 17.950005150233647 ], [ -88.813049645943096, 17.950836067702053 ], [ -88.812715500399733, 17.951569499831404 ], [ -88.812174597166432, 17.952129368446627 ], [ -88.811130439898903, 17.95315070419872 ], [ -88.809676102390469, 17.954656930977674 ], [ -88.808987127861258, 17.955550651458207 ], [ -88.808528238568925, 17.956502327463458 ], [ -88.808127081131332, 17.957203857218072 ], [ -88.807260478330377, 17.958161366650526 ], [ -88.806626443358908, 17.958697776951386 ], [ -88.805983028334808, 17.959132523224213 ], [ -88.805527075037574, 17.959560053516405 ], [ -88.805356049157808, 17.960342083734531 ], [ -88.805557052349954, 17.960783831469996 ], [ -88.805767111606286, 17.961315957540975 ], [ -88.805835411371632, 17.961890106328788 ], [ -88.805729642535226, 17.96240299688975 ], [ -88.805294029211822, 17.962966241487184 ], [ -88.804688126627937, 17.963806496275161 ], [ -88.804158132139932, 17.96440038273289 ], [ -88.80379840268273, 17.9647679862851 ], [ -88.803250627318846, 17.96529159346381 ], [ -88.802568505069758, 17.965667990432689 ], [ -88.801976655578329, 17.965913321756787 ], [ -88.801525178999938, 17.966150418147322 ], [ -88.801037900641987, 17.96643183052683 ], [ -88.800330266133471, 17.967089490368277 ], [ -88.800027338122334, 17.967520318292788 ], [ -88.799921729526801, 17.968000512643403 ], [ -88.799672304881881, 17.968634285412545 ], [ -88.799000484358558, 17.969271296030836 ], [ -88.798572599488494, 17.969531442807213 ], [ -88.797862456013021, 17.969796736560284 ], [ -88.797045415264478, 17.970148763950835 ], [ -88.796658452865117, 17.970645397432147 ], [ -88.796515571600253, 17.971380675962806 ], [ -88.796400781603836, 17.972098527625022 ], [ -88.795868062876309, 17.972805051817616 ], [ -88.794900373292293, 17.9730760145906 ], [ -88.794273095796413, 17.972826791085087 ], [ -88.793492738899801, 17.972103031369819 ], [ -88.792838403374276, 17.971504883488446 ], [ -88.792291148647593, 17.971358848051096 ], [ -88.791753244412689, 17.971762005343528 ], [ -88.791393674857176, 17.972617697347356 ], [ -88.791512479395152, 17.973518728920354 ], [ -88.791919958863332, 17.974144212188577 ], [ -88.79195865577546, 17.975492164769491 ], [ -88.791461506893754, 17.976659382359003 ], [ -88.791036006889357, 17.977289306179411 ], [ -88.790548526630801, 17.977825446013242 ], [ -88.790205599366956, 17.978202397422304 ], [ -88.789795315598198, 17.978687227386065 ], [ -88.789103083634103, 17.979188474260038 ], [ -88.788310796795912, 17.978992003101176 ], [ -88.788027461851868, 17.978570998484326 ], [ -88.787832622266308, 17.978094426249612 ], [ -88.787337167065544, 17.977478297341055 ], [ -88.786554281351954, 17.977382353189121 ], [ -88.785839304509196, 17.977849271954199 ], [ -88.785413486260353, 17.978491575564604 ], [ -88.785425079932921, 17.979490599451541 ], [ -88.785323533930921, 17.980318069291879 ], [ -88.785113027187251, 17.980773418254451 ], [ -88.784057033503075, 17.981783017302984 ], [ -88.782971814649784, 17.982534950835753 ], [ -88.782440098661255, 17.982799551674418 ], [ -88.782478398720599, 17.983318934656442 ], [ -88.782981408418763, 17.983567747524827 ], [ -88.783569259890228, 17.983568151707193 ], [ -88.784393119803639, 17.983428276796598 ], [ -88.785059996878104, 17.98349916079313 ], [ -88.785033083969907, 17.98416028958323 ], [ -88.784696339339774, 17.984523833850893 ], [ -88.784266776082916, 17.98524833945844 ], [ -88.784289850004257, 17.985838410625085 ], [ -88.784957050542403, 17.986019778776605 ], [ -88.785521100709488, 17.985832530866677 ], [ -88.786255931001122, 17.98599394958196 ], [ -88.786440058337448, 17.986648399591626 ], [ -88.786460434749287, 17.98727786774478 ], [ -88.786483170778737, 17.987783386603994 ], [ -88.7871060867175, 17.988217423388107 ], [ -88.787628546375046, 17.98844185242249 ], [ -88.788109015520035, 17.988946060622052 ], [ -88.788207510998305, 17.989733924018168 ], [ -88.788078928896937, 17.990707354384558 ], [ -88.787535446939117, 17.991862263956623 ], [ -88.786938155617662, 17.992331740413249 ], [ -88.786425113924935, 17.992701590766394 ], [ -88.78599522276059, 17.993018012659331 ], [ -88.785431858793316, 17.993522040004066 ], [ -88.784976111024406, 17.99445452028057 ], [ -88.784593079052229, 17.995276981101547 ], [ -88.784252020099501, 17.996290866371343 ], [ -88.784017955850288, 17.996769368436556 ], [ -88.783758516499532, 17.997323973245663 ], [ -88.783192180264336, 17.99795192501778 ], [ -88.782889624793143, 17.998436824691971 ], [ -88.782469855027344, 17.999613570440967 ], [ -88.781877064783927, 18.001005231481464 ], [ -88.781426199633955, 18.001533111977466 ], [ -88.780805796474098, 18.002253436091063 ], [ -88.780286356153951, 18.002766286305111 ], [ -88.779728785058197, 18.003173467265409 ], [ -88.779102618432603, 18.003566747740454 ], [ -88.778577446656101, 18.003751431201817 ], [ -88.777861503268895, 18.003907148412186 ], [ -88.776940154798126, 18.004030194306264 ], [ -88.776059671885804, 18.004168783873535 ], [ -88.774587272794491, 18.004425199931891 ], [ -88.772922920531201, 18.004677408575468 ], [ -88.771696338304508, 18.004951573957491 ], [ -88.770921892838871, 18.005262672988188 ], [ -88.77038034203818, 18.005565334794479 ], [ -88.769879551547149, 18.005863251560818 ], [ -88.769392461775652, 18.006179501707905 ], [ -88.769203036708461, 18.006661207770271 ], [ -88.769935677996443, 18.006965816571888 ], [ -88.770605353390579, 18.007045844784749 ], [ -88.771089728169841, 18.007410401423748 ], [ -88.771351918734382, 18.007926786650874 ], [ -88.771495844824656, 18.008782145895783 ], [ -88.771479558481289, 18.009463785757049 ], [ -88.771365379282315, 18.010248119470752 ], [ -88.771154955459579, 18.011016821157231 ], [ -88.770952338641365, 18.011458784665091 ], [ -88.770361712495529, 18.012088405597222 ], [ -88.76984719330018, 18.012417580298301 ], [ -88.769032790344156, 18.012648883192035 ], [ -88.768371598189376, 18.01280462582973 ], [ -88.767790098853993, 18.013027494981344 ], [ -88.767051226996912, 18.01354901873551 ], [ -88.766389802324298, 18.014255978705449 ], [ -88.76608897467726, 18.014813020420185 ], [ -88.765908702156679, 18.015477534754901 ], [ -88.766167757299868, 18.016099821796359 ], [ -88.76679400070725, 18.016297281823935 ], [ -88.767250681531777, 18.016687168486325 ], [ -88.767037396085982, 18.017574160512453 ], [ -88.766640582401649, 18.018129099270165 ], [ -88.766397015597704, 18.018582556719025 ], [ -88.766227888571194, 18.019298043502047 ], [ -88.766215526497575, 18.019863655892138 ], [ -88.766248631999389, 18.020769569786321 ], [ -88.766368308006491, 18.021480109707213 ], [ -88.766517545807019, 18.022112392090389 ], [ -88.76678480629208, 18.0229828540844 ], [ -88.766894689101719, 18.023536491810525 ], [ -88.767148380324713, 18.024407785878658 ], [ -88.767325331704399, 18.025014746903498 ], [ -88.767571177344209, 18.025623216333187 ], [ -88.768178688036286, 18.02658004161432 ], [ -88.768509488823796, 18.027085536836388 ], [ -88.768682373657555, 18.027862625496184 ], [ -88.768655344487684, 18.028425662421739 ], [ -88.76850648192891, 18.028934177798327 ], [ -88.768192112443117, 18.02946499547015 ], [ -88.765801277808038, 18.031995145762188 ], [ -88.765392438816463, 18.032484429469765 ], [ -88.764942409609674, 18.032946881883898 ], [ -88.764122847257028, 18.033413628252926 ], [ -88.763349235956596, 18.033659309201727 ], [ -88.762758457862631, 18.033725256297227 ], [ -88.761838166165347, 18.033822295437002 ], [ -88.761055735600578, 18.033870501145991 ], [ -88.760288418762826, 18.033853657229535 ], [ -88.759604005861704, 18.033819467849121 ], [ -88.758875723519765, 18.033894779720157 ], [ -88.758361773297622, 18.034172068295099 ], [ -88.757807808012345, 18.034422548716524 ], [ -88.75727306927098, 18.034436727100221 ], [ -88.756373899902329, 18.0341937757415 ], [ -88.755848295354639, 18.034391891927086 ], [ -88.755632647781567, 18.034833542486364 ], [ -88.75539662212924, 18.035510335901563 ], [ -88.754972958248075, 18.036051119160707 ], [ -88.754471004721339, 18.036368110611864 ], [ -88.753974017974855, 18.036527397291255 ], [ -88.753462894981809, 18.036686368855079 ], [ -88.752967151959623, 18.03679382779373 ], [ -88.752442159684833, 18.036966019839976 ], [ -88.751764218080154, 18.03722614963165 ], [ -88.751290847687528, 18.037530234304647 ], [ -88.750357618655144, 18.038139823741243 ], [ -88.749803039573877, 18.038415060384864 ], [ -88.749043695728602, 18.038654228154918 ], [ -88.748502988089953, 18.038891440314934 ], [ -88.748003143680833, 18.039169004570763 ], [ -88.747342204776231, 18.039285205949135 ], [ -88.746808379466586, 18.03926104656669 ], [ -88.746152125887946, 18.039207135886084 ], [ -88.745576155539922, 18.039220370098164 ], [ -88.745104969994486, 18.039433177991352 ], [ -88.744457812442491, 18.040126815327039 ], [ -88.743891256345321, 18.040874080540014 ], [ -88.743374679554762, 18.041283147008471 ], [ -88.742803099056871, 18.041676345349668 ], [ -88.742302025880875, 18.041979790813208 ], [ -88.741459099185505, 18.042263293650894 ], [ -88.740483055034474, 18.042398444430646 ], [ -88.739919641677943, 18.042452517313688 ], [ -88.739394654749063, 18.042623539696255 ], [ -88.738879014781219, 18.042993160128493 ], [ -88.738608890919821, 18.043956610888163 ], [ -88.73853957880408, 18.044558145584574 ], [ -88.738464882933712, 18.045382751295577 ], [ -88.738093421978832, 18.046003539616017 ], [ -88.737400608396172, 18.046316262327089 ], [ -88.736753449414138, 18.046446251260289 ], [ -88.736257713757311, 18.046527731561248 ], [ -88.735502923902715, 18.046576434238716 ], [ -88.734323894809634, 18.046576303707301 ], [ -88.733307855297227, 18.046658674573326 ], [ -88.732631437484386, 18.046853381850106 ], [ -88.731954067048719, 18.047087518161067 ], [ -88.731165876372046, 18.047372178964388 ], [ -88.73012838857565, 18.047780949018513 ], [ -88.7294903280943, 18.048094848558151 ], [ -88.72861336245262, 18.048639047378881 ], [ -88.727457110430038, 18.049426169342528 ], [ -88.726354376976545, 18.050241519496513 ], [ -88.725713765857634, 18.050660179417736 ], [ -88.724798379838688, 18.051111071963607 ], [ -88.724311102181673, 18.051402365314317 ], [ -88.723825392746917, 18.051653114223019 ], [ -88.723394098834717, 18.051919721349606 ], [ -88.722837833146258, 18.052261331932801 ], [ -88.722034511586074, 18.052609864322783 ], [ -88.721558819966873, 18.053006235531928 ], [ -88.721239815258571, 18.053720570842707 ], [ -88.721088642369764, 18.054293219702121 ], [ -88.720509287947195, 18.055027702980812 ], [ -88.720089940445135, 18.055359943235402 ], [ -88.719637856888696, 18.055899985651756 ], [ -88.719126478984322, 18.05664949913686 ], [ -88.718577696884637, 18.057240371310783 ], [ -88.717936743257155, 18.057671386729957 ], [ -88.717027061801488, 18.057860848216421 ], [ -88.715932294713497, 18.0578827515569 ], [ -88.715299700004792, 18.058187698540831 ], [ -88.714960879032219, 18.058891430168771 ], [ -88.715054676906291, 18.059566449944388 ], [ -88.715418949518025, 18.059901429495611 ], [ -88.715801729488959, 18.060275144005566 ], [ -88.716109285025198, 18.060859101299606 ], [ -88.716282593793665, 18.061584358056908 ], [ -88.716289323464366, 18.062132323426415 ], [ -88.71637309806222, 18.063244475863502 ], [ -88.716458873178823, 18.063861830845706 ], [ -88.716679671973537, 18.064694097115822 ], [ -88.716785935360235, 18.065292746444864 ], [ -88.716867399724251, 18.06606330362651 ], [ -88.716911700555784, 18.066738351807452 ], [ -88.716953581314172, 18.067488868158819 ], [ -88.71695166336562, 18.068392838161905 ], [ -88.716952560616278, 18.069180769086906 ], [ -88.716739108025749, 18.069695664322747 ], [ -88.716267898794513, 18.070050404820126 ], [ -88.715704036533424, 18.070095362074788 ], [ -88.714983914703211, 18.069926058878142 ], [ -88.714324019543241, 18.069776124496354 ], [ -88.713719150371176, 18.069859614411673 ], [ -88.713249333477876, 18.070156892526942 ], [ -88.712816305538396, 18.070589120753091 ], [ -88.712437391586604, 18.071291952115082 ], [ -88.71224254885189, 18.071864739957363 ], [ -88.71216937911818, 18.072401910989296 ], [ -88.712718147747722, 18.074625668492445 ], [ -88.712921386838545, 18.075379772817936 ], [ -88.713070945907674, 18.075845247513897 ], [ -88.713438581924521, 18.076430548156356 ], [ -88.71427559184491, 18.076737725628771 ], [ -88.714857764952171, 18.076788996301151 ], [ -88.715479521732249, 18.07686030825975 ], [ -88.71645870558423, 18.077113151219866 ], [ -88.71711164968174, 18.077550362454673 ], [ -88.717420155708453, 18.078096020170332 ], [ -88.717586963204923, 18.078676853026973 ], [ -88.717594862622278, 18.079176376348887 ], [ -88.717492213427064, 18.080078108059102 ], [ -88.717075095998041, 18.080703447724513 ], [ -88.716484503631449, 18.080998043855608 ], [ -88.716012325728187, 18.081391080886583 ], [ -88.715796053859549, 18.082020884518744 ], [ -88.715863655457682, 18.082561185152677 ], [ -88.716109631615382, 18.083182104147586 ], [ -88.716354802737413, 18.08386049280044 ], [ -88.716297219555486, 18.084580616942649 ], [ -88.7159200130572, 18.085187677177498 ], [ -88.715302484923299, 18.085789390566411 ], [ -88.714702060234131, 18.086487294409068 ], [ -88.714178106578913, 18.087360482828686 ], [ -88.713894714221723, 18.088277349342896 ], [ -88.713759926865421, 18.088851472369573 ], [ -88.713624205603836, 18.08946389897633 ], [ -88.713365058557514, 18.090207714188093 ], [ -88.712990623976395, 18.090699851483542 ], [ -88.712097127651759, 18.091064331976941 ], [ -88.711548998179424, 18.091283200327876 ], [ -88.710454265553778, 18.09163417360039 ], [ -88.709966710716429, 18.091834095697209 ], [ -88.709475860381289, 18.092169207767977 ], [ -88.709081509081045, 18.092680054071494 ], [ -88.70886145677261, 18.093463053218628 ], [ -88.708849266350782, 18.093963253110282 ], [ -88.709022949894674, 18.095083037328507 ], [ -88.709428812812448, 18.096591240844479 ], [ -88.710041023367594, 18.098701453969248 ], [ -88.710246931293185, 18.099321486445387 ], [ -88.710556371979365, 18.099828852605139 ], [ -88.710868172859662, 18.100239335266291 ], [ -88.711317937007848, 18.100768990323626 ], [ -88.712027291622249, 18.101360785978983 ], [ -88.712559973835965, 18.101777313889116 ], [ -88.713094674872593, 18.102135271909102 ], [ -88.713752351649887, 18.102380992899263 ], [ -88.714311655342811, 18.102527583742766 ], [ -88.714810873969327, 18.102672834312752 ], [ -88.71528863947249, 18.102876220360869 ], [ -88.715964142633013, 18.103237306613384 ], [ -88.716210719949004, 18.103858243859897 ], [ -88.716171028824903, 18.104665559078015 ], [ -88.715913129616709, 18.105332751658551 ], [ -88.715517822182164, 18.105881914124708 ], [ -88.712722410742415, 18.109165158941313 ], [ -88.712168591938834, 18.10961496565811 ], [ -88.711698063725237, 18.109912200330335 ], [ -88.711346553617858, 18.110307900562951 ], [ -88.710528609867282, 18.110856641664583 ], [ -88.709995747970652, 18.111268582802079 ], [ -88.709541156436117, 18.111757791037018 ], [ -88.709164439854675, 18.112364832890005 ], [ -88.708783022308708, 18.113164517777317 ], [ -88.708650078170947, 18.113660893887388 ], [ -88.708632237678117, 18.1143920400581 ], [ -88.708688215081182, 18.115431424710383 ], [ -88.708665699759706, 18.116354088504952 ], [ -88.708516776018172, 18.117505003789642 ], [ -88.708339997536399, 18.11815482652613 ], [ -88.707870364483213, 18.119259130892505 ], [ -88.70740505532099, 18.120210233987663 ], [ -88.706436922457868, 18.121958296170959 ], [ -88.705430602023085, 18.123627722954627 ], [ -88.705015651938311, 18.124157247473271 ], [ -88.704757196683616, 18.124843562475039 ], [ -88.704539366200109, 18.125531912413908 ], [ -88.704238975256089, 18.126293935620946 ], [ -88.703982039365513, 18.126941960943938 ], [ -88.703640615742188, 18.127742517298 ], [ -88.703219435124083, 18.128501838417357 ], [ -88.702758751179132, 18.129261403747822 ], [ -88.70242673902473, 18.12967667201751 ], [ -88.701679374275912, 18.130612424966756 ], [ -88.701165546890579, 18.131061948255535 ], [ -88.700695994508862, 18.131340003028985 ], [ -88.7001444424981, 18.13169287150933 ], [ -88.699632952105773, 18.13204663142081 ], [ -88.699096241739838, 18.132611735784575 ], [ -88.698639184832913, 18.133197779979689 ], [ -88.698364876230926, 18.13371126711484 ], [ -88.698085058909669, 18.134473735993577 ], [ -88.697905839607628, 18.135220419633882 ], [ -88.697803957991269, 18.136082677305975 ], [ -88.697725013484884, 18.136850768400539 ], [ -88.69751825025601, 18.137903426188732 ], [ -88.697199640881536, 18.13858837422374 ], [ -88.696643335345783, 18.139133863628398 ], [ -88.696111311739983, 18.13950631189708 ], [ -88.695512000298081, 18.140146643449199 ], [ -88.695130435037456, 18.140946273769377 ], [ -88.694766329785381, 18.141851119493978 ], [ -88.694428580235353, 18.142498436051053 ], [ -88.693994826899299, 18.142949724859687 ], [ -88.693379809297653, 18.143436398316645 ], [ -88.69284952472502, 18.143713062998042 ], [ -88.692399139226879, 18.144049004645669 ], [ -88.692007321245356, 18.144424580611918 ], [ -88.6916137419161, 18.144895923669175 ], [ -88.690676150202364, 18.146202690382985 ], [ -88.689946693577866, 18.14724359855154 ], [ -88.689484361013541, 18.148041396987225 ], [ -88.689190938106563, 18.148538651031632 ], [ -88.688683128485437, 18.149123521254428 ], [ -88.688321210515142, 18.149529063865057 ], [ -88.687752826116963, 18.150131730063151 ], [ -88.687267983089797, 18.150621298769423 ], [ -88.686768916080666, 18.150873844591271 ], [ -88.686003380216206, 18.150934422688678 ], [ -88.68510625338709, 18.150999928173526 ], [ -88.684427568386909, 18.151196583391968 ], [ -88.6838369290532, 18.151480876594743 ], [ -88.682849585552205, 18.151978297624282 ], [ -88.682064709474759, 18.152393474917609 ], [ -88.680779557176407, 18.153109616557888 ], [ -88.680147869627206, 18.153432424974053 ], [ -88.679618378010943, 18.153698915015593 ], [ -88.679236399079855, 18.154103983353522 ], [ -88.679102593431168, 18.154629604021551 ], [ -88.679091080972299, 18.155504011667169 ], [ -88.67910856409371, 18.156015003330111 ], [ -88.679253691601744, 18.156657363679521 ], [ -88.679533069781641, 18.157162977523615 ], [ -88.680117026147386, 18.157965122362576 ], [ -88.680826963960925, 18.158942557067661 ], [ -88.681313026896262, 18.15962640250855 ], [ -88.681675138120198, 18.160052722789324 ], [ -88.682071994607242, 18.160696235173294 ], [ -88.68216464163315, 18.161842377270847 ], [ -88.682192951722456, 18.162727829358371 ], [ -88.682201702473435, 18.163593677282535 ], [ -88.682336806448077, 18.165457644240746 ], [ -88.682504095478251, 18.166038510177518 ], [ -88.6826908611379, 18.166618685813575 ], [ -88.683017490989002, 18.167241459162256 ], [ -88.683398540355753, 18.168096523179198 ], [ -88.683446449559554, 18.168617217659097 ], [ -88.6834322471516, 18.169194000633812 ], [ -88.68337976885276, 18.169672988257918 ], [ -88.683364621436525, 18.17028807202248 ], [ -88.683489369449674, 18.170944627335139 ], [ -88.683863296192627, 18.17129907671649 ], [ -88.684518316557899, 18.171659847405699 ], [ -88.685175696980949, 18.171924863311133 ], [ -88.685815401173642, 18.172093671371933 ], [ -88.686437334330662, 18.172145979959737 ], [ -88.68808675953683, 18.17218306108315 ], [ -88.68959569577386, 18.172178649837853 ], [ -88.690902747124639, 18.172208013469341 ], [ -88.69158729712457, 18.172183939203563 ], [ -88.692172933405061, 18.172082119449389 ], [ -88.692880433471686, 18.171963873989039 ], [ -88.693484221435227, 18.171939105468237 ], [ -88.693995255329511, 18.172041877631564 ], [ -88.69461155460553, 18.172323975947641 ], [ -88.695175005505945, 18.172741272026641 ], [ -88.695524329832168, 18.173258590916763 ], [ -88.695719721128711, 18.173897571281724 ], [ -88.695703380308714, 18.175811133153481 ], [ -88.695654582694686, 18.176549458633112 ], [ -88.695325343965507, 18.177254437930699 ], [ -88.694538810069261, 18.178572473467359 ], [ -88.694152524809766, 18.179151055652536 ], [ -88.693716995588403, 18.179669915259005 ], [ -88.693253764088723, 18.180092342080147 ], [ -88.692678193879559, 18.180599036323102 ], [ -88.692162509105984, 18.181116093128256 ], [ -88.691502675472378, 18.181764038654318 ], [ -88.691067354149581, 18.182273878007919 ], [ -88.688519236451981, 18.184846257165329 ], [ -88.687961538863846, 18.18544012541663 ], [ -88.687686391857923, 18.185981734766941 ], [ -88.687375139376883, 18.186768250219462 ], [ -88.687014313840052, 18.187125330923951 ], [ -88.686541747890161, 18.187518220802431 ], [ -88.685949647411178, 18.187880237872442 ], [ -88.685017747016587, 18.188128654066304 ], [ -88.684413788236071, 18.188134217313948 ], [ -88.683759739193988, 18.188138654402941 ], [ -88.683257030040181, 18.188127333541559 ], [ -88.682644837890209, 18.188084240301244 ], [ -88.679750719286289, 18.187942390240575 ], [ -88.676451378030848, 18.187925484256546 ], [ -88.67424475120508, 18.18804928164586 ], [ -88.673115340041747, 18.188177080927336 ], [ -88.672395000418831, 18.188406536104338 ], [ -88.671629602363325, 18.18886039874684 ], [ -88.671128147157631, 18.189204120466261 ], [ -88.670469134164705, 18.189814798457967 ], [ -88.670137604267367, 18.19020180546261 ], [ -88.669736372420232, 18.19095130294011 ], [ -88.669560965480812, 18.191534575758041 ], [ -88.669362563540219, 18.192236806532424 ], [ -88.668890331977352, 18.193043306630326 ], [ -88.668359170882837, 18.193752668340601 ], [ -88.667839589537635, 18.194422838371121 ], [ -88.667333312589349, 18.194960305749337 ], [ -88.66697221060349, 18.195326347060011 ], [ -88.6665398875313, 18.195734736258384 ], [ -88.666098487189331, 18.196080926457501 ], [ -88.66565875921475, 18.19635952567635 ], [ -88.665059200905375, 18.196615345666711 ], [ -88.664348979500133, 18.196839356233802 ], [ -88.663377194500612, 18.197076600599726 ], [ -88.662325480724348, 18.197303016288405 ], [ -88.661780759388776, 18.197368456876454 ], [ -88.661268272808726, 18.197346706902859 ], [ -88.660574961965338, 18.197292683999532 ], [ -88.660071430766834, 18.197290295554041 ], [ -88.659233806575173, 18.197396431505222 ], [ -88.658422184741909, 18.197666585411536 ], [ -88.656644608901075, 18.198770321815122 ], [ -88.655352435682957, 18.199750922100076 ], [ -88.653750379095541, 18.20105134194187 ], [ -88.653281884907855, 18.201299948625106 ], [ -88.652733959240976, 18.201470105957856 ], [ -88.652238844860747, 18.201555802904767 ], [ -88.651446536692831, 18.201854535283665 ], [ -88.650936391136256, 18.202141639747197 ], [ -88.650317965750929, 18.20234851068232 ], [ -88.649649106759725, 18.202544092526818 ], [ -88.648968180196221, 18.202798005056056 ], [ -88.648120499355059, 18.203307361273563 ], [ -88.647577904069593, 18.203689519310384 ], [ -88.647003343817829, 18.204147594743219 ], [ -88.646220741507008, 18.204861298802392 ], [ -88.645672419151481, 18.205473249503626 ], [ -88.645320293138539, 18.205878892047501 ], [ -88.644563440773396, 18.206765616425098 ], [ -88.644014627618205, 18.207396710626444 ], [ -88.643683009614008, 18.207783653118987 ], [ -88.643349002961344, 18.208266343779652 ], [ -88.642712953276302, 18.209155807387361 ], [ -88.642103278260166, 18.209814813786778 ], [ -88.641455795481704, 18.210357990778334 ], [ -88.640955882324192, 18.210635147846318 ], [ -88.640242505995644, 18.210580585820743 ], [ -88.639756272080902, 18.210309154524577 ], [ -88.639174365796876, 18.209854079756965 ], [ -88.638564710481091, 18.209282282709854 ], [ -88.638090861160222, 18.208916454358281 ], [ -88.637340789958571, 18.208725795018029 ], [ -88.63661583181441, 18.208757741856164 ], [ -88.635899963966494, 18.208827088621611 ], [ -88.634944592623043, 18.208805313531869 ], [ -88.634193541404429, 18.208654067847171 ], [ -88.633584817091418, 18.208447457066189 ], [ -88.632950195440301, 18.208097113447518 ], [ -88.632561808222761, 18.207521328000396 ], [ -88.632467436551963, 18.206837286720372 ], [ -88.631657795119537, 18.205845018591241 ], [ -88.630233904249621, 18.205812535746478 ], [ -88.628301478523383, 18.208596287434421 ], [ -88.627474521950461, 18.210985981273794 ], [ -88.625680413106522, 18.212620971670727 ], [ -88.624166496517063, 18.215311652668678 ], [ -88.623827129446312, 18.215723167210111 ], [ -88.623292658314043, 18.216248563304831 ], [ -88.622703709837012, 18.216759186837979 ], [ -88.621728751270098, 18.217353400899263 ], [ -88.621073122917409, 18.21777119938821 ], [ -88.620353659999566, 18.218029744609357 ], [ -88.619734592462862, 18.218094474573757 ], [ -88.619152856452601, 18.21831671760323 ], [ -88.618597155468521, 18.218606053392175 ], [ -88.617867496541976, 18.218706563966865 ], [ -88.617282119791753, 18.218509448511583 ], [ -88.616611453876487, 18.218468167880086 ], [ -88.615960756256385, 18.218688821768033 ], [ -88.615310383731469, 18.219460617331723 ], [ -88.615038031187197, 18.219926619100118 ], [ -88.614563267574908, 18.220820774810981 ], [ -88.61436791715289, 18.221484649723099 ], [ -88.614098872965599, 18.222382388180304 ], [ -88.61400154266515, 18.22297074188727 ], [ -88.613532110956456, 18.22362833031503 ], [ -88.613017331274946, 18.223930979767541 ], [ -88.612306533696199, 18.224359873950501 ], [ -88.612116339512852, 18.224841276994013 ], [ -88.612116090822738, 18.225391277040501 ], [ -88.612259459496954, 18.22623422873405 ], [ -88.612255186327644, 18.226967848121269 ], [ -88.612037965927613, 18.227421579424195 ], [ -88.611324519505587, 18.227955222835408 ], [ -88.610825230965375, 18.228180450714454 ], [ -88.610200213308914, 18.228480559735303 ], [ -88.609640531495444, 18.228926431262288 ], [ -88.608735615499683, 18.23221921381073 ], [ -88.608431895934046, 18.232922288401262 ], [ -88.607914106927169, 18.233577616971889 ], [ -88.606469435611785, 18.23480899259296 ], [ -88.605901225947193, 18.235334672300933 ], [ -88.605604802509504, 18.235747125449105 ], [ -88.605091326286725, 18.236581743062469 ], [ -88.604791465797106, 18.23713048971862 ], [ -88.604562927330406, 18.237680875551696 ], [ -88.604404831082235, 18.238267816731632 ], [ -88.604105866154114, 18.239132156289674 ], [ -88.603986727221539, 18.239600524014151 ], [ -88.603918480070519, 18.240179387277145 ], [ -88.604191427270194, 18.240699599876152 ], [ -88.604945566436527, 18.240614373526476 ], [ -88.605469083906286, 18.240412266004242 ], [ -88.606032179142275, 18.24044211379508 ], [ -88.606265912552047, 18.241114702860113 ], [ -88.606142070047525, 18.241770056709836 ], [ -88.605743334958703, 18.242333434538761 ], [ -88.605513057516333, 18.242952531922882 ], [ -88.60539955593724, 18.243548388225904 ], [ -88.605269624911273, 18.244070607871702 ], [ -88.605021007024064, 18.244715201523814 ], [ -88.604571396858148, 18.2451669569231 ], [ -88.604212756597221, 18.245543033504262 ], [ -88.604078129115763, 18.246274776936566 ], [ -88.605576888377087, 18.247865701483011 ], [ -88.605904422170596, 18.248373641903736 ], [ -88.606147456613726, 18.249028412726677 ], [ -88.606266206225342, 18.249629608965243 ], [ -88.606284121304427, 18.251400624375723 ], [ -88.606227338865295, 18.251898603461733 ], [ -88.605835947162049, 18.252497086493992 ], [ -88.605396480942758, 18.253247742552741 ], [ -88.605302743201847, 18.253784319081781 ], [ -88.606065637520842, 18.255460886833028 ], [ -88.606284928600729, 18.256004662477626 ], [ -88.606611164827171, 18.256892393501339 ], [ -88.606763029983085, 18.257630726787173 ], [ -88.60684597289459, 18.258599647831169 ], [ -88.606884774733317, 18.259189987778992 ], [ -88.606583863852762, 18.260106127458588 ], [ -88.606131088951969, 18.26068178155462 ], [ -88.604707269886944, 18.262127717219879 ], [ -88.604354979205311, 18.262624530700947 ], [ -88.603998665593565, 18.263608133470189 ], [ -88.603883787444275, 18.26428059505081 ], [ -88.603745929366312, 18.265466460866584 ], [ -88.603515625267619, 18.26608441849622 ], [ -88.601740442615338, 18.269061775730506 ], [ -88.60150108884207, 18.269663743513473 ], [ -88.601325695829914, 18.270582753935951 ], [ -88.601311449354682, 18.271147077327715 ], [ -88.601382946034491, 18.271866652899895 ], [ -88.601600296174965, 18.272487028526957 ], [ -88.601756270268169, 18.273038368483583 ], [ -88.601957277018585, 18.27393224122816 ], [ -88.601985364178276, 18.274595592500319 ], [ -88.601973078369184, 18.27508219387127 ], [ -88.601878220292647, 18.275661565429196 ], [ -88.600904280890362, 18.278417294932922 ], [ -88.60052569131085, 18.279229058353661 ], [ -88.600176580682984, 18.27994795373893 ], [ -88.599975554621793, 18.280456125822099 ], [ -88.599697778499689, 18.28117666384713 ], [ -88.599490619931075, 18.281950675206268 ], [ -88.59921629935441, 18.282884306127421 ], [ -88.598934642391654, 18.283758030880417 ], [ -88.598813912294446, 18.284636595950928 ], [ -88.598854169144943, 18.285517745206572 ], [ -88.599062442467456, 18.286146932145979 ], [ -88.599499226204003, 18.286558235330279 ], [ -88.600121715546067, 18.28671797881838 ], [ -88.601107050972658, 18.28668998369703 ], [ -88.601995661413653, 18.286591004173431 ], [ -88.602935559954133, 18.286586746426511 ], [ -88.603540168507323, 18.286753957502278 ], [ -88.603944576604832, 18.28704616730122 ], [ -88.60439510457563, 18.287287593056263 ], [ -88.604922381121057, 18.287316645713915 ], [ -88.605435278049413, 18.287190960138059 ], [ -88.606038945415705, 18.287419004038686 ], [ -88.605997741718809, 18.287999614808566 ], [ -88.605534269329894, 18.288621215480678 ], [ -88.604569548822184, 18.289607700864934 ], [ -88.603800513267615, 18.290274100247824 ], [ -88.603108422484112, 18.290720237893911 ], [ -88.602301216751613, 18.2911456864481 ], [ -88.601770905514172, 18.291586531947367 ], [ -88.600664147508269, 18.29251899802453 ], [ -88.600205989229636, 18.292952486152636 ], [ -88.599275712764282, 18.293974665674359 ], [ -88.598877654660654, 18.29450420833243 ], [ -88.598586707843509, 18.295044110696114 ], [ -88.598256087265213, 18.295729610228097 ], [ -88.597967481722378, 18.296526529900014 ], [ -88.597749811040472, 18.296991481076123 ], [ -88.597419836354078, 18.297651074193439 ], [ -88.597085414565939, 18.298113328377216 ], [ -88.59656341846167, 18.298597170730694 ], [ -88.596159355294247, 18.2989901927325 ], [ -88.59536585264263, 18.299920832030896 ], [ -88.593931865747138, 18.301400183320172 ], [ -88.59327204001201, 18.302013821774896 ], [ -88.592930627194633, 18.302425186549389 ], [ -88.592339232108728, 18.303155356329462 ], [ -88.59186231426159, 18.303605288493475 ], [ -88.591460170593862, 18.303921699577916 ], [ -88.590947641186133, 18.304379821426011 ], [ -88.590535365124083, 18.30474671178926 ], [ -88.590111870355074, 18.305206889324609 ], [ -88.589610966699922, 18.30590420228949 ], [ -88.588800791340873, 18.306791587147856 ], [ -88.588259645186696, 18.307283972142312 ], [ -88.587731964131038, 18.30798967652175 ], [ -88.587479136556553, 18.308419983434987 ], [ -88.58690065771134, 18.308988136168029 ], [ -88.586418326159844, 18.309301549652297 ], [ -88.586035705068113, 18.309917061619895 ], [ -88.585601825018685, 18.310436715357671 ], [ -88.58487786734517, 18.311087142410038 ], [ -88.584151890181005, 18.311840079705611 ], [ -88.583601241200853, 18.312357021115304 ], [ -88.583107644593554, 18.312764832750993 ], [ -88.582651104113722, 18.313130675587189 ], [ -88.582201529930458, 18.313547393780869 ], [ -88.581768255940503, 18.314042252571586 ], [ -88.581341248619012, 18.31463868788477 ], [ -88.580893651197371, 18.315696722811371 ], [ -88.580663678676387, 18.316294344433409 ], [ -88.580328671209827, 18.316799368792172 ], [ -88.579899510331941, 18.317132026478021 ], [ -88.579182102248978, 18.317175111101559 ], [ -88.57865723309952, 18.316700852056318 ], [ -88.578104053734904, 18.316620392375448 ], [ -88.57739885237882, 18.316902684358727 ], [ -88.577042287602012, 18.317535677472407 ], [ -88.576828355628834, 18.318197903770137 ], [ -88.576246768694375, 18.318885403476735 ], [ -88.575663303146555, 18.319298991214843 ], [ -88.575127691333861, 18.319594223895788 ], [ -88.57461461464267, 18.320070302537871 ], [ -88.574177861600674, 18.320700298100469 ], [ -88.573993721926811, 18.321234729288236 ], [ -88.573830550032397, 18.322034497366257 ], [ -88.573715738944315, 18.322673098741788 ], [ -88.573577419565424, 18.323516271358514 ], [ -88.573380222850929, 18.324238608785318 ], [ -88.57287459526971, 18.325116068423426 ], [ -88.572249871145956, 18.325734922749376 ], [ -88.571621352799554, 18.326155333449531 ], [ -88.57089022520843, 18.327105302592667 ], [ -88.570471757581345, 18.32771091528673 ], [ -88.570110001557268, 18.32819838175179 ], [ -88.569429204071426, 18.328909460649342 ], [ -88.568880567200949, 18.32936665433634 ], [ -88.567906222519582, 18.330019051325909 ], [ -88.567260817948778, 18.330406365686567 ], [ -88.566450348216989, 18.330926202295082 ], [ -88.565769425957257, 18.33129465167714 ], [ -88.565196624659279, 18.33165772833528 ], [ -88.564603706616481, 18.332438451050248 ], [ -88.564472522829064, 18.333000019455536 ], [ -88.564015582319584, 18.333724176512675 ], [ -88.563669961003754, 18.334271733165085 ], [ -88.563407011923644, 18.334770498723739 ], [ -88.562962947906641, 18.33568316000418 ], [ -88.562454881765376, 18.336629261877707 ], [ -88.562160217703024, 18.337306479814544 ], [ -88.561854821981811, 18.338034159117193 ], [ -88.561521989642699, 18.338796136246273 ], [ -88.561212248293401, 18.339370442264642 ], [ -88.560513040703398, 18.340105838191967 ], [ -88.559852470158347, 18.340714781510361 ], [ -88.559025370171739, 18.341558757174049 ], [ -88.558398803476365, 18.342245120805092 ], [ -88.557785035983528, 18.343145911337604 ], [ -88.557023593028745, 18.344213423236486 ], [ -88.555853916243876, 18.345828130316168 ], [ -88.554686441235575, 18.347356096284106 ], [ -88.553810068223669, 18.348370188141487 ], [ -88.5535045134272, 18.348756364080092 ], [ -88.553160273586101, 18.349270111825071 ], [ -88.552761066215638, 18.349833285253656 ], [ -88.55203901004819, 18.350397925790727 ], [ -88.551242724525167, 18.351072398745487 ], [ -88.550762704941747, 18.351633678118827 ], [ -88.550260159543086, 18.352382632951191 ], [ -88.549722064498525, 18.353113850296754 ], [ -88.549367068182534, 18.353678049979006 ], [ -88.548834239455857, 18.354571670353732 ], [ -88.548167927727505, 18.355745035683594 ], [ -88.547042422384493, 18.357402386362832 ], [ -88.546738215678715, 18.358079338742083 ], [ -88.546564234911457, 18.358580147841714 ], [ -88.546488112192591, 18.359108044812615 ], [ -88.546401941990055, 18.360371620547483 ], [ -88.546351490633086, 18.360933927082918 ], [ -88.546438683984476, 18.362065200999936 ], [ -88.54665912948613, 18.363591782806676 ], [ -88.547315671807795, 18.365924226519425 ], [ -88.547816172130624, 18.366658344857214 ], [ -88.548208263316468, 18.367086764902577 ], [ -88.549013910951246, 18.367797597946073 ], [ -88.549725864186783, 18.368319159003114 ], [ -88.550987991685801, 18.36936524756451 ], [ -88.551364370897389, 18.369716661046649 ], [ -88.551820100462336, 18.37010374163998 ], [ -88.552324277112064, 18.370695936858365 ], [ -88.552694429742132, 18.37161182312763 ], [ -88.552874784132626, 18.372265186092388 ], [ -88.55292803060351, 18.373685305090902 ], [ -88.552654326753625, 18.374598515793373 ], [ -88.552040230954347, 18.375849743352482 ], [ -88.551224503572413, 18.377275433160971 ], [ -88.550646623652298, 18.378149960049939 ], [ -88.550247086629696, 18.378722123174654 ], [ -88.549767996132601, 18.379587689068298 ], [ -88.549444303635909, 18.380331801196395 ], [ -88.549140633508685, 18.381008760724406 ], [ -88.548900430751232, 18.381627477524997 ], [ -88.548659717764082, 18.382289008681873 ], [ -88.548435396005516, 18.383001634914503 ], [ -88.548319532169572, 18.383673977870313 ], [ -88.548232540498162, 18.384279381795828 ], [ -88.548153524708098, 18.38491877899639 ], [ -88.548050678259315, 18.38542914169297 ], [ -88.547137984446366, 18.387476869928378 ], [ -88.546777330682247, 18.388279834050863 ], [ -88.546559246702287, 18.388749177685764 ], [ -88.546284727589125, 18.38932425772586 ], [ -88.545443875905832, 18.39032218816088 ], [ -88.544488334620908, 18.391257690631452 ], [ -88.543332629142711, 18.392332742796007 ], [ -88.542690057124261, 18.392941997650002 ], [ -88.539416028606837, 18.396617888666672 ], [ -88.538945738776874, 18.397137636452406 ], [ -88.538448259008547, 18.397681537017679 ], [ -88.538021286005687, 18.398260902443045 ], [ -88.536857412018961, 18.399969055526523 ], [ -88.536002975798979, 18.401145791841564 ], [ -88.535425483897654, 18.402021376008875 ], [ -88.534985217167943, 18.40277171598181 ], [ -88.534624511415558, 18.403549845651 ], [ -88.53419419860596, 18.404600185492473 ], [ -88.533862785459377, 18.405660741010902 ], [ -88.533278737486711, 18.40745125018654 ], [ -88.532976506371384, 18.408409936894067 ], [ -88.53267849493416, 18.409547908639446 ], [ -88.532469766321071, 18.410680090584613 ], [ -88.532251203807277, 18.41153030377999 ], [ -88.531958991538971, 18.412420476696322 ], [ -88.531677062006651, 18.413278208052095 ], [ -88.531424736133587, 18.414383442648305 ], [ -88.530976589309304, 18.416120787739811 ], [ -88.53068893284096, 18.417199263933924 ], [ -88.530463323683719, 18.417955767510332 ], [ -88.530392615879038, 18.41861224314454 ], [ -88.530344390040639, 18.419106965023612 ], [ -88.530088069360957, 18.420342825870975 ], [ -88.529933353065687, 18.421142696062734 ], [ -88.529850464514922, 18.421927355094336 ], [ -88.529751890915307, 18.424002004181368 ], [ -88.529732864482511, 18.425078921451533 ], [ -88.529676300576611, 18.426214683484883 ], [ -88.52952068208451, 18.427390930564254 ], [ -88.529516479767977, 18.428237174439634 ], [ -88.529593796958721, 18.428716825962599 ], [ -88.529664000121699, 18.429471286379346 ], [ -88.529746826510419, 18.430422133206001 ], [ -88.52974550869871, 18.431156876420946 ], [ -88.529576883577619, 18.431786244436111 ], [ -88.528874356937706, 18.43333387804098 ], [ -88.527568028179019, 18.43587587200312 ], [ -88.526970160106345, 18.437188175794446 ], [ -88.52665058800622, 18.437854544971778 ], [ -88.526434455213007, 18.43842531246942 ], [ -88.526239841674069, 18.438940238485205 ], [ -88.525946453134679, 18.440144776785942 ], [ -88.525769911825662, 18.440736763092044 ], [ -88.525448864313745, 18.441459438781457 ], [ -88.524956822625185, 18.442582648980373 ], [ -88.524722009820735, 18.443076336748891 ], [ -88.523888557606071, 18.44647917131206 ], [ -88.523104071034055, 18.449518022961474 ], [ -88.522586035594031, 18.451640202003741 ], [ -88.522186778972582, 18.453803502899358 ], [ -88.521978170617842, 18.454855638250596 ], [ -88.521780530211842, 18.455485431521748 ], [ -88.521561827084682, 18.45615304225479 ], [ -88.521297992003468, 18.457012288053374 ], [ -88.521022483001147, 18.457525289138907 ], [ -88.520767157979961, 18.458056796659907 ], [ -88.520408311390824, 18.458663612104083 ], [ -88.519805172798968, 18.459399874498981 ], [ -88.519550745135618, 18.45987392808961 ], [ -88.519255750015688, 18.460386461009577 ], [ -88.518900468441231, 18.460878409543074 ], [ -88.518403790472178, 18.46138052842155 ], [ -88.517939082261975, 18.461811281899315 ], [ -88.517221683100729, 18.462285630915321 ], [ -88.516669077027856, 18.462599348851555 ], [ -88.515896023061941, 18.462897698608341 ], [ -88.515124104964116, 18.463129582921457 ], [ -88.514511563326536, 18.46343172932993 ], [ -88.513907120787948, 18.463830982279667 ], [ -88.513025159663414, 18.464410723078881 ], [ -88.512244816597118, 18.46498835950305 ], [ -88.511668607791663, 18.465436730296801 ], [ -88.510513309573355, 18.466466376797925 ], [ -88.508436583042254, 18.468070279511164 ], [ -88.506918866487467, 18.469092416396613 ], [ -88.505895019711431, 18.46972170708872 ], [ -88.504423463559661, 18.47051276880234 ], [ -88.502375206098634, 18.471791581040961 ], [ -88.501160530038106, 18.472377986336934 ], [ -88.500323860802538, 18.472780674546698 ], [ -88.499590344406968, 18.473100166417417 ], [ -88.498733604886922, 18.473502369456927 ], [ -88.49794432184521, 18.474012103918017 ], [ -88.497389972440331, 18.474412479814418 ], [ -88.494862001299637, 18.476688352750305 ], [ -88.494508649643237, 18.477102520514514 ], [ -88.49419265660984, 18.477623511761429 ], [ -88.493575921352388, 18.478849535533389 ], [ -88.492974610767519, 18.479892240056031 ], [ -88.492585513955291, 18.480498253307655 ], [ -88.492209308242607, 18.481017800564462 ], [ -88.491688742988686, 18.481660116547708 ], [ -88.491287715100242, 18.481977353435141 ], [ -88.490705791699227, 18.482256468039786 ], [ -88.489998602984755, 18.482335383721825 ], [ -88.48937368798731, 18.482339632092803 ], [ -88.488568088357979, 18.482320407066787 ], [ -88.487863144951646, 18.482313722460358 ], [ -88.487235720600296, 18.482413689608229 ], [ -88.48665148929976, 18.482803169609472 ], [ -88.486247820904651, 18.48319808787409 ], [ -88.485322197381635, 18.484309637294924 ], [ -88.483570091839383, 18.486556499412721 ], [ -88.481446587550764, 18.489158441318168 ], [ -88.480585862594637, 18.490090077985869 ], [ -88.479669929831601, 18.49080740886216 ], [ -88.478951756207124, 18.491280422505348 ], [ -88.478257259215781, 18.491639058335455 ], [ -88.47768493783235, 18.491932999459813 ], [ -88.47683007960562, 18.492258491423755 ], [ -88.476091717784328, 18.492376038825874 ], [ -88.475376654154289, 18.492348775878693 ], [ -88.47455928350611, 18.492012545618447 ], [ -88.474155087248946, 18.491685084096222 ], [ -88.473803581330486, 18.491263098886556 ], [ -88.473468421744514, 18.490601479708573 ], [ -88.473149286729395, 18.48969007691294 ], [ -88.473021785780688, 18.488812563244569 ], [ -88.47284538604147, 18.488222360138192 ], [ -88.472493652142703, 18.487809386358631 ], [ -88.471915261398621, 18.487593818215689 ], [ -88.471169588068477, 18.487586090350973 ], [ -88.470541880921445, 18.487696131123897 ], [ -88.469802294715578, 18.487860955309227 ], [ -88.469105361575899, 18.487931017194114 ], [ -88.468522116521143, 18.487877593599961 ], [ -88.467824259548991, 18.48760167765364 ], [ -88.467270933425766, 18.487174843812596 ], [ -88.466672996515783, 18.486536215151304 ], [ -88.465955706455148, 18.485855281049865 ], [ -88.465463682014615, 18.485410759610687 ], [ -88.464581632679497, 18.485245356872678 ], [ -88.464024668871417, 18.485337915363317 ], [ -88.463455738856126, 18.485525969243124 ], [ -88.462039631895706, 18.486107242468336 ], [ -88.460978966553114, 18.486601255909058 ], [ -88.460194620987352, 18.486918221245599 ], [ -88.459064239687407, 18.486987976033902 ], [ -88.457382330112139, 18.486966711452613 ], [ -88.456711064958711, 18.486825493494905 ], [ -88.456184389654922, 18.486553653854525 ], [ -88.455248045161795, 18.485761495837533 ], [ -88.454569072735623, 18.485129903895274 ], [ -88.454059046180262, 18.48460829991258 ], [ -88.453738956322411, 18.48413971663415 ], [ -88.453426009193208, 18.483400859481602 ], [ -88.453251045161267, 18.482781388592816 ], [ -88.453163580414667, 18.482269944756602 ], [ -88.453066537356236, 18.480623531230641 ], [ -88.452959004102581, 18.480111605768261 ], [ -88.452582959630405, 18.479459126307951 ], [ -88.452112156264633, 18.478995932922452 ], [ -88.451593581755475, 18.478396367365836 ], [ -88.450037607924898, 18.476273126675792 ], [ -88.44924643072325, 18.475331194563672 ], [ -88.448707362563084, 18.474770570498993 ], [ -88.448113735939302, 18.474352870926438 ], [ -88.447585595350887, 18.474138450901091 ], [ -88.446932431860034, 18.474074269967598 ], [ -88.446364815538786, 18.47421385405648 ], [ -88.445615287408756, 18.474734436812916 ], [ -88.444715379636889, 18.475626629579526 ], [ -88.444048343064495, 18.47646583198345 ], [ -88.443745559417167, 18.476861947373457 ], [ -88.443272485747855, 18.47760102319177 ], [ -88.442949985281004, 18.478005673608809 ], [ -88.442330426148047, 18.478567681967487 ], [ -88.441685354455302, 18.478955540635983 ], [ -88.441198458984104, 18.47907901965193 ], [ -88.440590105487516, 18.479217600591667 ], [ -88.440023933538811, 18.479301978625745 ], [ -88.43917445307352, 18.479425720744786 ], [ -88.43773489373558, 18.479756082444954 ], [ -88.4369945664196, 18.479950058400846 ], [ -88.436347604035404, 18.480030222080487 ], [ -88.435680575838674, 18.480109900109934 ], [ -88.434991848542296, 18.480228488620419 ], [ -88.434432211059857, 18.480444847832274 ], [ -88.433961548565975, 18.480712934004014 ], [ -88.433478580842646, 18.481066360114408 ], [ -88.43310527024768, 18.48147088896118 ], [ -88.432240250266318, 18.482402157749082 ], [ -88.431528145922513, 18.483200771161162 ], [ -88.431164858420715, 18.483605536662107 ], [ -88.430782201309356, 18.483961377466596 ], [ -88.43019659061251, 18.484399076739187 ], [ -88.429393153518546, 18.484678259980527 ], [ -88.428411110750872, 18.48485620959336 ], [ -88.427540796889872, 18.485007558806004 ], [ -88.427024288767626, 18.485111125733862 ], [ -88.426271277535392, 18.485381371146094 ], [ -88.425780794919092, 18.485638809382415 ], [ -88.425077782178661, 18.485938429994576 ], [ -88.424416667718305, 18.486172577355784 ], [ -88.423420239921001, 18.486513540388508 ], [ -88.422881899356028, 18.486683045731169 ], [ -88.422390390525919, 18.486978762488036 ], [ -88.421124312234539, 18.487976870714697 ], [ -88.419969826954855, 18.488952883138293 ], [ -88.419331625668036, 18.489456873520002 ], [ -88.418652538106841, 18.489988041170452 ], [ -88.418005157186727, 18.49048166282163 ], [ -88.417513360626785, 18.490787496258783 ], [ -88.416756235650723, 18.491210840141967 ], [ -88.416128249359218, 18.491330824448472 ], [ -88.413929898118553, 18.491411566759957 ], [ -88.413053330928889, 18.491419585503081 ], [ -88.412144818846102, 18.491474148563356 ], [ -88.41163937511061, 18.491538496675886 ], [ -88.411019140915059, 18.491744286417358 ], [ -88.409919248894397, 18.492198712297164 ], [ -88.4091332686843, 18.492573994728939 ], [ -88.40656226018281, 18.493761120340633 ], [ -88.405636592634252, 18.494103691793466 ], [ -88.405027399869994, 18.494271417217288 ], [ -88.404461484911977, 18.494344412415231 ], [ -88.403580501223175, 18.49449537785544 ], [ -88.402911350837854, 18.494652622753883 ], [ -88.402424162025582, 18.494784994679556 ], [ -88.401534485760294, 18.494907569927442 ], [ -88.400698588772798, 18.494896234286468 ], [ -88.399876037655829, 18.494761274710992 ], [ -88.39921821417451, 18.494495107739198 ], [ -88.398652466926649, 18.494164700602603 ], [ -88.398187906728722, 18.493826617415507 ], [ -88.396561641421869, 18.492478803210748 ], [ -88.395422277541073, 18.491385101692789 ], [ -88.394755239019531, 18.490714182598076 ], [ -88.394374888957529, 18.490253074913326 ], [ -88.393746913562921, 18.489248453284841 ], [ -88.393486957617341, 18.488790277140051 ], [ -88.392969711722728, 18.488171459926992 ], [ -88.392469151627253, 18.487679249697532 ], [ -88.391157635889542, 18.48659936391013 ], [ -88.390009350262233, 18.485841206228585 ], [ -88.389178145762543, 18.485282329329205 ], [ -88.388409701057014, 18.484629208067595 ], [ -88.387918173761747, 18.484175518118402 ], [ -88.387430781207058, 18.483567563033514 ], [ -88.386790541081865, 18.482648266402233 ], [ -88.386192995723619, 18.481634235446386 ], [ -88.385636206816173, 18.480620073018351 ], [ -88.385154478565767, 18.479801545763259 ], [ -88.384761234147859, 18.479426872912232 ], [ -88.384007325402038, 18.479003957049088 ], [ -88.383371822218123, 18.478723646861191 ], [ -88.382831416502228, 18.47848622336867 ], [ -88.382073889630504, 18.478198422449534 ], [ -88.381033207619765, 18.477922859010402 ], [ -88.380051251882421, 18.477725342197601 ], [ -88.378828441357967, 18.477503906231011 ], [ -88.37742186781405, 18.477353465200643 ], [ -88.37661590489023, 18.477352910375672 ], [ -88.37562824472819, 18.477368192467523 ], [ -88.374817652855398, 18.477539910350124 ], [ -88.37399773854996, 18.478058438637902 ], [ -88.373501058523459, 18.478545435698088 ], [ -88.372878793363469, 18.479223160194611 ], [ -88.371819431382335, 18.480389330881092 ], [ -88.370806981166055, 18.481325656175866 ], [ -88.369902663982572, 18.481995332441738 ], [ -88.36879292668047, 18.482794050605911 ], [ -88.367623988817755, 18.483554125804943 ], [ -88.366641387529413, 18.484126090039947 ], [ -88.365804480775992, 18.484528099395998 ], [ -88.364529645797973, 18.484746970713818 ], [ -88.363560504105635, 18.484818970521335 ], [ -88.361848145530743, 18.484796109241906 ], [ -88.360057089794722, 18.48471383538816 ], [ -88.358870799237451, 18.484627242934771 ], [ -88.357988185900652, 18.484490639480388 ], [ -88.35710656382399, 18.484295465382491 ], [ -88.355806580447691, 18.483936772115221 ], [ -88.354328037518371, 18.483477911019687 ], [ -88.35322729052028, 18.48321987190462 ], [ -88.35198493179756, 18.482958344224411 ], [ -88.350717832397422, 18.482869715866713 ], [ -88.349872780492959, 18.482829770995494 ], [ -88.348863534307583, 18.482900709337276 ], [ -88.348032822461079, 18.483072934120646 ], [ -88.346955523490792, 18.483411473633339 ], [ -88.345512852571972, 18.483876212063457 ], [ -88.344331090181882, 18.484365393395485 ], [ -88.343376301038603, 18.484649462379643 ], [ -88.342525516960492, 18.484821165658381 ], [ -88.341594412928089, 18.484971730982231 ], [ -88.340726189018469, 18.48504609809947 ], [ -88.338683893694935, 18.485303326204651 ], [ -88.33708533001473, 18.485571481567906 ], [ -88.336055152431427, 18.485651969710112 ], [ -88.334882222321113, 18.485814557487966 ], [ -88.333285730116529, 18.486006112697762 ], [ -88.332110098992317, 18.486246356984161 ], [ -88.330709103936712, 18.486653412235015 ], [ -88.328736141466734, 18.487335876983597 ], [ -88.326434751448119, 18.488240038875713 ], [ -88.325824802401314, 18.488435644313263 ], [ -88.324994063055954, 18.488607755612147 ], [ -88.323965264538629, 18.488658912535787 ], [ -88.32322320257768, 18.488544777717255 ], [ -88.322522267044491, 18.488373070184618 ], [ -88.321884163610292, 18.488127428387319 ], [ -88.321007361807077, 18.487778980147286 ], [ -88.320309628635201, 18.4875115764569 ], [ -88.319629877719933, 18.487321232275317 ], [ -88.318789984462001, 18.487070582988572 ], [ -88.317826107965359, 18.486949807695186 ], [ -88.317595216359905, 18.486191461972435 ], [ -88.316932886584809, 18.485361586358298 ], [ -88.316401306341092, 18.484630715986938 ], [ -88.316038232996419, 18.483891629444102 ], [ -88.315608514700003, 18.483410025761163 ], [ -88.3154234595265, 18.482790271990648 ], [ -88.315336389379723, 18.481932965128088 ], [ -88.315102776743984, 18.481253420472648 ], [ -88.314795761760237, 18.480689231591064 ], [ -88.31440513492997, 18.480246905512576 ], [ -88.31387158286887, 18.479849480333048 ], [ -88.313260219194078, 18.479382525318826 ], [ -88.312918391719151, 18.478969572171785 ], [ -88.312526974309606, 18.478556518006709 ], [ -88.311544106917012, 18.477292801656994 ], [ -88.31114707750757, 18.476695955730928 ], [ -88.310708921521112, 18.47615667919656 ], [ -88.31023616189249, 18.475760755704716 ], [ -88.309646745822548, 18.475572628130124 ], [ -88.308695834559998, 18.475347360273041 ], [ -88.30778720076772, 18.475065677925251 ], [ -88.306920463403486, 18.474698276974564 ], [ -88.306279505548943, 18.47419226544061 ], [ -88.304295898416072, 18.472325701136224 ], [ -88.303693753216066, 18.471869093082272 ], [ -88.30312946443027, 18.471518206353373 ], [ -88.302534225322631, 18.471176688231765 ], [ -88.301999753978322, 18.470836678244009 ], [ -88.301667239834742, 18.470473517974106 ], [ -88.301396258077844, 18.470062312851976 ], [ -88.301021395950869, 18.469390523071027 ], [ -88.300815884955156, 18.468808565349352 ], [ -88.300482490851309, 18.467742346321927 ], [ -88.300247349553061, 18.46712134717492 ], [ -88.299992465137393, 18.466509998554187 ], [ -88.299818023201581, 18.465871352871147 ], [ -88.299677920040622, 18.465099490864979 ], [ -88.29947558069378, 18.464401566493727 ], [ -88.299197162449374, 18.463895538399324 ], [ -88.298760396572987, 18.463307834511305 ], [ -88.29814453902577, 18.462619912420578 ], [ -88.297632006205063, 18.46221284339369 ], [ -88.297247766515085, 18.461885574294662 ], [ -88.296941881746974, 18.461283095586055 ], [ -88.29683538946604, 18.460750921107962 ], [ -88.2966960972078, 18.459949785410256 ], [ -88.296389516669265, 18.459394608921691 ], [ -88.296261368374033, 18.458920482258229 ], [ -88.296213384561398, 18.458083310459642 ], [ -88.296030566594709, 18.457406152063363 ], [ -88.295539430835092, 18.456951166362362 ], [ -88.295166069128896, 18.456615153297772 ], [ -88.294811063176013, 18.455952867509211 ], [ -88.294838401402075, 18.455319242542473 ], [ -88.295820369160339, 18.454401773071211 ], [ -88.296671162694963, 18.45385621040209 ], [ -88.297327957390053, 18.453410604440389 ], [ -88.297730525444948, 18.453065709121116 ], [ -88.298101920764182, 18.452738067571993 ], [ -88.298444522391108, 18.45236238795286 ], [ -88.298769948316604, 18.451880375382974 ], [ -88.299223578684661, 18.451113121049161 ], [ -88.299645621915744, 18.45042169264558 ], [ -88.29983928299005, 18.449965698456232 ], [ -88.299913851254232, 18.449439146137891 ], [ -88.300413228348489, 18.448855541067324 ], [ -88.30097850399379, 18.448821129043235 ], [ -88.301489554460261, 18.448545389147256 ], [ -88.301753684057417, 18.448080998500743 ], [ -88.302008893869655, 18.447597234377032 ], [ -88.302380514293858, 18.447260572027218 ], [ -88.30313053846757, 18.447096661723076 ], [ -88.303776212446806, 18.447036068096768 ], [ -88.304421710903668, 18.447003631777303 ], [ -88.305209241346546, 18.446936410303156 ], [ -88.305775031790546, 18.446882840636778 ], [ -88.306445278485157, 18.446678631676864 ], [ -88.307442378980198, 18.445569921567653 ], [ -88.307666893950952, 18.445085384805427 ], [ -88.308151690660353, 18.444298589704946 ], [ -88.308458509977655, 18.443739475727721 ], [ -88.309023807432425, 18.442965937896417 ], [ -88.309377709003527, 18.442542064551027 ], [ -88.310068789688771, 18.44230906079552 ], [ -88.310679993588067, 18.44243010444951 ], [ -88.311309175063215, 18.442628207471699 ], [ -88.311880721317863, 18.442709959644134 ], [ -88.312485575463668, 18.442695641105907 ], [ -88.313095631757236, 18.442489913734089 ], [ -88.313500185509056, 18.442048128937309 ], [ -88.314020984120106, 18.441781603175691 ], [ -88.314525857088483, 18.441362576120003 ], [ -88.315688533975091, 18.439718221569205 ], [ -88.316181441424931, 18.439000322198037 ], [ -88.316446830223256, 18.438487485239435 ], [ -88.316675536313312, 18.437868959556369 ], [ -88.317097563285671, 18.433063952409896 ], [ -88.317139920325062, 18.431872968167038 ], [ -88.317097995476246, 18.431199301745611 ], [ -88.31714164289572, 18.430700131350214 ], [ -88.317930678241865, 18.429835186972984 ], [ -88.318429381031805, 18.429271775164185 ], [ -88.318879735297628, 18.42861928362716 ], [ -88.320329922960866, 18.426771284729146 ], [ -88.320730887878156, 18.426089400886443 ], [ -88.321267221455571, 18.425247485740496 ], [ -88.321631669076524, 18.424823835566027 ], [ -88.322520921451854, 18.423961334647927 ], [ -88.324951465075642, 18.422329012508008 ], [ -88.32635063165722, 18.421249218604668 ], [ -88.329289169865916, 18.419446825887231 ], [ -88.329763335119225, 18.419046137544136 ], [ -88.330147041206061, 18.418651104456416 ], [ -88.330665483771554, 18.418097145710167 ], [ -88.331119788043054, 18.417666667206809 ], [ -88.331572887388816, 18.417302632610166 ], [ -88.332149413487713, 18.416826713538534 ], [ -88.332781760660808, 18.416534692998702 ], [ -88.333508482921914, 18.416484981038213 ], [ -88.334013434425486, 18.41642980722586 ], [ -88.334651393280339, 18.416301287800962 ], [ -88.335141489494333, 18.416053078414738 ], [ -88.335975227053197, 18.415362637351347 ], [ -88.336648285295155, 18.414677253523632 ], [ -88.337345777652047, 18.414223443579438 ], [ -88.337826839446947, 18.413937821629094 ], [ -88.338460916266484, 18.413559063669364 ], [ -88.339179761682246, 18.413057318122235 ], [ -88.339664463487864, 18.412636574875243 ], [ -88.340368061750993, 18.411933895459285 ], [ -88.340753476292477, 18.411452119133234 ], [ -88.341355521654691, 18.410794261688363 ], [ -88.341815166659359, 18.410536267841785 ], [ -88.342404243889305, 18.410359194703211 ], [ -88.34291254835081, 18.410179009637805 ], [ -88.343724109148383, 18.409958947934971 ], [ -88.344516405440615, 18.409709111778966 ], [ -88.345062991397313, 18.409597462633311 ], [ -88.345578466251439, 18.409523357960662 ], [ -88.346267928972949, 18.409344227932927 ], [ -88.347009055633862, 18.409131434982747 ], [ -88.34766446502276, 18.409099064386698 ], [ -88.34826654283782, 18.409162283560459 ], [ -88.348947234317592, 18.408958139293834 ], [ -88.34960287431754, 18.408522399640621 ], [ -88.350890641591278, 18.40782272405654 ], [ -88.352479835508291, 18.407150706065362 ], [ -88.353193882774974, 18.406803140767984 ], [ -88.353877846179557, 18.406454835316254 ], [ -88.354329846757594, 18.406129013034885 ], [ -88.35497757248001, 18.405635594580922 ], [ -88.356613258841875, 18.404330319643243 ], [ -88.35744824261306, 18.403610490337076 ], [ -88.357890202159439, 18.403284412219925 ], [ -88.358320047124167, 18.403035780313648 ], [ -88.35906106484434, 18.402803773233146 ], [ -88.359805471682932, 18.402841138426563 ], [ -88.360329385153108, 18.402825782939871 ], [ -88.360862333514973, 18.402473753073739 ], [ -88.361286557121176, 18.402060472652256 ], [ -88.361729970187909, 18.401657798505902 ], [ -88.362304365339639, 18.401278607809893 ], [ -88.362832171134855, 18.401117989067778 ], [ -88.363332461407467, 18.40086092568335 ], [ -88.363951606797713, 18.400309303913236 ], [ -88.36463528895257, 18.399969956292754 ], [ -88.365208813333211, 18.399974953365469 ], [ -88.366074588323059, 18.399601737488901 ], [ -88.366744908397322, 18.399011916186677 ], [ -88.367414671156936, 18.398266586585333 ], [ -88.368071608204374, 18.397603194014824 ], [ -88.368707933194045, 18.396982111865281 ], [ -88.369469150733366, 18.396192806938483 ], [ -88.369880764305591, 18.395852429405288 ], [ -88.370537414771931, 18.395397467725932 ], [ -88.371364708281916, 18.394961312104122 ], [ -88.372349161952144, 18.394297998860253 ], [ -88.373099140934215, 18.393729242246739 ], [ -88.373640846946557, 18.393444984332955 ], [ -88.375077415002607, 18.392624786447691 ], [ -88.375885018234086, 18.392350379615763 ], [ -88.377021685793409, 18.392195531903212 ], [ -88.377718377281155, 18.392140387857751 ], [ -88.378514035618835, 18.392136099007093 ], [ -88.379495751064766, 18.392126197161982 ], [ -88.380577570856573, 18.391969994371788 ], [ -88.381356709489197, 18.391810924708551 ], [ -88.38226281353549, 18.391626772984708 ], [ -88.382892576552834, 18.391425751531507 ], [ -88.383495835945411, 18.391089999048109 ], [ -88.384103132906901, 18.390580819598203 ], [ -88.385307011865294, 18.389432613383839 ], [ -88.385791549003329, 18.389011709833948 ], [ -88.386531682564424, 18.388433635424057 ], [ -88.387186348285454, 18.388050665974365 ], [ -88.387662197223264, 18.387778280218527 ], [ -88.38813613398851, 18.387179080860825 ], [ -88.388422845169487, 18.386629417294639 ], [ -88.388620657916704, 18.386182383912267 ], [ -88.388925017864707, 18.385723291829876 ], [ -88.389337984282164, 18.385329932867236 ], [ -88.389987794167055, 18.384951338948568 ], [ -88.390673396315137, 18.384713331451856 ], [ -88.391226640280522, 18.384370698346213 ], [ -88.391808981228081, 18.384043418935107 ], [ -88.392805164413076, 18.38351096165788 ], [ -88.393401753200067, 18.383025143160133 ], [ -88.393758596261165, 18.382677736139499 ], [ -88.394153799743862, 18.382197170950679 ], [ -88.394484245316306, 18.381710527705359 ], [ -88.395588550914553, 18.380307413405397 ], [ -88.396362524443632, 18.379230940844383 ], [ -88.396792671121915, 18.378567547925293 ], [ -88.39705776003197, 18.378074803353154 ], [ -88.397253364828771, 18.377531924660541 ], [ -88.397376751109988, 18.377063917641244 ], [ -88.39761886135507, 18.376281033382998 ], [ -88.397749398002262, 18.375543895403396 ], [ -88.397816378248336, 18.374911134684623 ], [ -88.397857859656938, 18.374105357891121 ], [ -88.39784175802744, 18.373201282854748 ], [ -88.397738998694052, 18.372515958896106 ], [ -88.397616938233995, 18.371801998416487 ], [ -88.397469227497552, 18.371298127002451 ], [ -88.397290157514647, 18.370841946194563 ], [ -88.397286446283559, 18.370226630069279 ], [ -88.397602419276382, 18.36970582057668 ], [ -88.397932516134958, 18.369030981948089 ], [ -88.398060894787889, 18.368352382303062 ], [ -88.398126926512603, 18.367777064638371 ], [ -88.398189033781804, 18.366749809255481 ], [ -88.398216167624128, 18.366105942082616 ], [ -88.398199344311067, 18.365606367606539 ], [ -88.398138526992753, 18.364874735776731 ], [ -88.397953179211044, 18.364255020221751 ], [ -88.397584267361154, 18.363370570466863 ], [ -88.397146930173079, 18.362774049052383 ], [ -88.396962685595597, 18.362135206295381 ], [ -88.396937633643262, 18.361567824012685 ], [ -88.397052179362845, 18.361031994624152 ], [ -88.397151093787897, 18.360351555769206 ], [ -88.397118048065366, 18.359707358198406 ], [ -88.39695830988606, 18.358501207212001 ], [ -88.396875139959121, 18.357855796722678 ], [ -88.396821724302512, 18.357200966131646 ], [ -88.396696692792446, 18.356621022935684 ], [ -88.396491304377435, 18.356000823497581 ], [ -88.395996411593629, 18.355306006856161 ], [ -88.395501315101342, 18.35499654640957 ], [ -88.394697877217212, 18.354544400787287 ], [ -88.394272718374111, 18.354245648013844 ], [ -88.393835494584692, 18.353668283306757 ], [ -88.393659012389847, 18.353115264037722 ], [ -88.393409947628228, 18.352629219390458 ], [ -88.392917440106231, 18.35222291377632 ], [ -88.392350076716781, 18.351969163741998 ], [ -88.391874058344555, 18.351697343024881 ], [ -88.391362256736727, 18.351262397150322 ], [ -88.391001409820433, 18.350831108375935 ], [ -88.39046932420105, 18.350404682988923 ], [ -88.38991378920656, 18.350083605300142 ], [ -88.389551691786906, 18.349699611322471 ], [ -88.389142177791143, 18.34919052098612 ], [ -88.388782388916908, 18.348719817799267 ], [ -88.388080254776369, 18.347876865577273 ], [ -88.387217886920382, 18.346980447879588 ], [ -88.3867747512748, 18.346604625876413 ], [ -88.385938682659116, 18.345873351475646 ], [ -88.385404318380935, 18.345533624225411 ], [ -88.384816432781363, 18.345298513514166 ], [ -88.384273443097769, 18.345150127310035 ], [ -88.383962270957227, 18.344516089343404 ], [ -88.384143146954997, 18.343882725806672 ], [ -88.384451361254008, 18.343297520189047 ], [ -88.384927073969905, 18.34260370009898 ], [ -88.385536649508211, 18.341712560504153 ], [ -88.385946530906423, 18.341275170807528 ], [ -88.386450761023127, 18.340817533596578 ], [ -88.386998892348501, 18.340483775993114 ], [ -88.386297964165934, 18.339951845021215 ], [ -88.385449455672088, 18.340132960530866 ], [ -88.384877160328628, 18.340510071294489 ], [ -88.384320697071715, 18.341156860563888 ], [ -88.383992469627088, 18.341607495560144 ], [ -88.383250455961132, 18.342641895117008 ], [ -88.382944615152468, 18.343115604503478 ], [ -88.382698636108842, 18.34355696271356 ], [ -88.382487735764158, 18.344010440435923 ], [ -88.3821744557644, 18.344763405100267 ], [ -88.381706482095268, 18.345188105511646 ], [ -88.380933340049992, 18.3456177876071 ], [ -88.380152599262971, 18.345889532457399 ], [ -88.377757911447276, 18.346282063898116 ], [ -88.375520478752705, 18.346795566826181 ], [ -88.374493876491357, 18.347016238776479 ], [ -88.373741913991154, 18.347137670534952 ], [ -88.372709143844105, 18.34719141879874 ], [ -88.371969258020343, 18.347280460379888 ], [ -88.370907419872964, 18.347450677147446 ], [ -88.370230043210867, 18.347518695957618 ], [ -88.369595615502263, 18.347657617209236 ], [ -88.369092082033461, 18.347799724427961 ], [ -88.368187545535619, 18.348155159726023 ], [ -88.367562002099675, 18.34849147164929 ], [ -88.366918375886272, 18.348952409704893 ], [ -88.366214671694948, 18.349453571242826 ], [ -88.365695116692649, 18.349665133427127 ], [ -88.364915138810971, 18.349730630770683 ], [ -88.36423461384463, 18.349938267570206 ], [ -88.362551495108875, 18.35083581069529 ], [ -88.360920544516603, 18.351988125928049 ], [ -88.360410837064705, 18.352382444218811 ], [ -88.359835841481811, 18.352747000386628 ], [ -88.359104559291708, 18.352910558766677 ], [ -88.358502740648916, 18.352910515468018 ], [ -88.357987300559031, 18.352967792224192 ], [ -88.357250558637105, 18.353335149424506 ], [ -88.355927964034677, 18.35420761999503 ], [ -88.355396226286473, 18.354586737198996 ], [ -88.354909661110398, 18.354953432143763 ], [ -88.354559787807887, 18.355393326877351 ], [ -88.354066230780234, 18.356284904972007 ], [ -88.353804589385163, 18.356734838771953 ], [ -88.353313187258649, 18.356995499994191 ], [ -88.352688015422601, 18.357029792803367 ], [ -88.352126700256918, 18.356883117842749 ], [ -88.351625500257711, 18.356695094722397 ], [ -88.350909928326431, 18.356558163078706 ], [ -88.349919697743672, 18.356520424556855 ], [ -88.349146821669464, 18.356606305105963 ], [ -88.348569748473039, 18.356761195015 ], [ -88.346762848489462, 18.357627373329887 ], [ -88.346122893664017, 18.357948597004903 ], [ -88.345294569370196, 18.358187463341409 ], [ -88.343770131133212, 18.358641382212575 ], [ -88.343109305452543, 18.358904619432547 ], [ -88.342463205527594, 18.359190753765127 ], [ -88.341730562407264, 18.359403777933032 ], [ -88.341031675195524, 18.359743818079842 ], [ -88.340605853104591, 18.360000413453303 ], [ -88.339647425931105, 18.360425350163595 ], [ -88.338946725448636, 18.360569290711897 ], [ -88.338209984521569, 18.360649246222042 ], [ -88.337687240180955, 18.360714169008389 ], [ -88.336971602879089, 18.360843084021969 ], [ -88.33637963668896, 18.361024609075841 ], [ -88.335779971936844, 18.361207068807406 ], [ -88.335124419951612, 18.361295764946693 ], [ -88.33459403805216, 18.361359364737964 ], [ -88.333991370126043, 18.361653290008842 ], [ -88.333523929169942, 18.362118409094727 ], [ -88.333007811072292, 18.362462903714626 ], [ -88.332433943865922, 18.36251979400544 ], [ -88.331871075593511, 18.362694130318257 ], [ -88.331106668503011, 18.363012237051738 ], [ -88.33050927148274, 18.363110230874454 ], [ -88.329390489918595, 18.363222450163754 ], [ -88.328831170056446, 18.363265040563647 ], [ -88.327567632317212, 18.363297075776892 ], [ -88.326115161329994, 18.363268122937846 ], [ -88.324655787987524, 18.363210817819656 ], [ -88.323820226040354, 18.363169982440517 ], [ -88.32266712920503, 18.363176533979747 ], [ -88.322028014988533, 18.363202491710528 ], [ -88.321424122459973, 18.36327888871406 ], [ -88.320889097227322, 18.363252197688627 ], [ -88.320302497774335, 18.362950447939795 ], [ -88.319784980914804, 18.362537728244373 ], [ -88.318988858661044, 18.361845490730111 ], [ -88.318597476510632, 18.36139418872418 ], [ -88.318534492983503, 18.360733526023871 ], [ -88.318594126132311, 18.360142356220067 ], [ -88.318887374294363, 18.359617781800271 ], [ -88.319822972110941, 18.358946779001474 ], [ -88.32052249648369, 18.358605714132231 ], [ -88.321096048653644, 18.358297598621288 ], [ -88.321717042279232, 18.35787121810257 ], [ -88.322272712630209, 18.357394780431388 ], [ -88.322694251153848, 18.357013063054541 ], [ -88.323337992946421, 18.356552308018873 ], [ -88.323833894944002, 18.356410148569456 ], [ -88.324400084281564, 18.356374501399181 ], [ -88.325021153537222, 18.356207249264433 ], [ -88.326333354119981, 18.35544068308441 ], [ -88.32873073519626, 18.353375770662335 ], [ -88.331420171057914, 18.35137432017941 ], [ -88.331984036554644, 18.350876638844174 ], [ -88.332573474393385, 18.350239870280998 ], [ -88.333179387251604, 18.349560688070003 ], [ -88.333540803582508, 18.349219150401407 ], [ -88.334051299083526, 18.348796768125766 ], [ -88.334606668904556, 18.348614345549887 ], [ -88.335122480324102, 18.348542492562444 ], [ -88.336078782130343, 18.348194133589153 ], [ -88.337661996839572, 18.34719637462403 ], [ -88.338186463762554, 18.346802487553514 ], [ -88.339004074016444, 18.345862562338574 ], [ -88.339643163825656, 18.345023045603249 ], [ -88.340516968107224, 18.343659716748224 ], [ -88.341134456271135, 18.342525589517258 ], [ -88.341534363956214, 18.341848085010479 ], [ -88.341785191950407, 18.341251432091653 ], [ -88.342140480288791, 18.340587478614221 ], [ -88.342752203150411, 18.340238523917943 ], [ -88.343296126863009, 18.340195499735838 ], [ -88.34398668783578, 18.340184233465507 ], [ -88.344279849553061, 18.339658467070397 ], [ -88.343654517328631, 18.339283739530707 ], [ -88.343432588646493, 18.338672134688728 ], [ -88.343728894167398, 18.338161094048544 ], [ -88.344788863381325, 18.336672713680034 ], [ -88.34528479070255, 18.335977262129457 ], [ -88.34558431150684, 18.335213909595783 ], [ -88.345687558830321, 18.334641806356007 ], [ -88.345843293645061, 18.333762263426419 ], [ -88.346229829416188, 18.332481613941233 ], [ -88.346445631229216, 18.331561849001151 ], [ -88.346493520281072, 18.330875717945514 ], [ -88.346544564492802, 18.329345745851978 ], [ -88.343737209650513, 18.328835424387183 ], [ -88.343048567741221, 18.328776889728946 ], [ -88.342526186074082, 18.328568060080649 ], [ -88.341977517841499, 18.328217745477112 ], [ -88.341284518919281, 18.327794042537882 ], [ -88.340211743727394, 18.327277664854211 ], [ -88.338643092731544, 18.326664639075535 ], [ -88.337972617239856, 18.32647921574917 ], [ -88.336888237726413, 18.326417729053876 ], [ -88.336376272241097, 18.326348853793231 ], [ -88.335456336679485, 18.325611981473021 ], [ -88.334960626476047, 18.325487164759579 ], [ -88.334570161780647, 18.325814484372241 ], [ -88.334122150776494, 18.326658677038669 ], [ -88.333779877246656, 18.327365748527374 ], [ -88.333490724645188, 18.327764275576719 ], [ -88.332396521409095, 18.328046169291579 ], [ -88.331793689895036, 18.328087720948144 ], [ -88.331183350614481, 18.328408511508137 ], [ -88.330520050642448, 18.328504912770452 ], [ -88.329974459339425, 18.328589554048719 ], [ -88.32956719336029, 18.32901446768328 ], [ -88.329171077517088, 18.329551199795851 ], [ -88.328563501008801, 18.329746983375315 ], [ -88.327810873165916, 18.329896389600833 ], [ -88.327126661341424, 18.330243518300687 ], [ -88.326732754116065, 18.330566225629415 ], [ -88.326274656067397, 18.330797218270359 ], [ -88.325265433790662, 18.330660891359042 ], [ -88.324572876460124, 18.330770070315914 ], [ -88.324082472827442, 18.330995757689081 ], [ -88.323491903367866, 18.331107437551676 ], [ -88.322990126388959, 18.331207778234926 ], [ -88.322424342537076, 18.331516109556937 ], [ -88.321320707427034, 18.333240991854037 ], [ -88.320576731461671, 18.333615916759662 ], [ -88.320044741786162, 18.333742543764991 ], [ -88.319461169645933, 18.334163094982632 ], [ -88.318948814893972, 18.334655248455316 ], [ -88.318415699883857, 18.334823533117625 ], [ -88.317406469336788, 18.334687160156179 ], [ -88.316819121754904, 18.334700874872063 ], [ -88.316023380071485, 18.33480747972737 ], [ -88.31525447205992, 18.335012763895325 ], [ -88.314664112369542, 18.335137937539614 ], [ -88.313605383885758, 18.335196368998165 ], [ -88.312824380887989, 18.335303322384355 ], [ -88.311626626445232, 18.336184175361218 ], [ -88.311177510183327, 18.33649646606246 ], [ -88.310597718381374, 18.33677624061281 ], [ -88.309974834105304, 18.337013266602796 ], [ -88.309266164428365, 18.337150153797577 ], [ -88.308219378442104, 18.337333907574358 ], [ -88.30768886790203, 18.337405325577869 ], [ -88.306916534458068, 18.337736674757743 ], [ -88.306261120832147, 18.338085549209151 ], [ -88.305559824549036, 18.338516663486132 ], [ -88.305004733067676, 18.338951381429268 ], [ -88.304572257019785, 18.339193082677994 ], [ -88.303788221224067, 18.339411459501655 ], [ -88.302669222434631, 18.339538190326586 ], [ -88.30212114531993, 18.339735344081134 ], [ -88.301195166631913, 18.340315243739244 ], [ -88.300563936562995, 18.340859605201814 ], [ -88.299811173490227, 18.341556441631788 ], [ -88.2991712371239, 18.34187750354204 ], [ -88.298423978450629, 18.342349134601754 ], [ -88.298017007215932, 18.342759320345149 ], [ -88.297385728317764, 18.343304792273546 ], [ -88.296643771769595, 18.343580506748957 ], [ -88.296181624006778, 18.343849616914142 ], [ -88.295689632280016, 18.344131509995883 ], [ -88.295048551691721, 18.344494209927571 ], [ -88.294572029271308, 18.344749441036534 ], [ -88.293857647945472, 18.345095677778975 ], [ -88.293294806335041, 18.345292434667584 ], [ -88.292648879061673, 18.345289969412796 ], [ -88.292065475750306, 18.345135825938311 ], [ -88.291217045839389, 18.345030325171372 ], [ -88.290629313356945, 18.345057460647912 ], [ -88.289297684232835, 18.345431206592302 ], [ -88.288616755157975, 18.345653190711626 ], [ -88.287718023857906, 18.345770630220468 ], [ -88.287174284988751, 18.345785324926069 ], [ -88.286600891611627, 18.345827450414024 ], [ -88.285803978043631, 18.345975569749442 ], [ -88.285314632467291, 18.346159476644431 ], [ -88.284372420447895, 18.34624878109366 ], [ -88.28346829911321, 18.346043848036594 ], [ -88.282724361308937, 18.345871048052182 ], [ -88.281916874754927, 18.345865667090642 ], [ -88.281144108926014, 18.346210398624493 ], [ -88.280574202460343, 18.34664466203181 ], [ -88.279995081844646, 18.346897302289879 ], [ -88.279189922783175, 18.346806340348543 ], [ -88.278268006764691, 18.346713605358069 ], [ -88.276229909771757, 18.34662130996951 ], [ -88.274984560153896, 18.346534042487061 ], [ -88.274356052018348, 18.346433930391001 ], [ -88.273492112104549, 18.3463572586137 ], [ -88.272488135205393, 18.346570024661606 ], [ -88.271787470742098, 18.346931152861949 ], [ -88.270816442612784, 18.347579606458936 ], [ -88.269765384835651, 18.348436740960384 ], [ -88.2692387211994, 18.348928369201378 ], [ -88.268812687742809, 18.349450662278088 ], [ -88.268461511659083, 18.349932005941927 ], [ -88.267879146792353, 18.350324224285661 ], [ -88.26697750801101, 18.350525983753439 ], [ -88.266221348752495, 18.350801208439854 ], [ -88.265759152421666, 18.351070229483454 ], [ -88.265207204806444, 18.351406865836218 ], [ -88.264582699483654, 18.351700005595788 ], [ -88.263595115543978, 18.351829754219402 ], [ -88.262786305424257, 18.351894103820204 ], [ -88.261996659294681, 18.351775285647108 ], [ -88.261281228477571, 18.351617755811269 ], [ -88.260458081820076, 18.351667090098001 ], [ -88.259719148908374, 18.351872866944053 ], [ -88.259160269202781, 18.351901743631537 ], [ -88.258600281018147, 18.351971149932552 ], [ -88.25796102931676, 18.352263899862809 ], [ -88.257635666202319, 18.352900205357315 ], [ -88.257255539560447, 18.353381923321059 ], [ -88.25675064937262, 18.35359352472797 ], [ -88.255970353430442, 18.353672069660643 ], [ -88.255479831276133, 18.353897543851499 ], [ -88.255059883931054, 18.354217159444982 ], [ -88.254570500358085, 18.354400972258436 ], [ -88.254061413788691, 18.35424856588962 ], [ -88.253896849771593, 18.353794944000754 ], [ -88.25332557373693, 18.353220760528014 ], [ -88.252848093711179, 18.352969999355864 ], [ -88.252465732048506, 18.352455733719115 ], [ -88.252030154866077, 18.351730594057646 ], [ -88.251601862021218, 18.351299675660439 ], [ -88.250829076238858, 18.351126031075335 ], [ -88.250312718817895, 18.351196502434707 ], [ -88.249066769018228, 18.351670091999832 ], [ -88.248355547987956, 18.351919323829499 ], [ -88.24755898203864, 18.352053756443247 ], [ -88.24682291492293, 18.352133372324825 ], [ -88.242866592552389, 18.355622613775353 ], [ -88.242234534159508, 18.356146432511963 ], [ -88.24177118956915, 18.356498723001565 ], [ -88.241223392858913, 18.356639353686536 ], [ -88.240574966860493, 18.356749296788333 ], [ -88.239873262560835, 18.357166588837245 ], [ -88.239367577687787, 18.357406279619209 ], [ -88.238857545728862, 18.357267328257745 ], [ -88.238207910971298, 18.356326132130174 ], [ -88.237827363309037, 18.355769079619527 ], [ -88.237289087532204, 18.355069506719783 ], [ -88.236864665432122, 18.354456152691291 ], [ -88.236602586992774, 18.353860385901818 ], [ -88.236292610240568, 18.35337607587071 ], [ -88.235983407764579, 18.352863619337377 ], [ -88.23559686864202, 18.35250356894969 ], [ -88.235108528174877, 18.352155608875332 ], [ -88.233099201490802, 18.350997820184059 ], [ -88.232430765915026, 18.350763632630695 ], [ -88.231877104840947, 18.350581890431375 ], [ -88.231280630599812, 18.350412591474509 ], [ -88.230391537097859, 18.350179621508925 ], [ -88.229823545820665, 18.349982869909329 ], [ -88.229534127207586, 18.349331210249758 ], [ -88.229943754102038, 18.348851427347565 ], [ -88.230491893032081, 18.34865450577303 ], [ -88.231200230029216, 18.348531449583778 ], [ -88.231893795864423, 18.348409144058948 ], [ -88.232784520913228, 18.348024782463487 ], [ -88.233217451264224, 18.347769763392769 ], [ -88.234025162820842, 18.347228972158451 ], [ -88.23461313758601, 18.346655630757922 ], [ -88.235066987408132, 18.346175815096927 ], [ -88.235637925976221, 18.345685409432974 ], [ -88.236610980245942, 18.345009050026327 ], [ -88.237251179411103, 18.344681475225951 ], [ -88.237691388117966, 18.344117938651813 ], [ -88.237730550526877, 18.343250325696172 ], [ -88.237465451596535, 18.342206105812242 ], [ -88.237235102267888, 18.341486084078202 ], [ -88.237057876245856, 18.340485748670538 ], [ -88.236984634174931, 18.339952168810999 ], [ -88.23692578667837, 18.339431341613604 ], [ -88.236609927936755, 18.338624686537386 ], [ -88.23631393236947, 18.338168896810284 ], [ -88.235723422001143, 18.337762060051979 ], [ -88.235007942384684, 18.337631484793004 ], [ -88.234426421652273, 18.337434416026927 ], [ -88.233580784557319, 18.337189043032563 ], [ -88.232463804171644, 18.337287234957529 ], [ -88.23171911178342, 18.337661747638432 ], [ -88.231197233461785, 18.337956224514713 ], [ -88.23058940649706, 18.338179821411092 ], [ -88.230014924963882, 18.338263430662003 ], [ -88.22920350525726, 18.338382782125759 ], [ -88.22836205915246, 18.338585865853567 ], [ -88.227120983031071, 18.338863416206479 ], [ -88.226395257942315, 18.339084040393217 ], [ -88.225472437452495, 18.339564458106672 ], [ -88.224760115920063, 18.339855259136854 ], [ -88.223961506968905, 18.340066156627881 ], [ -88.223472341205209, 18.340264544371585 ], [ -88.222771864087477, 18.340638997907789 ], [ -88.221558391578995, 18.341519909800979 ], [ -88.220673524667021, 18.342184881272743 ], [ -88.220268150472492, 18.342510412403389 ], [ -88.219730696989956, 18.342833746995762 ], [ -88.219104635780397, 18.343183016590601 ], [ -88.218258167290614, 18.343567299139803 ], [ -88.217038951760884, 18.344098798071684 ], [ -88.215721290645519, 18.344542188510488 ], [ -88.214725855326023, 18.344980160662978 ], [ -88.213419227023365, 18.345493659548058 ], [ -88.212600412255469, 18.345879733742574 ], [ -88.211767104624371, 18.346320639517309 ], [ -88.211094879000626, 18.346738561820001 ], [ -88.21010974425819, 18.347358136039535 ], [ -88.209574781681326, 18.347590249534214 ], [ -88.20869914925288, 18.347918543549682 ], [ -88.207943746329093, 18.348165374659963 ], [ -88.207319979910309, 18.348430163976357 ], [ -88.206695062312093, 18.348736603765978 ], [ -88.206144766379296, 18.348989722494952 ], [ -88.205462642796775, 18.349210224975053 ], [ -88.20482936311015, 18.349306908894622 ], [ -88.204371370012041, 18.348888678560062 ], [ -88.204422330939494, 18.348091247761719 ], [ -88.20489737207609, 18.34735971256249 ], [ -88.205351847950112, 18.346881126884043 ], [ -88.206015725281802, 18.34625348261461 ], [ -88.206479118900972, 18.345900161459479 ], [ -88.207061181082565, 18.345564478130722 ], [ -88.207589334852202, 18.345044931757808 ], [ -88.207889434960791, 18.344281937622739 ], [ -88.20817827927948, 18.343392487159655 ], [ -88.208627888324358, 18.342534121084576 ], [ -88.209435377125786, 18.341447066712412 ], [ -88.209756040264892, 18.341028181011843 ], [ -88.210363419315399, 18.340244752688264 ], [ -88.210654046864889, 18.33984538700075 ], [ -88.211008467726259, 18.339250478672565 ], [ -88.211070827920651, 18.338551336366478 ], [ -88.210687858590418, 18.338065166848693 ], [ -88.209985784402562, 18.338005809344484 ], [ -88.209368652559334, 18.338031953147581 ], [ -88.208647776161058, 18.338098290398825 ], [ -88.207937345438992, 18.338277542733188 ], [ -88.207252559291973, 18.338638813262392 ], [ -88.205890932997121, 18.339585721885175 ], [ -88.204935122009928, 18.34019136993426 ], [ -88.2044792966188, 18.340740895924824 ], [ -88.203810197537322, 18.341046216677366 ], [ -88.203238231181416, 18.341059957166433 ], [ -88.202725001019317, 18.341018852882328 ], [ -88.201982766306983, 18.340790598110814 ], [ -88.201613408719226, 18.340346439005639 ], [ -88.202141554480903, 18.339826907475679 ], [ -88.203219757096335, 18.339573589172019 ], [ -88.203996052145584, 18.339103117456382 ], [ -88.204447982363789, 18.338694311651505 ], [ -88.205163428993075, 18.338291017522252 ], [ -88.205626389675714, 18.337995140552419 ], [ -88.206107818476568, 18.337585944689383 ], [ -88.206565042934628, 18.33722007426438 ], [ -88.206969892425107, 18.336913714021623 ], [ -88.207690765163477, 18.336868786268372 ], [ -88.208204391696512, 18.336895240304891 ], [ -88.208949561602807, 18.336739393349013 ], [ -88.209380782859355, 18.335734106552039 ], [ -88.209702802716919, 18.335222876459241 ], [ -88.210158491067816, 18.334912155933509 ], [ -88.210387460543274, 18.335955468645572 ], [ -88.211067415497595, 18.335768677737672 ], [ -88.211452226726095, 18.335140737728373 ], [ -88.211874731189752, 18.334450654596139 ], [ -88.212607366080547, 18.333979039139003 ], [ -88.213867699037294, 18.333750510389837 ], [ -88.214641956445064, 18.33363028825617 ], [ -88.215387514375209, 18.333459774532528 ], [ -88.216007736025617, 18.333363839954117 ], [ -88.216770077243496, 18.333226410642968 ], [ -88.217555470104102, 18.332937473773033 ], [ -88.217953005692465, 18.333452162224074 ], [ -88.218523590013618, 18.333509308322473 ], [ -88.218533389452105, 18.332639851648494 ], [ -88.218367100899869, 18.331738934095309 ], [ -88.218891296704385, 18.331360061220604 ], [ -88.219327882400961, 18.33094969694482 ], [ -88.218933043911292, 18.330379878512616 ], [ -88.218260584135365, 18.32971746850048 ], [ -88.218322903695977, 18.329061124347344 ], [ -88.218893623296864, 18.328598927087754 ], [ -88.219492364862262, 18.3287254935241 ], [ -88.219861947341315, 18.32914146343483 ], [ -88.220441119163539, 18.329421876616262 ], [ -88.220987647730212, 18.329324069517526 ], [ -88.221748382311276, 18.328880153792728 ], [ -88.222010229433764, 18.328410190777987 ], [ -88.222215644946019, 18.327868963335316 ], [ -88.222725677682405, 18.32748972169135 ], [ -88.223269504104067, 18.327468444163895 ], [ -88.223878066925096, 18.327216718577489 ], [ -88.224175357632291, 18.326551619795424 ], [ -88.224103326089619, 18.325975262683663 ], [ -88.223772436078647, 18.325181747122468 ], [ -88.223640132424123, 18.324673725234444 ], [ -88.2230917684969, 18.324324251171362 ], [ -88.22246610601583, 18.324126047180176 ], [ -88.22205210084762, 18.323695450468854 ], [ -88.221953485758803, 18.322992254747579 ], [ -88.221573230075407, 18.322407037529615 ], [ -88.221026457021523, 18.322042953143814 ], [ -88.220326216021405, 18.322390383211406 ], [ -88.219651556922798, 18.322386963743103 ], [ -88.218969852199052, 18.32210397772625 ], [ -88.217823109139587, 18.322173191232277 ], [ -88.217376835540222, 18.322400811441899 ], [ -88.216968411393864, 18.322838920380693 ], [ -88.216524154437593, 18.323528476265583 ], [ -88.216284980177818, 18.324181501837408 ], [ -88.216080736215218, 18.324722747446096 ], [ -88.215544148956383, 18.325016813500735 ], [ -88.214850620552866, 18.325098520118495 ], [ -88.214218425683569, 18.325180636892949 ], [ -88.213654288454308, 18.32540415673861 ], [ -88.213009705819658, 18.325892642849919 ], [ -88.212372529615081, 18.326647178649321 ], [ -88.212004034595537, 18.327240613925508 ], [ -88.211536054094466, 18.327677210998488 ], [ -88.210629506065928, 18.328103894381563 ], [ -88.209834101175431, 18.328713619951799 ], [ -88.209500842916142, 18.329098394552371 ], [ -88.209086572693053, 18.329746997440825 ], [ -88.208737266803496, 18.330200086991979 ], [ -88.20818103998721, 18.330649094579051 ], [ -88.207427085856892, 18.330867810918065 ], [ -88.206534286749303, 18.331308334199608 ], [ -88.206098270083899, 18.331675870221467 ], [ -88.205647543224202, 18.332084714915947 ], [ -88.204801249343106, 18.332400228983111 ], [ -88.204327425514848, 18.33255614381839 ], [ -88.202975945322635, 18.333671147422812 ], [ -88.201232188044926, 18.335127726475228 ], [ -88.200510171319706, 18.3352784953453 ], [ -88.199993876591648, 18.335348836187627 ], [ -88.199493437744849, 18.335379018973249 ], [ -88.198740021400681, 18.335556026011893 ], [ -88.197849332003059, 18.335940227837828 ], [ -88.196808758024943, 18.336390482741834 ], [ -88.196142410098503, 18.336639521449669 ], [ -88.194976777565429, 18.336834265109392 ], [ -88.194125064670757, 18.336854435015265 ], [ -88.191235043987376, 18.336824223322935 ], [ -88.190574503630017, 18.336821045112433 ], [ -88.189926140623541, 18.336889143413874 ], [ -88.188811145019997, 18.336874469550157 ], [ -88.18780139943361, 18.336765570382866 ], [ -88.186691466789497, 18.336568518172054 ], [ -88.185580748801826, 18.336442410555296 ], [ -88.184214849363357, 18.336436003843776 ], [ -88.180630407812885, 18.336541257705569 ], [ -88.179878730954499, 18.336676547298616 ], [ -88.179391309002227, 18.336790366417169 ], [ -88.178342788014788, 18.337016133391224 ], [ -88.177461800816445, 18.337050131881011 ], [ -88.176331872876787, 18.337021487332095 ], [ -88.175068749213466, 18.337073946227665 ], [ -88.174168751133109, 18.337218967728578 ], [ -88.173428688366101, 18.337424369061232 ], [ -88.172289044214963, 18.337787475355515 ], [ -88.171038250018725, 18.338456409811972 ], [ -88.170319257979088, 18.33894282778305 ], [ -88.169342741687828, 18.339759523880609 ], [ -88.168559555830839, 18.340453827899882 ], [ -88.168255878026983, 18.340852777459769 ], [ -88.167851693614168, 18.341641191441305 ], [ -88.167435679525383, 18.342345943783187 ], [ -88.167048396194147, 18.343120141388418 ], [ -88.16596206712488, 18.344171710792342 ], [ -88.164900009842256, 18.344860029425892 ], [ -88.163106643695627, 18.345501585534006 ], [ -88.161821522138084, 18.345791070234259 ], [ -88.160787680767569, 18.346017096897739 ], [ -88.160326182613275, 18.346257683295384 ], [ -88.159222456799242, 18.346873937516751 ], [ -88.158238153043357, 18.347438026345039 ], [ -88.156973497182179, 18.348050166344017 ], [ -88.156303352267145, 18.348390189210804 ], [ -88.155318079852179, 18.349009432063454 ], [ -88.154181294589378, 18.349752098999339 ], [ -88.15337419350908, 18.350264346993438 ], [ -88.152465339135048, 18.350744708653917 ], [ -88.15156466847921, 18.350932394332631 ], [ -88.150796230446872, 18.351095283648466 ], [ -88.150101109475003, 18.351315237745215 ], [ -88.149503221830827, 18.351664959802928 ], [ -88.148128693468891, 18.352554712961084 ], [ -88.144902956071775, 18.355050826097408 ], [ -88.144288567530921, 18.355483464795597 ], [ -88.143810928622955, 18.355793430251552 ], [ -88.142571904123642, 18.356518750146233 ], [ -88.140574415957232, 18.357617800561439 ], [ -88.139384114894298, 18.35820353492193 ], [ -88.138700736387534, 18.358508222236914 ], [ -88.137959779644831, 18.358741592774294 ], [ -88.137263410892444, 18.358962583054126 ], [ -88.136062874673087, 18.359870192047186 ], [ -88.135184349462946, 18.360338837890637 ], [ -88.134637330194835, 18.360492674001858 ], [ -88.133704794449656, 18.360762797824098 ], [ -88.132708364887591, 18.361228407830474 ], [ -88.131831627466909, 18.36163287161169 ], [ -88.131353145017016, 18.361887580109677 ], [ -88.130554610047113, 18.362132959858599 ], [ -88.129461720580935, 18.362357273122853 ], [ -88.12870580357837, 18.362618378621281 ], [ -88.12805620889084, 18.362769563931682 ], [ -88.127479115153392, 18.362922605007878 ], [ -88.126945442708006, 18.36310491974006 ], [ -88.126109913581132, 18.363574614297715 ], [ -88.125544187401943, 18.363868745459587 ], [ -88.124715786070198, 18.3641268472165 ], [ -88.124067731763532, 18.364181183519605 ], [ -88.123245217934979, 18.36418823608043 ], [ -88.12196863693066, 18.364168983468087 ], [ -88.120386906973607, 18.364030368180764 ], [ -88.118839212430174, 18.363751813938237 ], [ -88.11775756395572, 18.363597865464694 ], [ -88.116542496512281, 18.363468642972769 ], [ -88.115034442195608, 18.363374684936506 ], [ -88.113097304552809, 18.363310229632759 ], [ -88.110779361498217, 18.363320439048501 ], [ -88.109821458069419, 18.363401669864579 ], [ -88.108952786521712, 18.363518985841036 ], [ -88.107845953914847, 18.363756325180443 ], [ -88.106216572422113, 18.364261799790349 ], [ -88.105203199788917, 18.364782000925395 ], [ -88.103808924938321, 18.365838688726345 ], [ -88.102600460144586, 18.367040948742975 ], [ -88.100615240741078, 18.369217779190855 ], [ -88.100223137493316, 18.369607534928488 ], [ -88.099677137463985, 18.370265909820922 ], [ -88.099382658731699, 18.370791098061762 ], [ -88.099116059495842, 18.371415001203125 ], [ -88.098794877270095, 18.371841502745095 ], [ -88.098195665579425, 18.372274344288154 ], [ -88.097532298052045, 18.372368736382413 ], [ -88.09674954779716, 18.372012866212675 ], [ -88.096324289926528, 18.371510778583922 ], [ -88.096591696366119, 18.370858742975496 ], [ -88.097027587689524, 18.370506170321402 ], [ -88.097420653090353, 18.370124330204398 ], [ -88.097537115506427, 18.369594552150883 ], [ -88.0970260075147, 18.368978740495862 ], [ -88.096587785907431, 18.368392966662952 ], [ -88.096970899225553, 18.366258204098145 ], [ -88.096862443419766, 18.365421874199505 ], [ -88.096630743403026, 18.364813274449933 ], [ -88.09651260138844, 18.364319117145914 ], [ -88.096502950988466, 18.363618252411065 ], [ -88.097019637351394, 18.362973772915876 ], [ -88.097706637188907, 18.362584868395839 ], [ -88.098249461899783, 18.362079603613655 ], [ -88.098592872346515, 18.361346168678228 ], [ -88.098637787755152, 18.360801023486633 ], [ -88.098572159606661, 18.360014234761259 ], [ -88.098327638148248, 18.358774524830835 ], [ -88.098246842602791, 18.358023387895162 ], [ -88.098007746126655, 18.357134127286056 ], [ -88.097652238229827, 18.356731846192485 ], [ -88.097234192230559, 18.356455235490667 ], [ -88.096685502749949, 18.356147091013135 ], [ -88.096367992932727, 18.355423640592701 ], [ -88.096003856509483, 18.354826270709889 ], [ -88.095326538491946, 18.35437400819734 ], [ -88.094336982200772, 18.354054486001896 ], [ -88.093724236169024, 18.353926032489692 ], [ -88.093235507042905, 18.353604786727328 ], [ -88.092917598964021, 18.352854291286736 ], [ -88.092863330939394, 18.352208596880587 ], [ -88.092952875445647, 18.351608290102568 ], [ -88.093242831702455, 18.350199901854289 ], [ -88.093198757390581, 18.349694144200186 ], [ -88.093215802421582, 18.349091965465355 ], [ -88.09322029248284, 18.348391466680166 ], [ -88.093313365864489, 18.347707896870773 ], [ -88.093565697669518, 18.346607169077373 ], [ -88.093807946950903, 18.345800164464833 ], [ -88.093903607952797, 18.345004022366297 ], [ -88.094018573777063, 18.344067579732304 ], [ -88.094250823005041, 18.343092483526238 ], [ -88.094797610289504, 18.341944152750177 ], [ -88.095137026060314, 18.34135028663983 ], [ -88.095358949673312, 18.340781547815023 ], [ -88.095586138537072, 18.339484171163754 ], [ -88.096090443958389, 18.33670822254992 ], [ -88.096305778261197, 18.333763748709078 ], [ -88.096459374522894, 18.331959845308248 ], [ -88.096451106078874, 18.331188053966525 ], [ -88.095806206317206, 18.329111263089612 ], [ -88.095587669144905, 18.328517653494298 ], [ -88.095408519212484, 18.32757362457583 ], [ -88.095400220224832, 18.326844634776215 ], [ -88.095426020937566, 18.325430551331944 ], [ -88.095542319096026, 18.324424300078679 ], [ -88.095685491250151, 18.323531381007104 ], [ -88.096186037808749, 18.32240886982763 ], [ -88.096770709698703, 18.320938214981656 ], [ -88.096842795162516, 18.319930822838554 ], [ -88.097158755081921, 18.316029242608479 ], [ -88.097282902019742, 18.314743842897215 ], [ -88.097573735772926, 18.31171006079672 ], [ -88.09790907999259, 18.310232975589908 ], [ -88.098209014632687, 18.308965612376774 ], [ -88.098488511447869, 18.30787907302771 ], [ -88.098766388038186, 18.306891612703502 ], [ -88.0990086851249, 18.306099229880239 ], [ -88.099231726154429, 18.305487701832735 ], [ -88.09963291464156, 18.304769242035285 ], [ -88.099917017483151, 18.304062410701508 ], [ -88.099927751383944, 18.30317958934388 ], [ -88.099946972636914, 18.301974837175806 ], [ -88.099727252785371, 18.301422882300269 ], [ -88.099303276818503, 18.300837516475099 ], [ -88.098799338933844, 18.300515923272055 ], [ -88.098306868322297, 18.300352319925956 ], [ -88.09797881943696, 18.299962033690527 ], [ -88.097840462309421, 18.299159859268158 ], [ -88.097662978871824, 18.298678827802341 ], [ -88.096951311666842, 18.297903582680352 ], [ -88.09678914676158, 18.297381269039469 ], [ -88.096829729943423, 18.296485702920741 ], [ -88.096814901904935, 18.295966053574134 ], [ -88.096784927470168, 18.295460656388645 ], [ -88.096916988020254, 18.294959429394506 ], [ -88.097595773867837, 18.294809054888521 ], [ -88.097981856104454, 18.29516929162191 ], [ -88.098679064925278, 18.295411374549246 ], [ -88.09900774770658, 18.294691047071478 ], [ -88.099067702369624, 18.294132767261015 ], [ -88.099029126544067, 18.293388351962676 ], [ -88.098987831329225, 18.2922800427224 ], [ -88.099240736331453, 18.286421385254044 ], [ -88.0990620603027, 18.28596172752335 ], [ -88.098530508023202, 18.285721659762569 ], [ -88.097905553501988, 18.285385700962291 ], [ -88.097633245525515, 18.284608245700134 ], [ -88.097359564158879, 18.283942267241279 ], [ -88.096899061774806, 18.283608279947742 ], [ -88.096090586757825, 18.283152704739251 ], [ -88.095421715638622, 18.282806600246879 ], [ -88.0948355474724, 18.282266625664974 ], [ -88.094252852625601, 18.282021854807905 ], [ -88.094376488977062, 18.282843922162243 ], [ -88.094614447363867, 18.283438021068434 ], [ -88.094554495902585, 18.284037971170584 ], [ -88.093730015148864, 18.284129401305734 ], [ -88.092887438397824, 18.283294470848265 ], [ -88.092569592079116, 18.282627353213339 ], [ -88.092537728832838, 18.281645449280578 ], [ -88.092984226773197, 18.280928162396783 ], [ -88.093459893156407, 18.28070272935318 ], [ -88.094154142870295, 18.280524594451521 ], [ -88.095184603006075, 18.280424938403041 ], [ -88.095715251080136, 18.280340587221694 ], [ -88.096188979878193, 18.280183805684693 ], [ -88.096738111446186, 18.279945609939624 ], [ -88.097395068229076, 18.279542350635218 ], [ -88.09777078293952, 18.279223097405712 ], [ -88.098255801054279, 18.278141829651769 ], [ -88.098349910945032, 18.275846394262434 ], [ -88.098234513887746, 18.27525432526658 ], [ -88.097958073194675, 18.274644600486514 ], [ -88.097395871877566, 18.274279845176487 ], [ -88.096567366864434, 18.274034402218163 ], [ -88.095992788011884, 18.273585975062797 ], [ -88.095947872380762, 18.273108354968709 ], [ -88.096161110807472, 18.271795953070718 ], [ -88.096471226163516, 18.269638988442331 ], [ -88.096445962016404, 18.268965883218826 ], [ -88.096333326465171, 18.268275888614856 ], [ -88.096394084916199, 18.267688343584492 ], [ -88.096576674007622, 18.266416828438274 ], [ -88.096672992365072, 18.263497430062991 ], [ -88.096460989618123, 18.262693372181893 ], [ -88.095908884921926, 18.261992087515033 ], [ -88.095352236298211, 18.26143148754057 ], [ -88.095030841348475, 18.260848770393306 ], [ -88.095061937269691, 18.260288623058496 ], [ -88.095124619506606, 18.259632419959804 ], [ -88.095252168640741, 18.258766119515929 ], [ -88.095439786233285, 18.257818011158442 ], [ -88.095729045293425, 18.257426694967467 ], [ -88.095987338145775, 18.25660655602109 ], [ -88.095801857741222, 18.255886531000343 ], [ -88.095646010744304, 18.255181909913944 ], [ -88.095323037812591, 18.254655476313374 ], [ -88.094988514672522, 18.254057780192596 ], [ -88.094997237894475, 18.253203072063723 ], [ -88.095145339321036, 18.252632412695252 ], [ -88.095711283070941, 18.252002647506146 ], [ -88.096059072759431, 18.251437115532983 ], [ -88.096677511601172, 18.250302941792345 ], [ -88.097008600495784, 18.249492548699173 ], [ -88.09717365244218, 18.248318575299741 ], [ -88.097305153226358, 18.246220093037852 ], [ -88.097043677896465, 18.245120776352199 ], [ -88.096930242444813, 18.244458924452129 ], [ -88.096848599481405, 18.243714534056508 ], [ -88.096780751964985, 18.242479387968213 ], [ -88.096517882519706, 18.24193309920458 ], [ -88.096332806876575, 18.241156767217465 ], [ -88.096324453700404, 18.239419650326994 ], [ -88.096061339295176, 18.236721939028627 ], [ -88.095873274876567, 18.236135893921073 ], [ -88.09541999706201, 18.235548676964385 ], [ -88.095238412212098, 18.234690210376826 ], [ -88.09518801244036, 18.233903819136415 ], [ -88.095394685736181, 18.231750948374422 ], [ -88.095560437203034, 18.231096260188263 ], [ -88.095897216405092, 18.230039327186947 ], [ -88.096038981668144, 18.229189155217149 ], [ -88.09614428695653, 18.228063206101197 ], [ -88.096215786857812, 18.227070433130507 ], [ -88.096168126427443, 18.226186116376415 ], [ -88.095239862194347, 18.223162720714335 ], [ -88.095041610348645, 18.222393938900716 ], [ -88.09491246036265, 18.22178800583437 ], [ -88.094857129951791, 18.221155807592314 ], [ -88.094778054273092, 18.220298844576217 ], [ -88.094564100361382, 18.219564581171845 ], [ -88.09438840806456, 18.21904193430229 ], [ -88.093977725970461, 18.218513260863922 ], [ -88.093522494873397, 18.21799696404895 ], [ -88.093137344734103, 18.217608616337941 ], [ -88.092881775965211, 18.216803450921194 ], [ -88.092827444653324, 18.216114956762766 ], [ -88.092842426148465, 18.215077933135362 ], [ -88.092901315198915, 18.214575946717463 ], [ -88.09285817530845, 18.213992496542375 ], [ -88.09278575441968, 18.213444337922006 ], [ -88.092583986208282, 18.212780224902858 ], [ -88.091859428204273, 18.21194951477468 ], [ -88.091314884592435, 18.211487243813554 ], [ -88.090591137079528, 18.211173563017915 ], [ -88.090073294936417, 18.210809970312653 ], [ -88.089729406137209, 18.210002540321462 ], [ -88.08957711310228, 18.209130186240934 ], [ -88.08948646844236, 18.208203096049981 ], [ -88.089998033373476, 18.204635430368853 ], [ -88.090257601629773, 18.203702681037548 ], [ -88.090459049282089, 18.202824758037398 ], [ -88.090583133422825, 18.202057490076836 ], [ -88.090629099002712, 18.200966068883361 ], [ -88.090988032982864, 18.200124848176465 ], [ -88.091403997500805, 18.199624130820993 ], [ -88.092123198062467, 18.199258467046175 ], [ -88.091709661110926, 18.198748876238792 ], [ -88.09160400851647, 18.198208880774501 ], [ -88.091885321306265, 18.197718225748879 ], [ -88.092181435096876, 18.196721071476404 ], [ -88.092299310768027, 18.195880426656519 ], [ -88.09257655761516, 18.195030346416988 ], [ -88.092517625170871, 18.194274154279945 ], [ -88.092533381642554, 18.193712486572988 ], [ -88.092699258635108, 18.193051038579767 ], [ -88.093436343165379, 18.192319744435615 ], [ -88.093051348594585, 18.19194830806051 ], [ -88.092797190806834, 18.191429289373513 ], [ -88.093341156738035, 18.191175143199317 ], [ -88.094199687473051, 18.191555327230439 ], [ -88.094763394671361, 18.191479650685721 ], [ -88.094778068595147, 18.190956252753935 ], [ -88.094541952342993, 18.190298023147271 ], [ -88.094048338807212, 18.189786389982256 ], [ -88.094222590919188, 18.189330157296439 ], [ -88.094760974136818, 18.189190752474531 ], [ -88.095727848971976, 18.18906907585307 ], [ -88.09621634511916, 18.188838279130099 ], [ -88.096390139045127, 18.18835612491597 ], [ -88.097253597790555, 18.187508643358978 ], [ -88.096775996154477, 18.185079169157248 ], [ -88.096151989070009, 18.184910008530345 ], [ -88.095043152112481, 18.184357853436975 ], [ -88.094556068009979, 18.184076176699623 ], [ -88.094422695785326, 18.183599676524381 ], [ -88.094707647418062, 18.182809481973432 ], [ -88.09478439000145, 18.182152506186252 ], [ -88.094729216239642, 18.181534956069413 ], [ -88.094655989246135, 18.181014938993471 ], [ -88.095189259643945, 18.180299810048375 ], [ -88.095368075963478, 18.179658958562325 ], [ -88.095328605005164, 18.178985491262601 ], [ -88.095254402007853, 18.177974339425642 ], [ -88.094947798273893, 18.177413432961057 ], [ -88.094696181210722, 18.176972205114598 ], [ -88.094611962275124, 18.176297593107186 ], [ -88.094859048647052, 18.175322824190054 ], [ -88.09520035440265, 18.174644455593587 ], [ -88.095332205386782, 18.174144329919489 ], [ -88.095450942310961, 18.173586422568295 ], [ -88.095677490529951, 18.172566068081441 ], [ -88.0957542387264, 18.17186628730899 ], [ -88.095867062858346, 18.171014236112381 ], [ -88.095981617912898, 18.170037200053507 ], [ -88.096107404126144, 18.169227159324283 ], [ -88.096211956369842, 18.167617957582681 ], [ -88.096314831574617, 18.163941769174528 ], [ -88.096351610410494, 18.161532216876413 ], [ -88.096494877292599, 18.158011377762083 ], [ -88.096831029077649, 18.154376066252727 ], [ -88.096962358485584, 18.152270801854865 ], [ -88.097011958891642, 18.15157144977238 ], [ -88.097035464946387, 18.150730629664753 ], [ -88.096994589355717, 18.150085284447517 ], [ -88.097035926290658, 18.149133405541278 ], [ -88.097180729745176, 18.148674153298366 ], [ -88.09738453603768, 18.147684748902151 ], [ -88.097538334136942, 18.146903575353679 ], [ -88.098135741757019, 18.143339128980934 ], [ -88.098264946531287, 18.141898378355595 ], [ -88.098381815734086, 18.140835787801645 ], [ -88.098526432508805, 18.13880069167935 ], [ -88.098630130673357, 18.137724245125678 ], [ -88.098806217613841, 18.136692447941158 ], [ -88.099051793683614, 18.135745777022251 ], [ -88.099388822923316, 18.134730477682488 ], [ -88.099665055989121, 18.134289215490877 ], [ -88.100094500044662, 18.133592788912722 ], [ -88.100476225397273, 18.132495272312536 ], [ -88.10058231242752, 18.131839029281412 ], [ -88.100702916586172, 18.131211320328621 ], [ -88.10084175403658, 18.130457916642229 ], [ -88.10104195846489, 18.129552884378189 ], [ -88.101134696482362, 18.128868142479316 ], [ -88.101272347910935, 18.128114706908445 ], [ -88.101352494394561, 18.127374449375992 ], [ -88.101337446994791, 18.126329885894684 ], [ -88.101366654732217, 18.124733385472258 ], [ -88.101273094201289, 18.123356785969296 ], [ -88.101153666946189, 18.122400801065336 ], [ -88.101029940236955, 18.121599024270491 ], [ -88.100958434659134, 18.120994574181118 ], [ -88.100905163559418, 18.120264432044209 ], [ -88.100839896439268, 18.119457389299491 ], [ -88.100922512529678, 18.118099922692554 ], [ -88.101235412786821, 18.116341692775247 ], [ -88.101367960665584, 18.115770600925568 ], [ -88.101513079895042, 18.115297831053638 ], [ -88.101678583485011, 18.114643097873554 ], [ -88.101887431068704, 18.113975953708376 ], [ -88.102122194536278, 18.113435627283774 ], [ -88.10252644136915, 18.112625900416408 ], [ -88.102780979577361, 18.11186191967953 ], [ -88.103293014560535, 18.110332905008743 ], [ -88.103517528015672, 18.109652638261263 ], [ -88.103660997854362, 18.108688706095609 ], [ -88.104109238077697, 18.107313507056656 ], [ -88.104459668591474, 18.106341322316624 ], [ -88.104708068128076, 18.105310219467491 ], [ -88.104916898332519, 18.103605642944473 ], [ -88.105077687180412, 18.102060915709121 ], [ -88.105247708841731, 18.100692145594028 ], [ -88.105313288654713, 18.099880545266036 ], [ -88.105257254302813, 18.099248327558747 ], [ -88.105109418854823, 18.09878273826855 ], [ -88.104366340486422, 18.098076720664228 ], [ -88.103490065251592, 18.097479951595012 ], [ -88.103535255840058, 18.096893116406402 ], [ -88.104227778506555, 18.096769936151251 ], [ -88.104753178969958, 18.096853141860986 ], [ -88.105478130847573, 18.097152061032716 ], [ -88.106373206111286, 18.097581462871961 ], [ -88.107043403963587, 18.097752825946863 ], [ -88.107733580557209, 18.097714056706039 ], [ -88.108220487995538, 18.097572116945837 ], [ -88.108919615169867, 18.097211413212026 ], [ -88.109460574687574, 18.096735171368241 ], [ -88.109858301198798, 18.096114484838118 ], [ -88.110244832975127, 18.095409031296484 ], [ -88.110960956952511, 18.094923717205287 ], [ -88.111559439428959, 18.094517639736981 ], [ -88.112046783778595, 18.093829385160721 ], [ -88.113111244577851, 18.091404194936743 ], [ -88.113861832708423, 18.089188425577419 ], [ -88.114329310873131, 18.08764469764963 ], [ -88.11475128782206, 18.086169651621802 ], [ -88.115112085081634, 18.084819209883289 ], [ -88.115430865080484, 18.08334830019237 ], [ -88.115805555388278, 18.081984690430183 ], [ -88.116184138286911, 18.080480373135007 ], [ -88.116508838155283, 18.07932613392887 ], [ -88.116611923205554, 18.078263145448794 ], [ -88.116782971264755, 18.076851561880659 ], [ -88.116640132710273, 18.076183347277816 ], [ -88.11629896150103, 18.075276934038985 ], [ -88.116181490681427, 18.074755798440187 ], [ -88.116125778086584, 18.074110069282625 ], [ -88.116106907359352, 18.073239987798559 ], [ -88.116193450013171, 18.072752185857333 ], [ -88.116622843947141, 18.072047788580011 ], [ -88.118359471115724, 18.06966772360003 ], [ -88.118666688120797, 18.069164105555103 ], [ -88.119360069995025, 18.06845286962108 ], [ -88.11983799462736, 18.068142814840751 ], [ -88.120895235818267, 18.067391223287924 ], [ -88.121443839692034, 18.06686780497893 ], [ -88.122110131179156, 18.06596437405981 ], [ -88.122319778928826, 18.065176667755736 ], [ -88.122623721354017, 18.063854037754684 ], [ -88.122752549146554, 18.062092172429193 ], [ -88.122782222093733, 18.061019427691154 ], [ -88.122855862883242, 18.05935754096642 ], [ -88.123012980716908, 18.058467126209759 ], [ -88.123613132513839, 18.057100166854639 ], [ -88.123762110876513, 18.056567750717981 ], [ -88.123913617294548, 18.055879949418056 ], [ -88.12414346080304, 18.055297761860359 ], [ -88.124785221730576, 18.054341871172412 ], [ -88.125027068696639, 18.05332517868921 ], [ -88.125208676138428, 18.05254914570698 ], [ -88.125362146754625, 18.051363503693917 ], [ -88.125568545478387, 18.050691728896684 ], [ -88.12582263688067, 18.049700124959877 ], [ -88.125969981530687, 18.049204833130705 ], [ -88.126112494860934, 18.048415420463648 ], [ -88.126593603683816, 18.046004598928569 ], [ -88.126774848249156, 18.045240942435619 ], [ -88.126864147542435, 18.044437792264389 ], [ -88.126861053554506, 18.043120900868967 ], [ -88.126910592549862, 18.042264927778081 ], [ -88.127092853087547, 18.041464124923674 ], [ -88.127345133130518, 18.040600881079392 ], [ -88.127474497771345, 18.039753683204196 ], [ -88.12764678406046, 18.038887292843523 ], [ -88.127750786161215, 18.038020302534473 ], [ -88.127959361822306, 18.0367346617221 ], [ -88.128242330744271, 18.035654787047861 ], [ -88.128703826329001, 18.03446339090651 ], [ -88.128896426644118, 18.033777739698113 ], [ -88.129098805854525, 18.032267776993059 ], [ -88.129372097427506, 18.03059851865595 ], [ -88.129651032426466, 18.0292369220052 ], [ -88.129803114275845, 18.028525463982749 ], [ -88.129973101930702, 18.02769843583782 ], [ -88.130262139735777, 18.026439597145057 ], [ -88.130567837605113, 18.025046004033431 ], [ -88.130851169206863, 18.024399808884191 ], [ -88.131112884357762, 18.023704631387258 ], [ -88.13127733640971, 18.023056563007579 ], [ -88.131714405721993, 18.022236261319158 ], [ -88.133907581662129, 18.019323333552887 ], [ -88.134787724651375, 18.018425193748453 ], [ -88.135465044904649, 18.017623319651236 ], [ -88.136832264922361, 18.016481726530042 ], [ -88.1391622097956, 18.014455293754033 ], [ -88.139507974757663, 18.014041570064027 ], [ -88.140034647621604, 18.013300088739442 ], [ -88.140958184415041, 18.011827376377187 ], [ -88.142534832212277, 18.009423716745129 ], [ -88.143167127145901, 18.008800903369146 ], [ -88.143601992479134, 18.008057100811538 ], [ -88.143846750393408, 18.007397509056371 ], [ -88.144098329995387, 18.006982531413477 ], [ -88.145026423286851, 18.006327715450873 ], [ -88.145855812488946, 18.005837132310013 ], [ -88.146347775939702, 18.005414670385214 ], [ -88.147928899355193, 18.003829997601777 ], [ -88.148530577501305, 18.002991233768558 ], [ -88.149117191053662, 18.002401037891378 ], [ -88.149905962867152, 18.001909411819017 ], [ -88.150585105617466, 18.001529930200217 ], [ -88.151008383362111, 18.001207112660268 ], [ -88.151871567035727, 18.000341098641947 ], [ -88.152755625009831, 17.999593881869679 ], [ -88.153421237803798, 17.998568574882629 ], [ -88.153632623472774, 17.997900238070809 ], [ -88.153795299622246, 17.996946805148291 ], [ -88.154045532481135, 17.995267859160542 ], [ -88.154270458779195, 17.994534524909334 ], [ -88.154742848105016, 17.992609937611853 ], [ -88.155038225607186, 17.991388343188781 ], [ -88.155191949670026, 17.990761363426248 ], [ -88.155323286111681, 17.990134949623002 ], [ -88.155468532289262, 17.98936581870537 ], [ -88.155566346888392, 17.988824177123337 ], [ -88.155727831285489, 17.987762568621978 ], [ -88.155859776855181, 17.987113637811898 ], [ -88.156022878899194, 17.98655222702185 ], [ -88.156267878329601, 17.985471302994213 ], [ -88.15635704812226, 17.984320013327775 ], [ -88.156463134909927, 17.982506774331384 ], [ -88.156527957765363, 17.980953847688991 ], [ -88.15654197465328, 17.979213776678385 ], [ -88.156404070383545, 17.978013996809025 ], [ -88.156184249344335, 17.977334856566706 ], [ -88.155901743978205, 17.976860293673383 ], [ -88.155254372570511, 17.976017250640531 ], [ -88.154696296524378, 17.97561126234579 ], [ -88.154192579458112, 17.975348571798502 ], [ -88.153391796756836, 17.975100972276689 ], [ -88.152705750340516, 17.974876518996382 ], [ -88.152097010118354, 17.974687795649217 ], [ -88.15165364070694, 17.974263271474964 ], [ -88.151519193911028, 17.973411663841301 ], [ -88.151895305878071, 17.972486107196204 ], [ -88.153039241541862, 17.971807323925344 ], [ -88.153877470228849, 17.971502756352567 ], [ -88.154384253487251, 17.971265362468607 ], [ -88.155050899511195, 17.970498015941779 ], [ -88.155203339503842, 17.970024201671759 ], [ -88.155256562566464, 17.969347390550695 ], [ -88.155937922893386, 17.969053529974005 ], [ -88.156528729908658, 17.969079575221365 ], [ -88.156936615473001, 17.969445748420949 ], [ -88.157213272146166, 17.969940439300263 ], [ -88.157395368622687, 17.970492466969166 ], [ -88.157836162154538, 17.971334839736034 ], [ -88.158220985311075, 17.971834487135052 ], [ -88.159147727282317, 17.972879392541213 ], [ -88.159856335677915, 17.973506542793992 ], [ -88.160460528087, 17.974293298007858 ], [ -88.161389965735879, 17.975218854175196 ], [ -88.16219330500725, 17.975761628172048 ], [ -88.163192564809137, 17.9762214311985 ], [ -88.165016486777716, 17.976809976851591 ], [ -88.166051942251528, 17.977216599467731 ], [ -88.166898535264423, 17.977663561302951 ], [ -88.16750981708104, 17.977976221935361 ], [ -88.168094925052117, 17.978212752844453 ], [ -88.168660102463662, 17.978338385895295 ], [ -88.169678410487506, 17.978424637782759 ], [ -88.170388126414309, 17.978387153016058 ], [ -88.170993805990875, 17.978279476723603 ], [ -88.171520957357828, 17.97811576939981 ], [ -88.172169237500356, 17.977654304631759 ], [ -88.172958112388116, 17.976785168659102 ], [ -88.173411959640816, 17.976308707535964 ], [ -88.17419537324632, 17.975661349974956 ], [ -88.175023433957222, 17.975060160180998 ], [ -88.176040371714677, 17.974374677976723 ], [ -88.176471852798343, 17.973897652859741 ], [ -88.176823744165844, 17.972906076790412 ], [ -88.177030745081012, 17.972112536312991 ], [ -88.177315634558013, 17.971008889175362 ], [ -88.177271583202213, 17.970075037563841 ], [ -88.176553422093335, 17.969190857306419 ], [ -88.176217278580197, 17.96873863684797 ], [ -88.175707959306195, 17.967837129220559 ], [ -88.175525706464271, 17.966855902518898 ], [ -88.175459336046288, 17.965898964753865 ], [ -88.175153374892062, 17.965203043918923 ], [ -88.174673030962666, 17.964058931054407 ], [ -88.174237308562454, 17.963048858331959 ], [ -88.17374974457752, 17.962170422197406 ], [ -88.173240399300511, 17.961313975035466 ], [ -88.172244110480861, 17.96040032688391 ], [ -88.171416180870708, 17.96009130579052 ], [ -88.170676912571153, 17.96000641060181 ], [ -88.169540593642054, 17.95997807507192 ], [ -88.16886351596591, 17.960116645939195 ], [ -88.167980007012133, 17.961027351056018 ], [ -88.16762215637344, 17.961373269082269 ], [ -88.166929949294328, 17.962066818389985 ], [ -88.166269728401232, 17.962450250311118 ], [ -88.165318066623527, 17.962470428267959 ], [ -88.164551642718479, 17.962496354314272 ], [ -88.163901732868879, 17.962501529664216 ], [ -88.163249980171145, 17.962574247728888 ], [ -88.162543878076505, 17.962956516355856 ], [ -88.161931951655461, 17.963252141954353 ], [ -88.161201068707726, 17.963722780065073 ], [ -88.160110240671884, 17.964550529446615 ], [ -88.159865771151217, 17.965399424999404 ], [ -88.160168657010161, 17.966205677672093 ], [ -88.160377363095989, 17.966667123704585 ], [ -88.160749382932551, 17.967053796122972 ], [ -88.161362761103717, 17.967546758302742 ], [ -88.161905258009213, 17.968070616493016 ], [ -88.161875007578303, 17.968769412659078 ], [ -88.161195772851784, 17.968985622362574 ], [ -88.160562095431146, 17.968848122792433 ], [ -88.160052505398383, 17.968779058525229 ], [ -88.159013043038527, 17.968586352513313 ], [ -88.157960260594166, 17.968493562226751 ], [ -88.156592472953307, 17.968426681614233 ], [ -88.156059402554817, 17.968398700272783 ], [ -88.155318239824226, 17.968361006388946 ], [ -88.154225644573799, 17.968368584012925 ], [ -88.153630074069653, 17.968538419486649 ], [ -88.153147126268962, 17.968722338200461 ], [ -88.152482159019399, 17.968933237953877 ], [ -88.151691394161134, 17.968794031734031 ], [ -88.151352443292481, 17.968318054117955 ], [ -88.151124666174155, 17.967887668196781 ], [ -88.150971617073907, 17.967264271490894 ], [ -88.151520308315042, 17.966656194800329 ], [ -88.152183277399075, 17.966582677855325 ], [ -88.153204022525387, 17.966640896854493 ], [ -88.153948889575744, 17.966865689181784 ], [ -88.154706399779343, 17.966972512054888 ], [ -88.155473150182686, 17.966805827193848 ], [ -88.155979912239289, 17.966547021705093 ], [ -88.156766713316614, 17.966012473181962 ], [ -88.158050402971483, 17.964804314263908 ], [ -88.159339999563997, 17.963336069143342 ], [ -88.160124001458655, 17.962126661418708 ], [ -88.160750894661817, 17.96119607360292 ], [ -88.161350957690857, 17.960472088019028 ], [ -88.161872739875037, 17.96007169882256 ], [ -88.16249210800477, 17.959891158379733 ], [ -88.163189694827309, 17.959691165503163 ], [ -88.164922229386718, 17.959092318865682 ], [ -88.167685585031805, 17.957770047015504 ], [ -88.169021382682843, 17.957085782893294 ], [ -88.17091015251853, 17.955761917017934 ], [ -88.172612118643301, 17.954640650631607 ], [ -88.173547090717079, 17.9536748700604 ], [ -88.174155604709213, 17.953005108004056 ], [ -88.175163532944694, 17.951887926096649 ], [ -88.175647052940008, 17.951247714349613 ], [ -88.176251473150145, 17.950316489736338 ], [ -88.17648445595745, 17.949712844468721 ], [ -88.176787135510708, 17.948991524015909 ], [ -88.177053016922827, 17.948389823700403 ], [ -88.177273623452351, 17.947829802983616 ], [ -88.17752569654229, 17.947324635806069 ], [ -88.177802455898501, 17.946777277850689 ], [ -88.178011013602969, 17.94620568947299 ], [ -88.178260153634383, 17.94537488631784 ], [ -88.178435223450819, 17.944367628566727 ], [ -88.178601432171561, 17.943708245105991 ], [ -88.17886532500691, 17.942333698391987 ], [ -88.178942442833971, 17.941574090748617 ], [ -88.178997493225523, 17.940825198936068 ], [ -88.179050182706874, 17.940141586225057 ], [ -88.179229397347882, 17.938568916877827 ], [ -88.179321767426146, 17.938071040220819 ], [ -88.179462061086582, 17.937520279680893 ], [ -88.179645010180693, 17.937067462242975 ], [ -88.179998771482445, 17.936587346078536 ], [ -88.180785658254919, 17.936085324143651 ], [ -88.181306395247091, 17.935936047943095 ], [ -88.182517333514156, 17.935486235543113 ], [ -88.18303811586847, 17.935139811112691 ], [ -88.1837567866217, 17.934592145358234 ], [ -88.184389298825892, 17.933922924442157 ], [ -88.184821261679161, 17.93346614405381 ], [ -88.185151768241099, 17.933018103923089 ], [ -88.185722246498514, 17.932509559054836 ], [ -88.186446173957975, 17.931767119690825 ], [ -88.18689813767881, 17.931049472424039 ], [ -88.187328639749069, 17.930233281460314 ], [ -88.18751626199311, 17.929628483061869 ], [ -88.187612418178546, 17.929011277536148 ], [ -88.187826489081871, 17.928233649319445 ], [ -88.18818140607236, 17.927296167667912 ], [ -88.188503970104279, 17.926705980752462 ], [ -88.18892647629103, 17.926206139066146 ], [ -88.189313439832901, 17.925758363971518 ], [ -88.189701843143183, 17.925279078104772 ], [ -88.190515124651014, 17.924581639288601 ], [ -88.191254609797227, 17.924153859015021 ], [ -88.19214670645556, 17.923522575879538 ], [ -88.192901447371909, 17.92290027635141 ], [ -88.193262509648903, 17.922561121459196 ], [ -88.19372528567807, 17.921854977844777 ], [ -88.194008435747634, 17.92143728679649 ], [ -88.194281559962718, 17.921020470579556 ], [ -88.194778452924467, 17.92029264029431 ], [ -88.195361453923212, 17.919317971229468 ], [ -88.195716000595993, 17.918391720073906 ], [ -88.195974421103827, 17.917669244553053 ], [ -88.196262525768091, 17.91708944515176 ], [ -88.196539465025509, 17.916530775302331 ], [ -88.196725853329951, 17.915925929929099 ], [ -88.19708657195109, 17.915184576987002 ], [ -88.197698960778411, 17.914384109472273 ], [ -88.198164052898292, 17.913568732507557 ], [ -88.198539464497443, 17.91271846542196 ], [ -88.198997757000498, 17.911696756748558 ], [ -88.19936724446265, 17.910651445644525 ], [ -88.199661770260931, 17.909854371555888 ], [ -88.200047444927364, 17.909015618211729 ], [ -88.200330821821041, 17.908217139932884 ], [ -88.200575374853457, 17.9075709131412 ], [ -88.201082153762243, 17.906473787486711 ], [ -88.201450716231193, 17.905439711270716 ], [ -88.201888380049695, 17.904352140403859 ], [ -88.202379529961149, 17.903004526299508 ], [ -88.202612315475662, 17.90237940794351 ], [ -88.203032605252218, 17.90112804918779 ], [ -88.203371189192822, 17.900332052726451 ], [ -88.20380387068677, 17.899471911208519 ], [ -88.204381411128878, 17.898279631479564 ], [ -88.204787576409785, 17.897114660939685 ], [ -88.205015020579111, 17.896271978258266 ], [ -88.205159858503109, 17.89552526812917 ], [ -88.205320322813265, 17.895050442629085 ], [ -88.20542491493967, 17.894552832298352 ], [ -88.205553012942246, 17.894034399739002 ], [ -88.205626428917583, 17.893405340101893 ], [ -88.205711591086285, 17.892755165193456 ], [ -88.205881714526313, 17.891921205926948 ], [ -88.206143752623461, 17.890623117100816 ], [ -88.206339696803639, 17.88966023890449 ], [ -88.206522448822724, 17.888793918950192 ], [ -88.206691953494868, 17.887982471295611 ], [ -88.20692519183639, 17.886945030042927 ], [ -88.207067331782852, 17.885860280268407 ], [ -88.20723150053621, 17.884831277008431 ], [ -88.207579326676822, 17.883295338757787 ], [ -88.207852495135398, 17.881997518709834 ], [ -88.208037841200095, 17.881011840855312 ], [ -88.20827842858516, 17.880093990736547 ], [ -88.208543121954165, 17.879132800021473 ], [ -88.208707936990606, 17.878494723223778 ], [ -88.208865363395986, 17.877715642449612 ], [ -88.20927317717755, 17.876485345130899 ], [ -88.209748187934764, 17.874855645943754 ], [ -88.210038344635407, 17.873383617269237 ], [ -88.210263290085479, 17.872192748210441 ], [ -88.210458216658381, 17.87084905084085 ], [ -88.210581431242559, 17.869634270475252 ], [ -88.210715829010496, 17.868441171005969 ], [ -88.210908411154577, 17.867184159806524 ], [ -88.211158587193836, 17.865907163022115 ], [ -88.211512133442966, 17.864153915471856 ], [ -88.211614834891407, 17.863308141450283 ], [ -88.211742217236434, 17.862353696137976 ], [ -88.211797580994769, 17.861561955291489 ], [ -88.211920779458609, 17.860368576785998 ], [ -88.212124815275899, 17.859121982555262 ], [ -88.212343171546763, 17.857736044519196 ], [ -88.212642074897417, 17.856329555618789 ], [ -88.212827029901462, 17.855399054483623 ], [ -88.21303499867021, 17.854838632954838 ], [ -88.21329882555419, 17.854300987605168 ], [ -88.213619944636051, 17.853754610167634 ], [ -88.213880870139789, 17.853325043490454 ], [ -88.214656220043437, 17.852730120470817 ], [ -88.214529184996522, 17.852180614492429 ], [ -88.214446861173158, 17.851411396548233 ], [ -88.21412878931757, 17.850549640810495 ], [ -88.214142712051981, 17.849503401137621 ], [ -88.214236052419238, 17.849005499849913 ], [ -88.214408035001597, 17.848053268638779 ], [ -88.214516040158699, 17.847425043981307 ], [ -88.214509320760115, 17.846424485975632 ], [ -88.214372161976286, 17.845594215675174 ], [ -88.214227621130661, 17.844644347662694 ], [ -88.214214391078954, 17.843447606651669 ], [ -88.214321859347507, 17.841960923350673 ], [ -88.214472563068284, 17.840550781489352 ], [ -88.21461601003621, 17.839477305885442 ], [ -88.214736225542751, 17.838370588053422 ], [ -88.214971330085916, 17.837212615882951 ], [ -88.215354325810097, 17.83520996661845 ], [ -88.21560219334259, 17.833574639009655 ], [ -88.21585529140475, 17.832644671826635 ], [ -88.21616853254406, 17.831511142582947 ], [ -88.216482970938955, 17.830376516397784 ], [ -88.217247462355587, 17.827698262414696 ], [ -88.217507355223447, 17.826029424495424 ], [ -88.217748216598721, 17.824698088558034 ], [ -88.218024485964818, 17.822856155981768 ], [ -88.218142490703428, 17.82138999690493 ], [ -88.218372916944503, 17.819612280179857 ], [ -88.218634658584818, 17.817410609913576 ], [ -88.218642100844306, 17.815877524257182 ], [ -88.218788778930133, 17.814195762125898 ], [ -88.218876271695535, 17.813078091980088 ], [ -88.218975798250895, 17.811884107052297 ], [ -88.21911232614751, 17.810581751771732 ], [ -88.219218383303129, 17.809605355799043 ], [ -88.219282474695618, 17.808879157495085 ], [ -88.219442932413344, 17.807979574442534 ], [ -88.219726926726196, 17.806681955245303 ], [ -88.220039651151154, 17.805189015532747 ], [ -88.220424629415106, 17.803544628196292 ], [ -88.220577912164927, 17.802472500008804 ], [ -88.220557045769183, 17.801579737699498 ], [ -88.220657546763903, 17.800766557516802 ], [ -88.221006067746359, 17.799209143755718 ], [ -88.221124857283115, 17.797754259478356 ], [ -88.221288287568115, 17.796279062650079 ], [ -88.221496234940787, 17.794435434201677 ], [ -88.221605141135242, 17.793328418789692 ], [ -88.221669803533288, 17.792623634868118 ], [ -88.221722741432671, 17.791917437279476 ], [ -88.221865694258568, 17.790812380059979 ], [ -88.222033888628957, 17.789598661486504 ], [ -88.222103609239497, 17.78824058405203 ], [ -88.222302089774217, 17.786331378933312 ], [ -88.222390402828694, 17.785179919385104 ], [ -88.222438676828403, 17.784648227430441 ], [ -88.222641086983671, 17.783848798777573 ], [ -88.222917291513141, 17.782420287472199 ], [ -88.223066621483099, 17.781096824885491 ], [ -88.223175472307418, 17.779968395526616 ], [ -88.223261838057383, 17.778469900422159 ], [ -88.223267017141012, 17.777414417191977 ], [ -88.223284078274517, 17.77677380893897 ], [ -88.223321706201077, 17.775360866983874 ], [ -88.223367154685562, 17.77365407820859 ], [ -88.223419866950721, 17.772535543977426 ], [ -88.223574526976748, 17.771408232395896 ], [ -88.223803881475092, 17.770478772669559 ], [ -88.224038859303022, 17.768896031404854 ], [ -88.224271963210597, 17.767803305306639 ], [ -88.224638698808135, 17.765974803035014 ], [ -88.224887820335738, 17.763859526860287 ], [ -88.225016475424468, 17.762448803560559 ], [ -88.225173909211719, 17.760353818728262 ], [ -88.225294565871039, 17.758823479602917 ], [ -88.225345036890374, 17.757345504747093 ], [ -88.225553837124238, 17.755882658481703 ], [ -88.22582761348778, 17.754540816213822 ], [ -88.225938160254444, 17.75338988777348 ], [ -88.226066113240805, 17.752446676913944 ], [ -88.226403467732439, 17.750813470217654 ], [ -88.226746257462281, 17.749462040031439 ], [ -88.227271728723622, 17.748049722706877 ], [ -88.227596962144744, 17.746893885105649 ], [ -88.227963605002785, 17.745108168922073 ], [ -88.22805107848086, 17.744359991058325 ], [ -88.228074456694458, 17.743479569163366 ], [ -88.228409557753196, 17.741508317307094 ], [ -88.22870213210058, 17.740341539454381 ], [ -88.228611014602663, 17.737794349298735 ], [ -88.228642446992666, 17.736609941923046 ], [ -88.228551817833306, 17.734464957508585 ], [ -88.228555165090611, 17.73347476420691 ], [ -88.228770048981559, 17.732642941699492 ], [ -88.228993221633772, 17.731919474152186 ], [ -88.229173765276698, 17.731140890789565 ], [ -88.229304146305054, 17.730480504817962 ], [ -88.229497859356528, 17.729604226649535 ], [ -88.229814740012799, 17.72836142472169 ], [ -88.2301256270094, 17.726901045091832 ], [ -88.230372070503975, 17.725764679065144 ], [ -88.230606443343461, 17.72461787708189 ], [ -88.230789821130372, 17.723687268886476 ], [ -88.231212622616283, 17.72228368256075 ], [ -88.231449873271131, 17.721027667298429 ], [ -88.231829980552604, 17.719992563320712 ], [ -88.232111525717883, 17.719216429603922 ], [ -88.232334088790878, 17.718514340617723 ], [ -88.232450105590672, 17.717995547947677 ], [ -88.232542080287658, 17.717518982327075 ], [ -88.232953921722768, 17.716549986019182 ], [ -88.233278068476437, 17.715851491937691 ], [ -88.233716786702772, 17.715154656218456 ], [ -88.234121155818158, 17.714023242147999 ], [ -88.234484268174029, 17.713162334008324 ], [ -88.234831926751696, 17.712463280787553 ], [ -88.235105682696201, 17.712002396943841 ], [ -88.235516266752768, 17.711479490854238 ], [ -88.236414218484711, 17.710152767861157 ], [ -88.23715467601852, 17.708735463349178 ], [ -88.237880870320836, 17.707501443719885 ], [ -88.238640444469965, 17.706182608358628 ], [ -88.239074259771044, 17.705246791486449 ], [ -88.239453085851252, 17.704234153895637 ], [ -88.239653247685652, 17.703510097173115 ], [ -88.239844558955511, 17.70272048180205 ], [ -88.24033331297494, 17.701840070095425 ], [ -88.240920200209558, 17.701093848148307 ], [ -88.241554647401571, 17.700282309402148 ], [ -88.242244615788735, 17.699504783924453 ], [ -88.243088031630435, 17.698524806907603 ], [ -88.243618811448258, 17.697743413124986 ], [ -88.244570683996869, 17.696505807920698 ], [ -88.245021319095784, 17.695776543151734 ], [ -88.245291014000358, 17.695044021064582 ], [ -88.245626543403745, 17.694333369646156 ], [ -88.245913150167141, 17.693806297075351 ], [ -88.246290150934627, 17.693261136321372 ], [ -88.246806022033212, 17.692642726004756 ], [ -88.247320729405757, 17.692068225644331 ], [ -88.248019778564029, 17.691367496560229 ], [ -88.249477733215045, 17.690325744836517 ], [ -88.250426361757405, 17.689609638635734 ], [ -88.251113101679394, 17.688951409779879 ], [ -88.251657279953946, 17.688104962573092 ], [ -88.252104408496081, 17.687082663174674 ], [ -88.252352845453302, 17.686262856873572 ], [ -88.252477065596509, 17.685406245259202 ], [ -88.252634500578196, 17.68418090615689 ], [ -88.252730916399102, 17.682661165823291 ], [ -88.252692547002084, 17.681104368185888 ], [ -88.252592041536715, 17.680166840425464 ], [ -88.252515612871747, 17.679609565777909 ], [ -88.252382794474613, 17.67909599290957 ], [ -88.252241647531903, 17.678407592156855 ], [ -88.252289458191342, 17.677885993202807 ], [ -88.252662103975553, 17.677504064230671 ], [ -88.253439534420721, 17.677305416863543 ], [ -88.254273076590053, 17.677118262549929 ], [ -88.254878174610226, 17.676992054574658 ], [ -88.255665587898278, 17.676793638273498 ], [ -88.256475367025743, 17.67663856992575 ], [ -88.257444570141601, 17.676477209648723 ], [ -88.25811662175667, 17.676330075307924 ], [ -88.258586321725176, 17.676167915243823 ], [ -88.259046874595484, 17.675928919431968 ], [ -88.259566968736692, 17.675570809874916 ], [ -88.260121368452914, 17.675181981299094 ], [ -88.260572716138071, 17.674823336165431 ], [ -88.261021232286822, 17.674191974095063 ], [ -88.261285674009912, 17.67363278311408 ], [ -88.261665692892564, 17.672566011793698 ], [ -88.262090683438586, 17.671912674167888 ], [ -88.262560349133011, 17.67132575584845 ], [ -88.263396603644537, 17.670160695194017 ], [ -88.263945497176707, 17.669129531770789 ], [ -88.264289982856425, 17.668072031380746 ], [ -88.264516858734453, 17.666815662831279 ], [ -88.26464986992093, 17.666068525059714 ], [ -88.264938200003442, 17.664574784734182 ], [ -88.265158190119806, 17.663535686189132 ], [ -88.265352140398477, 17.662637919830836 ], [ -88.265720379841596, 17.661569720525133 ], [ -88.266137819193958, 17.660350605418522 ], [ -88.266713180526367, 17.658733080232174 ], [ -88.267129105079022, 17.656763578213791 ], [ -88.267304940090099, 17.655636659742935 ], [ -88.267465936123003, 17.654313346647708 ], [ -88.267489277358521, 17.653803537397909 ], [ -88.267550205843563, 17.653249566441932 ], [ -88.267687789590269, 17.652752648340357 ], [ -88.267953554739066, 17.652117980682348 ], [ -88.268233652096541, 17.651384513730392 ], [ -88.26836063667335, 17.650865932673703 ], [ -88.268518508169038, 17.650042770873355 ], [ -88.268763391284878, 17.649352394913489 ], [ -88.269039204374096, 17.648804718199315 ], [ -88.269355402595437, 17.6484202517453 ], [ -88.269797208686626, 17.647995992051232 ], [ -88.270878627427052, 17.647402339977415 ], [ -88.272184116046617, 17.646531275848623 ], [ -88.272852603841116, 17.646133860428158 ], [ -88.273456713949443, 17.645996280668776 ], [ -88.274137885722894, 17.646012648060513 ], [ -88.275109255838601, 17.646144143352085 ], [ -88.276262635496934, 17.646303663933082 ], [ -88.276461737032804, 17.645632451318264 ], [ -88.276677641551245, 17.644767855184735 ], [ -88.276839532514288, 17.644238834045272 ], [ -88.277179402816571, 17.643779429792641 ], [ -88.277946271743161, 17.643101564079771 ], [ -88.279799290403915, 17.641623911524359 ], [ -88.280700668122321, 17.64101460331414 ], [ -88.282534378821339, 17.640275546700991 ], [ -88.283863345068738, 17.639784632057143 ], [ -88.284617141223407, 17.639629192366378 ], [ -88.285820823956726, 17.63957128064753 ], [ -88.286568926850151, 17.639589203517083 ], [ -88.287313625887975, 17.639715202043593 ], [ -88.287763048511223, 17.639943413926968 ], [ -88.28799456834831, 17.64046159473159 ], [ -88.287634623482845, 17.641354313956665 ], [ -88.287345725521973, 17.641978328813963 ], [ -88.286966978882887, 17.642600193368359 ], [ -88.28670179804206, 17.643170697047331 ], [ -88.286564690422892, 17.644102548822183 ], [ -88.286346160842371, 17.644618962330497 ], [ -88.285818132915622, 17.645760020499004 ], [ -88.285625374553092, 17.646211701931989 ], [ -88.285109787681108, 17.646830277418019 ], [ -88.284259857058174, 17.647223389852691 ], [ -88.283714908440089, 17.647210323439339 ], [ -88.283128178131406, 17.647109501320266 ], [ -88.282611274378397, 17.646922470122103 ], [ -88.28175545586285, 17.646640554946313 ], [ -88.281125775919151, 17.646451944242461 ], [ -88.280402260562937, 17.646369237502235 ], [ -88.279415534304448, 17.646780450663048 ], [ -88.278947964343629, 17.647291998993719 ], [ -88.278589817955321, 17.647978551767437 ], [ -88.278504670460833, 17.648651377054886 ], [ -88.278544937973905, 17.649696759994036 ], [ -88.278713949316554, 17.650222461923111 ], [ -88.27902023434163, 17.650621892143246 ], [ -88.279605879307837, 17.65080945807658 ], [ -88.280376334694395, 17.650827950055866 ], [ -88.281217735283604, 17.650739981707495 ], [ -88.282360246483023, 17.650462067573933 ], [ -88.282933718683381, 17.650193029970705 ], [ -88.283535235338789, 17.649772565238667 ], [ -88.284016597896652, 17.649588068480107 ], [ -88.284623946434621, 17.649777263696002 ], [ -88.285087714950691, 17.650267219310184 ], [ -88.285412424801777, 17.650861998633701 ], [ -88.285983338976862, 17.651614782123865 ], [ -88.286381255510022, 17.652016400367483 ], [ -88.286934325497498, 17.652529900861552 ], [ -88.287944807341077, 17.652989014691574 ], [ -88.288648305656352, 17.652961930048882 ], [ -88.289293866856653, 17.652542500006131 ], [ -88.289422526356006, 17.651979991975061 ], [ -88.289438374008398, 17.65137196734824 ], [ -88.289272017137975, 17.649931472274865 ], [ -88.289223733837133, 17.649191215666139 ], [ -88.289372385331845, 17.648673124297577 ], [ -88.28991600620401, 17.647880572363391 ], [ -88.290148056167041, 17.646754947048166 ], [ -88.290211173037534, 17.645234317356113 ], [ -88.290205024448383, 17.643710902885211 ], [ -88.290180516710265, 17.642057481450138 ], [ -88.290040972464539, 17.640444118621062 ], [ -88.290135448064433, 17.638553563959999 ], [ -88.290339845351141, 17.636796333231477 ], [ -88.290596492881392, 17.635649885113931 ], [ -88.291160391109969, 17.634053354557654 ], [ -88.291385069530932, 17.633254281847464 ], [ -88.291478090792822, 17.63229883026704 ], [ -88.291403482992663, 17.631666103983314 ], [ -88.291284223202695, 17.631033439299866 ], [ -88.290988621130964, 17.630177978906854 ], [ -88.29071480616787, 17.629365855095482 ], [ -88.290286413302098, 17.628420463047124 ], [ -88.289627915020105, 17.627534913829482 ], [ -88.289597412779074, 17.626968592914551 ], [ -88.289993936127544, 17.626564590177455 ], [ -88.290725329340248, 17.626364636390157 ], [ -88.291629372550702, 17.62560321624613 ], [ -88.292123662859652, 17.624918745477437 ], [ -88.292446703755445, 17.623838096397822 ], [ -88.292707249868329, 17.622539627554605 ], [ -88.292893506058235, 17.621499647610392 ], [ -88.293132841019485, 17.620135323996742 ], [ -88.293273848181101, 17.619072852857606 ], [ -88.293407229262954, 17.617444604377042 ], [ -88.293402691775043, 17.615855875665208 ], [ -88.293322142425055, 17.614592065767184 ], [ -88.293226042564712, 17.613067621916429 ], [ -88.293014370311596, 17.611604640506783 ], [ -88.29280720260418, 17.609968256036879 ], [ -88.292512698332729, 17.607329293571009 ], [ -88.292373368099305, 17.606586863409973 ], [ -88.292308370310025, 17.605606224817496 ], [ -88.292279252303558, 17.604103663718799 ], [ -88.292314813379662, 17.602734470299495 ], [ -88.292325224830108, 17.601451427784323 ], [ -88.292295837610325, 17.600841190684985 ], [ -88.292149164413772, 17.600381382729658 ], [ -88.291664267407313, 17.599825615589513 ], [ -88.291357389123689, 17.599404797419531 ], [ -88.291165516077598, 17.598943909129051 ], [ -88.291147973730602, 17.597877650690229 ], [ -88.291167740533027, 17.597116486782316 ], [ -88.291266923827223, 17.595943728619837 ], [ -88.291553086288701, 17.594515170897669 ], [ -88.292103414866759, 17.592527325010327 ], [ -88.292340994159304, 17.59122717244297 ], [ -88.292498854991962, 17.589512751556796 ], [ -88.292544550002489, 17.587751712620815 ], [ -88.292466465814513, 17.585531412678552 ], [ -88.29232504459452, 17.582242634570967 ], [ -88.29191964662283, 17.578600541045724 ], [ -88.291534400956905, 17.575132438524903 ], [ -88.291320662478057, 17.572864967241362 ], [ -88.291010307844175, 17.570835173276475 ], [ -88.290107051509878, 17.56544049336609 ], [ -88.290110696363357, 17.564438962943289 ], [ -88.289897604182727, 17.563868286349383 ], [ -88.289689079132131, 17.563189559359973 ], [ -88.289458386610647, 17.562437070193518 ], [ -88.289162644296596, 17.561588388124939 ], [ -88.288769367088108, 17.561035949220216 ], [ -88.288485428259932, 17.560615685041753 ], [ -88.287860541632924, 17.560252637272185 ], [ -88.287118364185446, 17.559973543384018 ], [ -88.285690319428639, 17.559962000028129 ], [ -88.284371611496752, 17.560082623588769 ], [ -88.283215353736878, 17.56007642644018 ], [ -88.28256305816565, 17.559864808822983 ], [ -88.281870073389001, 17.559478709235663 ], [ -88.280892031738787, 17.558716254567116 ], [ -88.280386647835186, 17.558094652983318 ], [ -88.280110042961397, 17.557370359210211 ], [ -88.279856329296521, 17.556646610133548 ], [ -88.279387411648244, 17.555525642195644 ], [ -88.278230565789443, 17.553757302632491 ], [ -88.277151726388027, 17.552536132190468 ], [ -88.275979153056824, 17.551419749530414 ], [ -88.274733945765249, 17.550454850683522 ], [ -88.272929735733072, 17.549193786878824 ], [ -88.272061141343741, 17.548584897165846 ], [ -88.271080393527214, 17.547930506597776 ], [ -88.270116890682317, 17.547516501771909 ], [ -88.268026866646665, 17.546770207590033 ], [ -88.26680768096702, 17.546523572921114 ], [ -88.265364276980563, 17.546250155462864 ], [ -88.264369442200788, 17.546138445750454 ], [ -88.263443775287868, 17.545986702329667 ], [ -88.262387052593695, 17.545613246090564 ], [ -88.261262905491122, 17.545280980320591 ], [ -88.260425896155823, 17.545152755909257 ], [ -88.259137608200575, 17.545012579466476 ], [ -88.25753179547246, 17.544865902900348 ], [ -88.256377352383439, 17.544750326326746 ], [ -88.255520956779193, 17.544600210773069 ], [ -88.25459760544274, 17.544338075679462 ], [ -88.253966575419724, 17.544170831977894 ], [ -88.253160461360679, 17.543781940543305 ], [ -88.252512247375151, 17.543418246122013 ], [ -88.251663775343218, 17.542897646819931 ], [ -88.251196908841933, 17.542538303197734 ], [ -88.250715150583389, 17.541917226843029 ], [ -88.250276820699455, 17.541319722062045 ], [ -88.249819604388676, 17.540591077568372 ], [ -88.248184976728254, 17.538941852463836 ], [ -88.247739868701814, 17.538626968803303 ], [ -88.247113400452662, 17.538263783126734 ], [ -88.246212986326157, 17.538024701235621 ], [ -88.244495156787849, 17.537831303516906 ], [ -88.243815593962083, 17.537792428618111 ], [ -88.243269884519464, 17.537867178746595 ], [ -88.242584429007678, 17.538143609031845 ], [ -88.242168203171403, 17.538566214843172 ], [ -88.241764539534245, 17.538912511354081 ], [ -88.240965990212004, 17.539247052261473 ], [ -88.240068359151422, 17.53917136812175 ], [ -88.239439202244753, 17.538889213311723 ], [ -88.239041822525778, 17.538591233060377 ], [ -88.238466015311374, 17.537729029436957 ], [ -88.238170746157152, 17.536917519848785 ], [ -88.23771129589899, 17.53625414860236 ], [ -88.237335441360514, 17.535874443878225 ], [ -88.236385223454889, 17.535273607617462 ], [ -88.235902123418711, 17.534706552486941 ], [ -88.236094419462049, 17.534000294217307 ], [ -88.236577739649675, 17.533616496632707 ], [ -88.23722254598222, 17.533322207573431 ], [ -88.237769456411826, 17.533133711979431 ], [ -88.238431140023238, 17.533024588261323 ], [ -88.238947595195569, 17.533102364833347 ], [ -88.239244854521829, 17.532445946827007 ], [ -88.238962941792323, 17.53186458716775 ], [ -88.238719275377449, 17.531414837615181 ], [ -88.23872612843661, 17.530299658178826 ], [ -88.238790922283272, 17.529573425964006 ], [ -88.238717812718875, 17.528843875268684 ], [ -88.238617570145337, 17.528366030800672 ], [ -88.23830673633654, 17.527768206152434 ], [ -88.237809150326527, 17.527171519984616 ], [ -88.23706245035352, 17.526491097612698 ], [ -88.236263383887788, 17.525792515929059 ], [ -88.235661645529163, 17.525294711716004 ], [ -88.235318699418514, 17.524937206019935 ], [ -88.235015993144444, 17.524455615965916 ], [ -88.234769381315573, 17.524029451398462 ], [ -88.23446692510052, 17.523426194666659 ], [ -88.233940618775236, 17.522200164205078 ], [ -88.233538033284347, 17.521339882206597 ], [ -88.233008442829501, 17.52046414788736 ], [ -88.232433565880399, 17.519770956572323 ], [ -88.231881572270126, 17.519123383462247 ], [ -88.231141890805404, 17.518580564900102 ], [ -88.230591386701221, 17.518302550567984 ], [ -88.22980913396411, 17.518085418670964 ], [ -88.228980551820655, 17.517888570684157 ], [ -88.228424694697921, 17.517770398105473 ], [ -88.22787690714614, 17.51763551987295 ], [ -88.226890077740052, 17.517271494932643 ], [ -88.22600621688396, 17.517011341575117 ], [ -88.225312620282608, 17.516906738519168 ], [ -88.224795258074153, 17.516821028647637 ], [ -88.224201825612681, 17.51670306664958 ], [ -88.223465802770988, 17.516470127388693 ], [ -88.222716982994839, 17.51609830919125 ], [ -88.221968434862035, 17.515693820533322 ], [ -88.22133141501881, 17.515402430327025 ], [ -88.22048815488759, 17.515117325214103 ], [ -88.219776969542423, 17.514855684382109 ], [ -88.218683202943907, 17.514406801312695 ], [ -88.217723949522025, 17.514134654867902 ], [ -88.216864919953565, 17.514003497735501 ], [ -88.215825197951915, 17.513911906793734 ], [ -88.215050820301514, 17.513866152935822 ], [ -88.213953918148121, 17.513805841036937 ], [ -88.212745082571104, 17.51380477837391 ], [ -88.211458706226765, 17.513961806639763 ], [ -88.210927898010226, 17.514031206989149 ], [ -88.210337105251313, 17.514171255438676 ], [ -88.209618266690924, 17.514402834192808 ], [ -88.209118290266915, 17.514594645708474 ], [ -88.208044615359015, 17.515191653524383 ], [ -88.206826866401002, 17.515775024049134 ], [ -88.206059503142598, 17.516087652514901 ], [ -88.205283011770348, 17.516300920777432 ], [ -88.204507679174242, 17.51644774239875 ], [ -88.20384983131008, 17.516525311012529 ], [ -88.202809746611578, 17.517049869632256 ], [ -88.202356534524696, 17.517516547667892 ], [ -88.202106940358874, 17.518232625116667 ], [ -88.201910012216189, 17.51902207568326 ], [ -88.201552936746495, 17.519471931011527 ], [ -88.20091447049947, 17.519660359044604 ], [ -88.199934356753673, 17.519779662858248 ], [ -88.199383084434416, 17.519644623536895 ], [ -88.198947798608685, 17.519363689458103 ], [ -88.198481371582005, 17.518950194310165 ], [ -88.197978574678217, 17.518401754441971 ], [ -88.197390058909065, 17.517764490064661 ], [ -88.196913824556432, 17.517300059188159 ], [ -88.196331927690352, 17.516723787777551 ], [ -88.195886529648419, 17.516359239413209 ], [ -88.195306476672826, 17.516091687836404 ], [ -88.194521086019535, 17.515774085153673 ], [ -88.193546110348422, 17.515232200054534 ], [ -88.192948136033664, 17.514798604025181 ], [ -88.19241322683142, 17.51413334127642 ], [ -88.191773276102765, 17.51353312253385 ], [ -88.190601507362061, 17.5123736052597 ], [ -88.189071399288309, 17.511089344635902 ], [ -88.188623358137875, 17.510737115682243 ], [ -88.188076754855246, 17.510204496350269 ], [ -88.187917032434328, 17.509494271138603 ], [ -88.187993143838327, 17.507900935966301 ], [ -88.188103305934973, 17.506574289974814 ], [ -88.188217509990949, 17.505516987295564 ], [ -88.18828811906063, 17.504376387172496 ], [ -88.188297671839393, 17.503791941687069 ], [ -88.188330037498602, 17.502787851539004 ], [ -88.188282953778796, 17.502169362237051 ], [ -88.188090560719857, 17.501607047652623 ], [ -88.187756276190029, 17.501060441379273 ], [ -88.187261679632371, 17.500515569091256 ], [ -88.186569669674071, 17.499977168524236 ], [ -88.186013500928539, 17.499541201419575 ], [ -88.185207411481215, 17.498854698690145 ], [ -88.184450262948275, 17.49789338377056 ], [ -88.184011772004638, 17.497269889199437 ], [ -88.183499946787961, 17.496644609693348 ], [ -88.183115731857328, 17.496166630207675 ], [ -88.182681906517686, 17.495388912497603 ], [ -88.182585602221891, 17.494901033611512 ], [ -88.182390277169773, 17.494228248079576 ], [ -88.182145410438764, 17.493052951654647 ], [ -88.182071590297781, 17.491935884962377 ], [ -88.182280682545041, 17.490975527681577 ], [ -88.182875908813358, 17.490664425893272 ], [ -88.183551003991283, 17.490796864432067 ], [ -88.184279443035891, 17.491310243555471 ], [ -88.184937451391363, 17.491845565955206 ], [ -88.185336458772525, 17.492207866147471 ], [ -88.186265432061305, 17.493153072063905 ], [ -88.186607156764921, 17.492171141073683 ], [ -88.186642114332273, 17.491469027538479 ], [ -88.186703146952041, 17.490579414300914 ], [ -88.186947714897713, 17.489586109305531 ], [ -88.187201437107461, 17.488846499061538 ], [ -88.187473473507268, 17.488258289740539 ], [ -88.187682425850198, 17.487813872992401 ], [ -88.187981467037631, 17.487336718037941 ], [ -88.188424828311867, 17.4868180026399 ], [ -88.188814537709447, 17.486508648738585 ], [ -88.189320026675503, 17.486260684386639 ], [ -88.189841721281454, 17.486066060500946 ], [ -88.190591169043202, 17.485982852455798 ], [ -88.191104649511288, 17.48598855104078 ], [ -88.192010613260067, 17.48600263918847 ], [ -88.192695261690957, 17.485950521426023 ], [ -88.193758431764337, 17.485701422598829 ], [ -88.194685348681091, 17.485477177065899 ], [ -88.195706782053136, 17.485096372725611 ], [ -88.196121762328914, 17.48467382962167 ], [ -88.195980923862251, 17.484181493953542 ], [ -88.195364246750302, 17.484104589819406 ], [ -88.194751094842928, 17.484116765858843 ], [ -88.194176265462858, 17.484189578313238 ], [ -88.193176919261049, 17.48426674123386 ], [ -88.192417105806243, 17.484297887185601 ], [ -88.191818146542758, 17.484127898645436 ], [ -88.19195951555831, 17.483641278270348 ], [ -88.192401361301123, 17.483335430675904 ], [ -88.193225694805449, 17.482993795518244 ], [ -88.194457963343922, 17.48267556055708 ], [ -88.195567235872801, 17.482368981409699 ], [ -88.196069301143581, 17.482250466416044 ], [ -88.196939183990054, 17.481895269388932 ], [ -88.198058390365532, 17.481255452747959 ], [ -88.198626001505772, 17.480921090961175 ], [ -88.199104931992451, 17.480498962694721 ], [ -88.199769948472806, 17.479920238279131 ], [ -88.200286826949906, 17.479773904112459 ], [ -88.201511617207998, 17.479716798229241 ], [ -88.203023449656811, 17.479637337678106 ], [ -88.203964431746144, 17.479457315782589 ], [ -88.205183675634331, 17.479008005854883 ], [ -88.206921964290203, 17.478977926338594 ], [ -88.208234239451599, 17.479009637597425 ], [ -88.20938108592641, 17.479037344850603 ], [ -88.210241129334577, 17.479100928087036 ], [ -88.21174172838964, 17.479427822926557 ], [ -88.213459916826366, 17.480120462355888 ], [ -88.215174870629866, 17.480959469575176 ], [ -88.216677332581568, 17.481821502276553 ], [ -88.218603410770584, 17.483229999337301 ], [ -88.220332046692263, 17.484692304024342 ], [ -88.221191799549288, 17.485306741992819 ], [ -88.222514022904249, 17.48614975457199 ], [ -88.225132489652594, 17.487618828755025 ], [ -88.226925946566055, 17.488357129072295 ], [ -88.227647273319434, 17.488519828637351 ], [ -88.229031185396082, 17.488711989429852 ], [ -88.230765797263558, 17.488783023493305 ], [ -88.232005741692817, 17.48871145823264 ], [ -88.23299421925951, 17.48844569541707 ], [ -88.233728963358615, 17.488072431103003 ], [ -88.234851343172608, 17.48728713069826 ], [ -88.235528121215182, 17.486840359622001 ], [ -88.236418746344867, 17.486252265602356 ], [ -88.236958292642768, 17.485845004383243 ], [ -88.237378279443121, 17.485362763687863 ], [ -88.238065647311174, 17.484509529533341 ], [ -88.239162561248889, 17.483551212553976 ], [ -88.242181728931385, 17.480710247975814 ], [ -88.24403103360531, 17.478697400407288 ], [ -88.245083314142605, 17.47712846152973 ], [ -88.246193392225379, 17.475706231422031 ], [ -88.247524570794837, 17.473839767210467 ], [ -88.248218196195666, 17.472697084458524 ], [ -88.248790263008658, 17.471623589504613 ], [ -88.249329914616197, 17.470622548361295 ], [ -88.249827024635323, 17.469519086846592 ], [ -88.250339932714709, 17.468372063157453 ], [ -88.250697206546761, 17.467769981100606 ], [ -88.251337513837882, 17.466598963920536 ], [ -88.25170074864441, 17.465360474915993 ], [ -88.252385318245146, 17.464044045126748 ], [ -88.25289839192844, 17.46291165944109 ], [ -88.253380336650167, 17.461734586575325 ], [ -88.253957209227991, 17.460473029496988 ], [ -88.254343192982489, 17.459555037621417 ], [ -88.254479640896278, 17.458979208069156 ], [ -88.254537750210616, 17.458458965710093 ], [ -88.254597206636234, 17.457909461645574 ], [ -88.254765463044492, 17.457261160773566 ], [ -88.255217318789676, 17.456156591187693 ], [ -88.255529521761616, 17.455253727575759 ], [ -88.255698702466901, 17.454524329937726 ], [ -88.255919963621025, 17.453506630759783 ], [ -88.256299732307752, 17.452351883911216 ], [ -88.256803410776925, 17.450764087657863 ], [ -88.257371161550651, 17.448945732113206 ], [ -88.257585260428243, 17.448067556360861 ], [ -88.257936100532362, 17.44619331799754 ], [ -88.258130458329106, 17.445125394198602 ], [ -88.258375264971448, 17.442653753864445 ], [ -88.258600782095172, 17.440948894734699 ], [ -88.259039805349275, 17.438568636361154 ], [ -88.259371778160599, 17.436808852023372 ], [ -88.259679547297125, 17.435439435107362 ], [ -88.259867558998536, 17.433980410752724 ], [ -88.260154028219503, 17.432276995800173 ], [ -88.260321909535818, 17.43048400227676 ], [ -88.260469603499942, 17.42883586188854 ], [ -88.260564164430065, 17.428084390495989 ], [ -88.260884214171881, 17.427395751009591 ], [ -88.261439284101087, 17.426945929989131 ], [ -88.261963127325174, 17.426523526834366 ], [ -88.26192164745305, 17.425812750254178 ], [ -88.261630254974435, 17.42537092121211 ], [ -88.261250471517982, 17.424897696161089 ], [ -88.260996891172141, 17.424196511046929 ], [ -88.260904596270322, 17.423658028532973 ], [ -88.260922940602896, 17.422948681258276 ], [ -88.260938693552006, 17.422339540890455 ], [ -88.261066916978905, 17.421488598850186 ], [ -88.261439160258618, 17.419960722927122 ], [ -88.261748300625655, 17.418489926739525 ], [ -88.262100700026977, 17.417093391265816 ], [ -88.262391912347027, 17.416361244589453 ], [ -88.262810093182097, 17.415370738954312 ], [ -88.263131585081226, 17.41462466575161 ], [ -88.263373667244608, 17.414022039543045 ], [ -88.263807602651937, 17.412989092199449 ], [ -88.264224255068868, 17.412057129642196 ], [ -88.264498504249545, 17.41136738466734 ], [ -88.264626690910703, 17.410516433918509 ], [ -88.264769147131176, 17.409635403888917 ], [ -88.264949985152143, 17.408495027071965 ], [ -88.26539772638435, 17.406926114034849 ], [ -88.265508652404819, 17.406175023156475 ], [ -88.265580788555667, 17.405699038266292 ], [ -88.26618579433773, 17.403901768739601 ], [ -88.266621915813985, 17.402782105992511 ], [ -88.267174863780866, 17.401273140804211 ], [ -88.267869551218041, 17.399477990699999 ], [ -88.268435247280777, 17.398042554793609 ], [ -88.269037948116889, 17.396331963141908 ], [ -88.269398205893836, 17.395239776820723 ], [ -88.269835195862569, 17.394061531079647 ], [ -88.270391100294219, 17.391842822033635 ], [ -88.270626863506237, 17.390298134946686 ], [ -88.271006699271297, 17.388467317606146 ], [ -88.27171458242799, 17.385585219999403 ], [ -88.271979731475881, 17.383490288459214 ], [ -88.272324245261032, 17.381251897514872 ], [ -88.272859017304356, 17.378641712267392 ], [ -88.273511461048997, 17.374991020861977 ], [ -88.273691403267293, 17.373879888296933 ], [ -88.274117356568098, 17.372556013520647 ], [ -88.274432895280924, 17.371418801071744 ], [ -88.2747380647847, 17.370137128135163 ], [ -88.275276458692773, 17.367975420380354 ], [ -88.275568409715589, 17.366590901576455 ], [ -88.276151892957017, 17.364431380522575 ], [ -88.276438073313201, 17.362699707541122 ], [ -88.277025625075964, 17.360380288501496 ], [ -88.277271266320938, 17.359038606671781 ], [ -88.277548513570395, 17.357653733152095 ], [ -88.277908978622804, 17.355951977324306 ], [ -88.27843125856117, 17.35381915272534 ], [ -88.278807871639955, 17.352104254225058 ], [ -88.279324007518937, 17.350232665376573 ], [ -88.279803720897235, 17.348591180301714 ], [ -88.280209990342925, 17.346862329506941 ], [ -88.280814892787973, 17.345050289482753 ], [ -88.281452246133142, 17.343138736619647 ], [ -88.281833837913467, 17.341799121810766 ], [ -88.282189181602973, 17.340865615387258 ], [ -88.282643171112056, 17.33963023465266 ], [ -88.283057956293248, 17.338161829843749 ], [ -88.283421486218387, 17.336953603877809 ], [ -88.283687324210064, 17.336032622693189 ], [ -88.284001967477224, 17.334923512347761 ], [ -88.284280906540857, 17.334017486009959 ], [ -88.284672468055859, 17.332882023127443 ], [ -88.285558075433983, 17.330685612739288 ], [ -88.286163621082181, 17.329439142521508 ], [ -88.286681846403312, 17.328074559874178 ], [ -88.287299229639174, 17.326364167683828 ], [ -88.287788580953617, 17.324912142218334 ], [ -88.288290572699992, 17.32356181222967 ], [ -88.288521569610452, 17.322785339871029 ], [ -88.288570551087957, 17.322062035422494 ], [ -88.288704788425164, 17.321514248633811 ], [ -88.289095184353826, 17.320421550524891 ], [ -88.290097095396717, 17.317822226450939 ], [ -88.291101983255615, 17.313932903601859 ], [ -88.291555711045447, 17.31210370058302 ], [ -88.291738069437628, 17.311484935396159 ], [ -88.291976436725221, 17.310417935817672 ], [ -88.292178778337671, 17.309567540106364 ], [ -88.292729932089387, 17.308102292617452 ], [ -88.293091908428025, 17.306879335770041 ], [ -88.293613731095704, 17.304746387210123 ], [ -88.294162900600881, 17.302759423309173 ], [ -88.294656215281833, 17.301191399180745 ], [ -88.295158553264486, 17.299798219953043 ], [ -88.295608714032511, 17.29812777339442 ], [ -88.296193533844701, 17.29648865452047 ], [ -88.296701113202261, 17.294312535332029 ], [ -88.297125039106859, 17.292496117317903 ], [ -88.297425552305924, 17.290735385060628 ], [ -88.297558920545967, 17.289665900896811 ], [ -88.297770226352526, 17.288483321389844 ], [ -88.298054742927775, 17.28737344286203 ], [ -88.29835350439096, 17.286279671145937 ], [ -88.298667211582384, 17.285243711691564 ], [ -88.298967080681336, 17.28410602425669 ], [ -88.299117525710997, 17.282963699163922 ], [ -88.299363846136103, 17.281579131180667 ], [ -88.299744698798364, 17.280254051612477 ], [ -88.300302137838202, 17.277310661909308 ], [ -88.300625308296773, 17.275854653868301 ], [ -88.300787395859359, 17.274829774301597 ], [ -88.300899046217808, 17.273412745954445 ], [ -88.301253994950443, 17.271305117042161 ], [ -88.301590960878116, 17.26932776363223 ], [ -88.301856916722969, 17.267767877274203 ], [ -88.301970697838641, 17.266843263710971 ], [ -88.302045612660137, 17.265670993668486 ], [ -88.302299229829231, 17.263995890049941 ], [ -88.302671770106343, 17.261816553955573 ], [ -88.302954511791313, 17.260171425696708 ], [ -88.303300044027125, 17.258454530001103 ], [ -88.303349263938912, 17.256514364647796 ], [ -88.303489615234867, 17.255719941150669 ], [ -88.303850334743231, 17.254004522669135 ], [ -88.304344180220482, 17.252958104983929 ], [ -88.304621182142284, 17.252138708954323 ], [ -88.304674805806613, 17.251226203408578 ], [ -88.304694245192579, 17.250459369279881 ], [ -88.30474986915641, 17.248866376279455 ], [ -88.304870591549147, 17.247665873892203 ], [ -88.305305898408051, 17.244763510858881 ], [ -88.305570419879345, 17.242653736833816 ], [ -88.305726725285311, 17.241251256334216 ], [ -88.305785967345315, 17.239514126343639 ], [ -88.305801942983038, 17.237702746667612 ], [ -88.305647286095322, 17.234873338405869 ], [ -88.30546034967378, 17.233318611513766 ], [ -88.305521973451761, 17.232667685066048 ], [ -88.305940934653634, 17.232213273475256 ], [ -88.306593724954041, 17.23204037040145 ], [ -88.307024394871164, 17.231702280971362 ], [ -88.306606533988997, 17.230931986342739 ], [ -88.305861639999222, 17.229972645507818 ], [ -88.305521393674638, 17.229124165538352 ], [ -88.305214709201692, 17.228131123351574 ], [ -88.305016767245135, 17.227011053909393 ], [ -88.304962448476019, 17.226169256568173 ], [ -88.304979691346418, 17.225487999347109 ], [ -88.305079994964615, 17.223910695528307 ], [ -88.305147076500745, 17.22304356762718 ], [ -88.305315780018262, 17.221148998994639 ], [ -88.305369502505584, 17.219628068919192 ], [ -88.305419694519458, 17.217643973035305 ], [ -88.305524733623074, 17.216457745754013 ], [ -88.305579833283403, 17.213096923282386 ], [ -88.305551986633446, 17.202256171424555 ], [ -88.305658349667667, 17.195679778662242 ], [ -88.305752858214433, 17.194305140663314 ], [ -88.305704578974073, 17.1932460302219 ], [ -88.305598307063732, 17.192069513753886 ], [ -88.305547937697327, 17.180924019436308 ], [ -88.305497902647957, 17.176937667370485 ], [ -88.305561590944194, 17.173809141544393 ], [ -88.305445168575801, 17.171849325300176 ], [ -88.305331051867171, 17.171006136426683 ], [ -88.305200016581452, 17.17020649774814 ], [ -88.305203718675344, 17.167061927534952 ], [ -88.305202297302273, 17.164120044830106 ], [ -88.304947543786412, 17.159882174414228 ], [ -88.304887833373641, 17.156880344818561 ], [ -88.304874217477547, 17.155025457711421 ], [ -88.304510617612621, 17.153291992475769 ], [ -88.304086367679005, 17.150384205783325 ], [ -88.303856861704062, 17.14753842135838 ], [ -88.303806997051154, 17.144726111336418 ], [ -88.303770224646755, 17.142579996638069 ], [ -88.303788598986699, 17.140058840653509 ], [ -88.303721495235067, 17.138535089046236 ], [ -88.303572484404583, 17.137285479153739 ], [ -88.303091962879591, 17.134796655481423 ], [ -88.302685055837173, 17.132409823485098 ], [ -88.302331601949902, 17.129691856819694 ], [ -88.302227694915132, 17.127790932111314 ], [ -88.301884501008018, 17.125899086193897 ], [ -88.30152512943468, 17.124021511117565 ], [ -88.301164024774849, 17.121607582221486 ], [ -88.300911465065425, 17.119629965010926 ], [ -88.300569873418823, 17.117651402525393 ], [ -88.300219386192921, 17.11658527099722 ], [ -88.299892404607206, 17.115795727103681 ], [ -88.299016032414642, 17.114673415595053 ], [ -88.296509647397187, 17.112484480597612 ], [ -88.294384951915887, 17.110681860855436 ], [ -88.292532899848268, 17.109407237930231 ], [ -88.291202343181169, 17.107781964104504 ], [ -88.290321168539407, 17.106876972565189 ], [ -88.289721481902305, 17.106123886792478 ], [ -88.289517377674727, 17.105644789781028 ], [ -88.289389531097569, 17.10479002979093 ], [ -88.289498965304702, 17.104097410605874 ], [ -88.290108649395293, 17.103593337555395 ], [ -88.291219129314982, 17.103232752726516 ], [ -88.290379642061581, 17.102859412144664 ], [ -88.289618417293283, 17.102565634339985 ], [ -88.289034561429048, 17.102045016953689 ], [ -88.288879378653405, 17.101345104612591 ], [ -88.289035959615632, 17.100455284152467 ], [ -88.289206369316076, 17.099690850917096 ], [ -88.289338890101206, 17.098593158206739 ], [ -88.289335796627739, 17.096925576247042 ], [ -88.288904515207804, 17.094930294773022 ], [ -88.288254201768027, 17.092002641250552 ], [ -88.287546606403268, 17.089000421650624 ], [ -88.287079577067033, 17.087192466206162 ], [ -88.286669561450907, 17.085516537567976 ], [ -88.285986987929874, 17.083312601423565 ], [ -88.285244890386153, 17.081658231648014 ], [ -88.284229543124596, 17.079504005100457 ], [ -88.283220449127001, 17.077683425031417 ], [ -88.281886191874761, 17.075029402930522 ], [ -88.279936812725936, 17.071636583645375 ], [ -88.278870157689695, 17.070336312027624 ], [ -88.277716980134244, 17.06942497512436 ], [ -88.27660916689338, 17.068573281547664 ], [ -88.274902089224156, 17.067562260371062 ], [ -88.273951340130765, 17.067033071301086 ], [ -88.273223037774514, 17.066625116148028 ], [ -88.272356838218897, 17.066343509525431 ], [ -88.271590649132719, 17.066253515151342 ], [ -88.270690131601739, 17.066101794950828 ], [ -88.269848648103647, 17.066024681822242 ], [ -88.269217096126241, 17.065937824226907 ], [ -88.268573347022198, 17.065777443991525 ], [ -88.268005821927247, 17.065590677181877 ], [ -88.265536163857178, 17.0655329581008 ], [ -88.264481056834413, 17.065565750005231 ], [ -88.263404407838493, 17.065801959306164 ], [ -88.262129400575247, 17.066192377951644 ], [ -88.260961976977853, 17.066497426036957 ], [ -88.260064749562147, 17.066795273391563 ], [ -88.259592714353857, 17.067001668854573 ], [ -88.259025901204495, 17.067365828900321 ], [ -88.258548518234733, 17.067760247752901 ], [ -88.258177242713629, 17.06812785617085 ], [ -88.257552568765135, 17.068417422228915 ], [ -88.257080528174868, 17.068623810111152 ], [ -88.256006643809897, 17.068773285160134 ], [ -88.255134546470074, 17.068679618009028 ], [ -88.254353953026325, 17.068603867947761 ], [ -88.253363899245969, 17.068449969695571 ], [ -88.25249545816753, 17.068212167696743 ], [ -88.250625414960439, 17.067675973863857 ], [ -88.249594854651903, 17.06731831403911 ], [ -88.24894399836495, 17.066838868580305 ], [ -88.248149676076977, 17.066081157570441 ], [ -88.246593899050595, 17.063871360736719 ], [ -88.245819797082504, 17.062317585428996 ], [ -88.245493133837485, 17.061526905796622 ], [ -88.245218884337504, 17.060447911748508 ], [ -88.245258114000649, 17.059478797784575 ], [ -88.245429724886449, 17.058670521503849 ], [ -88.245647614031853, 17.057792351956898 ], [ -88.24573236382831, 17.05685247242603 ], [ -88.245803878707378, 17.055810885135816 ], [ -88.245808349354903, 17.05505727015289 ], [ -88.245717857632201, 17.054445635450687 ], [ -88.245410570899637, 17.053468391159875 ], [ -88.244859143852906, 17.052049410542175 ], [ -88.244386010440479, 17.050545518916842 ], [ -88.2438946399663, 17.049114429580353 ], [ -88.243720312559759, 17.047675006597338 ], [ -88.243733735416754, 17.046545306488564 ], [ -88.243725555263651, 17.04568999797381 ], [ -88.243742085947062, 17.045038063354401 ], [ -88.243801456542613, 17.044475014769588 ], [ -88.243855170884231, 17.043534408521925 ], [ -88.243985195603813, 17.041986081032764 ], [ -88.24401088410842, 17.040972713112833 ], [ -88.243952473278952, 17.039695991191866 ], [ -88.243724661014625, 17.038009708513567 ], [ -88.243234237652686, 17.035940973915899 ], [ -88.242954749809982, 17.033890703835201 ], [ -88.242514555747064, 17.032243382597478 ], [ -88.241855823810894, 17.030300266440868 ], [ -88.241442110363195, 17.029272087066424 ], [ -88.241018963123921, 17.028223408471401 ], [ -88.240025923247956, 17.026417786705309 ], [ -88.238819306903125, 17.024722071368593 ], [ -88.237874228747742, 17.023381743223549 ], [ -88.237499166718351, 17.022677814243558 ], [ -88.237110892843361, 17.021987093180872 ], [ -88.236910653692163, 17.021547516640638 ], [ -88.236700182264101, 17.020934200701099 ], [ -88.236714513623767, 17.020368971488011 ], [ -88.236916264698621, 17.019547886798971 ], [ -88.237471784064738, 17.018445560896907 ], [ -88.237772053616609, 17.017872391184156 ], [ -88.237892123524063, 17.016715907761871 ], [ -88.237985258006105, 17.014819723780388 ], [ -88.237977068948794, 17.013964421979082 ], [ -88.237844807112879, 17.013222254367708 ], [ -88.237678279902752, 17.012653908426419 ], [ -88.237397172092884, 17.011893602228859 ], [ -88.237041603581119, 17.011044799051351 ], [ -88.236602170631031, 17.009947298198163 ], [ -88.236395382982494, 17.00918873573637 ], [ -88.236352927392574, 17.008507257548633 ], [ -88.236385592688549, 17.007218037319852 ], [ -88.236460372973625, 17.006045848614086 ], [ -88.236449800515786, 17.004683508404248 ], [ -88.236425805190635, 17.003827837546318 ], [ -88.236331517385665, 17.002811663778679 ], [ -88.236192332384277, 17.001765143986077 ], [ -88.236086666203917, 17.000574076382708 ], [ -88.235925248116487, 16.999804187040127 ], [ -88.234956076700897, 16.996899559528369 ], [ -88.234427411480254, 16.995627599208241 ], [ -88.234178192556641, 16.994926628957739 ], [ -88.23360172008239, 16.993369638682342 ], [ -88.232513700362304, 16.990952305463029 ], [ -88.231541602323205, 16.989205778456142 ], [ -88.231164256175788, 16.988270848245627 ], [ -88.230839431739071, 16.987388973220657 ], [ -88.230556199035632, 16.986945202463517 ], [ -88.229931228387926, 16.986287243117882 ], [ -88.229438308670055, 16.985708992393796 ], [ -88.228926267125289, 16.984822725645241 ], [ -88.228183619000703, 16.983518704540788 ], [ -88.227487031132767, 16.982499674340691 ], [ -88.226778332219681, 16.980965493200365 ], [ -88.226082373350081, 16.979945348706625 ], [ -88.225303639725993, 16.979026908003359 ], [ -88.223693028727595, 16.977162864711556 ], [ -88.223411723578991, 16.976667312167315 ], [ -88.223133088047689, 16.976043389468991 ], [ -88.222854894039216, 16.975471300489353 ], [ -88.222008506019094, 16.974036405194955 ], [ -88.221155519281737, 16.972885261635842 ], [ -88.22074350566119, 16.972258206551412 ], [ -88.220287394325553, 16.971269600140115 ], [ -88.219842516042519, 16.96960754769788 ], [ -88.21940736804082, 16.969062190340974 ], [ -88.219378262990304, 16.968109527622243 ], [ -88.219461485026258, 16.966928547517295 ], [ -88.219669305027296, 16.965081291512739 ], [ -88.219794093774624, 16.964338411021057 ], [ -88.220048207444734, 16.963804733625871 ], [ -88.220353500691644, 16.963399562329446 ], [ -88.22063327861909, 16.962892398154917 ], [ -88.220900388504688, 16.961868950552581 ], [ -88.220974454104663, 16.961048267942346 ], [ -88.220912645092525, 16.960299875872686 ], [ -88.220716040627224, 16.959627186031327 ], [ -88.220576026635669, 16.958800350467257 ], [ -88.220574440192919, 16.957823546832408 ], [ -88.220701693850586, 16.957028895467349 ], [ -88.220999016535814, 16.955851808667919 ], [ -88.221601690442981, 16.954219977788714 ], [ -88.222760557382117, 16.951726937359183 ], [ -88.222938499468853, 16.951010078551313 ], [ -88.223092639239525, 16.950216055100189 ], [ -88.223301947798618, 16.949346713510533 ], [ -88.223962286849655, 16.947561871270871 ], [ -88.224679812264867, 16.945598103503983 ], [ -88.225292418277149, 16.944634560129458 ], [ -88.226601032707492, 16.942556195030196 ], [ -88.227190538145834, 16.941463662601361 ], [ -88.228238215412645, 16.939912057758459 ], [ -88.229095056308367, 16.938800991196096 ], [ -88.229783920029163, 16.937967641210335 ], [ -88.230196332611499, 16.937489463986779 ], [ -88.230825337064985, 16.936963402915282 ], [ -88.23284115073281, 16.936495683003621 ], [ -88.235792830215587, 16.936050937889615 ], [ -88.238147723230085, 16.935899779990237 ], [ -88.239358136262013, 16.935619349494505 ], [ -88.242960049183452, 16.934803238866898 ], [ -88.244705875519088, 16.93445752627483 ], [ -88.24531999613427, 16.934497760600731 ], [ -88.245877762778662, 16.934614417362436 ], [ -88.246535040191091, 16.933986429038232 ], [ -88.247109530880621, 16.933484945212808 ], [ -88.248210345458347, 16.933279638900597 ], [ -88.249253425619642, 16.933252116831163 ], [ -88.250486397889247, 16.93307466256628 ], [ -88.251537105037755, 16.932790430644477 ], [ -88.253988841787532, 16.931999140892113 ], [ -88.256951606236512, 16.93106422123509 ], [ -88.261585639101384, 16.929603629690384 ], [ -88.263476391729611, 16.928798043059889 ], [ -88.264800885559694, 16.928237298316642 ], [ -88.266316546344839, 16.927474796583965 ], [ -88.267427651645278, 16.926857249312395 ], [ -88.267971340691531, 16.926484540950991 ], [ -88.268602684915663, 16.925836702804265 ], [ -88.269072210886947, 16.925223416402403 ], [ -88.270010263828468, 16.924036246204963 ], [ -88.270916792416045, 16.923079306730301 ], [ -88.27179069918553, 16.922303001595061 ], [ -88.272744018973455, 16.921604018518181 ], [ -88.273908822843438, 16.921013580027211 ], [ -88.275886041206164, 16.919928178393242 ], [ -88.277078444390213, 16.919286529507364 ], [ -88.277866411891509, 16.918739169126294 ], [ -88.278520982791306, 16.918213505906152 ], [ -88.279123463311834, 16.917687761127787 ], [ -88.279533249244921, 16.917284871093837 ], [ -88.279973641505038, 16.916781288788613 ], [ -88.28033712859839, 16.916146354951152 ], [ -88.280934584867367, 16.914719134274957 ], [ -88.281389837562955, 16.913572547631208 ], [ -88.281564204261215, 16.913010979462502 ], [ -88.281940566521158, 16.909700448044035 ], [ -88.282114265403024, 16.907029696991341 ], [ -88.281920093997769, 16.905147015516633 ], [ -88.281746305405676, 16.903573519906153 ], [ -88.281779626228214, 16.902236909069455 ], [ -88.281927633342761, 16.900619017926193 ], [ -88.282320628625115, 16.898751026989707 ], [ -88.282964221878487, 16.896501236843516 ], [ -88.283789108147715, 16.894513637128693 ], [ -88.284314736967772, 16.893779896526723 ], [ -88.285574227324318, 16.89257410038249 ], [ -88.287901528923513, 16.890338324595103 ], [ -88.289154590446287, 16.889389234547696 ], [ -88.289889107840324, 16.888866471799993 ], [ -88.290537762852423, 16.888572704435397 ], [ -88.290771689262698, 16.887754472802825 ], [ -88.290733166738974, 16.887162066589248 ], [ -88.290351026201549, 16.884220453629567 ], [ -88.290081205089066, 16.881680280881245 ], [ -88.289967096438758, 16.880879948456982 ], [ -88.290033716569511, 16.88034179236513 ], [ -88.290089829580111, 16.879661428834147 ], [ -88.289933654355707, 16.878976176411935 ], [ -88.288759822530764, 16.876788124079596 ], [ -88.288534805304636, 16.876165507232937 ], [ -88.288448888366261, 16.875313995305117 ], [ -88.288196138198728, 16.872581558877354 ], [ -88.28813319024502, 16.870805555621562 ], [ -88.287344635089681, 16.868137394721742 ], [ -88.286197117414233, 16.864869449776048 ], [ -88.2846829890984, 16.860203846967778 ], [ -88.28379776038102, 16.858202723485018 ], [ -88.281336529265701, 16.852923789663016 ], [ -88.277414681465686, 16.845193316540421 ], [ -88.275871400163965, 16.842816480232134 ], [ -88.273903302638402, 16.840327316067285 ], [ -88.271959074350036, 16.83791531046014 ], [ -88.270574309720573, 16.836648518556025 ], [ -88.269606015533967, 16.835854396391642 ], [ -88.268717183126668, 16.835088020929739 ], [ -88.267714392810561, 16.834575893767632 ], [ -88.266598838306166, 16.83429325438048 ], [ -88.265985539768721, 16.834279090218384 ], [ -88.265183280503038, 16.834312385349705 ], [ -88.264170790825503, 16.834237168598836 ], [ -88.263888241936769, 16.83376757811239 ], [ -88.264484883342092, 16.833370129358585 ], [ -88.265583707146263, 16.833267070753873 ], [ -88.266177792495967, 16.8329720853352 ], [ -88.266668572401557, 16.83259696764317 ], [ -88.267573318466404, 16.831665818310999 ], [ -88.268012857557579, 16.831186988049481 ], [ -88.268374847897192, 16.830603839825311 ], [ -88.268604918736784, 16.829915116736778 ], [ -88.26887394743126, 16.828789015421062 ], [ -88.269005286224214, 16.827789304917253 ], [ -88.269085997983339, 16.826684769842426 ], [ -88.268928973909325, 16.825472225698405 ], [ -88.268588617834197, 16.824151794597157 ], [ -88.267788306992117, 16.821921667426672 ], [ -88.267036607349269, 16.819948415626293 ], [ -88.265937635370861, 16.817968279462541 ], [ -88.265083574755806, 16.816842177915024 ], [ -88.263816719653647, 16.815192785196281 ], [ -88.262774970630673, 16.814088260710719 ], [ -88.261831148670922, 16.813397227889521 ], [ -88.26125196877166, 16.813049233537367 ], [ -88.259778898554188, 16.812166830346687 ], [ -88.258966509200079, 16.811530652689047 ], [ -88.258289313267809, 16.810820981938615 ], [ -88.257744142784546, 16.810165060724934 ], [ -88.25725078704744, 16.809612862961039 ], [ -88.256676735943103, 16.809059926526007 ], [ -88.256373728495859, 16.808380307213255 ], [ -88.257000871400734, 16.807858509862299 ], [ -88.257978336904813, 16.807760542502283 ], [ -88.258436663941453, 16.807441018621986 ], [ -88.258284535506519, 16.806856145781701 ], [ -88.25748774768455, 16.80641636848279 ], [ -88.256985238252668, 16.806185057820318 ], [ -88.256509132205636, 16.806020831953536 ], [ -88.255765080837165, 16.805835764830359 ], [ -88.255220185633746, 16.805733036432276 ], [ -88.254774567833479, 16.805401637636713 ], [ -88.254670388462017, 16.804794216254201 ], [ -88.255016089285633, 16.803760048149961 ], [ -88.255450742979718, 16.803474908199327 ], [ -88.256231473254942, 16.803196638520046 ], [ -88.256753904036117, 16.803144490624256 ], [ -88.257261874592572, 16.803156225850465 ], [ -88.257978196118273, 16.803327125426467 ], [ -88.258992020908551, 16.803388846454602 ], [ -88.259713444904463, 16.803354805503542 ], [ -88.2605511117373, 16.803514979321267 ], [ -88.261437522110995, 16.80383175205975 ], [ -88.261954211005872, 16.804010424107275 ], [ -88.262484963795757, 16.804164633599704 ], [ -88.26304306333482, 16.804254124140542 ], [ -88.264548918415201, 16.804404913314546 ], [ -88.265160463183889, 16.8045091533928 ], [ -88.265916436931988, 16.804732769001099 ], [ -88.267009176081729, 16.805361861785201 ], [ -88.267692810976683, 16.805789986923369 ], [ -88.268221089113354, 16.806020739452993 ], [ -88.269258060064729, 16.806211389350477 ], [ -88.270348845626813, 16.806378486500655 ], [ -88.271176595844011, 16.806397557407795 ], [ -88.272207732088418, 16.806305259744175 ], [ -88.273024974276566, 16.80618211855592 ], [ -88.274271104897352, 16.806005753769227 ], [ -88.275278537562656, 16.805784454079724 ], [ -88.27624881692411, 16.805433851513705 ], [ -88.276950689356866, 16.805127767981539 ], [ -88.277602520873614, 16.804693214160007 ], [ -88.277973082958738, 16.804302890932728 ], [ -88.278250479605148, 16.803872116686467 ], [ -88.278436574418066, 16.803349105879605 ], [ -88.278841030307973, 16.802676758818013 ], [ -88.279286208608212, 16.801965911487585 ], [ -88.279829714817595, 16.801039873695984 ], [ -88.280138339996554, 16.800481368521073 ], [ -88.280349196395719, 16.799997230410302 ], [ -88.280531236025553, 16.799165407694815 ], [ -88.280709285099846, 16.798423629038215 ], [ -88.280800582990935, 16.797949135469182 ], [ -88.280925839745152, 16.796930103247817 ], [ -88.280993251189727, 16.795837634360499 ], [ -88.281121165546992, 16.795018085553529 ], [ -88.281352036048318, 16.794315825668622 ], [ -88.281658521648552, 16.793795573617906 ], [ -88.281992538399351, 16.793250039258393 ], [ -88.282796467437009, 16.792599244427812 ], [ -88.283458255266694, 16.792279811143214 ], [ -88.284184981067114, 16.792077916894502 ], [ -88.284698095050558, 16.79197589877565 ], [ -88.285452153100536, 16.791567313372216 ], [ -88.286338089891288, 16.791407371098774 ], [ -88.287793640001325, 16.791414849029358 ], [ -88.288714287414493, 16.791435964619538 ], [ -88.29034414718231, 16.791395592778311 ], [ -88.291483078341656, 16.791293256850743 ], [ -88.292206069076343, 16.79119490047367 ], [ -88.293144614562422, 16.791036131907241 ], [ -88.294086967406471, 16.790723087229022 ], [ -88.294815377581429, 16.79040513703573 ], [ -88.295695949360947, 16.78979884843778 ], [ -88.296252979596147, 16.789007128057825 ], [ -88.296603850427715, 16.787989850175052 ], [ -88.296674249091382, 16.787483314190972 ], [ -88.296734106437242, 16.786597958900035 ], [ -88.29673897673328, 16.786021191423277 ], [ -88.296569131841579, 16.785509157324373 ], [ -88.296165456762608, 16.785158521444394 ], [ -88.295786103242762, 16.784604509856404 ], [ -88.295687815911577, 16.783918345080323 ], [ -88.295623282094624, 16.7830492966769 ], [ -88.295730381372351, 16.781813489397656 ], [ -88.29600890164825, 16.781025532025936 ], [ -88.296523844598866, 16.780326358319986 ], [ -88.296943095280469, 16.779689214715869 ], [ -88.297253770109322, 16.778735234815546 ], [ -88.297468943841508, 16.778167784846051 ], [ -88.297664161634884, 16.777650579318131 ], [ -88.298404967132583, 16.775616895983898 ], [ -88.298601204512465, 16.775058025477421 ], [ -88.298777759549679, 16.774111112602686 ], [ -88.298923202802811, 16.773263763709966 ], [ -88.299008257396096, 16.772541227682815 ], [ -88.299462134777386, 16.771636707960699 ], [ -88.299964269456098, 16.771075810417994 ], [ -88.300415788096117, 16.770670369604773 ], [ -88.301299206788698, 16.77022859733389 ], [ -88.301970636352351, 16.770225909433137 ], [ -88.302748479018206, 16.770556905267675 ], [ -88.30304855537949, 16.771219510826004 ], [ -88.303050007072954, 16.771778400449289 ], [ -88.304099205310649, 16.772680080597109 ], [ -88.304629280562949, 16.772385712990936 ], [ -88.305306321435523, 16.772179205890072 ], [ -88.306164775126462, 16.771967822557713 ], [ -88.307025942629906, 16.771646078608171 ], [ -88.307679544668076, 16.771227200542405 ], [ -88.308167322318909, 16.770868761995484 ], [ -88.30922299394669, 16.770056806867132 ], [ -88.309859898054654, 16.769507963775574 ], [ -88.3104573342967, 16.768994275714896 ], [ -88.310986027630051, 16.768517327982124 ], [ -88.311441066677531, 16.767991372208776 ], [ -88.311902760396222, 16.767503878087567 ], [ -88.312191978916289, 16.767038369043124 ], [ -88.312522707199534, 16.766501691965679 ], [ -88.312734614876007, 16.765254715127341 ], [ -88.312776999214833, 16.764719351788038 ], [ -88.313094871668312, 16.763896188020503 ], [ -88.31343877541299, 16.763155867710118 ], [ -88.313680389208827, 16.7626994092711 ], [ -88.31387002467288, 16.762001768847288 ], [ -88.314002822874386, 16.760498342753234 ], [ -88.31409324304353, 16.759530280645286 ], [ -88.314117656570332, 16.758940422685008 ], [ -88.314064728001355, 16.758356693234511 ], [ -88.313976265794508, 16.757671875358213 ], [ -88.313739095193696, 16.756779730767793 ], [ -88.313264209881709, 16.755041629171004 ], [ -88.313088145684731, 16.754399884524325 ], [ -88.312996575239495, 16.753436692907886 ], [ -88.312990879684023, 16.752882206482703 ], [ -88.313021060971963, 16.752033333407823 ], [ -88.312972443123385, 16.75129759402952 ], [ -88.312839926949778, 16.750454029916074 ], [ -88.312491798875541, 16.74862642228948 ], [ -88.312314976293294, 16.74763424726153 ], [ -88.312240134214463, 16.747133399944868 ], [ -88.312022083402525, 16.745461991247655 ], [ -88.311873926293103, 16.744469341578093 ], [ -88.311759786708691, 16.743663380040232 ], [ -88.3116088262814, 16.743142772547522 ], [ -88.31138587642198, 16.742481936108767 ], [ -88.311228638480472, 16.741859778025084 ], [ -88.310835367168309, 16.740704936525958 ], [ -88.31049210957184, 16.739847563749443 ], [ -88.309989095453602, 16.738423185476282 ], [ -88.309566651800026, 16.737313874586825 ], [ -88.309183584549217, 16.736482638886571 ], [ -88.308907945681796, 16.73601552928443 ], [ -88.308460160669298, 16.735510698609339 ], [ -88.308087688707516, 16.7350582845744 ], [ -88.307836986851086, 16.734432871065572 ], [ -88.307850419481298, 16.733932909409663 ], [ -88.307685660495864, 16.733212556539044 ], [ -88.307194744658048, 16.732821668776687 ], [ -88.30664438109477, 16.731755641054722 ], [ -88.306375435711814, 16.730992352544721 ], [ -88.306008531235094, 16.730337254563974 ], [ -88.305509571064761, 16.729559714645156 ], [ -88.305081578612032, 16.728654216509426 ], [ -88.304667897159391, 16.727951855325252 ], [ -88.304065799099604, 16.727041264735714 ], [ -88.303698075867175, 16.726396287032419 ], [ -88.303394325047918, 16.725908254497547 ], [ -88.302957024142927, 16.725334927777638 ], [ -88.302463849598624, 16.724751315875814 ], [ -88.302008547136452, 16.724149409101685 ], [ -88.301917521498609, 16.723594113030735 ], [ -88.301985170805551, 16.722791173569284 ], [ -88.301382315527604, 16.722722227436137 ], [ -88.300846275535093, 16.722313403874807 ], [ -88.300638996130488, 16.721754333498673 ], [ -88.300484892442242, 16.721029717261665 ], [ -88.300385114081806, 16.720021281067154 ], [ -88.300350355582694, 16.719484169136557 ], [ -88.300326851806005, 16.718845906751937 ], [ -88.300532200274603, 16.717530069037483 ], [ -88.300948813820114, 16.716181860939994 ], [ -88.301091885945539, 16.715044875039254 ], [ -88.301075129553212, 16.714536341499372 ], [ -88.301202190460856, 16.713670531662444 ], [ -88.301676475376397, 16.71271122431531 ], [ -88.302405994901761, 16.711499707953408 ], [ -88.302681818274465, 16.710789391118819 ], [ -88.303136265586275, 16.710209332971328 ], [ -88.3036482563367, 16.709666637014408 ], [ -88.304217401769108, 16.709153410661578 ], [ -88.304696556205627, 16.70875756397615 ], [ -88.305127690503227, 16.708388794670739 ], [ -88.305509744066214, 16.708018904341692 ], [ -88.305902560239005, 16.707639121252861 ], [ -88.306229065726754, 16.707221769424457 ], [ -88.306685269139109, 16.706234989321455 ], [ -88.306943141016546, 16.705492703701349 ], [ -88.307353567944759, 16.704393332122777 ], [ -88.307640283032399, 16.703642686049207 ], [ -88.307772341450274, 16.702952748648247 ], [ -88.307856708362948, 16.702252711122018 ], [ -88.307927184328236, 16.701284195740381 ], [ -88.308014249237047, 16.700473800091771 ], [ -88.308591859545899, 16.699230619861382 ], [ -88.308941335860951, 16.698638013190124 ], [ -88.309162307270967, 16.698208114365066 ], [ -88.3093900677097, 16.697548514989517 ], [ -88.309490458658701, 16.69700545597853 ], [ -88.309653882520678, 16.696538191850056 ], [ -88.310167381341799, 16.695931277395946 ], [ -88.310597717272813, 16.695210927484613 ], [ -88.310890797913359, 16.69458097665462 ], [ -88.311120363495675, 16.693847048748161 ], [ -88.311209966729564, 16.69326655982259 ], [ -88.31115209108934, 16.69216667806349 ], [ -88.31100579929695, 16.691072673047515 ], [ -88.310902870199513, 16.690572317905751 ], [ -88.31082849298997, 16.690099652209561 ], [ -88.310717770063135, 16.689487574178116 ], [ -88.310654596596109, 16.688986996561759 ], [ -88.3104401665789, 16.688289183267862 ], [ -88.310057286193086, 16.687499660826667 ], [ -88.309869850168056, 16.686941052262391 ], [ -88.309701993202566, 16.686346831713216 ], [ -88.309566542190623, 16.685622645466161 ], [ -88.309512800067665, 16.684688487367335 ], [ -88.309442737574884, 16.683273968944484 ], [ -88.309417460524287, 16.682681859914762 ], [ -88.309385937328173, 16.682034396132163 ], [ -88.309366900090652, 16.680852019061923 ], [ -88.309431510352013, 16.680169558311892 ], [ -88.309543011499358, 16.679553509882968 ], [ -88.309980140707864, 16.678122335872359 ], [ -88.310154165787864, 16.677267708552279 ], [ -88.310311193894492, 16.676725932368726 ], [ -88.310404318481702, 16.6760722831423 ], [ -88.310466988043373, 16.675444985527445 ], [ -88.310519047095056, 16.674892939000781 ], [ -88.310476344350775, 16.674295926630176 ], [ -88.310375475886488, 16.673711113579593 ], [ -88.310204815990843, 16.672848668299658 ], [ -88.310046331936974, 16.672253536030112 ], [ -88.309916631510887, 16.671724407639132 ], [ -88.309787319437973, 16.671083741273588 ], [ -88.309631531183783, 16.670378249704104 ], [ -88.309354476227711, 16.669540434164961 ], [ -88.30918756932077, 16.66895525216534 ], [ -88.309012870910422, 16.668258344500426 ], [ -88.30890535306564, 16.667562964860121 ], [ -88.308907168919504, 16.666315709423401 ], [ -88.309038536204667, 16.663257346188892 ], [ -88.30924693715977, 16.662190545916655 ], [ -88.309364405214154, 16.661712093585557 ], [ -88.309464460895185, 16.661132966146848 ], [ -88.309537052115047, 16.660529555260503 ], [ -88.30969187641287, 16.66005307533948 ], [ -88.310036446157937, 16.659321749097739 ], [ -88.310219337327652, 16.658485347658068 ], [ -88.310387715476395, 16.657860442696538 ], [ -88.310643646831181, 16.657192454244147 ], [ -88.311030108999489, 16.65668404168035 ], [ -88.311335967014998, 16.656293233674141 ], [ -88.311589560606308, 16.655744622893504 ], [ -88.311740101346416, 16.654676504341651 ], [ -88.311898210978299, 16.653729117826536 ], [ -88.312095493543282, 16.653068809805092 ], [ -88.312232982660674, 16.652535595415909 ], [ -88.312463647882453, 16.651728440795441 ], [ -88.312599541274466, 16.651260542070066 ], [ -88.312893226397037, 16.650601288533348 ], [ -88.313283699723698, 16.64992732323493 ], [ -88.313578620692851, 16.64924105593801 ], [ -88.313895730634286, 16.648795284966777 ], [ -88.314291511168875, 16.648287068037739 ], [ -88.314783768168596, 16.647752866825645 ], [ -88.315372040094132, 16.647211821003211 ], [ -88.315991834856021, 16.646552051009905 ], [ -88.316364953172922, 16.646181907172956 ], [ -88.322051782453158, 16.641654738801854 ], [ -88.323233647616902, 16.640734960482952 ], [ -88.324034322882525, 16.64013332455632 ], [ -88.324891526164464, 16.639562254983179 ], [ -88.326512114146496, 16.638721087149971 ], [ -88.330936941108789, 16.636474960479518 ], [ -88.332023362329465, 16.635921414578274 ], [ -88.333092752880845, 16.635298747467345 ], [ -88.334483144701835, 16.634452311488094 ], [ -88.335505062382552, 16.633810528384814 ], [ -88.33708280418692, 16.632756456608682 ], [ -88.339207030377906, 16.631288740255592 ], [ -88.339993563599691, 16.630881634902163 ], [ -88.340779295062561, 16.630483524320436 ], [ -88.341450392963068, 16.630064801635733 ], [ -88.342094444955165, 16.629580116917612 ], [ -88.342702520128753, 16.629012365403284 ], [ -88.343420848895292, 16.628621740858183 ], [ -88.343925094842817, 16.628384052430192 ], [ -88.344612131439348, 16.62810314338099 ], [ -88.345094433354717, 16.627975383874507 ], [ -88.34569431780433, 16.627721808657299 ], [ -88.346199237876021, 16.62745595899376 ], [ -88.347372241179499, 16.626895239041986 ], [ -88.34804331585562, 16.626476490869969 ], [ -88.349241050698382, 16.625689827386299 ], [ -88.34978971712404, 16.625184942166108 ], [ -88.350598346388921, 16.624223900023679 ], [ -88.351288249593708, 16.623435970228819 ], [ -88.35163508630967, 16.622963732606593 ], [ -88.352013555784239, 16.622367131896951 ], [ -88.35220825764398, 16.621854296796165 ], [ -88.352246343919589, 16.621050619062753 ], [ -88.352172275642431, 16.620172312686922 ], [ -88.352157550460902, 16.61957139908991 ], [ -88.352198569530586, 16.619082162735968 ], [ -88.352312920159775, 16.618290334006634 ], [ -88.352447779413097, 16.617471923331262 ], [ -88.352548029106941, 16.616489350487271 ], [ -88.352573846432975, 16.615030727181242 ], [ -88.352602308847864, 16.612250431391676 ], [ -88.352543708877263, 16.611117813431111 ], [ -88.352386754693086, 16.610477656185598 ], [ -88.352294859580198, 16.609902058120831 ], [ -88.352243400256199, 16.60927327956178 ], [ -88.352211986023079, 16.608588611277675 ], [ -88.352580220690754, 16.606426648989416 ], [ -88.35266394933933, 16.605716389078715 ], [ -88.352782765344159, 16.605174807643163 ], [ -88.352960170306361, 16.60457819953659 ], [ -88.353116594427732, 16.60363970001967 ], [ -88.353438640525297, 16.602593355116351 ], [ -88.353702907506474, 16.601980659377187 ], [ -88.353925848169467, 16.601458308360442 ], [ -88.354138667543268, 16.600992072321155 ], [ -88.354381745026302, 16.600434113517764 ], [ -88.354566474886823, 16.599921048292799 ], [ -88.35521002216845, 16.598674560632308 ], [ -88.35555420959156, 16.597896883859761 ], [ -88.355706601064355, 16.59673630854585 ], [ -88.355702481725913, 16.594916430736873 ], [ -88.355696153526139, 16.593965269603164 ], [ -88.355468184352489, 16.591904883875475 ], [ -88.355428361245032, 16.591155797026712 ], [ -88.355424862296886, 16.590111174885099 ], [ -88.355455651842931, 16.589244224802943 ], [ -88.355575098394354, 16.58865081921271 ], [ -88.355958471020628, 16.588234587355778 ], [ -88.356511153810658, 16.587969753328178 ], [ -88.357132192419982, 16.587632076035813 ], [ -88.358624032470473, 16.586945393788913 ], [ -88.359205538200413, 16.586672180595745 ], [ -88.359702618029374, 16.586313692847973 ], [ -88.36061138858409, 16.585575653143074 ], [ -88.361200668297769, 16.585002874831709 ], [ -88.361705502219678, 16.584321161778206 ], [ -88.36193652975868, 16.583873343756903 ], [ -88.362264830585033, 16.582975842868763 ], [ -88.362589457236098, 16.582206718241615 ], [ -88.36296767617128, 16.58161456928929 ], [ -88.363406403025067, 16.580497549518192 ], [ -88.363518272467545, 16.57941492657233 ], [ -88.363536632045182, 16.578260352775587 ], [ -88.363785392816141, 16.577462485677007 ], [ -88.364320277038374, 16.575940826481673 ], [ -88.364440547295104, 16.574921489749993 ], [ -88.36452014059752, 16.573990263465163 ], [ -88.36456198046217, 16.572245761491317 ], [ -88.364559944403481, 16.571136930603618 ], [ -88.364489825421316, 16.570479560254004 ], [ -88.36438225623138, 16.569751493379847 ], [ -88.363561922212071, 16.567220406857402 ], [ -88.363194306916924, 16.565374376645995 ], [ -88.362920025751777, 16.563631841763687 ], [ -88.362734890603676, 16.562167364718434 ], [ -88.362571804232545, 16.560977194102069 ], [ -88.362475379254008, 16.560198671072438 ], [ -88.362325082260128, 16.559669098119723 ], [ -88.362028228617277, 16.558868076261252 ], [ -88.361897444234899, 16.558328798012738 ], [ -88.361759288644123, 16.557707098177612 ], [ -88.361099645441953, 16.555249465470901 ], [ -88.360712554492807, 16.553826687243966 ], [ -88.360318429312613, 16.552673061479609 ], [ -88.360057478478737, 16.551983267618223 ], [ -88.359027469623925, 16.549794573091599 ], [ -88.358109581245884, 16.548119949378869 ], [ -88.35713335303619, 16.546491348092218 ], [ -88.355007733310472, 16.543270845726848 ], [ -88.354697824516592, 16.542626158193571 ], [ -88.354713330811265, 16.54197972112291 ], [ -88.354801537592508, 16.541492656852078 ], [ -88.35505951946827, 16.540722044934107 ], [ -88.355497505638127, 16.540020805427638 ], [ -88.355776122994641, 16.539583059847857 ], [ -88.355906178135044, 16.538958331293482 ], [ -88.356127363024939, 16.538528317369302 ], [ -88.356798227491183, 16.53771282232195 ], [ -88.357495994163003, 16.537358788352851 ], [ -88.358370505855504, 16.53645430076492 ], [ -88.358867216055216, 16.536104793766416 ], [ -88.359107718587339, 16.535648162570624 ], [ -88.359189452676588, 16.535040379528823 ], [ -88.359244075965563, 16.532759810732951 ], [ -88.359324241391576, 16.53221734838251 ], [ -88.359615710980322, 16.531632267972277 ], [ -88.359917749601465, 16.531020377498699 ], [ -88.360271000207533, 16.530269903144109 ], [ -88.360594293443867, 16.529575099920098 ], [ -88.360930674460462, 16.528723961417171 ], [ -88.361164701600416, 16.528146611659235 ], [ -88.361661096335482, 16.527418473752057 ], [ -88.362025162456746, 16.527020925847488 ], [ -88.36266172500973, 16.526415348435354 ], [ -88.363450476085347, 16.525869495447985 ], [ -88.363916978503923, 16.525584648989245 ], [ -88.364826670233143, 16.525208247564112 ], [ -88.365705661215884, 16.524894262012161 ], [ -88.366285846576559, 16.524667151199576 ], [ -88.366974641896235, 16.524294842197421 ], [ -88.367625577244468, 16.523893515972549 ], [ -88.368223386575849, 16.523319731112995 ], [ -88.368525164735871, 16.522716826588983 ], [ -88.368690380041542, 16.521815661516282 ], [ -88.368636047536597, 16.521278087480248 ], [ -88.36844285654422, 16.520562769367753 ], [ -88.367893782372306, 16.519487974989037 ], [ -88.367773392933614, 16.518903862825937 ], [ -88.367810733041253, 16.518147468481121 ], [ -88.367814195818056, 16.517195381220404 ], [ -88.367583151043249, 16.516451054723756 ], [ -88.36719900849792, 16.515685294935842 ], [ -88.366612952131007, 16.514961247290174 ], [ -88.366027831222979, 16.514222571106309 ], [ -88.365681637232271, 16.513873451944271 ], [ -88.365191841970258, 16.513521137465229 ], [ -88.36473925843255, 16.513224865705507 ], [ -88.364254704707363, 16.512677729670642 ], [ -88.364542134250527, 16.512259308746795 ], [ -88.365430312145506, 16.511557888801438 ], [ -88.366367644389399, 16.510803468306097 ], [ -88.367145224947592, 16.510330579079525 ], [ -88.368194238716768, 16.509717226718649 ], [ -88.36890225944218, 16.509344196849469 ], [ -88.369465549215107, 16.509015276397289 ], [ -88.36992274631838, 16.508702029421997 ], [ -88.370470289149452, 16.508225141734727 ], [ -88.371036230447288, 16.507784720455334 ], [ -88.371708475014245, 16.507319610299295 ], [ -88.372705217455547, 16.506888742315059 ], [ -88.373281239440288, 16.506809120818399 ], [ -88.373823957483424, 16.506950743502586 ], [ -88.374086070031538, 16.507593215207077 ], [ -88.37386225754183, 16.508161807264059 ], [ -88.373390091640374, 16.508686577840489 ], [ -88.373048730762974, 16.509334819241531 ], [ -88.372922737666016, 16.510209821056204 ], [ -88.372870781853521, 16.510772083058406 ], [ -88.372987428838456, 16.511513868485892 ], [ -88.373482177600778, 16.512051075585756 ], [ -88.373914626820152, 16.512384069193939 ], [ -88.374325980688795, 16.512818010614684 ], [ -88.374633980272847, 16.513642921111536 ], [ -88.375038601749168, 16.514163479243862 ], [ -88.375277688637581, 16.513665087753978 ], [ -88.375106054060396, 16.512632483878154 ], [ -88.375236308980675, 16.511970545000025 ], [ -88.375554006631518, 16.511506574751678 ], [ -88.376030710938238, 16.511183602399388 ], [ -88.376886734105412, 16.511045953426155 ], [ -88.37768013236186, 16.511109741227529 ], [ -88.378293470826733, 16.511474908527326 ], [ -88.378532867849401, 16.511894889511613 ], [ -88.378690781060101, 16.512498993098774 ], [ -88.37863618332014, 16.513172757382993 ], [ -88.378451443182968, 16.513694895146561 ], [ -88.377933576115254, 16.514127388020025 ], [ -88.377654621541907, 16.514583205096429 ], [ -88.377488255525606, 16.515142934524903 ], [ -88.377364556813419, 16.515897421907848 ], [ -88.377339811850504, 16.516543676132862 ], [ -88.37722208465334, 16.517096595380252 ], [ -88.387807139154532, 16.520603416378151 ], [ -88.388101890674989, 16.52019525940387 ], [ -88.388432113125461, 16.519572659015161 ], [ -88.388833667063935, 16.51879950913969 ], [ -88.389481194477497, 16.518097156420776 ], [ -88.389992259051098, 16.51743460277271 ], [ -88.390430509347084, 16.517009329457121 ], [ -88.390820116149257, 16.516713693024968 ], [ -88.391661936009768, 16.51636382247786 ], [ -88.393690361440278, 16.516320756616452 ], [ -88.394783846366408, 16.515801771000923 ], [ -88.395240126503779, 16.51555154339281 ], [ -88.39618998388697, 16.515398985304131 ], [ -88.397471100774041, 16.515514039182193 ], [ -88.398075727665841, 16.515658101601893 ], [ -88.398676778953543, 16.515953082842611 ], [ -88.399227264737121, 16.516508380087441 ], [ -88.399807074858643, 16.516738659753077 ], [ -88.400327467397531, 16.51664196224818 ], [ -88.400680947486663, 16.515997306703913 ], [ -88.400868703734758, 16.512807912740008 ], [ -88.400828344109428, 16.511676777284258 ], [ -88.400710457814867, 16.510834664529117 ], [ -88.400393575395327, 16.510059153228404 ], [ -88.400056023503026, 16.50909612825329 ], [ -88.399844594792341, 16.508504368987332 ], [ -88.399482298447154, 16.507648975539546 ], [ -88.398914797298474, 16.506875824523291 ], [ -88.398300803715756, 16.506167005953483 ], [ -88.397400011206585, 16.505212964600815 ], [ -88.396806736349404, 16.50459137087708 ], [ -88.39602844033692, 16.504161763649407 ], [ -88.395265699726011, 16.504036750646517 ], [ -88.394718969315065, 16.504284987968305 ], [ -88.394347461719747, 16.504754573221682 ], [ -88.393884503924568, 16.505287495842936 ], [ -88.393421544491858, 16.505820415322408 ], [ -88.392809706897452, 16.505981566131386 ], [ -88.392346164825639, 16.505579180805452 ], [ -88.392232360916026, 16.504665044704524 ], [ -88.39195537810653, 16.504006478383058 ], [ -88.39149852663779, 16.503322528136199 ], [ -88.391352758313602, 16.502820110130326 ], [ -88.391420317945816, 16.501893078288397 ], [ -88.392426841650703, 16.50122003995326 ], [ -88.393018539007315, 16.500971674166856 ], [ -88.39360764102662, 16.50083255645016 ], [ -88.394104717016447, 16.500756760733481 ], [ -88.394782166381987, 16.500684945951299 ], [ -88.395916893773418, 16.50031896814264 ], [ -88.396549396896916, 16.500246154726316 ], [ -88.397113167067658, 16.500214646015621 ], [ -88.397807141801977, 16.500382079332859 ], [ -88.398370204333276, 16.501070615716628 ], [ -88.398581249560607, 16.501702930035297 ], [ -88.398628910403261, 16.502230226375485 ], [ -88.398799271190043, 16.502730931062768 ], [ -88.399062171069133, 16.503146906589986 ], [ -88.39975445572577, 16.50333683796719 ], [ -88.400214032395823, 16.50314300838977 ], [ -88.400501098397882, 16.503820947153933 ], [ -88.400606008686594, 16.504495999697284 ], [ -88.400892356949939, 16.505204350699618 ], [ -88.401149044396007, 16.505882746218155 ], [ -88.401213978613228, 16.50686455346084 ], [ -88.402085579493956, 16.506019460041092 ], [ -88.402159442698959, 16.505465542023487 ], [ -88.402147760819119, 16.50467647821144 ], [ -88.402078139940016, 16.503768944018976 ], [ -88.401974611878643, 16.503035325258139 ], [ -88.401869807870241, 16.502330977048214 ], [ -88.401853989079967, 16.501716485207719 ], [ -88.402703497314292, 16.501630407020993 ], [ -88.405142593048737, 16.50165258467775 ], [ -88.405751828289624, 16.501600641307832 ], [ -88.406456614729947, 16.501311905273401 ], [ -88.406810274345887, 16.500657088400121 ], [ -88.40713629218736, 16.500207880509269 ], [ -88.407642103427861, 16.499762629879129 ], [ -88.40810911414772, 16.499056214885268 ], [ -88.408267152983001, 16.4981029767516 ], [ -88.408189586231444, 16.497579525821639 ], [ -88.407999782971586, 16.497010785290321 ], [ -88.407703625560544, 16.49622221679045 ], [ -88.407559887096085, 16.495631953265562 ], [ -88.407667730865299, 16.494874813707462 ], [ -88.408071139811241, 16.493992330799845 ], [ -88.408052360885094, 16.492884198320535 ], [ -88.408347784448878, 16.491825799903264 ], [ -88.409576143708293, 16.489397348210939 ], [ -88.41011854088957, 16.488365784426691 ], [ -88.410378406659191, 16.487872290637927 ], [ -88.410554468940191, 16.487094106219768 ], [ -88.410488089652929, 16.486071694907508 ], [ -88.410167644928606, 16.485346829059701 ], [ -88.409956161853444, 16.484756204246732 ], [ -88.410125065891592, 16.484280993974217 ], [ -88.410516676190255, 16.48392111080117 ], [ -88.410849319598682, 16.483189187004001 ], [ -88.411382964803963, 16.482527038360832 ], [ -88.41179574012223, 16.482210439677676 ], [ -88.412187286991397, 16.481828011558278 ], [ -88.41336359748118, 16.480659351566153 ], [ -88.414232054876635, 16.480112724169921 ], [ -88.414843324590763, 16.479996550542989 ], [ -88.415775398037866, 16.479624850757109 ], [ -88.416276507828016, 16.479375536929592 ], [ -88.416956971393006, 16.479172977052986 ], [ -88.41742002589109, 16.479596704721594 ], [ -88.417290994261521, 16.480289163778064 ], [ -88.416691733975, 16.480861996821098 ], [ -88.41625830357772, 16.481113922039459 ], [ -88.415440896687812, 16.481377705976694 ], [ -88.414693299053155, 16.48157878231137 ], [ -88.414252639385779, 16.482112266867336 ], [ -88.414831427366011, 16.482407822145348 ], [ -88.415419383681339, 16.482290010551544 ], [ -88.416171659296765, 16.481915491460498 ], [ -88.416737433328009, 16.481797188489811 ], [ -88.41741124245624, 16.481877333704862 ], [ -88.4182132274385, 16.482243135853306 ], [ -88.418751193347177, 16.4823631181793 ], [ -88.419326178300039, 16.481853978048573 ], [ -88.419247537371476, 16.481374451993027 ], [ -88.419012254444937, 16.480826130576673 ], [ -88.418625075011349, 16.480056987411356 ], [ -88.418413142395735, 16.47950918061802 ], [ -88.418321985082329, 16.478594400921192 ], [ -88.418423124380411, 16.478118815799853 ], [ -88.41864816688188, 16.477168148927081 ], [ -88.418602534057996, 16.476254367533997 ], [ -88.418347649203923, 16.475596308596732 ], [ -88.417865389678639, 16.475021161233204 ], [ -88.417384221855798, 16.474424627051206 ], [ -88.41717173631497, 16.473875679680699 ], [ -88.417436675292535, 16.473164789583358 ], [ -88.417761497213519, 16.472738062657353 ], [ -88.418070367098366, 16.472070954827529 ], [ -88.418402425257469, 16.471361531571521 ], [ -88.418682055327778, 16.470943950971286 ], [ -88.419116546725576, 16.470670626986756 ], [ -88.419625902535358, 16.470094678664992 ], [ -88.419887167421237, 16.469514420224591 ], [ -88.420327192614636, 16.468980902398162 ], [ -88.4207616793163, 16.468707570590485 ], [ -88.421264369520699, 16.468414321089853 ], [ -88.421568529123391, 16.467921770520295 ], [ -88.421692440872079, 16.467445555314626 ], [ -88.421754236446688, 16.466730202213675 ], [ -88.421562142457418, 16.465313997124245 ], [ -88.421411492342443, 16.464072241180737 ], [ -88.421267205539593, 16.463503380537979 ], [ -88.421213278098747, 16.462916214950408 ], [ -88.42171464752866, 16.461710146877198 ], [ -88.42193351927736, 16.461019645619039 ], [ -88.422134734553637, 16.460111265278233 ], [ -88.422015219082766, 16.459457305197159 ], [ -88.421219955881597, 16.458808833182612 ], [ -88.420848315775643, 16.458322892814088 ], [ -88.420704508260755, 16.457733759190951 ], [ -88.420886077621205, 16.457188937929089 ], [ -88.421450321823713, 16.457157341079501 ], [ -88.421867625629261, 16.456644725632682 ], [ -88.421791435467554, 16.456035661186206 ], [ -88.421760793652069, 16.455426465908882 ], [ -88.422355891463823, 16.455025919490687 ], [ -88.423005323010884, 16.45517085277767 ], [ -88.423993710193017, 16.455279247893575 ], [ -88.424490165785613, 16.455224749718706 ], [ -88.425372024676591, 16.455070493997731 ], [ -88.425828199439934, 16.45484156795467 ], [ -88.426397964454395, 16.454549764688849 ], [ -88.427013171269408, 16.454237539835361 ], [ -88.427424848846996, 16.45396368645789 ], [ -88.428041585783816, 16.453586132415499 ], [ -88.428853782154619, 16.453538520232623 ], [ -88.4294153737318, 16.453594741558881 ], [ -88.429764770281778, 16.454058772257024 ], [ -88.429775242227905, 16.454558219208703 ], [ -88.429316085509157, 16.45493922193867 ], [ -88.428456987997407, 16.455093992534195 ], [ -88.427817985635443, 16.455449649202503 ], [ -88.427747110995298, 16.458468200712328 ], [ -88.428003811851283, 16.459995130930725 ], [ -88.428060301849882, 16.460474172998378 ], [ -88.427887398466396, 16.461122869577515 ], [ -88.427402919046784, 16.461611492736584 ], [ -88.426833133274343, 16.461903295470222 ], [ -88.42610422239791, 16.462256974591455 ], [ -88.425084666745619, 16.463473131560146 ], [ -88.42460348353012, 16.463820956394088 ], [ -88.424008938936666, 16.464221513892429 ], [ -88.423927463317796, 16.464805717604424 ], [ -88.424185438975982, 16.465333118205663 ], [ -88.424219152928913, 16.46581166078904 ], [ -88.42393665403057, 16.46632723179367 ], [ -88.423701216575452, 16.46677847111556 ], [ -88.423664149728012, 16.467386182833152 ], [ -88.424210466772323, 16.468093438365081 ], [ -88.424586204508273, 16.468405926949007 ], [ -88.425725050471527, 16.468799348200228 ], [ -88.426509940251194, 16.468947244391416 ], [ -88.427002914574047, 16.469067339342772 ], [ -88.427833730168274, 16.469149750298246 ], [ -88.428756078228744, 16.469213872540987 ], [ -88.429366308156077, 16.46914044545996 ], [ -88.429739693746427, 16.468584033231028 ], [ -88.42986408739435, 16.468086406298038 ], [ -88.429931462672599, 16.467132264480156 ], [ -88.430262966015036, 16.466444210935538 ], [ -88.430662114687138, 16.46573509566441 ], [ -88.430808657963908, 16.465239079426397 ], [ -88.430841204357179, 16.463827777441931 ], [ -88.430590430453165, 16.463017683715776 ], [ -88.430293604093336, 16.462229126146294 ], [ -88.430135672569392, 16.461270056784635 ], [ -88.430153016884844, 16.460531186357294 ], [ -88.43025402937009, 16.458143226733235 ], [ -88.430532158680805, 16.456866882351971 ], [ -88.431042537266762, 16.455248525289552 ], [ -88.431662564601069, 16.453784691422996 ], [ -88.432244771643113, 16.452015762926674 ], [ -88.432425776654668, 16.451020146646929 ], [ -88.432463746414697, 16.450347083654616 ], [ -88.432500240034784, 16.449761886884847 ], [ -88.432265512399596, 16.449213591750208 ], [ -88.431709974399638, 16.448874660523824 ], [ -88.431012020526921, 16.448881961075234 ], [ -88.43037307330367, 16.449236506047672 ], [ -88.429937614892864, 16.449553798579185 ], [ -88.429297187652494, 16.449996205899335 ], [ -88.428505227405296, 16.450152445420759 ], [ -88.427947479682885, 16.449932909261161 ], [ -88.427332710225457, 16.449530692617682 ], [ -88.426644459053492, 16.449124613870712 ], [ -88.426166519933304, 16.449336166627837 ] ] ] ] } }
]
}
