{
"type": "FeatureCollection",
"name": "color_vul_muy_bajo",
"crs": { "type": "name", "properties": { "name": "urn:ogc:def:crs:OGC:1.3:CRS84" } },
"features": [
{ "type": "Feature", "properties": { "Codigo": 2209, "datos_finales_color_riesgo": "CCDAEE" }, "geometry": { "type": "MultiPolygon", "coordinates": [ [ [ [ -89.814352354999983, 14.172375601000056 ], [ -89.814306417999944, 14.171316281000031 ], [ -89.813165152999943, 14.170122757000058 ], [ -89.812224451999953, 14.167904796000073 ], [ -89.80955669299999, 14.16486248800004 ], [ -89.809694249999893, 14.16358665000007 ], [ -89.811023423999984, 14.163125774000036 ], [ -89.826397928999938, 14.161655938000024 ], [ -89.831952765999972, 14.161521719000064 ], [ -89.83261775699998, 14.161115142000028 ], [ -89.841676277999966, 14.160614975000044 ], [ -89.875800337999976, 14.157287503000077 ], [ -89.877669798999989, 14.15727911700003 ], [ -89.87889299599999, 14.158851583000057 ], [ -89.879622124999969, 14.159121812000024 ], [ -89.881956923999951, 14.157313443000078 ], [ -89.884332320999988, 14.156638843000053 ], [ -89.885149812999941, 14.15679168500003 ], [ -89.88730134399998, 14.158410035000031 ], [ -89.889195365999967, 14.156855479000058 ], [ -89.889991918999954, 14.156720199000063 ], [ -89.892243744999973, 14.158749553000064 ], [ -89.893298535999975, 14.158934792000025 ], [ -89.895240795999939, 14.158680012000048 ], [ -89.897795364999979, 14.157078616000035 ], [ -89.89889313399999, 14.156952846000024 ], [ -89.900631051999937, 14.157476486000064 ], [ -89.902662858999975, 14.159360692000064 ], [ -89.902170982999962, 14.160614046000035 ], [ -89.899950450999938, 14.163043806000076 ], [ -89.895920233999959, 14.16877319300005 ], [ -89.894867635999958, 14.17122816400007 ], [ -89.887973009999939, 14.178966647000038 ], [ -89.884372187999986, 14.184806277000064 ], [ -89.879598628999986, 14.188489292000042 ], [ -89.877888922999944, 14.189104738000026 ], [ -89.873120347999986, 14.188070639000046 ], [ -89.868519940999988, 14.190503877000026 ], [ -89.865763296999944, 14.190858332000062 ], [ -89.858312554999941, 14.188853085000062 ], [ -89.853609988999949, 14.188790182000048 ], [ -89.844847467999955, 14.189466056000072 ], [ -89.843202032999955, 14.190490676000024 ], [ -89.841916086999959, 14.192329310000048 ], [ -89.84039168299995, 14.193383720000043 ], [ -89.836242023999944, 14.194492581000077 ], [ -89.835077868999974, 14.19522100100005 ], [ -89.833713092999972, 14.197438903000034 ], [ -89.832233692999978, 14.198663146000058 ], [ -89.83056394099998, 14.199306957000033 ], [ -89.829192228999943, 14.200148847000037 ], [ -89.827257753999959, 14.199945984000067 ], [ -89.825538535999954, 14.198660162000067 ], [ -89.822836130999974, 14.19814910100007 ], [ -89.818208396999978, 14.20274455200007 ], [ -89.816565048999962, 14.203812990000074 ], [ -89.816525683999942, 14.203153314000076 ], [ -89.816645354999935, 14.202042023000047 ], [ -89.81751044799995, 14.200118966000048 ], [ -89.81841288399994, 14.188482906000047 ], [ -89.818097272999978, 14.180803627000046 ], [ -89.817631983999945, 14.177050196000039 ], [ -89.814352354999983, 14.172375601000056 ] ] ] ] } },
{ "type": "Feature", "properties": { "Codigo": 904, "datos_finales_color_riesgo": "CCDAEE" }, "geometry": { "type": "MultiPolygon", "coordinates": [ [ [ [ -91.511464634999982, 15.146114075000071 ], [ -91.512652005999939, 15.144646373000057 ], [ -91.51974884599997, 15.138978437000048 ], [ -91.520547249999936, 15.137734096000031 ], [ -91.522756606999963, 15.136306919000049 ], [ -91.536638266999944, 15.123364818000027 ], [ -91.544408088999944, 15.11611180500006 ], [ -91.546180399999969, 15.115361703000076 ], [ -91.547493413999973, 15.113742061000039 ], [ -91.548509914999954, 15.113565557000072 ], [ -91.549070694999955, 15.112935322000055 ], [ -91.549200385999939, 15.107798829000046 ], [ -91.548454285999981, 15.100791370000024 ], [ -91.547869084999945, 15.098860130000048 ], [ -91.547919042999979, 15.092620408000073 ], [ -91.546600916999978, 15.081242487000054 ], [ -91.546102985999937, 15.069811069000025 ], [ -91.544598175999965, 15.059317727000064 ], [ -91.543936407999979, 15.037946119000026 ], [ -91.542622331999951, 15.030893191000075 ], [ -91.542607604999944, 15.027925028000027 ], [ -91.541907450999986, 15.026943233000054 ], [ -91.542070745999979, 15.023696012000073 ], [ -91.541478905999952, 15.022001987000067 ], [ -91.540915924999979, 15.017086995000057 ], [ -91.540956363999953, 15.013014208000072 ], [ -91.539938444999962, 15.001744372000076 ], [ -91.539857756999936, 15.001130356000033 ], [ -91.540858821999961, 14.991237163000051 ], [ -91.541426722999972, 14.988648959000045 ], [ -91.541269461999946, 14.987842380000075 ], [ -91.54118601, 14.98669280200005 ], [ -91.541194689999941, 14.98541162500004 ], [ -91.540889387999982, 14.983553351000069 ], [ -91.540289123999969, 14.981572296000024 ], [ -91.53998693599999, 14.980885681000075 ], [ -91.539133684999967, 14.979278108000074 ], [ -91.538483550999956, 14.977970111000047 ], [ -91.537971981999988, 14.976539849000062 ], [ -91.536997565999968, 14.974808342000074 ], [ -91.533339112999954, 14.971777228000064 ], [ -91.532441854999945, 14.970414525000024 ], [ -91.531171554999958, 14.961541680000039 ], [ -91.530375162999974, 14.960648506000041 ], [ -91.529005207999944, 14.959420590000036 ], [ -91.535363515999961, 14.954092499000069 ], [ -91.536421823999945, 14.953293711000072 ], [ -91.538000137999973, 14.952242904000059 ], [ -91.542869440999937, 14.948539908000043 ], [ -91.547430403999954, 14.945302584000046 ], [ -91.550919627999974, 14.942783726000073 ], [ -91.554193837999946, 14.939736937000077 ], [ -91.55483688299995, 14.939152355000033 ], [ -91.55538629199998, 14.938580737000052 ], [ -91.555526369999939, 14.938051722000068 ], [ -91.555484307999961, 14.937477497000032 ], [ -91.555126205999954, 14.936723885000049 ], [ -91.554585967999969, 14.935925057000077 ], [ -91.553187111999989, 14.934413513000038 ], [ -91.552301657999976, 14.933370710000077 ], [ -91.55206253099999, 14.932639315000074 ], [ -91.55215848399996, 14.93193264100006 ], [ -91.552869210999972, 14.931389164000052 ], [ -91.563474686999939, 14.934052437000048 ], [ -91.569596464999961, 14.93446593300007 ], [ -91.572914480999941, 14.934055065000052 ], [ -91.576700928999969, 14.935564430000056 ], [ -91.583647931999963, 14.935878746000071 ], [ -91.594548397999972, 14.935195796000073 ], [ -91.59602423399997, 14.935549473000037 ], [ -91.597419893999984, 14.936440464000043 ], [ -91.599553672999946, 14.938198059000058 ], [ -91.600451416999988, 14.939267892000032 ], [ -91.601271009999948, 14.940294307000045 ], [ -91.605426015999967, 14.945519349000051 ], [ -91.609052239999983, 14.950054149000039 ], [ -91.61388952499999, 14.954870816000039 ], [ -91.616460164999978, 14.956786847000046 ], [ -91.615057287999946, 14.963414065000052 ], [ -91.613417495999954, 14.976590796000039 ], [ -91.613395148999984, 14.979611925000029 ], [ -91.613491974999988, 14.981272287000024 ], [ -91.613518364999948, 14.982499484000073 ], [ -91.613513172999944, 14.983306177000031 ], [ -91.613384887999985, 14.983824004000041 ], [ -91.612960155999986, 14.984440588000041 ], [ -91.612346259999981, 14.984469618000048 ], [ -91.611393736999958, 14.984198296000045 ], [ -91.610543907999954, 14.983773939000059 ], [ -91.609705640999948, 14.983359815000028 ], [ -91.608922745999962, 14.983100820000061 ], [ -91.607706648999965, 14.983148758000027 ], [ -91.607147559999987, 14.983510289000037 ], [ -91.60657521, 14.984124825000038 ], [ -91.606183100999942, 14.984995812000022 ], [ -91.605870969999955, 14.985810795000077 ], [ -91.605545431999985, 14.986990639000055 ], [ -91.605090347999976, 14.988788854000063 ], [ -91.604103772999963, 14.991975804000049 ], [ -91.603270659999964, 14.994257537000067 ], [ -91.602945799999986, 14.995238524000058 ], [ -91.602805787999955, 14.995856830000037 ], [ -91.602717275999964, 14.997225678000063 ], [ -91.602780466999945, 14.997966123000026 ], [ -91.60332181299998, 14.998643972000025 ], [ -91.603968459999976, 14.998768833000042 ], [ -91.605173668999953, 14.998710685000049 ], [ -91.606424931999982, 14.998540958000035 ], [ -91.608087336999972, 14.998065283000074 ], [ -91.610194605999936, 14.997370860000046 ], [ -91.611664403999953, 14.996838619000073 ], [ -91.61222195, 14.996721121000064 ], [ -91.613200418999952, 14.996582457000045 ], [ -91.614005946999953, 14.996764751000057 ], [ -91.614810143999989, 14.997244188000025 ], [ -91.615430851999974, 14.997878427000046 ], [ -91.61588192399995, 14.998411075000035 ], [ -91.616139124999961, 14.999086040000066 ], [ -91.616259383999989, 14.999816663000047 ], [ -91.616386516999967, 15.001286261000075 ], [ -91.616345820999982, 15.003275708000047 ], [ -91.614981019999959, 15.018808698000043 ], [ -91.615569009999945, 15.022093404000032 ], [ -91.61713524399994, 15.024213521000036 ], [ -91.612235637999959, 15.030069120000064 ], [ -91.60946940499997, 15.032743541000059 ], [ -91.608941091999952, 15.032820527000069 ], [ -91.60558621399997, 15.038044771000045 ], [ -91.605514617999972, 15.050040030000048 ], [ -91.604674455999941, 15.056220832000065 ], [ -91.603591079999944, 15.058052443000065 ], [ -91.589545948999955, 15.058412994000037 ], [ -91.58517767799998, 15.059372155000062 ], [ -91.579276544999971, 15.058719517000043 ], [ -91.576474958999938, 15.059422796000035 ], [ -91.575395904999937, 15.06065433200007 ], [ -91.575373664999972, 15.061463161000063 ], [ -91.57459767499995, 15.062579090000042 ], [ -91.574333227999944, 15.067109228000049 ], [ -91.57472826299994, 15.069163505000063 ], [ -91.576120518999971, 15.070848937000051 ], [ -91.57733733799995, 15.071378564000042 ], [ -91.580155359999935, 15.074006168000039 ], [ -91.58265615, 15.075470281000037 ], [ -91.585187090999966, 15.076248737000071 ], [ -91.587316822999981, 15.078356756000062 ], [ -91.590370435999944, 15.079852482000035 ], [ -91.591768126999966, 15.081183095000029 ], [ -91.593450685999983, 15.083228404000067 ], [ -91.595400755999947, 15.085536356000034 ], [ -91.59715063499999, 15.089827072000048 ], [ -91.597126195999977, 15.094436706000067 ], [ -91.597540196999944, 15.096208614000034 ], [ -91.597269147999953, 15.100473246000035 ], [ -91.59766192099994, 15.101671061000047 ], [ -91.598446511999953, 15.102441958000043 ], [ -91.598913726999967, 15.102841429000023 ], [ -91.606565017999969, 15.103267171000027 ], [ -91.612076813999977, 15.105699724000033 ], [ -91.614162558999965, 15.108219659000042 ], [ -91.61553773199995, 15.110921656000073 ], [ -91.616361428999937, 15.113300521000042 ], [ -91.616345626999987, 15.115199713000038 ], [ -91.616733894999982, 15.115587367000046 ], [ -91.616903413999978, 15.119847960000072 ], [ -91.61789714799994, 15.126236591000065 ], [ -91.616427167999973, 15.135975975000065 ], [ -91.614382614999954, 15.142820516000029 ], [ -91.614372511999989, 15.145535489000054 ], [ -91.614756093999972, 15.147276684000076 ], [ -91.616106618999936, 15.14995594100003 ], [ -91.617938280999965, 15.153336386000035 ], [ -91.618906092999964, 15.154324154000051 ], [ -91.597879807999959, 15.164731381000024 ], [ -91.586776292999957, 15.171091966000063 ], [ -91.58576500099997, 15.172019997000064 ], [ -91.584075125999959, 15.17867429100005 ], [ -91.582891193999956, 15.180971713000076 ], [ -91.581677808999984, 15.186456200000066 ], [ -91.579856937999978, 15.19091095400006 ], [ -91.578044858999988, 15.198121401000037 ], [ -91.576845618999982, 15.20041754600004 ], [ -91.574614143999952, 15.206982416000073 ], [ -91.572608659999958, 15.214349735000042 ], [ -91.568370963999939, 15.224768022000035 ], [ -91.568403925999974, 15.226174864000029 ], [ -91.56165473599998, 15.223371598000028 ], [ -91.55366526499995, 15.220921702000055 ], [ -91.55010649899998, 15.219295556000077 ], [ -91.542142621999972, 15.21672342100004 ], [ -91.53078858899994, 15.21194044300006 ], [ -91.523042076999957, 15.209312599000043 ], [ -91.519815265999966, 15.207618139000033 ], [ -91.518328310999948, 15.195207602000039 ], [ -91.516619998999943, 15.186688912000022 ], [ -91.516096298999969, 15.179053622000026 ], [ -91.514553359999979, 15.171280554000077 ], [ -91.512164676999987, 15.147887971000046 ], [ -91.511464634999982, 15.146114075000071 ] ] ] ] } },
{ "type": "Feature", "properties": { "Codigo": 506, "datos_finales_color_riesgo": "CCDAEE" }, "geometry": { "type": "MultiPolygon", "coordinates": [ [ [ [ -91.266092135999941, 14.337604148000025 ], [ -91.267786390999959, 14.33169883100004 ], [ -91.268200805999982, 14.326845007000031 ], [ -91.270665817999941, 14.323683818000063 ], [ -91.270856181999989, 14.321521707000045 ], [ -91.270298363999984, 14.317502460000071 ], [ -91.27151125499995, 14.315486750000048 ], [ -91.272307470999976, 14.31098703300006 ], [ -91.271952470999963, 14.309684091000065 ], [ -91.270397885999955, 14.30813517200005 ], [ -91.267609113999981, 14.307155694000073 ], [ -91.267248692999942, 14.305581563000032 ], [ -91.267433388999962, 14.301815145000035 ], [ -91.270253428999979, 14.299759168000037 ], [ -91.271103825999944, 14.29786282300006 ], [ -91.273562252999966, 14.296726058000047 ], [ -91.274784521999948, 14.295510256000057 ], [ -91.276572317999978, 14.292294334000076 ], [ -91.276393621999944, 14.290354354000044 ], [ -91.276022341999976, 14.288222048000023 ], [ -91.276360243999989, 14.287511610000024 ], [ -91.277263199999936, 14.286914850000073 ], [ -91.28003337499996, 14.287115648000054 ], [ -91.281734857999936, 14.285025429000029 ], [ -91.283383613999945, 14.275978792000046 ], [ -91.281964591999952, 14.274060370000029 ], [ -91.281775781999954, 14.272989112000062 ], [ -91.282913554999936, 14.271739877000073 ], [ -91.288242175999983, 14.268151633000059 ], [ -91.290237673999968, 14.263371175000032 ], [ -91.293167427999947, 14.26034289100005 ], [ -91.296971982999935, 14.255188910000072 ], [ -91.298271773999943, 14.253549832000033 ], [ -91.298676456999942, 14.250326051000059 ], [ -91.296841722999943, 14.246383570000035 ], [ -91.296596152999939, 14.243529110000054 ], [ -91.298136932999967, 14.241716628000063 ], [ -91.300337560999935, 14.240568628000062 ], [ -91.301718771999958, 14.240494854000076 ], [ -91.305373395999936, 14.23921591800007 ], [ -91.307022814999982, 14.237888819000034 ], [ -91.306945201999952, 14.236257979000072 ], [ -91.306239004999952, 14.235436134000054 ], [ -91.306112905999953, 14.234406001000025 ], [ -91.309432783999966, 14.231244640000057 ], [ -91.309420879999948, 14.229886544000067 ], [ -91.307873355999959, 14.227416030000029 ], [ -91.307899334999945, 14.225870659000066 ], [ -91.309089751999977, 14.224731215000077 ], [ -91.31436165599996, 14.222493053000051 ], [ -91.315419030999976, 14.222343468000076 ], [ -91.316855202999989, 14.223122978000049 ], [ -91.317840605999947, 14.222682515000031 ], [ -91.317762690999984, 14.219202190000033 ], [ -91.32019631199995, 14.21774943500003 ], [ -91.320740469999976, 14.214242971000033 ], [ -91.321946116999982, 14.211570418000065 ], [ -91.321373304999952, 14.208209760000045 ], [ -91.320175407999955, 14.207087369000021 ], [ -91.31920973199999, 14.206826381000042 ], [ -91.31883892799999, 14.203952955000034 ], [ -91.318550782999978, 14.202354524000043 ], [ -91.317388152999968, 14.201166842000077 ], [ -91.315800488999969, 14.199279079000064 ], [ -91.315362231999984, 14.197468317000073 ], [ -91.315920708999954, 14.195940239000038 ], [ -91.318827354999939, 14.192181486000038 ], [ -91.318973643999982, 14.19150237100007 ], [ -91.319033511999976, 14.190842988000043 ], [ -91.317733895999936, 14.188609285000041 ], [ -91.317713176999973, 14.188043109000034 ], [ -91.318310425999982, 14.188003242000036 ], [ -91.318957633999958, 14.18747 ], [ -91.318773970999985, 14.186151363000022 ], [ -91.32085015499996, 14.183965068000077 ], [ -91.323935320999965, 14.183140449000064 ], [ -91.325384037999982, 14.18376180100006 ], [ -91.326250713999968, 14.183141945000045 ], [ -91.328454309999984, 14.182202643000039 ], [ -91.329841865999981, 14.179632967000032 ], [ -91.331203743999936, 14.178827863000038 ], [ -91.333108362999951, 14.178703280000036 ], [ -91.333548911999969, 14.177997954000034 ], [ -91.333583244999943, 14.175833477000026 ], [ -91.334259471999985, 14.174488053000061 ], [ -91.335373737999987, 14.172698265000065 ], [ -91.335367338999959, 14.170796749000033 ], [ -91.334609607999937, 14.168238113000029 ], [ -91.336816196999962, 14.167181235000044 ], [ -91.33669155299998, 14.163786414000072 ], [ -91.336404154999968, 14.162547279000023 ], [ -91.337491308999972, 14.161687118000032 ], [ -91.33817720199994, 14.16178790400005 ], [ -91.338236796999979, 14.156698506000055 ], [ -91.338708599999961, 14.156144773000051 ], [ -91.338830639999969, 14.153452143000038 ], [ -91.338239008999949, 14.152572441000075 ], [ -91.337872405999974, 14.150442463000047 ], [ -91.338713153999947, 14.149464215000023 ], [ -91.343822313999965, 14.147272636000025 ], [ -91.346232961999988, 14.146702872000049 ], [ -91.350893693999978, 14.145989239000073 ], [ -91.355285108999965, 14.146578613000031 ], [ -91.356070600999942, 14.146268770000063 ], [ -91.359596083999975, 14.142889840000066 ], [ -91.362018473999967, 14.140427527000043 ], [ -91.364427214999978, 14.139381898000067 ], [ -91.366583377999973, 14.137304122000046 ], [ -91.367615485999977, 14.13706822100005 ], [ -91.36777697499997, 14.136259229000075 ], [ -91.367215315999943, 14.134736922000059 ], [ -91.367529994999984, 14.134282607000046 ], [ -91.369375224999942, 14.133098641000061 ], [ -91.3703558, 14.133105291000049 ], [ -91.370507308999947, 14.130687348000038 ], [ -91.373216764999938, 14.128849381000066 ], [ -91.374643941999977, 14.126284138000074 ], [ -91.376000758999965, 14.125391696000065 ], [ -91.377471101999959, 14.124161061000052 ], [ -91.382070588999966, 14.123770613000033 ], [ -91.386685613999987, 14.121747562000053 ], [ -91.389956186999939, 14.121083660000068 ], [ -91.396360821999963, 14.112950871000066 ], [ -91.399388321999936, 14.108197413000028 ], [ -91.400275533999945, 14.107551387000058 ], [ -91.403311764999955, 14.103100722000022 ], [ -91.40619978899997, 14.099803734000034 ], [ -91.408498188999943, 14.09580229900007 ], [ -91.410048144999962, 14.094222824000042 ], [ -91.413797304999946, 14.088478482000028 ], [ -91.41941600399997, 14.081677469000056 ], [ -91.422027070999945, 14.077845127000046 ], [ -91.422945219999974, 14.076543881000077 ], [ -91.423511161999954, 14.050791202000028 ], [ -91.42389902299999, 14.04865602700005 ], [ -91.424886876999949, 14.047125849000054 ], [ -91.424907703999963, 14.041708276000065 ], [ -91.426243343999943, 14.039492263000056 ], [ -91.426319064999973, 14.038148214000046 ], [ -91.427011877999973, 14.037106461000064 ], [ -91.427985224999986, 14.03658966100005 ], [ -91.428487728999983, 14.035705980000046 ], [ -91.428532884999981, 14.030012863000024 ], [ -91.427400747999968, 14.022250087000032 ], [ -91.425500245999956, 14.018480923000027 ], [ -91.425081810999984, 14.015526986000054 ], [ -91.426053711999941, 14.014274628000067 ], [ -91.42894681699994, 14.012043835000043 ], [ -91.434623002999956, 14.007572376000041 ], [ -91.436209584999972, 14.00516129600004 ], [ -91.437058638999986, 14.005375800000024 ], [ -91.437534417999984, 14.005518973000051 ], [ -91.438366431999953, 14.005943517000048 ], [ -91.438936764999937, 14.006307621000076 ], [ -91.439530391999938, 14.006649278000054 ], [ -91.44103970499998, 14.007451033000052 ], [ -91.442441962999965, 14.008170743000051 ], [ -91.443725208999979, 14.008865951000075 ], [ -91.444414740999946, 14.00923080900003 ], [ -91.445080521999955, 14.009514164000052 ], [ -91.445544583999947, 14.009680973000059 ], [ -91.446270979999952, 14.009813307000059 ], [ -91.447152431999939, 14.009946635000063 ], [ -91.447771710999973, 14.010090706000028 ], [ -91.448307366999984, 14.010280566000063 ], [ -91.448961242999985, 14.01052880900005 ], [ -91.449734640999964, 14.010813966000057 ], [ -91.450721758999975, 14.011239466000063 ], [ -91.451257, 14.011405591000027 ], [ -91.451768941999944, 14.011595292000038 ], [ -91.453268294999987, 14.012081679000062 ], [ -91.453683728999977, 14.012340814000027 ], [ -91.454205921999971, 14.012728308000021 ], [ -91.45476383099998, 14.013139754000065 ], [ -91.455262851999976, 14.01344574500007 ], [ -91.455773678999947, 14.013716784000053 ], [ -91.456474819999983, 14.014081685000065 ], [ -91.457402370999944, 14.014506781000023 ], [ -91.458329967999987, 14.014839220000056 ], [ -91.45897221499996, 14.015099790000022 ], [ -91.459591366999973, 14.015266432000033 ], [ -91.460186876999956, 14.015421623000066 ], [ -91.460900834999961, 14.015601293000032 ], [ -91.461544058999948, 14.015803108000057 ], [ -91.462364786999956, 14.016111129000024 ], [ -91.462887630999944, 14.016404828000077 ], [ -91.463386091999951, 14.016710802000034 ], [ -91.46419416599997, 14.017182570000045 ], [ -91.464788832999943, 14.017465421000054 ], [ -91.465240477999942, 14.017677313000036 ], [ -91.465812077999942, 14.017774714000041 ], [ -91.46652624699999, 14.018011995000052 ], [ -91.467238871999939, 14.018482020000022 ], [ -91.467950608999956, 14.018999492000034 ], [ -91.46866509099999, 14.019190442000024 ], [ -91.469356509999955, 14.01919481300007 ], [ -91.469857115999957, 14.019266901000037 ], [ -91.470691096999985, 14.019412274000047 ], [ -91.471238213999982, 14.019625888000064 ], [ -91.472022485999958, 14.020026298000062 ], [ -91.474758230999953, 14.021161009000025 ], [ -91.476661226999965, 14.021965041000044 ], [ -91.479539928999941, 14.023101730000064 ], [ -91.481347957999958, 14.023833951000029 ], [ -91.482704470999977, 14.024331699000072 ], [ -91.483965825999974, 14.024782521000077 ], [ -91.485749577999968, 14.025515689000031 ], [ -91.48986589399999, 14.027124389000051 ], [ -91.49160238799999, 14.027834622000057 ], [ -91.493339934999938, 14.02847366900005 ], [ -91.494862694999938, 14.029042443000037 ], [ -91.496695304999946, 14.029659462000041 ], [ -91.500329013999988, 14.031206244000032 ], [ -91.500792341999954, 14.031411367000032 ], [ -91.501342207999983, 14.031656573000078 ], [ -91.502263205999952, 14.032047571000021 ], [ -91.503881591999971, 14.03260106700003 ], [ -91.504623132999939, 14.03282598100003 ], [ -91.505185151999967, 14.032983122000076 ], [ -91.506455862999985, 14.033255367000038 ], [ -91.507591617999935, 14.033548241000062 ], [ -91.508726234999983, 14.034017368000036 ], [ -91.50928769099994, 14.034262629000068 ], [ -91.510409750999941, 14.034885339000027 ], [ -91.512003377999974, 14.035785513000064 ], [ -91.513003327999968, 14.036143061000075 ], [ -91.514441689999956, 14.036625330000049 ], [ -91.515981116999967, 14.037139848000038 ], [ -91.516925511999943, 14.037410038000075 ], [ -91.517633245999946, 14.037677646000077 ], [ -91.518981305999944, 14.038257638000061 ], [ -91.521395558999984, 14.039339047000055 ], [ -91.523620277999953, 14.040200069000036 ], [ -91.525282607999941, 14.040868950000061 ], [ -91.526304747999973, 14.041293250000024 ], [ -91.528509329999963, 14.041780109000058 ], [ -91.529768563999937, 14.042051036000032 ], [ -91.530679225999961, 14.042353739000077 ], [ -91.531702225999936, 14.042645822000054 ], [ -91.53282607899996, 14.043004048000057 ], [ -91.533883290999938, 14.043286160000036 ], [ -91.53444550599994, 14.043420638000043 ], [ -91.534974339999962, 14.043435143000067 ], [ -91.535537821999981, 14.043461154000056 ], [ -91.536247065999987, 14.043498216000046 ], [ -91.537080145999937, 14.043536026000027 ], [ -91.538011758999971, 14.04382301000004 ], [ -91.538589366999986, 14.044359824000026 ], [ -91.537512737999975, 14.045311484000024 ], [ -91.537076027999944, 14.045643299000062 ], [ -91.535763576999955, 14.046638720000033 ], [ -91.534847122999963, 14.047333717000072 ], [ -91.533621159999939, 14.04855789100003 ], [ -91.532877003999943, 14.049275392000027 ], [ -91.531996149999941, 14.051010115000054 ], [ -91.530891185999963, 14.053763781000043 ], [ -91.530495378999944, 14.05448339000003 ], [ -91.530272638999975, 14.05528879600007 ], [ -91.530397156999982, 14.056181055000025 ], [ -91.530611495999949, 14.056691949000026 ], [ -91.531214605999935, 14.057587120000051 ], [ -91.532514712999955, 14.058359973000051 ], [ -91.53464420499995, 14.058670068000026 ], [ -91.535686041999952, 14.059015359000057 ], [ -91.536487114999943, 14.059636019000038 ], [ -91.536917611999968, 14.060286069000028 ], [ -91.537185559999955, 14.060924965000027 ], [ -91.537320222999938, 14.061955137000041 ], [ -91.537228151999955, 14.062782808000065 ], [ -91.537006229999974, 14.063461673000063 ], [ -91.536763775999987, 14.064001434000033 ], [ -91.536433667999972, 14.064582471000051 ], [ -91.534767307999971, 14.066695477000053 ], [ -91.53209215399994, 14.070076877000076 ], [ -91.530647658999953, 14.071512118000044 ], [ -91.529682820999938, 14.072694910000052 ], [ -91.52944105399996, 14.073122805000025 ], [ -91.52927159699999, 14.074099144000058 ], [ -91.529257413999972, 14.074597350000033 ], [ -91.529339572999959, 14.075415907000036 ], [ -91.529409961999988, 14.076264900000069 ], [ -91.529645966999965, 14.07682903400007 ], [ -91.530087871999967, 14.077415891000044 ], [ -91.531080403999965, 14.07860495500006 ], [ -91.532159210999964, 14.079970807000052 ], [ -91.532934957999942, 14.08112238700005 ], [ -91.533169727999962, 14.081881988000077 ], [ -91.53327307699999, 14.082737961000078 ], [ -91.53296400499994, 14.083372221000047 ], [ -91.532483224999964, 14.083794143000034 ], [ -91.531086119999941, 14.084592397000051 ], [ -91.527420039999981, 14.086395973000037 ], [ -91.525501389999988, 14.087106261000031 ], [ -91.524148471999979, 14.087777057000039 ], [ -91.52349400099996, 14.088113152000062 ], [ -91.523100254999974, 14.088407907000033 ], [ -91.522224335999965, 14.089336974000048 ], [ -91.521522629999936, 14.090265974000033 ], [ -91.520162561999939, 14.092041751000068 ], [ -91.518236453999975, 14.093897653000056 ], [ -91.515829167999982, 14.096133611000027 ], [ -91.514431936999983, 14.096931752000046 ], [ -91.51189928299999, 14.098317204000068 ], [ -91.509934053999984, 14.099493714000062 ], [ -91.508840675999977, 14.10037956900004 ], [ -91.50809516399994, 14.101266446000068 ], [ -91.507478798999955, 14.102409476000048 ], [ -91.507035823999956, 14.103680127000075 ], [ -91.506233331999965, 14.106647918000021 ], [ -91.50493192, 14.112710783000068 ], [ -91.503918293999959, 14.118038730000023 ], [ -91.503728647999935, 14.118802490000064 ], [ -91.503451043999974, 14.11964931600005 ], [ -91.503053085999966, 14.12057674600004 ], [ -91.502262147999943, 14.121845215000064 ], [ -91.500842605999935, 14.123367382000026 ], [ -91.500447464999979, 14.123772810000048 ], [ -91.499696492999988, 14.12423816300003 ], [ -91.499176103999957, 14.124321920000057 ], [ -91.497625733999939, 14.124778886000058 ], [ -91.496963277999953, 14.125251563000063 ], [ -91.494162003999975, 14.127719803000048 ], [ -91.49116915799999, 14.12990884900006 ], [ -91.487491484999964, 14.132437030000062 ], [ -91.487114241999961, 14.132756673000074 ], [ -91.486735316999955, 14.133330532000059 ], [ -91.486538076999977, 14.133917961000066 ], [ -91.486406000999978, 14.134981482000057 ], [ -91.486422393999987, 14.137667328000077 ], [ -91.486525253999957, 14.144434870000055 ], [ -91.486521141999958, 14.145056282000041 ], [ -91.486457216999952, 14.146142830000031 ], [ -91.486317349999979, 14.146719319000056 ], [ -91.485763640999949, 14.147892040000045 ], [ -91.484893911999961, 14.150449136000077 ], [ -91.484591970999986, 14.151456217000032 ], [ -91.484358271999952, 14.152386897000042 ], [ -91.484114532999968, 14.153084757000045 ], [ -91.483906347999948, 14.153659683000058 ], [ -91.483698310999955, 14.154125011000076 ], [ -91.483306716999948, 14.154942835000043 ], [ -91.481998383999951, 14.156754808000073 ], [ -91.477244957999972, 14.161983163000059 ], [ -91.469985627999961, 14.167960358000073 ], [ -91.467254094999987, 14.170007201000033 ], [ -91.460981894999975, 14.176179069000057 ], [ -91.460660684999937, 14.176587151000035 ], [ -91.460050922999983, 14.177626105000058 ], [ -91.459556632999977, 14.178455645000042 ], [ -91.458290513999941, 14.180655271000035 ], [ -91.457963645999939, 14.181984155000066 ], [ -91.457480995999958, 14.184343606000027 ], [ -91.456852760999936, 14.186480663000054 ], [ -91.455814015999977, 14.188782291000052 ], [ -91.455336928999941, 14.189715875000047 ], [ -91.454949622999948, 14.190473778000069 ], [ -91.454292092999935, 14.191800518000036 ], [ -91.453692400999955, 14.193050800000037 ], [ -91.452968236999936, 14.194211016000054 ], [ -91.452532744999985, 14.194729070000051 ], [ -91.449341280999988, 14.19749353800006 ], [ -91.448643440999945, 14.198099145000072 ], [ -91.448299815999974, 14.198474292000071 ], [ -91.44787394399998, 14.199192383000025 ], [ -91.44765350299997, 14.19984514500004 ], [ -91.447523440999987, 14.200576454000043 ], [ -91.447488528999941, 14.202385139000057 ], [ -91.447597331999987, 14.203073931000063 ], [ -91.448023310999986, 14.204041596000025 ], [ -91.448361123999973, 14.204520590000072 ], [ -91.448756440999944, 14.20488922800007 ], [ -91.44925417799999, 14.205269829000031 ], [ -91.449843132999945, 14.205605825000077 ], [ -91.450331454999969, 14.20575361300007 ], [ -91.450989642999957, 14.205957859000023 ], [ -91.451886181999953, 14.206196415000022 ], [ -91.452381214999946, 14.206975835000037 ], [ -91.452284379999981, 14.207846334000067 ], [ -91.451996057999963, 14.20843313000006 ], [ -91.451548197999955, 14.209061824000059 ], [ -91.451010242999985, 14.209569041000066 ], [ -91.450278844999957, 14.210079520000022 ], [ -91.449560942999938, 14.210308750000024 ], [ -91.448421384999961, 14.21063354000006 ], [ -91.447567251999942, 14.210883347000049 ], [ -91.446746248999943, 14.211200029000054 ], [ -91.446287842999936, 14.211673851000057 ], [ -91.446046231999958, 14.212116318000028 ], [ -91.44582569499994, 14.212780374000033 ], [ -91.445693744999971, 14.213446136000073 ], [ -91.445363136999958, 14.215556826000068 ], [ -91.445356698999944, 14.21649909000007 ], [ -91.445432773999983, 14.216976384000077 ], [ -91.445757396999966, 14.217777306000073 ], [ -91.446352798999953, 14.218869234000067 ], [ -91.44812507499995, 14.222408174000066 ], [ -91.449444305999975, 14.224279879000051 ], [ -91.449745544999985, 14.224946192000061 ], [ -91.449847035999937, 14.225519692000034 ], [ -91.449900013999979, 14.226413757000046 ], [ -91.449893843999973, 14.22731873500004 ], [ -91.449874341999987, 14.228395368000065 ], [ -91.44982211599995, 14.229174635000049 ], [ -91.44967584599999, 14.229731837000031 ], [ -91.449314217999984, 14.23129547800005 ], [ -91.449002856999982, 14.232875263000039 ], [ -91.448621866999986, 14.234812760000068 ], [ -91.448288885999943, 14.237012693000054 ], [ -91.448043105999943, 14.238739783000028 ], [ -91.44793032299998, 14.240581852000048 ], [ -91.448220933999949, 14.24204239200003 ], [ -91.448584233999952, 14.242697811000028 ], [ -91.449014725999973, 14.243352540000046 ], [ -91.449809728999981, 14.244401696000068 ], [ -91.450106663999975, 14.245022787000039 ], [ -91.450404264999975, 14.245546715000046 ], [ -91.450766465999948, 14.246364827000036 ], [ -91.451044920999948, 14.247148498000058 ], [ -91.451222633999976, 14.248096476000057 ], [ -91.451266215999965, 14.249009686000022 ], [ -91.451260209999987, 14.249889809000024 ], [ -91.451172693999979, 14.250492587000053 ], [ -91.450932806999958, 14.251355371000045 ], [ -91.450525644999971, 14.252201254000056 ], [ -91.450001940999982, 14.252979714000048 ], [ -91.449495686999967, 14.253662248000069 ], [ -91.449156936999941, 14.254327793000073 ], [ -91.448902913999973, 14.254799552000065 ], [ -91.448731405999979, 14.255401782000035 ], [ -91.448716884999953, 14.256339470000057 ], [ -91.448963097999979, 14.257264167000073 ], [ -91.449294432999977, 14.257938587000069 ], [ -91.450017824999975, 14.259217773000046 ], [ -91.450529852999978, 14.260150976000034 ], [ -91.451256975999968, 14.261394027000051 ], [ -91.451934398999981, 14.262622064000027 ], [ -91.452395163999938, 14.263684866000062 ], [ -91.452738814999975, 14.264763852000044 ], [ -91.452935575999959, 14.265384294000057 ], [ -91.453131643999939, 14.266021677000026 ], [ -91.453345403999947, 14.266528113000049 ], [ -91.453991703999975, 14.267396650000023 ], [ -91.454525122999939, 14.267661107000038 ], [ -91.455444226999987, 14.267684014000054 ], [ -91.456181388999937, 14.267460557000049 ], [ -91.45698618299997, 14.267172005000077 ], [ -91.457505135999952, 14.267094015000055 ], [ -91.458090591999962, 14.267032270000072 ], [ -91.458826090999935, 14.26705284600007 ], [ -91.45942723099995, 14.267155033000051 ], [ -91.460061305999943, 14.267354596000075 ], [ -91.460793813999942, 14.267815793000068 ], [ -91.461389533999977, 14.268716753000035 ], [ -91.461485892999974, 14.269369306000044 ], [ -91.461498703999951, 14.269956918000048 ], [ -91.461494722999987, 14.27054329200007 ], [ -91.461356041999977, 14.27126099000003 ], [ -91.461034171999984, 14.271829492000052 ], [ -91.460543929999972, 14.272625137000034 ], [ -91.459985716999938, 14.273534460000064 ], [ -91.458453768999959, 14.275123307000058 ], [ -91.456836818999989, 14.276857342000028 ], [ -91.456297819999975, 14.277408610000066 ], [ -91.455658168999946, 14.278023628000028 ], [ -91.454730928999936, 14.279102278000039 ], [ -91.454444205999948, 14.279524115000072 ], [ -91.454155899999989, 14.280092823000075 ], [ -91.453968581999959, 14.280548070000066 ], [ -91.453781171999935, 14.281101614000022 ], [ -91.453727437999987, 14.281590495000046 ], [ -91.453707768999948, 14.282095414000025 ], [ -91.453884372999937, 14.283124733000022 ], [ -91.454047104999972, 14.283810484000071 ], [ -91.454508467999972, 14.284791937000023 ], [ -91.454704217999961, 14.285477903000071 ], [ -91.454700099999968, 14.286081222000064 ], [ -91.454645833999962, 14.28673279700007 ], [ -91.454540274999943, 14.287515105000068 ], [ -91.454312553999955, 14.28896549600006 ], [ -91.454222680999976, 14.289910603000067 ], [ -91.454212771999948, 14.291361278000068 ], [ -91.45436026699997, 14.291818700000022 ], [ -91.455041651999977, 14.29239483300006 ], [ -91.45559248699999, 14.292576926000038 ], [ -91.456143847999954, 14.292597452000052 ], [ -91.457281426999941, 14.292539300000044 ], [ -91.457967190999966, 14.292559564000044 ], [ -91.458752250999964, 14.29263018100005 ], [ -91.459520761999954, 14.292749273000027 ], [ -91.45998771699999, 14.292914997000025 ], [ -91.46040418399997, 14.293178689000058 ], [ -91.46081909899999, 14.293670605000045 ], [ -91.461283612999978, 14.294195605000027 ], [ -91.461848228999941, 14.294738202000076 ], [ -91.462514320999958, 14.295182022000063 ], [ -91.462996638999982, 14.295560255000055 ], [ -91.463411233999977, 14.296100747000025 ], [ -91.463707898999985, 14.296690192000028 ], [ -91.463903818999938, 14.29744168700006 ], [ -91.463917126999945, 14.297955859000069 ], [ -91.464060084999971, 14.298999647000073 ], [ -91.464106047999962, 14.29965300300006 ], [ -91.463968467999962, 14.300205747000064 ], [ -91.463595620999968, 14.30093774900007 ], [ -91.463089512999943, 14.301586408000048 ], [ -91.462516555999969, 14.30226740300003 ], [ -91.461706978999985, 14.303240626000047 ], [ -91.460948345999952, 14.304132825000067 ], [ -91.460425859999987, 14.304716969000026 ], [ -91.460004511999955, 14.30525205400005 ], [ -91.459665555999948, 14.305853204000073 ], [ -91.459392351999952, 14.306667194000056 ], [ -91.459404931999984, 14.307286437000073 ], [ -91.459903904999976, 14.307943860000023 ], [ -91.460123771999974, 14.308410787000071 ], [ -91.460158591999971, 14.309252756000035 ], [ -91.459840851999957, 14.309715071000028 ], [ -91.459443215999954, 14.309999477000076 ], [ -91.458669315999941, 14.310322119000034 ], [ -91.458201236999969, 14.310486302000072 ], [ -91.457672589999959, 14.310611677000054 ], [ -91.457164827999975, 14.310647925000069 ], [ -91.455600440999945, 14.310836620000032 ], [ -91.454634644999942, 14.311007729000039 ], [ -91.45316192699994, 14.311176667000041 ], [ -91.452308002999985, 14.311339455000052 ], [ -91.45118969899994, 14.311614633000033 ], [ -91.450010705999944, 14.311784333000048 ], [ -91.449389495999981, 14.312058226000033 ], [ -91.448868151999989, 14.312637826000071 ], [ -91.448600299999953, 14.313171630000056 ], [ -91.44835147799995, 14.313971072000072 ], [ -91.448185014999979, 14.314504405000037 ], [ -91.447977216999959, 14.315235194000024 ], [ -91.447770636999962, 14.315788602000055 ], [ -91.447574244999942, 14.31629236200007 ], [ -91.447142474999964, 14.317071398000053 ], [ -91.446875234999936, 14.317514813000059 ], [ -91.446260694999978, 14.318332198000064 ], [ -91.44552424599999, 14.319183808000048 ], [ -91.444708521999985, 14.31968351300003 ], [ -91.443986074999941, 14.319930738000039 ], [ -91.442907763999983, 14.320280704000027 ], [ -91.442042692999962, 14.320541675000072 ], [ -91.440781950999963, 14.320880266000074 ], [ -91.439937648999944, 14.321237403000055 ], [ -91.438353780999989, 14.321718477000047 ], [ -91.43751102799996, 14.32101356000004 ], [ -91.435582239999974, 14.320936460000041 ], [ -91.434980680999956, 14.320375483000078 ], [ -91.434523890999969, 14.316064365000045 ], [ -91.433784583999966, 14.314983879000067 ], [ -91.434020157999953, 14.313094067000065 ], [ -91.430086327999959, 14.287142652000057 ], [ -91.429418699999985, 14.284512483000071 ], [ -91.427969134999955, 14.282790068000054 ], [ -91.427214937999963, 14.28262012700003 ], [ -91.420621953999955, 14.284318703000054 ], [ -91.411738726999943, 14.289769824000075 ], [ -91.411060807999945, 14.289956242000073 ], [ -91.407715292999967, 14.290878424000027 ], [ -91.402589635999959, 14.294583820000071 ], [ -91.396278474999974, 14.297155787000065 ], [ -91.390282508999974, 14.301900104000026 ], [ -91.387146998999981, 14.304940682000051 ], [ -91.380971023999962, 14.309526456000071 ], [ -91.377685312999972, 14.310780747000024 ], [ -91.374917323999966, 14.31052909400006 ], [ -91.372310647999939, 14.309599490000039 ], [ -91.368592650999972, 14.310622468000076 ], [ -91.363540330999967, 14.316296678000072 ], [ -91.369616975999975, 14.331875671000034 ], [ -91.369938435999984, 14.333573733000037 ], [ -91.369206768999959, 14.334360704000062 ], [ -91.363685373999942, 14.334570122000059 ], [ -91.36197524399995, 14.329909153000074 ], [ -91.359658557999978, 14.324533337000048 ], [ -91.358116390999953, 14.320694884000034 ], [ -91.356558374999963, 14.318961151000053 ], [ -91.354006465999987, 14.31894348000003 ], [ -91.353413682999985, 14.319514444000049 ], [ -91.35211809399999, 14.320568606000052 ], [ -91.345424986999944, 14.323867418000077 ], [ -91.327491360999943, 14.334287270000061 ], [ -91.325514190999968, 14.335110500000042 ], [ -91.324248125999986, 14.33481346700006 ], [ -91.32473960599998, 14.331358645000023 ], [ -91.322138692999943, 14.328100033000055 ], [ -91.31901464799995, 14.325781068000026 ], [ -91.313062647999971, 14.321241173000033 ], [ -91.31231932899999, 14.320856283000069 ], [ -91.311000432999947, 14.321207308000055 ], [ -91.308786203999944, 14.323060213000076 ], [ -91.307597467999983, 14.32513506600003 ], [ -91.301962211999978, 14.328893153000024 ], [ -91.29894269, 14.332336563000069 ], [ -91.296981077999988, 14.334391117000052 ], [ -91.295639781999967, 14.334703473000047 ], [ -91.292867408999939, 14.33448244300007 ], [ -91.283903046999967, 14.331628378000062 ], [ -91.280903535999983, 14.331951249000042 ], [ -91.279986290999943, 14.332877791000044 ], [ -91.280353637999951, 14.335306067000033 ], [ -91.281526222999958, 14.338051992000032 ], [ -91.281119975999957, 14.340117655000029 ], [ -91.266092135999941, 14.337604148000025 ] ] ] ] } },
{ "type": "Feature", "properties": { "Codigo": 1314, "datos_finales_color_riesgo": "CCDAEE" }, "geometry": { "type": "MultiPolygon", "coordinates": [ [ [ [ -91.464895947999935, 15.738040870000077 ], [ -91.467266808999966, 15.735776618000045 ], [ -91.470819087999985, 15.73298174100006 ], [ -91.474135876999981, 15.730939814000067 ], [ -91.47653375799996, 15.729486787000042 ], [ -91.480114694999941, 15.727592340000058 ], [ -91.48074266499998, 15.727296202000048 ], [ -91.486913895999976, 15.724163381000039 ], [ -91.492254704999937, 15.720843879000029 ], [ -91.49872456199995, 15.717657397000039 ], [ -91.500039049999941, 15.71693887400005 ], [ -91.500895102999948, 15.716626167000072 ], [ -91.503148416999977, 15.715676821000045 ], [ -91.508221954999954, 15.713119893000055 ], [ -91.512402494999947, 15.710651656000039 ], [ -91.514693185999988, 15.709035879000055 ], [ -91.518044864999979, 15.706736996000075 ], [ -91.522272484999974, 15.702558413000077 ], [ -91.52578172599999, 15.698756746000072 ], [ -91.528285950999987, 15.69319146600003 ], [ -91.52896050399994, 15.692718116000037 ], [ -91.529494116999956, 15.690511890000039 ], [ -91.530124428999954, 15.690026939000063 ], [ -91.530857467999965, 15.686920494000049 ], [ -91.535049865999952, 15.687090969000053 ], [ -91.539756211999986, 15.687885040000026 ], [ -91.547998666999945, 15.690226581000047 ], [ -91.548618405999946, 15.690735705000066 ], [ -91.553043474999981, 15.693236979000062 ], [ -91.557999430999985, 15.697627270000055 ], [ -91.55888489199998, 15.699248690000047 ], [ -91.560308832999965, 15.70490695500007 ], [ -91.560206333999986, 15.719660010000041 ], [ -91.561405364999985, 15.724393762000034 ], [ -91.563360889999956, 15.728627485000061 ], [ -91.564854155999967, 15.730591825000033 ], [ -91.564963686999988, 15.731939238000052 ], [ -91.56269174, 15.732973839000067 ], [ -91.55654771799999, 15.737143923000076 ], [ -91.55152579099996, 15.742115497000043 ], [ -91.547753509999893, 15.745123824000075 ], [ -91.547732029999963, 15.745930334000036 ], [ -91.545536274999961, 15.748028355000031 ], [ -91.544934536999961, 15.748983507000048 ], [ -91.544840664999981, 15.749716099000068 ], [ -91.543100986999946, 15.752137986000037 ], [ -91.542013037999936, 15.755588914000043 ], [ -91.541298692999987, 15.75686980100005 ], [ -91.539424728999961, 15.766715540000064 ], [ -91.538629668999988, 15.768425182000044 ], [ -91.533682153999962, 15.765220678000048 ], [ -91.523309867999956, 15.763250327000037 ], [ -91.518376157999967, 15.761573024000029 ], [ -91.500076815999989, 15.756966052000053 ], [ -91.493600771999979, 15.755913631000055 ], [ -91.488340651999977, 15.754033455000069 ], [ -91.485663237999972, 15.753349445000026 ], [ -91.481041364999953, 15.751940122000065 ], [ -91.476268199999936, 15.749397652000027 ], [ -91.472169398999938, 15.746308507000037 ], [ -91.470231015999957, 15.744158586000026 ], [ -91.467980782999973, 15.741522933000056 ], [ -91.46652745099999, 15.739800043000059 ], [ -91.464895947999935, 15.738040870000077 ] ] ] ] } },
{ "type": "Feature", "properties": { "Codigo": 1305, "datos_finales_color_riesgo": "CCDAEE" }, "geometry": { "type": "MultiPolygon", "coordinates": [ [ [ [ -91.536456194999971, 15.869724697000038 ], [ -91.539328551999972, 15.868944239000029 ], [ -91.54798571799995, 15.864247351000074 ], [ -91.554275299999972, 15.862191482000071 ], [ -91.564848316999985, 15.85989496600007 ], [ -91.579370565999966, 15.857895001000031 ], [ -91.588369074999946, 15.856040003000032 ], [ -91.596728144999986, 15.855322681000075 ], [ -91.603719255999977, 15.854009863000044 ], [ -91.616479589999983, 15.853130287000056 ], [ -91.625997930999972, 15.853215720000037 ], [ -91.650631895999936, 15.852348087000053 ], [ -91.659233335999943, 15.852635358000043 ], [ -91.666115243999968, 15.851725413000054 ], [ -91.668289902999959, 15.850895955000055 ], [ -91.672459144999948, 15.849191805000032 ], [ -91.679429634999963, 15.844598786000063 ], [ -91.680626985999936, 15.843453669000041 ], [ -91.681829301999983, 15.841541435000067 ], [ -91.684734151999976, 15.835164334000069 ], [ -91.687828313999944, 15.830436724000037 ], [ -91.690612686999941, 15.828213125000048 ], [ -91.694528403999982, 15.826543124000068 ], [ -91.707689710999944, 15.825286463000054 ], [ -91.709434660999989, 15.824702560000048 ], [ -91.715292284999975, 15.821161418000031 ], [ -91.720074327999953, 15.816039911000075 ], [ -91.722145781999984, 15.813899787000025 ], [ -91.728792867999971, 15.809152834000031 ], [ -91.733614389999957, 15.807809381000027 ], [ -91.739581960999942, 15.802481886000066 ], [ -91.744283762999942, 15.797145761000024 ], [ -91.748665222999989, 15.792344348000029 ], [ -91.755164785999966, 15.790619105000076 ], [ -91.760777379999979, 15.791494034000038 ], [ -91.765826619999984, 15.793974527000046 ], [ -91.769452632999958, 15.796216367000056 ], [ -91.77314711799994, 15.800374765000072 ], [ -91.775891297999976, 15.804527756000027 ], [ -91.778553105999947, 15.809201116000054 ], [ -91.785094983999954, 15.814719857000057 ], [ -91.795764343999963, 15.819281772000068 ], [ -91.804913171999942, 15.824396367000077 ], [ -91.807387494999944, 15.825274322000041 ], [ -91.814507148999951, 15.825707658000056 ], [ -91.822334373999979, 15.824382013000047 ], [ -91.832737381999948, 15.82425857000004 ], [ -91.83556532099999, 15.824857905000044 ], [ -91.841083739999988, 15.829297337000071 ], [ -91.845826282999951, 15.832394743000066 ], [ -91.855460206999965, 15.835865926000054 ], [ -91.859089152999957, 15.835931373000051 ], [ -91.86088407699998, 15.835547610000049 ], [ -91.869268019999936, 15.834050329000036 ], [ -91.873219733999974, 15.833578265000028 ], [ -91.867761339999959, 15.843453233000048 ], [ -91.731247851999967, 16.073692136000034 ], [ -91.483404008999969, 16.073806474000037 ], [ -91.48444941799994, 16.071687772000075 ], [ -91.486042549999979, 16.070215741000027 ], [ -91.48735084399999, 16.06778143300005 ], [ -91.489751463999937, 16.064733483000055 ], [ -91.490331726999955, 16.063238450000028 ], [ -91.492970896999964, 16.059760586000039 ], [ -91.497485988999983, 16.055151447000071 ], [ -91.500026096999989, 16.05379438500006 ], [ -91.50002370499999, 16.051383556000076 ], [ -91.502369631999954, 16.049269321000054 ], [ -91.504718328999957, 16.046620719000032 ], [ -91.507035520999978, 16.041292170000077 ], [ -91.510832384999958, 16.023255447000054 ], [ -91.512631542999941, 16.01793901800005 ], [ -91.514365605999956, 16.015249852000068 ], [ -91.515149118999943, 16.012836530000072 ], [ -91.516788166999959, 16.011139712000045 ], [ -91.519980308999948, 16.006321978000074 ], [ -91.522474011999975, 16.004180234000046 ], [ -91.523950468999942, 16.003531751000025 ], [ -91.526563942999985, 16.001850575000049 ], [ -91.530229437999935, 15.997734078000065 ], [ -91.53478630799998, 15.99508772300004 ], [ -91.540770915999985, 15.993000012000039 ], [ -91.550319307999985, 15.988898128000073 ], [ -91.551775407999969, 15.987643758000047 ], [ -91.553948399999967, 15.983328068000048 ], [ -91.554209603999936, 15.979076331000044 ], [ -91.553445034999982, 15.976096569000049 ], [ -91.552077563999944, 15.973322881000058 ], [ -91.546182130999966, 15.966793882000047 ], [ -91.545568386999946, 15.964295262000064 ], [ -91.545229498999959, 15.957128131000047 ], [ -91.545516414999952, 15.944466753000029 ], [ -91.546342233999951, 15.941268364000052 ], [ -91.546348540999986, 15.939095902000076 ], [ -91.546951711999952, 15.937948757000072 ], [ -91.547594078999964, 15.930053885000063 ], [ -91.550676029999977, 15.91897368900004 ], [ -91.551698572999953, 15.913137478000067 ], [ -91.55200959299998, 15.902636255000061 ], [ -91.551667560999988, 15.891947626000047 ], [ -91.550904649999893, 15.886569404000056 ], [ -91.548130005999951, 15.881259028000045 ], [ -91.544782258999987, 15.877020294000033 ], [ -91.536456194999971, 15.869724697000038 ] ] ] ] } },
{ "type": "Feature", "properties": { "Codigo": 1616, "datos_finales_color_riesgo": "CCDAEE" }, "geometry": { "type": "MultiPolygon", "coordinates": [ [ [ [ -89.799943508999945, 15.34010932800004 ], [ -89.800371989999974, 15.319191325000077 ], [ -89.799960718999955, 15.299173164000024 ], [ -89.799672329999964, 15.289150479000057 ], [ -89.799379194999972, 15.279474205000042 ], [ -89.798964032999947, 15.263276274000077 ], [ -89.798635836999949, 15.241363226000033 ], [ -89.798323594999943, 15.232888627000023 ], [ -89.788446823999948, 15.234564498000054 ], [ -89.786112469999978, 15.234657469000069 ], [ -89.783855246999963, 15.235373372000026 ], [ -89.781445278999968, 15.236004672000035 ], [ -89.779650802999981, 15.234498218000056 ], [ -89.777052392999963, 15.233994801000051 ], [ -89.774790386999939, 15.232813401000044 ], [ -89.773031808999974, 15.231206980000024 ], [ -89.770414848999962, 15.231884842000056 ], [ -89.767645877999939, 15.232469069000047 ], [ -89.76552481899995, 15.231007477000048 ], [ -89.762584426999979, 15.229350095000029 ], [ -89.759802554999965, 15.228501892000054 ], [ -89.757605136999985, 15.227554890000022 ], [ -89.751199705999966, 15.229360485000029 ], [ -89.74382652099996, 15.231658553000045 ], [ -89.74555068899997, 15.223244277000049 ], [ -89.746930160999966, 15.217129469000042 ], [ -89.748293677999982, 15.210948947000077 ], [ -89.749958702999947, 15.205220798000028 ], [ -89.751575787999968, 15.199276369000074 ], [ -89.75233420699999, 15.196766129000025 ], [ -89.756469331999938, 15.193146708000029 ], [ -89.760376359999952, 15.189881656000068 ], [ -89.765339268999981, 15.185916182000028 ], [ -89.770436348999965, 15.180987556000048 ], [ -89.772180940999988, 15.178981143000044 ], [ -89.774464982999973, 15.176458781000065 ], [ -89.780672392999975, 15.172919234000062 ], [ -89.783248189999938, 15.171531767000033 ], [ -89.786167809999938, 15.169959569000071 ], [ -89.78737042399996, 15.169313116000069 ], [ -89.789825367999981, 15.169573840000055 ], [ -89.796269584999948, 15.169491802000039 ], [ -89.803784383999982, 15.169351414000062 ], [ -89.807053673999974, 15.165341556000044 ], [ -89.808816126999943, 15.163276335000035 ], [ -89.821475822999957, 15.169886213000041 ], [ -89.824912984999969, 15.17165360100006 ], [ -89.83874261699998, 15.166493894000041 ], [ -89.850470911999935, 15.162143569000023 ], [ -89.851690094999981, 15.161229468000045 ], [ -89.851910026999974, 15.161718991000043 ], [ -89.854525345999946, 15.162655055000073 ], [ -89.857844468999986, 15.163817616000074 ], [ -89.862002011999948, 15.165535829000078 ], [ -89.86380123899994, 15.167011221000053 ], [ -89.864590939999971, 15.16913394900007 ], [ -89.863866045999941, 15.171241234000036 ], [ -89.863228908999986, 15.173857636000037 ], [ -89.864425996999955, 15.176016519000029 ], [ -89.864742022999963, 15.178343716000029 ], [ -89.863721813999973, 15.181006699000022 ], [ -89.863911965999989, 15.183671870000069 ], [ -89.863477352999951, 15.185909598000023 ], [ -89.864402290999976, 15.18796650400003 ], [ -89.863858584999946, 15.190271559000053 ], [ -89.863658560999966, 15.190869219000035 ], [ -89.864168268999947, 15.190982422000047 ], [ -89.865698180999971, 15.191898777000063 ], [ -89.86656391799994, 15.192537249000054 ], [ -89.867263522999963, 15.193486046000032 ], [ -89.867782169999941, 15.194253994000064 ], [ -89.868002998999941, 15.194883479000055 ], [ -89.868164590999982, 15.195667898000067 ], [ -89.868140253999968, 15.196528732000047 ], [ -89.867856255999982, 15.197028162000038 ], [ -89.86709131799995, 15.19735385000007 ], [ -89.866397520999953, 15.197545083000023 ], [ -89.865744983999946, 15.198050660000035 ], [ -89.865457756999945, 15.198807377000037 ], [ -89.865379036999968, 15.199454133000074 ], [ -89.865392770999961, 15.200058160000026 ], [ -89.865517822999948, 15.200954937000063 ], [ -89.865659843999936, 15.20227632600006 ], [ -89.865735108999957, 15.203395883000042 ], [ -89.865815578999957, 15.204202872000053 ], [ -89.866058996999982, 15.204876694000063 ], [ -89.866117226999961, 15.205615654000042 ], [ -89.866150562999962, 15.206466005000038 ], [ -89.866069503999938, 15.207270741000059 ], [ -89.865782343999967, 15.207982311000023 ], [ -89.865428938999969, 15.208536070000036 ], [ -89.865099175999944, 15.209023566000042 ], [ -89.86463112399997, 15.209509134000029 ], [ -89.864117501999942, 15.209971490000044 ], [ -89.863697915999978, 15.210323419000076 ], [ -89.863365490999968, 15.210990332000051 ], [ -89.863420066999936, 15.211975289000065 ], [ -89.863663864999978, 15.214193129000023 ], [ -89.863765995999984, 15.215067011000031 ], [ -89.864012722999973, 15.215517408000039 ], [ -89.864973652999936, 15.215933756000027 ], [ -89.865524522999976, 15.216097200000036 ], [ -89.866097124999953, 15.216284648000055 ], [ -89.866828875999943, 15.216675219000024 ], [ -89.86704707399997, 15.217483002000051 ], [ -89.866900496999961, 15.218040774000031 ], [ -89.865936057999988, 15.219391873000063 ], [ -89.865506527999969, 15.220414090000077 ], [ -89.865315374999966, 15.220880946000023 ], [ -89.865073421999966, 15.221638286000029 ], [ -89.864876967999976, 15.222462853000025 ], [ -89.864705074999961, 15.223198601000036 ], [ -89.86446336299997, 15.223978515000056 ], [ -89.864151598999968, 15.224778897000022 ], [ -89.863817487999938, 15.225557521000042 ], [ -89.863250618999984, 15.226511219000031 ], [ -89.862401165999984, 15.227863899000056 ], [ -89.861834951999981, 15.228772453000033 ], [ -89.861523732999956, 15.229573966000032 ], [ -89.861389102999965, 15.230891485000029 ], [ -89.861458703999972, 15.233956770000077 ], [ -89.861636285999964, 15.234406204000038 ], [ -89.861996072999943, 15.234993625000072 ], [ -89.862380781999946, 15.235468529000059 ], [ -89.862720659999979, 15.235831067000049 ], [ -89.863334755999972, 15.23639834100004 ], [ -89.863760725999953, 15.23718758800004 ], [ -89.863493762999951, 15.238100329000076 ], [ -89.863073849999978, 15.238430797000035 ], [ -89.862588040999981, 15.238579757000025 ], [ -89.861500408999973, 15.238900881000063 ], [ -89.861463559999947, 15.239816837000035 ], [ -89.861640703999967, 15.240335113000071 ], [ -89.861931695999942, 15.240897871000072 ], [ -89.862283199999979, 15.242043864000038 ], [ -89.862480047999952, 15.242762189000075 ], [ -89.862556590999986, 15.243792597000038 ], [ -89.862546958999985, 15.244441442000038 ], [ -89.862417282999957, 15.245423819000052 ], [ -89.862241375999986, 15.246426993000057 ], [ -89.86223174099996, 15.247075838000058 ], [ -89.862265706999949, 15.247881048000067 ], [ -89.862484548999987, 15.248644826000032 ], [ -89.862725650999948, 15.249475507000056 ], [ -89.86276092099996, 15.250192700000071 ], [ -89.862655152999935, 15.251130264000039 ], [ -89.862362579999967, 15.252199523000058 ], [ -89.862147705999973, 15.252733756000055 ], [ -89.861841521999963, 15.253153846000032 ], [ -89.861284505999947, 15.25343723800006 ], [ -89.860746832999951, 15.25394437500006 ], [ -89.860459469999967, 15.254701063000027 ], [ -89.859995254999944, 15.256483480000043 ], [ -89.859784087999969, 15.258292014000062 ], [ -89.859763796999971, 15.259656274000065 ], [ -89.859887818999937, 15.260619629000075 ], [ -89.860173820999989, 15.261518661000025 ], [ -89.860415907999936, 15.262282771000059 ], [ -89.860474091999947, 15.263021727000023 ], [ -89.860348800999986, 15.263667819000034 ], [ -89.859756779999941, 15.264778017000026 ], [ -89.859516723999945, 15.265401053000062 ], [ -89.859393651999937, 15.265936569000075 ], [ -89.859385674999942, 15.266472567000051 ], [ -89.859488762999945, 15.267279874000053 ], [ -89.859707191999973, 15.268110242000034 ], [ -89.859926701999939, 15.268828889000076 ], [ -89.860328796999966, 15.269661832000054 ], [ -89.860505383999964, 15.270178976000068 ], [ -89.860583825999981, 15.271119118000058 ], [ -89.860521585999948, 15.272215297000059 ], [ -89.860719193999955, 15.272843343000034 ], [ -89.861127857999975, 15.273274579000031 ], [ -89.861834185999953, 15.273821723000026 ], [ -89.86274445, 15.274572626000065 ], [ -89.863519638999946, 15.275142176000031 ], [ -89.864366401999973, 15.275511827000059 ], [ -89.865194157999952, 15.275635159000046 ], [ -89.866161662999957, 15.275626136000028 ], [ -89.867014983999979, 15.275594064000074 ], [ -89.868006234999939, 15.275356246000058 ], [ -89.868846280999946, 15.274847687000033 ], [ -89.869678361999945, 15.274679868000021 ], [ -89.870553026999971, 15.274737247000076 ], [ -89.871358525999938, 15.274793655000053 ], [ -89.872184294999954, 15.275051247000022 ], [ -89.87305267399995, 15.275532906000024 ], [ -89.873808295999936, 15.275856102000034 ], [ -89.874563903999956, 15.276180426000053 ], [ -89.875162510999985, 15.276232804000074 ], [ -89.875829684999985, 15.276287264000075 ], [ -89.879981877999967, 15.275964828000042 ], [ -89.88240332099997, 15.275841685000046 ], [ -89.883695730999989, 15.275681354000028 ], [ -89.88464421599997, 15.275425934000054 ], [ -89.88529202899997, 15.275256618000071 ], [ -89.886010673999976, 15.274975420000032 ], [ -89.886517847999983, 15.274959901000045 ], [ -89.887024358999952, 15.274989521000066 ], [ -89.887828558999956, 15.275135018000071 ], [ -89.888630779999971, 15.275414798000043 ], [ -89.889366080999935, 15.275580776000027 ], [ -89.89014670499995, 15.275748511000074 ], [ -89.890883392999967, 15.275781321000068 ], [ -89.891827185999944, 15.275883596000028 ], [ -89.892539309999961, 15.276005225000063 ], [ -89.893111701999942, 15.276259224000057 ], [ -89.893936205999978, 15.276605889000052 ], [ -89.895267217999958, 15.276983281000071 ], [ -89.895980761999965, 15.277404022000042 ], [ -89.89586907599994, 15.277961173000051 ], [ -89.89581179399994, 15.27873240100007 ], [ -89.896052901999951, 15.285021411000059 ], [ -89.89610799799999, 15.285978174000036 ], [ -89.895959031999951, 15.286736844000075 ], [ -89.895125607999944, 15.286992775000044 ], [ -89.894481700999961, 15.28689466700007 ], [ -89.893975158999979, 15.286865060000025 ], [ -89.893074856999988, 15.286964297000054 ], [ -89.892678448999959, 15.287272562000055 ], [ -89.892302995999955, 15.287736878000032 ], [ -89.891923909999946, 15.288447197000039 ], [ -89.891635916999974, 15.289249074000054 ], [ -89.891484384999956, 15.290140884000039 ], [ -89.891428307999945, 15.290789098000062 ], [ -89.891419399999961, 15.291392820000056 ], [ -89.891501600999959, 15.292086976000064 ], [ -89.891768720999949, 15.292739681000057 ], [ -89.892108231999941, 15.293136055000048 ], [ -89.892607694999981, 15.293646390000049 ], [ -89.893063221999967, 15.294021801000042 ], [ -89.89329448899997, 15.294740600000068 ], [ -89.892997922999939, 15.29529517900005 ], [ -89.892312770999979, 15.295666020000056 ], [ -89.891175455999985, 15.296221321000075 ], [ -89.890083739999966, 15.296798693000028 ], [ -89.88933921499995, 15.297291725000036 ], [ -89.888778640999988, 15.297808759000077 ], [ -89.888357134999978, 15.298239690000059 ], [ -89.888061633999939, 15.298760414000071 ], [ -89.887618170999986, 15.299929193000025 ], [ -89.887293458999977, 15.301284728000041 ], [ -89.887407500999984, 15.302223122000044 ], [ -89.888177892999977, 15.302263197000059 ], [ -89.88889822799996, 15.302582484000027 ], [ -89.889828810999973, 15.303311023000049 ], [ -89.890394447999938, 15.303751180000063 ], [ -89.890963583999962, 15.303993866000042 ], [ -89.891701832999956, 15.303966890000027 ], [ -89.892534671999954, 15.303558605000035 ], [ -89.893290959999945, 15.303136836000022 ], [ -89.894071570999984, 15.302839558000073 ], [ -89.894748420999974, 15.302639028000044 ], [ -89.895260022999935, 15.302485864000062 ], [ -89.895849024999961, 15.302209617000074 ], [ -89.896249715999943, 15.301770480000073 ], [ -89.896538779999958, 15.301133400000026 ], [ -89.897067874999948, 15.300621553000042 ], [ -89.897643565999942, 15.300419610000063 ], [ -89.898251571999936, 15.300589451000064 ], [ -89.898982365999984, 15.301067999000054 ], [ -89.899449015999949, 15.301321658000063 ], [ -89.899980158999938, 15.301538963000041 ], [ -89.900967725999976, 15.301835960000062 ], [ -89.901703780999981, 15.301957908000077 ], [ -89.902364596999973, 15.302016732000027 ], [ -89.902923466999937, 15.302049310000029 ], [ -89.905280851999976, 15.301797539000063 ], [ -89.908435459999964, 15.301779125000053 ], [ -89.911977438999941, 15.301395807000063 ], [ -89.912727751999967, 15.301418589000036 ], [ -89.913947997999969, 15.301472691000072 ], [ -89.914633454999944, 15.301556651000055 ], [ -89.91516644, 15.301649790000056 ], [ -89.915825100999939, 15.301856404000034 ], [ -89.916319341999952, 15.301974968000025 ], [ -89.916887060999954, 15.302078742000049 ], [ -89.917436240999962, 15.302138237000065 ], [ -89.918098706999956, 15.30208529600003 ], [ -89.918786699999941, 15.30199658600003 ], [ -89.919870687999946, 15.301826422000033 ], [ -89.920658977999949, 15.301837286000023 ], [ -89.921713772999965, 15.301913898000066 ], [ -89.92269130699998, 15.302025559000072 ], [ -89.923604930999943, 15.302173583000069 ], [ -89.924365688999956, 15.302357878000066 ], [ -89.924859953999942, 15.302475294000033 ], [ -89.925529443999949, 15.30281747600003 ], [ -89.926260489999947, 15.303284664000046 ], [ -89.926994929999978, 15.30347987500005 ], [ -89.92766910499995, 15.303501562000065 ], [ -89.92827609699998, 15.302867665000065 ], [ -89.92849900799996, 15.302414730000066 ], [ -89.928785299999959, 15.301961534000043 ], [ -89.929134451999971, 15.301583696000023 ], [ -89.929868019999958, 15.301001199000041 ], [ -89.930659916999957, 15.300764887000071 ], [ -89.931611915999952, 15.300913406000063 ], [ -89.932118431999982, 15.301068224000062 ], [ -89.933311841999966, 15.301768608000032 ], [ -89.933719087999975, 15.302271963000067 ], [ -89.93398726099997, 15.302742933000047 ], [ -89.934231147999981, 15.303324185000065 ], [ -89.934606358999986, 15.304350825000029 ], [ -89.935257570999966, 15.304272848000039 ], [ -89.938901652999959, 15.304310386000054 ], [ -89.939260554999976, 15.305020756000033 ], [ -89.941283182999939, 15.309642379000024 ], [ -89.943074260999936, 15.313556498000025 ], [ -89.95065425599995, 15.31635103800005 ], [ -89.959005496999964, 15.319593812000051 ], [ -89.954145076999964, 15.320844787000055 ], [ -89.947839410999961, 15.322385161000057 ], [ -89.941548381999951, 15.323914254000044 ], [ -89.934794111999963, 15.325582396000073 ], [ -89.926557898999988, 15.327578681000034 ], [ -89.917376334999972, 15.329672183000071 ], [ -89.913993957999935, 15.327430097000047 ], [ -89.907895978999989, 15.323529553000071 ], [ -89.904777879999983, 15.321520147000058 ], [ -89.902074907999975, 15.319874264000077 ], [ -89.901144440999985, 15.32248329600003 ], [ -89.900981771999966, 15.323143578000042 ], [ -89.895374553999943, 15.323170616000027 ], [ -89.888758595999946, 15.323306480000042 ], [ -89.881887244999973, 15.323452118000034 ], [ -89.875915818999943, 15.323497277000058 ], [ -89.876212391999957, 15.324161698000069 ], [ -89.876751451999951, 15.324904007000043 ], [ -89.87763304899994, 15.325761715000056 ], [ -89.878628513999956, 15.326666163000027 ], [ -89.879512102999968, 15.327390710000032 ], [ -89.880715314999975, 15.328207762000034 ], [ -89.882073693999985, 15.329384766000032 ], [ -89.882951380999941, 15.330508775000055 ], [ -89.883443880999948, 15.331295569000076 ], [ -89.88355076199997, 15.331852369000046 ], [ -89.883777079999959, 15.333569985000054 ], [ -89.883840229999976, 15.335506543000065 ], [ -89.884004889999972, 15.336754899000027 ], [ -89.884197091999965, 15.33771469900006 ], [ -89.88458284099994, 15.339544025000066 ], [ -89.884660553999936, 15.340224572000068 ], [ -89.882669830999987, 15.34027124000005 ], [ -89.869750911999972, 15.340003328000023 ], [ -89.85767458, 15.339672058000076 ], [ -89.849853832999941, 15.33938901700003 ], [ -89.839779668999938, 15.33810879300006 ], [ -89.827086043999941, 15.336481637000077 ], [ -89.820153689999984, 15.338151430000039 ], [ -89.809413965999966, 15.340445953000028 ], [ -89.801121363999982, 15.339363301000049 ], [ -89.799943508999945, 15.34010932800004 ] ] ] ] } },
{ "type": "Feature", "properties": { "Codigo": 1332, "datos_finales_color_riesgo": "CCDAEE" }, "geometry": { "type": "MultiPolygon", "coordinates": [ [ [ [ -91.691611112999965, 15.589861112000051 ], [ -91.691736883999965, 15.589654679000034 ], [ -91.696583354999973, 15.581777798000076 ], [ -91.709333349999952, 15.568083364000074 ], [ -91.712296199999969, 15.567185522000045 ], [ -91.715750014999969, 15.566138846000058 ], [ -91.734055581999939, 15.556638861000067 ], [ -91.734936670999957, 15.55613670300005 ], [ -91.73508302, 15.556220031000066 ], [ -91.735375699999963, 15.556292889000076 ], [ -91.73566883699999, 15.556389480000064 ], [ -91.735851667999952, 15.556509160000076 ], [ -91.736021911999956, 15.556688654000027 ], [ -91.73624059499997, 15.556950914000026 ], [ -91.736434156999962, 15.557224311000027 ], [ -91.736592237999957, 15.557391304000078 ], [ -91.736872324999979, 15.557617761000074 ], [ -91.737067705999948, 15.557690058000048 ], [ -91.737520424999957, 15.557705084000077 ], [ -91.738143603999958, 15.557767409000064 ], [ -91.739670932999957, 15.558073300000046 ], [ -91.740342786999975, 15.558183353000061 ], [ -91.740745620999974, 15.55835174200007 ], [ -91.741013994999946, 15.558495640000046 ], [ -91.74154985399997, 15.558830875000069 ], [ -91.742049813999984, 15.559129759000029 ], [ -91.74230556599997, 15.559333459000072 ], [ -91.742487921999953, 15.559535620000077 ], [ -91.742572644999939, 15.559690898000042 ], [ -91.74274116, 15.560059067000054 ], [ -91.742911478999986, 15.560226126000032 ], [ -91.743167547999974, 15.560381243000052 ], [ -91.743448886999943, 15.560406589000024 ], [ -91.74359594699996, 15.560372394000069 ], [ -91.743939028999989, 15.560208255000077 ], [ -91.744221229999937, 15.560091231000058 ], [ -91.74458894299994, 15.559998418000077 ], [ -91.745286784999962, 15.559860029000049 ], [ -91.745654065999986, 15.559838398000068 ], [ -91.746033154999964, 15.559888001000047 ], [ -91.746289647999959, 15.559971959000052 ], [ -91.746765484999969, 15.560117021000053 ], [ -91.747217424999974, 15.560261956000033 ], [ -91.748169685999983, 15.560552097000027 ], [ -91.748817075999966, 15.560758015000033 ], [ -91.749133750999988, 15.560913479000021 ], [ -91.749279823999984, 15.561044242000037 ], [ -91.74942538199997, 15.561258611000028 ], [ -91.749607240999978, 15.561544371000025 ], [ -91.74974042599996, 15.561782392000055 ], [ -91.74987448, 15.56187807200007 ], [ -91.750033206999944, 15.561938848000068 ], [ -91.750338217999968, 15.561999335000053 ], [ -91.75060717599996, 15.562048316000073 ], [ -91.750704642999949, 15.562120046000075 ], [ -91.75080197599999, 15.562215508000065 ], [ -91.750874185999976, 15.562417038000035 ], [ -91.750946265999971, 15.562643410000078 ], [ -91.751054903999943, 15.562892610000063 ], [ -91.75116389599998, 15.563083038000059 ], [ -91.751322204999951, 15.563214989000073 ], [ -91.751516882999965, 15.563307624000061 ], [ -91.751969414999962, 15.563357643000074 ], [ -91.752323953999962, 15.563418408000075 ], [ -91.752812827999946, 15.563433598000074 ], [ -91.75376747599995, 15.563426580000055 ], [ -91.755051832999982, 15.563446265000039 ], [ -91.755283489999954, 15.563495029000023 ], [ -91.755417480999938, 15.563601997000035 ], [ -91.755478093999955, 15.563697240000067 ], [ -91.755549599999938, 15.564018526000041 ], [ -91.755572148999988, 15.564338417000045 ], [ -91.755654465999953, 15.564895900000067 ], [ -91.755763102999936, 15.565146209000034 ], [ -91.756383425999957, 15.565789220000056 ], [ -91.756748482999967, 15.566040986000075 ], [ -91.757017237999946, 15.566124982000076 ], [ -91.757567534999964, 15.566199264000034 ], [ -91.757835623999938, 15.566295696000054 ], [ -91.758103868999967, 15.566463297000041 ], [ -91.75828616299998, 15.566677866000077 ], [ -91.758394820999968, 15.566927055000065 ], [ -91.758552567999971, 15.567153908000023 ], [ -91.758783454999957, 15.567427517000056 ], [ -91.759343005999938, 15.567905211000038 ], [ -91.76020701799996, 15.56863319200005 ], [ -91.760693995999986, 15.569063018000065 ], [ -91.760950014999935, 15.569230556000036 ], [ -91.761255548999941, 15.56930346300004 ], [ -91.76157296699995, 15.569340272000034 ], [ -91.76180484799994, 15.569448908000027 ], [ -91.762048559999982, 15.569627667000077 ], [ -91.76271776599998, 15.570189586000026 ], [ -91.763936311999942, 15.571183941000072 ], [ -91.764276184999972, 15.571460397000067 ], [ -91.764580524999985, 15.571735543000045 ], [ -91.764702624999984, 15.571783683000035 ], [ -91.76493501899995, 15.571808710000028 ], [ -91.765362876999973, 15.57179867900004 ], [ -91.765986830999964, 15.571838331000038 ], [ -91.766231182999945, 15.571910888000048 ], [ -91.766498933999969, 15.572066045000042 ], [ -91.766766987999972, 15.572269797000047 ], [ -91.767181189999974, 15.572591872000032 ], [ -91.768607530999986, 15.573441605000028 ], [ -91.768984732999968, 15.573716023000031 ], [ -91.769166761999941, 15.573978029000045 ], [ -91.770062357999961, 15.575678976000063 ], [ -91.770486190999975, 15.576345706000041 ], [ -91.770668778999948, 15.57651282300003 ], [ -91.770839849999959, 15.576561234000053 ], [ -91.77140247899996, 15.576528221000046 ], [ -91.771757201999947, 15.576566354000022 ], [ -91.771928121999963, 15.576638486000036 ], [ -91.772000847999948, 15.576757525000062 ], [ -91.772024559999977, 15.576887592000048 ], [ -91.772096298999941, 15.577172722000057 ], [ -91.772215736999954, 15.577671662000057 ], [ -91.772420415999989, 15.578242255000077 ], [ -91.772541609999962, 15.578444062000074 ], [ -91.772723778999989, 15.578587434000042 ], [ -91.772955973999956, 15.578647485000033 ], [ -91.773115077999989, 15.578648372000032 ], [ -91.773274397999955, 15.578614236000021 ], [ -91.77343413899996, 15.578507786000046 ], [ -91.773692498999935, 15.57828438100006 ], [ -91.773912848999942, 15.578179397000042 ], [ -91.774096508999946, 15.578167999000073 ], [ -91.774279823999962, 15.578216466000072 ], [ -91.774487388999944, 15.578301239000041 ], [ -91.774744067999961, 15.578361416000064 ], [ -91.774988280999935, 15.578457695000054 ], [ -91.77524402399996, 15.578577751000068 ], [ -91.77542712199994, 15.578661250000039 ], [ -91.77583032299998, 15.578779868000026 ], [ -91.776196877999951, 15.578888109000047 ], [ -91.77630658299995, 15.578963303000023 ], [ -91.77640314599995, 15.579093774000057 ], [ -91.77642661699997, 15.579263372000071 ], [ -91.77642472499997, 15.579583126000045 ], [ -91.776348438999946, 15.580163455000047 ], [ -91.776346258999979, 15.580531782000037 ], [ -91.776417562999939, 15.580793186000051 ], [ -91.776539109999987, 15.580936218000033 ], [ -91.776685290999978, 15.581055664000075 ], [ -91.77690503499997, 15.581151795000039 ], [ -91.777381385999945, 15.581319402000076 ], [ -91.777746935999971, 15.581499962000066 ], [ -91.777941916999964, 15.581643401000065 ], [ -91.778087808999942, 15.581810308000058 ], [ -91.778172229999939, 15.582024320000073 ], [ -91.778207403999943, 15.582285523000053 ], [ -91.778302588999964, 15.582748172000038 ], [ -91.77840979299998, 15.583247042000039 ], [ -91.778450691999979, 15.583400852000068 ], [ -91.778529526999989, 15.583697387000029 ], [ -91.778843902999938, 15.584352203000037 ], [ -91.779182319999961, 15.584982290000028 ], [ -91.779547047999984, 15.585398979000047 ], [ -91.779973474999963, 15.585733531000074 ], [ -91.780375404999972, 15.585973025000044 ], [ -91.78083918499999, 15.586200451000025 ], [ -91.781180778999953, 15.586392155000055 ], [ -91.781533940999964, 15.586596363000069 ], [ -91.782492207999951, 15.587085254000044 ], [ -91.78211608, 15.58751251800004 ], [ -91.781869388999951, 15.587830907000068 ], [ -91.781757977999973, 15.588043834000075 ], [ -91.78171950899997, 15.588340782000046 ], [ -91.781754553999974, 15.588624578000065 ], [ -91.781826868999985, 15.588814799000033 ], [ -91.781911846999947, 15.588933903000054 ], [ -91.782485164999969, 15.589269263000062 ], [ -91.782667555999979, 15.589377605000038 ], [ -91.783021240999972, 15.589593115000071 ], [ -91.783350393999967, 15.589819772000055 ], [ -91.783642756999939, 15.590058674000034 ], [ -91.783812509999962, 15.590331904000038 ], [ -91.783859778999954, 15.590521996000064 ], [ -91.783881945999951, 15.590914181000073 ], [ -91.783821142999955, 15.593024448000051 ], [ -91.783744007999985, 15.593652230000032 ], [ -91.783605947999945, 15.594232220000038 ], [ -91.783433108999986, 15.594480970000063 ], [ -91.783248394999987, 15.594668631000047 ], [ -91.78284307499996, 15.594903663000025 ], [ -91.782549330999984, 15.594996947000027 ], [ -91.78202231099999, 15.59511266100003 ], [ -91.781629847999966, 15.595241560000034 ], [ -91.781323071999964, 15.595369794000078 ], [ -91.781114595999952, 15.595534727000029 ], [ -91.780978823999988, 15.595723785000075 ], [ -91.78090440699998, 15.595889470000031 ], [ -91.780829641999958, 15.596113900000034 ], [ -91.78081326399996, 15.596814334000044 ], [ -91.780784591999975, 15.597524863000046 ], [ -91.780781575999981, 15.598035542000048 ], [ -91.780754922999961, 15.598402614000065 ], [ -91.78066770099997, 15.598663128000055 ], [ -91.780581318999964, 15.598781282000061 ], [ -91.780279132999965, 15.598921971000038 ], [ -91.780090625999946, 15.598961604000067 ], [ -91.77982155899997, 15.599019988000066 ], [ -91.779490168999985, 15.599171805000026 ], [ -91.779318094999951, 15.599289492000025 ], [ -91.778911488999938, 15.599738052000077 ], [ -91.778800274999981, 15.59991595300005 ], [ -91.77871406, 15.600104165000062 ], [ -91.778688096999986, 15.600353727000027 ], [ -91.778661514999953, 15.600709488000064 ], [ -91.7785967, 15.601319258000046 ], [ -91.778508490999968, 15.601745854000058 ], [ -91.778446301999963, 15.601911597000026 ], [ -91.778359569999964, 15.602088513000069 ], [ -91.778186940999944, 15.602301097000066 ], [ -91.777571183999953, 15.602927018000059 ], [ -91.777103958999987, 15.603374099000064 ], [ -91.77691893399998, 15.60361034400006 ], [ -91.776795265999965, 15.603823199000033 ], [ -91.776744615999974, 15.604107647000035 ], [ -91.776616867999962, 15.605008571000042 ], [ -91.776500514999952, 15.606050795000044 ], [ -91.77637206199995, 15.607070349000026 ], [ -91.776076862999957, 15.609469683000043 ], [ -91.776112384999976, 15.609672133000061 ], [ -91.77613624199995, 15.609778467000069 ], [ -91.77628163199995, 15.609932944000036 ], [ -91.776440273999981, 15.610017436000078 ], [ -91.776586885999961, 15.610065698000028 ], [ -91.776819398999976, 15.610078294000061 ], [ -91.777223209999988, 15.610104275000026 ], [ -91.777577482999959, 15.61012996900007 ], [ -91.77769946799998, 15.610201826000036 ], [ -91.777784591999989, 15.610297219000074 ], [ -91.777820469999938, 15.610439783000061 ], [ -91.777806756999951, 15.610689403000038 ], [ -91.777780722999978, 15.61095025700007 ], [ -91.777705037999965, 15.61132834600005 ], [ -91.777654807999966, 15.611541610000074 ], [ -91.777555049999989, 15.611849516000063 ], [ -91.777468576999979, 15.611980090000031 ], [ -91.777321363999988, 15.612132946000031 ], [ -91.777148797999985, 15.612333097000032 ], [ -91.777025050999953, 15.612558372000024 ], [ -91.776949982999952, 15.612830263000035 ], [ -91.776862101999939, 15.613198111000031 ], [ -91.776749619999975, 15.613588417000074 ], [ -91.776649932999987, 15.613883884000074 ], [ -91.776563045999978, 15.61408565000005 ], [ -91.776402779999955, 15.61427457800005 ], [ -91.776144750999947, 15.614534138000067 ], [ -91.775676630999953, 15.615028662000043 ], [ -91.774678755999958, 15.61618573800007 ], [ -91.774344993999989, 15.616729603000067 ], [ -91.774269988999947, 15.616990190000024 ], [ -91.774218002999987, 15.617499464000048 ], [ -91.774216733999936, 15.617712999000048 ], [ -91.774274705999972, 15.618158494000056 ], [ -91.774307987999975, 15.61858118300006 ], [ -91.774131125999986, 15.618416960000047 ], [ -91.773969909999948, 15.618380452000054 ], [ -91.773777227999972, 15.618462699000077 ], [ -91.773520575999953, 15.61861396200004 ], [ -91.773220956999978, 15.618811605000076 ], [ -91.773109917999989, 15.61885348800007 ], [ -91.77296123299999, 15.618760740000027 ], [ -91.772824503999971, 15.618518149000067 ], [ -91.772764314999961, 15.618156541000076 ], [ -91.772672737999983, 15.617926169000043 ], [ -91.772677635999969, 15.617676515000028 ], [ -91.772773110999935, 15.617494983000029 ], [ -91.772810629999981, 15.617313787000057 ], [ -91.772795825999935, 15.617001841000047 ], [ -91.772672282999963, 15.616809097000043 ], [ -91.772686884999985, 15.616655839000032 ], [ -91.772547393999957, 15.616397939000024 ], [ -91.772410780999962, 15.616174068000078 ], [ -91.772266096999942, 15.615984162000075 ], [ -91.772111761999952, 15.615720234000037 ], [ -91.772083540999972, 15.615320996000037 ], [ -91.772117112999979, 15.615004061000036 ], [ -91.772125806999952, 15.614865185000042 ], [ -91.772105218999968, 15.614659364000033 ], [ -91.77186588699999, 15.614486012000043 ], [ -91.771497885999963, 15.614332126000022 ], [ -91.771265763999963, 15.614283545000035 ], [ -91.770673271999954, 15.614274493000039 ], [ -91.770299793999982, 15.614276654000037 ], [ -91.769944786999986, 15.614141413000027 ], [ -91.769719219999956, 15.614111513000068 ], [ -91.769236555999953, 15.613956307000024 ], [ -91.768995408999956, 15.613691333000077 ], [ -91.768755773999942, 15.613468055000055 ], [ -91.768457610999974, 15.613151504000029 ], [ -91.768191951999938, 15.612884690000044 ], [ -91.76788800199995, 15.612674263000031 ], [ -91.767623609999987, 15.612613383000053 ], [ -91.767128017999937, 15.612653687000034 ], [ -91.766632348999963, 15.612681508000037 ], [ -91.76636216899999, 15.612726751000025 ], [ -91.76610567099999, 15.612902968000071 ], [ -91.76589447799995, 15.613116367000032 ], [ -91.765901797999959, 15.613259860000028 ], [ -91.765818359999969, 15.613478315000066 ], [ -91.765697387999978, 15.613529386000039 ], [ -91.765472165999938, 15.613555646000066 ], [ -91.76531724099999, 15.613494133000074 ], [ -91.765064121999956, 15.613203750000025 ], [ -91.76502540599995, 15.613158818000045 ], [ -91.765024487999938, 15.613009048000038 ], [ -91.765135326999939, 15.612753056000031 ], [ -91.765234457999952, 15.612595956000064 ], [ -91.765310235999948, 15.612352133000059 ], [ -91.765230974999952, 15.612028076000058 ], [ -91.765190808999989, 15.611778681000033 ], [ -91.765054436999947, 15.611592248000022 ], [ -91.764898556999981, 15.61137472200005 ], [ -91.764658086999987, 15.611014148000038 ], [ -91.764413243999968, 15.610990596000022 ], [ -91.764162458999976, 15.611048205000031 ], [ -91.76397001, 15.611167885000043 ], [ -91.763836123999965, 15.611387079000053 ], [ -91.763702659999979, 15.611674916000027 ], [ -91.763408365999965, 15.611988642000028 ], [ -91.763183488999971, 15.612071064000077 ], [ -91.763034583999968, 15.611940866000054 ], [ -91.762859273999936, 15.611704730000042 ], [ -91.762664147999942, 15.611387578000063 ], [ -91.76249543099999, 15.611176365000063 ], [ -91.762282401999983, 15.611090220000051 ], [ -91.76192813099999, 15.61107353400007 ], [ -91.761535338999977, 15.611075790000029 ], [ -91.761355803999948, 15.611201634000054 ], [ -91.761041807999959, 15.611453064000045 ], [ -91.760789580999983, 15.611456717000067 ], [ -91.76069774299998, 15.611335492000023 ], [ -91.76069180199994, 15.611080633000029 ], [ -91.760400321999953, 15.610801476000063 ], [ -91.760135208999941, 15.610622018000072 ], [ -91.759935479999967, 15.610604441000078 ], [ -91.759839767999949, 15.610748526000066 ], [ -91.759822088999954, 15.61101697600003 ], [ -91.759825898999964, 15.611302052000042 ], [ -91.75970377499999, 15.611589405000075 ], [ -91.759491896999975, 15.611780231000068 ], [ -91.759254598999973, 15.611937608000062 ], [ -91.758939303999966, 15.611976859000038 ], [ -91.75857207599995, 15.611947760000078 ], [ -91.758191589999967, 15.611856330000023 ], [ -91.757830307999939, 15.61174606700007 ], [ -91.757340087999978, 15.611611579000055 ], [ -91.756972709999957, 15.611557516000062 ], [ -91.75658597499995, 15.611497322000048 ], [ -91.75633457899994, 15.611455075000038 ], [ -91.755922694999981, 15.611494875000062 ], [ -91.755723496999963, 15.611564661000045 ], [ -91.755507177999959, 15.611742253000045 ], [ -91.755229421999957, 15.611854556000026 ], [ -91.754972306999946, 15.611930913000037 ], [ -91.754605535999985, 15.611976693000031 ], [ -91.754328343999987, 15.611928351000074 ], [ -91.754037704999973, 15.611786475000031 ], [ -91.753509344999941, 15.611733324000056 ], [ -91.753013446999944, 15.611723673000029 ], [ -91.752672355999948, 15.611756822000075 ], [ -91.752022709999949, 15.611879099000078 ], [ -91.751533629999983, 15.611931812000023 ], [ -91.751296019999984, 15.612039257000049 ], [ -91.751032313999985, 15.612090684000066 ], [ -91.750729742999965, 15.612104889000022 ], [ -91.750503725999977, 15.612000084000044 ], [ -91.750315738999973, 15.611795212000061 ], [ -91.750050026999986, 15.611515894000036 ], [ -91.749785374999988, 15.611411308000072 ], [ -91.749514699999963, 15.611375404000057 ], [ -91.749264361999963, 15.611507881000023 ], [ -91.749046711999938, 15.611721303000024 ], [ -91.748958224999967, 15.611996396000052 ], [ -91.748992310999938, 15.612308237000036 ], [ -91.749077627999952, 15.61241760200005 ], [ -91.749154388999955, 15.612488295000048 ], [ -91.749161545999982, 15.612606827000036 ], [ -91.749106093999956, 15.612755364000066 ], [ -91.749046885999974, 15.612813422000045 ], [ -91.74882817699995, 15.612852110000063 ], [ -91.748454734999939, 15.612860473000069 ], [ -91.747900803999983, 15.612838659000033 ], [ -91.74761080899998, 15.612802862000024 ], [ -91.747043546999976, 15.61270623200005 ], [ -91.746708589999969, 15.612689412000066 ], [ -91.746179393999967, 15.612734548000049 ], [ -91.745813866999981, 15.61275065500007 ], [ -91.74546897099998, 15.612679251000031 ], [ -91.745013471999982, 15.612436918000071 ], [ -91.744671887999971, 15.612388929000076 ], [ -91.744098715999939, 15.612379695000072 ], [ -91.743506412999977, 15.612401771000066 ], [ -91.743203991999962, 15.612440927000023 ], [ -91.74290812199996, 15.612498767000034 ], [ -91.742566012999987, 15.612363408000022 ], [ -91.742327682999985, 15.612352275000035 ], [ -91.742012344999978, 15.612385261000043 ], [ -91.741761663999966, 15.612461568000072 ], [ -91.741504729999974, 15.612569112000074 ], [ -91.741261200999986, 15.612763950000044 ], [ -91.741050541999982, 15.613070935000053 ], [ -91.740866145999973, 15.613259251000045 ], [ -91.740743143999964, 15.613353503000042 ], [ -91.740511365999964, 15.613361053000062 ], [ -91.740340979999985, 15.613320634000047 ], [ -91.740150049999954, 15.613244520000023 ], [ -91.739808502999949, 15.61320276400005 ], [ -91.739583838999977, 15.613322605000064 ], [ -91.739135484999963, 15.613724540000078 ], [ -91.73873774399999, 15.613976412000056 ], [ -91.738319821999937, 15.614084861000038 ], [ -91.737849710999967, 15.614081270000042 ], [ -91.737360019999983, 15.614034104000041 ], [ -91.737037790999977, 15.613992235000069 ], [ -91.736832216999971, 15.614074522000067 ], [ -91.736743524999952, 15.614318408000031 ], [ -91.73666789899994, 15.614593426000056 ], [ -91.73657280399999, 15.614843590000078 ], [ -91.736419082999987, 15.614981751000073 ], [ -91.736226424999984, 15.615070205000052 ], [ -91.735788844999945, 15.61512259400007 ], [ -91.735427975999983, 15.615080940000041 ], [ -91.735073584999952, 15.615045489000067 ], [ -91.735000384999978, 15.615113074000021 ], [ -91.734766660999981, 15.615409176000071 ], [ -91.73444864399994, 15.615761629000076 ], [ -91.734029375999967, 15.615956263000044 ], [ -91.733586063999951, 15.616127252000069 ], [ -91.733186930999977, 15.616148216000056 ], [ -91.732883977999961, 15.616099992000045 ], [ -91.732522474999939, 15.615952244000027 ], [ -91.73226370399999, 15.615753993000055 ], [ -91.732024661999958, 15.615624279000031 ], [ -91.731793215999971, 15.615687984000033 ], [ -91.731400558999951, 15.615715150000028 ], [ -91.731013895999979, 15.615667392000034 ], [ -91.73076830299999, 15.615518991000044 ], [ -91.730464607999977, 15.61534595300003 ], [ -91.730264725999973, 15.615303388000029 ], [ -91.729987606999941, 15.615267496000058 ], [ -91.729761854999936, 15.61520635200003 ], [ -91.72949757899994, 15.61516414700003 ], [ -91.729245994999985, 15.615090667000061 ], [ -91.72870329899996, 15.614794149000033 ], [ -91.728315819999978, 15.614609095000048 ], [ -91.727941851999958, 15.614530057000024 ], [ -91.727574842999957, 15.614538349000043 ], [ -91.727105434999942, 15.614653306000037 ], [ -91.726699899999971, 15.614680534000058 ], [ -91.726204176999943, 15.614702025000042 ], [ -91.725779657999965, 15.614785524000069 ], [ -91.725368498999956, 15.61495007700006 ], [ -91.725150818999964, 15.615163477000067 ], [ -91.724658095999985, 15.615690447000077 ], [ -91.72432583799997, 15.616129151000052 ], [ -91.724018151999985, 15.616368014000045 ], [ -91.723632671999951, 15.616519940000046 ], [ -91.723227206999979, 15.616559644000063 ], [ -91.72300771, 15.616467255000032 ], [ -91.722743712999943, 15.616332957000054 ], [ -91.722619342999963, 15.616132418000063 ], [ -91.722270058999982, 15.615872251000042 ], [ -91.721876031999955, 15.615668500000027 ], [ -91.721494958999983, 15.615477157000043 ], [ -91.721108000999948, 15.615379457000074 ], [ -91.720811785999956, 15.615381104000051 ], [ -91.720348440999942, 15.615433605000078 ], [ -91.719988237999985, 15.615504255000076 ], [ -91.719511902999955, 15.615538104000052 ], [ -91.719041933999961, 15.615559436000069 ], [ -91.718680881999944, 15.61548655100006 ], [ -91.718403431999945, 15.615394479000031 ], [ -91.717868919999944, 15.615391204000048 ], [ -91.717558942999972, 15.615243144000033 ], [ -91.71722295, 15.61505154300005 ], [ -91.716958490999957, 15.614978120000046 ], [ -91.716546108999978, 15.61493672000006 ], [ -91.716262846999939, 15.614950770000064 ], [ -91.715986686999941, 15.61507711400003 ], [ -91.715735988999938, 15.615153392000025 ], [ -91.715240740999946, 15.615255985000033 ], [ -91.714816691999943, 15.615420590000042 ], [ -91.714419245999977, 15.615728586000046 ], [ -91.714034750999986, 15.616048990000024 ], [ -91.713662031999945, 15.616182106000053 ], [ -91.71314635899995, 15.616097585000034 ], [ -91.71238539899997, 15.615914565000026 ], [ -91.711811294999961, 15.615749233000031 ], [ -91.71126254699999, 15.615515112000026 ], [ -91.71097763399996, 15.615248330000043 ], [ -91.710745179999947, 15.614986799000064 ], [ -91.710614642999985, 15.614844682000069 ], [ -91.710347878999983, 15.614378095000063 ], [ -91.710177963999968, 15.613954659000058 ], [ -91.710091991999946, 15.613507947000073 ], [ -91.709946067999965, 15.612845081000046 ], [ -91.709710224999981, 15.612159896000037 ], [ -91.709430257999941, 15.611637214000041 ], [ -91.709273701999962, 15.611294833000045 ], [ -91.70912501, 15.611071689000028 ], [ -91.708884671999954, 15.610841399000037 ], [ -91.708748275999938, 15.610642445000053 ], [ -91.708734118999985, 15.610424422000051 ], [ -91.708733385999949, 15.610299285000053 ], [ -91.708667822999985, 15.610099941000044 ], [ -91.708499048999954, 15.609869961000072 ], [ -91.708319474999939, 15.609567178000077 ], [ -91.708037509999897, 15.609129848000066 ], [ -91.707843582999942, 15.608841443000074 ], [ -91.707667037999954, 15.608545252000056 ], [ -91.70765837, 15.608164613000042 ], [ -91.70769583699996, 15.607964702000061 ], [ -91.707841882999958, 15.607826886000055 ], [ -91.707900796999979, 15.60777635200003 ], [ -91.707815807999964, 15.607558392000044 ], [ -91.70766028099996, 15.607390747000068 ], [ -91.707511594999971, 15.607291711000073 ], [ -91.707291747999989, 15.607136900000057 ], [ -91.707038756999964, 15.606820011000025 ], [ -91.706670042999974, 15.606534960000033 ], [ -91.706392140999981, 15.606184505000044 ], [ -91.706105784999977, 15.605845333000048 ], [ -91.706103632999941, 15.605477138000026 ], [ -91.706082272999936, 15.60512777200006 ], [ -91.705906409999955, 15.604785495000044 ], [ -91.705704170999979, 15.604337269000041 ], [ -91.705670371999986, 15.604062860000056 ], [ -91.70558575199999, 15.603907304000074 ], [ -91.705404107999982, 15.603677392000066 ], [ -91.705222208999942, 15.603403796000066 ], [ -91.705207618999964, 15.603110560000061 ], [ -91.705257564999954, 15.602841932000047 ], [ -91.705371463999938, 15.602498064000031 ], [ -91.705452224999988, 15.602238438000029 ], [ -91.705433777999986, 15.602141998000036 ], [ -91.70532951399997, 15.601930383000024 ], [ -91.705095558999972, 15.601563460000023 ], [ -91.704836429999943, 15.601371933000053 ], [ -91.704649442999937, 15.601253867000025 ], [ -91.704628741999954, 15.601016830000049 ], [ -91.704671665999967, 15.600648389000071 ], [ -91.704735182999968, 15.600498263000077 ], [ -91.705041924999989, 15.600097171000073 ], [ -91.705163281999944, 15.599928005000038 ], [ -91.705163286999948, 15.599768167000036 ], [ -91.70512311799996, 15.599666112000023 ], [ -91.704993875999946, 15.599611690000074 ], [ -91.704813244999968, 15.599530513000047 ], [ -91.70469632399994, 15.599356412000077 ], [ -91.704608041999961, 15.59917445800005 ], [ -91.704591916999959, 15.599119835000067 ], [ -91.704453970999964, 15.599121005000029 ], [ -91.704276516999983, 15.599140286000022 ], [ -91.704102481999939, 15.599110035000024 ], [ -91.703931068999964, 15.599001041000065 ], [ -91.703868858999954, 15.598799275000033 ], [ -91.703732475999971, 15.598600317000034 ], [ -91.703545273999964, 15.598520212000039 ], [ -91.703255156999944, 15.598459392000052 ], [ -91.702977584999985, 15.59834802000006 ], [ -91.702700024999956, 15.598225281000055 ], [ -91.702602059999947, 15.597988666000049 ], [ -91.702607117999946, 15.597751489000075 ], [ -91.702708649999977, 15.597495061000075 ], [ -91.702725967999982, 15.597151723000025 ], [ -91.70267871499999, 15.596777535000058 ], [ -91.702644375999967, 15.596409516000051 ], [ -91.702726591999976, 15.596153194000067 ], [ -91.70271024499999, 15.595997880000027 ], [ -91.702608874999953, 15.595841798000038 ], [ -91.702434152999956, 15.595692975000077 ], [ -91.702266778999956, 15.595700131000058 ], [ -91.701901505999956, 15.596001686000022 ], [ -91.701317708999966, 15.596373084000049 ], [ -91.700611969999954, 15.59681379400007 ], [ -91.700393227999939, 15.596846193000033 ], [ -91.699818676999939, 15.59659345700004 ], [ -91.699398117999976, 15.596246267000026 ], [ -91.699216415999956, 15.596003868000025 ], [ -91.699169495999968, 15.595685843000069 ], [ -91.699177400999986, 15.595345505000068 ], [ -91.699198102999958, 15.595067848000042 ], [ -91.699139138999954, 15.594893427000045 ], [ -91.698835715999962, 15.594757784000024 ], [ -91.698584381999979, 15.594721710000044 ], [ -91.697798697999986, 15.594701029000078 ], [ -91.697482614999956, 15.594602897000073 ], [ -91.697321679999959, 15.594610014000068 ], [ -91.697122870999976, 15.594748394000078 ], [ -91.696936360999985, 15.594786855000052 ], [ -91.696678625999937, 15.59475705400007 ], [ -91.696433080999952, 15.594608611000069 ], [ -91.696315738999942, 15.594605523000041 ], [ -91.69614988, 15.594628874000023 ], [ -91.695891530999972, 15.594492982000077 ], [ -91.695761741999945, 15.594318945000055 ], [ -91.695780010999954, 15.594137862000025 ], [ -91.695843672999956, 15.59391800800006 ], [ -91.695861873999945, 15.593819136000036 ], [ -91.69579618399996, 15.593594825000025 ], [ -91.695582583999965, 15.593402522000076 ], [ -91.695388912999988, 15.593316203000029 ], [ -91.694898912999975, 15.593206532000067 ], [ -91.694280136999964, 15.593097560000047 ], [ -91.69387431499996, 15.592988916000024 ], [ -91.693725496999946, 15.592944550000027 ], [ -91.693531683999936, 15.592833268000049 ], [ -91.693324632999975, 15.59265965000003 ], [ -91.693207761999986, 15.592491782000025 ], [ -91.693206160999978, 15.592350163000049 ], [ -91.693212613999947, 15.592217160000075 ], [ -91.69324340199995, 15.591973602000053 ], [ -91.693165667999949, 15.591892892000033 ], [ -91.692985381999961, 15.591893871000025 ], [ -91.69266939399995, 15.591953284000056 ], [ -91.692515782999976, 15.591971308000041 ], [ -91.692283914999962, 15.59196008400005 ], [ -91.692173482999976, 15.591792180000027 ], [ -91.692243228999985, 15.591604578000045 ], [ -91.692480202999946, 15.591384864000077 ], [ -91.692820665999989, 15.591245720000074 ], [ -91.69301933, 15.591082381000035 ], [ -91.69304367899997, 15.590838858000041 ], [ -91.693035689999988, 15.590570546000038 ], [ -91.692939237999951, 15.590442176000067 ], [ -91.692763101999958, 15.590197576000037 ], [ -91.692523607999988, 15.589980447000073 ], [ -91.69231033799997, 15.589844305000042 ], [ -91.69203980399999, 15.589827049000064 ], [ -91.691611112999965, 15.589861112000051 ] ] ] ] } },
{ "type": "Feature", "properties": { "Codigo": 101, "datos_finales_color_riesgo": "CCDAEE" }, "geometry": { "type": "MultiPolygon", "coordinates": [ [ [ [ -90.391035159999944, 14.619836581000072 ], [ -90.395760696999957, 14.619488601000057 ], [ -90.396546412999953, 14.618941834000054 ], [ -90.397929867999949, 14.61903858900007 ], [ -90.400733620999972, 14.618072832000053 ], [ -90.407058371999938, 14.61455366000007 ], [ -90.410485329999972, 14.614478847000044 ], [ -90.412848083999961, 14.613089098000046 ], [ -90.422576495999976, 14.610915932000069 ], [ -90.428872518999981, 14.611968990000037 ], [ -90.43069964099999, 14.613103652000063 ], [ -90.431593742999951, 14.613699557000075 ], [ -90.434369626999967, 14.613872411000045 ], [ -90.439694003999989, 14.61132703100003 ], [ -90.446358647999944, 14.609545986000057 ], [ -90.4481738, 14.607557003000068 ], [ -90.448762215999977, 14.605554582000025 ], [ -90.449513972999966, 14.604469731000052 ], [ -90.450554631999978, 14.603470468000069 ], [ -90.455303575999949, 14.600461041000074 ], [ -90.457290485999977, 14.599101677000021 ], [ -90.457872617999953, 14.599149803000046 ], [ -90.459197119999942, 14.598167137000075 ], [ -90.46723431099997, 14.596478267000066 ], [ -90.469412404999957, 14.594970673000034 ], [ -90.471491391999962, 14.593559094000057 ], [ -90.472087515999988, 14.592990776000022 ], [ -90.473695629999952, 14.589756014000045 ], [ -90.475525913999945, 14.587980342000037 ], [ -90.477978631999974, 14.584542371000055 ], [ -90.479384125999957, 14.581879008000044 ], [ -90.482289013999946, 14.578635561000056 ], [ -90.483393433999936, 14.578481465000038 ], [ -90.484960023999975, 14.579593699000043 ], [ -90.485782883999946, 14.579678219000073 ], [ -90.496131185999957, 14.577849342000036 ], [ -90.504191221999974, 14.577505355000028 ], [ -90.508298128999968, 14.576837770000054 ], [ -90.510157509999942, 14.57569107300003 ], [ -90.516304899999966, 14.574108916000057 ], [ -90.517723200999967, 14.572844534000069 ], [ -90.519056845999955, 14.569404281000061 ], [ -90.519790517999979, 14.569117328000061 ], [ -90.521734733999949, 14.565401211000051 ], [ -90.523005272999967, 14.563966954000023 ], [ -90.524223200999984, 14.561635495000075 ], [ -90.524408496999968, 14.560044058000074 ], [ -90.527083474999984, 14.558570431000021 ], [ -90.529461583999989, 14.556682576000071 ], [ -90.529989916999966, 14.556558290000055 ], [ -90.531850288999976, 14.553838307000035 ], [ -90.533811410999988, 14.543347680000068 ], [ -90.534538922999957, 14.541621902000031 ], [ -90.535141101999955, 14.540480894000041 ], [ -90.536342756999943, 14.538388566000037 ], [ -90.537501892999956, 14.537149514000077 ], [ -90.537999054999943, 14.537479975000053 ], [ -90.538628579999965, 14.538786396000035 ], [ -90.538987610999982, 14.539551304000042 ], [ -90.54044113499998, 14.540727480000044 ], [ -90.543266878999987, 14.541420037000023 ], [ -90.546892053999954, 14.543473825000035 ], [ -90.547871802999964, 14.543674941000063 ], [ -90.55657204299996, 14.544372345000056 ], [ -90.556663402999959, 14.547975747000066 ], [ -90.555560943999978, 14.549966470000072 ], [ -90.55563634899994, 14.555384477000075 ], [ -90.554790183999955, 14.557522418000076 ], [ -90.550511491999941, 14.562547022000047 ], [ -90.55009638699994, 14.562811443000044 ], [ -90.549702801999956, 14.564643541000066 ], [ -90.552719042999968, 14.565545816000053 ], [ -90.555069325999966, 14.567856094000035 ], [ -90.555498698999941, 14.572660073000065 ], [ -90.556357851999962, 14.575713630000052 ], [ -90.55652323299995, 14.576488924000046 ], [ -90.558707718999983, 14.57744230000003 ], [ -90.560155258999941, 14.578718846000072 ], [ -90.56034066899997, 14.579677295000067 ], [ -90.561229753999953, 14.580282847000035 ], [ -90.562348954999948, 14.580261781000047 ], [ -90.569533673999956, 14.577133961000072 ], [ -90.575794369999983, 14.576681791000055 ], [ -90.57776002199995, 14.577881177000052 ], [ -90.579025711999975, 14.579310451000026 ], [ -90.577451661999987, 14.58126702900006 ], [ -90.576946239999984, 14.586658741000065 ], [ -90.576351078999949, 14.588644658000021 ], [ -90.575176094999961, 14.589572037000039 ], [ -90.573362914999962, 14.592439692000028 ], [ -90.572136855999986, 14.597015291000048 ], [ -90.572360824999976, 14.612160420000066 ], [ -90.573389807999945, 14.616832888000033 ], [ -90.574220826999976, 14.621475064000037 ], [ -90.573819870999955, 14.624981885000068 ], [ -90.572769413999936, 14.628592603000072 ], [ -90.571288489999972, 14.629685003000077 ], [ -90.569102986999951, 14.629932097000051 ], [ -90.567259128999979, 14.631013903000053 ], [ -90.565881222999963, 14.63301529000006 ], [ -90.565492813999981, 14.636209389000044 ], [ -90.56670664699999, 14.643144655000071 ], [ -90.566061829999967, 14.649336598000048 ], [ -90.563242650999939, 14.651434658000028 ], [ -90.558790580999982, 14.652505956000027 ], [ -90.553055256999983, 14.652145277000045 ], [ -90.547026114999937, 14.653174891000049 ], [ -90.545275277999963, 14.653845271000023 ], [ -90.53835984899996, 14.657215301000065 ], [ -90.537668878999966, 14.657494817000043 ], [ -90.536196366999945, 14.657647474000044 ], [ -90.532904063999979, 14.659443096000075 ], [ -90.53004079499999, 14.663057951000042 ], [ -90.529299929999979, 14.665094042000021 ], [ -90.525662229999966, 14.667985762000058 ], [ -90.520335835999958, 14.671206067000071 ], [ -90.51926610199996, 14.671327893000068 ], [ -90.51617482499995, 14.672858868000048 ], [ -90.514989343999957, 14.673419846000058 ], [ -90.511552131999963, 14.675378421000062 ], [ -90.505365268999981, 14.676855706000026 ], [ -90.497866572999953, 14.676376384000037 ], [ -90.491876016999981, 14.675179119000063 ], [ -90.486493133999943, 14.673495941000056 ], [ -90.484413901999972, 14.673187729000063 ], [ -90.48314404599995, 14.674224153000068 ], [ -90.482485864999944, 14.675481752000053 ], [ -90.481342061999953, 14.680754130000025 ], [ -90.480597155999988, 14.682136122000031 ], [ -90.478618582999957, 14.683261927000046 ], [ -90.476636164999945, 14.684771605000037 ], [ -90.476615982999988, 14.685771876000047 ], [ -90.475725778999958, 14.686821405000046 ], [ -90.472724866999954, 14.687264135000078 ], [ -90.471486224999978, 14.688348240000039 ], [ -90.470821973999989, 14.693146950000028 ], [ -90.469730675999983, 14.693974054000023 ], [ -90.467013883999982, 14.694215408000048 ], [ -90.461795410999969, 14.693600518000039 ], [ -90.46060737, 14.694163408000065 ], [ -90.459107983999957, 14.695767401000069 ], [ -90.458405563999975, 14.69777195000006 ], [ -90.457807450999951, 14.698530996000045 ], [ -90.457296269999972, 14.698645085000067 ], [ -90.454019244999984, 14.702326463000077 ], [ -90.453817094999977, 14.703652185000067 ], [ -90.453415564999943, 14.704413375000058 ], [ -90.452146053999968, 14.705391989000077 ], [ -90.451888125999972, 14.705924396000057 ], [ -90.446614391999958, 14.706155420000073 ], [ -90.444699549999939, 14.706359021000026 ], [ -90.441094180999983, 14.709268689000055 ], [ -90.43792775299994, 14.709502444000066 ], [ -90.437247684999988, 14.708826439000063 ], [ -90.434746937999989, 14.706897210000022 ], [ -90.433935683999948, 14.706726752000066 ], [ -90.430918488999964, 14.707050142000071 ], [ -90.429495174999943, 14.707878988000061 ], [ -90.42366919899996, 14.709249468000053 ], [ -90.417890049999983, 14.708706359000075 ], [ -90.417219554999974, 14.708208823000064 ], [ -90.414156000999981, 14.708428716000071 ], [ -90.411741211999981, 14.708970853000039 ], [ -90.410503868999967, 14.710059097000055 ], [ -90.402328661999945, 14.711174647000064 ], [ -90.396640370999989, 14.713150050000024 ], [ -90.393834241999969, 14.712302111000042 ], [ -90.392993556999954, 14.711584669000047 ], [ -90.386822809999956, 14.709889161000035 ], [ -90.384076533999973, 14.708261548000053 ], [ -90.381956091999939, 14.706007531000068 ], [ -90.380701175999945, 14.703163705000065 ], [ -90.380374812999946, 14.698576808000041 ], [ -90.381894013999954, 14.694720991000054 ], [ -90.383303774999945, 14.691867734000027 ], [ -90.386611178999942, 14.686823840000045 ], [ -90.387039820999973, 14.683356520000075 ], [ -90.386740114999952, 14.677682535000031 ], [ -90.38844063, 14.672987449000061 ], [ -90.389041709999958, 14.672037813000031 ], [ -90.390358283999944, 14.668704662000039 ], [ -90.390802625999982, 14.668157495000059 ], [ -90.390601265999976, 14.664889710000068 ], [ -90.389075841999954, 14.660847126000021 ], [ -90.388615258999948, 14.660564178000072 ], [ -90.388131889999954, 14.659024221000038 ], [ -90.387952412999937, 14.655771363000042 ], [ -90.388353642999959, 14.655483419000063 ], [ -90.389783376999958, 14.650908322000078 ], [ -90.389338712999972, 14.646981764000031 ], [ -90.388267350999968, 14.645295194000028 ], [ -90.387828034999984, 14.641800036000063 ], [ -90.387314522999986, 14.64119129900007 ], [ -90.386400704999971, 14.633943139000053 ], [ -90.386313239999936, 14.628794330000062 ], [ -90.387144287999945, 14.624862897000071 ], [ -90.388078174999976, 14.623606456000061 ], [ -90.389438619999964, 14.621923452000033 ], [ -90.391035159999944, 14.619836581000072 ] ] ] ] } }
]
}
