{
"type": "FeatureCollection",
"name": "color_pelyexp_muy_alto",
"crs": { "type": "name", "properties": { "name": "urn:ogc:def:crs:OGC:1.3:CRS84" } },
"features": [
{ "type": "Feature", "properties": { "Codigo": 701, "datos_finales_color_riesgo": "732600" }, "geometry": { "type": "MultiPolygon", "coordinates": [ [ [ [ -91.135876144999941, 14.805670173000067 ], [ -91.138917452999976, 14.805838227000038 ], [ -91.141082508999943, 14.805415143000062 ], [ -91.14747866099998, 14.799872607000054 ], [ -91.156598668999948, 14.793402737000065 ], [ -91.157236054999942, 14.78976354200006 ], [ -91.156905465999955, 14.783812096000077 ], [ -91.157316427999945, 14.781683705000034 ], [ -91.156573626999943, 14.780003610000051 ], [ -91.153160275999937, 14.776432569000065 ], [ -91.150420544999974, 14.774695804000032 ], [ -91.147790569999984, 14.772274191000065 ], [ -91.142965905999972, 14.765750074000039 ], [ -91.139839385999949, 14.762288501000057 ], [ -91.138578592999977, 14.761817445000077 ], [ -91.137616818999959, 14.760859655000047 ], [ -91.139123296999969, 14.759264294000047 ], [ -91.140803246999951, 14.758290500000044 ], [ -91.147362009999938, 14.757288082000059 ], [ -91.154027777999943, 14.754674293000051 ], [ -91.156771191999951, 14.752987007000058 ], [ -91.159371965999981, 14.752312987000039 ], [ -91.160607778999974, 14.751267717000076 ], [ -91.161406517999978, 14.751397204000057 ], [ -91.166959777999978, 14.749212467000063 ], [ -91.167178870999976, 14.747446269000022 ], [ -91.16793004799996, 14.747848736000037 ], [ -91.168532550999942, 14.74805346200003 ], [ -91.169284822999941, 14.748048123000046 ], [ -91.169949862999943, 14.747576667000033 ], [ -91.171075593999944, 14.746498829000075 ], [ -91.172239284999989, 14.745043972000076 ], [ -91.175076942999965, 14.742325788000073 ], [ -91.175581702999978, 14.741930995000075 ], [ -91.176178048999986, 14.741480437000064 ], [ -91.177656170999967, 14.740593993000061 ], [ -91.178422027999943, 14.740278069000055 ], [ -91.179381281999952, 14.740086796000071 ], [ -91.180213524999942, 14.740093345000048 ], [ -91.181033309999975, 14.74013255400007 ], [ -91.182286185999942, 14.740298299000074 ], [ -91.18292291299997, 14.740435475000027 ], [ -91.183616252999968, 14.740674763000072 ], [ -91.184252456999957, 14.740945235000027 ], [ -91.184910558999945, 14.74130511900006 ], [ -91.185477449999951, 14.741675584000063 ], [ -91.185885283999937, 14.741979280000066 ], [ -91.186518800999977, 14.742505031000064 ], [ -91.187202237999941, 14.742609802000061 ], [ -91.188285094999969, 14.742562933000045 ], [ -91.189166008999962, 14.742159756000035 ], [ -91.189863220999939, 14.74193249700005 ], [ -91.19056984499997, 14.74197078800006 ], [ -91.19111591099994, 14.742053009000074 ], [ -91.191982410999969, 14.742059784000048 ], [ -91.192587314999969, 14.741975267000043 ], [ -91.192999922999945, 14.741701718000058 ], [ -91.193534796999984, 14.740396589000056 ], [ -91.193966048999982, 14.739269138000054 ], [ -91.194311355999957, 14.738850462000073 ], [ -91.195020678999981, 14.738489979000065 ], [ -91.196115857999985, 14.738353920000066 ], [ -91.19682073499996, 14.738603427000044 ], [ -91.197273799999948, 14.738984275000064 ], [ -91.198629748999963, 14.740380966000032 ], [ -91.199455441999987, 14.740973705000044 ], [ -91.198807835999958, 14.746109879000073 ], [ -91.198912760999974, 14.753675095000062 ], [ -91.200978629999952, 14.75656172500004 ], [ -91.205588754999951, 14.760858767000059 ], [ -91.20778540699996, 14.763104702000078 ], [ -91.208496685999989, 14.764781035000055 ], [ -91.210914491999972, 14.769874363000042 ], [ -91.211452668999982, 14.773626856000021 ], [ -91.213020792999941, 14.778714716000025 ], [ -91.213722378999989, 14.779172026000026 ], [ -91.214904821999937, 14.781240611000044 ], [ -91.215895823999972, 14.784219374000031 ], [ -91.217656618999968, 14.787343038000074 ], [ -91.218130778999978, 14.789351912000029 ], [ -91.219290072999968, 14.791849587000058 ], [ -91.22327185499995, 14.79829472800003 ], [ -91.223508426999956, 14.799614908000024 ], [ -91.223201316999962, 14.803676062000022 ], [ -91.224887355999954, 14.806882714000039 ], [ -91.232517830999939, 14.814005411000039 ], [ -91.235132919999955, 14.815224081000054 ], [ -91.237066245999983, 14.816675877000023 ], [ -91.238981741999964, 14.816960534000032 ], [ -91.240686091999976, 14.817868291000025 ], [ -91.246550816999957, 14.821715633000053 ], [ -91.24924361099994, 14.823908563000032 ], [ -91.256707183999936, 14.831529782000075 ], [ -91.258487985999977, 14.83444550300004 ], [ -91.259641294999938, 14.835814409000022 ], [ -91.262085255999978, 14.841499540000029 ], [ -91.262781774999951, 14.844956085000035 ], [ -91.25060956699997, 14.85074049900004 ], [ -91.247120977999941, 14.851920436000057 ], [ -91.245010708999985, 14.853206874000023 ], [ -91.239552368999966, 14.854299328000025 ], [ -91.236486128999957, 14.854445265000038 ], [ -91.235096325999962, 14.855247974000065 ], [ -91.215653372999952, 14.858757944000047 ], [ -91.212188994999963, 14.859786125000028 ], [ -91.211952921999966, 14.860810043000072 ], [ -91.21285504399998, 14.86889545400004 ], [ -91.21264808899997, 14.871600569000066 ], [ -91.211599662999959, 14.874649326000053 ], [ -91.206830808999939, 14.883520772000054 ], [ -91.187061385999982, 14.891913529000021 ], [ -91.185174951999954, 14.892325613000025 ], [ -91.176498544999959, 14.896430845000054 ], [ -91.171777287999987, 14.896130007000068 ], [ -91.161928347999947, 14.894492281000055 ], [ -91.160210976999963, 14.892703810000057 ], [ -91.160070475999987, 14.891671306000035 ], [ -91.156813069999941, 14.886511985000027 ], [ -91.156668747999959, 14.882993083000031 ], [ -91.157545416999938, 14.874618088000034 ], [ -91.157248230999983, 14.873915317000069 ], [ -91.155992644999969, 14.873436422000054 ], [ -91.15142253, 14.870049094000024 ], [ -91.148776853999948, 14.868802095000035 ], [ -91.147526776999939, 14.867343797000046 ], [ -91.14606999099999, 14.866563872000029 ], [ -91.14369449899999, 14.867278944000077 ], [ -91.138661405999983, 14.869773104000046 ], [ -91.134813676999954, 14.870084145000021 ], [ -91.131993663999936, 14.86663726300003 ], [ -91.129190759999972, 14.861753592000071 ], [ -91.126469644999986, 14.857904185000052 ], [ -91.123053191999986, 14.854766392000045 ], [ -91.119976814999973, 14.851999606000049 ], [ -91.105187091999937, 14.840911663000043 ], [ -91.102540952999959, 14.836331790000031 ], [ -91.101430289999939, 14.831063076000078 ], [ -91.102088208999987, 14.829389879000075 ], [ -91.104227802999958, 14.827254448000076 ], [ -91.106211301999963, 14.826439376000053 ], [ -91.115747684999974, 14.824715902000037 ], [ -91.119127039999967, 14.823011813000051 ], [ -91.120089726999936, 14.822065136000049 ], [ -91.124256687999946, 14.817888960000062 ], [ -91.126257070999941, 14.813000340000031 ], [ -91.127980276999949, 14.810697456000071 ], [ -91.130836500999976, 14.807607350000069 ], [ -91.13190629799999, 14.806884018000062 ], [ -91.135876144999941, 14.805670173000067 ] ] ] ] } },
{ "type": "Feature", "properties": { "Codigo": 115, "datos_finales_color_riesgo": "732600" }, "geometry": { "type": "MultiPolygon", "coordinates": [ [ [ [ -90.612854034999941, 14.58269427700003 ], [ -90.60883632499997, 14.58212803300006 ], [ -90.608448365999948, 14.581705082000042 ], [ -90.604902325999944, 14.580900800000052 ], [ -90.603679521999936, 14.580259222000052 ], [ -90.602623943999959, 14.579006130000039 ], [ -90.597644748999983, 14.57681152300006 ], [ -90.58902543399995, 14.577106693000076 ], [ -90.586313749999988, 14.577644477000035 ], [ -90.581196981999938, 14.57962995500003 ], [ -90.579025711999975, 14.579310451000026 ], [ -90.57776002199995, 14.577881177000052 ], [ -90.575794369999983, 14.576681791000055 ], [ -90.569533673999956, 14.577133961000072 ], [ -90.562348954999948, 14.580261781000047 ], [ -90.561229753999953, 14.580282847000035 ], [ -90.56034066899997, 14.579677295000067 ], [ -90.560155258999941, 14.578718846000072 ], [ -90.558707718999983, 14.57744230000003 ], [ -90.55652323299995, 14.576488924000046 ], [ -90.556357851999962, 14.575713630000052 ], [ -90.555498698999941, 14.572660073000065 ], [ -90.555069325999966, 14.567856094000035 ], [ -90.552719042999968, 14.565545816000053 ], [ -90.549702801999956, 14.564643541000066 ], [ -90.55009638699994, 14.562811443000044 ], [ -90.550511491999941, 14.562547022000047 ], [ -90.554790183999955, 14.557522418000076 ], [ -90.55563634899994, 14.555384477000075 ], [ -90.555560943999978, 14.549966470000072 ], [ -90.556663402999959, 14.547975747000066 ], [ -90.55657204299996, 14.544372345000056 ], [ -90.557881918999954, 14.540541894000057 ], [ -90.558318428999939, 14.535687087000042 ], [ -90.560771559999978, 14.531565865000061 ], [ -90.561855905999948, 14.529838033000033 ], [ -90.562078225999983, 14.528804779000041 ], [ -90.562311599999987, 14.526657019000027 ], [ -90.562994561999972, 14.525849897000057 ], [ -90.563310250999962, 14.524599658000056 ], [ -90.564690934999987, 14.522905373000071 ], [ -90.566380463999963, 14.52132382800005 ], [ -90.570849012999986, 14.519498914000053 ], [ -90.573299934999966, 14.517346989000032 ], [ -90.574699649999957, 14.51506558400007 ], [ -90.575406904999966, 14.513723371000026 ], [ -90.575733878999984, 14.506690015000061 ], [ -90.577078444999984, 14.504459960000077 ], [ -90.577113761999954, 14.503664158000049 ], [ -90.579167248999966, 14.501528360000066 ], [ -90.579692463999947, 14.500930722000078 ], [ -90.580284166999945, 14.497999474000039 ], [ -90.579805903999954, 14.496943151000039 ], [ -90.579906534999964, 14.49424060900003 ], [ -90.578200331999938, 14.49109143000004 ], [ -90.577055504999976, 14.488018055000055 ], [ -90.576805071999956, 14.487544547000027 ], [ -90.579359307999937, 14.485016370000039 ], [ -90.579739140999948, 14.484620503000031 ], [ -90.580054674999985, 14.483847913000034 ], [ -90.580221488999939, 14.483161877000043 ], [ -90.58056127499998, 14.482290157000023 ], [ -90.580840814999988, 14.481683202000056 ], [ -90.58114209699994, 14.481208602000038 ], [ -90.581861888999981, 14.480939328000034 ], [ -90.582420049999939, 14.480878441000073 ], [ -90.583704920999935, 14.480979741000056 ], [ -90.584474873999966, 14.481376140000066 ], [ -90.584936060999951, 14.481868748000068 ], [ -90.58547686899999, 14.482340714000031 ], [ -90.586408835999976, 14.482493711000075 ], [ -90.587152069999945, 14.482146735000072 ], [ -90.587981350999939, 14.482309966000059 ], [ -90.588454754999987, 14.482692018000023 ], [ -90.588894305999986, 14.483096308000029 ], [ -90.589850636999984, 14.484159779000038 ], [ -90.590653638999981, 14.484610708000048 ], [ -90.591289395999979, 14.48471773600005 ], [ -90.592538530999946, 14.485018517000071 ], [ -90.593014459999949, 14.485167945000057 ], [ -90.593718835999937, 14.485307292000073 ], [ -90.59477671799999, 14.48534071000006 ], [ -90.59536908199999, 14.485280142000022 ], [ -90.596111458999985, 14.485066390000043 ], [ -90.596715778999965, 14.484972062000054 ], [ -90.597216676999949, 14.484955728000045 ], [ -90.597830449999947, 14.485006049000049 ], [ -90.598454606999951, 14.485168276000024 ], [ -90.599450938999951, 14.485643742000036 ], [ -90.600844877999975, 14.486223775000042 ], [ -90.601446574999954, 14.486373343000025 ], [ -90.602378109999961, 14.48651611300005 ], [ -90.602899951999973, 14.486654700000031 ], [ -90.603396695999947, 14.487025671000026 ], [ -90.603924169999971, 14.48771881600004 ], [ -90.604180142999951, 14.488275929000054 ], [ -90.604402409999977, 14.488787524000031 ], [ -90.604806748999977, 14.489290813000025 ], [ -90.605315819999987, 14.489539939000053 ], [ -90.605815423999957, 14.489645542000062 ], [ -90.606498645999977, 14.489652505000038 ], [ -90.607179266999935, 14.489848039000037 ], [ -90.607878452999955, 14.490419829000075 ], [ -90.608660339999972, 14.490738358000044 ], [ -90.609388293999984, 14.49078981100007 ], [ -90.609934761999966, 14.490795373000026 ], [ -90.610498969999981, 14.490551531000051 ], [ -90.616655611999988, 14.496084616000076 ], [ -90.622239836999938, 14.49836717200003 ], [ -90.62238027099994, 14.499382747000027 ], [ -90.624036235999938, 14.501766624000027 ], [ -90.623757805999958, 14.510153718000026 ], [ -90.62565714499999, 14.513475160000041 ], [ -90.626957065999989, 14.514905648000024 ], [ -90.628181308999956, 14.51598752600006 ], [ -90.630014121999977, 14.516639621000024 ], [ -90.637217460999977, 14.518095772000038 ], [ -90.643304779999937, 14.519691833000024 ], [ -90.648732468999981, 14.521900023000057 ], [ -90.651350649999983, 14.523120008000035 ], [ -90.657427195999958, 14.527252187000045 ], [ -90.661925241999938, 14.528266108000025 ], [ -90.662538967999978, 14.528777060000039 ], [ -90.663036523999949, 14.529255230000047 ], [ -90.661504782999941, 14.533740492000049 ], [ -90.659365635999961, 14.537326334000056 ], [ -90.65760725199999, 14.54234460300006 ], [ -90.657733120999978, 14.546405939000067 ], [ -90.658690856999954, 14.549151978000054 ], [ -90.658359449999978, 14.552650831000051 ], [ -90.657866707999972, 14.553471467000065 ], [ -90.657219245999954, 14.55384557900004 ], [ -90.655832744999941, 14.554481076000059 ], [ -90.654982054999948, 14.554884768000022 ], [ -90.650227456999971, 14.556264574000068 ], [ -90.649144260999947, 14.557490338000036 ], [ -90.648786218999987, 14.559600901000067 ], [ -90.650829836999947, 14.56217605300003 ], [ -90.653342458999987, 14.564319967000074 ], [ -90.658404976999975, 14.566464569000061 ], [ -90.66465154499997, 14.570698951000054 ], [ -90.667838703999962, 14.574055648000069 ], [ -90.66852201599994, 14.576286202000063 ], [ -90.66802015199994, 14.58089016100007 ], [ -90.667041775999962, 14.583168495000052 ], [ -90.664305797999987, 14.584853269000064 ], [ -90.661319997999954, 14.585098950000031 ], [ -90.653118965999965, 14.583784532000038 ], [ -90.651357929999961, 14.583140033000063 ], [ -90.648441201999958, 14.581088001000069 ], [ -90.641476750999971, 14.575293083000076 ], [ -90.63939731399995, 14.570911655000032 ], [ -90.63862345299998, 14.570135878000031 ], [ -90.63836970899996, 14.56772214800003 ], [ -90.63728772199994, 14.565122741000039 ], [ -90.636623992999944, 14.564677845000062 ], [ -90.63463610299999, 14.563470795000057 ], [ -90.632998157999964, 14.563590869000052 ], [ -90.631150785999978, 14.566166271000043 ], [ -90.630197493999958, 14.569815689000052 ], [ -90.631660074999957, 14.577646721000065 ], [ -90.63137517499996, 14.580324900000051 ], [ -90.630165038999962, 14.580875038000045 ], [ -90.629781634999972, 14.58137709500005 ], [ -90.628113823999968, 14.581512623000037 ], [ -90.621857387999967, 14.579547193000053 ], [ -90.616083862999972, 14.580293552000057 ], [ -90.61425208899999, 14.580903888000023 ], [ -90.612854034999941, 14.58269427700003 ] ] ] ] } },
{ "type": "Feature", "properties": { "Codigo": 1208, "datos_finales_color_riesgo": "732600" }, "geometry": { "type": "MultiPolygon", "coordinates": [ [ [ [ -91.993807852999964, 15.168400828000074 ], [ -91.994027268999957, 15.165181348000033 ], [ -91.994135687999972, 15.163167067000074 ], [ -91.994637488999956, 15.16149127500006 ], [ -91.99533444399998, 15.160246876000031 ], [ -91.996378852999953, 15.158717004000039 ], [ -91.997172183999965, 15.158001859000024 ], [ -91.998909202999982, 15.156138316000067 ], [ -92.000993279999989, 15.153941815000053 ], [ -92.002233459999957, 15.152699794000057 ], [ -92.002583023999989, 15.151838027000053 ], [ -92.002536947999943, 15.151119150000056 ], [ -92.002245592999941, 15.150111041000059 ], [ -92.00170703699996, 15.149100709000038 ], [ -92.000432065999973, 15.147224935000054 ], [ -92.000140952999971, 15.146168234000072 ], [ -92.00014343, 15.145640540000045 ], [ -92.00054242899995, 15.14477899600007 ], [ -92.000889959999938, 15.144348878000073 ], [ -92.001782101999936, 15.143634151000072 ], [ -92.002966064999953, 15.142707141000074 ], [ -92.004544073999966, 15.141721969000059 ], [ -92.005448021999939, 15.141089769000075 ], [ -92.006129881999982, 15.140433986000062 ], [ -92.006628005999971, 15.13951297400007 ], [ -92.006865703999949, 15.138806643000066 ], [ -92.006808300999978, 15.137894488000029 ], [ -92.006221529999948, 15.136621797000032 ], [ -92.005917009999962, 15.135817031000045 ], [ -92.006133502999944, 15.134294754000052 ], [ -92.006521549999945, 15.133151780000048 ], [ -92.007045388999984, 15.132074940000052 ], [ -92.00744304899996, 15.131489091000049 ], [ -92.008050839999953, 15.130868003000046 ], [ -92.008929936999948, 15.13018934300004 ], [ -92.009735972999977, 15.129460642000026 ], [ -92.010058611999966, 15.128995369000052 ], [ -92.010122827999965, 15.128443082000047 ], [ -92.009979604999955, 15.127471790000072 ], [ -92.009758485999953, 15.126992834000077 ], [ -92.009542545999977, 15.125899184000048 ], [ -92.009854529999984, 15.125097124000035 ], [ -92.010671305999949, 15.124681472000077 ], [ -92.011647689999961, 15.124337707000052 ], [ -92.012167925999961, 15.124028101000022 ], [ -92.012640361999956, 15.123239169000044 ], [ -92.012249115999964, 15.122446462000028 ], [ -92.011856265999938, 15.122000659000037 ], [ -92.011562619999907, 15.121484097000064 ], [ -92.011601872999961, 15.120920402000024 ], [ -92.011851714999978, 15.12034632600006 ], [ -92.012235846999943, 15.120036124000023 ], [ -92.013002363999988, 15.119667704000051 ], [ -92.013621094999962, 15.119311065000034 ], [ -92.013894808999964, 15.118855740000072 ], [ -92.013873258999979, 15.118233019000058 ], [ -92.01365552499999, 15.117272701000047 ], [ -92.013585902999978, 15.116229412000052 ], [ -92.013326749999976, 15.113662060000024 ], [ -92.013263336999955, 15.111275230000047 ], [ -92.013518701999942, 15.109502248000069 ], [ -92.013935982999953, 15.107298313000058 ], [ -92.013271721999956, 15.105055762000063 ], [ -92.013473879999935, 15.104349266000042 ], [ -92.013758056999961, 15.103638605000071 ], [ -92.014090583999973, 15.103035505000037 ], [ -92.014776472999984, 15.102481405000049 ], [ -92.015024990999962, 15.101557017000061 ], [ -92.01500297199999, 15.101034863000052 ], [ -92.015054716999941, 15.100406808000059 ], [ -92.015423384999963, 15.099910082000065 ], [ -92.01601035799996, 15.099616576000074 ], [ -92.016769595999961, 15.099169004000032 ], [ -92.017394184999944, 15.098662087000037 ], [ -92.017887198999972, 15.097679998000046 ], [ -92.01818209399994, 15.097289166000053 ], [ -92.018841950999956, 15.097078457000066 ], [ -92.019647193999958, 15.097248056000069 ], [ -92.020416576999935, 15.097121436000066 ], [ -92.02113808699994, 15.096781036000039 ], [ -92.022092974999964, 15.096274401000073 ], [ -92.023071098999935, 15.095898945000044 ], [ -92.024513276999983, 15.095526613000061 ], [ -92.025673661999974, 15.095353067000076 ], [ -92.026455246999944, 15.095226479000075 ], [ -92.02715171599999, 15.09514585200003 ], [ -92.027688466999962, 15.09514815700004 ], [ -92.028614438999966, 15.095496785000023 ], [ -92.029759432999981, 15.096022625000046 ], [ -92.030526861999988, 15.096453052000072 ], [ -92.031393561999948, 15.09640930200004 ], [ -92.031725869999946, 15.095841201000042 ], [ -92.031901349999941, 15.094846418000031 ], [ -92.032088773999988, 15.093910447000042 ], [ -92.03226222, 15.093235446000051 ], [ -92.032436086999951, 15.092595475000053 ], [ -92.032658106999975, 15.092109392000054 ], [ -92.033173742999963, 15.091507042000046 ], [ -92.03412702899999, 15.091215049000027 ], [ -92.034907743999952, 15.091277137000077 ], [ -92.035578378999958, 15.091505996000024 ], [ -92.036308750999979, 15.091900086000066 ], [ -92.037027223999985, 15.092354013000033 ], [ -92.037868150999941, 15.092606188000047 ], [ -92.038539974999935, 15.09244293200004 ], [ -92.03884729899994, 15.091994495000051 ], [ -92.038911877999965, 15.091211673000032 ], [ -92.038855299999966, 15.090214769000056 ], [ -92.038481682999986, 15.089241377000064 ], [ -92.038301600999944, 15.088552438000022 ], [ -92.038100080999982, 15.087200095000071 ], [ -92.038091018999978, 15.086499455000023 ], [ -92.038254248999976, 15.085504610000044 ], [ -92.038378553999962, 15.085018105000074 ], [ -92.038772205999976, 15.084249112000066 ], [ -92.039213894999989, 15.083788813000069 ], [ -92.039642734999973, 15.08347083700005 ], [ -92.040168842999947, 15.083117116000039 ], [ -92.040830126999936, 15.082704073000059 ], [ -92.041490715999942, 15.082315884000025 ], [ -92.042865507999977, 15.080601824000041 ], [ -92.043332401999976, 15.079963080000027 ], [ -92.043724223999959, 15.079597482000054 ], [ -92.044556391999947, 15.079197578000048 ], [ -92.045337858999972, 15.079082219000043 ], [ -92.046619721999946, 15.079028854000057 ], [ -92.047425454999939, 15.078948621000052 ], [ -92.048049652999964, 15.078631451000035 ], [ -92.048906121999948, 15.078125413000066 ], [ -92.049907596999958, 15.077963500000067 ], [ -92.050469522999947, 15.07791839500004 ], [ -92.05115319, 15.077826336000044 ], [ -92.051898969999968, 15.077627186000029 ], [ -92.052915061999954, 15.076920657000073 ], [ -92.053454660999989, 15.076400844000034 ], [ -92.053773926999952, 15.075868811000078 ], [ -92.054033036999954, 15.075264207000032 ], [ -92.054524409999942, 15.074602940000034 ], [ -92.055026705999978, 15.074101049000035 ], [ -92.058126565999942, 15.071468587000027 ], [ -92.05856782699999, 15.071090733000062 ], [ -92.058936331999973, 15.070463977000031 ], [ -92.059389498999963, 15.069492915000069 ], [ -92.060165461999986, 15.07128494400007 ], [ -92.063856837999936, 15.076039496000021 ], [ -92.108092627999952, 15.132264791000068 ], [ -92.140765066999961, 15.172979754000039 ], [ -92.140123499999959, 15.173524241000052 ], [ -92.137969074999944, 15.173700203000067 ], [ -92.13427095899999, 15.171795498000051 ], [ -92.130825810999966, 15.171353960000033 ], [ -92.128330352999967, 15.170002986000043 ], [ -92.126646754999967, 15.169999860000075 ], [ -92.123980131999986, 15.170950032000064 ], [ -92.121187637999981, 15.17096063200006 ], [ -92.118839548999972, 15.170564998000032 ], [ -92.116242793999959, 15.169393171000024 ], [ -92.111694015999944, 15.169680399000072 ], [ -92.105786817999956, 15.168586917000027 ], [ -92.098782523999944, 15.165843598000038 ], [ -92.096444364999968, 15.164505344000077 ], [ -92.092915643999959, 15.163525015000062 ], [ -92.090758779999987, 15.163338915000054 ], [ -92.087174945999948, 15.164097365000032 ], [ -92.083332214999984, 15.166476273000058 ], [ -92.078794233999986, 15.169923517000029 ], [ -92.074610938999967, 15.171242054000061 ], [ -92.07037515799999, 15.171513907000076 ], [ -92.067478764999976, 15.171079319000057 ], [ -92.065303068999981, 15.170139182000071 ], [ -92.062592364999944, 15.170346017000043 ], [ -92.061612683999954, 15.170744223000042 ], [ -92.059147312999983, 15.172958924000056 ], [ -92.056758814999966, 15.174094764000074 ], [ -92.051971954999942, 15.179864805000022 ], [ -92.048678458999973, 15.182089452000071 ], [ -92.044195189999982, 15.183527042000037 ], [ -92.041191254999944, 15.183310876000064 ], [ -92.034879710999974, 15.181726785000023 ], [ -92.032189525999968, 15.180587507000041 ], [ -92.02957110599999, 15.18017396700003 ], [ -92.024628169999971, 15.179963911000073 ], [ -92.020082103999982, 15.181122763000076 ], [ -92.00876852, 15.180092436000052 ], [ -92.00201347699999, 15.177270416000056 ], [ -91.997958985999958, 15.174352877000047 ], [ -91.996680856999944, 15.173124546000054 ], [ -91.995749556999954, 15.171753115000058 ], [ -91.994425981999939, 15.169684991000054 ], [ -91.993807852999964, 15.168400828000074 ] ] ] ] } },
{ "type": "Feature", "properties": { "Codigo": 703, "datos_finales_color_riesgo": "732600" }, "geometry": { "type": "MultiPolygon", "coordinates": [ [ [ [ -91.323709676999954, 14.692830918000027 ], [ -91.325579431999984, 14.688872183000058 ], [ -91.326207048999947, 14.686544883000067 ], [ -91.327422768999952, 14.684561878000068 ], [ -91.329246686999966, 14.675844201000075 ], [ -91.330820844999948, 14.669814668000072 ], [ -91.331364854999947, 14.669237877000057 ], [ -91.331824814999948, 14.666045071000042 ], [ -91.333013560999973, 14.664229028000022 ], [ -91.334683827999982, 14.663418531000048 ], [ -91.337973508999937, 14.663072643000078 ], [ -91.34356563099999, 14.66526704000006 ], [ -91.345190290999938, 14.666739410000048 ], [ -91.345776378999972, 14.667893691000074 ], [ -91.349320687999978, 14.670899241000029 ], [ -91.350048284999957, 14.679886115000045 ], [ -91.350582368999937, 14.680785822000075 ], [ -91.35097708099994, 14.686731236000071 ], [ -91.351448067999968, 14.687921972000026 ], [ -91.349766883999962, 14.69318267500006 ], [ -91.34975439499999, 14.694537184000069 ], [ -91.34929273299997, 14.694886388000043 ], [ -91.349131947999979, 14.696513243000027 ], [ -91.347752369999967, 14.699308643000052 ], [ -91.343092261999971, 14.704538986000045 ], [ -91.340216888999976, 14.707728086000031 ], [ -91.340740684999957, 14.713676666000026 ], [ -91.341181573999961, 14.714317012000038 ], [ -91.341898718999971, 14.718568937000043 ], [ -91.341300112999988, 14.723127775000023 ], [ -91.33978420599999, 14.725951493000025 ], [ -91.33799810499994, 14.728043427000046 ], [ -91.33536315899994, 14.730931374000022 ], [ -91.334593000999973, 14.732527834000052 ], [ -91.331246553999961, 14.736608145000048 ], [ -91.329096164999953, 14.737657988000024 ], [ -91.327311703999953, 14.735326832000055 ], [ -91.327216117999967, 14.734542089000058 ], [ -91.324792190999972, 14.731967916000031 ], [ -91.323133387999974, 14.730521114000055 ], [ -91.319544838999946, 14.729364205000024 ], [ -91.311218699999984, 14.729081050000048 ], [ -91.310265603999937, 14.728562318000058 ], [ -91.30662813899994, 14.724810959000024 ], [ -91.305181222999977, 14.722030232000066 ], [ -91.305890904999956, 14.719266412000025 ], [ -91.307237489999977, 14.717222375000063 ], [ -91.307847516999971, 14.715484758000059 ], [ -91.309235439999952, 14.714020566000045 ], [ -91.311767080999971, 14.712351178000063 ], [ -91.314084309999942, 14.709350478000033 ], [ -91.318329079999955, 14.702828736000072 ], [ -91.320584373999964, 14.69955297100006 ], [ -91.32117703199998, 14.697484157000076 ], [ -91.32260172299999, 14.695509479000066 ], [ -91.323414752999952, 14.693455805000042 ], [ -91.323709676999954, 14.692830918000027 ] ] ] ] } },
{ "type": "Feature", "properties": { "Codigo": 2102, "datos_finales_color_riesgo": "732600" }, "geometry": { "type": "MultiPolygon", "coordinates": [ [ [ [ -89.862109178999958, 14.87175561600003 ], [ -89.862054778999948, 14.868777400000056 ], [ -89.862670169999944, 14.865624370000035 ], [ -89.861543007999956, 14.864164233000054 ], [ -89.853736479999952, 14.865416230000051 ], [ -89.852643479999983, 14.865205974000048 ], [ -89.852060661999985, 14.864624608000042 ], [ -89.844392158999938, 14.863366876000043 ], [ -89.842264726999986, 14.861397426000053 ], [ -89.842920719999938, 14.858899682000072 ], [ -89.841531159999988, 14.856624356000054 ], [ -89.838577016999977, 14.855373753000038 ], [ -89.832890499999962, 14.854104622000023 ], [ -89.829664849999972, 14.850753132000023 ], [ -89.828455654999971, 14.85032334400006 ], [ -89.825544567999941, 14.847409563000042 ], [ -89.823482172999945, 14.846728685000073 ], [ -89.820157580999989, 14.843376865000039 ], [ -89.822939175999977, 14.841170473000034 ], [ -89.823698352999941, 14.839836747000049 ], [ -89.823928166999963, 14.837131162000048 ], [ -89.822477998999943, 14.835015209000062 ], [ -89.822056481999937, 14.833450717000062 ], [ -89.819957342999942, 14.831285150000042 ], [ -89.819889973999977, 14.82994112800003 ], [ -89.820648848999951, 14.828585959000065 ], [ -89.824653834999935, 14.825851283000077 ], [ -89.824614738999969, 14.825071972000046 ], [ -89.822944068999959, 14.823241924000058 ], [ -89.823036594999962, 14.821870761000071 ], [ -89.825973802999954, 14.818476820000058 ], [ -89.826159234999977, 14.816062929000054 ], [ -89.818516643999942, 14.807169722000026 ], [ -89.816167549999989, 14.803270503000022 ], [ -89.815944154999954, 14.802243733000068 ], [ -89.812036255999942, 14.797337627000047 ], [ -89.811547827999959, 14.794960719000073 ], [ -89.812288323999951, 14.791402197000025 ], [ -89.809643164999954, 14.788608318000058 ], [ -89.808619988999965, 14.788334564000024 ], [ -89.807454518999975, 14.787162697000042 ], [ -89.803895798999974, 14.785728538000058 ], [ -89.801563032999979, 14.783397155000046 ], [ -89.800229198999943, 14.781212801000038 ], [ -89.796031315999983, 14.777658014000053 ], [ -89.788860627999952, 14.774347349000038 ], [ -89.784792751999987, 14.769311219000031 ], [ -89.783130086999961, 14.768483340000046 ], [ -89.781182959999967, 14.768385083000055 ], [ -89.778806319999944, 14.767643148000047 ], [ -89.77576069, 14.765314051000075 ], [ -89.774443373999986, 14.762860106000062 ], [ -89.77442500099994, 14.761786542000038 ], [ -89.773902029999988, 14.761150599000075 ], [ -89.773532587999966, 14.759031553000057 ], [ -89.772941568999954, 14.758448832000056 ], [ -89.772380145999989, 14.755939990000059 ], [ -89.770459204999952, 14.752860256000076 ], [ -89.769567773999938, 14.752124353000056 ], [ -89.768609369999979, 14.750387568000065 ], [ -89.766284754999958, 14.749085361000027 ], [ -89.762500065999973, 14.748331493000023 ], [ -89.757428091999941, 14.744409602000076 ], [ -89.752675416999978, 14.743366633000051 ], [ -89.752384422999967, 14.742539804000046 ], [ -89.752778, 14.741025124000032 ], [ -89.75251945399998, 14.727999830000044 ], [ -89.754475859999957, 14.723646096000039 ], [ -89.754818062999959, 14.721758248000071 ], [ -89.753627376999987, 14.71896408300006 ], [ -89.753477649999979, 14.715801929000065 ], [ -89.753077405999989, 14.715267005000044 ], [ -89.753132587999971, 14.712009537000029 ], [ -89.75438064399998, 14.710572279000075 ], [ -89.75494082299997, 14.709035087000075 ], [ -89.755025643999943, 14.704161880000072 ], [ -89.75584024799997, 14.702785119000055 ], [ -89.756466990999968, 14.698230985000066 ], [ -89.755788172999985, 14.695088502000033 ], [ -89.753706811999962, 14.692706245000068 ], [ -89.751561894999952, 14.691763168000023 ], [ -89.75111598899997, 14.689692728000068 ], [ -89.752480455999944, 14.687978324000028 ], [ -89.753472817999977, 14.687670573000048 ], [ -89.753699247999975, 14.686901785000032 ], [ -89.75839426899995, 14.684975484000063 ], [ -89.762680956999986, 14.681446402000063 ], [ -89.76672793299997, 14.679623713000069 ], [ -89.773698073999981, 14.675637420000044 ], [ -89.777642697999966, 14.671847026000023 ], [ -89.77898264199996, 14.667826297000033 ], [ -89.779295814999955, 14.662943717000076 ], [ -89.778873171999976, 14.660968413000035 ], [ -89.779685021999967, 14.654246319000038 ], [ -89.779014501999939, 14.650829723000072 ], [ -89.776737989999958, 14.647446166000066 ], [ -89.775033173999987, 14.641636103000053 ], [ -89.773779496999964, 14.639340040000036 ], [ -89.773612398999944, 14.635826596000072 ], [ -89.774731475999943, 14.632027386000061 ], [ -89.774774506999961, 14.629599198000051 ], [ -89.773499980999986, 14.627265612000031 ], [ -89.77211824599999, 14.625923717000035 ], [ -89.769109520999962, 14.626220561000025 ], [ -89.767270335999967, 14.627426340000056 ], [ -89.766166895999959, 14.627306051000062 ], [ -89.765468235999947, 14.626456659000041 ], [ -89.763723309999989, 14.622735089000059 ], [ -89.763298634999956, 14.618733916000053 ], [ -89.761421950999988, 14.616058991000045 ], [ -89.762700833999986, 14.610649296000076 ], [ -89.761059469999964, 14.608251901000074 ], [ -89.760257223999986, 14.606053512000074 ], [ -89.758063961999937, 14.603991528000051 ], [ -89.756829182999979, 14.601811952000048 ], [ -89.755069961999936, 14.59517274500007 ], [ -89.756294845999946, 14.590911251000023 ], [ -89.755789259999972, 14.589351266000051 ], [ -89.755057235999971, 14.588573638000071 ], [ -89.75460329799995, 14.585981699000058 ], [ -89.758761819999961, 14.586225716000058 ], [ -89.763173406999954, 14.585609782000063 ], [ -89.76739523699996, 14.583981024000025 ], [ -89.769700349999937, 14.582265842000027 ], [ -89.770961306999936, 14.580907505000027 ], [ -89.771093589999964, 14.58014074700003 ], [ -89.772932397999966, 14.578650436000032 ], [ -89.774833390999959, 14.577702704000046 ], [ -89.77673118499996, 14.577411767000058 ], [ -89.77922048399995, 14.57569223400003 ], [ -89.784062818999985, 14.569976998000072 ], [ -89.785963785999968, 14.569742444000042 ], [ -89.788436007999962, 14.568711013000041 ], [ -89.793489725999962, 14.563416006000068 ], [ -89.795105838999973, 14.56328355100004 ], [ -89.797962017999964, 14.565707529000065 ], [ -89.799795366999945, 14.566221347000067 ], [ -89.801996294999981, 14.56651897100005 ], [ -89.803657367999961, 14.565560903000062 ], [ -89.805251579999947, 14.563371677000077 ], [ -89.805352195999944, 14.55715192200006 ], [ -89.805861728999957, 14.555444460000047 ], [ -89.807187667999983, 14.553812479000044 ], [ -89.809077053999943, 14.552883425000061 ], [ -89.813736715999937, 14.552942444000053 ], [ -89.817007348999937, 14.556251078000059 ], [ -89.817122653999945, 14.558390336000059 ], [ -89.818385768999974, 14.560528292000072 ], [ -89.818848172999935, 14.562544736000063 ], [ -89.823144647999982, 14.56427135000007 ], [ -89.82672129599996, 14.564721753000072 ], [ -89.829841302999967, 14.56213880100006 ], [ -89.831384875999959, 14.561691331000077 ], [ -89.833847510999988, 14.558840926000073 ], [ -89.83649589099997, 14.559049471000037 ], [ -89.837659722999945, 14.560566366000046 ], [ -89.839650655999947, 14.561983831000077 ], [ -89.847996480999939, 14.561949800000036 ], [ -89.850519460999976, 14.562793086000056 ], [ -89.852291966999985, 14.566298995000068 ], [ -89.854747523999947, 14.568468687000063 ], [ -89.861653132999948, 14.569257961000062 ], [ -89.865428036999958, 14.570704853000052 ], [ -89.867066161999958, 14.572506806000035 ], [ -89.866829238999969, 14.57844177000004 ], [ -89.868609819999961, 14.581483830000025 ], [ -89.869936080999935, 14.582274784000049 ], [ -89.881090964999942, 14.580438668000056 ], [ -89.88405116499996, 14.581042559000025 ], [ -89.888748508999981, 14.580546484000024 ], [ -89.892650423999953, 14.579044186000033 ], [ -89.895592158999989, 14.579851986000051 ], [ -89.899748614999965, 14.579536990000065 ], [ -89.901249897999946, 14.578969974000074 ], [ -89.905251322999959, 14.575109681000072 ], [ -89.909890601999962, 14.572994880000067 ], [ -89.911454123999988, 14.570992837000063 ], [ -89.912826650999989, 14.570095561000073 ], [ -89.914184399999954, 14.569800833000045 ], [ -89.918718990999935, 14.570952193000039 ], [ -89.92339948099999, 14.57144958400005 ], [ -89.924010261999967, 14.572283883000068 ], [ -89.925335787999984, 14.581825852000065 ], [ -89.92709274799995, 14.584756685000059 ], [ -89.926964968999982, 14.586112908000075 ], [ -89.927523647999976, 14.586779462000038 ], [ -89.928751474999956, 14.593974581000055 ], [ -89.931556890999957, 14.604511309000031 ], [ -89.933549634999963, 14.606378554000059 ], [ -89.937430758999938, 14.606651948000035 ], [ -89.941474619999951, 14.607522280000069 ], [ -89.943787698999984, 14.608866523000074 ], [ -89.946234126999968, 14.611677650000047 ], [ -89.947183501999973, 14.621910085000025 ], [ -89.946789925999951, 14.625682956000048 ], [ -89.945708601999968, 14.628385747000038 ], [ -89.94490888699994, 14.63402366300005 ], [ -89.944476918999953, 14.634660265000036 ], [ -89.944244522999952, 14.644947153000032 ], [ -89.943516811999984, 14.64788820900003 ], [ -89.943260841999972, 14.652215959000046 ], [ -89.943352433999962, 14.660611870000025 ], [ -89.944004670999959, 14.666204506000042 ], [ -89.943588575999968, 14.67157764500007 ], [ -89.942948318999981, 14.67242708200007 ], [ -89.939402118999965, 14.672957158000031 ], [ -89.938928115999943, 14.673606723000034 ], [ -89.938463981999973, 14.675088321000032 ], [ -89.939274443999977, 14.68317197600004 ], [ -89.940044769999986, 14.684852721000027 ], [ -89.939435191999962, 14.688865358000044 ], [ -89.934611677999953, 14.705535588000032 ], [ -89.930912423999985, 14.711745589000031 ], [ -89.930545052999946, 14.716326873000071 ], [ -89.929532550999966, 14.71877414100004 ], [ -89.928326174999938, 14.737696419000031 ], [ -89.926157730999989, 14.742578809000065 ], [ -89.924849190999964, 14.744575099000031 ], [ -89.924157284999978, 14.747425018000058 ], [ -89.923491073999969, 14.748280774000023 ], [ -89.922878225999966, 14.754495413000029 ], [ -89.923974567999949, 14.764044574000025 ], [ -89.925667173999955, 14.768606964000071 ], [ -89.926981034999983, 14.774945481000032 ], [ -89.926685401999976, 14.777076013000055 ], [ -89.924387809999985, 14.779389799000057 ], [ -89.923343629999977, 14.78178575000004 ], [ -89.923483505999968, 14.784495483000057 ], [ -89.925104252999972, 14.787411223000049 ], [ -89.92559068099996, 14.789527346000057 ], [ -89.925348155999984, 14.794675723000069 ], [ -89.924562353999988, 14.795772537000062 ], [ -89.924610884999936, 14.796567825000068 ], [ -89.924024907999978, 14.797232735000023 ], [ -89.923410173999969, 14.799483150000071 ], [ -89.923225022999986, 14.803518206000035 ], [ -89.924175737999974, 14.804837998000039 ], [ -89.925213782999947, 14.807821600000068 ], [ -89.926213201999985, 14.814242856000021 ], [ -89.928322604999948, 14.817734031000043 ], [ -89.929004891999966, 14.819992740000032 ], [ -89.929189104999978, 14.820958025000039 ], [ -89.929371719999949, 14.821913128000062 ], [ -89.930030415999965, 14.822555151000074 ], [ -89.930308527999955, 14.824143631000027 ], [ -89.931312272999946, 14.825660527000025 ], [ -89.933459462999963, 14.827387946000044 ], [ -89.93568136, 14.828221242000041 ], [ -89.936127123999938, 14.82874302700003 ], [ -89.936161997999989, 14.829521204000059 ], [ -89.93653070199997, 14.830818544000067 ], [ -89.937959541999987, 14.832641337000041 ], [ -89.94065961299998, 14.833885064000071 ], [ -89.940274871999975, 14.836942272000044 ], [ -89.939471456999968, 14.838374128000055 ], [ -89.933782443999974, 14.844188121000059 ], [ -89.931353133999949, 14.847021580000046 ], [ -89.926622832999954, 14.849264356000049 ], [ -89.925424889999988, 14.85039738200004 ], [ -89.920457670999951, 14.853586103000055 ], [ -89.915900965999981, 14.855968645000075 ], [ -89.913330134999967, 14.858038048000026 ], [ -89.910607734999985, 14.858930361000034 ], [ -89.904888589999985, 14.862657106000029 ], [ -89.898128240999938, 14.866021945000057 ], [ -89.896447700999943, 14.866477790000033 ], [ -89.890819328999953, 14.870685029000072 ], [ -89.884593570999982, 14.873241706000044 ], [ -89.879028579999954, 14.873422240000025 ], [ -89.875704850999966, 14.873019174000035 ], [ -89.874191593999967, 14.872008682000057 ], [ -89.869551392999938, 14.871198185000026 ], [ -89.86488968599997, 14.871879432000071 ], [ -89.862109178999958, 14.87175561600003 ] ] ] ] } },
{ "type": "Feature", "properties": { "Codigo": 704, "datos_finales_color_riesgo": "732600" }, "geometry": { "type": "MultiPolygon", "coordinates": [ [ [ [ -91.233333636999987, 14.79622676300005 ], [ -91.235231773999942, 14.794040636000034 ], [ -91.236807670999951, 14.791350440000031 ], [ -91.238906833999977, 14.785032213000022 ], [ -91.241886056999988, 14.77956342400006 ], [ -91.243929652999952, 14.773188210000058 ], [ -91.245119387999978, 14.767369073000054 ], [ -91.245542746999945, 14.762498711000035 ], [ -91.246001181999986, 14.761865033000049 ], [ -91.246478424999964, 14.754828280000027 ], [ -91.247269594999977, 14.751493715000038 ], [ -91.249608204999959, 14.75236889200005 ], [ -91.25263416699994, 14.75272618200006 ], [ -91.261385666999956, 14.751125835000039 ], [ -91.267197734999968, 14.749296392000076 ], [ -91.268602543999975, 14.748474310000063 ], [ -91.275728946999948, 14.747341350000056 ], [ -91.289920845999973, 14.744159213000046 ], [ -91.296233572999938, 14.744108646000029 ], [ -91.299551184999984, 14.744510398000045 ], [ -91.305936695999947, 14.74398448200003 ], [ -91.314269460999981, 14.744607985000073 ], [ -91.317826113999956, 14.745258636000074 ], [ -91.319189347999952, 14.746048079000047 ], [ -91.32022969799999, 14.747387616000026 ], [ -91.317879489999939, 14.752515419000076 ], [ -91.317588550999972, 14.760911867000061 ], [ -91.312679142999968, 14.766200565000076 ], [ -91.308061368999972, 14.769855398000061 ], [ -91.306886354999961, 14.771360641000058 ], [ -91.301253348999978, 14.773779841000078 ], [ -91.297357000999966, 14.777115496000022 ], [ -91.297002517999942, 14.778129646000025 ], [ -91.297923279999964, 14.784831268000062 ], [ -91.299381841999946, 14.787860687000034 ], [ -91.299953363999975, 14.789021754000032 ], [ -91.301150606999954, 14.790946612000027 ], [ -91.301893864999954, 14.792721260000064 ], [ -91.302486201999955, 14.794493663000026 ], [ -91.30313197199996, 14.796936396000035 ], [ -91.304669822999983, 14.801211351000063 ], [ -91.304654595999978, 14.803021082000043 ], [ -91.304525620999982, 14.804973455000038 ], [ -91.304189174999976, 14.805531328000029 ], [ -91.301133396999944, 14.807099487000073 ], [ -91.292620804999956, 14.808388845000025 ], [ -91.289704086999961, 14.809017933000064 ], [ -91.286649803999978, 14.809713745000067 ], [ -91.281906750999951, 14.81148145800006 ], [ -91.276736232999951, 14.815826161000075 ], [ -91.272845427999982, 14.818976045000056 ], [ -91.27080409499996, 14.819610311000076 ], [ -91.265861004999977, 14.820062295000071 ], [ -91.262318550999964, 14.81940406700005 ], [ -91.260371047999968, 14.818537552000066 ], [ -91.258227099999942, 14.816825639000058 ], [ -91.255938905999983, 14.812972939000076 ], [ -91.253065908999986, 14.810957220000034 ], [ -91.249983956999984, 14.809953233000044 ], [ -91.241470044999971, 14.808572281000068 ], [ -91.237023929999964, 14.807048216000055 ], [ -91.235641715999975, 14.805374708000045 ], [ -91.235047005999945, 14.800016489000029 ], [ -91.233333636999987, 14.79622676300005 ] ] ] ] } },
{ "type": "Feature", "properties": { "Codigo": 1501, "datos_finales_color_riesgo": "732600" }, "geometry": { "type": "MultiPolygon", "coordinates": [ [ [ [ -89.997155954999982, 15.139881798000033 ], [ -89.999513276999949, 15.138477335000061 ], [ -90.000165599999946, 15.138119151000069 ], [ -90.021468623999965, 15.128376353000021 ], [ -90.027460799999972, 15.124037121000072 ], [ -90.029857294999942, 15.122340425000061 ], [ -90.039439700999935, 15.115742914000066 ], [ -90.041254188999972, 15.114357898000037 ], [ -90.043195009999977, 15.112784872000077 ], [ -90.044635290999963, 15.11177759900005 ], [ -90.046332962999941, 15.110474536000027 ], [ -90.049347630999989, 15.108419913000034 ], [ -90.056504880999967, 15.110303566000027 ], [ -90.059763029999942, 15.110516424000025 ], [ -90.064323243999979, 15.11106335900007 ], [ -90.06834639799996, 15.112855143000047 ], [ -90.070987558999946, 15.113409790000048 ], [ -90.074655357999973, 15.112821748000044 ], [ -90.076638649999893, 15.113730179000072 ], [ -90.088187455999957, 15.114785758000039 ], [ -90.093879424999955, 15.114418765000039 ], [ -90.097305675999962, 15.114418771000032 ], [ -90.102281717999972, 15.114659863000043 ], [ -90.105447767999976, 15.117009015000065 ], [ -90.106902166999987, 15.117559348000043 ], [ -90.108933612999977, 15.117504068000073 ], [ -90.11041038799999, 15.116661615000055 ], [ -90.114928875999965, 15.113539251000077 ], [ -90.11964227499999, 15.111506387000077 ], [ -90.121909432999985, 15.110944852000046 ], [ -90.127414678999969, 15.110765391000029 ], [ -90.131152703999987, 15.111389737000025 ], [ -90.133788523999954, 15.111670407000076 ], [ -90.141360935999955, 15.112935862000029 ], [ -90.14984468099999, 15.113408775000039 ], [ -90.152009561999989, 15.114370818000054 ], [ -90.154150146999939, 15.116110368000022 ], [ -90.155279568999958, 15.117819114000042 ], [ -90.156082679999898, 15.119249420000074 ], [ -90.157248850999963, 15.120731708000051 ], [ -90.160201792999942, 15.122738835000064 ], [ -90.163293287999977, 15.123290218000022 ], [ -90.175300486999959, 15.126803824000035 ], [ -90.186754401999963, 15.127499983000064 ], [ -90.187973689999978, 15.127091809000035 ], [ -90.191374001999975, 15.124596221000047 ], [ -90.192786680999973, 15.122694549000073 ], [ -90.19475883299998, 15.120842710000034 ], [ -90.196498431999942, 15.120014194000078 ], [ -90.197878769999988, 15.119815684000059 ], [ -90.199388164999959, 15.119701181000039 ], [ -90.20172996299999, 15.120050826000067 ], [ -90.206395377999968, 15.119878250000056 ], [ -90.209831032999944, 15.118344653000065 ], [ -90.214567131999956, 15.115072594000026 ], [ -90.21807827799995, 15.113889766000057 ], [ -90.219896995999989, 15.113713442000062 ], [ -90.223445817999959, 15.112757911000074 ], [ -90.227241006999975, 15.113812690000032 ], [ -90.234060333999935, 15.11351012700004 ], [ -90.237610728999982, 15.112700024000048 ], [ -90.23970892899996, 15.111491658000034 ], [ -90.241404429999989, 15.109654016000036 ], [ -90.243452088999959, 15.103897354000026 ], [ -90.245426368999972, 15.103052075000051 ], [ -90.247747149999952, 15.104399010000066 ], [ -90.249884649999956, 15.104279371000075 ], [ -90.255197615999975, 15.098103851000076 ], [ -90.257498258999988, 15.096496934000072 ], [ -90.259758060999957, 15.095896578000065 ], [ -90.26186291, 15.096369153000069 ], [ -90.263617379999971, 15.097296984000025 ], [ -90.264842209999983, 15.097977919000073 ], [ -90.267047218999949, 15.099208107000038 ], [ -90.271619093999959, 15.099557969000045 ], [ -90.275931794999963, 15.098909943000024 ], [ -90.280538239999942, 15.099103107000076 ], [ -90.283079143999942, 15.098056534000023 ], [ -90.286078568999983, 15.095402030000059 ], [ -90.287012655999945, 15.093270310000037 ], [ -90.28711614599996, 15.091572342000063 ], [ -90.284521026999982, 15.087291511000046 ], [ -90.283745293999971, 15.084050894000029 ], [ -90.283789635999938, 15.081612697000025 ], [ -90.284392195999942, 15.079412649000062 ], [ -90.28592013299999, 15.076765296000076 ], [ -90.287220955999942, 15.073881492000055 ], [ -90.288280411999949, 15.069960585000047 ], [ -90.288509029999943, 15.061820644000022 ], [ -90.289002669999945, 15.058897802000047 ], [ -90.28975305099999, 15.057353201000069 ], [ -90.290786006999951, 15.055145835000076 ], [ -90.29153467399999, 15.053734434000035 ], [ -90.292472460999988, 15.051837535000061 ], [ -90.293487436999953, 15.04976090200006 ], [ -90.294183822999969, 15.042410049000068 ], [ -90.292313331999935, 15.039096563000044 ], [ -90.289823546999969, 15.035792617000027 ], [ -90.287756078999962, 15.033273867000048 ], [ -90.28346609, 15.028611581000064 ], [ -90.280737784999985, 15.025310363000074 ], [ -90.279374244999985, 15.022536924000065 ], [ -90.278503997999962, 15.020577779000064 ], [ -90.277996839999958, 15.01733136200005 ], [ -90.276482782999949, 15.014295305000076 ], [ -90.274927414999979, 15.013328278000074 ], [ -90.27241688099997, 15.013301565000063 ], [ -90.263572642999975, 15.014773688000048 ], [ -90.259970214999953, 15.014562080000076 ], [ -90.257490584999971, 15.014299607000055 ], [ -90.250749955999936, 15.013053058000025 ], [ -90.249268034999943, 15.012440144000038 ], [ -90.246687392999945, 15.009640567000076 ], [ -90.244041164999942, 15.001588006000077 ], [ -90.242928564999943, 14.998812961000056 ], [ -90.24162845799998, 14.995625812000071 ], [ -90.237190809999959, 14.989665022000054 ], [ -90.235137088999977, 14.985660343000063 ], [ -90.23392071699999, 14.982161459000054 ], [ -90.23148750699994, 14.978730210000037 ], [ -90.231525912999984, 14.977956179000046 ], [ -90.230050293999966, 14.975747979000062 ], [ -90.23065493699994, 14.974608257000057 ], [ -90.242575829999964, 14.966141793000077 ], [ -90.246067555999957, 14.964178851000042 ], [ -90.262322241999982, 14.952164067000069 ], [ -90.282764886999985, 14.938032168000063 ], [ -90.288839383999971, 14.933448119000047 ], [ -90.293978042999981, 14.930227984000055 ], [ -90.297583162999956, 14.927197331000059 ], [ -90.298374599999988, 14.927004584000031 ], [ -90.302373725999985, 14.923935588000063 ], [ -90.304078951999941, 14.92328051800007 ], [ -90.317498246999946, 14.913347762000058 ], [ -90.318288219999943, 14.912050678000071 ], [ -90.318972339999959, 14.91086186900003 ], [ -90.319250128999954, 14.910370586000056 ], [ -90.319651423999971, 14.90965718800004 ], [ -90.32041086199996, 14.908385703000022 ], [ -90.320691838999949, 14.907870744000036 ], [ -90.320875107999939, 14.907416739000041 ], [ -90.321045992999984, 14.906556119000072 ], [ -90.321067719999974, 14.905738916000075 ], [ -90.320763519999957, 14.904894189000061 ], [ -90.320420007999985, 14.904411437000022 ], [ -90.319799261999947, 14.903719943000056 ], [ -90.319415981999953, 14.90321414400006 ], [ -90.319025871999941, 14.902369539000063 ], [ -90.319057224999938, 14.901712779000036 ], [ -90.319424418999972, 14.900704292000057 ], [ -90.319649311999967, 14.900123187000077 ], [ -90.319602258999964, 14.899281470000062 ], [ -90.319470686999978, 14.898795552000024 ], [ -90.318545311999969, 14.898187434000022 ], [ -90.317678159999957, 14.897987593000039 ], [ -90.31667164299995, 14.897931765000067 ], [ -90.315986926999983, 14.897766800000056 ], [ -90.31538339299999, 14.897515844000054 ], [ -90.314962850999962, 14.89725461300003 ], [ -90.314521324999987, 14.896859903000063 ], [ -90.313764928999944, 14.896015512000076 ], [ -90.313084482999955, 14.895507348000024 ], [ -90.311988765999956, 14.895249482000054 ], [ -90.311176585999988, 14.895206076000022 ], [ -90.310571270999958, 14.895099610000045 ], [ -90.310082422999983, 14.894870313000069 ], [ -90.30929867499998, 14.894360924000068 ], [ -90.308719196999959, 14.893997329000058 ], [ -90.30810784, 14.893489965000072 ], [ -90.307575189999966, 14.893049013000052 ], [ -90.307179258999952, 14.892677408000054 ], [ -90.306681684999944, 14.892170251000039 ], [ -90.305939700999943, 14.891104714000051 ], [ -90.305445179999936, 14.890352581000059 ], [ -90.304867816999945, 14.889867061000075 ], [ -90.304207561999988, 14.889558961000034 ], [ -90.303571492999936, 14.889173237000023 ], [ -90.303315354999938, 14.888624882000045 ], [ -90.303289956999947, 14.887866975000065 ], [ -90.303517567999961, 14.88706914200003 ], [ -90.303882166999983, 14.886271792000059 ], [ -90.303812512999968, 14.885664659000042 ], [ -90.304328385999952, 14.885352332000025 ], [ -90.305240945999969, 14.884462064000047 ], [ -90.305659833999982, 14.883779383000046 ], [ -90.30582633299997, 14.883226966000052 ], [ -90.305994469999973, 14.882542465000029 ], [ -90.306139403999964, 14.881856562000053 ], [ -90.306308928999954, 14.881060300000058 ], [ -90.306475420999959, 14.880507881000028 ], [ -90.30682746399998, 14.879691179000076 ], [ -90.307268140999952, 14.879075365000062 ], [ -90.308118887999967, 14.878532109000048 ], [ -90.308735748999936, 14.878406119000033 ], [ -90.309603632999938, 14.878305656000066 ], [ -90.310902264999982, 14.878342344000032 ], [ -90.311677112999973, 14.87839546400005 ], [ -90.312361618999944, 14.878338004000057 ], [ -90.312775530999943, 14.878053811000029 ], [ -90.313286872999981, 14.877261545000067 ], [ -90.313566273999982, 14.876777055000048 ], [ -90.314234735999946, 14.876186474000065 ], [ -90.314716289999978, 14.875970814000027 ], [ -90.315401982999958, 14.875863675000062 ], [ -90.316130897999983, 14.875875596000071 ], [ -90.316836418999969, 14.87599563200007 ], [ -90.318585740999936, 14.876481278000028 ], [ -90.319904297999983, 14.876784609000026 ], [ -90.320927911999945, 14.876952385000038 ], [ -90.321952945999953, 14.87705242800007 ], [ -90.322771931999966, 14.877151192000042 ], [ -90.323592319999989, 14.877183351000042 ], [ -90.324162537999939, 14.877167425000039 ], [ -90.324848202999988, 14.877109938000046 ], [ -90.325533518999976, 14.876939538000045 ], [ -90.326491005999969, 14.876963124000042 ], [ -90.32771338799995, 14.877629988000024 ], [ -90.329006333999985, 14.878176856000039 ], [ -90.329845543999966, 14.87851971300006 ], [ -90.330526524999982, 14.87874894600003 ], [ -90.331504894999966, 14.878916150000066 ], [ -90.33225626699999, 14.878991512000027 ], [ -90.332963189999987, 14.878999737000072 ], [ -90.33364663499998, 14.879029139000068 ], [ -90.33464982299995, 14.879019351000068 ], [ -90.33535892499998, 14.878850326000077 ], [ -90.335840486999984, 14.878633491000073 ], [ -90.336602204999963, 14.877866650000044 ], [ -90.336997229999952, 14.877227651000055 ], [ -90.337486394999985, 14.876391025000032 ], [ -90.337811872999964, 14.875884450000058 ], [ -90.338526906999959, 14.875183676000063 ], [ -90.339043765999975, 14.874927721000063 ], [ -90.33996018, 14.874561235000044 ], [ -90.340463392999936, 14.87442367400007 ], [ -90.341114395999966, 14.874304764000044 ], [ -90.341752243999963, 14.874312158000066 ], [ -90.342343741999969, 14.87440708400004 ], [ -90.343367421999972, 14.874618797000039 ], [ -90.343935193999982, 14.874802643000066 ], [ -90.34468624699997, 14.87495135100005 ], [ -90.345280386999946, 14.874878061000061 ], [ -90.34627915499999, 14.874327326000071 ], [ -90.34707020899998, 14.87386338500005 ], [ -90.347621034999975, 14.87358183300006 ], [ -90.348445774999959, 14.87325828400003 ], [ -90.349107376999939, 14.873221895000029 ], [ -90.349609191999946, 14.873245760000032 ], [ -90.350246721999952, 14.873279098000069 ], [ -90.350747682999952, 14.873372956000026 ], [ -90.351611682999987, 14.873494715000049 ], [ -90.353889831999936, 14.873654248000037 ], [ -90.354790614999956, 14.873663511000075 ], [ -90.355441147999954, 14.873582942000041 ], [ -90.356173353999964, 14.873326040000052 ], [ -90.357135594999988, 14.872960006000028 ], [ -90.35814391599996, 14.872527882000043 ], [ -90.35883112099998, 14.87224787100007 ], [ -90.359289739999952, 14.872053298000026 ], [ -90.359862114999942, 14.871860035000054 ], [ -90.360364644999947, 14.871777747000067 ], [ -90.361049212999944, 14.871761912000068 ], [ -90.361864706999938, 14.872149548000039 ], [ -90.363016185999982, 14.873071732000028 ], [ -90.363796888999957, 14.873600103000058 ], [ -90.364396839999984, 14.873908474000075 ], [ -90.365171135999958, 14.873961406000035 ], [ -90.365790174999972, 14.873702045000073 ], [ -90.366593562999981, 14.873223489000054 ], [ -90.367097984999987, 14.872985390000053 ], [ -90.367990917999975, 14.872685130000036 ], [ -90.36924376799999, 14.87276612200003 ], [ -90.369905647999985, 14.872707095000067 ], [ -90.37043511, 14.872270550000053 ], [ -90.371102364999956, 14.871767833000035 ], [ -90.371583063999935, 14.871618651000063 ], [ -90.372608409999941, 14.871695889000023 ], [ -90.373449837999942, 14.87186134500007 ], [ -90.374379987999987, 14.872226540000042 ], [ -90.375695427999972, 14.872796 ], [ -90.376670891999936, 14.873206871000036 ], [ -90.377239507999946, 14.87332402800007 ], [ -90.378285845999983, 14.873490683000057 ], [ -90.379080422999948, 14.873787694000043 ], [ -90.380174484999941, 14.873800194000069 ], [ -90.380699961999937, 14.873740706000035 ], [ -90.381180900999937, 14.873523759000022 ], [ -90.381753800999945, 14.873286407000023 ], [ -90.382279821999987, 14.873181757000054 ], [ -90.383237179999981, 14.87317009800006 ], [ -90.384923070999946, 14.873301112000036 ], [ -90.385858599999949, 14.873222576000046 ], [ -90.387203127999953, 14.873260479000066 ], [ -90.387975615999949, 14.87351317200006 ], [ -90.388699946999964, 14.873908715000027 ], [ -90.389746613999989, 14.874097907000078 ], [ -90.390502015999971, 14.873841153000058 ], [ -90.391372829999966, 14.873496511000042 ], [ -90.391852959999937, 14.873346150000032 ], [ -90.392741076999982, 14.873445450000077 ], [ -90.393716870999981, 14.873832546000074 ], [ -90.394349993999981, 14.874283495000043 ], [ -90.394753917999935, 14.874630213000046 ], [ -90.395612211999946, 14.875473273000068 ], [ -90.395971127999985, 14.87594255700003 ], [ -90.396307450999984, 14.876456748000066 ], [ -90.396415356999967, 14.876945766000063 ], [ -90.396599225999978, 14.878699158000074 ], [ -90.396657862999973, 14.879520714000023 ], [ -90.396786860999953, 14.880187245000059 ], [ -90.397078404999945, 14.880611728000076 ], [ -90.397984138999959, 14.881132383000022 ], [ -90.398506142999963, 14.881315586000028 ], [ -90.399182445999941, 14.881944291000025 ], [ -90.39978499099999, 14.883059949000028 ], [ -90.400118095999972, 14.883795417000044 ], [ -90.40058628, 14.884643071000028 ], [ -90.400897807999968, 14.885290220000059 ], [ -90.401588575999938, 14.886650773000042 ], [ -90.401966219999963, 14.887497400000029 ], [ -90.402355029999967, 14.889253121000024 ], [ -90.402454235999983, 14.890517764000037 ], [ -90.402422284999943, 14.891294256000037 ], [ -90.402347942999938, 14.891781205000029 ], [ -90.402016192999952, 14.892819649000046 ], [ -90.401918681999973, 14.893350373000033 ], [ -90.401797410999961, 14.89392599100006 ], [ -90.401945611999963, 14.894880674000035 ], [ -90.402099661999955, 14.89534763100005 ], [ -90.402797891999967, 14.896088368000051 ], [ -90.403295972999956, 14.896381950000034 ], [ -90.403833211999938, 14.897186349000037 ], [ -90.404098172999966, 14.897942494000063 ], [ -90.404479763999973, 14.898413161000065 ], [ -90.404839839999966, 14.898838414000068 ], [ -90.405246251999984, 14.899176118000071 ], [ -90.406150768999964, 14.899806271000045 ], [ -90.406758905999936, 14.900412739000046 ], [ -90.40722958799995, 14.901104595000049 ], [ -90.407833011999969, 14.902153635000047 ], [ -90.408008111999948, 14.902755197000033 ], [ -90.408068648999972, 14.903420955000058 ], [ -90.407992714999978, 14.904041129000063 ], [ -90.407870663999972, 14.904682235000053 ], [ -90.407743607999976, 14.905789623000032 ], [ -90.407749520999971, 14.907186452000076 ], [ -90.407850601999939, 14.908296427000039 ], [ -90.408048287999975, 14.908951314000035 ], [ -90.408359929999961, 14.909544263000043 ], [ -90.40879388899998, 14.91010471900006 ], [ -90.409111818999975, 14.911094070000047 ], [ -90.413559500999952, 14.911360057000024 ], [ -90.416222850999986, 14.912126356000044 ], [ -90.42034556499999, 14.91218755400007 ], [ -90.422591114999989, 14.914497157000028 ], [ -90.424466963999976, 14.914701208000054 ], [ -90.42512170599997, 14.914326921000054 ], [ -90.426498925999965, 14.913496670000029 ], [ -90.427181041999972, 14.913163334000046 ], [ -90.428001427999959, 14.91257861400004 ], [ -90.428405249999969, 14.911869519000049 ], [ -90.428513108999937, 14.911343412000065 ], [ -90.428996069999982, 14.910667948000025 ], [ -90.429586833999963, 14.91039906900005 ], [ -90.43016440599996, 14.910263281000027 ], [ -90.430756914999961, 14.910189763000062 ], [ -90.43130806399995, 14.910078516000056 ], [ -90.431805906999955, 14.910007319000044 ], [ -90.432498347999967, 14.909829905000038 ], [ -90.43310756599999, 14.912165092000066 ], [ -90.435508762999973, 14.915121092000049 ], [ -90.43588065199998, 14.916076026000042 ], [ -90.437245492999978, 14.917415843000072 ], [ -90.448934617999953, 14.927705769000056 ], [ -90.450002153999947, 14.928960910000058 ], [ -90.451842277999958, 14.931373044000054 ], [ -90.453583783999989, 14.933878922000076 ], [ -90.455788348999988, 14.938781568000024 ], [ -90.456147604999956, 14.941607409000028 ], [ -90.455730503999973, 14.947829098000057 ], [ -90.45449574099996, 14.956653467000024 ], [ -90.453684111999962, 14.958748080000078 ], [ -90.452109047999954, 14.964947779000056 ], [ -90.450594593999938, 14.970383671000036 ], [ -90.448821288999966, 14.974471789000063 ], [ -90.447127378999937, 14.980674592000071 ], [ -90.446243361999962, 14.98204905700004 ], [ -90.445417803999987, 14.984907909000071 ], [ -90.445564841999953, 14.988423553000075 ], [ -90.446238394999966, 14.98927234100006 ], [ -90.451485361999971, 14.994878777000054 ], [ -90.452462953999941, 14.995513024000047 ], [ -90.449703265999972, 14.995816363000074 ], [ -90.442001781999977, 14.998024435000048 ], [ -90.44035658699994, 14.999021065000022 ], [ -90.43963568099997, 15.000783496000054 ], [ -90.439167871999985, 15.002265349000027 ], [ -90.438820336999981, 15.004182155000024 ], [ -90.438239659999965, 15.005239294000035 ], [ -90.437507252999978, 15.00693947600007 ], [ -90.437032004999935, 15.008701272000053 ], [ -90.436401949999947, 15.009415709000052 ], [ -90.435282421999943, 15.010015098000054 ], [ -90.43430405099997, 15.009981479000032 ], [ -90.433638876999964, 15.009841864000066 ], [ -90.433021875999941, 15.009510830000067 ], [ -90.430782121999982, 15.007997309000075 ], [ -90.428374691999977, 15.005790825000076 ], [ -90.426639530999978, 15.004783192000048 ], [ -90.426696192999941, 15.002330169000061 ], [ -90.426419282999973, 15.000909942000021 ], [ -90.425571359999935, 14.998329256000034 ], [ -90.424045477999982, 14.997167026000056 ], [ -90.416102598999942, 14.995908331000066 ], [ -90.409020829999974, 14.993524382000032 ], [ -90.402740707999953, 14.992395952000038 ], [ -90.399167429999977, 14.992693907000046 ], [ -90.39420150899997, 14.996144223000044 ], [ -90.39251623499996, 14.99717615000003 ], [ -90.390627101999939, 14.998780451000073 ], [ -90.390099822999957, 15.001738377000038 ], [ -90.390663982999968, 15.001867921000041 ], [ -90.389254254999969, 15.003832247000048 ], [ -90.387583703999951, 15.00598777700003 ], [ -90.386379888999954, 15.007350357000064 ], [ -90.385406469999964, 15.008537177000051 ], [ -90.384293807999939, 15.009900790000074 ], [ -90.383727226999952, 15.010922906000076 ], [ -90.383242909999979, 15.011819505000062 ], [ -90.382482781999954, 15.013088928000059 ], [ -90.382075676999989, 15.013892695000038 ], [ -90.381329364999942, 15.015171301000066 ], [ -90.380460901999982, 15.017653273000064 ], [ -90.37830242299998, 15.021931470000027 ], [ -90.376752501999988, 15.023843251000073 ], [ -90.375731424999969, 15.024783310000032 ], [ -90.374889572999962, 15.02560236000005 ], [ -90.373105724999959, 15.026925393000056 ], [ -90.371996388999946, 15.027670202000024 ], [ -90.371448486999952, 15.028106476000062 ], [ -90.369705192999959, 15.028676828000073 ], [ -90.367748492999965, 15.028648521000036 ], [ -90.364457149999964, 15.027937414000064 ], [ -90.363113701999964, 15.028018931000076 ], [ -90.362031441999989, 15.02835413400004 ], [ -90.360996272999955, 15.028827626000066 ], [ -90.359959574999948, 15.029661282000063 ], [ -90.358944477999955, 15.03105183100007 ], [ -90.35832131899997, 15.032926802000077 ], [ -90.357843980999974, 15.034564096000054 ], [ -90.357161718999976, 15.043259281000076 ], [ -90.356932581999956, 15.050251397000068 ], [ -90.357471362999945, 15.054894894000029 ], [ -90.357157288999986, 15.080093882000028 ], [ -90.357682623999949, 15.088360504000036 ], [ -90.35738663799998, 15.091808704000073 ], [ -90.356802898999945, 15.093011151000042 ], [ -90.35623906699999, 15.094247701000029 ], [ -90.355793233999975, 15.094963985000049 ], [ -90.355540961999964, 15.096238047000043 ], [ -90.355869193999979, 15.103940064000028 ], [ -90.356219010999951, 15.106943034000039 ], [ -90.356391685999938, 15.109938288000023 ], [ -90.356533345999935, 15.111074685000062 ], [ -90.356922730999941, 15.112854180000056 ], [ -90.357197754999959, 15.116453568000054 ], [ -90.357642824999971, 15.120727887000044 ], [ -90.358747600999948, 15.124150678000035 ], [ -90.358919607999951, 15.124996125000052 ], [ -90.359225485999957, 15.126153638000062 ], [ -90.359577778999949, 15.127223625000056 ], [ -90.359833907999985, 15.128691058000072 ], [ -90.360128762999977, 15.13069187900004 ], [ -90.360449593999988, 15.133176259000038 ], [ -90.360782793999988, 15.136914080000054 ], [ -90.361631134999982, 15.140589051000063 ], [ -90.363724545999958, 15.145570264000071 ], [ -90.366300742999954, 15.148415202000024 ], [ -90.367827574999978, 15.149687456000038 ], [ -90.368515560999981, 15.150125671000069 ], [ -90.369861662999938, 15.151068366000061 ], [ -90.373630680999952, 15.153021607000028 ], [ -90.375217973999952, 15.15401676700003 ], [ -90.376903744999936, 15.155087585000047 ], [ -90.377939074999972, 15.155690151000044 ], [ -90.380523312999969, 15.158049546000029 ], [ -90.381483628999945, 15.159600811000075 ], [ -90.38124352899996, 15.163851386000033 ], [ -90.38004430699999, 15.167204456000036 ], [ -90.379519691999974, 15.16836021000006 ], [ -90.37821620599999, 15.170311953000066 ], [ -90.374977828999988, 15.173842218000061 ], [ -90.37433290499996, 15.174381187000051 ], [ -90.372989881999956, 15.175527374000069 ], [ -90.371967837999989, 15.176617455000041 ], [ -90.370383463999985, 15.178145827000037 ], [ -90.36389434199998, 15.182969102000072 ], [ -90.359778158999973, 15.187819997000076 ], [ -90.358366225999987, 15.189818857000034 ], [ -90.355945557999974, 15.192057636000072 ], [ -90.353746054999988, 15.193759281000041 ], [ -90.350973898999939, 15.195786106000071 ], [ -90.34782830599994, 15.199127255000064 ], [ -90.344770693999976, 15.202398249000055 ], [ -90.342185743999948, 15.204409081000051 ], [ -90.340611908999961, 15.205944078000073 ], [ -90.337927520999983, 15.208598373000029 ], [ -90.334984710999947, 15.212055716000066 ], [ -90.334322487999941, 15.213721144000033 ], [ -90.333610399999941, 15.223501730000066 ], [ -90.333613656999944, 15.231089113000053 ], [ -90.330280712999979, 15.232667448000029 ], [ -90.326864550999971, 15.232867276000036 ], [ -90.325242940999942, 15.23208358100004 ], [ -90.320865194999953, 15.229428889000076 ], [ -90.319070435999947, 15.228548248000038 ], [ -90.316842926999982, 15.227545002000056 ], [ -90.314152886999977, 15.226979923000044 ], [ -90.312359409999942, 15.226048444000071 ], [ -90.311091733999945, 15.225056636000033 ], [ -90.309153914999968, 15.222858870000039 ], [ -90.306437937999988, 15.220546763000073 ], [ -90.305031889999952, 15.219879565000042 ], [ -90.30312767199996, 15.218658791000053 ], [ -90.300605660999963, 15.217467842000076 ], [ -90.298451799999953, 15.217226301000039 ], [ -90.29598849499996, 15.218089734000046 ], [ -90.293795602999978, 15.219037684000057 ], [ -90.29203946399997, 15.220655880000038 ], [ -90.290416448999963, 15.222455181000043 ], [ -90.28903152099997, 15.223548307000044 ], [ -90.28786648199997, 15.225266175000058 ], [ -90.287465140999984, 15.227729390000036 ], [ -90.286640567999939, 15.229599262000022 ], [ -90.28334560799999, 15.231960854000022 ], [ -90.28064546, 15.232235249000041 ], [ -90.276882074999946, 15.23177301100003 ], [ -90.269702177999989, 15.230061126000066 ], [ -90.266183456999954, 15.229974267000046 ], [ -90.263258400999973, 15.229884430000027 ], [ -90.262666474999946, 15.229708990000063 ], [ -90.262039603999938, 15.22944844500006 ], [ -90.26135269699995, 15.228570727000033 ], [ -90.260474368999951, 15.226042319000044 ], [ -90.259776156999976, 15.224557054000059 ], [ -90.25795846599999, 15.218966593000061 ], [ -90.255738297999983, 15.215953254000055 ], [ -90.252939469999944, 15.213723134000077 ], [ -90.249852339999961, 15.212971836000065 ], [ -90.244715821999989, 15.214110163000043 ], [ -90.236790782999947, 15.213623332000054 ], [ -90.23446224199995, 15.21359693900007 ], [ -90.228837908999935, 15.211404019000042 ], [ -90.22593487499995, 15.210991119000028 ], [ -90.223980748999963, 15.210965859000055 ], [ -90.221482261999938, 15.211800905000075 ], [ -90.219608622999942, 15.213173146000031 ], [ -90.21485642, 15.219210745000055 ], [ -90.211860915999978, 15.222417111000027 ], [ -90.209050001999969, 15.223301172000049 ], [ -90.206573528999968, 15.223026521000065 ], [ -90.204638833999979, 15.222448124000039 ], [ -90.19811684299998, 15.221944610000037 ], [ -90.195115878999957, 15.222164550000059 ], [ -90.17944941799999, 15.220782929000052 ], [ -90.174822888999984, 15.220754127000077 ], [ -90.174064925999971, 15.220267049000029 ], [ -90.173569261999944, 15.219727953000074 ], [ -90.173057531999973, 15.218694179000067 ], [ -90.171645291999937, 15.212699806000046 ], [ -90.169273273999977, 15.207713907000027 ], [ -90.167933054999935, 15.205388352000057 ], [ -90.167510909999976, 15.204745185000036 ], [ -90.166607500999987, 15.202663335000068 ], [ -90.165458282999964, 15.199055454000074 ], [ -90.164450235999936, 15.195846737000068 ], [ -90.163841803999958, 15.193487499000071 ], [ -90.162386422999987, 15.187830134000023 ], [ -90.161537037999949, 15.184714860000042 ], [ -90.160896393999963, 15.181377565000048 ], [ -90.160500971999966, 15.180174781000062 ], [ -90.159423281999977, 15.177792691000036 ], [ -90.156772825999951, 15.175933760000078 ], [ -90.154349010999965, 15.176119897000035 ], [ -90.150041251999937, 15.178359384000032 ], [ -90.146920277999982, 15.180900562000033 ], [ -90.145716135999976, 15.182229839000058 ], [ -90.14213349299996, 15.185984305000034 ], [ -90.13945926699995, 15.18779384000004 ], [ -90.13628930499999, 15.187399042000038 ], [ -90.13268422699997, 15.185612359000061 ], [ -90.129293770999936, 15.185753146000025 ], [ -90.124978923999947, 15.18694210700005 ], [ -90.121849457999986, 15.188709465000045 ], [ -90.117340870999953, 15.190077538000025 ], [ -90.108415757999978, 15.19568644900005 ], [ -90.106623093999985, 15.196077694000053 ], [ -90.105024408999952, 15.195841503000054 ], [ -90.104282300999955, 15.195618590000038 ], [ -90.103027423999947, 15.19416988200004 ], [ -90.102499680999983, 15.19259394200003 ], [ -90.102149554999983, 15.190184917000067 ], [ -90.103678596999941, 15.184235085000068 ], [ -90.103544488999944, 15.177535705000025 ], [ -90.102570390999972, 15.174043959000073 ], [ -90.10142990199995, 15.170524108000052 ], [ -90.100341222999987, 15.166148105000048 ], [ -90.100065430999962, 15.163360737000062 ], [ -90.099275802999955, 15.157130449000022 ], [ -90.098185839999985, 15.154514354000071 ], [ -90.096777114999952, 15.153200267000045 ], [ -90.095413028999985, 15.152490697000076 ], [ -90.091563156999939, 15.151680211000041 ], [ -90.089588713999945, 15.150009970000042 ], [ -90.088913114999968, 15.148379061000071 ], [ -90.088985461999982, 15.142962541000031 ], [ -90.08860773899994, 15.141221462000033 ], [ -90.086408388999985, 15.138414925000063 ], [ -90.084519864999947, 15.136973805000025 ], [ -90.082537781999974, 15.136340860000075 ], [ -90.078449775999957, 15.137328791000073 ], [ -90.076499528999989, 15.138314994000041 ], [ -90.075302632999978, 15.139068241000075 ], [ -90.07323889099996, 15.138882314000057 ], [ -90.069972932999974, 15.137344198000051 ], [ -90.065019432999975, 15.136157752000031 ], [ -90.057268569999962, 15.132969436000053 ], [ -90.052037008999946, 15.131402078000065 ], [ -90.045357880999973, 15.131280897000067 ], [ -90.04038853899999, 15.132850349000023 ], [ -90.039189841999985, 15.133519831000058 ], [ -90.034959245999971, 15.134023067000044 ], [ -90.032454104999943, 15.135085103000051 ], [ -90.03058376499996, 15.136249154000041 ], [ -90.026845997999942, 15.13977942300005 ], [ -90.022050005999972, 15.14281025400004 ], [ -90.016900840999938, 15.144621690000065 ], [ -90.015777588999981, 15.145040296000047 ], [ -90.013109713999938, 15.145428287000072 ], [ -90.009279260999961, 15.145848241000067 ], [ -90.006087918999981, 15.145569986000055 ], [ -90.003148182999951, 15.144590658000027 ], [ -90.000407160999941, 15.143284335000033 ], [ -89.998635341999943, 15.141897186000051 ], [ -89.997155954999982, 15.139881798000033 ] ] ] ] } },
{ "type": "Feature", "properties": { "Codigo": 1315, "datos_finales_color_riesgo": "732600" }, "geometry": { "type": "MultiPolygon", "coordinates": [ [ [ [ -91.536176490999935, 15.638770368000053 ], [ -91.530084706999958, 15.638100339000061 ], [ -91.526607546999969, 15.637018412000032 ], [ -91.525619325999969, 15.636627650000037 ], [ -91.522411597999962, 15.635537301000056 ], [ -91.508488005999936, 15.633358657000031 ], [ -91.505464798999981, 15.632568714000058 ], [ -91.504201271999989, 15.631808812000031 ], [ -91.500128617999962, 15.631209351000052 ], [ -91.498676812999975, 15.630692158000045 ], [ -91.496921460999943, 15.63015480200005 ], [ -91.495669327999963, 15.629518077000057 ], [ -91.494731360999936, 15.62888576000006 ], [ -91.492569678999985, 15.626762800000051 ], [ -91.490674976999969, 15.623849703000076 ], [ -91.489645761999952, 15.62119787000006 ], [ -91.489248108999959, 15.618110908000062 ], [ -91.489213888999984, 15.614427678000027 ], [ -91.489574255999969, 15.602704437000057 ], [ -91.489319356999943, 15.595880095000041 ], [ -91.49160578499999, 15.591651300000024 ], [ -91.492333482999982, 15.588888388000044 ], [ -91.492810979999945, 15.586227691000033 ], [ -91.492611110999974, 15.582228112000053 ], [ -91.491551301999948, 15.576758465000069 ], [ -91.490380280999943, 15.573996084000044 ], [ -91.488444774999948, 15.569231045000038 ], [ -91.48776787099996, 15.567761103000066 ], [ -91.48690899199994, 15.566155465000065 ], [ -91.486192828999947, 15.563841319000062 ], [ -91.486098929999969, 15.560666059000027 ], [ -91.486942715999987, 15.55747690100003 ], [ -91.487862290999942, 15.555875569000023 ], [ -91.494765762999975, 15.55057567800003 ], [ -91.496696769999971, 15.54970086000003 ], [ -91.500127514999974, 15.547793465000041 ], [ -91.505496860999983, 15.544829269000047 ], [ -91.508389937999937, 15.54190920700006 ], [ -91.510555509999961, 15.537402502000077 ], [ -91.511826284999984, 15.531397309000056 ], [ -91.512276422999946, 15.523145099000033 ], [ -91.509649355999954, 15.499845032000053 ], [ -91.509931606999942, 15.495578648000048 ], [ -91.509489046999988, 15.487588162000065 ], [ -91.509969618999946, 15.484743234000064 ], [ -91.510591226999964, 15.480340166000076 ], [ -91.512263904999941, 15.478749398000048 ], [ -91.514446345999943, 15.480572836000022 ], [ -91.520957062999969, 15.482535936000033 ], [ -91.530331908999983, 15.486598964000052 ], [ -91.533077127999945, 15.487377526000046 ], [ -91.538216686999988, 15.487808106000045 ], [ -91.541831553999941, 15.48860473700006 ], [ -91.542726774999949, 15.489206035000052 ], [ -91.545650276999936, 15.489575513000034 ], [ -91.550860155999942, 15.49113378900006 ], [ -91.55252653299999, 15.491174077000039 ], [ -91.565329774999952, 15.494972272000041 ], [ -91.570645646999935, 15.49734200100005 ], [ -91.575875022999981, 15.500452194000047 ], [ -91.57908975099997, 15.502828515000033 ], [ -91.587002490999964, 15.50616020700005 ], [ -91.593449013999987, 15.506834032000029 ], [ -91.60504470699999, 15.506455603000063 ], [ -91.609821271999976, 15.507092417000024 ], [ -91.612261636999961, 15.507989006000059 ], [ -91.616974897999967, 15.511229511000067 ], [ -91.625287858999968, 15.520354983000061 ], [ -91.632199279999952, 15.526704583000026 ], [ -91.637740125999983, 15.534643095000035 ], [ -91.640146295999955, 15.536915343000032 ], [ -91.641600767999989, 15.53743836600006 ], [ -91.649616202999937, 15.537367814000049 ], [ -91.70650369399999, 15.549885974000063 ], [ -91.734936670999957, 15.55613670300005 ], [ -91.734055581999939, 15.556638861000067 ], [ -91.715750014999969, 15.566138846000058 ], [ -91.712296199999969, 15.567185522000045 ], [ -91.709333349999952, 15.568083364000074 ], [ -91.696583354999973, 15.581777798000076 ], [ -91.691736883999965, 15.589654679000034 ], [ -91.680030220999981, 15.597476258000029 ], [ -91.678923115999964, 15.599336092000044 ], [ -91.676138529999946, 15.603406297000049 ], [ -91.67156444799997, 15.610457815000075 ], [ -91.666787836999958, 15.614888713000028 ], [ -91.660688840999967, 15.620444081000073 ], [ -91.652165972999967, 15.627966518000051 ], [ -91.647339078999948, 15.633662840000056 ], [ -91.64063564099996, 15.63685907200005 ], [ -91.627953038999976, 15.64045744200007 ], [ -91.62391742799997, 15.640401648000022 ], [ -91.613499965999949, 15.641552819000026 ], [ -91.605120974999977, 15.641090691000045 ], [ -91.599286893999988, 15.641464751000058 ], [ -91.59768257799999, 15.641201419000026 ], [ -91.585705121999979, 15.643264317000046 ], [ -91.567597252999974, 15.643337693000035 ], [ -91.563086380999948, 15.643893407000064 ], [ -91.558883954999942, 15.643853394000075 ], [ -91.551453020999986, 15.644811047000076 ], [ -91.547870073999945, 15.643978426000047 ], [ -91.544664295999951, 15.641834322000022 ], [ -91.538841548999983, 15.639295405000041 ], [ -91.536176490999935, 15.638770368000053 ] ] ] ] } },
{ "type": "Feature", "properties": { "Codigo": 1320, "datos_finales_color_riesgo": "732600" }, "geometry": { "type": "MultiPolygon", "coordinates": [ [ [ [ -91.512263904999941, 15.478749398000048 ], [ -91.510812818999966, 15.47566551500006 ], [ -91.509843056999955, 15.471176043000071 ], [ -91.511310071999958, 15.463061680000067 ], [ -91.51253010399995, 15.460806929000057 ], [ -91.512743695999973, 15.454382181000028 ], [ -91.51139623499995, 15.449201008000045 ], [ -91.50695587499996, 15.437725370000067 ], [ -91.506962840999961, 15.436099667000065 ], [ -91.50637044399997, 15.434406668000065 ], [ -91.505988564999939, 15.426976930000023 ], [ -91.506069853999975, 15.423997118000045 ], [ -91.507322593999959, 15.41631852200004 ], [ -91.510745359999987, 15.406364393000047 ], [ -91.511353209999982, 15.405883783000036 ], [ -91.511532544999966, 15.404494219000071 ], [ -91.515051049999954, 15.396741444000043 ], [ -91.515581719999943, 15.395068387000038 ], [ -91.518330892999984, 15.391326786000036 ], [ -91.522064764999982, 15.38450057600005 ], [ -91.52289254499999, 15.379321463000053 ], [ -91.525147737999987, 15.377717426000061 ], [ -91.526178545999983, 15.377512977000038 ], [ -91.527527318999944, 15.376137906000054 ], [ -91.527792461999979, 15.370797999000047 ], [ -91.528406221999944, 15.369620288000021 ], [ -91.52861919899999, 15.36590128000006 ], [ -91.530253466999966, 15.358413617000053 ], [ -91.531607639999947, 15.355328033000035 ], [ -91.533931898999981, 15.353289355000072 ], [ -91.53484604199997, 15.353767619000052 ], [ -91.535243990999959, 15.353386101000069 ], [ -91.537930772999971, 15.354454449000059 ], [ -91.54199538499995, 15.35731009400007 ], [ -91.552268395999988, 15.366841429000033 ], [ -91.559575004999942, 15.373621313000058 ], [ -91.562525032999986, 15.375670638000031 ], [ -91.575806735999947, 15.383219530000076 ], [ -91.57779286799996, 15.383808436000038 ], [ -91.587885061999941, 15.384065900000053 ], [ -91.595240434999937, 15.385841071000073 ], [ -91.619984982999938, 15.386181184000066 ], [ -91.621717987999943, 15.386863045000041 ], [ -91.625596106999978, 15.39135665200007 ], [ -91.627209620999963, 15.396950253000057 ], [ -91.626745427999936, 15.401402318000066 ], [ -91.626134174999947, 15.403327165000064 ], [ -91.624738746999981, 15.406369083000072 ], [ -91.62253973299994, 15.408691954000062 ], [ -91.622537634999958, 15.411132380000026 ], [ -91.620626729999969, 15.413555305000045 ], [ -91.619370508999964, 15.414188108000076 ], [ -91.613465625999936, 15.419267191000074 ], [ -91.611076257999969, 15.421363900000074 ], [ -91.605700098999989, 15.426130836000027 ], [ -91.602460577999977, 15.429054768000071 ], [ -91.598615262999942, 15.431374908000066 ], [ -91.597140752999962, 15.433181200000035 ], [ -91.594534943999975, 15.437965304000045 ], [ -91.593637011999988, 15.43976053800003 ], [ -91.593117740999958, 15.452075617000048 ], [ -91.593730090999941, 15.45670947800005 ], [ -91.595861344999946, 15.461719032000076 ], [ -91.596009994999974, 15.468962074000046 ], [ -91.595610356999941, 15.472337688000039 ], [ -91.595192494999935, 15.472627657000032 ], [ -91.59498887699999, 15.475523202000034 ], [ -91.593558148999989, 15.481225320000021 ], [ -91.590187671999956, 15.48732631200005 ], [ -91.584108712999978, 15.493934143000047 ], [ -91.577490538999939, 15.498915898000064 ], [ -91.575875022999981, 15.500452194000047 ], [ -91.570645646999935, 15.49734200100005 ], [ -91.565329774999952, 15.494972272000041 ], [ -91.55252653299999, 15.491174077000039 ], [ -91.550860155999942, 15.49113378900006 ], [ -91.545650276999936, 15.489575513000034 ], [ -91.542726774999949, 15.489206035000052 ], [ -91.541831553999941, 15.48860473700006 ], [ -91.538216686999988, 15.487808106000045 ], [ -91.533077127999945, 15.487377526000046 ], [ -91.530331908999983, 15.486598964000052 ], [ -91.520957062999969, 15.482535936000033 ], [ -91.514446345999943, 15.480572836000022 ], [ -91.512263904999941, 15.478749398000048 ] ] ] ] } },
{ "type": "Feature", "properties": { "Codigo": 710, "datos_finales_color_riesgo": "732600" }, "geometry": { "type": "MultiPolygon", "coordinates": [ [ [ [ -91.138522368999986, 14.73976159700004 ], [ -91.141276713999957, 14.73649983100006 ], [ -91.145956181999964, 14.731235877000074 ], [ -91.146566255999971, 14.731429417000072 ], [ -91.147438959999988, 14.732067887000028 ], [ -91.148062247999974, 14.732484072000034 ], [ -91.148868799999946, 14.732778588000031 ], [ -91.14945992, 14.732949377000068 ], [ -91.150313907999987, 14.733056745000056 ], [ -91.151509912999984, 14.733143118000044 ], [ -91.15462175, 14.733091138000077 ], [ -91.15548696899998, 14.733174852000047 ], [ -91.155976327999952, 14.733300756000062 ], [ -91.156919014999971, 14.733696873000042 ], [ -91.157803899999976, 14.734203232000027 ], [ -91.15830028299996, 14.734805908000055 ], [ -91.158692829999893, 14.735541056000045 ], [ -91.159098570999959, 14.736087656000052 ], [ -91.159459860999959, 14.736467838000067 ], [ -91.160988780999958, 14.737622093000027 ], [ -91.162674985999956, 14.739055485000051 ], [ -91.163203956999951, 14.739858362000064 ], [ -91.163393052999936, 14.74042582900006 ], [ -91.163593482999943, 14.741026146000024 ], [ -91.163939828999958, 14.741806109000038 ], [ -91.164058029999978, 14.742661079000072 ], [ -91.163967627999966, 14.745344456000055 ], [ -91.164063729999953, 14.746065950000059 ], [ -91.164470713999947, 14.746467954000025 ], [ -91.16520316499998, 14.746818317000077 ], [ -91.165738295999972, 14.746889214000078 ], [ -91.166670101999955, 14.747207264000053 ], [ -91.167178870999976, 14.747446269000022 ], [ -91.166959777999978, 14.749212467000063 ], [ -91.161406517999978, 14.751397204000057 ], [ -91.160607778999974, 14.751267717000076 ], [ -91.159371965999981, 14.752312987000039 ], [ -91.156771191999951, 14.752987007000058 ], [ -91.154027777999943, 14.754674293000051 ], [ -91.147362009999938, 14.757288082000059 ], [ -91.140803246999951, 14.758290500000044 ], [ -91.139123296999969, 14.759264294000047 ], [ -91.137616818999959, 14.760859655000047 ], [ -91.13446739699998, 14.763709208000023 ], [ -91.130435607999971, 14.765810516000045 ], [ -91.126077442999986, 14.766702635000058 ], [ -91.118016802999989, 14.767155592000051 ], [ -91.119024853999974, 14.765559710000048 ], [ -91.122068559999946, 14.762472309000032 ], [ -91.126219447999972, 14.760019662000047 ], [ -91.129682656999989, 14.758626628000059 ], [ -91.134378048999963, 14.755264333000071 ], [ -91.135262324999985, 14.754209596000067 ], [ -91.138036310999951, 14.752694502000054 ], [ -91.139910922999945, 14.748887968000076 ], [ -91.140110250999953, 14.745374082000069 ], [ -91.138522368999986, 14.73976159700004 ] ] ] ] } },
{ "type": "Feature", "properties": { "Codigo": 924, "datos_finales_color_riesgo": "732600" }, "geometry": { "type": "MultiPolygon", "coordinates": [ [ [ [ -91.639431702999957, 14.955532892000065 ], [ -91.64073463599999, 14.949514997000051 ], [ -91.641606709999962, 14.945840161000035 ], [ -91.641956243999971, 14.942648062000046 ], [ -91.642098177999969, 14.940867083000057 ], [ -91.642170201999988, 14.939022411000053 ], [ -91.642203973999983, 14.937254346000032 ], [ -91.642118190999952, 14.936480997000047 ], [ -91.641874046999988, 14.93557338100004 ], [ -91.641096137999966, 14.932784728000058 ], [ -91.640526074999968, 14.930486546000054 ], [ -91.641691611999988, 14.92974662000006 ], [ -91.643209566999985, 14.92691736300003 ], [ -91.644986915999937, 14.925616102000049 ], [ -91.647093414999972, 14.92259143900003 ], [ -91.649356756999964, 14.921050086000037 ], [ -91.6541734, 14.919720344000041 ], [ -91.664067232999969, 14.915675677000024 ], [ -91.666527479999957, 14.91533862600005 ], [ -91.674587237999958, 14.912260145000062 ], [ -91.677391355999987, 14.909739739000031 ], [ -91.677796857999965, 14.908791834000056 ], [ -91.682191542999988, 14.904177793000031 ], [ -91.683260489999952, 14.903321824000045 ], [ -91.68488303, 14.903526620000036 ], [ -91.689108357999942, 14.90525586800004 ], [ -91.695376262999957, 14.906053217000022 ], [ -91.696366062999971, 14.906178623000073 ], [ -91.696881291999944, 14.906193984000026 ], [ -91.697514526999953, 14.906197586000076 ], [ -91.698497302999954, 14.906138770000041 ], [ -91.699654682999949, 14.906125006000025 ], [ -91.700900483999988, 14.905898184000023 ], [ -91.70291767599997, 14.90453 ], [ -91.704165374999945, 14.903984535000063 ], [ -91.705105453999977, 14.903777428000069 ], [ -91.706983125999955, 14.903681824000046 ], [ -91.70798846799994, 14.903539480000063 ], [ -91.708843044999981, 14.903056177000053 ], [ -91.709568102999981, 14.902273842000056 ], [ -91.71029226099995, 14.901641781000023 ], [ -91.71138801699999, 14.900947401000053 ], [ -91.712822210999946, 14.900198420000038 ], [ -91.71265757599997, 14.904732970000055 ], [ -91.712703213999987, 14.905949015000033 ], [ -91.713017760999946, 14.907668251000075 ], [ -91.713797595999949, 14.90901044900005 ], [ -91.715433183999949, 14.91143764800006 ], [ -91.716893471999981, 14.913059356000076 ], [ -91.719060678999938, 14.915005909000058 ], [ -91.71989173899999, 14.915261400000077 ], [ -91.720872970999949, 14.915373097000042 ], [ -91.721962178999945, 14.915696687000036 ], [ -91.72264071699999, 14.916201030000025 ], [ -91.724261979999937, 14.917831503000059 ], [ -91.725102749999962, 14.919597730000078 ], [ -91.725493622999977, 14.920904962000066 ], [ -91.725550444999953, 14.923883739000075 ], [ -91.723080583999945, 14.924855253000032 ], [ -91.717059335999977, 14.925945827000078 ], [ -91.714492506999989, 14.926506541000037 ], [ -91.710106523999968, 14.928030956000043 ], [ -91.704490822999958, 14.929296350000072 ], [ -91.700649036999948, 14.932387445000074 ], [ -91.697094877999973, 14.937483430000043 ], [ -91.695842638999977, 14.938553088000049 ], [ -91.691477586999952, 14.94155175700007 ], [ -91.687510656999962, 14.943177533000039 ], [ -91.683397896999963, 14.945839642000067 ], [ -91.681405956999981, 14.946889128000066 ], [ -91.677442495999969, 14.950483011000074 ], [ -91.676158000999976, 14.952142165000055 ], [ -91.675208116999954, 14.954003243000045 ], [ -91.674581377999971, 14.956609662000062 ], [ -91.675394749999953, 14.961370106000061 ], [ -91.676391076999948, 14.963500087000057 ], [ -91.671136612999987, 14.967362028000025 ], [ -91.660867645999986, 14.971638497000072 ], [ -91.659821888999943, 14.97177810900007 ], [ -91.658600455999988, 14.971664720000035 ], [ -91.657585129999973, 14.97121018200005 ], [ -91.654963993999957, 14.969193715000074 ], [ -91.650662265999983, 14.964580985000055 ], [ -91.644910608999965, 14.958620676000066 ], [ -91.642977716999951, 14.957166335000068 ], [ -91.640713915999982, 14.956219585000042 ], [ -91.639431702999957, 14.955532892000065 ] ] ] ] } },
{ "type": "Feature", "properties": { "Codigo": 1101, "datos_finales_color_pelyexp": "732600" }, "geometry": { "type": "MultiPolygon", "coordinates": [ [ [ [ -91.65455549699999, 14.52131935400007 ], [ -91.655220343999986, 14.520801142000039 ], [ -91.655614807999939, 14.520400020000068 ], [ -91.655901083999936, 14.519955338000045 ], [ -91.65629733899999, 14.519257056000072 ], [ -91.657052434999969, 14.51694728800004 ], [ -91.657318710999959, 14.516163513000038 ], [ -91.657604909999975, 14.515634086000034 ], [ -91.657936201999973, 14.514935425000033 ], [ -91.658094219999953, 14.514023346000045 ], [ -91.657925458999955, 14.509500409000054 ], [ -91.65799674699997, 14.508544896000046 ], [ -91.65819786899999, 14.507696341000042 ], [ -91.658287920999953, 14.507187256000066 ], [ -91.65835638599998, 14.506699519000051 ], [ -91.658317753999938, 14.50589252900005 ], [ -91.658255675999953, 14.505319299000064 ], [ -91.658171632999938, 14.504830690000063 ], [ -91.658115030999966, 14.504118510000069 ], [ -91.658075529999962, 14.502685535000069 ], [ -91.658100820999948, 14.502048399000046 ], [ -91.658302125999967, 14.50126424900003 ], [ -91.658740928999975, 14.500715351000053 ], [ -91.659070402999987, 14.500313848000076 ], [ -91.659269850999976, 14.499740982000048 ], [ -91.659122706999938, 14.498848628000076 ], [ -91.658907873999965, 14.498316333000048 ], [ -91.658692650999967, 14.497848443000066 ], [ -91.658434579999948, 14.497274094000034 ], [ -91.658460958999967, 14.496552219000023 ], [ -91.658639710999978, 14.495852685000045 ], [ -91.659278330999939, 14.494666513000027 ], [ -91.659717695999973, 14.49411761500005 ], [ -91.661362627999949, 14.492407238000055 ], [ -91.661692780999942, 14.491793305000044 ], [ -91.66200325599999, 14.490882090000071 ], [ -91.662445921999961, 14.489780667000048 ], [ -91.662625040999956, 14.489016722000031 ], [ -91.662693416999957, 14.488444235000031 ], [ -91.662718504999987, 14.487934779000057 ], [ -91.662743721999959, 14.487403853000046 ], [ -91.662922120999951, 14.486662502000058 ], [ -91.663751268999988, 14.486476260000074 ], [ -91.664295936999963, 14.486542632000067 ], [ -91.66508096299998, 14.486462347000042 ], [ -91.665606006999951, 14.48612521900003 ], [ -91.665935499999989, 14.485617488000059 ], [ -91.666200431999982, 14.485046116000035 ], [ -91.666468531999953, 14.483943691000036 ], [ -91.66669453899999, 14.482607130000076 ], [ -91.667026756999974, 14.481738965000034 ], [ -91.668424656999946, 14.481172879000042 ], [ -91.669036019999965, 14.480943575000026 ], [ -91.669494894999957, 14.480712274000041 ], [ -91.670327307999969, 14.479973486000063 ], [ -91.670722753999939, 14.479487587000051 ], [ -91.672219343999984, 14.476948035000078 ], [ -91.674392125999987, 14.474285728000041 ], [ -91.676410808999947, 14.471982981000053 ], [ -91.677113264999946, 14.471052472000054 ], [ -91.67742309199997, 14.47033218200005 ], [ -91.67746959499999, 14.469822841000052 ], [ -91.677473367999937, 14.469185576000029 ], [ -91.67732616, 14.468293227000061 ], [ -91.675016218999986, 14.464671204000069 ], [ -91.674804266999956, 14.463650805000043 ], [ -91.674988266999947, 14.461953541000071 ], [ -91.675017852999986, 14.460679137000056 ], [ -91.675000851999982, 14.459830457000066 ], [ -91.674547439999969, 14.459148810000045 ], [ -91.673702995999975, 14.458315810000045 ], [ -91.67327053799994, 14.457719024000028 ], [ -91.672903597999948, 14.457122608000077 ], [ -91.67255881799997, 14.456504849000055 ], [ -91.672129519999942, 14.455377010000063 ], [ -91.67170295599999, 14.453887602000066 ], [ -91.671579996999981, 14.452528723000057 ], [ -91.671609596999986, 14.451254318000053 ], [ -91.671782865999944, 14.447752484000034 ], [ -91.671746066999958, 14.446626854000044 ], [ -91.67181968899996, 14.445162869000058 ], [ -91.671932585999969, 14.444504750000021 ], [ -91.672198701999946, 14.443720941000038 ], [ -91.672663785999987, 14.442428648000032 ], [ -91.67339140699994, 14.44105195700007 ], [ -91.673940540999979, 14.440248269000051 ], [ -91.67477566299999, 14.439022460000047 ], [ -91.67525961199999, 14.438260210000067 ], [ -91.675699748999989, 14.437455902000067 ], [ -91.67594351799994, 14.436819983000078 ], [ -91.676033606999965, 14.436290546000066 ], [ -91.676037000999941, 14.435716554000066 ], [ -91.675976636999962, 14.434846160000063 ], [ -91.67551174, 14.432486490000031 ], [ -91.675281659999939, 14.43080836200005 ], [ -91.675263853999979, 14.430192443000067 ], [ -91.675269251999964, 14.429279480000048 ], [ -91.675338946999943, 14.428473093000036 ], [ -91.67543213099998, 14.427517684000065 ], [ -91.675460223999949, 14.426393548000021 ], [ -91.675486771999942, 14.42562872600007 ], [ -91.675577612999973, 14.424971608000021 ], [ -91.675798333999978, 14.424505052000029 ], [ -91.676402348999943, 14.424019174000023 ], [ -91.677129457999968, 14.424088789000052 ], [ -91.677761303999944, 14.424092330000065 ], [ -91.678590089999943, 14.423926351000034 ], [ -91.679246340999953, 14.423526634000041 ], [ -91.679925038999954, 14.422957551000025 ], [ -91.680561052999963, 14.422154325000065 ], [ -91.680870162999952, 14.421540234000076 ], [ -91.681073085999969, 14.420352666000042 ], [ -91.68131413399999, 14.41899016800005 ], [ -91.681368947999943, 14.418146404000026 ], [ -91.68093787, 14.41742196000007 ], [ -91.680769015999942, 14.416465082000059 ], [ -91.680750936999971, 14.415892097000039 ], [ -91.680776133999984, 14.415254950000076 ], [ -91.680866204999973, 14.414724377000027 ], [ -91.681844042999955, 14.411481241000047 ], [ -91.682043950999969, 14.410803258000044 ], [ -91.68226763199999, 14.409828233000042 ], [ -91.68238022, 14.409213039000065 ], [ -91.682540142999983, 14.407940481000026 ], [ -91.682927604999975, 14.405033024000033 ], [ -91.682888993999939, 14.404204557000071 ], [ -91.68270034599999, 14.402866778000032 ], [ -91.682536303999939, 14.401187890000074 ], [ -91.682437428999947, 14.399467557000037 ], [ -91.682573318999971, 14.398534978000043 ], [ -91.682883882999988, 14.397665517000064 ], [ -91.683323774999963, 14.396882654000024 ], [ -91.683415319999938, 14.396097849000057 ], [ -91.683474665999938, 14.394576140000026 ], [ -91.683523940999976, 14.393684883000049 ], [ -91.683637424999972, 14.392815454000072 ], [ -91.683815742999968, 14.392157686000076 ], [ -91.684169174999965, 14.391289593000067 ], [ -91.685044303999973, 14.389621004000048 ], [ -91.685248395999963, 14.389113661000067 ], [ -91.685463452999954, 14.388614289000031 ], [ -91.685686097999962, 14.387808740000025 ], [ -91.685952619999966, 14.386833945000035 ], [ -91.686219856999969, 14.38583542300006 ], [ -91.68642017799999, 14.385178903000053 ], [ -91.686685659999966, 14.384479807000048 ], [ -91.687125014999936, 14.383781676000069 ], [ -91.68779436799997, 14.382702895000023 ], [ -91.689409511999941, 14.380545729000062 ], [ -91.690847955999971, 14.378868932000046 ], [ -91.69229448499999, 14.377392169000075 ], [ -91.694384043999946, 14.375264702000038 ], [ -91.695435472999975, 14.374251279000077 ], [ -91.69592804499996, 14.373962463000055 ], [ -91.696921329999952, 14.373379226000054 ], [ -91.699147874999937, 14.372605022000073 ], [ -91.700830885999949, 14.371510295000064 ], [ -91.70153163399999, 14.370898311000076 ], [ -91.702013857999987, 14.37039134500003 ], [ -91.702407583999957, 14.370054515000049 ], [ -91.702888827999971, 14.369717034000075 ], [ -91.704022594999969, 14.369490469000027 ], [ -91.704915428999982, 14.369537163000075 ], [ -91.705677278999985, 14.369584266000061 ], [ -91.706394605999947, 14.369411912000032 ], [ -91.70746623499997, 14.369105896000065 ], [ -91.709429051999962, 14.368627330000038 ], [ -91.710106726999982, 14.36829429200003 ], [ -91.710959082999977, 14.367616437000038 ], [ -91.712076739999986, 14.36645526600006 ], [ -91.713506304999953, 14.365475446000062 ], [ -91.714044497999964, 14.365106612000034 ], [ -91.714984776999984, 14.364454075000026 ], [ -91.716275893999978, 14.36335710000003 ], [ -91.717151016999935, 14.362746012000059 ], [ -91.717742768999983, 14.362027168000054 ], [ -91.71798692699997, 14.361284970000042 ], [ -91.717948933999935, 14.356455290000042 ], [ -91.718083433999936, 14.355733969000028 ], [ -91.718392968999979, 14.354907379000053 ], [ -91.71885645399999, 14.353912123000043 ], [ -91.719209443999944, 14.353085766000049 ], [ -91.719582765999974, 14.352556697000068 ], [ -91.720129447999966, 14.352114442000072 ], [ -91.721745015999943, 14.35142257900003 ], [ -91.723251390999962, 14.35077192500006 ], [ -91.723753859999988, 14.350562195000066 ], [ -91.724256707999984, 14.350182974000063 ], [ -91.724738477999949, 14.349739227000043 ], [ -91.725092158999985, 14.348786306000022 ], [ -91.725780829999962, 14.346391080000046 ], [ -91.72604542299996, 14.345818476000034 ], [ -91.727887676999956, 14.343557124000029 ], [ -91.72994541099996, 14.34161443000005 ], [ -91.730536925999957, 14.341023230000076 ], [ -91.731019375999949, 14.34045291700005 ], [ -91.731545905999951, 14.339669272000037 ], [ -91.732096572999978, 14.338611170000036 ], [ -91.732352683999977, 14.337996703000044 ], [ -91.732538525999985, 14.337202195000032 ], [ -91.732824748999974, 14.33669410400006 ], [ -91.733131931999935, 14.336270875000025 ], [ -91.733505070999968, 14.335763249000024 ], [ -91.733945251999955, 14.334874047000028 ], [ -91.734101819999978, 14.334131359000025 ], [ -91.734270654999989, 14.332441817000074 ], [ -91.734356002999959, 14.331585751000034 ], [ -91.734861515999967, 14.326895659000058 ], [ -91.734822950999956, 14.325919156000054 ], [ -91.734695907999935, 14.325324111000043 ], [ -91.734312425999974, 14.323856489000036 ], [ -91.734098245999974, 14.323197701000026 ], [ -91.733930509999936, 14.322006944000066 ], [ -91.733617519999939, 14.319543057000033 ], [ -91.733136072999969, 14.31612231400004 ], [ -91.731892628999958, 14.308790049000038 ], [ -91.731407164999951, 14.306091337000055 ], [ -91.730627584999979, 14.301394386000027 ], [ -91.730443555999955, 14.299291647000075 ], [ -91.730449396999973, 14.298250970000026 ], [ -91.729703087999951, 14.295683069000063 ], [ -91.73039005399994, 14.294578229000024 ], [ -91.730543693999948, 14.293113469000048 ], [ -91.730698921999988, 14.292604679000021 ], [ -91.731138893999969, 14.291736941000067 ], [ -91.733032747999971, 14.287924317000034 ], [ -91.733472443999972, 14.287205730000039 ], [ -91.734332810999945, 14.285128885000063 ], [ -91.734709405999979, 14.283985088000065 ], [ -91.73528881499999, 14.281588089000024 ], [ -91.736596621999979, 14.277391505000026 ], [ -91.737102697999944, 14.276502633000064 ], [ -91.738459, 14.275341420000075 ], [ -91.743663055999946, 14.27127160200007 ], [ -91.743969881999988, 14.270891285000062 ], [ -91.744517491999943, 14.270235390000039 ], [ -91.749278090999951, 14.263656784000034 ], [ -91.750625444999969, 14.260203828000044 ], [ -91.75146573699999, 14.257829604000051 ], [ -91.751601444999949, 14.256854003000058 ], [ -91.751803307999978, 14.255751061000069 ], [ -91.751770957999952, 14.253733864000026 ], [ -91.751622704999988, 14.252989556000045 ], [ -91.751345517999937, 14.251990324000076 ], [ -91.75106647399997, 14.251223862000074 ], [ -91.750831327999947, 14.250480228000072 ], [ -91.750725818999967, 14.249863831000027 ], [ -91.750728859999981, 14.249311284000044 ], [ -91.750776159999987, 14.248610939000059 ], [ -91.751063964999958, 14.247784162000073 ], [ -91.754091556999981, 14.243490207000036 ], [ -91.754926376999947, 14.242199592000077 ], [ -91.755388161999974, 14.241330779000066 ], [ -91.755785647999971, 14.24025031900004 ], [ -91.756209092999939, 14.238447928000028 ], [ -91.75621339199995, 14.237662607000061 ], [ -91.756047185999989, 14.236280891000035 ], [ -91.755839390999938, 14.23540745400004 ], [ -91.754996214999949, 14.233260597000026 ], [ -91.75439328799996, 14.232090173000074 ], [ -91.754007681999951, 14.231005630000027 ], [ -91.753129111999954, 14.228452916000037 ], [ -91.751971766999986, 14.22509192800004 ], [ -91.751796197999965, 14.224471777000076 ], [ -91.751396597999985, 14.222880921000069 ], [ -91.751292958999954, 14.221924409000053 ], [ -91.751254069999959, 14.221095921000028 ], [ -91.751301816999955, 14.220310826000059 ], [ -91.751524825999979, 14.219357149000075 ], [ -91.751701489999959, 14.21882697500007 ], [ -91.752318341999967, 14.217555565000055 ], [ -91.753062356999976, 14.21675263000003 ], [ -91.756714232999968, 14.213650604000065 ], [ -91.770985536999945, 14.202938519000043 ], [ -91.775661400999979, 14.199522757000068 ], [ -91.77668891799999, 14.198636438000051 ], [ -91.777083263999941, 14.198213572000043 ], [ -91.779800267999974, 14.194809172000078 ], [ -91.782031352999979, 14.192697250000037 ], [ -91.782534537999936, 14.192168707000064 ], [ -91.783145456999989, 14.191853150000043 ], [ -91.783995560999983, 14.191645025000071 ], [ -91.784953387999963, 14.19154366600003 ], [ -91.785934699999984, 14.191272920000074 ], [ -91.786619649999977, 14.190866200000073 ], [ -91.787108050999962, 14.191263047000064 ], [ -91.788018491999935, 14.191904978000025 ], [ -91.788532503999988, 14.192496314000039 ], [ -91.79104598899994, 14.194663941000044 ], [ -91.792954942999984, 14.195949352000071 ], [ -91.794123410999987, 14.196757546000072 ], [ -91.795951723999963, 14.198405262000051 ], [ -91.798385540999959, 14.200660563000042 ], [ -91.800167929999986, 14.202572442000076 ], [ -91.801759465999965, 14.20421893200006 ], [ -91.803327340999942, 14.206183960000033 ], [ -91.804199671999982, 14.207485575000021 ], [ -91.804535873999953, 14.207872587000054 ], [ -91.80509713899994, 14.208303666000063 ], [ -91.806700965999937, 14.209829279000076 ], [ -91.807698651999942, 14.210868215000062 ], [ -91.808169409999948, 14.211442350000027 ], [ -91.80863276599996, 14.211881973000061 ], [ -91.809021831999985, 14.212351735000027 ], [ -91.809672019999937, 14.212949360000039 ], [ -91.810760151999943, 14.21397517500003 ], [ -91.81165747099999, 14.214719794000075 ], [ -91.812106462999964, 14.215140131000055 ], [ -91.812543410999979, 14.215648546000068 ], [ -91.813216270999988, 14.216344585000058 ], [ -91.813865857999986, 14.217061977000071 ], [ -91.81497580499996, 14.218243828000027 ], [ -91.816264111999942, 14.219767820000072 ], [ -91.81754252099995, 14.221082705000072 ], [ -91.819394184999965, 14.222653540000067 ], [ -91.82073085899998, 14.223573191000071 ], [ -91.823941290999983, 14.226173361000065 ], [ -91.82513101699999, 14.227179278000051 ], [ -91.826579667999965, 14.228297205000047 ], [ -91.82931950599999, 14.230411350000054 ], [ -91.831072387999939, 14.232074284000078 ], [ -91.830259404999936, 14.23348734700005 ], [ -91.82867496099999, 14.235780300000044 ], [ -91.824320105999959, 14.241511819000038 ], [ -91.823332968999978, 14.243429111000069 ], [ -91.822142635999967, 14.246435862000055 ], [ -91.821285658999955, 14.248044162000042 ], [ -91.820049025999936, 14.251143330000048 ], [ -91.818848165999952, 14.260827250000034 ], [ -91.817920028999936, 14.263623953000035 ], [ -91.816796041999964, 14.266312323000022 ], [ -91.816265003999945, 14.268049905000055 ], [ -91.815836633999936, 14.270870543000058 ], [ -91.815474184999971, 14.273711850000041 ], [ -91.815010552999979, 14.274961595000036 ], [ -91.814308606999987, 14.276360444000034 ], [ -91.812905637999961, 14.278091410000059 ], [ -91.811548804999973, 14.279527665000046 ], [ -91.810827556999982, 14.280181728000059 ], [ -91.80978, 14.280749410000055 ], [ -91.808581326999956, 14.28118863900005 ], [ -91.807143915999973, 14.281415355000036 ], [ -91.804814563999969, 14.28170086700004 ], [ -91.802506197999946, 14.282071211000073 ], [ -91.799692834999973, 14.283276319000038 ], [ -91.798304606999977, 14.283838839000055 ], [ -91.794501120999939, 14.285797115000037 ], [ -91.793442557999981, 14.286353363000046 ], [ -91.789566053999977, 14.289166591000026 ], [ -91.785414929999945, 14.292285707000076 ], [ -91.783535832999974, 14.293719115000044 ], [ -91.781873187999963, 14.295407865000072 ], [ -91.780820241999947, 14.29705791400005 ], [ -91.780157447999954, 14.298879459000034 ], [ -91.779670413999952, 14.300446524000051 ], [ -91.779245566999975, 14.30251336200007 ], [ -91.778697042999966, 14.306343488000039 ], [ -91.77872790899994, 14.309746056000051 ], [ -91.77948685299998, 14.314269930000023 ], [ -91.780342182999959, 14.317580684000063 ], [ -91.781132644999957, 14.319816477000074 ], [ -91.782013780999989, 14.322217713000043 ], [ -91.78572279499997, 14.328156747000037 ], [ -91.787025858999982, 14.331098007000037 ], [ -91.789385942999957, 14.334902320000026 ], [ -91.791940380999961, 14.340302027000064 ], [ -91.792423263999979, 14.342978056000049 ], [ -91.792191472999946, 14.345679825000047 ], [ -91.789927541999987, 14.350060571000029 ], [ -91.789779806999945, 14.350807875000044 ], [ -91.789862060999951, 14.351678390000075 ], [ -91.791974348999986, 14.353427095000029 ], [ -91.79410711, 14.354389409000078 ], [ -91.802003996999986, 14.356553853000037 ], [ -91.802631210999948, 14.356962691000035 ], [ -91.80325882599999, 14.35762352100005 ], [ -91.804102773999944, 14.358582629000068 ], [ -91.804568099999983, 14.359684466000033 ], [ -91.804867572999967, 14.364845550000041 ], [ -91.806028587999947, 14.36886177100007 ], [ -91.806865717999983, 14.371115818000021 ], [ -91.806969506999963, 14.372091528000055 ], [ -91.807013769999969, 14.373253390000059 ], [ -91.806759879999959, 14.374679298000046 ], [ -91.806329490999985, 14.37572463500004 ], [ -91.803540572999964, 14.379083595000054 ], [ -91.80202791399995, 14.381130274000043 ], [ -91.800612494999939, 14.382979685000066 ], [ -91.79915465, 14.384411903000057 ], [ -91.798212466999985, 14.385552933000042 ], [ -91.797007691999966, 14.386912972000061 ], [ -91.796070426999961, 14.387240421000058 ], [ -91.79556964599999, 14.387237871000025 ], [ -91.794504081999946, 14.387061813000059 ], [ -91.793397318999951, 14.386462925000046 ], [ -91.792462058999945, 14.386200515000041 ], [ -91.791698276999966, 14.386602280000034 ], [ -91.791325747999963, 14.387110004000021 ], [ -91.790399899999954, 14.388330182000061 ], [ -91.790093128999956, 14.389649570000074 ], [ -91.789792616999989, 14.390667284000074 ], [ -91.789167642999985, 14.391766956000026 ], [ -91.788575108999964, 14.392654353000069 ], [ -91.788328622999984, 14.393969526000035 ], [ -91.788706358999946, 14.395079984000063 ], [ -91.790078459999961, 14.396354859000041 ], [ -91.796475347999944, 14.401023870000074 ], [ -91.799943914999972, 14.403756883000028 ], [ -91.802616004999948, 14.404768225000055 ], [ -91.808108729999958, 14.407869586000061 ], [ -91.812616344999981, 14.411151198000027 ], [ -91.815164753999966, 14.412889503000031 ], [ -91.818692303999967, 14.415399953000076 ], [ -91.819975186999955, 14.416942038000059 ], [ -91.821191127999953, 14.418539151000061 ], [ -91.822627712999974, 14.421286570000063 ], [ -91.823300284999959, 14.42270355200003 ], [ -91.824203351999984, 14.423503575000041 ], [ -91.825332041999957, 14.424393986000041 ], [ -91.827458786999955, 14.425332294000043 ], [ -91.830175459999964, 14.426097230000039 ], [ -91.832121249999943, 14.426946461000057 ], [ -91.833386001999941, 14.427880450000032 ], [ -91.834511540999983, 14.42938891700004 ], [ -91.835592912999971, 14.430809022000062 ], [ -91.837260325999978, 14.432806054000025 ], [ -91.838433090999956, 14.434049186000038 ], [ -91.839839367999957, 14.434871973000043 ], [ -91.840955331999965, 14.435220982000033 ], [ -91.841751703999989, 14.435374055000068 ], [ -91.842479530999981, 14.434880427000053 ], [ -91.843440506999968, 14.434481731000062 ], [ -91.84394227699994, 14.434314689000075 ], [ -91.844531592999942, 14.434146947000045 ], [ -91.845077664999963, 14.433820789000038 ], [ -91.846742089999964, 14.432140704000062 ], [ -91.848287503999984, 14.430375275000074 ], [ -91.848920902999964, 14.429974954000045 ], [ -91.84984796599997, 14.42985178400005 ], [ -91.850523132999967, 14.429898014000059 ], [ -91.851371670999981, 14.430051310000067 ], [ -91.852034848999949, 14.430287319000058 ], [ -91.85290459099997, 14.430716436000068 ], [ -91.854229423999982, 14.431487891000074 ], [ -91.855163839999989, 14.43196929100003 ], [ -91.855609094999977, 14.432195195000077 ], [ -91.856752269999959, 14.432327300000054 ], [ -91.857297866999943, 14.432203383000058 ], [ -91.859135942999956, 14.430672076000064 ], [ -91.859727409999948, 14.429964157000029 ], [ -91.860057189999964, 14.429413176000025 ], [ -91.86018005599999, 14.428851024000039 ], [ -91.860335220999957, 14.428321799000059 ], [ -91.86083929299997, 14.427697075000026 ], [ -91.86196122399997, 14.427670851000073 ], [ -91.862754671999937, 14.428056621000053 ], [ -91.863971776999961, 14.428583421000042 ], [ -91.864983210999981, 14.428970234000076 ], [ -91.865505376999977, 14.429120777000037 ], [ -91.866137496999954, 14.429082005000055 ], [ -91.866901829999961, 14.428692432000048 ], [ -91.86741512499998, 14.428419175000045 ], [ -91.868266887999937, 14.428051487000062 ], [ -91.869439952999983, 14.427658216000054 ], [ -91.870214487999988, 14.427428013000053 ], [ -91.871358608999969, 14.42737020800007 ], [ -91.872099030999948, 14.427352279000047 ], [ -91.872743390999972, 14.427068335000058 ], [ -91.873180733999959, 14.426794699000027 ], [ -91.873901780999972, 14.426363085000048 ], [ -91.874742617999971, 14.425973852000027 ], [ -91.875407780999979, 14.425817691000077 ], [ -91.876029249999988, 14.425704259000042 ], [ -91.876628211999957, 14.425685642000076 ], [ -91.877346537999983, 14.425795281000035 ], [ -91.877879084999961, 14.426073540000061 ], [ -91.87840050899996, 14.426373214000023 ], [ -91.879042629999958, 14.426535599000033 ], [ -91.879673086999958, 14.426479832000041 ], [ -91.88040547199995, 14.426213233000055 ], [ -91.882334327999956, 14.426084517000049 ], [ -91.883250405999945, 14.425950992000026 ], [ -91.883948134999969, 14.42577349000004 ], [ -91.884766711999987, 14.425427053000021 ], [ -91.885412161999966, 14.424920464000024 ], [ -91.885654755999951, 14.424284277000027 ], [ -91.885800586999949, 14.423521072000028 ], [ -91.88590246199999, 14.422736188000044 ], [ -91.88631933399995, 14.422143763000065 ], [ -91.887017736999951, 14.421828391000076 ], [ -91.888329316999943, 14.420963327000038 ], [ -91.888854951999974, 14.420414350000044 ], [ -91.889121190999958, 14.419449434000057 ], [ -91.889264955999977, 14.418982282000059 ], [ -91.889694506999945, 14.418050902000061 ], [ -91.890241851999974, 14.417564177000031 ], [ -91.890972276999946, 14.417451217000064 ], [ -91.891788344999952, 14.417604213000061 ], [ -91.892483059999961, 14.418031232000033 ], [ -91.893363958999942, 14.418322389000025 ], [ -91.894562214999951, 14.418328003000056 ], [ -91.897416385999975, 14.418288239000049 ], [ -91.898135747999959, 14.418185376000054 ], [ -91.899466373999985, 14.417915856000036 ], [ -91.901070025999957, 14.417413686000032 ], [ -91.901997900999959, 14.416993113000046 ], [ -91.902674711999964, 14.416699062000077 ], [ -91.903416040999957, 14.41660758300003 ], [ -91.904210298999942, 14.416717496000047 ], [ -91.904895480999983, 14.416964761000031 ], [ -91.905537442999957, 14.41715871100007 ], [ -91.906256335999956, 14.417150744000025 ], [ -91.90718358, 14.416857840000034 ], [ -91.907990302999963, 14.416670597000063 ], [ -91.908861922999961, 14.416727739000066 ], [ -91.909907610999937, 14.416754040000058 ], [ -91.910670748999962, 14.416588059000048 ], [ -91.911292905999971, 14.416325369000049 ], [ -91.91180535699999, 14.416210209000042 ], [ -91.912546374999977, 14.416181983000058 ], [ -91.914059475999977, 14.416295170000069 ], [ -91.914920391999942, 14.416288959000042 ], [ -91.915649784999971, 14.416387231000044 ], [ -91.91620437499995, 14.416549112000041 ], [ -91.916803279999954, 14.416658086000041 ], [ -91.917445389999955, 14.41670397200005 ], [ -91.917949863999979, 14.416079117000038 ], [ -91.917942022999966, 14.41542140100006 ], [ -91.917947604999938, 14.414264273000072 ], [ -91.918134687999952, 14.413817638000069 ], [ -91.918474391999951, 14.413458713000068 ], [ -91.919085310999947, 14.413238894000074 ], [ -91.919674016999977, 14.413177175000044 ], [ -91.920240639999975, 14.413126656000031 ], [ -91.920806952999953, 14.413140544000044 ], [ -91.921404382999981, 14.413434823000046 ], [ -91.921597310999971, 14.414061743000047 ], [ -91.921757462999949, 14.414754056000049 ], [ -91.922060144999989, 14.415222142000061 ], [ -91.922950308999987, 14.415885014000025 ], [ -91.923491614999989, 14.416641214000038 ], [ -91.924044022999965, 14.417259602000058 ], [ -91.92453296299999, 14.417452807000075 ], [ -91.925143656999978, 14.417402476000063 ], [ -91.925602114999947, 14.417181946000028 ], [ -91.926148703999957, 14.416716597000061 ], [ -91.926958283999966, 14.41605129800007 ], [ -91.92791684499997, 14.415992370000026 ], [ -91.928580708999959, 14.416218001000061 ], [ -91.929353430999981, 14.416349199000024 ], [ -91.929910211999982, 14.416054526000039 ], [ -91.930217623999965, 14.415534972000046 ], [ -91.930232082999964, 14.414812944000062 ], [ -91.929841622999959, 14.414391931000068 ], [ -91.929431210999951, 14.413656676000073 ], [ -91.929641050999976, 14.41305305800006 ], [ -91.930102205999958, 14.412386167000022 ], [ -91.93055262699994, 14.411538417000031 ], [ -91.93120862699999, 14.410978629000056 ], [ -91.93180909299997, 14.410758728000076 ], [ -91.932572507999964, 14.410528261000024 ], [ -91.933532327999956, 14.410321281000051 ], [ -91.934316682999963, 14.41019712800005 ], [ -91.93531918299999, 14.410158705000072 ], [ -91.936103358999958, 14.410193881000055 ], [ -91.938193592999937, 14.410480147000044 ], [ -91.939031611999951, 14.410653418000038 ], [ -91.939640879999956, 14.410900243000071 ], [ -91.940173127999969, 14.411252945000058 ], [ -91.940943986999969, 14.411777352000058 ], [ -91.941639038999938, 14.412151120000033 ], [ -91.942171842999983, 14.412387427000056 ], [ -91.943358571999966, 14.412498963000075 ], [ -91.94415412799998, 14.412459580000075 ], [ -91.944840512999974, 14.412336083000071 ], [ -91.945451836999951, 14.412147836000031 ], [ -91.946369403999938, 14.411556401000041 ], [ -91.946959788999948, 14.411135268000066 ], [ -91.947583193999947, 14.410595625000042 ], [ -91.94843653099997, 14.409729293000055 ], [ -91.949312367999937, 14.408884528000044 ], [ -91.949848918999976, 14.408196456000042 ], [ -91.950166987999978, 14.407741334000036 ], [ -91.950540638999939, 14.407052536000037 ], [ -91.951144867999972, 14.405898056000069 ], [ -91.951815716999988, 14.404627472000072 ], [ -91.952341565999973, 14.403992458000062 ], [ -91.952789308999968, 14.403697243000067 ], [ -91.953465428999948, 14.403530730000057 ], [ -91.954139919999989, 14.403713395000068 ], [ -91.954770390999954, 14.404013387000077 ], [ -91.95519356799997, 14.404387042000053 ], [ -91.95585502099999, 14.405005842000037 ], [ -91.956451762999961, 14.405454846000055 ], [ -91.957212550999941, 14.405781398000045 ], [ -91.958343175999971, 14.406360450000022 ], [ -91.958755847999953, 14.406626700000061 ], [ -91.95898035099998, 14.40746731400003 ], [ -91.959195659999978, 14.408041198000035 ], [ -91.959684504999984, 14.408383495000066 ], [ -91.960381005999977, 14.408449844000074 ], [ -91.96126463, 14.408166698000059 ], [ -91.962084416999971, 14.407522785000026 ], [ -91.963473191999981, 14.406436127000063 ], [ -91.964347309999937, 14.405824083000027 ], [ -91.965077925999935, 14.405656646000068 ], [ -91.965926682999964, 14.405766589000052 ], [ -91.966644655999971, 14.406078233000073 ], [ -91.967448325999953, 14.406538287000046 ], [ -91.968176449999987, 14.406913256000053 ], [ -91.96865497899995, 14.40710632300005 ], [ -91.969166413999972, 14.407203480000021 ], [ -91.96991808599995, 14.40712200300004 ], [ -91.970583533999957, 14.406880813000043 ], [ -91.971369610999943, 14.406502280000041 ], [ -91.972384470999941, 14.406166552000059 ], [ -91.972940591999986, 14.405999463000057 ], [ -91.973529609999957, 14.405864156000064 ], [ -91.974041574999944, 14.405844909000052 ], [ -91.975032265999971, 14.405976904000056 ], [ -91.975814989999947, 14.406330616000048 ], [ -91.976640373999942, 14.406864187000053 ], [ -91.977378709999982, 14.407292283000061 ], [ -91.978215064999972, 14.407837198000038 ], [ -91.97900823599997, 14.408318640000061 ], [ -91.979541171999983, 14.408533394000074 ], [ -91.980325069999935, 14.408632834000059 ], [ -91.981380897999941, 14.408722143000034 ], [ -91.982774789999951, 14.408791432000044 ], [ -91.983478982999941, 14.40882610400007 ], [ -91.985717393999948, 14.408538524000051 ], [ -91.987721608999948, 14.408505309000077 ], [ -91.989333950999935, 14.408469269000022 ], [ -91.990467164999984, 14.408367890000022 ], [ -91.991756071999987, 14.408063759000072 ], [ -91.992593426999974, 14.407878612000047 ], [ -91.993825133999962, 14.407660111000041 ], [ -91.994391641999982, 14.407630883000024 ], [ -91.995762991999982, 14.407945221000034 ], [ -91.996427090999987, 14.408001157000058 ], [ -91.997354298999937, 14.407686417000036 ], [ -91.998689002999981, 14.406470485000057 ], [ -92.000591832999987, 14.404726950000054 ], [ -92.002319074999946, 14.403354445000048 ], [ -92.003432840999949, 14.402796375000037 ], [ -92.003955943999983, 14.402617771000052 ], [ -92.004708079999943, 14.402557657000045 ], [ -92.00553555, 14.402634593000073 ], [ -92.006264012999964, 14.402946166000049 ], [ -92.007133642999975, 14.403321611000024 ], [ -92.007732198999975, 14.403515106000043 ], [ -92.008559763999983, 14.403571692000071 ], [ -92.009180708999963, 14.403552825000077 ], [ -92.009877920999941, 14.403459692000069 ], [ -92.010368803999938, 14.40335665300006 ], [ -92.011011947999975, 14.403167237000048 ], [ -92.011863269999935, 14.402831779000053 ], [ -92.013031153999975, 14.402220774000057 ], [ -92.014276786999972, 14.401460920000034 ], [ -92.015368112999965, 14.400988581000036 ], [ -92.015902078999943, 14.400841638000031 ], [ -92.016784774999962, 14.400750386000027 ], [ -92.017590653999946, 14.400859963000073 ], [ -92.019587078999962, 14.401402776000054 ], [ -92.021512321999978, 14.401920414000074 ], [ -92.021997388999978, 14.402086281000038 ], [ -92.022754831999976, 14.402271357000075 ], [ -92.02362500299995, 14.402529218000041 ], [ -92.024592631999951, 14.402905007000072 ], [ -92.025592246999963, 14.40352501600006 ], [ -92.02639609199997, 14.403973576000055 ], [ -92.026917734999984, 14.404262764000066 ], [ -92.027711926999984, 14.404531599000052 ], [ -92.028919524999935, 14.404918528000053 ], [ -92.030141581999942, 14.405180073000054 ], [ -92.030647200999965, 14.405153895000069 ], [ -92.031781308999939, 14.404839868000067 ], [ -92.032545080999967, 14.404502844000035 ], [ -92.033287672999961, 14.40410244800006 ], [ -92.034029897999972, 14.403786804000049 ], [ -92.034705972999973, 14.403620057000069 ], [ -92.036449361999985, 14.403436192000072 ], [ -92.038127433999989, 14.40334245300005 ], [ -92.043661210999971, 14.403231565000056 ], [ -92.044262967999941, 14.40309048000006 ], [ -92.044993344999966, 14.402557778000073 ], [ -92.04512684599996, 14.401836200000048 ], [ -92.044803963999982, 14.400879985000074 ], [ -92.04437087499997, 14.400347098000054 ], [ -92.042699586999959, 14.398854289000042 ], [ -92.041896365999946, 14.398255486000039 ], [ -92.041114500999981, 14.397679370000048 ], [ -92.038573441999972, 14.395033720000072 ], [ -92.037886992999972, 14.394109920000062 ], [ -92.037605353999936, 14.393683865000071 ], [ -92.037674582999955, 14.392813992000072 ], [ -92.038634275999982, 14.392603182000073 ], [ -92.039426507999963, 14.393596346000038 ], [ -92.040202979999947, 14.39420973700004 ], [ -92.040855412999974, 14.394684756000061 ], [ -92.042531357999962, 14.39589055600004 ], [ -92.046355651999988, 14.398600111000064 ], [ -92.051854828999979, 14.402812553000047 ], [ -92.054138727999941, 14.404360869000072 ], [ -92.056163179999942, 14.405853886000045 ], [ -92.057557257999974, 14.406991786000049 ], [ -92.06263992099997, 14.411091588000033 ], [ -92.06433853599998, 14.412341409000021 ], [ -92.06743185, 14.414608151000039 ], [ -92.069040173999952, 14.415834983000025 ], [ -92.073360065999964, 14.419008290000022 ], [ -92.074249268999949, 14.419462680000038 ], [ -92.075948153999946, 14.42067852200006 ], [ -92.076689650999981, 14.421385465000071 ], [ -92.077622228999985, 14.422433306000073 ], [ -92.07873615699998, 14.423229842000069 ], [ -92.080681071999948, 14.42483197200005 ], [ -92.083481048999943, 14.427316612000027 ], [ -92.086789151999938, 14.429474336000055 ], [ -92.09077083599999, 14.43267994200005 ], [ -92.094730651999953, 14.43573058000004 ], [ -92.096248965999962, 14.43692412300004 ], [ -92.099039310999956, 14.439001728000051 ], [ -92.099613010999974, 14.439366676000077 ], [ -92.102157819999945, 14.440805941000065 ], [ -92.10287786899994, 14.441259586000058 ], [ -92.10580166699998, 14.443778356000053 ], [ -92.106780752999953, 14.444562958000063 ], [ -92.110840058999941, 14.44807479900004 ], [ -92.115250637999964, 14.451500877000058 ], [ -92.115666639999972, 14.451876498000047 ], [ -92.116431592999959, 14.452428592000047 ], [ -92.117208055999981, 14.453003330000058 ], [ -92.11784914399999, 14.453500708000036 ], [ -92.119378606999987, 14.454870449000055 ], [ -92.120346149999989, 14.455666258000065 ], [ -92.121392644999958, 14.45643975400003 ], [ -92.122101811999983, 14.456882005000068 ], [ -92.123982187999957, 14.457944510000061 ], [ -92.124826571999961, 14.458509305000064 ], [ -92.125411453999959, 14.459005328000046 ], [ -92.12646826699995, 14.459966438000038 ], [ -92.127278694999973, 14.460618114000056 ], [ -92.128617575999954, 14.461668407000047 ], [ -92.129371315999947, 14.462287096000068 ], [ -92.130248002999963, 14.463202319000061 ], [ -92.132407463999982, 14.464992444000075 ], [ -92.134039688999962, 14.466075430000046 ], [ -92.136854304999986, 14.467911999000023 ], [ -92.138957918999949, 14.469623885000033 ], [ -92.141028553999945, 14.471325464000074 ], [ -92.143707057999961, 14.473302721000039 ], [ -92.148098259999983, 14.476145030000055 ], [ -92.150427580999974, 14.477868937000039 ], [ -92.153860949999967, 14.480246606000037 ], [ -92.156720653999969, 14.482214205000048 ], [ -92.16004116199997, 14.484567652000067 ], [ -92.162360224999986, 14.486137721000034 ], [ -92.163198665999971, 14.486641755000051 ], [ -92.162907417999975, 14.486952425000027 ], [ -92.162472226999967, 14.487416634000056 ], [ -92.161249983999937, 14.488583301000062 ], [ -92.161170111999979, 14.488673843000072 ], [ -92.161063319999982, 14.488794900000073 ], [ -92.160670687999982, 14.488838906000069 ], [ -92.160211820999962, 14.488918722000051 ], [ -92.159817928999985, 14.489124464000042 ], [ -92.15967451099999, 14.489445108000041 ], [ -92.159517219999941, 14.489796768000076 ], [ -92.15954200499999, 14.490559853000036 ], [ -92.159757019999972, 14.491209897000033 ], [ -92.159875119999981, 14.491674465000074 ], [ -92.159552254999937, 14.491937371000063 ], [ -92.158902506999937, 14.491923344000043 ], [ -92.158480410999971, 14.491630842000063 ], [ -92.158211086999984, 14.49144420600004 ], [ -92.157174375999944, 14.490781341000059 ], [ -92.156444058999966, 14.490209391000064 ], [ -92.155754306999938, 14.489953627000034 ], [ -92.15539156799997, 14.489993415000072 ], [ -92.155144432999975, 14.490162702000077 ], [ -92.155134152999949, 14.490214734000062 ], [ -92.155052355999942, 14.490628754000056 ], [ -92.155247284999973, 14.491148632000034 ], [ -92.15546146, 14.491686991000051 ], [ -92.155731571999979, 14.492038794000052 ], [ -92.15586932399998, 14.492577691000065 ], [ -92.155912374999957, 14.493228952000038 ], [ -92.155707733999975, 14.493975039000077 ], [ -92.155405210999959, 14.49440534200005 ], [ -92.154774698999972, 14.494409785000073 ], [ -92.154161360999979, 14.494153479000033 ], [ -92.153857778999964, 14.494028105000041 ], [ -92.153452214999959, 14.493860613000038 ], [ -92.152896059999989, 14.493585285000051 ], [ -92.152702236999971, 14.493214326000043 ], [ -92.15271761799994, 14.492711581000037 ], [ -92.152789214999984, 14.492059512000026 ], [ -92.152932495999949, 14.491492457000049 ], [ -92.153066786999943, 14.491122389000054 ], [ -92.153064050999944, 14.490753285000039 ], [ -92.152918032999935, 14.490628653000044 ], [ -92.152563375999989, 14.490631148000034 ], [ -92.152234469999939, 14.490845511000032 ], [ -92.151994577999972, 14.491106369000022 ], [ -92.151731375999987, 14.491485197000031 ], [ -92.151720739999973, 14.491493781000031 ], [ -92.151338740999961, 14.491802105000033 ], [ -92.151017137999986, 14.491914317000067 ], [ -92.150766623999971, 14.491829687000063 ], [ -92.150635854999962, 14.491587141000025 ], [ -92.150528686999962, 14.491265892000058 ], [ -92.150521030999982, 14.491214549000063 ], [ -92.150460832999954, 14.490810854000074 ], [ -92.150437194999938, 14.490448293000043 ], [ -92.15043310599998, 14.490331974000071 ], [ -92.150335219999988, 14.490175587000067 ], [ -92.150068296999962, 14.490051803000028 ], [ -92.149818192999987, 14.490022144000022 ], [ -92.149455823999972, 14.490071810000074 ], [ -92.148986783999987, 14.49032214500005 ], [ -92.148933930999988, 14.490350353000053 ], [ -92.148491886999977, 14.49052623700004 ], [ -92.148082263999981, 14.490837561000035 ], [ -92.147972218999939, 14.490972164000027 ], [ -92.147916642999974, 14.490944450000029 ], [ -92.147879400999955, 14.491054116000043 ], [ -92.147800613999948, 14.491154666000057 ], [ -92.14799592199995, 14.491404614000032 ], [ -92.148202440999967, 14.491717314000027 ], [ -92.148311615999944, 14.491946923000057 ], [ -92.148099069999944, 14.49227303400005 ], [ -92.147680775999959, 14.492391156000053 ], [ -92.14736933599994, 14.492424755000059 ], [ -92.147090679999963, 14.492531425000038 ], [ -92.146794572999966, 14.492664879000074 ], [ -92.146661869999946, 14.492681033000054 ], [ -92.146285403999968, 14.492641785000046 ], [ -92.145767755999941, 14.492404565000072 ], [ -92.14545577399997, 14.492364864000024 ], [ -92.14509144699997, 14.492514018000065 ], [ -92.144749385999944, 14.492767732000061 ], [ -92.144386061999967, 14.49305301000004 ], [ -92.144335490999936, 14.493482700000072 ], [ -92.144350021999969, 14.493995708000057 ], [ -92.144256537999979, 14.494436170000029 ], [ -92.143978648999962, 14.494647548000046 ], [ -92.143751949999967, 14.494513003000066 ], [ -92.143308604999959, 14.494149598000035 ], [ -92.142715953999982, 14.493944311000064 ], [ -92.142596193999964, 14.49391078900004 ], [ -92.142279798999937, 14.493822227000067 ], [ -92.142059548999953, 14.493760576000057 ], [ -92.142058973999951, 14.493760415000054 ], [ -92.142058353999971, 14.493760455000029 ], [ -92.141511087999959, 14.493795659000057 ], [ -92.141573815999948, 14.494920930000035 ], [ -92.141783061999945, 14.496029633000035 ], [ -92.142522012999962, 14.496253029000059 ], [ -92.143015287999958, 14.496489026000063 ], [ -92.143422007999959, 14.49710656700006 ], [ -92.143777762999946, 14.497666627000058 ], [ -92.143632709999963, 14.498411167000029 ], [ -92.143325543999936, 14.499175194000031 ], [ -92.142837956999983, 14.499711920000038 ], [ -92.142406301999983, 14.500259137000057 ], [ -92.142290559999935, 14.501228619000074 ], [ -92.142907912999988, 14.503139877000024 ], [ -92.142924379999954, 14.503858103000027 ], [ -92.142704247999973, 14.504305886000054 ], [ -92.14233640399999, 14.504417299000067 ], [ -92.141910456999938, 14.504224367000063 ], [ -92.141101420999973, 14.503940386000068 ], [ -92.141059207999945, 14.503925569000046 ], [ -92.140354866999985, 14.503854303000026 ], [ -92.139797672999975, 14.504043224000043 ], [ -92.139757150999969, 14.504119556000035 ], [ -92.13957729399999, 14.504458354000064 ], [ -92.139594791999968, 14.50531806500004 ], [ -92.139613652999969, 14.50636279500003 ], [ -92.139550869999937, 14.506940084000064 ], [ -92.139373971999987, 14.507191651000028 ], [ -92.138847960999954, 14.507064717000048 ], [ -92.13857094399998, 14.506780949000074 ], [ -92.138510260999965, 14.506718787000068 ], [ -92.138061489999984, 14.506460704000062 ], [ -92.137602428999969, 14.506322415000056 ], [ -92.136977158999969, 14.506370313000048 ], [ -92.136487382999974, 14.50661317600003 ], [ -92.13631449799999, 14.506956150000065 ], [ -92.136101983999936, 14.507377742000074 ], [ -92.135516216999974, 14.508241659000078 ], [ -92.135307556999976, 14.508732893000058 ], [ -92.135063703999947, 14.508995808000066 ], [ -92.134696005999956, 14.509128977000046 ], [ -92.13424779199994, 14.508947071000023 ], [ -92.133810989999972, 14.508797736000076 ], [ -92.133624300999941, 14.50871763300006 ], [ -92.133261835999974, 14.50856211100006 ], [ -92.132611183999984, 14.508196582000039 ], [ -92.131926540999984, 14.50776598300007 ], [ -92.131411303999982, 14.507584537000071 ], [ -92.131269503999988, 14.508053535000045 ], [ -92.131002904999946, 14.508262184000046 ], [ -92.130668320999973, 14.508340697000051 ], [ -92.130265752999946, 14.508289074000061 ], [ -92.129874116999986, 14.508204722000073 ], [ -92.129447553999967, 14.50817177600004 ], [ -92.129209755999966, 14.508149311000068 ], [ -92.128538537999987, 14.508136299000057 ], [ -92.128175227999975, 14.508062245000076 ], [ -92.127192746999981, 14.507650846000047 ], [ -92.126125368999965, 14.507204688000058 ], [ -92.125282205999952, 14.506827657000031 ], [ -92.124354619999963, 14.506480658000044 ], [ -92.122470064999959, 14.505094218000067 ], [ -92.120980090999979, 14.504216049000036 ], [ -92.120721906999961, 14.504138312000066 ], [ -92.120339015999946, 14.504098710000051 ], [ -92.119828363999943, 14.50402768400005 ], [ -92.119345983999949, 14.503986283000074 ], [ -92.118889000999957, 14.503929795000033 ], [ -92.118406549999975, 14.503878451000048 ], [ -92.117854943999987, 14.503787824000028 ], [ -92.117499695999982, 14.50369087200005 ], [ -92.117034539999963, 14.503562372000033 ], [ -92.116686762999962, 14.503440517000058 ], [ -92.116312615999959, 14.503199564000056 ], [ -92.116084481999962, 14.503044580000051 ], [ -92.115758598999946, 14.502775958000029 ], [ -92.115460069999983, 14.502410234000024 ], [ -92.11523419599996, 14.50206429900004 ], [ -92.115111658999979, 14.501848537000058 ], [ -92.114927101999967, 14.501723071000072 ], [ -92.114732894999975, 14.501675128000045 ], [ -92.114556643999947, 14.501638644000025 ], [ -92.113004202999946, 14.502469364000035 ], [ -92.111916595999958, 14.503033473000073 ], [ -92.111534713999959, 14.503133010000056 ], [ -92.110950259999981, 14.503084836000028 ], [ -92.110539243999938, 14.503035471000032 ], [ -92.110388006999983, 14.502932138000062 ], [ -92.110023404999936, 14.50259916400006 ], [ -92.109697366999967, 14.502308169000059 ], [ -92.10936843799999, 14.501969979000023 ], [ -92.109033864999958, 14.501627077000023 ], [ -92.108687431999954, 14.501266420000036 ], [ -92.108039813999937, 14.500762116000033 ], [ -92.107632495999951, 14.501410321000037 ], [ -92.107347492999963, 14.501857088000065 ], [ -92.107193415999973, 14.502092425000058 ], [ -92.108109909999939, 14.502747064000062 ], [ -92.108423477999963, 14.503060633000075 ], [ -92.109067413999981, 14.504031332000068 ], [ -92.109166660999961, 14.504916617000049 ], [ -92.109211827999957, 14.505343792000076 ], [ -92.108989067999971, 14.505334987000026 ], [ -92.108727575999978, 14.505347111000049 ], [ -92.108516040999973, 14.505424324000046 ], [ -92.108237894999945, 14.505577757000026 ], [ -92.107981352999957, 14.505786143000023 ], [ -92.107736110999952, 14.506090878000066 ], [ -92.107312610999941, 14.506675781000069 ], [ -92.107081853999944, 14.507028629000047 ], [ -92.106957485999942, 14.507428962000063 ], [ -92.106909812999959, 14.507680686000072 ], [ -92.106910930999959, 14.507835650000061 ], [ -92.106954365999968, 14.507976548000045 ], [ -92.107101202999957, 14.508240716000046 ], [ -92.107261408999989, 14.508398034000038 ], [ -92.107442898999977, 14.508565537000038 ], [ -92.107623915999966, 14.508667611000021 ], [ -92.107829129999971, 14.508693756000071 ], [ -92.108080195999946, 14.508705811000027 ], [ -92.108233109999958, 14.508832184000028 ], [ -92.108340569999939, 14.509027744000036 ], [ -92.108374296999955, 14.509292686000038 ], [ -92.108329264999952, 14.509420415000022 ], [ -92.108248711999977, 14.50952428100004 ], [ -92.108104134999962, 14.509573485000033 ], [ -92.107818067999972, 14.509609883000053 ], [ -92.10709065399999, 14.50971818000005 ], [ -92.106486780999944, 14.509801522000032 ], [ -92.106062658999974, 14.509811313000057 ], [ -92.105786599999988, 14.509764989000075 ], [ -92.105697907999968, 14.509720826000034 ], [ -92.10538194899999, 14.50953357800006 ], [ -92.105041594999989, 14.509394710000038 ], [ -92.104775817999951, 14.509303545000023 ], [ -92.104630793999945, 14.509290762000035 ], [ -92.104549940999959, 14.509353303000069 ], [ -92.104518822999978, 14.50944994200006 ], [ -92.104495344999975, 14.509625737000022 ], [ -92.104519380999989, 14.510018167000055 ], [ -92.104535579999947, 14.510303892000024 ], [ -92.104580254999973, 14.510616973000026 ], [ -92.104655675999936, 14.510781760000043 ], [ -92.104766717999951, 14.510984185000041 ], [ -92.104966874999946, 14.511289315000056 ], [ -92.105127503999938, 14.511505176000071 ], [ -92.105363306999948, 14.511851388000025 ], [ -92.105634731999942, 14.512235237000027 ], [ -92.105824584999937, 14.512581762000025 ], [ -92.105911009999943, 14.512801574000036 ], [ -92.10595932199999, 14.513128405000032 ], [ -92.106007459999944, 14.513431130000072 ], [ -92.106015770999988, 14.51360326300005 ], [ -92.10599687199999, 14.513923666000039 ], [ -92.10590132499999, 14.514399565000076 ], [ -92.105801223999947, 14.514734300000043 ], [ -92.105722430999947, 14.515082663000044 ], [ -92.105612071999985, 14.515465681000023 ], [ -92.10546643899994, 14.515859271000068 ], [ -92.105303279999987, 14.516273645000069 ], [ -92.105174997999939, 14.516622347000066 ], [ -92.10502889199995, 14.516950508000036 ], [ -92.104812484999968, 14.517334251000023 ], [ -92.104515494999987, 14.517818416000068 ], [ -92.104287910999972, 14.518123027000058 ], [ -92.10393411199999, 14.518573142000037 ], [ -92.103691915999946, 14.518812421000064 ], [ -92.103357785999947, 14.519048884000028 ], [ -92.103089950999959, 14.519164360000048 ], [ -92.102843101999952, 14.519248699000059 ], [ -92.102511042999936, 14.519281962000036 ], [ -92.102203851999946, 14.519332274000021 ], [ -92.101893174999987, 14.519389498000066 ], [ -92.101696210999989, 14.519528595000054 ], [ -92.101444430999948, 14.519555551000053 ], [ -92.101371748999952, 14.519800553000039 ], [ -92.101337278999949, 14.519916746000035 ], [ -92.101339439999947, 14.520217141000046 ], [ -92.101359697999953, 14.520511522000049 ], [ -92.10140596399998, 14.521059012000023 ], [ -92.101409608999973, 14.521565560000056 ], [ -92.101406189999977, 14.521930788000077 ], [ -92.101607370999943, 14.522159139000053 ], [ -92.102015229999949, 14.522539228000028 ], [ -92.102360420999958, 14.522613444000058 ], [ -92.102735291999977, 14.522610882000038 ], [ -92.103073206999966, 14.522514326000078 ], [ -92.103416487999937, 14.522323487000051 ], [ -92.103746784999942, 14.522009038000022 ], [ -92.104131412999948, 14.521682436000049 ], [ -92.104432961999976, 14.521574346000023 ], [ -92.104808425999977, 14.521654242000068 ], [ -92.10502719699997, 14.521805895000057 ], [ -92.105149651999966, 14.522017110000036 ], [ -92.105224501999942, 14.52233467800005 ], [ -92.105158827999958, 14.522601044000055 ], [ -92.10493852799999, 14.522925673000032 ], [ -92.10447235099997, 14.523682832000077 ], [ -92.104005832999974, 14.524392869000053 ], [ -92.103925301999936, 14.524964786000055 ], [ -92.10386325099995, 14.525583701000073 ], [ -92.103855021999948, 14.526119781000034 ], [ -92.103845603999957, 14.526490939000041 ], [ -92.103798973999972, 14.52673276400003 ], [ -92.10367593899997, 14.526911840000025 ], [ -92.103427661999945, 14.527230096000039 ], [ -92.103146177999974, 14.527551907000031 ], [ -92.103056008999943, 14.527680306000036 ], [ -92.102943121999942, 14.527957926000056 ], [ -92.10295767599996, 14.528299468000057 ], [ -92.103014131999942, 14.528581820000056 ], [ -92.10320552099995, 14.529128317000072 ], [ -92.103501102999985, 14.52986848200004 ], [ -92.103833050999981, 14.530620179000039 ], [ -92.103884438999955, 14.53103804400007 ], [ -92.103905223999959, 14.531525239000075 ], [ -92.103897723999978, 14.531713378000063 ], [ -92.103890598999953, 14.531892106000043 ], [ -92.103717457999949, 14.532199590000062 ], [ -92.103374586999962, 14.532449332000056 ], [ -92.10317102099998, 14.532519870000044 ], [ -92.103097123999987, 14.532545476000053 ], [ -92.102758429999938, 14.532536012000037 ], [ -92.102091650999967, 14.532310847000076 ], [ -92.101751260999947, 14.53206577800006 ], [ -92.101367569999979, 14.531685526000047 ], [ -92.100972125999988, 14.531352476000052 ], [ -92.100414189999981, 14.531126561000065 ], [ -92.099803021999946, 14.531065940000076 ], [ -92.09953756699997, 14.531150217000061 ], [ -92.099061498999959, 14.531377301000077 ], [ -92.09876116099997, 14.531656198000064 ], [ -92.098365177999938, 14.532088897000051 ], [ -92.097937520999949, 14.532321539000066 ], [ -92.097400643999947, 14.532501911000054 ], [ -92.096937547999971, 14.532602662000045 ], [ -92.096603845999937, 14.532695834000037 ], [ -92.096172032999959, 14.532950624000023 ], [ -92.096042290999947, 14.533073147000039 ], [ -92.095934688999989, 14.533246174000055 ], [ -92.095861049999939, 14.533728215000053 ], [ -92.095845731999987, 14.534121503000051 ], [ -92.095951025999966, 14.534569668000074 ], [ -92.095985903999974, 14.534694862000038 ], [ -92.096046412999954, 14.534910921000062 ], [ -92.096192769999959, 14.53508221800007 ], [ -92.09651551099995, 14.535398764000035 ], [ -92.097081794999951, 14.53590289300007 ], [ -92.097356907999938, 14.536147808000067 ], [ -92.097295963999954, 14.53625726000007 ], [ -92.097236080999949, 14.536373939000043 ], [ -92.096856756999955, 14.536601832000031 ], [ -92.096603175999974, 14.536656574000062 ], [ -92.096437938999941, 14.536692115000051 ], [ -92.095589959999984, 14.537030154000036 ], [ -92.094522921999953, 14.537488034000035 ], [ -92.093547624999985, 14.538091073000032 ], [ -92.092874433999953, 14.537387814000056 ], [ -92.092586773999983, 14.537087303000021 ], [ -92.092515355999979, 14.537073163000059 ], [ -92.091638900999953, 14.536944427000037 ], [ -92.091489326999977, 14.536925513000028 ], [ -92.089464161999956, 14.537853747000042 ], [ -92.088544488999958, 14.537992520000046 ], [ -92.087467868999966, 14.538193587000023 ], [ -92.087122586999953, 14.538298151000049 ], [ -92.087024139999983, 14.538484366000034 ], [ -92.086972254999978, 14.538888890000067 ], [ -92.086975911999957, 14.538940792000062 ], [ -92.086975434999943, 14.538957958000026 ], [ -92.086998620999964, 14.539461426000059 ], [ -92.087008242999957, 14.539670361000049 ], [ -92.087380977999942, 14.540065438000056 ], [ -92.087978647999989, 14.540521115000047 ], [ -92.088100409999981, 14.540781216000028 ], [ -92.088065564999965, 14.540903218000039 ], [ -92.087450590999936, 14.541953579000051 ], [ -92.087356778999947, 14.542303638000021 ], [ -92.087166682999964, 14.543861116000073 ], [ -92.086388850999981, 14.543611100000021 ], [ -92.086277294999945, 14.543431300000066 ], [ -92.085304121999968, 14.541645573000039 ], [ -92.085250043999963, 14.541527802000076 ], [ -92.085124470999972, 14.541481619000024 ], [ -92.085094266999988, 14.54146937400003 ], [ -92.084805589999974, 14.541361100000074 ], [ -92.084414005999975, 14.541981784000029 ], [ -92.08438887899996, 14.542027758000074 ], [ -92.084390222999957, 14.542114996000066 ], [ -92.084416689999955, 14.543833290000066 ], [ -92.081760133999978, 14.543067441000062 ], [ -92.08133335399998, 14.542944402000046 ], [ -92.081268186999978, 14.542928815000039 ], [ -92.080727155999966, 14.544198739000024 ], [ -92.080527811999957, 14.544666642000038 ], [ -92.083608509999976, 14.545481224000071 ], [ -92.083575696999958, 14.545557577000068 ], [ -92.08309759299999, 14.546199383000044 ], [ -92.082038239999974, 14.546897686000023 ], [ -92.081527808999965, 14.547388897000076 ], [ -92.079722219999951, 14.546944460000077 ], [ -92.079302059999975, 14.546915918000025 ], [ -92.079142683999976, 14.547834177000027 ], [ -92.079059012999949, 14.548157265000043 ], [ -92.07902781699994, 14.548277728000073 ], [ -92.078758802999971, 14.548702659000071 ], [ -92.078512750999948, 14.549181443000066 ], [ -92.078271578999988, 14.549708790000068 ], [ -92.078119773999958, 14.549979664000034 ], [ -92.078027760999987, 14.550166647000026 ], [ -92.077985867999985, 14.550351301000035 ], [ -92.077989273999947, 14.550513723000051 ], [ -92.078034140999989, 14.550761833000024 ], [ -92.078114169999935, 14.550981153000066 ], [ -92.07823760399998, 14.551452096000048 ], [ -92.078290618999972, 14.551749696000059 ], [ -92.07829598, 14.551781662000053 ], [ -92.078304978999938, 14.551855627000066 ], [ -92.078292188999967, 14.551970577000077 ], [ -92.07824995499999, 14.552111123000032 ], [ -92.078122071999985, 14.552305537000052 ], [ -92.076642223999954, 14.554261049000047 ], [ -92.076611115999981, 14.554249964000064 ], [ -92.074972207999963, 14.553833289000067 ], [ -92.07235736199999, 14.555709229000058 ], [ -92.070985856999982, 14.556747305000044 ], [ -92.070598240999971, 14.556972190000067 ], [ -92.069735080999976, 14.557470407000039 ], [ -92.069289158999936, 14.557697235000035 ], [ -92.068489570999986, 14.557982232000029 ], [ -92.068269525999938, 14.558039828000062 ], [ -92.067895545999988, 14.558177815000022 ], [ -92.067317076999984, 14.558476213000063 ], [ -92.067204832999948, 14.558597603000067 ], [ -92.067188209999983, 14.558615579000048 ], [ -92.067166681999936, 14.558638862000066 ], [ -92.06703373199997, 14.55908776900003 ], [ -92.066725933999976, 14.56040635100004 ], [ -92.06655554799994, 14.561111083000071 ], [ -92.066620996999973, 14.561449135000032 ], [ -92.067107211999939, 14.563502047000043 ], [ -92.06733331099997, 14.564444424000044 ], [ -92.066971385999977, 14.564565652000056 ], [ -92.065506859999971, 14.565056192000043 ], [ -92.064910102999988, 14.565337037000063 ], [ -92.062824068999987, 14.566264008000076 ], [ -92.060781063999968, 14.567266475000054 ], [ -92.058634028999961, 14.564707436000049 ], [ -92.058024099999955, 14.563975191000054 ], [ -92.057873941999958, 14.563770982000051 ], [ -92.057437909999976, 14.563177991000032 ], [ -92.056300175999979, 14.561347735000027 ], [ -92.055951568999944, 14.56165635900004 ], [ -92.055504198999984, 14.562542906000033 ], [ -92.05504648499999, 14.562816912000073 ], [ -92.055199530999971, 14.56308096600003 ], [ -92.054816230999961, 14.563380678000044 ], [ -92.054321456999958, 14.563781880000022 ], [ -92.05350961299996, 14.564441117000058 ], [ -92.053093317999981, 14.564585254000065 ], [ -92.051234363999981, 14.565127736000022 ], [ -92.049715330999959, 14.565578282000047 ], [ -92.048441763999961, 14.564616467000064 ], [ -92.044139110999936, 14.562426951000077 ], [ -92.038021336999975, 14.560780245000046 ], [ -92.032743593999953, 14.557551389000025 ], [ -92.027132539999968, 14.552978532000054 ], [ -92.02301152199999, 14.550085383000066 ], [ -92.019133783999962, 14.548084797000058 ], [ -92.016773783999952, 14.547482752000064 ], [ -92.011309015999984, 14.546799794000037 ], [ -92.00784865899999, 14.545937621000064 ], [ -92.006147302999977, 14.545419626000069 ], [ -92.00443190499999, 14.544542202000059 ], [ -92.001612491999936, 14.542410231000076 ], [ -91.995696587999987, 14.539040005000061 ], [ -91.993528496999943, 14.537983150000059 ], [ -91.991630092999969, 14.536938736000025 ], [ -91.987941177999971, 14.535625541000059 ], [ -91.979059322999944, 14.534291987000074 ], [ -91.97616267799998, 14.534152783000025 ], [ -91.975029499999948, 14.534232585000041 ], [ -91.971739482999965, 14.534493900000029 ], [ -91.968712059999973, 14.534289621000028 ], [ -91.965587793999987, 14.533458834000044 ], [ -91.96078571299995, 14.532463499000073 ], [ -91.951440511999976, 14.529831841000032 ], [ -91.945972655999981, 14.528852444000051 ], [ -91.938459773999966, 14.528713452000034 ], [ -91.936476136999943, 14.529073980000021 ], [ -91.934815045999983, 14.529663093000067 ], [ -91.933879012999967, 14.53012327700003 ], [ -91.933078802999944, 14.53031965200006 ], [ -91.922511184999962, 14.529893886000025 ], [ -91.921726133999982, 14.529833776000032 ], [ -91.921233088999941, 14.529600983000023 ], [ -91.914521139999977, 14.525680464000061 ], [ -91.910835327999962, 14.522457504000045 ], [ -91.90946480599996, 14.520917698000062 ], [ -91.902413256999978, 14.513981525000077 ], [ -91.900060556999961, 14.512052868000069 ], [ -91.899228126999958, 14.511502037000071 ], [ -91.89813705399996, 14.511182771000051 ], [ -91.896941379999987, 14.511491300000046 ], [ -91.896003599999972, 14.51172080200007 ], [ -91.894831675999967, 14.511449733000063 ], [ -91.890728441999954, 14.508652796000035 ], [ -91.888991616999988, 14.507694240000035 ], [ -91.88785724, 14.507459475000076 ], [ -91.886769305999962, 14.507680321000066 ], [ -91.884928744999968, 14.508913470000039 ], [ -91.880568616999938, 14.513303151000059 ], [ -91.879547861999981, 14.513997755000048 ], [ -91.878764536999938, 14.51418611500003 ], [ -91.874861227999986, 14.514325633000055 ], [ -91.873501703999978, 14.51399705700004 ], [ -91.87226551399999, 14.513938007000036 ], [ -91.871641971999964, 14.513381305000053 ], [ -91.871122029999981, 14.512752780000028 ], [ -91.870081889999938, 14.511547706000044 ], [ -91.869465670999944, 14.510578582000051 ], [ -91.869249980999939, 14.510110850000046 ], [ -91.868858323999973, 14.509576729000059 ], [ -91.868218567999975, 14.508904681000047 ], [ -91.867327743999965, 14.508337641000026 ], [ -91.86681674099998, 14.508122732000061 ], [ -91.86582645499999, 14.507842229000062 ], [ -91.865282165999986, 14.507786488000022 ], [ -91.864486822999936, 14.507718232000059 ], [ -91.863757007999936, 14.507651420000059 ], [ -91.863070855999979, 14.507552047000047 ], [ -91.862505016999989, 14.507401273000028 ], [ -91.86193945499997, 14.507196262000036 ], [ -91.861038159999964, 14.506640449000031 ], [ -91.860614373999965, 14.506383011000025 ], [ -91.859994790999963, 14.506082811000056 ], [ -91.859298001999946, 14.505909926000072 ], [ -91.858786307999935, 14.505832859000066 ], [ -91.858121819999951, 14.505808158000036 ], [ -91.857325884999966, 14.505857396000067 ], [ -91.856552937999936, 14.505721421000032 ], [ -91.85595807499999, 14.504900400000054 ], [ -91.855546624999988, 14.504388764000055 ], [ -91.855112536999968, 14.503994535000061 ], [ -91.854569591999962, 14.503567006000026 ], [ -91.854135820999943, 14.503224759000034 ], [ -91.850747101999957, 14.50100582500005 ], [ -91.850171699999976, 14.50057812600005 ], [ -91.84924892, 14.499926115000051 ], [ -91.848836233999975, 14.499658543000066 ], [ -91.848390912999946, 14.499422449000065 ], [ -91.847891293999965, 14.499144277000028 ], [ -91.84699913299994, 14.49885400900007 ], [ -91.845691826999939, 14.498773010000036 ], [ -91.843076116999953, 14.498823419000075 ], [ -91.84160701799999, 14.498518988000058 ], [ -91.839593528999956, 14.498073998000052 ], [ -91.837025144999984, 14.497392337000065 ], [ -91.834003477999943, 14.496007802000065 ], [ -91.833113467999965, 14.495312953000052 ], [ -91.83164938799996, 14.49394742000004 ], [ -91.830636181999978, 14.493968371000051 ], [ -91.829512057999978, 14.494239622000066 ], [ -91.828901845999951, 14.494268220000038 ], [ -91.828400704999979, 14.494287191000069 ], [ -91.827714112999956, 14.494283766000024 ], [ -91.827147784999966, 14.494238 ], [ -91.826559307999958, 14.494213591000062 ], [ -91.825895144999947, 14.494135693000032 ], [ -91.825067111999942, 14.494121384000039 ], [ -91.824183285999936, 14.494350870000062 ], [ -91.823244838999983, 14.49460042000004 ], [ -91.822492959999977, 14.494661062000034 ], [ -91.821596993999947, 14.495101786000077 ], [ -91.820828456999948, 14.495679876000054 ], [ -91.820281066999939, 14.495671479000066 ], [ -91.819505394999965, 14.495953470000075 ], [ -91.819025611999962, 14.496100216000059 ], [ -91.818218132999959, 14.496255484000073 ], [ -91.81766242599997, 14.496284328000058 ], [ -91.817117658999962, 14.49621830600006 ], [ -91.816628271999946, 14.496098322000023 ], [ -91.815889308999942, 14.495691192000038 ], [ -91.815096640999968, 14.49524197900007 ], [ -91.814149816999986, 14.494993122000039 ], [ -91.813298624999959, 14.49518996200004 ], [ -91.81222996799994, 14.495386831000076 ], [ -91.811488926999971, 14.495371782000063 ], [ -91.810988069999951, 14.495337607000067 ], [ -91.810487252999962, 14.495187044000033 ], [ -91.80982445799998, 14.494853732000024 ], [ -91.809118000999945, 14.494552964000036 ], [ -91.808433282999943, 14.494199195000022 ], [ -91.807737152999948, 14.493919948000041 ], [ -91.806822657999987, 14.493809085000066 ], [ -91.806320553999967, 14.494008801000064 ], [ -91.805827524999984, 14.494462811000062 ], [ -91.805574798999942, 14.494875102000037 ], [ -91.805375497999989, 14.495489930000076 ], [ -91.805086352999979, 14.49652917700007 ], [ -91.804819303999977, 14.497557237000024 ], [ -91.804584450999982, 14.498744787000021 ], [ -91.804427070999964, 14.499651364000044 ], [ -91.804293050999945, 14.500203246000069 ], [ -91.803972273999989, 14.50108300100004 ], [ -91.803708232999952, 14.501548340000056 ], [ -91.803368560999957, 14.501950013000055 ], [ -91.80276596899995, 14.502499503000024 ], [ -91.80197902399999, 14.503036752000071 ], [ -91.800689355999964, 14.503667480000047 ], [ -91.799782820999951, 14.504118232000053 ], [ -91.79874969299999, 14.504492622000043 ], [ -91.797818177999943, 14.504735320000066 ], [ -91.797033958999975, 14.504656724000029 ], [ -91.796533365999949, 14.50446319200006 ], [ -91.795772789999944, 14.504087527000024 ], [ -91.794297206999943, 14.502954493000061 ], [ -91.793492047999962, 14.502674641000056 ], [ -91.792784788999938, 14.502521849000061 ], [ -91.791696120999973, 14.502336582000055 ], [ -91.790377937999949, 14.502233746000059 ], [ -91.78850397399998, 14.502170978000038 ], [ -91.787763028999962, 14.502241731000026 ], [ -91.787063265999961, 14.502631351000048 ], [ -91.786473566999973, 14.502829440000028 ], [ -91.785917671999982, 14.502889845000027 ], [ -91.785394885999949, 14.502834031000077 ], [ -91.784872908999944, 14.502630194000062 ], [ -91.784427539999967, 14.502415455000062 ], [ -91.783970982999961, 14.502232294000066 ], [ -91.783351120999953, 14.502006478000055 ], [ -91.782599857999969, 14.501843257000075 ], [ -91.782098939999969, 14.501819190000049 ], [ -91.781412216999968, 14.501837097000077 ], [ -91.780867398999987, 14.50188737600007 ], [ -91.78031069299999, 14.501990705000026 ], [ -91.779754329999946, 14.502136970000038 ], [ -91.778563840999936, 14.502650570000071 ], [ -91.776671932999989, 14.503850923000073 ], [ -91.775840679999988, 14.504419489000043 ], [ -91.775392628999953, 14.504693996000071 ], [ -91.774564172999987, 14.504752952000047 ], [ -91.773464086999979, 14.504642120000028 ], [ -91.772427432999962, 14.504912416000025 ], [ -91.771979439999939, 14.505175616000031 ], [ -91.771366160999946, 14.50565038700006 ], [ -91.770304115999977, 14.506632421000063 ], [ -91.769068156999936, 14.507496021000065 ], [ -91.768500587999938, 14.507567623000057 ], [ -91.767901416999962, 14.507585948000042 ], [ -91.766289472999972, 14.507433976000073 ], [ -91.764033545999951, 14.507538496000052 ], [ -91.763422600999945, 14.507588385000076 ], [ -91.762549869999987, 14.507786052000029 ], [ -91.759950888999981, 14.508780268000066 ], [ -91.758170815999961, 14.509451097000067 ], [ -91.755123953999941, 14.510676790000048 ], [ -91.754512988999977, 14.510832874000073 ], [ -91.753269796999973, 14.511005935000071 ], [ -91.750423383999987, 14.511330916000077 ], [ -91.749505946999989, 14.51173959700003 ], [ -91.749122450999948, 14.512077672000032 ], [ -91.748224716999971, 14.512901148000026 ], [ -91.747600872999953, 14.513385965000055 ], [ -91.746846860999938, 14.513710758000059 ], [ -91.746138771999938, 14.513706975000048 ], [ -91.745291053999949, 14.513267407000058 ], [ -91.744683246999955, 14.512860760000024 ], [ -91.744216764999976, 14.512486508000052 ], [ -91.743378932999974, 14.512249249000035 ], [ -91.742669649999982, 14.512457883000025 ], [ -91.742024959999981, 14.512730137000062 ], [ -91.741172916999972, 14.513160604000063 ], [ -91.740484606999985, 14.513454090000039 ], [ -91.739578301999984, 14.513736233000031 ], [ -91.738609149999945, 14.513646278000067 ], [ -91.737947266999981, 14.513164746000029 ], [ -91.73755707, 14.512737782000045 ], [ -91.737091805999967, 14.512151090000032 ], [ -91.73623710399994, 14.511106925000036 ], [ -91.735608432999982, 14.510497882000038 ], [ -91.734771344999956, 14.510132913000064 ], [ -91.734128685999963, 14.510149787000046 ], [ -91.733375568999975, 14.510316346000025 ], [ -91.732365582999989, 14.510679260000074 ], [ -91.731196324999985, 14.511310238000021 ], [ -91.730288750999989, 14.511814938000043 ], [ -91.729459844999951, 14.511948307000068 ], [ -91.72854418899999, 14.512039394000055 ], [ -91.72786804399999, 14.512130647000049 ], [ -91.726985164999974, 14.512168797000072 ], [ -91.726090485999975, 14.512343605000069 ], [ -91.725194524999949, 14.512742133000074 ], [ -91.725113632999978, 14.513601589000075 ], [ -91.725578284999983, 14.514188300000058 ], [ -91.726034237999954, 14.514572701000077 ], [ -91.726402256999961, 14.515021030000071 ], [ -91.726420920999942, 14.515509274000067 ], [ -91.72636264099998, 14.516167719000066 ], [ -91.726250884999956, 14.516643954000074 ], [ -91.726084183999944, 14.517195598000058 ], [ -91.725797596999939, 14.517820036000046 ], [ -91.725445589999936, 14.518423779000045 ], [ -91.724973779999971, 14.518983932000026 ], [ -91.724567655999977, 14.519416757000045 ], [ -91.723692053999969, 14.520102395000038 ], [ -91.721986719999961, 14.521058089000064 ], [ -91.719887339999957, 14.522256817000027 ], [ -91.719306538999945, 14.522806193000065 ], [ -91.71871151, 14.524013120000063 ], [ -91.718675271999984, 14.524565469000038 ], [ -91.718648678999955, 14.525456854000026 ], [ -91.718689182999981, 14.525976854000078 ], [ -91.718893530999935, 14.526445771000056 ], [ -91.719098011999961, 14.526892089000057 ], [ -91.719582051999964, 14.528041634000033 ], [ -91.719588027999976, 14.528816814000038 ], [ -91.719333700999982, 14.52947305400005 ], [ -91.718936447999965, 14.530373714000064 ], [ -91.718396189999964, 14.531431785000052 ], [ -91.718063272999984, 14.532439011000065 ], [ -91.718005758999936, 14.532958472000075 ], [ -91.717914236999945, 14.53374328600006 ], [ -91.71772834099994, 14.535706123000068 ], [ -91.717558443999962, 14.536905200000035 ], [ -91.717183241999976, 14.537699761000056 ], [ -91.716937800999972, 14.538621586000033 ], [ -91.716613313999972, 14.540074052000023 ], [ -91.716434228999958, 14.540954431000046 ], [ -91.716245015999959, 14.541579385000034 ], [ -91.715661147999981, 14.542648507000024 ], [ -91.714959695999937, 14.543388165000067 ], [ -91.714510807999943, 14.543681749000029 ], [ -91.713362229999973, 14.544408776000068 ], [ -91.711403423999968, 14.545724563000022 ], [ -91.710592192999968, 14.546786766000025 ], [ -91.709405388999983, 14.548198310000032 ], [ -91.708562809999989, 14.548862593000024 ], [ -91.708114079999973, 14.549125654000022 ], [ -91.707633734999945, 14.549239387000057 ], [ -91.70685956799997, 14.549309687000061 ], [ -91.706259925999973, 14.549391122000031 ], [ -91.705463474999988, 14.549503102000074 ], [ -91.704536330999986, 14.549647127000071 ], [ -91.703772687999958, 14.549802222000039 ], [ -91.703041525999936, 14.549957495000058 ], [ -91.702560991999974, 14.550102854000045 ], [ -91.70183960899999, 14.550470607000022 ], [ -91.701401205999957, 14.550850096000033 ], [ -91.700513398999988, 14.551705052000045 ], [ -91.697831827999948, 14.553696927000033 ], [ -91.697043390999966, 14.554318526000031 ], [ -91.696636290999948, 14.554995351000059 ], [ -91.696369088999973, 14.555949792000035 ], [ -91.696268196999938, 14.556437363000043 ], [ -91.69597876399996, 14.557423319000065 ], [ -91.695583232999979, 14.558005293000065 ], [ -91.695156205999979, 14.558320426000023 ], [ -91.694413923999946, 14.558486904000063 ], [ -91.693912153999975, 14.558590317000039 ], [ -91.693332195999972, 14.558968998000068 ], [ -91.692959618999964, 14.559295731000077 ], [ -91.692565453999975, 14.559643808000033 ], [ -91.690394752999964, 14.561733351000044 ], [ -91.689243817999966, 14.562830853000037 ], [ -91.68869419899994, 14.563667315000032 ], [ -91.688549074999969, 14.564176101000044 ], [ -91.688480036999977, 14.56486497700007 ], [ -91.688422687999946, 14.565342616000066 ], [ -91.688069170999938, 14.566072833000021 ], [ -91.687564610999971, 14.566644009000072 ], [ -91.686995641999943, 14.567022734000034 ], [ -91.686121784999955, 14.567362455000023 ], [ -91.683631804999948, 14.568198161000055 ], [ -91.682637270999976, 14.568637754000065 ], [ -91.682232173999978, 14.568965413000058 ], [ -91.681662054999947, 14.569535074000044 ], [ -91.681200651999973, 14.570063541000025 ], [ -91.680541246999951, 14.571014612000056 ], [ -91.680123036999987, 14.571692470000073 ], [ -91.679571650999947, 14.572718726000062 ], [ -91.67878658799998, 14.574603535000051 ], [ -91.678302385999984, 14.575450505000049 ], [ -91.677971742999944, 14.576032808000036 ], [ -91.676245126999959, 14.578602666000052 ], [ -91.675396940999974, 14.580072417000054 ], [ -91.674839076999945, 14.581300877000047 ], [ -91.674567858999978, 14.58203153200003 ], [ -91.674376829999972, 14.582933260000061 ], [ -91.674097656999948, 14.584120360000043 ], [ -91.673873372999935, 14.585149583000032 ], [ -91.673717, 14.585784843000056 ], [ -91.67333103499999, 14.586494507000054 ], [ -91.672782760999951, 14.587085735000073 ], [ -91.672355069999981, 14.58749685600003 ], [ -91.671566431999963, 14.588119480000046 ], [ -91.669639685999982, 14.589498324000033 ], [ -91.669047178999961, 14.590110755000069 ], [ -91.668431862999967, 14.590849609000031 ], [ -91.667157525999983, 14.588887567000029 ], [ -91.665603241999975, 14.586502460000077 ], [ -91.663742981999974, 14.580606051000075 ], [ -91.663266675999978, 14.564639747000058 ], [ -91.663679065999986, 14.553565436000042 ], [ -91.663353056999938, 14.551354568000022 ], [ -91.662561928999935, 14.548846130000072 ], [ -91.661615788999939, 14.546846404000064 ], [ -91.660709838999935, 14.545398307000028 ], [ -91.658534343999975, 14.541248068000073 ], [ -91.65612869499995, 14.535654706000059 ], [ -91.655747448999989, 14.534536153000033 ], [ -91.655580483999984, 14.532702458000074 ], [ -91.655442212999958, 14.526697238000054 ], [ -91.655259659999956, 14.524467977000029 ], [ -91.65455549699999, 14.52131935400007 ] ] ] ] } },
{ "type": "Feature", "properties": { "Codigo": 705, "datos_finales_color_riesgo": "732600" }, "geometry": { "type": "MultiPolygon", "coordinates": [ [ [ [ -91.262781774999951, 14.844956085000035 ], [ -91.262085255999978, 14.841499540000029 ], [ -91.259641294999938, 14.835814409000022 ], [ -91.258487985999977, 14.83444550300004 ], [ -91.256707183999936, 14.831529782000075 ], [ -91.24924361099994, 14.823908563000032 ], [ -91.246550816999957, 14.821715633000053 ], [ -91.240686091999976, 14.817868291000025 ], [ -91.238981741999964, 14.816960534000032 ], [ -91.237066245999983, 14.816675877000023 ], [ -91.235132919999955, 14.815224081000054 ], [ -91.232517830999939, 14.814005411000039 ], [ -91.224887355999954, 14.806882714000039 ], [ -91.223201316999962, 14.803676062000022 ], [ -91.223508426999956, 14.799614908000024 ], [ -91.22629331, 14.799630710000031 ], [ -91.229002875999981, 14.79898389400006 ], [ -91.233333636999987, 14.79622676300005 ], [ -91.235047005999945, 14.800016489000029 ], [ -91.235641715999975, 14.805374708000045 ], [ -91.237023929999964, 14.807048216000055 ], [ -91.241470044999971, 14.808572281000068 ], [ -91.249983956999984, 14.809953233000044 ], [ -91.253065908999986, 14.810957220000034 ], [ -91.255938905999983, 14.812972939000076 ], [ -91.258227099999942, 14.816825639000058 ], [ -91.260371047999968, 14.818537552000066 ], [ -91.262318550999964, 14.81940406700005 ], [ -91.265861004999977, 14.820062295000071 ], [ -91.27080409499996, 14.819610311000076 ], [ -91.272845427999982, 14.818976045000056 ], [ -91.276736232999951, 14.815826161000075 ], [ -91.281906750999951, 14.81148145800006 ], [ -91.286649803999978, 14.809713745000067 ], [ -91.289704086999961, 14.809017933000064 ], [ -91.292620804999956, 14.808388845000025 ], [ -91.301133396999944, 14.807099487000073 ], [ -91.304189174999976, 14.805531328000029 ], [ -91.304525620999982, 14.804973455000038 ], [ -91.304654595999978, 14.803021082000043 ], [ -91.304669822999983, 14.801211351000063 ], [ -91.30313197199996, 14.796936396000035 ], [ -91.302486201999955, 14.794493663000026 ], [ -91.301893864999954, 14.792721260000064 ], [ -91.301150606999954, 14.790946612000027 ], [ -91.299953363999975, 14.789021754000032 ], [ -91.299381841999946, 14.787860687000034 ], [ -91.297923279999964, 14.784831268000062 ], [ -91.297002517999942, 14.778129646000025 ], [ -91.297357000999966, 14.777115496000022 ], [ -91.301253348999978, 14.773779841000078 ], [ -91.306886354999961, 14.771360641000058 ], [ -91.307861068999955, 14.773832890000051 ], [ -91.312820764999969, 14.778612997000039 ], [ -91.315469638999957, 14.780287427000076 ], [ -91.32050428299999, 14.784573116000047 ], [ -91.321299461999956, 14.784748365000041 ], [ -91.325479719999976, 14.787747736000028 ], [ -91.326781651999966, 14.789754587000061 ], [ -91.326349105999952, 14.793240122000043 ], [ -91.323478914999953, 14.800466617000041 ], [ -91.322793074999936, 14.803657687000054 ], [ -91.322153104999984, 14.807674934000033 ], [ -91.322230238999964, 14.817718956000022 ], [ -91.323906032999957, 14.821184803000051 ], [ -91.32742336299998, 14.825004088000071 ], [ -91.329867560999958, 14.826648679000073 ], [ -91.334316410999975, 14.826457237000056 ], [ -91.33844039, 14.825083898000059 ], [ -91.34062780499994, 14.823023189000025 ], [ -91.344938984999942, 14.821454495000069 ], [ -91.348652349999952, 14.81930750600003 ], [ -91.353655014999958, 14.819346725000059 ], [ -91.356664605999981, 14.818804478000061 ], [ -91.360030235999943, 14.819019410000067 ], [ -91.362514838999971, 14.819257400000026 ], [ -91.363669619999939, 14.819973976000028 ], [ -91.36641644599996, 14.820401332000074 ], [ -91.368635187999985, 14.820244212000034 ], [ -91.369785730999979, 14.820987844000058 ], [ -91.372558485999946, 14.821213083000032 ], [ -91.374668697999937, 14.820582892000061 ], [ -91.37567086699994, 14.819034269000042 ], [ -91.378894249999973, 14.814570650000064 ], [ -91.380966918999945, 14.812574229000063 ], [ -91.381807238999954, 14.810445984000069 ], [ -91.383930918999965, 14.807120138000073 ], [ -91.387197648999972, 14.803420402000029 ], [ -91.391457969999976, 14.795982313000025 ], [ -91.391700840999988, 14.791388046000066 ], [ -91.392350101999966, 14.789317157000028 ], [ -91.395401203999938, 14.784720968000045 ], [ -91.396254390999957, 14.783096619000048 ], [ -91.398575026999936, 14.78110623200007 ], [ -91.401158919999943, 14.777487357000041 ], [ -91.403045950999967, 14.774916589000043 ], [ -91.406116504999943, 14.771970974000055 ], [ -91.41677141699995, 14.761532640000041 ], [ -91.422965214999977, 14.75409458300004 ], [ -91.425471821999963, 14.751271344000031 ], [ -91.425448206999988, 14.750761640000064 ], [ -91.425958278999985, 14.75038323900003 ], [ -91.42621774, 14.747397804000059 ], [ -91.424132438999948, 14.745569135000039 ], [ -91.421352210999942, 14.741664782000043 ], [ -91.41996816599999, 14.735414303000027 ], [ -91.419575294999959, 14.719696052000074 ], [ -91.420698421999987, 14.71388521800003 ], [ -91.422216589999948, 14.709949146000042 ], [ -91.425157722999984, 14.700758955000026 ], [ -91.425861332999943, 14.699109692000036 ], [ -91.42620726199999, 14.698375403000057 ], [ -91.426670103999982, 14.697199022000063 ], [ -91.428211579999981, 14.693377156000054 ], [ -91.42913430599998, 14.691431092000073 ], [ -91.42932875799994, 14.69069464100005 ], [ -91.429714484999977, 14.689665736000052 ], [ -91.429988363999939, 14.688451910000026 ], [ -91.430358199999944, 14.684363361000067 ], [ -91.430244662999939, 14.680268154000032 ], [ -91.429353196999955, 14.675486407000051 ], [ -91.428168334999953, 14.671895756000026 ], [ -91.426332350999985, 14.668560549000063 ], [ -91.42261806199997, 14.663932518000024 ], [ -91.416574299999979, 14.658727069000065 ], [ -91.416203724999946, 14.656114688000059 ], [ -91.41719001499996, 14.655162197000038 ], [ -91.419582957999978, 14.654106280000065 ], [ -91.423088922999966, 14.65335390000007 ], [ -91.426803655999947, 14.651883182000063 ], [ -91.431231160999971, 14.651431783000078 ], [ -91.432640122999942, 14.650593921000052 ], [ -91.434917899999959, 14.650052257000027 ], [ -91.439271471999973, 14.646842312000047 ], [ -91.439544384999977, 14.64607473500007 ], [ -91.439589659999967, 14.645006228000057 ], [ -91.43954628099999, 14.64416648100007 ], [ -91.439789877999942, 14.643441640000049 ], [ -91.440322974999958, 14.642966169000033 ], [ -91.440796463999959, 14.642715131000045 ], [ -91.447905481999953, 14.641445274000034 ], [ -91.45568444, 14.640942272000075 ], [ -91.457595276999939, 14.64024992800006 ], [ -91.46023013699994, 14.638736454000025 ], [ -91.464357432999975, 14.628687865000074 ], [ -91.465432824999937, 14.626889478000066 ], [ -91.468322477999948, 14.624243212000067 ], [ -91.472100417999968, 14.620320363000076 ], [ -91.474475216999963, 14.615669683000021 ], [ -91.482788771999935, 14.607302085000072 ], [ -91.485513694999952, 14.601871679000055 ], [ -91.488728695999953, 14.601023672000053 ], [ -91.490195551999989, 14.599445732000049 ], [ -91.491860346999943, 14.594441097000072 ], [ -91.494326225999941, 14.594459273000041 ], [ -91.496248082999955, 14.59360732500005 ], [ -91.498231291999957, 14.594655037000052 ], [ -91.499214257999938, 14.595726810000031 ], [ -91.500047514999949, 14.59637844100007 ], [ -91.500084646999937, 14.598603360000027 ], [ -91.50181693799999, 14.59919184000006 ], [ -91.505509635999942, 14.600010936000047 ], [ -91.506488707999949, 14.600121149000074 ], [ -91.506247088999942, 14.60076588000004 ], [ -91.50519677599999, 14.602956722000044 ], [ -91.504798957999981, 14.603707787000076 ], [ -91.504545120999978, 14.604184087000021 ], [ -91.502137514999959, 14.60719438700005 ], [ -91.500949467999988, 14.608810353000024 ], [ -91.50070498299999, 14.609446018000028 ], [ -91.500504588999945, 14.610080838000044 ], [ -91.500105215999952, 14.610714375000043 ], [ -91.49563268899999, 14.616115621000063 ], [ -91.49467294499999, 14.618099089000054 ], [ -91.492719047999969, 14.621148348000077 ], [ -91.491186164999988, 14.624387868000042 ], [ -91.490572680999946, 14.625526169000068 ], [ -91.489718677999974, 14.627050444000076 ], [ -91.48778611399996, 14.630435350000027 ], [ -91.484647780999978, 14.63577153600005 ], [ -91.482822841999962, 14.642466388000059 ], [ -91.481646350999938, 14.644882222000035 ], [ -91.48346184199994, 14.660999932000038 ], [ -91.485619164999946, 14.667518483000038 ], [ -91.488228725999988, 14.681460756000035 ], [ -91.489175223999951, 14.691432102000022 ], [ -91.488753237999958, 14.698194829000045 ], [ -91.488913623999963, 14.704156902000022 ], [ -91.489146695999978, 14.705204650000042 ], [ -91.490071880999949, 14.706211713000073 ], [ -91.488543062999952, 14.709172094000053 ], [ -91.48732055399995, 14.711894934000043 ], [ -91.485971012999983, 14.717209906000051 ], [ -91.485448104999989, 14.717707004000033 ], [ -91.484998842999971, 14.718885875000069 ], [ -91.483219704999954, 14.720584799000051 ], [ -91.480362697999965, 14.722196422000025 ], [ -91.47976371499999, 14.722611659000052 ], [ -91.475858835999986, 14.724158717000023 ], [ -91.472292750999941, 14.726141793000068 ], [ -91.469789455999944, 14.728699008000035 ], [ -91.466973965999955, 14.733144319000075 ], [ -91.465583021999976, 14.735241095000049 ], [ -91.46230847399994, 14.738571543000035 ], [ -91.45960450299998, 14.739829124000039 ], [ -91.45822342699995, 14.739929517000064 ], [ -91.455093361999957, 14.741020377000041 ], [ -91.449016624999956, 14.741638396000042 ], [ -91.448292311999978, 14.741948757000046 ], [ -91.446638874999962, 14.744110292000073 ], [ -91.446110932999943, 14.744641149000074 ], [ -91.445535910999979, 14.746734218000029 ], [ -91.445521480999957, 14.749175650000041 ], [ -91.444617456999936, 14.76137380800003 ], [ -91.444209179999973, 14.763764001000027 ], [ -91.443439006999938, 14.764878456000076 ], [ -91.438591724999981, 14.769322042000056 ], [ -91.422338835999938, 14.786437638000052 ], [ -91.409141714999976, 14.799629973000037 ], [ -91.408102, 14.801117508000061 ], [ -91.40631812099997, 14.808931234000056 ], [ -91.405738549999967, 14.81378644800003 ], [ -91.404105744999981, 14.819969766000042 ], [ -91.404228819999958, 14.822747638000067 ], [ -91.373532099999977, 14.841986301000077 ], [ -91.370168647999947, 14.84445136100004 ], [ -91.365562157999989, 14.847559404000037 ], [ -91.363202126999965, 14.849090383000032 ], [ -91.361753657999941, 14.850259535000077 ], [ -91.362048464999987, 14.851366548000044 ], [ -91.363058293999984, 14.854000446000043 ], [ -91.363530906999983, 14.855636324000045 ], [ -91.360030212999959, 14.858158972000069 ], [ -91.347562545999949, 14.867448839000076 ], [ -91.337267209999936, 14.875603591000072 ], [ -91.328700696999988, 14.87525438800003 ], [ -91.307314578999978, 14.875834179000037 ], [ -91.306458301999953, 14.874442805000058 ], [ -91.305152119999946, 14.866182710000032 ], [ -91.303106462999949, 14.85720993800004 ], [ -91.301950197999986, 14.855871695000076 ], [ -91.295265957999959, 14.860149048000039 ], [ -91.289259567999977, 14.861949223000067 ], [ -91.281774528999961, 14.86322866200004 ], [ -91.275777804999962, 14.862327376000053 ], [ -91.272044527999981, 14.86001501800007 ], [ -91.268499645999952, 14.85659012900004 ], [ -91.266021660999968, 14.852438935000066 ], [ -91.26423239199994, 14.846700028000043 ], [ -91.262781774999951, 14.844956085000035 ] ] ] ] } },
{ "type": "Feature", "properties": { "Codigo": 1613, "datos_finales_color_pelyexp": "732600" }, "geometry": { "type": "MultiPolygon", "coordinates": [ [ [ [ -90.126507051999965, 16.017836135000039 ], [ -90.127777740999989, 16.009999955000069 ], [ -90.128133614999967, 16.009458465000023 ], [ -90.134861146999981, 15.998055519000047 ], [ -90.130833308999968, 15.981111121000026 ], [ -90.155138876999956, 15.963055592000046 ], [ -90.185538852999969, 15.988812490000043 ], [ -90.191111098999954, 15.995000043000061 ], [ -90.196215085999938, 15.989787170000056 ], [ -90.210026091999964, 15.975607898000078 ], [ -90.215361371999961, 15.974828039000045 ], [ -90.216399863999982, 15.975414034000039 ], [ -90.218014530999938, 15.972387722000065 ], [ -90.235542952999936, 15.980501636000042 ], [ -90.232500043999949, 15.973611070000061 ], [ -90.24166668099997, 15.96569446500007 ], [ -90.239444168999967, 15.958388877000061 ], [ -90.235109075999958, 15.955603030000077 ], [ -90.229799834999938, 15.95404082400006 ], [ -90.22639548799998, 15.952866755000059 ], [ -90.224166655999966, 15.951944467000033 ], [ -90.246111080999981, 15.898194447000037 ], [ -90.216749969999967, 15.891222195000068 ], [ -90.229722221999964, 15.878888890000042 ], [ -90.220740907999982, 15.877075894000029 ], [ -90.204865947999963, 15.869615354000075 ], [ -90.198611075999963, 15.863055540000062 ], [ -90.184444436999968, 15.851111090000074 ], [ -90.154027759999963, 15.849166651000075 ], [ -90.15111041199998, 15.846913089000054 ], [ -90.148799818999976, 15.843223336000051 ], [ -90.151022772999966, 15.839287367000054 ], [ -90.142605450999952, 15.825524207000058 ], [ -90.138611148999985, 15.80375003100005 ], [ -90.128607713999941, 15.804444833000048 ], [ -90.099861075999968, 15.814166693000061 ], [ -90.10282949499998, 15.811161650000031 ], [ -90.107472554999958, 15.809322137000038 ], [ -90.109394531999953, 15.804839818000062 ], [ -90.10429058599999, 15.803008711000075 ], [ -90.097888125999987, 15.802185537000071 ], [ -90.093191621999949, 15.802283964000026 ], [ -90.089683021999974, 15.801404708000064 ], [ -90.08326743799995, 15.799325676000024 ], [ -90.082149482999966, 15.797027058000026 ], [ -90.075522249999949, 15.797978734000026 ], [ -90.065555578999977, 15.795833332000029 ], [ -90.053373620999935, 15.796097180000061 ], [ -90.053542691999951, 15.791230836000068 ], [ -90.047253284999954, 15.791231402000051 ], [ -90.047277969999982, 15.789336370000058 ], [ -90.046666649999963, 15.788750037000057 ], [ -90.040507960999946, 15.783441467000046 ], [ -90.038888091999979, 15.775919303000023 ], [ -90.029217159999973, 15.773755232000042 ], [ -90.026460199999974, 15.769523761000073 ], [ -90.017878008999958, 15.768448553000042 ], [ -90.01777776099999, 15.764861105000023 ], [ -89.955573591999951, 15.774137320000023 ], [ -89.95577355599994, 15.773596959000031 ], [ -89.95626595899995, 15.769618384000069 ], [ -89.955448118999982, 15.768420666000054 ], [ -89.954955840999958, 15.767901343000062 ], [ -89.954597601999978, 15.767538529000035 ], [ -89.95392418199998, 15.766973775000054 ], [ -89.953062632999945, 15.766597138000066 ], [ -89.952587347999952, 15.766423434000046 ], [ -89.951953970999966, 15.766143670000076 ], [ -89.951419572999953, 15.765636167000025 ], [ -89.950889553999957, 15.764874765000059 ], [ -89.949997493999945, 15.763967199000035 ], [ -89.948878218999937, 15.762939061000054 ], [ -89.946242416999951, 15.760599538000065 ], [ -89.946023107999963, 15.759911338000052 ], [ -89.946321980999983, 15.759527261000073 ], [ -89.94684747299999, 15.759342754000045 ], [ -89.94734592399999, 15.758862149000038 ], [ -89.947457013999951, 15.758253079000042 ], [ -89.947514320999971, 15.757382525000025 ], [ -89.947484381999971, 15.756851617000052 ], [ -89.947233296999968, 15.75614491400006 ], [ -89.947023311999942, 15.755690488000027 ], [ -89.94698608799996, 15.754789265000056 ], [ -89.946923895999987, 15.754233071000044 ], [ -89.946817068999962, 15.753699954000069 ], [ -89.946644833999983, 15.752864559000045 ], [ -89.946630021999965, 15.752179229000035 ], [ -89.946867577999967, 15.751608052000051 ], [ -89.94739336799995, 15.750973194000039 ], [ -89.947718682999948, 15.750534174000052 ], [ -89.948187372999939, 15.749898513000062 ], [ -89.948501181999973, 15.749371292000035 ], [ -89.948715039999968, 15.748708356000066 ], [ -89.948793346999935, 15.74814735700005 ], [ -89.948978894999982, 15.747272955000028 ], [ -89.949199981999982, 15.746554811000067 ], [ -89.949350693999975, 15.74582778000007 ], [ -89.949589351999975, 15.745220495000069 ], [ -89.950314506999973, 15.744890910000038 ], [ -89.951259250999954, 15.74523146000007 ], [ -89.951999717999968, 15.745593980000024 ], [ -89.952480907999984, 15.745798237000031 ], [ -89.953198053999984, 15.746005794000041 ], [ -89.95408262699999, 15.745653594000032 ], [ -89.954650379999975, 15.745211180000069 ], [ -89.955142254999942, 15.744698850000077 ], [ -89.955418065999936, 15.744177856000022 ], [ -89.955443663999972, 15.743320394000023 ], [ -89.955180481999946, 15.742563868000047 ], [ -89.954779478999967, 15.742101136000031 ], [ -89.954301792999956, 15.741662161000022 ], [ -89.953873126999952, 15.741335615000025 ], [ -89.953345555999988, 15.740803389000064 ], [ -89.952896080999949, 15.740192117000049 ], [ -89.952692619999937, 15.73929984800003 ], [ -89.952709510999966, 15.73859690200004 ], [ -89.952685522999957, 15.737470116000054 ], [ -89.953636034999988, 15.738008255000068 ], [ -89.954164626999955, 15.738471644000072 ], [ -89.955799775999935, 15.739951658000052 ], [ -89.956606011999952, 15.740592744000026 ], [ -89.957369992999986, 15.740628247000075 ], [ -89.958128542999987, 15.740206543000056 ], [ -89.958480557999962, 15.739693378000027 ], [ -89.95912345499994, 15.738467539000055 ], [ -89.959855068999957, 15.738132363000034 ], [ -89.960462378999978, 15.738436559000036 ], [ -89.960595430999945, 15.738932792000071 ], [ -89.960621012999979, 15.739759368000023 ], [ -89.960852710999973, 15.740479331000074 ], [ -89.961601154999983, 15.74073695900006 ], [ -89.962100501999942, 15.740582517000064 ], [ -89.962650728999961, 15.740454744000033 ], [ -89.963533522999967, 15.740219861000071 ], [ -89.964060681999968, 15.739919066000027 ], [ -89.966411340999969, 15.737012624000045 ], [ -89.967299257999969, 15.736431278000055 ], [ -89.967991881999978, 15.736170022000067 ], [ -89.96852305699997, 15.735597250000069 ], [ -89.969290321999949, 15.734545793000052 ], [ -89.969954393999956, 15.734480533000067 ], [ -89.970341687999962, 15.735005127000022 ], [ -89.970435042999952, 15.735586590000025 ], [ -89.970427733999941, 15.736079739000047 ], [ -89.970553852999956, 15.737045422000051 ], [ -89.971237499999972, 15.737350652000032 ], [ -89.971954271999948, 15.737150671000052 ], [ -89.972586473999968, 15.736641370000029 ], [ -89.972910626999976, 15.736275652000074 ], [ -89.973485184999959, 15.735369364000064 ], [ -89.974246749999963, 15.734701574000042 ], [ -89.97516544199999, 15.734677079000051 ], [ -89.976733675999981, 15.734624343000064 ], [ -89.977344464999987, 15.734694895000075 ], [ -89.977891585999942, 15.734775851000052 ], [ -89.978500192999945, 15.734994234000055 ], [ -89.979207282999937, 15.735448756000039 ], [ -89.979705186999979, 15.736258184000064 ], [ -89.98020659499997, 15.736870134000071 ], [ -89.980954664999956, 15.737115276000054 ], [ -89.981596746999969, 15.736803610000038 ], [ -89.981882802999962, 15.73641251600003 ], [ -89.982518280999955, 15.735679737000055 ], [ -89.982943818999956, 15.735352654000053 ], [ -89.983471673999986, 15.735002150000071 ], [ -89.983896859999959, 15.73469876300004 ], [ -89.984310309999955, 15.734321842000043 ], [ -89.984818385999972, 15.733613254000034 ], [ -89.985142116999953, 15.733235089000061 ], [ -89.985749425999984, 15.732711856000037 ], [ -89.986631626999952, 15.732514106000053 ], [ -89.98724260299997, 15.73257221700004 ], [ -89.987685581999983, 15.732800701000031 ], [ -89.988672013999974, 15.733320008000078 ], [ -89.989237481999965, 15.733896705000063 ], [ -89.989227494999966, 15.734574938000037 ], [ -89.989216392999936, 15.735328784000046 ], [ -89.989342035999982, 15.736293335000028 ], [ -89.989754305999952, 15.736866786000064 ], [ -89.990209216999972, 15.737156385000048 ], [ -89.99103693099994, 15.737217481000073 ], [ -89.991744517999962, 15.736770110000066 ], [ -89.991908451999961, 15.736044333000052 ], [ -89.991998568999975, 15.73510759100003 ], [ -89.992015106999986, 15.733983593000062 ], [ -89.992049987999962, 15.733355364000033 ], [ -89.992275788999962, 15.732741059000034 ], [ -89.99265077199999, 15.732363589000045 ], [ -89.993137269999977, 15.732208890000038 ], [ -89.993647026999952, 15.732215921000034 ], [ -89.994244859999981, 15.732335912000053 ], [ -89.99472717499998, 15.732465595000065 ], [ -89.995247212999971, 15.73264546200005 ], [ -89.995780070999956, 15.73282550700003 ], [ -89.996681555999942, 15.73306029400004 ], [ -89.997190768999985, 15.733104559000026 ], [ -89.997979114999964, 15.733227163000038 ], [ -89.998638667999955, 15.733469898000067 ], [ -89.999114629999951, 15.734032925000065 ], [ -89.999102487999949, 15.734860130000072 ], [ -89.999016941999969, 15.735487665000051 ], [ -89.998868952999942, 15.736042101000066 ], [ -89.998577454999975, 15.736766127000067 ], [ -89.998335582999971, 15.737602583000069 ], [ -89.998333351999975, 15.738627457000064 ], [ -89.998974834999956, 15.739228885000045 ], [ -89.99976630399999, 15.739140457000076 ], [ -90.000054928999987, 15.738731307000023 ], [ -90.000656866999975, 15.737342202000036 ], [ -90.001184678999948, 15.73623877600005 ], [ -90.002226855999936, 15.734470817000044 ], [ -90.00259964199995, 15.734043632000066 ], [ -90.003291498999943, 15.733752897000045 ], [ -90.003921048999985, 15.733816860000047 ], [ -90.004753583999957, 15.734105979000049 ], [ -90.005558253999936, 15.734706244000051 ], [ -90.006120798999973, 15.735446535000051 ], [ -90.006314692999979, 15.73629237800003 ], [ -90.006338983999967, 15.736981252000078 ], [ -90.006366036999964, 15.73748166200005 ], [ -90.007140038999978, 15.737869298000078 ], [ -90.007918169999982, 15.737935293000078 ], [ -90.008667073999959, 15.738445616000035 ], [ -90.009096703999944, 15.738872539000056 ], [ -90.009776533999968, 15.739404486000069 ], [ -90.010208011999964, 15.739665506000051 ], [ -90.011107712999944, 15.740066142000046 ], [ -90.011598487999947, 15.740217357000063 ], [ -90.012409973999979, 15.740394412000057 ], [ -90.01531924599999, 15.740534746000037 ], [ -90.015846514999964, 15.740541969000049 ], [ -90.016742354999963, 15.740409756000076 ], [ -90.017730143999984, 15.74024606200004 ], [ -90.01828104599997, 15.740231028000039 ], [ -90.019242061999989, 15.740344638000067 ], [ -90.019779924999966, 15.740384730000073 ], [ -90.020628692999935, 15.740363604000038 ], [ -90.021204479999938, 15.740160398000057 ], [ -90.021783762999974, 15.739757446000056 ], [ -90.022486781999987, 15.739500664000047 ], [ -90.023243511999965, 15.739477140000076 ], [ -90.023769644999959, 15.739562214000046 ], [ -90.024236327999972, 15.739768379000054 ], [ -90.024836720999986, 15.740276626000025 ], [ -90.026239650999969, 15.741538556000023 ], [ -90.026638731999981, 15.742466210000032 ], [ -90.026476981999963, 15.74332976900007 ], [ -90.026395964999949, 15.744171856000037 ], [ -90.026422585999967, 15.744705 ], [ -90.026920840999935, 15.745145251000054 ], [ -90.027505714999961, 15.745119371000044 ], [ -90.028153483999972, 15.74469589000006 ], [ -90.029293915999972, 15.743534134000072 ], [ -90.029513555999984, 15.742616048000059 ], [ -90.02952195599994, 15.742038229000059 ], [ -90.029677516999982, 15.740797570000041 ], [ -90.030342929999961, 15.740762620000055 ], [ -90.031034502999944, 15.741293539000026 ], [ -90.031495887999938, 15.741865343000029 ], [ -90.032289774999981, 15.742454094000038 ], [ -90.036681367999961, 15.743135833000053 ], [ -90.038086679999935, 15.743476649000058 ], [ -90.039671545999965, 15.744818869000028 ], [ -90.040286544999958, 15.745127482000044 ], [ -90.04476202099994, 15.746343 ], [ -90.04818917099999, 15.74715479300005 ], [ -90.050667915999952, 15.747743742000068 ], [ -90.05137683199996, 15.747886537000056 ], [ -90.052145570999983, 15.747841633000064 ], [ -90.052799378999964, 15.747805330000062 ], [ -90.053644192999968, 15.748061710000059 ], [ -90.054061549999972, 15.74849968500007 ], [ -90.05482725, 15.748665815000038 ], [ -90.058055901999978, 15.748943117000067 ], [ -90.058718491999969, 15.74910671300006 ], [ -90.059161868999979, 15.749357650000036 ], [ -90.059892564999984, 15.749567315000036 ], [ -90.061095931999944, 15.749572270000044 ], [ -90.061804233999965, 15.749759049000033 ], [ -90.063261489999945, 15.750467276000052 ], [ -90.063994486999945, 15.750477161000049 ], [ -90.064913847999946, 15.750333780000062 ], [ -90.065568285999973, 15.750254553000048 ], [ -90.066164210999943, 15.750272743000039 ], [ -90.066874694999967, 15.750348915000075 ], [ -90.06764158499999, 15.750393107000036 ], [ -90.068146972999955, 15.750344599000073 ], [ -90.068640706999986, 15.750295935000054 ], [ -90.069144247999986, 15.750335448000044 ], [ -90.069611111999961, 15.750575396000045 ], [ -90.069702309999968, 15.751408554000022 ], [ -90.069683645999987, 15.751897079000059 ], [ -90.069960929999979, 15.752555519000055 ], [ -90.070736149999959, 15.752832348000027 ], [ -90.071846948999962, 15.752913890000059 ], [ -90.073121900999979, 15.752765099000044 ], [ -90.073696277999943, 15.75266106600003 ], [ -90.07465065699995, 15.752474090000078 ], [ -90.075316448999956, 15.752416437000022 ], [ -90.076108568999985, 15.752327739000066 ], [ -90.076842810999949, 15.752292445000023 ], [ -90.077333269999897, 15.752432230000068 ], [ -90.078098064999949, 15.752664871000036 ], [ -90.078750721999938, 15.752751516000046 ], [ -90.079895792999935, 15.752800743000023 ], [ -90.080445961999942, 15.752840855000045 ], [ -90.081016515999977, 15.753004284000042 ], [ -90.081747261999965, 15.753213879000043 ], [ -90.082273334999968, 15.753308977000074 ], [ -90.082868616999974, 15.753373396000029 ], [ -90.083807235999984, 15.753474019000066 ], [ -90.084210108999969, 15.75415670600006 ], [ -90.084146798999939, 15.755365956000048 ], [ -90.084455018999961, 15.756269753000026 ], [ -90.085252800999967, 15.756602152000028 ], [ -90.088276739999969, 15.756743087000075 ], [ -90.08874998899995, 15.756538327000044 ], [ -90.08958015799999, 15.756193848000066 ], [ -90.090348478999942, 15.756181541000046 ], [ -90.090941877999967, 15.756379116000062 ], [ -90.091361340999981, 15.756717724000055 ], [ -90.091340841999966, 15.757338305000076 ], [ -90.090819923999959, 15.757698214000072 ], [ -90.090138818999947, 15.758010824000053 ], [ -90.088917073999937, 15.758471981000071 ], [ -90.087705075999963, 15.759066462000021 ], [ -90.087227974999962, 15.759581593000064 ], [ -90.087103839999941, 15.76023464900004 ], [ -90.087150168999983, 15.760990452000044 ], [ -90.087419344999944, 15.761404947000074 ], [ -90.087874768999939, 15.761633420000067 ], [ -90.08860634499996, 15.761787699000024 ], [ -90.090619601999947, 15.762102473000027 ], [ -90.09783940899996, 15.763064695000025 ], [ -90.098707882999975, 15.763265919000048 ], [ -90.099729180999987, 15.763212932000044 ], [ -90.100255458999982, 15.762476045000028 ], [ -90.100724468999942, 15.761749680000037 ], [ -90.101352631999987, 15.761102195000035 ], [ -90.10203325399999, 15.760823405000053 ], [ -90.102694878999955, 15.761020730000041 ], [ -90.103221927999982, 15.761870988000055 ], [ -90.103301270999964, 15.762727702000063 ], [ -90.103579947999947, 15.763296960000048 ], [ -90.103987151999945, 15.763680540000053 ], [ -90.104523196999935, 15.763897637000071 ], [ -90.105301039999972, 15.763997166000024 ], [ -90.108656949999954, 15.764208852000024 ], [ -90.109147907999954, 15.764358740000034 ], [ -90.109677806999969, 15.765010347000043 ], [ -90.110220525999978, 15.765539083000021 ], [ -90.11081195, 15.765879945000052 ], [ -90.111533018999978, 15.765956121000045 ], [ -90.11228293399995, 15.76560033100003 ], [ -90.112178941999957, 15.764876491000052 ], [ -90.111727228999939, 15.764382832000024 ], [ -90.111365298999942, 15.764011155000048 ], [ -90.110980427999948, 15.763695613000039 ], [ -90.110643216999961, 15.763224924000042 ], [ -90.111176460999957, 15.762775950000048 ], [ -90.111987385999953, 15.763009096000076 ], [ -90.112680067999975, 15.76348450100005 ], [ -90.11335305099999, 15.763704523000058 ], [ -90.114168068999959, 15.763648731000046 ], [ -90.114742156999966, 15.76356716600003 ], [ -90.115618990999963, 15.763179179000076 ], [ -90.116430344999969, 15.76255777700004 ], [ -90.117166044999976, 15.762423033000061 ], [ -90.117456294999954, 15.762959694000074 ], [ -90.117629828999952, 15.763672038000038 ], [ -90.118022389999965, 15.764310523000063 ], [ -90.118731026999967, 15.764441823000027 ], [ -90.11914914099998, 15.764880839000057 ], [ -90.119417149999947, 15.765383340000028 ], [ -90.119787987999985, 15.765909778000037 ], [ -90.120515384999976, 15.766364173000056 ], [ -90.121330456999942, 15.766264332000048 ], [ -90.12196374199999, 15.766077418000066 ], [ -90.122530041999937, 15.765763185000026 ], [ -90.122982957999966, 15.765346984000075 ], [ -90.12322586199997, 15.764406474000054 ], [ -90.123006732999954, 15.763660789000028 ], [ -90.122217693999971, 15.763527311000075 ], [ -90.121334991999959, 15.763505477000024 ], [ -90.120351780999954, 15.763336686000059 ], [ -90.120048767999947, 15.762877748000051 ], [ -90.120399477999968, 15.762393595000049 ], [ -90.122752384999956, 15.761403106000046 ], [ -90.12336811199998, 15.761633630000063 ], [ -90.124331021999978, 15.762456874000065 ], [ -90.125063006999937, 15.762544437000031 ], [ -90.125425835999977, 15.762026569000056 ], [ -90.125859125999966, 15.761388845000056 ], [ -90.126289759999963, 15.760939601000075 ], [ -90.126706241999955, 15.760667402000024 ], [ -90.127637343999936, 15.760479884000063 ], [ -90.128278734999981, 15.760543662000032 ], [ -90.128797836999979, 15.761138648000042 ], [ -90.128343736999966, 15.761598875000061 ], [ -90.12803736799998, 15.762205545000029 ], [ -90.128328586999942, 15.762675606000073 ], [ -90.128949740999985, 15.763349830000038 ], [ -90.129597770999965, 15.764558356000066 ], [ -90.12918856899995, 15.765141093000068 ], [ -90.12812577599999, 15.76652572100005 ], [ -90.127461420999964, 15.767304893000073 ], [ -90.127589257999944, 15.767995186000064 ], [ -90.128250304999938, 15.768237585000065 ], [ -90.12921204099996, 15.768360909000023 ], [ -90.130137716999968, 15.768561642000066 ], [ -90.130997280999964, 15.768572980000044 ], [ -90.131304698999941, 15.767933582000069 ], [ -90.131399576999968, 15.765248146000033 ], [ -90.131445828999972, 15.764404366000065 ], [ -90.131513392999977, 15.763661339000066 ], [ -90.13201419699999, 15.763112539000076 ], [ -90.132790002999968, 15.763400464000028 ], [ -90.133191499999953, 15.764194829000076 ], [ -90.133466244999966, 15.765008971000043 ], [ -90.133848474999979, 15.765556988000071 ], [ -90.134519419999947, 15.765966573000071 ], [ -90.135560831999953, 15.766102204000049 ], [ -90.136337325999989, 15.766300946000058 ], [ -90.136767298999985, 15.766728801000056 ], [ -90.137114879999956, 15.767254910000077 ], [ -90.137719115999971, 15.76751798500004 ], [ -90.138057348999951, 15.76709007900007 ], [ -90.138080688999935, 15.766257282000026 ], [ -90.138231769999948, 15.765292960000068 ], [ -90.138715763999983, 15.765110805000063 ], [ -90.139264629999957, 15.765207202000056 ], [ -90.139920846999985, 15.765836706000073 ], [ -90.139693546999979, 15.766500879000034 ], [ -90.139476521999939, 15.767263399000058 ], [ -90.140056387999948, 15.76764354900007 ], [ -90.14084984699997, 15.767464327000027 ], [ -90.141660562999959, 15.767675919000055 ], [ -90.142229966999935, 15.76797126200006 ], [ -90.142823789999966, 15.768146135000052 ], [ -90.143671705999964, 15.768157270000074 ], [ -90.144304892999969, 15.767977061000067 ], [ -90.144895308999935, 15.767562611000074 ], [ -90.145176279999987, 15.767144099000063 ], [ -90.145286264999982, 15.766656742000066 ], [ -90.145328718999963, 15.766080444000067 ], [ -90.145499032999965, 15.765405356000031 ], [ -90.146186683999986, 15.76541437700007 ], [ -90.14684228699997, 15.765255901000046 ], [ -90.147353927999973, 15.764763647000052 ], [ -90.148117942999988, 15.764229544000045 ], [ -90.14883297099999, 15.763905897000029 ], [ -90.149695128999952, 15.763772694000068 ], [ -90.150484380999956, 15.763893662000044 ], [ -90.151236757999982, 15.764192507000075 ], [ -90.153034132999949, 15.765207186000055 ], [ -90.15604816199999, 15.767587902000059 ], [ -90.157242877999977, 15.769900792000044 ], [ -90.158362649999958, 15.771779211000023 ], [ -90.158530796999969, 15.772847073000037 ], [ -90.158491777999984, 15.774141391000057 ], [ -90.15873731399995, 15.774591637000071 ], [ -90.15919540499999, 15.774805338000021 ], [ -90.159799830999987, 15.774682280000036 ], [ -90.160363478999955, 15.77455756300003 ], [ -90.161306092999951, 15.774384732000044 ], [ -90.162353618999987, 15.774128598000061 ], [ -90.16252954, 15.773675953000065 ], [ -90.162976311999955, 15.772859952000033 ], [ -90.164282764999939, 15.771168983000052 ], [ -90.165579926999953, 15.770186821000038 ], [ -90.166517490999979, 15.769956324000077 ], [ -90.170134001999941, 15.77144725900007 ], [ -90.172843031999946, 15.773104710000041 ], [ -90.175268471999971, 15.773819206000042 ], [ -90.17685501599999, 15.77445844500005 ], [ -90.17872093599999, 15.774580873000048 ], [ -90.17971696799998, 15.774212224000053 ], [ -90.182260173999964, 15.770878803000073 ], [ -90.186874211999964, 15.764760013000057 ], [ -90.188111933999949, 15.76309055300004 ], [ -90.189420285999972, 15.761242495000033 ], [ -90.190404103999981, 15.759680366000055 ], [ -90.191270034999945, 15.758382006000033 ], [ -90.195399629999898, 15.752991623000071 ], [ -90.203281648999962, 15.742336631000057 ], [ -90.218840647999968, 15.721212447000028 ], [ -90.22591091399994, 15.711698553000076 ], [ -90.229545130999952, 15.706942171000037 ], [ -90.231397098999935, 15.70495500800007 ], [ -90.234705447999943, 15.706622625000023 ], [ -90.238846214999967, 15.708404591000033 ], [ -90.24022370299997, 15.709190828000033 ], [ -90.249973096999952, 15.713826337000057 ], [ -90.290957282999955, 15.719334756000023 ], [ -90.300264289999973, 15.720719122000048 ], [ -90.302323846999968, 15.720944435000035 ], [ -90.30618330499999, 15.721818561000077 ], [ -90.307567332999952, 15.722803207000027 ], [ -90.316049264999947, 15.728111371000068 ], [ -90.32359917399998, 15.733281374000057 ], [ -90.326350279999986, 15.735236729000064 ], [ -90.33234794399999, 15.739248261000057 ], [ -90.341684794999935, 15.745797848000052 ], [ -90.343063014999984, 15.746583537000049 ], [ -90.345224522999956, 15.748007637000057 ], [ -90.347928981999985, 15.749727365000069 ], [ -90.352304652999976, 15.752843692000056 ], [ -90.367260804999944, 15.762900855000055 ], [ -90.369033828999989, 15.764009575000046 ], [ -90.370352743999945, 15.764847468000028 ], [ -90.37128402799999, 15.765457119000075 ], [ -90.386425696999936, 15.776021275000062 ], [ -90.389777097999968, 15.777951588000064 ], [ -90.392036279999957, 15.77945100200003 ], [ -90.394985073999976, 15.78159884400003 ], [ -90.399410519999947, 15.784630327000059 ], [ -90.405214902999944, 15.788445981000052 ], [ -90.407782193999935, 15.790630904000068 ], [ -90.410389269999939, 15.795561082000063 ], [ -90.411430911999958, 15.797509876000049 ], [ -90.412412675999974, 15.799629576000029 ], [ -90.413620458999958, 15.801996975000066 ], [ -90.414806660999943, 15.804274915000065 ], [ -90.416703194999968, 15.808336232000045 ], [ -90.418544516999987, 15.81137731900003 ], [ -90.420086287999936, 15.814546938000035 ], [ -90.420546783999953, 15.815525687000047 ], [ -90.428282929999966, 15.830746248000025 ], [ -90.429311310999935, 15.832799848000036 ], [ -90.429961701999957, 15.833940042000052 ], [ -90.43074635399995, 15.835347163000051 ], [ -90.431419527999935, 15.836531660000048 ], [ -90.432227224999963, 15.837916471000028 ], [ -90.434557127999938, 15.842250441000033 ], [ -90.435184533999973, 15.843367774000058 ], [ -90.436459081999942, 15.845934621000026 ], [ -90.437915933999989, 15.848615403000053 ], [ -90.438407177999977, 15.849664503000042 ], [ -90.440310163999982, 15.853415295000048 ], [ -90.445545339999967, 15.863275488000056 ], [ -90.44670716, 15.865594832000056 ], [ -90.447288078999975, 15.866754501000059 ], [ -90.449141592999979, 15.87028788300006 ], [ -90.451869657999964, 15.875063419000071 ], [ -90.454334673999938, 15.880402651000054 ], [ -90.455815177999966, 15.883185268000034 ], [ -90.457824996999989, 15.887345977000052 ], [ -90.460112324999955, 15.891479455000024 ], [ -90.462600099999975, 15.896103050000022 ], [ -90.463853855999957, 15.898514886000044 ], [ -90.465702201999989, 15.902129431000048 ], [ -90.467166543999952, 15.905153448000021 ], [ -90.468070621999971, 15.907031614000061 ], [ -90.469966007999972, 15.910441191000075 ], [ -90.47171187899994, 15.913728192000065 ], [ -90.473763562999977, 15.917618330000039 ], [ -90.47441443699995, 15.918757328000027 ], [ -90.478437969999959, 15.925708987000064 ], [ -90.480056145999981, 15.929195442000037 ], [ -90.481799914999954, 15.932674328000076 ], [ -90.483016622999969, 15.935282139000037 ], [ -90.484698032999972, 15.938387673000022 ], [ -90.485347083999955, 15.939682453000046 ], [ -90.487916968999969, 15.943794229000048 ], [ -90.493636152999954, 15.954907146000039 ], [ -90.494021561999944, 15.955871395000031 ], [ -90.498403249999967, 15.964347962000033 ], [ -90.499998723999965, 15.967030136000062 ], [ -90.503070459999947, 15.972792792000064 ], [ -90.504595860999984, 15.975628825000058 ], [ -90.507017732999941, 15.980067337000037 ], [ -90.508432403999961, 15.982851258000039 ], [ -90.507916911999985, 15.983098212000073 ], [ -90.507224736999945, 15.983379247000073 ], [ -90.506370673999982, 15.98372501800003 ], [ -90.505079600999977, 15.984153789000061 ], [ -90.504202771999985, 15.984499289000041 ], [ -90.50327987899999, 15.984888286000057 ], [ -90.501709482999956, 15.985625431000074 ], [ -90.500439493999977, 15.986187654000048 ], [ -90.499930294999956, 15.986537410000039 ], [ -90.499261139999987, 15.98679609900006 ], [ -90.498776500999952, 15.986531890000037 ], [ -90.498556726999936, 15.987120998000023 ], [ -90.49823276799998, 15.988249748000044 ], [ -90.497823986999947, 15.98972189400007 ], [ -90.497580270999947, 15.990874157000064 ], [ -90.497420644999977, 15.991694306000056 ], [ -90.495925627999952, 15.997572079000065 ], [ -90.49559327299994, 15.998575391000031 ], [ -90.495286830999987, 15.999091215000021 ], [ -90.49476905299997, 16.000078810000048 ], [ -90.493247894999968, 16.001956867000047 ], [ -90.492681599999969, 16.003182135000031 ], [ -90.492070985999987, 16.004263481000066 ], [ -90.491583720999984, 16.006544273000031 ], [ -90.491335201999959, 16.008028427000056 ], [ -90.491127530999961, 16.009980517000031 ], [ -90.490837078999959, 16.011176254000077 ], [ -90.490125096999975, 16.013032114000055 ], [ -90.489716494999982, 16.013545604000058 ], [ -90.489285343999939, 16.014088186000038 ], [ -90.487983509999935, 16.015405315000066 ], [ -90.486871310999959, 16.016214293000075 ], [ -90.483317453999973, 16.017715018000047 ], [ -90.482121113999938, 16.017923418000066 ], [ -90.481109154999956, 16.018044776000067 ], [ -90.480190219999898, 16.018056567000031 ], [ -90.479432651999957, 16.018047668000065 ], [ -90.478837841999962, 16.01790744300007 ], [ -90.47817470199999, 16.01767721300007 ], [ -90.477559345999964, 16.017314308000039 ], [ -90.476995110999951, 16.016553427000076 ], [ -90.476229578999948, 16.015367886000035 ], [ -90.475741772999982, 16.014007211000035 ], [ -90.475504691999959, 16.012761268000077 ], [ -90.475362068999971, 16.011338036000041 ], [ -90.475291647999939, 16.00965031100003 ], [ -90.475125396999942, 16.008249382000031 ], [ -90.474865845999943, 16.006980592000048 ], [ -90.474385750999943, 16.00528692000006 ], [ -90.473817213999951, 16.00459260100007 ], [ -90.473269362999986, 16.004342266000037 ], [ -90.472583228999952, 16.004134337000039 ], [ -90.471460865999973, 16.003943853000067 ], [ -90.46893427699996, 16.004068772000039 ], [ -90.467206503999989, 16.004537301000028 ], [ -90.465705870999955, 16.005229804000066 ], [ -90.46391854899997, 16.006807513000069 ], [ -90.462300985999946, 16.009453085000075 ], [ -90.46122025599999, 16.011416236000059 ], [ -90.46002722899999, 16.013210943000047 ], [ -90.459255359999986, 16.014334295000026 ], [ -90.458233588999974, 16.015232250000054 ], [ -90.457080275999942, 16.015684906000047 ], [ -90.455884787999935, 16.015826550000043 ], [ -90.453840970999977, 16.01589150600006 ], [ -90.45276185099999, 16.015878698000051 ], [ -90.450302305999969, 16.016137406000041 ], [ -90.445574719999968, 16.017935144000035 ], [ -90.444811333999951, 16.018293007000068 ], [ -90.44404842299997, 16.018705072000046 ], [ -90.443238835999978, 16.019206903000054 ], [ -90.442658912999946, 16.019687756000053 ], [ -90.442261382999959, 16.02023852700006 ], [ -90.44204601499996, 16.020923574000051 ], [ -90.441979259999982, 16.022588184000028 ], [ -90.441850810999938, 16.025428567000063 ], [ -90.441745023999943, 16.026537197000039 ], [ -90.441189074999954, 16.028751480000039 ], [ -90.440555918999962, 16.029787200000044 ], [ -90.439930120999975, 16.030246041000055 ], [ -90.439123595999945, 16.030457710000064 ], [ -90.438434321999978, 16.030538673000024 ], [ -90.437400953999941, 16.030548904000057 ], [ -90.436210216999939, 16.030312239000068 ], [ -90.434998401999962, 16.029898050000043 ], [ -90.434132657999953, 16.029399928000032 ], [ -90.432927696999968, 16.02849691800003 ], [ -90.431907138999975, 16.027508042000022 ], [ -90.43091078399999, 16.026407673000051 ], [ -90.430028567999955, 16.025420451000059 ], [ -90.429011165999952, 16.024187723000068 ], [ -90.428534493999962, 16.02375973200003 ], [ -90.428104495999946, 16.023288267000055 ], [ -90.42760448699994, 16.022905159000061 ], [ -90.426919796999982, 16.022585321000065 ], [ -90.426416084999971, 16.022491210000055 ], [ -90.425540994999949, 16.022680553000043 ], [ -90.425119523999967, 16.023319068000035 ], [ -90.425200881999956, 16.02593949900006 ], [ -90.425267717999986, 16.027872150000064 ], [ -90.425302143999943, 16.028782599000067 ], [ -90.425382661999947, 16.029649565000057 ], [ -90.425567893999983, 16.031317175000027 ], [ -90.425849331999984, 16.032630281000024 ], [ -90.426134483999988, 16.033699555000055 ], [ -90.426690558999951, 16.035082574000057 ], [ -90.427387518999979, 16.036223404000054 ], [ -90.428110100999959, 16.037142112000026 ], [ -90.429107062999947, 16.038197339000021 ], [ -90.43036043799998, 16.038923692000026 ], [ -90.43150056199994, 16.03951432100007 ], [ -90.432893990999958, 16.040063944000053 ], [ -90.434427737999954, 16.040415391000067 ], [ -90.435596056999941, 16.040629225000032 ], [ -90.437731746999987, 16.040565575000073 ], [ -90.438491366999983, 16.040418843000054 ], [ -90.439573433999954, 16.040210477000073 ], [ -90.440816859999984, 16.039892250000037 ], [ -90.441712798999959, 16.039858915000025 ], [ -90.442790332999948, 16.039959845000055 ], [ -90.443749762999971, 16.040349537000054 ], [ -90.444409821999955, 16.040822595000066 ], [ -90.444770442999982, 16.041338373000031 ], [ -90.444832524999981, 16.041872043000069 ], [ -90.444800703999988, 16.042581860000041 ], [ -90.444561108999949, 16.043333234000045 ], [ -90.444326041999943, 16.043775290000042 ], [ -90.443584947999966, 16.044299378000062 ], [ -90.443055571999935, 16.044381129000044 ], [ -90.442412917999945, 16.044373457000063 ], [ -90.441563903999963, 16.044341867000071 ], [ -90.44076015, 16.044332267000073 ], [ -90.440003081999976, 16.044278058000032 ], [ -90.438924402999987, 16.04426516500007 ], [ -90.437729884999953, 16.044317498000055 ], [ -90.436581191999949, 16.044392953000056 ], [ -90.435728479999966, 16.044605177000051 ], [ -90.434969715999955, 16.044729325000048 ], [ -90.434138367999935, 16.045096482000076 ], [ -90.432839982999951, 16.046101614000065 ], [ -90.43230461099995, 16.046650705000047 ], [ -90.431814495999959, 16.04726695100004 ], [ -90.431254081999953, 16.047993003000045 ], [ -90.43085307299998, 16.048853067000039 ], [ -90.430354112999964, 16.050157938000041 ], [ -90.429899561999946, 16.051595446000022 ], [ -90.429607527999963, 16.052879086000075 ], [ -90.429319182999961, 16.053874859000075 ], [ -90.428870871999948, 16.054779511000049 ], [ -90.428308715999947, 16.055683923000061 ], [ -90.427724070999943, 16.056475154000054 ], [ -90.426711499999954, 16.057628190000059 ], [ -90.425722775999986, 16.058560208000074 ], [ -90.424840100999972, 16.059371556000031 ], [ -90.424027430999956, 16.060050510000053 ], [ -90.423008127999935, 16.060771008000074 ], [ -90.422314458999949, 16.061139765000064 ], [ -90.421645282999975, 16.061419616000023 ], [ -90.421022482999945, 16.061634539000067 ], [ -90.420376058999977, 16.061915790000057 ], [ -90.419795074999968, 16.062419126000066 ], [ -90.419211804999975, 16.063144859000033 ], [ -90.418974092999974, 16.063785559000053 ], [ -90.418918816999962, 16.06449507800005 ], [ -90.418863539999961, 16.065249757000061 ], [ -90.419003171999975, 16.066871652000032 ], [ -90.419291159999943, 16.067674504000024 ], [ -90.419697003999943, 16.068257482000035 ], [ -90.42015156299999, 16.06864007300004 ], [ -90.420720830999983, 16.069001465000042 ], [ -90.421339070999977, 16.069142149000072 ], [ -90.422003702999973, 16.069216772000061 ], [ -90.422783613999968, 16.069271332000028 ], [ -90.423357455999962, 16.069278245000078 ], [ -90.423862721999967, 16.069305782000072 ], [ -90.425429133999955, 16.068903496000075 ], [ -90.426191435999954, 16.068557010000063 ], [ -90.426932377999947, 16.068055581000067 ], [ -90.42769952399999, 16.067332038000075 ], [ -90.428702078999947, 16.06614501200005 ], [ -90.429728533999935, 16.064914231000046 ], [ -90.430775173999962, 16.063838372000077 ], [ -90.43160917299997, 16.06327142300006 ], [ -90.432925057999967, 16.062732835000077 ], [ -90.434279084999957, 16.062770525000076 ], [ -90.435263358999975, 16.06300475200004 ], [ -90.436222599999951, 16.063415942000063 ], [ -90.437270370999954, 16.064072067000041 ], [ -90.438315864999936, 16.064906556000039 ], [ -90.439175231999968, 16.065960115000053 ], [ -90.441731675999961, 16.068901475000075 ], [ -90.444517472999962, 16.07382145400004 ], [ -90.44133213899994, 16.073798048000072 ], [ -90.424216740999952, 16.071602060000032 ], [ -90.422217106999938, 16.071367965000036 ], [ -90.419188978999955, 16.070978051000054 ], [ -90.40980321699999, 16.06946457500004 ], [ -90.392267324999978, 16.067539900000043 ], [ -90.385959843999956, 16.066355335000026 ], [ -90.383182618999967, 16.066394776000038 ], [ -90.368500788999938, 16.064241165000055 ], [ -90.366569493999975, 16.064331440000046 ], [ -90.333615846999976, 16.059800235000068 ], [ -90.331966868999984, 16.059914040000024 ], [ -90.313354813999979, 16.057500017000052 ], [ -90.297812731999954, 16.055875105000041 ], [ -90.29000857799997, 16.054523300000028 ], [ -90.280850938999947, 16.053379831000029 ], [ -90.278916797999955, 16.053478314000074 ], [ -90.267876800999943, 16.051690579000024 ], [ -90.261456326999962, 16.051171659000033 ], [ -90.228189528999962, 16.046698701000025 ], [ -90.214159164999955, 16.045045697000035 ], [ -90.21346568599995, 16.045132634000026 ], [ -90.212845817999948, 16.044627849000051 ], [ -90.168638359999989, 16.031244411000046 ], [ -90.165584836999983, 16.02995891300003 ], [ -90.126507051999965, 16.017836135000039 ] ] ] ] } },
{ "type": "Feature", "properties": { "Codigo": 1201, "datos_finales_color_riesgo": "732600" }, "geometry": { "type": "MultiPolygon", "coordinates": [ [ [ [ -91.813045430999978, 15.078712430000053 ], [ -91.813340881999977, 15.076498174000051 ], [ -91.813026940999976, 15.073869431000048 ], [ -91.813298630999952, 15.072582727000054 ], [ -91.812970574999952, 15.072080449000055 ], [ -91.813097421999942, 15.070176042000071 ], [ -91.811921469999959, 15.068446731000051 ], [ -91.810327495999957, 15.067553638000049 ], [ -91.808279227999947, 15.067116898000052 ], [ -91.80666781299999, 15.065602223000042 ], [ -91.806008647999988, 15.062338897000075 ], [ -91.806033749999983, 15.057730029000027 ], [ -91.805639380999935, 15.057344904000047 ], [ -91.805450319999977, 15.054443368000022 ], [ -91.804662759999985, 15.053673128000071 ], [ -91.80448178499995, 15.052659754000047 ], [ -91.803203007999969, 15.051673362000031 ], [ -91.801515575999986, 15.050991020000026 ], [ -91.797512357999949, 15.050544997000031 ], [ -91.795114690999981, 15.049623819000033 ], [ -91.79361967599999, 15.048436232000029 ], [ -91.79295547299995, 15.046625945000073 ], [ -91.792465108999977, 15.045951029000037 ], [ -91.792451623999966, 15.045145317000049 ], [ -91.791587000999982, 15.043930561000025 ], [ -91.790786729999979, 15.039861943000062 ], [ -91.792930626999976, 15.036473382000054 ], [ -91.793147658999942, 15.034371732000068 ], [ -91.79182835499995, 15.032041584000069 ], [ -91.790276522999989, 15.031057068000052 ], [ -91.789222807999977, 15.027923809000072 ], [ -91.78892192699999, 15.021489507000069 ], [ -91.793345082999963, 15.018791011000076 ], [ -91.795781622999982, 15.018315792000067 ], [ -91.796082103999936, 15.017909475000067 ], [ -91.80040464199999, 15.01675491900005 ], [ -91.80613155399999, 15.013816699000074 ], [ -91.806986802999972, 15.013469774000043 ], [ -91.81485128199995, 15.008562858000062 ], [ -91.815810041999953, 15.006935081000051 ], [ -91.81581684799994, 15.004220996000072 ], [ -91.816260127999954, 15.00172612700004 ], [ -91.816379519999941, 15.000732398000025 ], [ -91.81649803199997, 14.999792901000035 ], [ -91.8166044, 14.999053341000035 ], [ -91.816779106999945, 14.998358203000066 ], [ -91.817034134999972, 14.997431844000062 ], [ -91.817188198999986, 14.996262022000053 ], [ -91.817191477999984, 14.995665429000042 ], [ -91.816846366999982, 14.994370981000031 ], [ -91.816072400999985, 14.99253193100003 ], [ -91.815397658999984, 14.991147632000036 ], [ -91.813726300999974, 14.989205602000027 ], [ -91.812099798999952, 14.987145152000039 ], [ -91.810869983999964, 14.985666423000055 ], [ -91.808916951999947, 14.983281088000069 ], [ -91.806758719999948, 14.981015567000043 ], [ -91.804837432999989, 14.979104942000049 ], [ -91.803899360999935, 14.97806386600007 ], [ -91.802203343999963, 14.976517115000036 ], [ -91.800302214999988, 14.975070966000033 ], [ -91.798537903999943, 14.973482024000077 ], [ -91.796615274999965, 14.971836868000025 ], [ -91.795710218999943, 14.971036613000024 ], [ -91.795078371999978, 14.97022650100007 ], [ -91.79326098599995, 14.968062104000069 ], [ -91.791701400999955, 14.965841430000069 ], [ -91.790837579999959, 14.964224434000073 ], [ -91.790494506999948, 14.963119798000037 ], [ -91.788944824999987, 14.959249453000041 ], [ -91.786576452999952, 14.953508099000032 ], [ -91.783943956999963, 14.944436524000025 ], [ -91.783097251999948, 14.943517897000049 ], [ -91.782269425999971, 14.943066031000058 ], [ -91.781173219999971, 14.942805952000072 ], [ -91.779216155999961, 14.942902848000074 ], [ -91.77602329399997, 14.942662041000062 ], [ -91.774246352999967, 14.942044612000075 ], [ -91.773724159999972, 14.941600007000034 ], [ -91.773508582999966, 14.940985296000065 ], [ -91.773820953999973, 14.939903367000056 ], [ -91.774153059999946, 14.939131142000065 ], [ -91.774700479999979, 14.938815436000027 ], [ -91.775487271999964, 14.938607226000045 ], [ -91.776022443999977, 14.938196536000078 ], [ -91.776299402999939, 14.937721187000022 ], [ -91.776368248999972, 14.93715884900007 ], [ -91.776438789999986, 14.936194262000072 ], [ -91.776317803999973, 14.935497574000067 ], [ -91.774944176999952, 14.934265367000023 ], [ -91.77381421299998, 14.933410730000048 ], [ -91.772895829999982, 14.932339145000071 ], [ -91.77253656399995, 14.931653606000054 ], [ -91.772477210999966, 14.930645387000027 ], [ -91.772410531999981, 14.927038280000033 ], [ -91.771634626999969, 14.925336952000066 ], [ -91.770942272999946, 14.924272226000028 ], [ -91.770024449999937, 14.922497816000032 ], [ -91.771799949999945, 14.922315265000066 ], [ -91.773010469999974, 14.92124945300003 ], [ -91.774213200999952, 14.920530481000071 ], [ -91.775288302999968, 14.919775791000063 ], [ -91.776372389999949, 14.919382723000069 ], [ -91.778432535999968, 14.919410679000066 ], [ -91.780816007999988, 14.919081018000043 ], [ -91.783855020999965, 14.917586460000052 ], [ -91.785042246999978, 14.916825538000069 ], [ -91.788009467999984, 14.915897770000072 ], [ -91.79165291399994, 14.915083135000032 ], [ -91.79255782599995, 14.914096951000033 ], [ -91.79324110899995, 14.912948011000026 ], [ -91.793825468999955, 14.910886686000026 ], [ -91.794475443999943, 14.909247169000025 ], [ -91.795036441999969, 14.907829783000068 ], [ -91.796143386999972, 14.906339557000024 ], [ -91.797191287999965, 14.904912293000052 ], [ -91.79883721799996, 14.903970647000051 ], [ -91.801666988999955, 14.905793383000059 ], [ -91.805188482999938, 14.910406152000064 ], [ -91.808904316999985, 14.913094453000042 ], [ -91.81232724399996, 14.916977796000026 ], [ -91.809972653999978, 14.919354276000035 ], [ -91.80901877299999, 14.920484911000074 ], [ -91.807917571999951, 14.922304042000064 ], [ -91.806991478999976, 14.924081143000024 ], [ -91.805630306999944, 14.925516981000044 ], [ -91.803690763999953, 14.928985949000037 ], [ -91.801816968999958, 14.933266539000044 ], [ -91.801777775999938, 14.936248258000035 ], [ -91.802426340999943, 14.939168041000073 ], [ -91.804222949999939, 14.94170400400003 ], [ -91.805881041999953, 14.94334092500003 ], [ -91.808574469999897, 14.945646515000021 ], [ -91.813455530999988, 14.949379273000034 ], [ -91.816818116999968, 14.950493897000058 ], [ -91.818843647999984, 14.951385741000024 ], [ -91.820582778999949, 14.952583435000065 ], [ -91.824541913999951, 14.95493719600006 ], [ -91.826543768999954, 14.95613620000006 ], [ -91.827630830999965, 14.95682088600006 ], [ -91.82906681299994, 14.957676848000062 ], [ -91.830564119999963, 14.95847887900004 ], [ -91.835247166999977, 14.961018097000021 ], [ -91.839210055999956, 14.96273547800007 ], [ -91.840951678999943, 14.96350817900003 ], [ -91.847890165999956, 14.963925237000069 ], [ -91.850658832999954, 14.962608106000062 ], [ -91.853274527999986, 14.960981691000029 ], [ -91.855289771999935, 14.959591784000054 ], [ -91.859574644999952, 14.958255017000056 ], [ -91.866229546999989, 14.954448542000023 ], [ -91.870043460999966, 14.951241394000022 ], [ -91.872412628999939, 14.948919720000049 ], [ -91.873815160999982, 14.947192138000048 ], [ -91.874917136999954, 14.945707139000035 ], [ -91.876224478999973, 14.944620891000056 ], [ -91.87832762499994, 14.944598456000051 ], [ -91.880249019999951, 14.944438386000058 ], [ -91.882563668999978, 14.944195473000036 ], [ -91.885229489999972, 14.943466105000027 ], [ -91.88759033299999, 14.942713748000074 ], [ -91.889384455999959, 14.941873862000023 ], [ -91.890609425999969, 14.94130691600003 ], [ -91.891569493999953, 14.941290106000054 ], [ -91.89274489, 14.941890169000033 ], [ -91.893570522999937, 14.94259362400004 ], [ -91.894115760999966, 14.946988476000058 ], [ -91.894972008999957, 14.951138499000024 ], [ -91.896045061999985, 14.953809300000046 ], [ -91.895825940999941, 14.962446896000074 ], [ -91.893888406999963, 14.965723478000029 ], [ -91.893311195999956, 14.967897006000044 ], [ -91.893914293999956, 14.96928753800006 ], [ -91.894999699999971, 14.970353843000055 ], [ -91.896684471999947, 14.971503271000074 ], [ -91.899127667999949, 14.972433742000021 ], [ -91.901390613999979, 14.973498921000044 ], [ -91.900292348999983, 14.976082398000074 ], [ -91.898957269999983, 14.97734717700007 ], [ -91.896487390999937, 14.978212098000029 ], [ -91.894474814999967, 14.979093896000052 ], [ -91.891590364999956, 14.979759006000052 ], [ -91.88822416499994, 14.980633032000071 ], [ -91.877836333999937, 14.980284961000052 ], [ -91.874079544999972, 14.980818991000035 ], [ -91.871320686999979, 14.982459616000028 ], [ -91.867599915999961, 14.98486719400006 ], [ -91.858988699999941, 14.991218690000039 ], [ -91.853635895999957, 14.996177189000036 ], [ -91.851928280999971, 14.997252216000049 ], [ -91.85070309799994, 14.998651702000075 ], [ -91.849861494999971, 15.001143525000032 ], [ -91.849586587999966, 15.001790729000049 ], [ -91.849855196999954, 15.004713019000064 ], [ -91.851170638999974, 15.006120806000069 ], [ -91.853137107999942, 15.007858425000052 ], [ -91.855006321999952, 15.009308529000066 ], [ -91.856775219999975, 15.011045126000056 ], [ -91.85972732, 15.013172956000062 ], [ -91.862090211999941, 15.014720398000065 ], [ -91.862482430999989, 15.015298637000058 ], [ -91.863019330999975, 15.015230134000035 ], [ -91.865927222999971, 15.017716998000026 ], [ -91.866764148999948, 15.017855634000057 ], [ -91.868875322999941, 15.019645828000023 ], [ -91.872707220999985, 15.024759845000062 ], [ -91.873197804999961, 15.025434603000065 ], [ -91.87446732899997, 15.028225114000065 ], [ -91.875279176999982, 15.030496965000054 ], [ -91.876228495999953, 15.031498285000055 ], [ -91.877499425999986, 15.035256038000057 ], [ -91.881323743999985, 15.038345004000064 ], [ -91.886830638999982, 15.038188999000056 ], [ -91.888648236999984, 15.037128950000067 ], [ -91.889539600999967, 15.036653072000036 ], [ -91.89068468499994, 15.035902718000045 ], [ -91.892838510999979, 15.03569740000006 ], [ -91.895409315999984, 15.037044403000039 ], [ -91.897463391999963, 15.037472466000054 ], [ -91.899114302999976, 15.038523433000023 ], [ -91.900285563999944, 15.039127989000065 ], [ -91.900614343999962, 15.039521679000075 ], [ -91.900665042999947, 15.041427051000028 ], [ -91.90083160599994, 15.043866329000025 ], [ -91.900304631999973, 15.044707863000042 ], [ -91.898595401999955, 15.045719941000073 ], [ -91.89201686399997, 15.046765927000024 ], [ -91.890965937999965, 15.047509962000049 ], [ -91.890257905999988, 15.047490683000035 ], [ -91.885538380999947, 15.050251798000033 ], [ -91.882978038999966, 15.052348852000023 ], [ -91.882414687999983, 15.052343820000033 ], [ -91.879370347999952, 15.054481386000077 ], [ -91.878474229999938, 15.055514263000077 ], [ -91.876190992999966, 15.057518814000048 ], [ -91.872308679999946, 15.06297306700003 ], [ -91.871596751999959, 15.063684789000035 ], [ -91.870306122999978, 15.06795637700003 ], [ -91.866213378999987, 15.066855718000056 ], [ -91.864472022999962, 15.065530612000032 ], [ -91.861916564999945, 15.066089560000023 ], [ -91.85825338799998, 15.065680187000055 ], [ -91.855490046999989, 15.066729543000065 ], [ -91.85301246299997, 15.068157712000072 ], [ -91.851505083999939, 15.068320707000055 ], [ -91.848549743999968, 15.071111381000037 ], [ -91.847292688999971, 15.072293698000067 ], [ -91.846752543999969, 15.073800561000041 ], [ -91.844277142999942, 15.073291910000023 ], [ -91.841378336999981, 15.071194625000032 ], [ -91.838097090999952, 15.070366534000073 ], [ -91.836844741999982, 15.070780454000044 ], [ -91.833913584999948, 15.073148447000051 ], [ -91.832625534999977, 15.073814133000042 ], [ -91.832591073999936, 15.076187965000031 ], [ -91.833463492999954, 15.07721166400006 ], [ -91.83329790199997, 15.079321544000038 ], [ -91.831006855999988, 15.080718773000058 ], [ -91.828715972999987, 15.081125022000037 ], [ -91.827153521999946, 15.080602817000056 ], [ -91.825380603999974, 15.079442228000062 ], [ -91.819959061999953, 15.077012947000071 ], [ -91.818814309999937, 15.076251057000036 ], [ -91.817112769999937, 15.07639359500007 ], [ -91.816302417999964, 15.076884277000033 ], [ -91.815786230999947, 15.077593441000033 ], [ -91.815319944999942, 15.078005689000065 ], [ -91.81463531299994, 15.078156911000065 ], [ -91.814000171999965, 15.078295960000048 ], [ -91.813045430999978, 15.078712430000053 ] ] ] ] } },
{ "type": "Feature", "properties": { "Codigo": 1705, "datos_finales_color_pelyexp": "732600" }, "geometry": { "type": "MultiPolygon", "coordinates": [ [ [ [ -90.182858112999952, 17.109983572000033 ], [ -90.182851007999943, 17.083419520000064 ], [ -90.182517369999971, 17.064731025000071 ], [ -90.182850728999938, 17.063983877000055 ], [ -90.182348474999969, 17.063005004000047 ], [ -90.182974718999958, 17.056113355000036 ], [ -90.182867011999974, 17.052028991000043 ], [ -90.182718094999984, 17.05147381200004 ], [ -90.182526078999956, 17.050858209000069 ], [ -90.182787017999942, 17.047035199000049 ], [ -90.182760684999948, 17.001275465000049 ], [ -90.182521018999978, 17.00023929200006 ], [ -90.182649350999952, 16.965026860000023 ], [ -90.18337341199998, 16.836044053000023 ], [ -90.175368936999973, 16.835847130000047 ], [ -90.162757374999956, 16.836132600000042 ], [ -90.154606810999951, 16.835838029000058 ], [ -90.133873476999952, 16.836506747000044 ], [ -90.122377698999969, 16.836153995000075 ], [ -90.117627337999977, 16.836458697000069 ], [ -90.109195822999936, 16.836162893000051 ], [ -90.048215994999964, 16.836440545000073 ], [ -90.046281348999969, 16.836795339000048 ], [ -90.035320516999946, 16.836542478000069 ], [ -90.026630514999965, 16.836891932000071 ], [ -90.014502488999938, 16.836531876000038 ], [ -90.014633983999943, 16.834985245000041 ], [ -90.015092295999978, 16.833523502000048 ], [ -90.015758661999939, 16.832694584000023 ], [ -90.017296198999986, 16.831877193000025 ], [ -90.01914689099999, 16.831904077000047 ], [ -90.022635844999968, 16.831640940000057 ], [ -90.024823290999962, 16.831042848000038 ], [ -90.026464249999947, 16.830541785000037 ], [ -90.029314701999965, 16.829324565000036 ], [ -90.031495549999988, 16.829147302000024 ], [ -90.033031369999946, 16.828434725000022 ], [ -90.035341829999936, 16.826894701000072 ], [ -90.036672714999952, 16.825341638000054 ], [ -90.038445984999953, 16.823373939000078 ], [ -90.039780097999937, 16.821609829000067 ], [ -90.040678901999968, 16.81984056400006 ], [ -90.041673063999951, 16.818910162000066 ], [ -90.043538894999983, 16.817993430000058 ], [ -90.046385239999907, 16.816985808000027 ], [ -90.049005074999968, 16.816603577000024 ], [ -90.056188530999975, 16.816811609000069 ], [ -90.063918480999973, 16.816922231000035 ], [ -90.06632140499994, 16.816432834000068 ], [ -90.067629412999963, 16.816346537000072 ], [ -90.069374302999961, 16.816161491000059 ], [ -90.071899659999985, 16.814833997000051 ], [ -90.074206473999936, 16.813503355000023 ], [ -90.077690359999963, 16.81355293300004 ], [ -90.078894802999969, 16.813150171000075 ], [ -90.084171671999968, 16.809869383000034 ], [ -90.087580189999983, 16.807715539000071 ], [ -90.094634113999973, 16.802151318000028 ], [ -90.102197453999963, 16.795269940000026 ], [ -90.10906589199999, 16.789283707000038 ], [ -90.114133840999955, 16.785369188000061 ], [ -90.119646294999939, 16.780830879000064 ], [ -90.121526677999952, 16.778864902000066 ], [ -90.122915787999943, 16.776995885000076 ], [ -90.125432570999976, 16.772521582000024 ], [ -90.128242073999957, 16.766686619000041 ], [ -90.135929738999948, 16.751323649000028 ], [ -90.139059041999985, 16.745912791000023 ], [ -90.140960002999975, 16.742530207000073 ], [ -90.144398763999959, 16.738225217000036 ], [ -90.147677890999944, 16.733654932000036 ], [ -90.15012939199994, 16.729861045000064 ], [ -90.151423706999935, 16.726993698000058 ], [ -90.151954548999981, 16.724221913000065 ], [ -90.152410522999958, 16.719193744000052 ], [ -90.153489586999967, 16.705126793000034 ], [ -90.153979635999974, 16.701462670000069 ], [ -90.155307020999942, 16.696341486000051 ], [ -90.156612582999969, 16.692688562000058 ], [ -90.157980294999959, 16.688511578000032 ], [ -90.159674192999944, 16.687030250000078 ], [ -90.215333366999971, 16.686888921000048 ], [ -90.217777785999942, 16.713611137000044 ], [ -90.235555536999982, 16.713888878000034 ], [ -90.235000018999983, 16.733055570000033 ], [ -90.230555525999989, 16.733055513000068 ], [ -90.229722210999967, 16.749444446000041 ], [ -90.22611115699999, 16.749444475000075 ], [ -90.225833290999958, 16.764722260000042 ], [ -90.242222242999958, 16.765833369000063 ], [ -90.241388914999959, 16.767083347000039 ], [ -90.279444399999988, 16.768055583000034 ], [ -90.281666659999985, 16.768611068000041 ], [ -90.282222261999948, 16.772777760000054 ], [ -90.284722215999977, 16.773055591000059 ], [ -90.28500003299996, 16.771944401000042 ], [ -90.289166689999945, 16.773333310000055 ], [ -90.305555592999951, 16.773611072000051 ], [ -90.30833335599999, 16.780000031000043 ], [ -90.313333354999941, 16.780555573000072 ], [ -90.312499960999958, 16.786388865000049 ], [ -90.321944489999964, 16.790277755000034 ], [ -90.321944410999947, 16.792777816000068 ], [ -90.329166676999989, 16.795000026000025 ], [ -90.329444443999989, 16.792222190000075 ], [ -90.335626188999981, 16.791829430000064 ], [ -90.33527775899995, 16.795555595000053 ], [ -90.338055538999981, 16.795833364000032 ], [ -90.338888898999983, 16.787499995000076 ], [ -90.378830715999982, 16.79329339700007 ], [ -90.378104874999963, 16.798752496000077 ], [ -90.417777822999938, 16.798472267000022 ], [ -90.418055547999984, 16.79083335200005 ], [ -90.418973071999972, 16.73721891100007 ], [ -90.508055511999942, 16.737777766000022 ], [ -90.591388880999943, 16.744999995000057 ], [ -90.588611143999969, 16.74666663000005 ], [ -90.588055582999971, 16.760000012000035 ], [ -90.587500043999967, 16.759999977000064 ], [ -90.585833291999961, 16.787500030000047 ], [ -90.605277748999981, 16.787777781000045 ], [ -90.605277742999988, 16.781805525000038 ], [ -90.614444422999952, 16.781805516000077 ], [ -90.613611071999969, 16.771944430000076 ], [ -90.614999993999959, 16.772083295000073 ], [ -90.616111079999939, 16.729583365000053 ], [ -90.624166663999972, 16.741111112000056 ], [ -90.62500001899997, 16.743611138000063 ], [ -90.62777773199997, 16.746111141000029 ], [ -90.639166623999984, 16.761944474000074 ], [ -90.637777750999987, 16.765833342000064 ], [ -90.642083308999986, 16.769444413000031 ], [ -90.645833317999973, 16.765000018000023 ], [ -90.648055571999976, 16.759722184000054 ], [ -90.651388889999964, 16.76055559100007 ], [ -90.658750038999983, 16.76555552700006 ], [ -90.657777816999953, 16.775277816000028 ], [ -90.678611108999974, 16.785833343000036 ], [ -90.724444463999987, 16.798055590000047 ], [ -90.729444414999989, 16.799444438000023 ], [ -90.730000002999986, 16.805000019000033 ], [ -90.72805554599995, 16.805000014000029 ], [ -90.716111128999955, 16.824444466000045 ], [ -90.72222220499998, 16.82749996900003 ], [ -90.731944429999942, 16.838611084000036 ], [ -90.773333305999984, 16.839444430000071 ], [ -90.770277820999979, 16.882777756000053 ], [ -90.845000019999986, 16.895277775000068 ], [ -90.856369652999945, 16.910100981000028 ], [ -90.865324202999943, 16.920651701000054 ], [ -90.87495755399999, 16.929551210000056 ], [ -90.886803037999982, 16.938059175000035 ], [ -90.895773295999959, 16.942505919000041 ], [ -90.897024594999948, 16.941163424000024 ], [ -90.897756571999935, 16.94051754000003 ], [ -90.898423087999959, 16.940721072000031 ], [ -90.899098366999965, 16.940927278000061 ], [ -90.89982857199999, 16.942083435000029 ], [ -90.900132823999968, 16.943361294000056 ], [ -90.900802177999935, 16.942752790000043 ], [ -90.901228130999982, 16.941779183000051 ], [ -90.90238428899994, 16.941109829000027 ], [ -90.903098327999942, 16.94054185300007 ], [ -90.903479595999954, 16.939892821000058 ], [ -90.903732045999959, 16.939627155000039 ], [ -90.904148950999968, 16.939649419000034 ], [ -90.904434574999982, 16.939908166000066 ], [ -90.904818304999935, 16.939892821000058 ], [ -90.904996598999958, 16.939533484000037 ], [ -90.90494976299999, 16.938737284000069 ], [ -90.90519716099999, 16.938543395000067 ], [ -90.905582039999956, 16.938643613000067 ], [ -90.906190898999967, 16.938948043000039 ], [ -90.906940263999957, 16.939720825000052 ], [ -90.907783298999959, 16.940048672000046 ], [ -90.908111145999953, 16.939955002000033 ], [ -90.908298486999968, 16.939603737000027 ], [ -90.908228233999978, 16.938713866000057 ], [ -90.90832190499998, 16.938175260000037 ], [ -90.908626333999962, 16.937730325000075 ], [ -90.909328863999974, 16.937379060000069 ], [ -90.90996114, 16.937215137000067 ], [ -90.910312404999956, 16.936793619000071 ], [ -90.910312404999956, 16.93639551900003 ], [ -90.910242151999967, 16.936067672000036 ], [ -90.910530616999949, 16.935823066000069 ], [ -90.911202275999983, 16.935341725000058 ], [ -90.911506704999965, 16.935154383000054 ], [ -90.911740881999947, 16.934873372000027 ], [ -90.911834551999959, 16.934217677000049 ], [ -90.912209234999978, 16.933702489000041 ], [ -90.912864928999966, 16.933491730000071 ], [ -90.913380116999974, 16.933561983000061 ], [ -90.91401239399994, 16.933866413000032 ], [ -90.914527581999948, 16.933913248000067 ], [ -90.914785175999953, 16.933444895000036 ], [ -90.914738340999975, 16.932742365000024 ], [ -90.91469150599994, 16.932320848000074 ], [ -90.913544040999966, 16.93241451800003 ], [ -90.913075687999935, 16.932297430000062 ], [ -90.913005434999945, 16.931430977000048 ], [ -90.912701005999963, 16.930587942000045 ], [ -90.913075687999935, 16.930119589000071 ], [ -90.91319277599996, 16.929534147000027 ], [ -90.913707963999968, 16.928855036000073 ], [ -90.913848469999948, 16.92815250600006 ], [ -90.914387075999969, 16.927449977000038 ], [ -90.914761758999987, 16.92693478800004 ], [ -90.915323781999973, 16.926466435000066 ], [ -90.915865229999952, 16.926167147000058 ], [ -90.916400993999957, 16.925436059000049 ], [ -90.91696301799999, 16.925037959000065 ], [ -90.917696440999975, 16.924656077000066 ], [ -90.918438329999958, 16.924546188000022 ], [ -90.91867250599995, 16.924358847000065 ], [ -90.918297823999978, 16.923843658000067 ], [ -90.918227570999989, 16.923586064000062 ], [ -90.919140858999981, 16.92356264700004 ], [ -90.919819970999981, 16.923398723000048 ], [ -90.920381994999957, 16.92342214100006 ], [ -90.921107941999935, 16.923328470000058 ], [ -90.921857306999982, 16.922977205000052 ], [ -90.922489582999958, 16.923024041000076 ], [ -90.922957935999989, 16.922625941000035 ], [ -90.923356035999973, 16.922532270000033 ], [ -90.924035147999973, 16.922532270000033 ], [ -90.924784512999963, 16.922391764000054 ], [ -90.925768053999946, 16.92206391700006 ], [ -90.926470583999958, 16.921923411000023 ], [ -90.926821847999975, 16.921267717000035 ], [ -90.926845265999987, 16.920518352000045 ], [ -90.927196530999936, 16.920049999000071 ], [ -90.927266783999983, 16.919558229000074 ], [ -90.927875329999949, 16.919253033000075 ], [ -90.928835765999963, 16.919230381000034 ], [ -90.929646637999952, 16.918739425000069 ], [ -90.930240824999942, 16.918668358000048 ], [ -90.930779430999962, 16.918246840000052 ], [ -90.93136487299995, 16.918082917000049 ], [ -90.932278160999942, 16.917918993000058 ], [ -90.932648496999946, 16.917400699000041 ], [ -90.933055578999983, 16.916111089000026 ], [ -91.006111122999982, 16.923055542000043 ], [ -91.094166712999936, 16.986666688000071 ], [ -91.196388894999984, 17.069166697000071 ], [ -91.238888845999952, 17.165277740000022 ], [ -91.254166711999972, 17.179166699000064 ], [ -91.346064408999951, 17.251149069000064 ], [ -91.180186034999963, 17.251595294000026 ], [ -90.987261151999974, 17.251322913000024 ], [ -90.987298761999966, 17.278573093000034 ], [ -90.987018989999967, 17.278589615000044 ], [ -90.984863728999983, 17.27826645500005 ], [ -90.98314615399994, 17.277852808000034 ], [ -90.982254973999943, 17.277490371000056 ], [ -90.981664009999974, 17.276977359000057 ], [ -90.981394642999987, 17.276400949000049 ], [ -90.98130824499998, 17.27591559800004 ], [ -90.981291451999937, 17.275353020000068 ], [ -90.980493713999977, 17.270624392000059 ], [ -90.979467026999941, 17.267923997000025 ], [ -90.978495412999962, 17.266481097000053 ], [ -90.976479991999952, 17.263968369000054 ], [ -90.974459797999941, 17.26189714700007 ], [ -90.973251381999944, 17.261156541000048 ], [ -90.972355959999959, 17.261191547000067 ], [ -90.971893645999955, 17.261496316000034 ], [ -90.971587181999951, 17.262220508000041 ], [ -90.971581870999955, 17.262706065000032 ], [ -90.971215086999962, 17.264753219000056 ], [ -90.970905472999959, 17.265764227000034 ], [ -90.969948006999971, 17.267276882000033 ], [ -90.969415004999973, 17.267755973000078 ], [ -90.968929412999955, 17.268037912000068 ], [ -90.967393350999942, 17.267912823000074 ], [ -90.966804301999957, 17.267178447000049 ], [ -90.96665451399997, 17.266206842000031 ], [ -90.96650197699995, 17.265432838000038 ], [ -90.96618910799998, 17.264702386000067 ], [ -90.965620806999937, 17.264166978000048 ], [ -90.964486006999948, 17.262986631000047 ], [ -90.963552493999941, 17.262315385000022 ], [ -90.96275187399999, 17.262065593000045 ], [ -90.961652040999979, 17.261877132000052 ], [ -90.960711267999955, 17.261867583000026 ], [ -90.958851567999943, 17.261892737000039 ], [ -90.957566456999984, 17.261879674000056 ], [ -90.95663030299994, 17.261451176000037 ], [ -90.955423562999954, 17.260512858000027 ], [ -90.954126009999982, 17.259551019000071 ], [ -90.95307747399994, 17.258923731000039 ], [ -90.95209055, 17.258891087000052 ], [ -90.95073451799999, 17.25907601800003 ], [ -90.949102558999982, 17.259235538000041 ], [ -90.948530181999956, 17.259074980000037 ], [ -90.947937912999976, 17.258693998000069 ], [ -90.946914911999954, 17.257780096000033 ], [ -90.945189984999956, 17.256041391000053 ], [ -90.943730783999968, 17.255144468000026 ], [ -90.940286002999983, 17.253234533000068 ], [ -90.937856357999976, 17.252945357000044 ], [ -90.936092697999982, 17.252640408000048 ], [ -90.934857670999975, 17.252252792000036 ], [ -90.933422940999947, 17.251223926000023 ], [ -90.932196536999982, 17.25006393600006 ], [ -90.93012086799996, 17.248917784000071 ], [ -90.926938378999978, 17.248223216000042 ], [ -90.92492139899997, 17.247982189000027 ], [ -90.922111363999988, 17.246828379000021 ], [ -90.919803094999963, 17.245945109000047 ], [ -90.917812795999964, 17.245372279000037 ], [ -90.914734098999986, 17.24564979400003 ], [ -90.913326388999963, 17.246362454000064 ], [ -90.912534706999963, 17.247369470000024 ], [ -90.912154834999967, 17.248490301000061 ], [ -90.911398062999979, 17.250466607000078 ], [ -90.911067972999945, 17.251235612000073 ], [ -90.909798688999956, 17.251861593000058 ], [ -90.908833337999965, 17.252006264000045 ], [ -90.906884494999986, 17.251819971000032 ], [ -90.90392551399998, 17.251634418000037 ], [ -90.90124343399998, 17.251386215000025 ], [ -90.899130490999937, 17.251474810000047 ], [ -90.898394289999942, 17.251621822000061 ], [ -90.897952576999955, 17.252124252000044 ], [ -90.897803517999989, 17.252625225000031 ], [ -90.897738276999974, 17.253197091000061 ], [ -90.897835859999986, 17.254127511000036 ], [ -90.89794651599999, 17.254682019000029 ], [ -90.898480412999959, 17.256209879000039 ], [ -90.898722992999978, 17.257050346000028 ], [ -90.898618090999946, 17.258218057000022 ], [ -90.898356935999971, 17.258965171000057 ], [ -90.897618051999984, 17.259397860000036 ], [ -90.896519084999966, 17.259143560000041 ], [ -90.895995686999981, 17.258763158000022 ], [ -90.895287125999971, 17.258491484000047 ], [ -90.894595224999989, 17.258771071000069 ], [ -90.894428803999972, 17.259298959000034 ], [ -90.894320539999967, 17.260708299000044 ], [ -90.894281096999975, 17.262163530000066 ], [ -90.894199576999938, 17.263287439000067 ], [ -90.893867888999978, 17.264188514000068 ], [ -90.893496880999976, 17.264515502000052 ], [ -90.892634130999966, 17.26457195100005 ], [ -90.891937565999967, 17.264432514000077 ], [ -90.891552406999949, 17.263988051000069 ], [ -90.891396798999949, 17.26351212000003 ], [ -90.889680781999971, 17.260830129000055 ], [ -90.88904262899996, 17.260620155000026 ], [ -90.888233145999948, 17.260696342000074 ], [ -90.887342502999957, 17.260778449000043 ], [ -90.886237254999969, 17.261076241000069 ], [ -90.88545015599999, 17.261663086000056 ], [ -90.884155543999952, 17.262487376000024 ], [ -90.882678514999952, 17.263177608000035 ], [ -90.881112325999936, 17.263646679000033 ], [ -90.87982500399994, 17.263830717000076 ], [ -90.878818544999945, 17.263555840000038 ], [ -90.878226850999965, 17.263086589000068 ], [ -90.87726497899996, 17.262921716000051 ], [ -90.87652795799994, 17.263135262000048 ], [ -90.876061990999972, 17.263746917000049 ], [ -90.875958193999963, 17.264805074000037 ], [ -90.875892833999956, 17.266457634000062 ], [ -90.875644958999942, 17.268087938000065 ], [ -90.875318996999965, 17.268480861000057 ], [ -90.874441928999943, 17.268913122000072 ], [ -90.873524089999989, 17.268903404000071 ], [ -90.872748310999953, 17.268497686000046 ], [ -90.872297917999958, 17.267699037000057 ], [ -90.872177631999989, 17.266198096000039 ], [ -90.871967701999949, 17.264520037000068 ], [ -90.87165388599999, 17.263854963000028 ], [ -90.870737001999942, 17.263713119000045 ], [ -90.870091472999945, 17.263993107000033 ], [ -90.869715876999976, 17.264716373000056 ], [ -90.869154661999971, 17.265636418000042 ], [ -90.868092161999982, 17.266198806000034 ], [ -90.867539039999897, 17.266414270000041 ], [ -90.866300747999958, 17.266267863000053 ], [ -90.865573435999977, 17.265687598000056 ], [ -90.86508233099994, 17.264446963000069 ], [ -90.865100103999964, 17.262903448000031 ], [ -90.86507153499997, 17.261403483000038 ], [ -90.864955868999971, 17.259506219000059 ], [ -90.864739335999957, 17.258356585000058 ], [ -90.864105249999966, 17.257644055000071 ], [ -90.863332583999977, 17.256974090000028 ], [ -90.862418788999946, 17.256568 ], [ -90.859899719999987, 17.256099643000027 ], [ -90.859078693999948, 17.255650484000057 ], [ -90.858579078999981, 17.255203617000063 ], [ -90.85821898599994, 17.254582074000041 ], [ -90.858317265999972, 17.254009457000052 ], [ -90.858874918999959, 17.253398823000055 ], [ -90.859934822999946, 17.253056656000069 ], [ -90.860716612999965, 17.252932858000065 ], [ -90.86145460299997, 17.252632423000023 ], [ -90.862059603999967, 17.25188902900004 ], [ -90.862203780999948, 17.251360939000051 ], [ -90.861934829999939, 17.25078441200003 ], [ -90.861297133999983, 17.250337214000069 ], [ -90.860106388999952, 17.250103206000063 ], [ -90.857445848999987, 17.24998677800005 ], [ -90.855837991999977, 17.25010175400007 ], [ -90.853450900999974, 17.250120315000061 ], [ -90.85129703299998, 17.249789011000075 ], [ -90.848820337999939, 17.249630396000043 ], [ -90.847166148999975, 17.249788848000037 ], [ -90.84610164899999, 17.250527265000073 ], [ -90.844752437999944, 17.252100531000053 ], [ -90.843502042999944, 17.253057143000035 ], [ -90.841626081999948, 17.253991220000046 ], [ -90.84073805099996, 17.254003135000062 ], [ -90.84015050499994, 17.253996821000044 ], [ -90.83943513, 17.253916859000071 ], [ -90.838794491999977, 17.253827533000049 ], [ -90.837752531999968, 17.253484325000045 ], [ -90.83664248599996, 17.253034229000036 ], [ -90.835063985999966, 17.25239388600005 ], [ -90.831233826999949, 17.250191212000061 ], [ -90.826281201999961, 17.245903052000074 ], [ -90.824693542999967, 17.244298167000068 ], [ -90.823704291999945, 17.242523586000061 ], [ -90.822748030999946, 17.241895539000041 ], [ -90.822061546999976, 17.241711943000041 ], [ -90.82119021699998, 17.241658461000043 ], [ -90.820364191999943, 17.241649508000023 ], [ -90.819308975999945, 17.241594028000065 ], [ -90.818304254999987, 17.241141597000023 ], [ -90.817577731999961, 17.240516018000051 ], [ -90.816860994999956, 17.239008613000067 ], [ -90.816325996999979, 17.23763642800003 ], [ -90.815848316999961, 17.235337762000029 ], [ -90.814548190999972, 17.232830288000059 ], [ -90.813807810999947, 17.232637048000072 ], [ -90.813124419999951, 17.232793359000027 ], [ -90.812321624999981, 17.233160665000071 ], [ -90.811831317999975, 17.233485067000061 ], [ -90.810807938999972, 17.234621234000031 ], [ -90.809647158999951, 17.235798805000059 ], [ -90.80820919599995, 17.237062559000037 ], [ -90.806540536999989, 17.238455905000023 ], [ -90.804319747999955, 17.239931283000033 ], [ -90.801794288999986, 17.241032920000066 ], [ -90.801259193999954, 17.241067719000057 ], [ -90.800548540999955, 17.240595837000058 ], [ -90.800448277999976, 17.240082069000039 ], [ -90.800378834999947, 17.239446685000075 ], [ -90.800260624999964, 17.23776962200003 ], [ -90.800052923999942, 17.235959459000071 ], [ -90.799788365999973, 17.235030599000027 ], [ -90.799113443999943, 17.23387592000006 ], [ -90.797376052999937, 17.232292928000049 ], [ -90.796856283999944, 17.231978956000034 ], [ -90.796035317999952, 17.231796064000036 ], [ -90.795192087999965, 17.231806019000032 ], [ -90.794153214999938, 17.231964015000074 ], [ -90.792343222999989, 17.232145158000037 ], [ -90.790462682999987, 17.231885117000047 ], [ -90.788957209999978, 17.231162813000026 ], [ -90.787684997999975, 17.230045580000024 ], [ -90.786826349999956, 17.228934018000075 ], [ -90.786009336999939, 17.228175230000033 ], [ -90.78194492099999, 17.226498747000051 ], [ -90.780571141999985, 17.226218232000065 ], [ -90.779468699999939, 17.226339317000054 ], [ -90.778129151999963, 17.22702915900004 ], [ -90.777378110999962, 17.227635157000066 ], [ -90.776829125999939, 17.228294196000036 ], [ -90.776075299999945, 17.229917576000048 ], [ -90.77547270499997, 17.230440513000076 ], [ -90.774869517999946, 17.230963444000054 ], [ -90.773793571999988, 17.231861683000034 ], [ -90.773083220999979, 17.232060466000064 ], [ -90.772566111999936, 17.232018605000064 ], [ -90.771996640999987, 17.231492862000039 ], [ -90.771907503999955, 17.23040105900003 ], [ -90.771347645999981, 17.229368408000028 ], [ -90.770850464999967, 17.229331281000043 ], [ -90.769379280999942, 17.229579209000065 ], [ -90.766524712999967, 17.230297332000077 ], [ -90.765279428999975, 17.230813099000045 ], [ -90.764585176999958, 17.231333853000024 ], [ -90.764117303999967, 17.232034406000025 ], [ -90.763467788999947, 17.23264486100004 ], [ -90.762682343999984, 17.233077644000048 ], [ -90.761990670999978, 17.233334183000068 ], [ -90.760704328999964, 17.233451982000076 ], [ -90.759600737999961, 17.233615848000056 ], [ -90.758830591999981, 17.233948288000022 ], [ -90.758670800999937, 17.234628543000042 ], [ -90.758663987999967, 17.235193068000058 ], [ -90.758837164999989, 17.236032865000027 ], [ -90.759198467999965, 17.236522445000048 ], [ -90.759744176999959, 17.236970044000032 ], [ -90.760066791999975, 17.237793436000061 ], [ -90.759855318999939, 17.238520544000039 ], [ -90.759070587999986, 17.238891211000066 ], [ -90.758435932999987, 17.238851392000072 ], [ -90.757382443999973, 17.238707529000067 ], [ -90.756375253999977, 17.23847610100006 ], [ -90.755044648999956, 17.238461251000047 ], [ -90.754258110999956, 17.23898093300005 ], [ -90.753683045999935, 17.244796645000065 ], [ -90.753655292999952, 17.247089729000038 ], [ -90.754349212999955, 17.249177463000024 ], [ -90.754871158999947, 17.250231188000043 ], [ -90.755161494999982, 17.25095372800007 ], [ -90.755484637999984, 17.251635985000064 ], [ -90.755567872999961, 17.252138279000064 ], [ -90.75562539799995, 17.253065992000074 ], [ -90.755584889999966, 17.25369450200003 ], [ -90.755497502999958, 17.254166657000042 ], [ -90.754986556999938, 17.254824918000054 ], [ -90.754414358999952, 17.25530069000007 ], [ -90.753896482999949, 17.255560262000074 ], [ -90.753410985999949, 17.255863102000035 ], [ -90.751796162999938, 17.256550787000037 ], [ -90.750780920999944, 17.257024975000036 ], [ -90.749664883999969, 17.258202646000029 ], [ -90.748413477999975, 17.259203767000031 ], [ -90.746749572999988, 17.260155083000029 ], [ -90.743662658999938, 17.261090406000051 ], [ -90.739470374999939, 17.262366672000041 ], [ -90.73481966899999, 17.263549601000022 ], [ -90.732454665999967, 17.264114602000063 ], [ -90.727803439999946, 17.262984796000069 ], [ -90.726929695999956, 17.262838277000071 ], [ -90.725559289999978, 17.262607091000064 ], [ -90.725053523999975, 17.262689438000052 ], [ -90.724500262999982, 17.262859322000054 ], [ -90.723520848999954, 17.263662358000033 ], [ -90.72282821899995, 17.264031650000049 ], [ -90.722316732999957, 17.264148928000054 ], [ -90.721515910999983, 17.264236953000022 ], [ -90.720630470999936, 17.264325144000054 ], [ -90.720120168999983, 17.264441302000023 ], [ -90.718876720999958, 17.264780612000038 ], [ -90.718139056999973, 17.265036457000065 ], [ -90.716336405999982, 17.266073997000035 ], [ -90.71361486, 17.267146225000033 ], [ -90.712783894999973, 17.267533100000037 ], [ -90.710874237999974, 17.269760636000058 ], [ -90.709376535999979, 17.272124963000067 ], [ -90.708998416999975, 17.273002525000038 ], [ -90.708329449999951, 17.275112071000024 ], [ -90.707277964999946, 17.278451418000031 ], [ -90.705585833999976, 17.281652445000077 ], [ -90.703682539999988, 17.283394421000025 ], [ -90.700482071999943, 17.286047416000031 ], [ -90.69626703299997, 17.289042127000073 ], [ -90.693579170999953, 17.290771584000026 ], [ -90.692671614999938, 17.291775124000026 ], [ -90.692214816999979, 17.292542207000054 ], [ -90.691407140999956, 17.293829175000042 ], [ -90.690870564999955, 17.294489196000029 ], [ -90.68991792099996, 17.295382673000063 ], [ -90.689523227999985, 17.295786876000022 ], [ -90.689104115999953, 17.296216769000068 ], [ -90.687971679999976, 17.296869909000065 ], [ -90.686668875999942, 17.297329126000022 ], [ -90.683933334999949, 17.297639672000059 ], [ -90.680423037999958, 17.297868953000034 ], [ -90.677572464999969, 17.29872797400003 ], [ -90.674285921999967, 17.299529951000068 ], [ -90.671938370999953, 17.299502702000041 ], [ -90.670302728999957, 17.299273680000056 ], [ -90.669101633999958, 17.29925971800003 ], [ -90.667762961999983, 17.299529819000043 ], [ -90.66438614499998, 17.30138067200005 ], [ -90.66286596499998, 17.302107049000028 ], [ -90.656684014999939, 17.304504271000042 ], [ -90.653720680999982, 17.306454600000052 ], [ -90.650077010999951, 17.307779272000062 ], [ -90.648284824999962, 17.307934389000025 ], [ -90.644243162999942, 17.308063055000048 ], [ -90.642919576999986, 17.308019263000062 ], [ -90.64214962899996, 17.308067788000074 ], [ -90.641527739999958, 17.308258064000029 ], [ -90.640938506999987, 17.308560506000049 ], [ -90.640231716999949, 17.309047864000036 ], [ -90.639654103999987, 17.309360602000027 ], [ -90.638490764999972, 17.309700306000025 ], [ -90.637918054999943, 17.309582900000066 ], [ -90.637962577999986, 17.308812242000045 ], [ -90.638242942999966, 17.308396645000073 ], [ -90.638535514999944, 17.307991353000034 ], [ -90.638898775999962, 17.307389301000057 ], [ -90.639111534999984, 17.306928869000046 ], [ -90.639256490999969, 17.306346825000048 ], [ -90.639273997999965, 17.305850222000061 ], [ -90.639224306999949, 17.305277174000025 ], [ -90.638887423999961, 17.304688325000029 ], [ -90.638456337999969, 17.304297088000055 ], [ -90.637871901999972, 17.304224711000074 ], [ -90.637271920999979, 17.30444910600005 ], [ -90.63669192399999, 17.304949240000042 ], [ -90.63624688799996, 17.305649686000038 ], [ -90.635812593999958, 17.306383005000043 ], [ -90.635160439999936, 17.307147622000059 ], [ -90.63430693, 17.307434502000035 ], [ -90.633310522999977, 17.307268050000062 ], [ -90.63207072299997, 17.307016288000057 ], [ -90.629660054999988, 17.306684057000041 ], [ -90.627972856999975, 17.306719418000057 ], [ -90.625216251999973, 17.30687419800006 ], [ -90.624574545999963, 17.306822558000022 ], [ -90.621571795999955, 17.306466276000037 ], [ -90.618927273999986, 17.30595048400005 ], [ -90.616981630999987, 17.305519752000066 ], [ -90.615001930999938, 17.305087465000042 ], [ -90.614354345999971, 17.305036852000057 ], [ -90.613511260999985, 17.304970360000027 ], [ -90.610461599999951, 17.304702556000052 ], [ -90.607905822999953, 17.304419146000043 ], [ -90.606303725999965, 17.304057903000057 ], [ -90.605276432999972, 17.303649318000055 ], [ -90.604478321999977, 17.303242339000064 ], [ -90.603763830999981, 17.30255070000004 ], [ -90.602723070999957, 17.301413678000074 ], [ -90.59956430699998, 17.297197117000053 ], [ -90.598125126999946, 17.295791102000067 ], [ -90.596384769999986, 17.294590350000078 ], [ -90.595006943999977, 17.293757498000048 ], [ -90.59396798299997, 17.293348726000033 ], [ -90.592858563999982, 17.293026041000076 ], [ -90.591541475999975, 17.292856669000059 ], [ -90.589927347999947, 17.292527909000057 ], [ -90.588385413999958, 17.291980960000046 ], [ -90.586956503999943, 17.291555042000027 ], [ -90.586249990999988, 17.291161523000028 ], [ -90.585705044999941, 17.290680749000046 ], [ -90.585264102999986, 17.290201227000068 ], [ -90.584914082999944, 17.289734091000071 ], [ -90.583791147999989, 17.28873939600004 ], [ -90.582624641999985, 17.288427263000074 ], [ -90.579632301999936, 17.287354683000046 ], [ -90.578229099999987, 17.286720139000067 ], [ -90.576868117999936, 17.286362723000025 ], [ -90.575515439999947, 17.286224438000033 ], [ -90.574883697999951, 17.286272125000039 ], [ -90.574399743999948, 17.28643224800004 ], [ -90.57345520399997, 17.286717770000052 ], [ -90.572455096999988, 17.286849061000055 ], [ -90.571719219999977, 17.286950801000046 ], [ -90.571065142999942, 17.286954173000026 ], [ -90.570560584999953, 17.286892739000052 ], [ -90.569805278999979, 17.286728906000064 ], [ -90.569017203999977, 17.286465315000044 ], [ -90.568331651999983, 17.286225547000072 ], [ -90.567623897999965, 17.285931312000059 ], [ -90.566996226999947, 17.285669658000074 ], [ -90.566264282999953, 17.285517388000073 ], [ -90.565473448999967, 17.285419724000064 ], [ -90.56390281299997, 17.285323880000078 ], [ -90.56225097, 17.285237198000061 ], [ -90.560679908999987, 17.285174067000071 ], [ -90.557723579999958, 17.284862603000022 ], [ -90.555283259999953, 17.284546098000078 ], [ -90.553348371999959, 17.284224435000056 ], [ -90.551916410999979, 17.284042123000063 ], [ -90.550531013999944, 17.283805047000044 ], [ -90.549512976999949, 17.283515995000073 ], [ -90.548497699999984, 17.283063260000063 ], [ -90.547917497999947, 17.282681321000041 ], [ -90.546740033999981, 17.281475775000047 ], [ -90.545436845999973, 17.280269816000043 ], [ -90.543719052999961, 17.279135548000056 ], [ -90.542841891999956, 17.278639315000078 ], [ -90.540671052999983, 17.277951100000053 ], [ -90.539126805999956, 17.277557322000064 ], [ -90.537731355999938, 17.277242136000041 ], [ -90.536874342999965, 17.276956133000056 ], [ -90.53550723799998, 17.276233693000052 ], [ -90.534102687999962, 17.275720789000047 ], [ -90.532401763999985, 17.275049553000031 ], [ -90.531051134999984, 17.274768746000063 ], [ -90.529367275999959, 17.274582057000032 ], [ -90.528027082999984, 17.274400713000034 ], [ -90.526814977999948, 17.274087713000029 ], [ -90.525867981999966, 17.273678619000066 ], [ -90.525060059999987, 17.273151559000041 ], [ -90.523406990999945, 17.27149858000007 ], [ -90.522673718999954, 17.270575012000052 ], [ -90.52214606299998, 17.26969801000007 ], [ -90.521544423999956, 17.268334611000057 ], [ -90.521045456999957, 17.267070703000059 ], [ -90.52066997299994, 17.26597541700005 ], [ -90.520469533999972, 17.265498747000038 ], [ -90.519914865999965, 17.264929636000033 ], [ -90.519024462999937, 17.264599120000071 ], [ -90.518164747999947, 17.264521883000043 ], [ -90.517327641999941, 17.264511535000054 ], [ -90.516624158999946, 17.264745579000078 ], [ -90.515511252999943, 17.264753263000046 ], [ -90.514985498999977, 17.264614659000074 ], [ -90.514544071999978, 17.264146293000067 ], [ -90.514450430999943, 17.263418038000054 ], [ -90.514619074999985, 17.262846576000072 ], [ -90.515016367999976, 17.262311814000043 ], [ -90.515115995999963, 17.261716918000047 ], [ -90.514953333999983, 17.261009260000037 ], [ -90.514376076999952, 17.260418407000031 ], [ -90.513577055999974, 17.260110452000049 ], [ -90.512772998999935, 17.26017839900004 ], [ -90.51217544299999, 17.260269225000059 ], [ -90.511202674999936, 17.26008104400006 ], [ -90.510843959999988, 17.259448857000052 ], [ -90.510829929999943, 17.258787071000029 ], [ -90.510838066999952, 17.258180884000069 ], [ -90.510906741999975, 17.257310123000025 ], [ -90.510700644999986, 17.25642579600003 ], [ -90.510400396999955, 17.255727721000028 ], [ -90.50998590599994, 17.255005649000054 ], [ -90.509556418999978, 17.254482102000054 ], [ -90.508854978999977, 17.253779052000027 ], [ -90.508342635999952, 17.25347576300004 ], [ -90.507736598999941, 17.253324860000077 ], [ -90.506991338999967, 17.25326029200005 ], [ -90.506120818999989, 17.25316142500003 ], [ -90.505319765999957, 17.253008094000052 ], [ -90.504668221999964, 17.252834035000035 ], [ -90.50393722199999, 17.252583343000026 ], [ -90.503253980999943, 17.252232760000027 ], [ -90.502354598999943, 17.251703359000032 ], [ -90.501478575999954, 17.251141504000032 ], [ -90.499614236999946, 17.249850421000076 ], [ -90.498253892999969, 17.248653660000059 ], [ -90.497687004999989, 17.248128382000061 ], [ -90.497395443999949, 17.247661851000032 ], [ -90.497195077999947, 17.247185167000055 ], [ -90.49700229299998, 17.246190358000035 ], [ -90.496620298999972, 17.245590606000064 ], [ -90.496213176999959, 17.245155376000071 ], [ -90.495600034999939, 17.244663389000038 ], [ -90.494543638999971, 17.243889263000028 ], [ -90.493976921999945, 17.243396722000057 ], [ -90.493556264999938, 17.24309454400003 ], [ -90.492677336999975, 17.242752780000046 ], [ -90.491828749999968, 17.242730903000052 ], [ -90.491243293999958, 17.242756339000039 ], [ -90.490656937999972, 17.242848375000051 ], [ -90.490093639999941, 17.24292940600003 ], [ -90.489314063999984, 17.242886929000065 ], [ -90.488479608999967, 17.242689088000077 ], [ -90.487736944999938, 17.242437069000061 ], [ -90.486186762999978, 17.241690605000031 ], [ -90.485311441999954, 17.241127569000071 ], [ -90.484644215999936, 17.240424880000035 ], [ -90.484377250999955, 17.239793808000059 ], [ -90.484121744999982, 17.239184332000036 ], [ -90.483763618999944, 17.238518248000048 ], [ -90.483427053999947, 17.237951788000032 ], [ -90.478691310999977, 17.232700144000034 ], [ -90.478181631999973, 17.232252312000071 ], [ -90.477737385999944, 17.232004004000032 ], [ -90.476824481999984, 17.231661754000072 ], [ -90.475709920999975, 17.230943268000033 ], [ -90.474949746999982, 17.230299225000067 ], [ -90.473549591999983, 17.228682969000033 ], [ -90.471937727999943, 17.226568414000042 ], [ -90.470528724999951, 17.224743167000042 ], [ -90.468874315999983, 17.223255786000038 ], [ -90.467284738999979, 17.222055977000025 ], [ -90.465689592999979, 17.220404487000053 ], [ -90.46405105599996, 17.218620348000059 ], [ -90.462828594999962, 17.217425135000042 ], [ -90.46181001299999, 17.216398454000057 ], [ -90.461200837999968, 17.215629825000065 ], [ -90.460751818999938, 17.214918538000063 ], [ -90.460511631999964, 17.214055211000073 ], [ -90.460338337999985, 17.212465652000049 ], [ -90.460141707999981, 17.211724807000053 ], [ -90.459765619999985, 17.210706221000066 ], [ -90.459376277999979, 17.209841013000073 ], [ -90.459141973999976, 17.208504710000057 ], [ -90.45905638399995, 17.207203025000069 ], [ -90.459049901999947, 17.206000562000042 ], [ -90.458674261999988, 17.204132973000071 ], [ -90.458349423999948, 17.202717629000063 ], [ -90.458199518999947, 17.201910761000022 ], [ -90.458139091999954, 17.201303728000028 ], [ -90.45848437799998, 17.200404885000069 ], [ -90.459212230999981, 17.200005370000042 ], [ -90.459948496999971, 17.199849819000065 ], [ -90.460700892999967, 17.199329804000058 ], [ -90.46078162699996, 17.198449073000063 ], [ -90.460387476999983, 17.197937184000068 ], [ -90.459876142999974, 17.197577362000061 ], [ -90.459387249999963, 17.197251691000076 ], [ -90.458693297999957, 17.196846660000062 ], [ -90.458366813999987, 17.196412395000038 ], [ -90.457952951999971, 17.195624777000035 ], [ -90.457803033999937, 17.194861942000045 ], [ -90.457685666999964, 17.194210159000022 ], [ -90.457428490999973, 17.193732732000058 ], [ -90.457124173999944, 17.19331003700006 ], [ -90.456497283999965, 17.192210383000031 ], [ -90.456446663999941, 17.19170282400006 ], [ -90.456504815999949, 17.190799233000064 ], [ -90.45679420099998, 17.189777753000044 ], [ -90.457224897999936, 17.188471293000077 ], [ -90.457684807999954, 17.187562605000039 ], [ -90.458108867999954, 17.186741523000023 ], [ -90.458446781999953, 17.186337087000027 ], [ -90.459210711999958, 17.185828505000075 ], [ -90.460446296999976, 17.185227639000061 ], [ -90.461127682999972, 17.184871556000076 ], [ -90.462118488999977, 17.184520491000058 ], [ -90.463172872999962, 17.18458908100007 ], [ -90.46367500499997, 17.184760233000077 ], [ -90.464278820999937, 17.185054596000043 ], [ -90.465704742999947, 17.185613319000026 ], [ -90.467443419999938, 17.18597612700006 ], [ -90.468588968999939, 17.186035675000028 ], [ -90.469438176999972, 17.186035046000029 ], [ -90.470554024999956, 17.185773571000027 ], [ -90.471444764999944, 17.18522249800003 ], [ -90.472217135999983, 17.184911546000023 ], [ -90.472824706999972, 17.184930454000039 ], [ -90.475072249999982, 17.184969903000024 ], [ -90.476108241999952, 17.184663365000063 ], [ -90.476721347999955, 17.184273626000049 ], [ -90.477338762999977, 17.183565559000044 ], [ -90.477816404999942, 17.183030737000024 ], [ -90.478227740999955, 17.182274925000058 ], [ -90.478574074999983, 17.181287982000072 ], [ -90.478605482999967, 17.18065951400007 ], [ -90.47836866099999, 17.179499313000065 ], [ -90.477966186999936, 17.178733326000042 ], [ -90.477400846999956, 17.177895299000056 ], [ -90.47577789099995, 17.174931658000048 ], [ -90.475348499999939, 17.174463388000049 ], [ -90.474655347999942, 17.174001977000046 ], [ -90.473810068999967, 17.173759947000065 ], [ -90.472960914999987, 17.173760602000073 ], [ -90.472283936999986, 17.173796150000044 ], [ -90.471697494999944, 17.17391073400006 ], [ -90.471178360999943, 17.174431475000063 ], [ -90.470584656999961, 17.174691607000057 ], [ -90.47006358499999, 17.174662493000028 ], [ -90.46938180099994, 17.174576038000055 ], [ -90.467438729999969, 17.174395850000053 ], [ -90.466408460999958, 17.174371621000034 ], [ -90.464295943999957, 17.174690554000051 ], [ -90.463399372999959, 17.175068786000054 ], [ -90.462240172999941, 17.175154686000042 ], [ -90.46057316699995, 17.175099837000062 ], [ -90.457949092999968, 17.17477776000004 ], [ -90.456783328999961, 17.174484203000077 ], [ -90.456092540999975, 17.174197760000027 ], [ -90.45564604499998, 17.173825203000035 ], [ -90.455280898999945, 17.173429964000036 ], [ -90.455186868999988, 17.172661059000063 ], [ -90.455594046999977, 17.171697514000073 ], [ -90.455859284999974, 17.170893626000066 ], [ -90.456018522999955, 17.170283716000029 ], [ -90.456049013999973, 17.169727503000047 ], [ -90.45576147099996, 17.168766487000028 ], [ -90.454892774999962, 17.167921202000059 ], [ -90.453945405999946, 17.167763609000076 ], [ -90.453376606999939, 17.16783433300003 ], [ -90.452888646999952, 17.167962525000064 ], [ -90.452408632999948, 17.168368548000046 ], [ -90.452101520999975, 17.168798204000041 ], [ -90.451979319999964, 17.169275355000025 ], [ -90.452002252999989, 17.170132554000077 ], [ -90.452155318999985, 17.170791562000034 ], [ -90.452310668999985, 17.171283508000045 ], [ -90.452384843999937, 17.171785720000059 ], [ -90.452338493999946, 17.172642042000064 ], [ -90.451840336999965, 17.173515239000039 ], [ -90.450550162999946, 17.175535643000046 ], [ -90.450076708999973, 17.176275923000048 ], [ -90.449859146999984, 17.176940408000064 ], [ -90.44961165699999, 17.178118207000068 ], [ -90.449486134999972, 17.179652050000072 ], [ -90.449394630999961, 17.182990454000048 ], [ -90.449302501999966, 17.18461503900005 ], [ -90.449109325999984, 17.185213219000048 ], [ -90.448681600999976, 17.185999231000039 ], [ -90.448072164999985, 17.186502950000033 ], [ -90.447386847999951, 17.186672653000073 ], [ -90.446496010999965, 17.186583472000052 ], [ -90.445501711999952, 17.186459104000051 ], [ -90.444530746999988, 17.186346318000062 ], [ -90.443673609999962, 17.18636932000004 ], [ -90.443218563999949, 17.186619830000041 ], [ -90.442888360999973, 17.187016433000053 ], [ -90.442936866999958, 17.187718150000023 ], [ -90.443368705999944, 17.188302798000052 ], [ -90.443743778999988, 17.188830277000022 ], [ -90.44408985299998, 17.189759306000042 ], [ -90.444114083999978, 17.190561195000043 ], [ -90.443618837999963, 17.191172473000051 ], [ -90.443059244999972, 17.191465683000047 ], [ -90.442570333999981, 17.191615280000065 ], [ -90.441898116999937, 17.19168465000007 ], [ -90.441233720999946, 17.191142206000052 ], [ -90.44086049799995, 17.190480396000055 ], [ -90.440382727999975, 17.189862419000065 ], [ -90.439713453999957, 17.189675540000053 ], [ -90.439128680999943, 17.190091480000035 ], [ -90.439081945999988, 17.190970364000066 ], [ -90.439016274999972, 17.192371730000048 ], [ -90.438914308999983, 17.193038792000038 ], [ -90.438269385999945, 17.193642505000071 ], [ -90.437537371999952, 17.19378899700007 ], [ -90.436008935999951, 17.193769556000063 ], [ -90.434527958999979, 17.193672807000041 ], [ -90.433336154999949, 17.193602311000063 ], [ -90.432047748999935, 17.193808306000051 ], [ -90.431421326999953, 17.19387822300007 ], [ -90.43090065199999, 17.193860295000036 ], [ -90.430078619999961, 17.193805784000062 ], [ -90.428198189999989, 17.193291818000034 ], [ -90.425490915999944, 17.192266008000047 ], [ -90.424013689999981, 17.191857638000045 ], [ -90.421498071999963, 17.191202274000034 ], [ -90.420216467999978, 17.190918307000061 ], [ -90.418713407999974, 17.190765843000065 ], [ -90.417841905999978, 17.190977086000032 ], [ -90.414978728999984, 17.192009515000052 ], [ -90.414408005999974, 17.192213312000035 ], [ -90.413570667999977, 17.192458842000065 ], [ -90.412561667999967, 17.192590396000071 ], [ -90.410332644999983, 17.192951258000051 ], [ -90.409157860999983, 17.193348228000048 ], [ -90.405454127999974, 17.195103526000025 ], [ -90.40499596899997, 17.195320031000051 ], [ -90.403657585999952, 17.195781468000064 ], [ -90.402517127999943, 17.196157390000053 ], [ -90.400902875999975, 17.196480905000044 ], [ -90.398976568999956, 17.196734898000045 ], [ -90.39718864799994, 17.197045980000041 ], [ -90.394226062999962, 17.197741504000078 ], [ -90.392410895999944, 17.198319748000074 ], [ -90.391155812999955, 17.198659118000023 ], [ -90.390285033999987, 17.198814925000022 ], [ -90.389679629999989, 17.199018194000075 ], [ -90.389070740999955, 17.199511557000051 ], [ -90.388352183999984, 17.200370403000022 ], [ -90.387747726999976, 17.201342489000069 ], [ -90.38732285399999, 17.201904840000054 ], [ -90.386756167999977, 17.20265388100006 ], [ -90.385921593999967, 17.203533790000051 ], [ -90.385230093999951, 17.204136701000039 ], [ -90.384527463999973, 17.204695436000065 ], [ -90.383836763999966, 17.205199004000065 ], [ -90.383019384999955, 17.205689636000045 ], [ -90.381964007999954, 17.206565524000041 ], [ -90.381599591999986, 17.206961559000035 ], [ -90.38115088099994, 17.207546160000049 ], [ -90.380878917999951, 17.207965976000025 ], [ -90.380379600999959, 17.208849085000054 ], [ -90.380012343999965, 17.209446033000063 ], [ -90.379669718999935, 17.209920244000045 ], [ -90.37914180599995, 17.210414620000051 ], [ -90.378522219999979, 17.210828778000064 ], [ -90.377813452999987, 17.210986631000026 ], [ -90.376747506999948, 17.21098403600007 ], [ -90.375601113999949, 17.210980383000049 ], [ -90.374375585999985, 17.210841352000045 ], [ -90.373670115999971, 17.210765543000036 ], [ -90.372245230999965, 17.210769528000071 ], [ -90.371210600999973, 17.211045029000047 ], [ -90.368569696999941, 17.211857228000042 ], [ -90.366554598999983, 17.212687738000056 ], [ -90.363059524999983, 17.214133298000036 ], [ -90.36127305399998, 17.215156402000048 ], [ -90.360454834999985, 17.215658206000057 ], [ -90.359042871999975, 17.217231465000054 ], [ -90.357304738999972, 17.218899777000047 ], [ -90.355464190999953, 17.220457216000057 ], [ -90.352445767999939, 17.221741747000067 ], [ -90.349688627999967, 17.222617614000058 ], [ -90.347538177999979, 17.223124383000027 ], [ -90.346288907999963, 17.223041304000049 ], [ -90.345013660999939, 17.223091087000057 ], [ -90.343025557999965, 17.223621395000066 ], [ -90.34044064699998, 17.224566007000078 ], [ -90.338785056999939, 17.225335480000069 ], [ -90.336710947999961, 17.226208897000049 ], [ -90.335064901999942, 17.227089093000075 ], [ -90.334571273999984, 17.227352363000023 ], [ -90.333383527999956, 17.228138142000034 ], [ -90.331382854999958, 17.228843136000023 ], [ -90.330899770999963, 17.228535310000041 ], [ -90.330253230999972, 17.228076300000055 ], [ -90.329270622999957, 17.227338502000066 ], [ -90.326312922999989, 17.224998521000032 ], [ -90.324601251999979, 17.223581577000061 ], [ -90.323961231999988, 17.223039099000061 ], [ -90.321788364999975, 17.221023333000062 ], [ -90.313910142999987, 17.214792973000044 ], [ -90.301699040999949, 17.205233985000064 ], [ -90.298938807999946, 17.203297080000027 ], [ -90.295990340999936, 17.200577564000071 ], [ -90.294765089999942, 17.199543995000056 ], [ -90.290088683999954, 17.195521057000065 ], [ -90.286219277999976, 17.19271002000005 ], [ -90.285251100999972, 17.191974504000029 ], [ -90.282750516999954, 17.189815145000068 ], [ -90.281890534999945, 17.189031404000048 ], [ -90.278625799999986, 17.186409023000067 ], [ -90.27767810499995, 17.186164810000037 ], [ -90.267940890999967, 17.177897407000046 ], [ -90.265066636999961, 17.175621056000068 ], [ -90.262132943999973, 17.173319034000031 ], [ -90.260262599999976, 17.171858869000062 ], [ -90.251698929999975, 17.165137505000075 ], [ -90.241658761999986, 17.157343612000034 ], [ -90.236943143999952, 17.153067441000076 ], [ -90.236148325999977, 17.152863532000026 ], [ -90.227400000999978, 17.145374612000069 ], [ -90.220506634999936, 17.140302897000026 ], [ -90.215988046999939, 17.13622095900007 ], [ -90.210673849999978, 17.132127969000067 ], [ -90.202999427999941, 17.126086637000071 ], [ -90.201035179999963, 17.124336895000056 ], [ -90.19442234, 17.119017763000045 ], [ -90.193176371999982, 17.118070343000056 ], [ -90.185596139999973, 17.111775821000037 ], [ -90.182858112999952, 17.109983572000033 ] ] ] ] } },
{ "type": "Feature", "properties": { "Codigo": 1801, "datos_finales_color_pelyexp": "732600" }, "geometry": { "type": "MultiPolygon", "coordinates": [ [ [ [ -88.489361525999982, 15.501929472000029 ], [ -88.490827442999944, 15.502108213000042 ], [ -88.492748641999981, 15.502598308000074 ], [ -88.49741256599998, 15.504021263000027 ], [ -88.500027588999956, 15.505135222000035 ], [ -88.507005825999954, 15.506137456000033 ], [ -88.50983251599996, 15.506982868000023 ], [ -88.511821201999965, 15.508469431000037 ], [ -88.514597887999969, 15.511494747000029 ], [ -88.515888621999977, 15.513732407000077 ], [ -88.515802414999939, 15.514251382000054 ], [ -88.517205651999973, 15.516421445000049 ], [ -88.517210957999964, 15.517224064000061 ], [ -88.518873076999967, 15.520460014000037 ], [ -88.522813474999964, 15.524248348000071 ], [ -88.525120724999965, 15.524857655000062 ], [ -88.52739395399999, 15.526397264000025 ], [ -88.529649328999938, 15.527203854000049 ], [ -88.537615532999951, 15.528159998000035 ], [ -88.542606427999942, 15.529620388000069 ], [ -88.543749382999977, 15.530397579000066 ], [ -88.544843403999948, 15.531612242000051 ], [ -88.545980208999936, 15.534864539000068 ], [ -88.546067377999975, 15.541617973000029 ], [ -88.54679613899998, 15.544410037000034 ], [ -88.549106216999974, 15.54636279500005 ], [ -88.552739706999944, 15.548116858000071 ], [ -88.555192144999978, 15.549888724000027 ], [ -88.556256056999985, 15.550049985000044 ], [ -88.560302468999964, 15.554159073000051 ], [ -88.563557754999977, 15.556589573000053 ], [ -88.564199156999962, 15.557450151000069 ], [ -88.564159854999957, 15.55825191200006 ], [ -88.564647156999968, 15.55884336400004 ], [ -88.564368876999936, 15.562354554000024 ], [ -88.562439120999954, 15.567933469000025 ], [ -88.560048646999974, 15.571055934000071 ], [ -88.555549492999944, 15.58048505000005 ], [ -88.553972916999953, 15.587053823000076 ], [ -88.554060417999949, 15.592192091000072 ], [ -88.554618269999935, 15.593719429000032 ], [ -88.556179240999938, 15.594516389000034 ], [ -88.557368284999939, 15.595708212000034 ], [ -88.559686420999981, 15.596638835000022 ], [ -88.56238402699995, 15.597312225000053 ], [ -88.567935194999961, 15.597845991000042 ], [ -88.57210282799997, 15.599065215000053 ], [ -88.57622847, 15.60343516000006 ], [ -88.576934700999971, 15.605427629000076 ], [ -88.57861834299996, 15.607238042000063 ], [ -88.579061445999969, 15.608458712000072 ], [ -88.580049961999975, 15.610035301000039 ], [ -88.58262749499994, 15.612416044000042 ], [ -88.588280581999982, 15.616661099000055 ], [ -88.593214216999968, 15.61880061100004 ], [ -88.60247712599994, 15.620678644000066 ], [ -88.607770631999983, 15.620986584000036 ], [ -88.609643797999979, 15.620476284000063 ], [ -88.61216374899999, 15.618572120000067 ], [ -88.617714458999956, 15.618656128000055 ], [ -88.622950817999936, 15.615828781000062 ], [ -88.625747685999954, 15.613585006000051 ], [ -88.627227617999949, 15.611294628000053 ], [ -88.628271088999952, 15.604082922000032 ], [ -88.630403580999939, 15.597395642000038 ], [ -88.632819870999981, 15.593279617000064 ], [ -88.634957524999948, 15.591167926000026 ], [ -88.636261134999984, 15.590901880000047 ], [ -88.637126432999935, 15.590215660000069 ], [ -88.644886248999967, 15.590939022000043 ], [ -88.647913100999972, 15.590445555000031 ], [ -88.660432091999951, 15.585989147000078 ], [ -88.662105346999965, 15.585925261000057 ], [ -88.665065764999952, 15.58823045400004 ], [ -88.667006298999979, 15.588317233000055 ], [ -88.671838458999957, 15.585402603000034 ], [ -88.677038362999951, 15.583748659000037 ], [ -88.680941992999976, 15.583621417000074 ], [ -88.684756497999956, 15.584864321000055 ], [ -88.691644747999987, 15.585736853000071 ], [ -88.704954413999985, 15.584473391000074 ], [ -88.711023903999944, 15.585352986000032 ], [ -88.716943009999966, 15.586841656000047 ], [ -88.722762190999958, 15.587517648000073 ], [ -88.725303116999953, 15.588275129000067 ], [ -88.725070304999974, 15.589742964000038 ], [ -88.722800990999986, 15.592545410000071 ], [ -88.721965073999968, 15.596757930000024 ], [ -88.721019775999935, 15.599512858000026 ], [ -88.718883392999942, 15.602626718000067 ], [ -88.718159884999977, 15.604780546000029 ], [ -88.71755843599999, 15.605342639000071 ], [ -88.717482322999956, 15.606402013000036 ], [ -88.715921399999957, 15.608547362000024 ], [ -88.714240392999955, 15.613638424000044 ], [ -88.713648155999977, 15.614202934000048 ], [ -88.712896409999985, 15.618712370000026 ], [ -88.711457382999981, 15.623011056000053 ], [ -88.708572622999952, 15.638133405000076 ], [ -88.709422967999956, 15.644297590000065 ], [ -88.708729505999941, 15.650203779000037 ], [ -88.706344090999949, 15.658395724000059 ], [ -88.70512922599994, 15.659875763000059 ], [ -88.704273039999975, 15.662146351000047 ], [ -88.69939803799997, 15.666157451000061 ], [ -88.698610978999966, 15.666263718000039 ], [ -88.696406164999985, 15.667781694000041 ], [ -88.692987887999948, 15.669041242000048 ], [ -88.691150295999989, 15.670634025000027 ], [ -88.686789156999964, 15.672073272000034 ], [ -88.683981459999984, 15.67364682300007 ], [ -88.68087597799996, 15.674744347000058 ], [ -88.679459945999952, 15.67631489200005 ], [ -88.679143400999976, 15.677366063000022 ], [ -88.678836292999961, 15.683323530000052 ], [ -88.672701148999977, 15.687393396000061 ], [ -88.670722282999975, 15.689901889000055 ], [ -88.670389045999968, 15.692839820000074 ], [ -88.671246719999942, 15.698700827000039 ], [ -88.673972705999972, 15.701951966000024 ], [ -88.674552684999981, 15.702537272000029 ], [ -88.676828314999966, 15.703064879000067 ], [ -88.67864392599995, 15.704298075000054 ], [ -88.683321902999978, 15.706329717000074 ], [ -88.690827410999987, 15.706761117000042 ], [ -88.691944947999957, 15.707438181000043 ], [ -88.693153251999945, 15.709166588000073 ], [ -88.695785815999955, 15.710078736000071 ], [ -88.698001846999944, 15.709990571000048 ], [ -88.702920879999965, 15.710844027000064 ], [ -88.715573376999942, 15.710327547000077 ], [ -88.718008203999943, 15.710853384000075 ], [ -88.720534144999988, 15.713672941000027 ], [ -88.721812316999944, 15.716554802000076 ], [ -88.72181502899997, 15.717621352000037 ], [ -88.722845756999959, 15.719591947000026 ], [ -88.722885370999961, 15.720925285000021 ], [ -88.723600651999959, 15.721813043000054 ], [ -88.727238620999969, 15.727793028000065 ], [ -88.729332549999981, 15.732250061000059 ], [ -88.729864007999936, 15.735140955000077 ], [ -88.730834194999943, 15.737870219000058 ], [ -88.733075260999954, 15.741698806000045 ], [ -88.734676454999942, 15.747518220000075 ], [ -88.734176623999986, 15.752299831000073 ], [ -88.732565773999966, 15.753760896000074 ], [ -88.730816024999967, 15.759298102000059 ], [ -88.72980520699997, 15.760425930000054 ], [ -88.72912658499996, 15.761005603000058 ], [ -88.727021448999949, 15.761327255000026 ], [ -88.724088527999982, 15.759931392000055 ], [ -88.720632788999978, 15.758488007000039 ], [ -88.716472145999944, 15.758517692000055 ], [ -88.715608796999959, 15.759134262000032 ], [ -88.708503203999953, 15.760505917000046 ], [ -88.706932659999893, 15.761618049000049 ], [ -88.701298834999989, 15.763689268000064 ], [ -88.698227444999986, 15.765804280000054 ], [ -88.694897898999955, 15.76721404400007 ], [ -88.690075005999972, 15.771499271000039 ], [ -88.687347468999974, 15.774408901000072 ], [ -88.681927468999959, 15.779029227000024 ], [ -88.680971961999944, 15.780908636000049 ], [ -88.680593008999949, 15.78173193300006 ], [ -88.679905533999943, 15.781375551000053 ], [ -88.679037791999974, 15.780955833000064 ], [ -88.678357799999958, 15.780384279000032 ], [ -88.678048623999985, 15.779729917000054 ], [ -88.677576839999972, 15.779139960000066 ], [ -88.676896883999973, 15.778567276000047 ], [ -88.675307958999952, 15.777351962000068 ], [ -88.671257152999942, 15.774724671000058 ], [ -88.668973094999956, 15.773628496000072 ], [ -88.666667761999975, 15.772466491000046 ], [ -88.665388106999956, 15.771904368000037 ], [ -88.664362966999988, 15.77128080600005 ], [ -88.662872302999972, 15.769776547000049 ], [ -88.661993737999978, 15.768776004000074 ], [ -88.660672429999977, 15.768012370000065 ], [ -88.658719008999981, 15.766566491000049 ], [ -88.651557200999946, 15.761642491000032 ], [ -88.649352183999952, 15.760101342000041 ], [ -88.647049078999942, 15.758849051000027 ], [ -88.644719996999982, 15.757751786000028 ], [ -88.64188304299995, 15.756645449000075 ], [ -88.638535029999957, 15.755706942000074 ], [ -88.635368707999987, 15.754928728000039 ], [ -88.633000590999984, 15.754546389000041 ], [ -88.631183461999967, 15.754308110000068 ], [ -88.6299414, 15.754149011000038 ], [ -88.628887087999942, 15.753838118000033 ], [ -88.628097775999947, 15.753382622000061 ], [ -88.627299566999966, 15.752554951000036 ], [ -88.625849379999977, 15.750269032000062 ], [ -88.62530951299999, 15.748549259000072 ], [ -88.624825029999954, 15.746418030000029 ], [ -88.624525822999942, 15.744222891000049 ], [ -88.624540678999949, 15.743529931000069 ], [ -88.62460049799995, 15.742884090000075 ], [ -88.624864191999961, 15.742419329000029 ], [ -88.62540953599995, 15.741738157000043 ], [ -88.62599269399999, 15.741437631000053 ], [ -88.626733168999976, 15.741318369000055 ], [ -88.62721475799998, 15.741439645000071 ], [ -88.627266770999938, 15.742244421000066 ], [ -88.627269474999935, 15.743204898000045 ], [ -88.627344631999961, 15.743988723000029 ], [ -88.627356408999958, 15.744525533000058 ], [ -88.627461063999988, 15.745019118000073 ], [ -88.627750702999947, 15.745516421000048 ], [ -88.628204255999947, 15.745860330000028 ], [ -88.628730970999982, 15.746049021000033 ], [ -88.629908050999973, 15.746006158000057 ], [ -88.630601165999963, 15.745952443000022 ], [ -88.631203307999954, 15.745852935000073 ], [ -88.631809644999976, 15.745530313000074 ], [ -88.632464421999941, 15.745119607000049 ], [ -88.632961335999937, 15.74452536900003 ], [ -88.633158637999941, 15.743926244000022 ], [ -88.633271187999981, 15.742990620000057 ], [ -88.633317381999973, 15.741919520000067 ], [ -88.633060538999985, 15.740976484000043 ], [ -88.632479913999987, 15.740070913000068 ], [ -88.631784215999971, 15.739185579000036 ], [ -88.631384647999937, 15.738440331000049 ], [ -88.63110513099997, 15.737496841000052 ], [ -88.629717017999951, 15.735547001000043 ], [ -88.626827997999953, 15.733657199000049 ], [ -88.626155247999975, 15.732762171000047 ], [ -88.625960519999978, 15.732154052000055 ], [ -88.625951682999982, 15.731506832000036 ], [ -88.626055073999964, 15.730972334000057 ], [ -88.626550124999937, 15.730490795000037 ], [ -88.627031689999967, 15.730612065000059 ], [ -88.627554991999943, 15.730958495000039 ], [ -88.628170222999984, 15.731305643000042 ], [ -88.628876397999989, 15.731699706000029 ], [ -88.630063789999951, 15.732258984000055 ], [ -88.630980120999936, 15.732568207000043 ], [ -88.631602040999951, 15.732603229000063 ], [ -88.632670570999949, 15.732244778000052 ], [ -88.633226617999981, 15.73212178600005 ], [ -88.634363881999946, 15.731787246000067 ], [ -88.634701502999974, 15.731101874000046 ], [ -88.634742923999966, 15.730252747000065 ], [ -88.634712692999983, 15.729516036000064 ], [ -88.634538798999984, 15.729021064000051 ], [ -88.63425011399994, 15.728478700000039 ], [ -88.63377331199996, 15.728134344000068 ], [ -88.633300822999956, 15.727588294000043 ], [ -88.633517433999941, 15.727146240000025 ], [ -88.634153282999989, 15.726555899000061 ], [ -88.63593294399999, 15.725295206000055 ], [ -88.637047381999935, 15.724937642000043 ], [ -88.637287828999945, 15.724496058000057 ], [ -88.637321001999965, 15.72400523400006 ], [ -88.637335312999937, 15.723334797000064 ], [ -88.637188959999946, 15.722639721000064 ], [ -88.636856221999949, 15.722007425000072 ], [ -88.636377815999936, 15.721302320000063 ], [ -88.636139265999986, 15.719938057000036 ], [ -88.636196281999958, 15.719447711000043 ], [ -88.636549886999944, 15.719074902000045 ], [ -88.637514031999956, 15.719295987000066 ], [ -88.637995127999943, 15.719438637000053 ], [ -88.638869654999951, 15.719523777000063 ], [ -88.639497742999936, 15.719268056000033 ], [ -88.64041555099999, 15.718415039000035 ], [ -88.640854175999948, 15.717329232000054 ], [ -88.641341901999965, 15.717160876000037 ], [ -88.643423315999939, 15.716889111000057 ], [ -88.644538180999973, 15.71650895700003 ], [ -88.645400001999974, 15.71612486600003 ], [ -88.64603712, 15.715444319000028 ], [ -88.646329192999985, 15.714735457000074 ], [ -88.646626390999984, 15.713758403000043 ], [ -88.646780962999969, 15.71300283000005 ], [ -88.646726619999981, 15.711236424000049 ], [ -88.647142301999963, 15.710105042000066 ], [ -88.647301155999969, 15.709147768000037 ], [ -88.647294629999976, 15.708387851000055 ], [ -88.647331665999957, 15.706646939000052 ], [ -88.647080940999956, 15.705413195000062 ], [ -88.646417897999982, 15.704059623000035 ], [ -88.646198030999983, 15.70356374000005 ], [ -88.64665309899999, 15.702767945000062 ], [ -88.647101500999952, 15.702285398000072 ], [ -88.64742096699996, 15.701353874000063 ], [ -88.647248479999973, 15.700791301000038 ], [ -88.646727546999955, 15.700334501000043 ], [ -88.646367363999957, 15.699924874000033 ], [ -88.64605265099999, 15.699538699000072 ], [ -88.645611861999953, 15.698569459000055 ], [ -88.645301998999969, 15.697982726000077 ], [ -88.644806256999971, 15.697436244000073 ], [ -88.644103823999956, 15.696841674000041 ], [ -88.643103288999953, 15.696174639000049 ], [ -88.64182178499999, 15.695724064000046 ], [ -88.640923131999955, 15.69568356700006 ], [ -88.640020664999952, 15.695822228000054 ], [ -88.639415819999954, 15.696055885000021 ], [ -88.638929563999966, 15.696157768000035 ], [ -88.638352251999947, 15.696191320000025 ], [ -88.637527104999947, 15.695950496000023 ], [ -88.637058448999937, 15.695226438000077 ], [ -88.636545266999974, 15.694434978000061 ], [ -88.636003888999937, 15.693683537000027 ], [ -88.635281297999938, 15.693135889000075 ], [ -88.634340515999952, 15.692916417000049 ], [ -88.633623383999975, 15.693013670000028 ], [ -88.632437548999974, 15.693481427000052 ], [ -88.631690595999942, 15.693912873000045 ], [ -88.630900432999965, 15.694187887000055 ], [ -88.63029378899995, 15.694533081000031 ], [ -88.629958150999983, 15.695129443000042 ], [ -88.62989113499998, 15.696088529000065 ], [ -88.629880168999989, 15.696602340000027 ], [ -88.629406206999988, 15.697218475000057 ], [ -88.628781532999938, 15.697317560000045 ], [ -88.627837907999947, 15.697231014000067 ], [ -88.627314171999956, 15.696908270000051 ], [ -88.626905614999941, 15.696586704000026 ], [ -88.62611422699996, 15.695856160000062 ], [ -88.625363059999984, 15.695394710000073 ], [ -88.624493421999944, 15.695086440000068 ], [ -88.623622344999944, 15.694845776000022 ], [ -88.622728006999978, 15.694604642000058 ], [ -88.621835214999976, 15.694318446000068 ], [ -88.621145153999976, 15.694238092000035 ], [ -88.620291055999985, 15.69426491300004 ], [ -88.61938, 15.694805741000039 ], [ -88.618006913999977, 15.695403791000047 ], [ -88.611881988999983, 15.698207009000043 ], [ -88.611158155999988, 15.698616289000029 ], [ -88.610138144999951, 15.698864048000075 ], [ -88.609490305999941, 15.698985151000045 ], [ -88.608283060999952, 15.699363273000074 ], [ -88.607413600999962, 15.700105522000058 ], [ -88.606443370999955, 15.70017503300005 ], [ -88.605871460999936, 15.699984284000038 ], [ -88.605163894999976, 15.699635243000046 ], [ -88.604431253999962, 15.699397291000025 ], [ -88.603717474999939, 15.69933781800006 ], [ -88.602538279999976, 15.69949328000007 ], [ -88.601884580999979, 15.699859977000074 ], [ -88.600928516999943, 15.700353584000027 ], [ -88.600408433999974, 15.700946158000022 ], [ -88.600047987999972, 15.701609584000039 ], [ -88.599467539999978, 15.702871636000054 ], [ -88.599407204999977, 15.703539988000045 ], [ -88.599484676999964, 15.704212247000044 ], [ -88.599724796999965, 15.70484269800005 ], [ -88.600205911999979, 15.705007961000035 ], [ -88.600826749999953, 15.705088119000038 ], [ -88.601794042999984, 15.70512904900005 ], [ -88.602508808999971, 15.705143464000059 ], [ -88.603174626999987, 15.705269609000027 ], [ -88.603554147999944, 15.705857783000056 ], [ -88.603497162999986, 15.706370650000054 ], [ -88.60318708899996, 15.706855867000058 ], [ -88.602700226999957, 15.706957646000035 ], [ -88.602143310999963, 15.707124514000043 ], [ -88.601171696999984, 15.707284144000027 ], [ -88.599903348999987, 15.707281099000056 ], [ -88.59874873199999, 15.707346846000064 ], [ -88.597706866999943, 15.707526459000064 ], [ -88.597220586999981, 15.707628233000037 ], [ -88.596731420999959, 15.707864090000044 ], [ -88.596188498999936, 15.708434768000075 ], [ -88.595898225999974, 15.709053383000025 ], [ -88.595791899999938, 15.709721928000022 ], [ -88.595957802999976, 15.712718037000059 ], [ -88.596365834999972, 15.713062190000073 ], [ -88.597256233999985, 15.713460050000037 ], [ -88.597803686999953, 15.713760801000035 ], [ -88.598371398999973, 15.714174683000067 ], [ -88.599367365999967, 15.71502104800004 ], [ -88.600450630999944, 15.71613744800004 ], [ -88.60150775599999, 15.717387458000076 ], [ -88.602207563999968, 15.718072281000047 ], [ -88.603793721999978, 15.719399468000063 ], [ -88.60415287699999, 15.71985309300004 ], [ -88.604484045999982, 15.720553020000068 ], [ -88.604656913999975, 15.721091940000065 ], [ -88.604668062999963, 15.721628724000027 ], [ -88.60471615099999, 15.722612637000054 ], [ -88.60383229699994, 15.727155556000071 ], [ -88.603817893999974, 15.727933051000036 ], [ -88.604196374999958, 15.728543756000022 ], [ -88.604980170999966, 15.729654111000059 ], [ -88.605170902999987, 15.73041771000004 ], [ -88.605386453999984, 15.731136723000077 ], [ -88.605698220999955, 15.731657031000054 ], [ -88.605935489999979, 15.732421570000042 ], [ -88.606101139999964, 15.733296260000031 ], [ -88.606110372999979, 15.733922059000065 ], [ -88.605837079999958, 15.734831851000024 ], [ -88.605549731999986, 15.735340067000038 ], [ -88.605055595999943, 15.735776474000033 ], [ -88.6044705, 15.736167081000076 ], [ -88.603629487999967, 15.736686656000074 ], [ -88.603181394999979, 15.737146531000064 ], [ -88.602798564999944, 15.737764406000053 ], [ -88.602578019999953, 15.73838556100003 ], [ -88.602331706999962, 15.739095242000076 ], [ -88.602065110999945, 15.739692919000049 ], [ -88.601614603999963, 15.740264336000052 ], [ -88.60112197699999, 15.740656797000042 ], [ -88.599653630999967, 15.741364315000055 ], [ -88.59758764899999, 15.742016897000042 ], [ -88.596774924999977, 15.742221389000065 ], [ -88.595894559999977, 15.742405344000076 ], [ -88.594930017999957, 15.742229140000063 ], [ -88.59431763799995, 15.741725277000057 ], [ -88.593474064999953, 15.74128323900004 ], [ -88.592210334999947, 15.741057004000027 ], [ -88.59133481899994, 15.741016724000076 ], [ -88.59031555599995, 15.741219262000072 ], [ -88.589287113999944, 15.741846562000035 ], [ -88.587771812999961, 15.74259812400004 ], [ -88.586486872999956, 15.743353219000028 ], [ -88.585801517999982, 15.744099049000056 ], [ -88.584811858999956, 15.745084431000066 ], [ -88.583282526999938, 15.746482680000042 ], [ -88.582752888999948, 15.746916042000066 ], [ -88.581896811999968, 15.747616681000068 ], [ -88.580981564999945, 15.748335277000024 ], [ -88.580123543999946, 15.749635535000039 ], [ -88.579323993999935, 15.751405888000022 ], [ -88.578527796999936, 15.75302074800004 ], [ -88.577684558999977, 15.754657190000046 ], [ -88.575768868999944, 15.756851181000059 ], [ -88.575529295999957, 15.75727125700007 ], [ -88.575445548999937, 15.757939102000023 ], [ -88.575572358999977, 15.758478223000054 ], [ -88.575971622999987, 15.759200986000053 ], [ -88.576783813999953, 15.760043741000061 ], [ -88.577443485999936, 15.760459569000034 ], [ -88.578177338999978, 15.760675137000078 ], [ -88.578776024999968, 15.760709857000052 ], [ -88.57965500499995, 15.760593597000025 ], [ -88.579967172999943, 15.760019442000043 ], [ -88.580009321999967, 15.759148979000031 ], [ -88.579882963999978, 15.758588448000069 ], [ -88.579805097999952, 15.757938728000056 ], [ -88.579633761999958, 15.757332197000039 ], [ -88.579604637999978, 15.756527919000064 ], [ -88.580120121999983, 15.756158533000075 ], [ -88.581021399999941, 15.756086675000063 ], [ -88.581500061999975, 15.756342132000043 ], [ -88.582115336999948, 15.756711954000025 ], [ -88.582910068999979, 15.757287191000046 ], [ -88.583763903999966, 15.758331412000075 ], [ -88.584048970999959, 15.759007885000074 ], [ -88.584236343999976, 15.759949520000077 ], [ -88.584118199999978, 15.761131806000037 ], [ -88.583817224999962, 15.762264161000076 ], [ -88.583124527999985, 15.763344594000046 ], [ -88.582313828999986, 15.764579305000041 ], [ -88.581739691999985, 15.765505460000043 ], [ -88.580892630999983, 15.767342472000053 ], [ -88.58007317299996, 15.768979397000066 ], [ -88.57931894699999, 15.76970123600006 ], [ -88.577465014999973, 15.771160413000075 ], [ -88.575954313999944, 15.772759569000073 ], [ -88.571639078999965, 15.778122691000021 ], [ -88.570361573999946, 15.779592406000063 ], [ -88.569403898999951, 15.781181351000043 ], [ -88.568300552999972, 15.783124628000053 ], [ -88.566272856999944, 15.78726053500003 ], [ -88.561558314999957, 15.795049842000026 ], [ -88.561119520999966, 15.79611280000006 ], [ -88.560795517999964, 15.797223193000036 ], [ -88.560455074999936, 15.798019895000039 ], [ -88.559831917999986, 15.79910161600003 ], [ -88.559207188999949, 15.80022838900004 ], [ -88.558409101999985, 15.801909556000055 ], [ -88.558116636999955, 15.802640730000064 ], [ -88.557778605999943, 15.80332588300007 ], [ -88.557480676999944, 15.804280123000069 ], [ -88.557020591999958, 15.805276123000056 ], [ -88.556439436999938, 15.806537905000027 ], [ -88.556049071999951, 15.807512788000054 ], [ -88.555721113999937, 15.808801170000038 ], [ -88.555488480999941, 15.80993595800004 ], [ -88.555166846999953, 15.810934788000054 ], [ -88.554704523999987, 15.811659086000077 ], [ -88.556950394999944, 15.814449772000046 ], [ -88.560006143999942, 15.819633106000026 ], [ -88.561445421999963, 15.820288174000041 ], [ -88.562489592999952, 15.82106927600006 ], [ -88.563387098999954, 15.822248642000034 ], [ -88.564139660999956, 15.823694430000046 ], [ -88.564808477999975, 15.825829462000058 ], [ -88.565316001999975, 15.827939775000061 ], [ -88.565677228999959, 15.830404403000045 ], [ -88.565547399999957, 15.83634419200007 ], [ -88.565333280999937, 15.852467354000055 ], [ -88.565247184999976, 15.853235446000042 ], [ -88.565095567999947, 15.853857914000059 ], [ -88.564647951999973, 15.854251135000027 ], [ -88.563884368999936, 15.854369604000055 ], [ -88.563210208999976, 15.854578950000075 ], [ -88.562720129999946, 15.854837159000056 ], [ -88.561956951999946, 15.854910541000038 ], [ -88.561268412999937, 15.854739732000041 ], [ -88.560888378999948, 15.854173985000045 ], [ -88.560785366999937, 15.853613922000022 ], [ -88.56062045799996, 15.852716697000062 ], [ -88.560343256999943, 15.851683032000039 ], [ -88.559808775999954, 15.850779347000071 ], [ -88.559184908999953, 15.849783651000052 ], [ -88.55727422199999, 15.847465296000053 ], [ -88.555254864999938, 15.845882989000074 ], [ -88.553520898999977, 15.843925556000045 ], [ -88.550631188999944, 15.842079615000046 ], [ -88.550736606999976, 15.841467485000067 ], [ -88.551282011999945, 15.840809170000057 ], [ -88.551823913999954, 15.840283786000043 ], [ -88.552395527999977, 15.839491875000022 ], [ -88.552708932999963, 15.838872744000071 ], [ -88.552890211999966, 15.837960095000028 ], [ -88.552900982999972, 15.83746887500007 ], [ -88.55273217599995, 15.836750793000022 ], [ -88.552252910999982, 15.836517766000043 ], [ -88.551571968999951, 15.837039170000025 ], [ -88.551308440999946, 15.837481234000052 ], [ -88.550904574999947, 15.838030871000058 ], [ -88.550526318999971, 15.838448032000031 ], [ -88.549939844999983, 15.838882324000053 ], [ -88.54940129199997, 15.839228557000069 ], [ -88.548256482999989, 15.839875663000043 ], [ -88.54717604199999, 15.840746134000028 ], [ -88.546457628999974, 15.841938521000031 ], [ -88.546419157999935, 15.842629799000065 ], [ -88.546545876999971, 15.843168928000068 ], [ -88.546812086999978, 15.843665842000064 ], [ -88.547046706999936, 15.844540828000049 ], [ -88.546869706999985, 15.845230379000043 ], [ -88.546030178999956, 15.846687403000033 ], [ -88.545529809999948, 15.847414252000021 ], [ -88.544988281999963, 15.847894534000034 ], [ -88.544222194999975, 15.848101927000073 ], [ -88.543464947999951, 15.84790711100004 ], [ -88.542596397999944, 15.847531912000022 ], [ -88.541677464999964, 15.847356302000037 ], [ -88.540618458999973, 15.847222885000065 ], [ -88.539908250999986, 15.847007612000027 ], [ -88.539021840999965, 15.846386316000064 ], [ -88.537119477999966, 15.84476120000005 ], [ -88.536393785999962, 15.844165757000042 ], [ -88.535802762999936, 15.843773718000023 ], [ -88.535299763999944, 15.843561583000053 ], [ -88.53443125199999, 15.843186359000072 ], [ -88.533838164999963, 15.842861901000049 ], [ -88.533133395999982, 15.842401009000071 ], [ -88.532339468999965, 15.841759062000051 ], [ -88.531340371999988, 15.841022706000047 ], [ -88.530334356999958, 15.840600671000061 ], [ -88.528594928999951, 15.839961725000023 ], [ -88.527608277999946, 15.839718166000068 ], [ -88.527032103999943, 15.839683714000046 ], [ -88.52624573199995, 15.839756502000057 ], [ -88.525572694999937, 15.839943214000073 ], [ -88.524920861999988, 15.840197989000046 ], [ -88.524294268999938, 15.840364242000078 ], [ -88.523509942999965, 15.840370559000064 ], [ -88.522501018999947, 15.840081432000034 ], [ -88.520305617999952, 15.839187280000033 ], [ -88.519228459999965, 15.838851642000066 ], [ -88.518308615999956, 15.838721013000054 ], [ -88.517573150999965, 15.838571655000067 ], [ -88.516979227999968, 15.83831364200006 ], [ -88.51629821399996, 15.837808117000066 ], [ -88.51522055099997, 15.837496120000026 ], [ -88.512441090999971, 15.836902006000059 ], [ -88.510970029999953, 15.836637063000069 ], [ -88.509588278999956, 15.836519359000022 ], [ -88.508392983999954, 15.836315348000028 ], [ -88.507564607999939, 15.836209116000077 ], [ -88.506787754999948, 15.835879658000067 ], [ -88.503622778999954, 15.837001885000063 ], [ -88.503415502999985, 15.837449541000069 ], [ -88.502311407999969, 15.83746491900007 ], [ -88.501381361999961, 15.836719746000028 ], [ -88.500651685999969, 15.835864899000057 ], [ -88.499930118999941, 15.835405827000045 ], [ -88.499248230999967, 15.835362344000032 ], [ -88.498318357999949, 15.835476003000053 ], [ -88.497610812999937, 15.835696846000076 ], [ -88.497029040999962, 15.835968768000043 ], [ -88.496287995999978, 15.836387273000071 ], [ -88.495407030999957, 15.836946005000073 ], [ -88.49447405699999, 15.837644534000049 ], [ -88.49404001399995, 15.838315123000029 ], [ -88.493217927999979, 15.839733899000066 ], [ -88.492770872999984, 15.840518050000071 ], [ -88.492302932999962, 15.84137727500007 ], [ -88.491995116999988, 15.842051615000059 ], [ -88.491866207999976, 15.842586543000039 ], [ -88.49172740299997, 15.843566459000044 ], [ -88.491594189999944, 15.845603685000071 ], [ -88.491256894999935, 15.849800635000065 ], [ -88.49172374599999, 15.851189906000059 ], [ -88.492292540999983, 15.851503818000026 ], [ -88.492765454999983, 15.851731201000064 ], [ -88.493252292999955, 15.852222609000023 ], [ -88.493593270999952, 15.852701958000068 ], [ -88.493888991999938, 15.853436212000076 ], [ -88.494306270999971, 15.853992667000057 ], [ -88.495082711999942, 15.85460394200004 ], [ -88.495796689999963, 15.854987372000039 ], [ -88.496198383999968, 15.855276382000056 ], [ -88.496995820999985, 15.855493613000021 ], [ -88.498437101999968, 15.85560928600006 ], [ -88.499846993999938, 15.855749091000064 ], [ -88.501211211999987, 15.855953308000039 ], [ -88.502095030999953, 15.856030306000036 ], [ -88.503156980999961, 15.856029856000077 ], [ -88.50472677099998, 15.85599600300003 ], [ -88.505996393999965, 15.855977314000029 ], [ -88.506875262999984, 15.855883998000024 ], [ -88.50812366599996, 15.855798359000062 ], [ -88.509040593999941, 15.856063112000072 ], [ -88.509773546999952, 15.856301503000054 ], [ -88.510316169999953, 15.856826730000023 ], [ -88.510580730999948, 15.857367593000049 ], [ -88.510954159999983, 15.858224054000061 ], [ -88.511323618999938, 15.859259641000051 ], [ -88.511446294999985, 15.859976767000035 ], [ -88.511523384999975, 15.860648991000062 ], [ -88.511455160999958, 15.861651820000077 ], [ -88.51130229499995, 15.862296727000057 ], [ -88.510844520999967, 15.863169737000078 ], [ -88.510392438999986, 15.863785884000038 ], [ -88.509962157999951, 15.864468983000052 ], [ -88.509834452999939, 15.865002827000069 ], [ -88.509747383999979, 15.865804638000043 ], [ -88.50975331799998, 15.866586964000078 ], [ -88.510027793999939, 15.867731036000066 ], [ -88.510147459999985, 15.868583354000066 ], [ -88.510459085999969, 15.869102660000067 ], [ -88.511157494999964, 15.86987683600006 ], [ -88.511683231999939, 15.870088383000052 ], [ -88.512256503999936, 15.870256961000052 ], [ -88.512808469999982, 15.870336053000074 ], [ -88.513750748999939, 15.87051116300006 ], [ -88.514649498999972, 15.870574911000062 ], [ -88.515363761999936, 15.870634823000046 ], [ -88.51616753199994, 15.870807050000053 ], [ -88.516785790999961, 15.871021634000044 ], [ -88.51747433099996, 15.871191463000059 ], [ -88.518141622999963, 15.871295476000057 ], [ -88.518948843999965, 15.871312223000075 ], [ -88.519893609999897, 15.871375778000072 ], [ -88.522004185999947, 15.871933505000072 ], [ -88.525313867999955, 15.872561141000062 ], [ -88.526894198999969, 15.873085299000024 ], [ -88.527874187999942, 15.873663516000022 ], [ -88.528783343999976, 15.874285349000047 ], [ -88.529672277999964, 15.874795174000042 ], [ -88.530976684999985, 15.875291053000069 ], [ -88.531871050999939, 15.875555272000042 ], [ -88.533084898999959, 15.875960225000028 ], [ -88.53448137, 15.876480532000073 ], [ -88.535884267999961, 15.876710167000056 ], [ -88.536602504999962, 15.876592011000071 ], [ -88.537372660999949, 15.876205541000047 ], [ -88.538139273999946, 15.875953124000034 ], [ -88.538721472999953, 15.875719436000054 ], [ -88.539412998999978, 15.875756264000074 ], [ -88.540195598999958, 15.875861470000075 ], [ -88.540859423999962, 15.876098350000063 ], [ -88.541446675999964, 15.876692078000076 ], [ -88.542011669999965, 15.877239133000046 ], [ -88.542829437999956, 15.877836492000029 ], [ -88.543602113999953, 15.878366413000037 ], [ -88.544461923999961, 15.879143851000038 ], [ -88.545139223999968, 15.879827349000038 ], [ -88.545590430999937, 15.880306676000032 ], [ -88.546104551999974, 15.881075849000069 ], [ -88.546745594999948, 15.881290831000058 ], [ -88.546965687999943, 15.880736308000053 ], [ -88.547427056999936, 15.87969645000004 ], [ -88.548239749999937, 15.879467489000035 ], [ -88.548742874999959, 15.879678494000075 ], [ -88.549129160999939, 15.880277083000067 ], [ -88.549249121999935, 15.880805934000023 ], [ -88.549429972999974, 15.883066213000063 ], [ -88.549511448999965, 15.888808456000049 ], [ -88.549756821999949, 15.892342617000054 ], [ -88.550509113999965, 15.894859274000055 ], [ -88.551097012999946, 15.896458425000048 ], [ -88.551653220999981, 15.897407685000076 ], [ -88.552124746999937, 15.897997892000035 ], [ -88.55257553499996, 15.898498624000069 ], [ -88.553442348999965, 15.898962849000043 ], [ -88.553502572999946, 15.898317104000057 ], [ -88.553328858999976, 15.89782208500003 ], [ -88.553110154999956, 15.897281053000029 ], [ -88.552960719999987, 15.896741448000057 ], [ -88.553233656999964, 15.895876912000062 ], [ -88.55385552599995, 15.895933688000071 ], [ -88.554543193999962, 15.896149623000042 ], [ -88.555318915999976, 15.896545457000059 ], [ -88.556161570999961, 15.897075675000053 ], [ -88.55702346399994, 15.897764088000031 ], [ -88.557875550999938, 15.898898652000071 ], [ -88.558656913999982, 15.900098258000071 ], [ -88.559375962999979, 15.901006904000042 ], [ -88.559936050999966, 15.901755599000069 ], [ -88.560636754999962, 15.902439559000072 ], [ -88.56140671199995, 15.903126070000042 ], [ -88.562054467999985, 15.904099744000064 ], [ -88.562723149999954, 15.908334736000029 ], [ -88.563226072999953, 15.909618785000077 ], [ -88.563581898999985, 15.910229142000048 ], [ -88.564143595999951, 15.910932782000032 ], [ -88.564729955999951, 15.911547882000036 ], [ -88.565342055999963, 15.912051922000046 ], [ -88.566372262999948, 15.912452973000029 ], [ -88.567564694999987, 15.912813396000047 ], [ -88.568318303999945, 15.91318620900006 ], [ -88.568792361999954, 15.913664857000072 ], [ -88.569267991999936, 15.914098455000044 ], [ -88.570040380999956, 15.91465086900007 ], [ -88.571345682999947, 15.91512405800006 ], [ -88.57267474799994, 15.915576315000067 ], [ -88.573726732999944, 15.916021744000034 ], [ -88.57431762899995, 15.916458829000078 ], [ -88.574905988999944, 15.916984905000049 ], [ -88.575465299999962, 15.917800070000055 ], [ -88.576002291999941, 15.918570818000035 ], [ -88.576929226999937, 15.919461161000072 ], [ -88.577818501999957, 15.919970868000064 ], [ -88.578686471999958, 15.920389961000069 ], [ -88.57978944599995, 15.920636906000027 ], [ -88.581765206999989, 15.921057297000061 ], [ -88.582935548999956, 15.921393530000046 ], [ -88.583949427999983, 15.921480821000046 ], [ -88.584579693999956, 15.921158965000075 ], [ -88.585252053999966, 15.921016064000071 ], [ -88.58608037, 15.921145757000033 ], [ -88.586815180999963, 15.921316364000063 ], [ -88.588254738999979, 15.921993989000043 ], [ -88.589304347999985, 15.92255202900003 ], [ -88.591165339999975, 15.924041963000036 ], [ -88.592900167999971, 15.925975675000075 ], [ -88.59480161, 15.928762704000064 ], [ -88.596164046999945, 15.930868014000055 ], [ -88.596901204999938, 15.932000154000036 ], [ -88.597420507999971, 15.932546196000033 ], [ -88.597874325999953, 15.932890257000054 ], [ -88.598675622999963, 15.933220005000067 ], [ -88.599272393999968, 15.933366343000046 ], [ -88.606074054999965, 15.933773555000073 ], [ -88.60872498699996, 15.933961786000054 ], [ -88.610033967999982, 15.93427818300006 ], [ -88.611680140999965, 15.935026407000066 ], [ -88.612609759999941, 15.935805109000057 ], [ -88.613645916999985, 15.936988399000029 ], [ -88.61427424499999, 15.937827464000065 ], [ -88.61478194099999, 15.938909805000037 ], [ -88.615460765999956, 15.940587428000072 ], [ -88.619186557999967, 15.947633007000036 ], [ -88.619757172999982, 15.948984911000025 ], [ -88.620056520999981, 15.950086681000073 ], [ -88.620160594999959, 15.952746826000066 ], [ -88.620164841999951, 15.953595720000067 ], [ -88.620241884999984, 15.954311958000062 ], [ -88.620456445999935, 15.955053541000041 ], [ -88.62073894699995, 15.955885559000023 ], [ -88.621085773999937, 15.956920664000052 ], [ -88.623250370999983, 15.961431995000055 ], [ -88.623371953999936, 15.962216776000048 ], [ -88.623337481999954, 15.962730094000051 ], [ -88.623067547999938, 15.963461811000059 ], [ -88.622549058999937, 15.963942729000053 ], [ -88.62179995799994, 15.964418945000034 ], [ -88.620538685999975, 15.965085368000075 ], [ -88.618795235999983, 15.965607814000066 ], [ -88.615875335999988, 15.966084825000053 ], [ -88.611597830999983, 15.966354841000054 ], [ -88.607700177999959, 15.966118524000024 ], [ -88.604250399999955, 15.965490008000074 ], [ -88.600023516999954, 15.964487082000062 ], [ -88.595882899999935, 15.96377779200003 ], [ -88.591037461999974, 15.96256138800004 ], [ -88.587440776999983, 15.961281477000057 ], [ -88.585630720999973, 15.960618717000045 ], [ -88.583570326999961, 15.95981666800003 ], [ -88.578363177999961, 15.957229819000077 ], [ -88.575325778999968, 15.955692977000069 ], [ -88.572707123999976, 15.95403058900007 ], [ -88.568205486999943, 15.951905568000029 ], [ -88.562660747999985, 15.948931616000039 ], [ -88.559446443999946, 15.947056189000023 ], [ -88.557753494999986, 15.946351703000062 ], [ -88.555965635999939, 15.945778249000057 ], [ -88.554914567999958, 15.945287638000025 ], [ -88.553458639999974, 15.944297218000031 ], [ -88.552006270999982, 15.943172731000061 ], [ -88.549287943999957, 15.940793469000027 ], [ -88.545839923999949, 15.938041782000028 ], [ -88.544568183999957, 15.937076551000075 ], [ -88.532700294999984, 15.925706952000041 ], [ -88.528157895999982, 15.921323993000044 ], [ -88.520646242999987, 15.913417922000065 ], [ -88.516629213999977, 15.909291468000049 ], [ -88.508255710999947, 15.901791037000066 ], [ -88.503980426999988, 15.897882243000026 ], [ -88.499924847999978, 15.895071252000037 ], [ -88.493056683999953, 15.889971003000028 ], [ -88.491080658999977, 15.888418319000039 ], [ -88.489424017999966, 15.887402021000071 ], [ -88.488847540999984, 15.887011278000045 ], [ -88.484444086999986, 15.883971921000068 ], [ -88.478312032999952, 15.879735439000058 ], [ -88.474811924999983, 15.87737532400007 ], [ -88.470273334999945, 15.874332944000059 ], [ -88.467569351999941, 15.872179920000065 ], [ -88.458374917999947, 15.865251666000063 ], [ -88.457337736999989, 15.86451194600005 ], [ -88.45655117299998, 15.863890198000036 ], [ -88.455861084999981, 15.863327953000066 ], [ -88.454861648999952, 15.862645371000042 ], [ -88.453992011999958, 15.862249527000074 ], [ -88.453355625999961, 15.861914938000041 ], [ -88.452662164999936, 15.861503636000066 ], [ -88.451012943999956, 15.860203287000047 ], [ -88.440304064999964, 15.853856872000051 ], [ -88.439421264999964, 15.853195862000064 ], [ -88.437673616999973, 15.851930560000028 ], [ -88.43544133499995, 15.850524292000046 ], [ -88.430583734999971, 15.847823987000027 ], [ -88.42919590799994, 15.847076771000047 ], [ -88.427807108999957, 15.846347558000048 ], [ -88.426226781999958, 15.845464400000026 ], [ -88.424971564999964, 15.844852949000028 ], [ -88.423581675999969, 15.844199201000038 ], [ -88.421533856999986, 15.843268936000072 ], [ -88.419253486999935, 15.842275129000029 ], [ -88.417884525999966, 15.841547415000036 ], [ -88.417089102999967, 15.841327714000045 ], [ -88.416303469999946, 15.841112722000048 ], [ -88.415424087999952, 15.84074473000004 ], [ -88.41408574799999, 15.839951155000051 ], [ -88.409599441999944, 15.837693380000076 ], [ -88.408013524999944, 15.837064698000063 ], [ -88.407368094999981, 15.836700518000043 ], [ -88.405830796999965, 15.83564799100003 ], [ -88.403861250999967, 15.834303412000054 ], [ -88.402062180999962, 15.833168676000071 ], [ -88.398142693999944, 15.831314946000077 ], [ -88.395749321999972, 15.830158522000033 ], [ -88.393345408999949, 15.828596154000024 ], [ -88.391346220999935, 15.827718545000039 ], [ -88.390260963999935, 15.827374266000049 ], [ -88.389330925999957, 15.827089632000025 ], [ -88.388809354999978, 15.826836236000076 ], [ -88.383420669999964, 15.823978466000028 ], [ -88.382376935999957, 15.823550520000026 ], [ -88.38141983, 15.823152591000053 ], [ -88.380849868999974, 15.822903782000026 ], [ -88.38013366499996, 15.822661994000043 ], [ -88.379466387999969, 15.822393075000036 ], [ -88.379014148999943, 15.822137756000075 ], [ -88.378591059999962, 15.821854888000075 ], [ -88.376382670999988, 15.820305572000052 ], [ -88.367499402999954, 15.815818873000069 ], [ -88.366330697999956, 15.815311566000048 ], [ -88.362069603999942, 15.812651065000068 ], [ -88.359548434999965, 15.811124237000058 ], [ -88.358799488999978, 15.810612363000075 ], [ -88.357840833999944, 15.80985484200005 ], [ -88.356748208999988, 15.809000918000038 ], [ -88.355906630999982, 15.808265056000039 ], [ -88.355040249999945, 15.807774326000072 ], [ -88.354438783999967, 15.807609304000039 ], [ -88.353840451999986, 15.807332788000053 ], [ -88.352974813999936, 15.806784596000057 ], [ -88.350325039999973, 15.804933774000062 ], [ -88.349303949999978, 15.804364206000059 ], [ -88.347820690999981, 15.803519901000072 ], [ -88.343184231999942, 15.800680933000024 ], [ -88.34268134499996, 15.800481945000058 ], [ -88.336618471999941, 15.796894419000068 ], [ -88.327427115999967, 15.79276838800007 ], [ -88.326828555999953, 15.792480542000021 ], [ -88.326348103999976, 15.792168196000034 ], [ -88.325447980999968, 15.791430997000077 ], [ -88.324537674999988, 15.790884016000064 ], [ -88.323754803999975, 15.790413025000078 ], [ -88.321317004999969, 15.788679216000048 ], [ -88.320299744999943, 15.787976667000066 ], [ -88.318637926999941, 15.787242180000078 ], [ -88.316305097999987, 15.786058242000024 ], [ -88.313399402999949, 15.784333430000061 ], [ -88.311899447999963, 15.783395061000022 ], [ -88.31119094099995, 15.782830990000036 ], [ -88.310773333999975, 15.782293486000071 ], [ -88.310399264999944, 15.781634096000062 ], [ -88.309798552999951, 15.781290958000056 ], [ -88.308679117999986, 15.78093547900005 ], [ -88.307791492999968, 15.780519653000056 ], [ -88.30729089099998, 15.780225998000049 ], [ -88.29718434099999, 15.771885232000045 ], [ -88.293670000999953, 15.768645031000062 ], [ -88.290760297999952, 15.765428047000057 ], [ -88.28874329699994, 15.76238027100004 ], [ -88.288137038999935, 15.761602028000027 ], [ -88.286807214999953, 15.760062154000025 ], [ -88.283456704999935, 15.756495280000024 ], [ -88.278796504999946, 15.751408081000022 ], [ -88.270832593999955, 15.743273214000055 ], [ -88.27014152199996, 15.74279621200003 ], [ -88.269602591999956, 15.742481390000023 ], [ -88.268929334999939, 15.742089280000073 ], [ -88.26747050099999, 15.741056977000028 ], [ -88.264936459999944, 15.739357884000071 ], [ -88.263127083999962, 15.738317933000076 ], [ -88.262401142999977, 15.737640718000023 ], [ -88.261408505999952, 15.736750371000028 ], [ -88.25952009699995, 15.735784171000034 ], [ -88.257571546999941, 15.734853830000077 ], [ -88.255670871999939, 15.733566215000053 ], [ -88.252723223999965, 15.732028152000055 ], [ -88.25192470099995, 15.731973552000056 ], [ -88.251128539999968, 15.731842383000071 ], [ -88.250101017999953, 15.73155517500004 ], [ -88.248222384999963, 15.731024040000023 ], [ -88.246031462999952, 15.73046578800006 ], [ -88.241594014999976, 15.729291677000049 ], [ -88.23684237599997, 15.728150049000021 ], [ -88.234672922999948, 15.72757301200005 ], [ -88.233123604999946, 15.727067 ], [ -88.231767551999951, 15.726679008000076 ], [ -88.230799540999953, 15.726412181000057 ], [ -88.230256765999968, 15.726267341000039 ], [ -88.229110401999947, 15.726091245000077 ], [ -88.228111896999962, 15.72625865200007 ], [ -88.227303745999961, 15.726618389000066 ], [ -88.226691655999957, 15.726926085000059 ], [ -88.225648619999959, 15.727356154000063 ], [ -88.224613504999979, 15.727447250000068 ], [ -88.223817112999939, 15.727278802000058 ], [ -88.223211592999974, 15.726509494000027 ], [ -88.223216688999969, 15.725470780000023 ], [ -88.222976608999943, 15.724917932000039 ], [ -88.22267560399996, 15.724458392000031 ], [ -88.222236402999954, 15.724013846000048 ], [ -88.221497531999944, 15.723525543000051 ], [ -88.223242228999936, 15.723383546000036 ], [ -88.22494472599999, 15.723230470000033 ], [ -88.227147120999973, 15.723140165000075 ], [ -88.229099360999953, 15.723027456000068 ], [ -88.230442558999982, 15.722918289000063 ], [ -88.233203016999937, 15.72266662800007 ], [ -88.23598029499999, 15.722467125000037 ], [ -88.237916938999945, 15.722250333000034 ], [ -88.239710370999944, 15.722064193000051 ], [ -88.241051975999937, 15.722023654000054 ], [ -88.243071307999969, 15.72210270000005 ], [ -88.246040478999987, 15.722080772000027 ], [ -88.247906821999948, 15.721861225000055 ], [ -88.249760812999966, 15.721347309000066 ], [ -88.250356312999941, 15.721101143000055 ], [ -88.250979056999938, 15.720508534000032 ], [ -88.251229702999979, 15.719734286000062 ], [ -88.251135610999938, 15.719177875000071 ], [ -88.250808636999977, 15.718581456000038 ], [ -88.250270949999958, 15.717841853000039 ], [ -88.249646733999953, 15.716996702000074 ], [ -88.24788700299996, 15.715009057000032 ], [ -88.246959425999989, 15.713378706000071 ], [ -88.246848759999978, 15.712735176000024 ], [ -88.246688831999961, 15.711933952000038 ], [ -88.246433932999935, 15.711340233000044 ], [ -88.245806524999978, 15.710633599000062 ], [ -88.245092952999983, 15.710531274000061 ], [ -88.244221308999954, 15.710373663000041 ], [ -88.242586506999942, 15.70987038800007 ], [ -88.242401902999973, 15.709380735000025 ], [ -88.242360105999978, 15.708877298000061 ], [ -88.242464533999964, 15.708238462000054 ], [ -88.243242457999941, 15.704747902000065 ], [ -88.244043573999988, 15.702634716000034 ], [ -88.244104814999957, 15.701526213000022 ], [ -88.244014118999985, 15.699273008000034 ], [ -88.244041101999983, 15.698111929000049 ], [ -88.2447395, 15.697313651000059 ], [ -88.247569425999984, 15.696335348000048 ], [ -88.248476279999977, 15.695800747000021 ], [ -88.248655380999935, 15.695024938000074 ], [ -88.248441747999948, 15.694206775000055 ], [ -88.247688335999953, 15.691989828000033 ], [ -88.247631715999944, 15.691347477000022 ], [ -88.247612725999943, 15.690637215000038 ], [ -88.24774016799995, 15.689756620000026 ], [ -88.248041594999961, 15.689122067000028 ], [ -88.24840932699999, 15.688662477000037 ], [ -88.249101846999963, 15.688140096000041 ], [ -88.249896129999968, 15.687793447000047 ], [ -88.250937486999987, 15.68762569300003 ], [ -88.251510244999963, 15.687603226000022 ], [ -88.252508169999942, 15.687728600000071 ], [ -88.253770387999964, 15.688068169000076 ], [ -88.254690176999986, 15.688503944000047 ], [ -88.255644229999973, 15.688992294000059 ], [ -88.256153472999983, 15.689402238000071 ], [ -88.25804173299997, 15.691261874000077 ], [ -88.259013800999981, 15.692530324000074 ], [ -88.25973528899999, 15.693846284000074 ], [ -88.26010000499997, 15.694269986000052 ], [ -88.260763316999942, 15.694959328000039 ], [ -88.261598008999954, 15.695254645000034 ], [ -88.26248125099994, 15.694909885000072 ], [ -88.26272817399996, 15.694292145000077 ], [ -88.262583770999981, 15.693596049000064 ], [ -88.262261949999981, 15.692826238000066 ], [ -88.261827550999953, 15.692297365000059 ], [ -88.260758543999941, 15.691346820000035 ], [ -88.258608742999968, 15.689152506000028 ], [ -88.257972704999986, 15.688064881000059 ], [ -88.257808314999977, 15.687453985000047 ], [ -88.257802151999954, 15.686137797000072 ], [ -88.257981556999937, 15.685396906000051 ], [ -88.258505487999969, 15.68436828800003 ], [ -88.259273682999947, 15.683640185000058 ], [ -88.260618052999973, 15.682716139000036 ], [ -88.261829587999955, 15.682154268000033 ], [ -88.262855942999977, 15.68182949900006 ], [ -88.26348255299996, 15.681791265000072 ], [ -88.264374887999963, 15.681880483000043 ], [ -88.264926608999986, 15.682013016000042 ], [ -88.265438483999958, 15.68228440200005 ], [ -88.265857257999983, 15.682709265000028 ], [ -88.266184674999977, 15.683287638000024 ], [ -88.266277207999963, 15.683913876000076 ], [ -88.266333893999956, 15.684556240000063 ], [ -88.266097000999935, 15.685521251000068 ], [ -88.265610171999981, 15.687260565000031 ], [ -88.265538515999935, 15.688020708000067 ], [ -88.265598626999974, 15.689269347000049 ], [ -88.26572097899998, 15.690190321000046 ], [ -88.265923852999947, 15.690697263000061 ], [ -88.266534093999951, 15.691368537000074 ], [ -88.267100856999946, 15.691606187000048 ], [ -88.268263011999977, 15.691648297000029 ], [ -88.268895868999948, 15.691316100000051 ], [ -88.269296986999962, 15.690995781000026 ], [ -88.269829894999987, 15.69038309900003 ], [ -88.27068920499994, 15.688756631000047 ], [ -88.271861694999984, 15.686788767000053 ], [ -88.272435602999963, 15.685935832000041 ], [ -88.27281932599999, 15.685562166000068 ], [ -88.27339884099996, 15.685297529000024 ], [ -88.273974384999974, 15.685154497000042 ], [ -88.275029178999944, 15.685160433000021 ], [ -88.275543887999959, 15.685310169000047 ], [ -88.275930231999951, 15.685629524000035 ], [ -88.27718817799996, 15.686939033000044 ], [ -88.278083909999964, 15.688396197000031 ], [ -88.279540830999963, 15.690334247000067 ], [ -88.280414843999949, 15.691271488000041 ], [ -88.281028949999893, 15.691752391000023 ], [ -88.281560284999955, 15.691989239000065 ], [ -88.282503393999946, 15.69220006300003 ], [ -88.283233428999949, 15.692319513000029 ], [ -88.284255225999971, 15.692219908000027 ], [ -88.285032065999985, 15.691872742000044 ], [ -88.285692277999942, 15.691160223000054 ], [ -88.285956595999949, 15.690541688000053 ], [ -88.286101675999987, 15.689696342000047 ], [ -88.286031068999989, 15.688898170000073 ], [ -88.285909838999942, 15.687924250000037 ], [ -88.285550634999936, 15.68725844100004 ], [ -88.284995410999954, 15.686518534000072 ], [ -88.28427560199998, 15.685879863000025 ], [ -88.282924675999936, 15.684741903000031 ], [ -88.281239888999949, 15.683354460000032 ], [ -88.280459471999961, 15.681535849000056 ], [ -88.280005193999955, 15.680277544000035 ], [ -88.279886095999984, 15.67928789900003 ], [ -88.279884251999988, 15.678559952000057 ], [ -88.279953680999938, 15.677868476000071 ], [ -88.280055147999974, 15.677351219000059 ], [ -88.280301208999958, 15.676767225000049 ], [ -88.280650223999942, 15.676358983000057 ], [ -88.281091131999972, 15.675849060000075 ], [ -88.281600952999952, 15.67542738800006 ], [ -88.282128371999988, 15.675074829000039 ], [ -88.282852246999937, 15.674726511000074 ], [ -88.283714753999959, 15.674519779000036 ], [ -88.284899458999973, 15.67433690200005 ], [ -88.285793432999981, 15.674304370000073 ], [ -88.286918044999936, 15.674433435000026 ], [ -88.288325918999988, 15.674636213000042 ], [ -88.289379268999937, 15.674728799000036 ], [ -88.290898664999986, 15.674709732000053 ], [ -88.291954618999966, 15.674714471000073 ], [ -88.293474989999936, 15.674678507000067 ], [ -88.294245580999984, 15.67462524900003 ], [ -88.295376432999944, 15.674407348000045 ], [ -88.296528260999935, 15.674086225000053 ], [ -88.299306461999947, 15.67303724900006 ], [ -88.302664150999988, 15.671670537000068 ], [ -88.303653164999957, 15.671449536000068 ], [ -88.304314039999952, 15.67146374400005 ], [ -88.305219889999989, 15.671725483000046 ], [ -88.305604652999989, 15.672115746000031 ], [ -88.305897351999988, 15.672615587000053 ], [ -88.30769811, 15.675980680000066 ], [ -88.308535219999953, 15.677696800000035 ], [ -88.309754404999978, 15.679108995000036 ], [ -88.310474320999958, 15.67969576400003 ], [ -88.311128285999985, 15.680038844000023 ], [ -88.311786414999972, 15.680174675000046 ], [ -88.312430685999971, 15.680153577000056 ], [ -88.312951751999947, 15.680077997000069 ], [ -88.313456173999953, 15.67991642000004 ], [ -88.313931132999983, 15.679440947000046 ], [ -88.31415730599997, 15.678960134000022 ], [ -88.316717550999954, 15.672587558000032 ], [ -88.317418994999969, 15.67161548100006 ], [ -88.318020244999957, 15.671108895000032 ], [ -88.318781128999944, 15.670691365000039 ], [ -88.319429310999965, 15.670497916000045 ], [ -88.320057712999983, 15.670406583000045 ], [ -88.321219043999974, 15.670483294000064 ], [ -88.321677748999946, 15.670718488000034 ], [ -88.322310511999945, 15.671200808000037 ], [ -88.322818550999955, 15.671644397000023 ], [ -88.323447948999956, 15.67242751200007 ], [ -88.32416425599996, 15.672613003000038 ], [ -88.324907590999942, 15.672225499000035 ], [ -88.325273168999956, 15.671214648000046 ], [ -88.325464601999954, 15.670317262000026 ], [ -88.325517642999955, 15.66906195200005 ], [ -88.325569061999943, 15.667877602000033 ], [ -88.325609672999974, 15.667167425000059 ], [ -88.325575322999953, 15.665459507000037 ], [ -88.325288156999989, 15.664102265000054 ], [ -88.325139933999935, 15.663104081000029 ], [ -88.324780743999952, 15.660594781000043 ], [ -88.324603799999977, 15.659785297000042 ], [ -88.324081774999968, 15.65906308600006 ], [ -88.323034004999954, 15.657807897000055 ], [ -88.322703550999961, 15.657279094000046 ], [ -88.322726240999941, 15.656283443000063 ], [ -88.323354800999937, 15.654447724000022 ], [ -88.323519117999979, 15.653692867000075 ], [ -88.323536384999954, 15.652934865000077 ], [ -88.323757083999965, 15.651848791000077 ], [ -88.324068352999973, 15.651049748000048 ], [ -88.324950780999984, 15.64883969400006 ], [ -88.326786217999938, 15.64560765300007 ], [ -88.330012549999935, 15.639275976000022 ], [ -88.333464488999937, 15.63377838200006 ], [ -88.340749774999949, 15.623216960000036 ], [ -88.343574502999957, 15.619483944000024 ], [ -88.346186139999986, 15.616504733000056 ], [ -88.352461270999981, 15.611611964000076 ], [ -88.400424068999939, 15.572614331000068 ], [ -88.442633760999968, 15.537513907000061 ], [ -88.463261313999965, 15.520299402000035 ], [ -88.471929827999986, 15.513079665000078 ], [ -88.476697150999939, 15.50976251700007 ], [ -88.485616893999975, 15.504444033000027 ], [ -88.489361525999982, 15.501929472000029 ] ] ] ] } },
{ "type": "Feature", "properties": { "Codigo": 1302, "datos_finales_color_riesgo": "732600" }, "geometry": { "type": "MultiPolygon", "coordinates": [ [ [ [ -91.231408832999989, 15.639425137000046 ], [ -91.232343942999989, 15.638998902000026 ], [ -91.232841080999947, 15.638598502000036 ], [ -91.233306028999948, 15.637805861000061 ], [ -91.233792880999943, 15.63717719300007 ], [ -91.235009011999978, 15.635720726000045 ], [ -91.235818523999967, 15.634916167000029 ], [ -91.236222848999944, 15.634529696000072 ], [ -91.236549309999987, 15.633911026000021 ], [ -91.236576518999982, 15.633388225000033 ], [ -91.235926433999964, 15.632661165000059 ], [ -91.234900029999949, 15.632386317000055 ], [ -91.234363061999943, 15.632335681000029 ], [ -91.233596615999943, 15.632265122000035 ], [ -91.233012082999949, 15.631915876000051 ], [ -91.233028604999959, 15.631348936000052 ], [ -91.233148273999973, 15.630783957000062 ], [ -91.233521541999949, 15.630008650000036 ], [ -91.233831064999947, 15.629597697000065 ], [ -91.235154675999979, 15.629400498000052 ], [ -91.235947002999978, 15.629306334000034 ], [ -91.236624112999948, 15.628645295000069 ], [ -91.236941574999946, 15.628259253000067 ], [ -91.237336136999943, 15.62771794300005 ], [ -91.237637663999976, 15.627286586000025 ], [ -91.238100510999971, 15.626802303000034 ], [ -91.238700723999955, 15.626339456000039 ], [ -91.239473603999954, 15.625791007000032 ], [ -91.240083327999969, 15.625305640000022 ], [ -91.240617060999966, 15.624777863000077 ], [ -91.241422052999951, 15.624495129000024 ], [ -91.242305002999956, 15.624502203000077 ], [ -91.243052668999951, 15.624174949000064 ], [ -91.243251982999936, 15.623698709000053 ], [ -91.24367028599994, 15.623035573000038 ], [ -91.244473750999987, 15.622725702000025 ], [ -91.244977111999958, 15.623024564000048 ], [ -91.245534393999947, 15.623562207000077 ], [ -91.246229693999965, 15.624045600000045 ], [ -91.246904431999951, 15.624205752000023 ], [ -91.24759421899995, 15.62396725800005 ], [ -91.247961905999944, 15.623429097000042 ], [ -91.248953235999977, 15.623233676000041 ], [ -91.249856937999937, 15.623473588000024 ], [ -91.250359756999956, 15.623700136000025 ], [ -91.25125161699998, 15.623962543000061 ], [ -91.251838901999974, 15.623645276000047 ], [ -91.251982469999973, 15.622935876000042 ], [ -91.251949803999935, 15.622183278000023 ], [ -91.252029012999969, 15.621502737000071 ], [ -91.252355506999947, 15.620871610000052 ], [ -91.253058063999958, 15.620499903000052 ], [ -91.253759582999976, 15.620250186000021 ], [ -91.254424943999936, 15.619590120000055 ], [ -91.254834833999951, 15.61915846900007 ], [ -91.255593556999941, 15.618897903000061 ], [ -91.256361210999955, 15.618959354000026 ], [ -91.257014894999941, 15.61892049000005 ], [ -91.257798713999989, 15.618448873000034 ], [ -91.25828216299999, 15.618208707000065 ], [ -91.259032126999955, 15.617949190000047 ], [ -91.25982047499997, 15.617975772000023 ], [ -91.260608693999984, 15.618293802000039 ], [ -91.261134254999945, 15.618519374000073 ], [ -91.262070837999943, 15.618937980000055 ], [ -91.262789827999939, 15.619310807000033 ], [ -91.263336344999971, 15.619747785000072 ], [ -91.264188953999962, 15.620588207000026 ], [ -91.26479748099996, 15.620721796000055 ], [ -91.265918563999946, 15.620757768000033 ], [ -91.266767124999944, 15.62076447000004 ], [ -91.267522015999987, 15.620959081000024 ], [ -91.268172445999937, 15.62130875500003 ], [ -91.268969931999948, 15.621914889000038 ], [ -91.269415530999936, 15.622225666000077 ], [ -91.270146222999983, 15.622457356000041 ], [ -91.271051252999939, 15.622542434000025 ], [ -91.272083575999943, 15.62246132000007 ], [ -91.272719758999983, 15.621799834000058 ], [ -91.272808193999936, 15.620844849000036 ], [ -91.272755177999954, 15.620355293000046 ], [ -91.272667086999945, 15.619877889000065 ], [ -91.272604470999966, 15.619143124000061 ], [ -91.273249222999937, 15.618848838000076 ], [ -91.274664586999961, 15.618890466000039 ], [ -91.275578203999942, 15.618644604000053 ], [ -91.276032823999969, 15.617737676000047 ], [ -91.276062794999973, 15.616871470000035 ], [ -91.276125695999951, 15.616249525000057 ], [ -91.276509319999946, 15.61560750700005 ], [ -91.277070632999937, 15.61560174400006 ], [ -91.277562286999967, 15.615771661000053 ], [ -91.278268001999948, 15.616410931000075 ], [ -91.278802243999962, 15.616925724000055 ], [ -91.279463970999984, 15.617319509000026 ], [ -91.279924948999962, 15.617045227000062 ], [ -91.280562760999942, 15.61618377800005 ], [ -91.280980556999964, 15.615565740000022 ], [ -91.281259615999943, 15.615090083000041 ], [ -91.281504113999972, 15.614635616000044 ], [ -91.281729934999987, 15.613694122000027 ], [ -91.281746287999965, 15.61306051400004 ], [ -91.281717832999959, 15.612348608000048 ], [ -91.28165701599994, 15.611393575000022 ], [ -91.28175321599997, 15.606770651000033 ], [ -91.281838604999962, 15.606104822000077 ], [ -91.28224688399996, 15.605296923000026 ], [ -91.28272001299996, 15.604889427000046 ], [ -91.28334093699999, 15.604650274000051 ], [ -91.284167217999936, 15.60459572600007 ], [ -91.284870053999953, 15.604177592000042 ], [ -91.285573111999952, 15.603662308000025 ], [ -91.286102534999941, 15.603422432000059 ], [ -91.286802680999983, 15.603327353000054 ], [ -91.287432308999939, 15.603442969000071 ], [ -91.288403732999939, 15.603806379000048 ], [ -91.288871407999977, 15.60405515900004 ], [ -91.289295262999985, 15.604317150000043 ], [ -91.290220686999987, 15.60446556200003 ], [ -91.291062595999961, 15.603860965000024 ], [ -91.291615210999964, 15.603564774000063 ], [ -91.29227124099998, 15.603589077000038 ], [ -91.293011812999964, 15.603820764000034 ], [ -91.293526736999979, 15.603924175000031 ], [ -91.29396860899999, 15.603205753000054 ], [ -91.294123823999939, 15.602407157000073 ], [ -91.294425325999953, 15.600620114000037 ], [ -91.294586260999949, 15.599199118000058 ], [ -91.29464055599999, 15.598199789000034 ], [ -91.294303580999951, 15.597297964000063 ], [ -91.293348293999941, 15.596817220000048 ], [ -91.290625937999948, 15.595713851000028 ], [ -91.289744741999982, 15.595507046000023 ], [ -91.28905757199999, 15.595446346000074 ], [ -91.288416256999938, 15.595407464000061 ], [ -91.28771687699998, 15.595413314000041 ], [ -91.287028423999971, 15.595507359000067 ], [ -91.286189698999976, 15.595661235000023 ], [ -91.285684466999953, 15.59579737200005 ], [ -91.284583128999941, 15.595784262000052 ], [ -91.283716115999937, 15.595414873000038 ], [ -91.283249538999939, 15.594967277000023 ], [ -91.282806093999966, 15.594541321000065 ], [ -91.282304518999979, 15.594238044000065 ], [ -91.281606171999954, 15.594120750000059 ], [ -91.281023814999969, 15.593860894000045 ], [ -91.280753205999986, 15.593325581000045 ], [ -91.280390524999973, 15.592789547000052 ], [ -91.27980919, 15.592407695000077 ], [ -91.278348644999937, 15.591585171000077 ], [ -91.27790364699996, 15.591347847000065 ], [ -91.276529993999986, 15.591148432000068 ], [ -91.275848739999958, 15.590939755000022 ], [ -91.273610467999958, 15.586603531000037 ], [ -91.273577312999976, 15.585759421000034 ], [ -91.273874393999961, 15.585355077000031 ], [ -91.275053766999974, 15.584808539000051 ], [ -91.276189709999983, 15.584437881000042 ], [ -91.27732802099996, 15.583782561000078 ], [ -91.279087300999947, 15.582454302000031 ], [ -91.280792416999986, 15.581470146000072 ], [ -91.30960619199999, 15.562182859000075 ], [ -91.31953112299999, 15.555507850000026 ], [ -91.319628836999982, 15.537713883000038 ], [ -91.32480557599996, 15.533946230000026 ], [ -91.331012490999967, 15.527821796000069 ], [ -91.334420749999936, 15.521716723000054 ], [ -91.335530420999987, 15.519700689000047 ], [ -91.335929304999979, 15.517688326000041 ], [ -91.338147902999935, 15.51359069800003 ], [ -91.338361204999956, 15.510958992000042 ], [ -91.340611859999967, 15.503925492000064 ], [ -91.340678941999954, 15.501214728000036 ], [ -91.34026708, 15.497278041000072 ], [ -91.339078564999966, 15.494093545000055 ], [ -91.337844641999936, 15.490909835000025 ], [ -91.336225901999967, 15.487122227000043 ], [ -91.335038345999976, 15.484413327000027 ], [ -91.334293036999952, 15.47972401100003 ], [ -91.334794373999955, 15.477196141000036 ], [ -91.335126422999963, 15.475733426000033 ], [ -91.335873478999986, 15.473940569000035 ], [ -91.336920616999976, 15.471838168000033 ], [ -91.33822405699999, 15.467539293000073 ], [ -91.340773517999935, 15.459473163000041 ], [ -91.341410697999947, 15.454566003000025 ], [ -91.341424372999938, 15.451309183000035 ], [ -91.339897358999963, 15.443261074000077 ], [ -91.339527389999944, 15.435011499000041 ], [ -91.339821582999946, 15.431848281000043 ], [ -91.341522749999967, 15.426619186000039 ], [ -91.345127279999986, 15.421841456000038 ], [ -91.347943062999946, 15.418703766000021 ], [ -91.351315537999938, 15.414887823000072 ], [ -91.35440399099997, 15.412223146000031 ], [ -91.356915382999944, 15.409626453000044 ], [ -91.364475839999955, 15.402969462000044 ], [ -91.368225172999985, 15.400332013000025 ], [ -91.370883815999946, 15.397776879000048 ], [ -91.37462401099998, 15.394419608000078 ], [ -91.378882239999939, 15.387681385000064 ], [ -91.381223614999953, 15.379884124000057 ], [ -91.38147178, 15.373456659000055 ], [ -91.378183245999935, 15.36409894600007 ], [ -91.375545177999982, 15.358053778000055 ], [ -91.374907243999985, 15.355637165000076 ], [ -91.374771679999981, 15.354425114000037 ], [ -91.376333362999958, 15.354670345000045 ], [ -91.38003970699998, 15.355882393000059 ], [ -91.38958071199994, 15.359990314000072 ], [ -91.393351825999957, 15.360978935000048 ], [ -91.398502089999965, 15.361434010000039 ], [ -91.40457599299998, 15.360469852000051 ], [ -91.40915696199994, 15.359925301000033 ], [ -91.418038788999979, 15.358071347000077 ], [ -91.429162474999941, 15.358139853000068 ], [ -91.435821111999985, 15.356650217000038 ], [ -91.439125052999941, 15.355517638000038 ], [ -91.443209209999964, 15.354124962000071 ], [ -91.446283968999978, 15.353036990000078 ], [ -91.450999101999969, 15.35195585300005 ], [ -91.452955530999986, 15.351972826000065 ], [ -91.458976084999961, 15.354416395000044 ], [ -91.463058296999975, 15.356294003000073 ], [ -91.46548710799999, 15.358113845000048 ], [ -91.466078058999983, 15.358503161000044 ], [ -91.46962594699994, 15.36102659900007 ], [ -91.473370450999937, 15.363743394000039 ], [ -91.476585326999952, 15.365570771000023 ], [ -91.490037797999946, 15.372679395000034 ], [ -91.492710889999955, 15.374270154000044 ], [ -91.495674154999961, 15.375429009000072 ], [ -91.497933291999971, 15.37597525800004 ], [ -91.50006627, 15.375928627000064 ], [ -91.512482482999985, 15.377990176000026 ], [ -91.515663697999969, 15.378406836000067 ], [ -91.517351192999968, 15.379199893000077 ], [ -91.519982757999969, 15.379625258000033 ], [ -91.52289254499999, 15.379321463000053 ], [ -91.522064764999982, 15.38450057600005 ], [ -91.518330892999984, 15.391326786000036 ], [ -91.515581719999943, 15.395068387000038 ], [ -91.515051049999954, 15.396741444000043 ], [ -91.511532544999966, 15.404494219000071 ], [ -91.511353209999982, 15.405883783000036 ], [ -91.510745359999987, 15.406364393000047 ], [ -91.507322593999959, 15.41631852200004 ], [ -91.506069853999975, 15.423997118000045 ], [ -91.505988564999939, 15.426976930000023 ], [ -91.50637044399997, 15.434406668000065 ], [ -91.506962840999961, 15.436099667000065 ], [ -91.50695587499996, 15.437725370000067 ], [ -91.51139623499995, 15.449201008000045 ], [ -91.512743695999973, 15.454382181000028 ], [ -91.51253010399995, 15.460806929000057 ], [ -91.511310071999958, 15.463061680000067 ], [ -91.509843056999955, 15.471176043000071 ], [ -91.510812818999966, 15.47566551500006 ], [ -91.512263904999941, 15.478749398000048 ], [ -91.510591226999964, 15.480340166000076 ], [ -91.509969618999946, 15.484743234000064 ], [ -91.509489046999988, 15.487588162000065 ], [ -91.509931606999942, 15.495578648000048 ], [ -91.509649355999954, 15.499845032000053 ], [ -91.512276422999946, 15.523145099000033 ], [ -91.511826284999984, 15.531397309000056 ], [ -91.510555509999961, 15.537402502000077 ], [ -91.508389937999937, 15.54190920700006 ], [ -91.505496860999983, 15.544829269000047 ], [ -91.500127514999974, 15.547793465000041 ], [ -91.496696769999971, 15.54970086000003 ], [ -91.494765762999975, 15.55057567800003 ], [ -91.487862290999942, 15.555875569000023 ], [ -91.486942715999987, 15.55747690100003 ], [ -91.486098929999969, 15.560666059000027 ], [ -91.486192828999947, 15.563841319000062 ], [ -91.48690899199994, 15.566155465000065 ], [ -91.48776787099996, 15.567761103000066 ], [ -91.488444774999948, 15.569231045000038 ], [ -91.490380280999943, 15.573996084000044 ], [ -91.491551301999948, 15.576758465000069 ], [ -91.492611110999974, 15.582228112000053 ], [ -91.492810979999945, 15.586227691000033 ], [ -91.492333482999982, 15.588888388000044 ], [ -91.49160578499999, 15.591651300000024 ], [ -91.489319356999943, 15.595880095000041 ], [ -91.486122068999975, 15.599126476000038 ], [ -91.481893531999958, 15.601276603000031 ], [ -91.475901049999948, 15.603371480000021 ], [ -91.46856997499998, 15.605265929000041 ], [ -91.466410632999953, 15.605564937000054 ], [ -91.465414737999936, 15.60342276700004 ], [ -91.461904235999953, 15.600691360000042 ], [ -91.458390977999954, 15.598419691000061 ], [ -91.45472368899999, 15.595636245000037 ], [ -91.451575090999938, 15.593877682000027 ], [ -91.447995603999971, 15.593393771000024 ], [ -91.443359602999976, 15.593360996000058 ], [ -91.440344797999956, 15.594819582000071 ], [ -91.437341812999989, 15.601794683000037 ], [ -91.43761516099994, 15.607414776000041 ], [ -91.437061605999986, 15.610934468000039 ], [ -91.435281473999964, 15.613251294000065 ], [ -91.430044476999967, 15.618148563000034 ], [ -91.427995416999977, 15.618793660000051 ], [ -91.424920756999938, 15.618791958000031 ], [ -91.422593071999984, 15.61844536600006 ], [ -91.419858569999974, 15.618172644000026 ], [ -91.415132600999982, 15.617191874000071 ], [ -91.409821930999954, 15.616532131000042 ], [ -91.399707499999977, 15.614726799000039 ], [ -91.386062490999961, 15.613205764000043 ], [ -91.379826603999959, 15.613647878000052 ], [ -91.376475994999964, 15.614289656000039 ], [ -91.36857665399998, 15.61649615500005 ], [ -91.364901907999979, 15.617579309000064 ], [ -91.358770353999944, 15.620788202000028 ], [ -91.354677716999959, 15.623898101000066 ], [ -91.349523726999962, 15.626692659000071 ], [ -91.346178247999944, 15.627460507000023 ], [ -91.342707386999962, 15.627001651000057 ], [ -91.340263600999947, 15.627191043000039 ], [ -91.336030703999938, 15.628783464000037 ], [ -91.332546517999958, 15.631269417000055 ], [ -91.326952787999971, 15.63489940200003 ], [ -91.320173121999971, 15.640401045000033 ], [ -91.309422895999944, 15.647735804000035 ], [ -91.303781344999948, 15.648297713000034 ], [ -91.297598522999976, 15.647627331000024 ], [ -91.296004176999986, 15.647421769000061 ], [ -91.289310778999948, 15.645069650000039 ], [ -91.281995699999982, 15.644449870000074 ], [ -91.27679147799995, 15.64416953500006 ], [ -91.263205770999946, 15.644705085000055 ], [ -91.250954941999964, 15.643798856000046 ], [ -91.242442162999964, 15.64374093400005 ], [ -91.237823635999973, 15.642744803000028 ], [ -91.231408832999989, 15.639425137000046 ] ] ] ] } },
{ "type": "Feature", "properties": { "Codigo": 901, "datos_finales_color_riesgo": "732600" }, "geometry": { "type": "MultiPolygon", "coordinates": [ [ [ [ -91.488352345999942, 14.88507170400004 ], [ -91.482222551999939, 14.875591574000055 ], [ -91.48117051, 14.872955521000051 ], [ -91.479162654999982, 14.870455493000065 ], [ -91.475456258999941, 14.86236739800006 ], [ -91.473562937999986, 14.859707658000048 ], [ -91.471181589999958, 14.855674192000038 ], [ -91.472523871999954, 14.848802535000061 ], [ -91.47257925599996, 14.846374927000056 ], [ -91.471502046999944, 14.844955493000043 ], [ -91.46844056499998, 14.843844843000056 ], [ -91.464844263999964, 14.843801646000031 ], [ -91.462801603999935, 14.842919169000027 ], [ -91.460781219999944, 14.840696867000077 ], [ -91.459850784999958, 14.836935139000047 ], [ -91.45908936099994, 14.832435644000043 ], [ -91.458946345999948, 14.827289519000033 ], [ -91.460983203999945, 14.823628997000071 ], [ -91.473849985999948, 14.825338229000067 ], [ -91.479167128999961, 14.82805449600005 ], [ -91.48153380299999, 14.830181769000035 ], [ -91.482809299999985, 14.830731369000034 ], [ -91.48862520199998, 14.830235242000072 ], [ -91.49154605199999, 14.829507596000042 ], [ -91.492804809999939, 14.82845267700003 ], [ -91.493666916999985, 14.826727426000048 ], [ -91.496600221999984, 14.823345818000064 ], [ -91.500049063999938, 14.821317676000035 ], [ -91.501767890999986, 14.819889462000049 ], [ -91.502668012999948, 14.81565844000005 ], [ -91.502506408999977, 14.810950501000036 ], [ -91.501473776999944, 14.806331802000045 ], [ -91.500199209999948, 14.800844944000062 ], [ -91.502164066999967, 14.798822888000075 ], [ -91.503819097999951, 14.797607765000066 ], [ -91.504869829999961, 14.796708453000065 ], [ -91.50618144799995, 14.795866187000058 ], [ -91.507730124999966, 14.795168939000064 ], [ -91.509621768999978, 14.79424227800007 ], [ -91.510682583999937, 14.79347632300005 ], [ -91.510924380999938, 14.793013519000056 ], [ -91.510962179999979, 14.79249403700004 ], [ -91.510783913999944, 14.791985589000035 ], [ -91.510176681999951, 14.791119598000023 ], [ -91.509716394999941, 14.790332515000046 ], [ -91.509448701999986, 14.789656273000048 ], [ -91.509252021999941, 14.788528550000024 ], [ -91.509360916999981, 14.787546294000038 ], [ -91.509707702999947, 14.786587041000075 ], [ -91.510006011999963, 14.786179965000031 ], [ -91.51075835599994, 14.785687694000046 ], [ -91.511577917999944, 14.785384538000073 ], [ -91.512521034999963, 14.785268596000037 ], [ -91.514432566999972, 14.785243630000025 ], [ -91.515339750999942, 14.784861933000059 ], [ -91.515844137999977, 14.784201961000065 ], [ -91.51680780099997, 14.782683999000028 ], [ -91.517246071999978, 14.781669958000066 ], [ -91.51736750799995, 14.780544282000051 ], [ -91.517189540999937, 14.779990647000034 ], [ -91.516717847999985, 14.779257736000034 ], [ -91.516041210999958, 14.778524636000043 ], [ -91.515251946999967, 14.777790813000024 ], [ -91.513128947999974, 14.776053006000041 ], [ -91.511731472999941, 14.774519844000054 ], [ -91.510767320999946, 14.772702489000039 ], [ -91.510012641999936, 14.770222137000076 ], [ -91.509824854999977, 14.767790636000029 ], [ -91.509859236999944, 14.76606785000007 ], [ -91.510209209999971, 14.764634079000075 ], [ -91.511199642999941, 14.762585280000053 ], [ -91.51154762699997, 14.761526600000025 ], [ -91.511785432999943, 14.759937313000023 ], [ -91.51188515299998, 14.758591181000043 ], [ -91.512144669999941, 14.757222353000031 ], [ -91.512560558999951, 14.756164107000075 ], [ -91.512882293999951, 14.755548153000063 ], [ -91.513453027999958, 14.755110056000035 ], [ -91.514660610999954, 14.754498664000039 ], [ -91.51645750199998, 14.754046968000068 ], [ -91.518434017999937, 14.753815599000063 ], [ -91.520162230999972, 14.753474157000028 ], [ -91.521504436999976, 14.753039845000046 ], [ -91.52373247, 14.752612314000032 ], [ -91.526819247999981, 14.752765330000045 ], [ -91.52797779399998, 14.752706049000039 ], [ -91.529091368999957, 14.75251428200005 ], [ -91.531596226999966, 14.751491873000077 ], [ -91.532461808999983, 14.751055597000061 ], [ -91.533803973999966, 14.750622339000074 ], [ -91.535030873999972, 14.750496795000061 ], [ -91.536691430999952, 14.750109602000066 ], [ -91.539695310999946, 14.749024725000027 ], [ -91.541653246999942, 14.748263131000044 ], [ -91.543091367999978, 14.747101663000024 ], [ -91.544328377999989, 14.745451950000074 ], [ -91.54545350099994, 14.743514539000046 ], [ -91.546319183999969, 14.741829713000072 ], [ -91.551075028999946, 14.741859551000061 ], [ -91.559230411999977, 14.741874335000034 ], [ -91.563874217999967, 14.741731472000026 ], [ -91.565945521999936, 14.74243128300003 ], [ -91.567636488999938, 14.743326449000051 ], [ -91.569527878999963, 14.745001322000064 ], [ -91.572328911999989, 14.749178814000061 ], [ -91.573892593999972, 14.753495533000034 ], [ -91.574710319999951, 14.756921827000042 ], [ -91.575579050999977, 14.758937225000068 ], [ -91.576284409999971, 14.761169679000034 ], [ -91.577336797999976, 14.763605386000052 ], [ -91.577700564999986, 14.76462563900003 ], [ -91.578473601999974, 14.766455141000051 ], [ -91.579173933999982, 14.76839605300006 ], [ -91.57956705, 14.769369031000053 ], [ -91.580470471999945, 14.771241133000046 ], [ -91.582511653999973, 14.775921178000033 ], [ -91.582957454999985, 14.777727193000032 ], [ -91.584226014999956, 14.780514465000067 ], [ -91.586546010999939, 14.785918185000071 ], [ -91.588083496999957, 14.788255142000025 ], [ -91.588362279999956, 14.791835157000037 ], [ -91.587340463999965, 14.799621635000051 ], [ -91.586168683999972, 14.802757755000073 ], [ -91.584310486999982, 14.805807167000069 ], [ -91.582736671999953, 14.811551919000067 ], [ -91.583175270999959, 14.81751016000004 ], [ -91.58101869699999, 14.818641436000064 ], [ -91.578402685999947, 14.82209737900007 ], [ -91.574861909999981, 14.825311417000023 ], [ -91.573079059999941, 14.826642649000064 ], [ -91.571920337999984, 14.827995816000055 ], [ -91.571632208999972, 14.829601823000075 ], [ -91.572125037999967, 14.836894759000074 ], [ -91.572498334999977, 14.839570332000051 ], [ -91.575402519999955, 14.849624919000064 ], [ -91.575953520999974, 14.854172644000073 ], [ -91.575953074999973, 14.855392891000065 ], [ -91.57325173199996, 14.857162441000071 ], [ -91.569108910999944, 14.860936386000049 ], [ -91.565106781999987, 14.864141676000031 ], [ -91.56355915499995, 14.865503645000047 ], [ -91.560035438999989, 14.868714083000043 ], [ -91.558908348999978, 14.871377983000059 ], [ -91.559109693999972, 14.875434292000023 ], [ -91.560005686999943, 14.879676870000026 ], [ -91.559859218999975, 14.882927667000047 ], [ -91.558438722999938, 14.882876937000049 ], [ -91.556850396999948, 14.882558499000027 ], [ -91.55558451099995, 14.881621792000033 ], [ -91.554366586999947, 14.880288803000042 ], [ -91.552789490999942, 14.878290320000076 ], [ -91.551756654999963, 14.876471521000042 ], [ -91.551080062999972, 14.874627854000039 ], [ -91.548826535999979, 14.870863643000064 ], [ -91.545564138999964, 14.868491777000031 ], [ -91.542658530999972, 14.867578506000029 ], [ -91.536931443999947, 14.868018869000025 ], [ -91.533296302999986, 14.868662277000055 ], [ -91.531710622999981, 14.86960685400004 ], [ -91.524861728999952, 14.872122022000042 ], [ -91.523300350999989, 14.873242946000062 ], [ -91.517190684999946, 14.875077943000065 ], [ -91.512786398999935, 14.87461219100004 ], [ -91.510077175999982, 14.872858062000034 ], [ -91.506785486999945, 14.871600631000035 ], [ -91.502886002999958, 14.871732270000052 ], [ -91.500709949999987, 14.872103335000077 ], [ -91.496402358999944, 14.875891701000057 ], [ -91.496808768999983, 14.884552218000067 ], [ -91.494914149999943, 14.885196216000054 ], [ -91.488352345999942, 14.88507170400004 ] ] ] ] } },
{ "type": "Feature", "properties": { "Codigo": 1202, "datos_finales_color_riesgo": "732600" }, "geometry": { "type": "MultiPolygon", "coordinates": [ [ [ [ -91.704139902999941, 15.007806907000031 ], [ -91.704389264999975, 15.002209666000056 ], [ -91.704798113999971, 15.001686588000041 ], [ -91.706785872999944, 15.001501283000039 ], [ -91.705856618999974, 14.985336133000033 ], [ -91.706057482999938, 14.980923870000026 ], [ -91.706461041999944, 14.97914430000003 ], [ -91.707296963999966, 14.978045124000062 ], [ -91.708307668999964, 14.976969531000066 ], [ -91.709295648999955, 14.975998889000039 ], [ -91.710181459999944, 14.975493182000037 ], [ -91.711573087999966, 14.974757570000065 ], [ -91.712841002999937, 14.974300337000045 ], [ -91.714275542999985, 14.974064369000075 ], [ -91.715369952999936, 14.974244543000054 ], [ -91.71681330199999, 14.974871857000039 ], [ -91.718288100999985, 14.975880122000035 ], [ -91.719630405999965, 14.977084237000042 ], [ -91.722651267999936, 14.980620850000037 ], [ -91.723626878999937, 14.98104438200005 ], [ -91.724936484999944, 14.981008772000052 ], [ -91.726199842999961, 14.980832790000022 ], [ -91.730375678999962, 14.978355584000042 ], [ -91.736975973999961, 14.976386639000054 ], [ -91.741300913999964, 14.974416247000022 ], [ -91.743275448999952, 14.972666723000032 ], [ -91.744812286999945, 14.971126066000068 ], [ -91.746330894999971, 14.969518630000039 ], [ -91.74934660699995, 14.964488952000067 ], [ -91.750444612999956, 14.961037402000045 ], [ -91.751420049999979, 14.952146852000055 ], [ -91.751634255999988, 14.94645659300005 ], [ -91.751033363999966, 14.944655597000065 ], [ -91.749084497999945, 14.941228045000059 ], [ -91.744946571999947, 14.936241607000056 ], [ -91.743252449999943, 14.935298981000074 ], [ -91.737692790999972, 14.933723749000023 ], [ -91.736652462999984, 14.933367728000064 ], [ -91.735325037999985, 14.932724244000042 ], [ -91.73368844, 14.931694868000022 ], [ -91.729394293999974, 14.928171693000024 ], [ -91.72739999199996, 14.925932407000062 ], [ -91.725550444999953, 14.923883739000075 ], [ -91.725493622999977, 14.920904962000066 ], [ -91.725102749999962, 14.919597730000078 ], [ -91.724261979999937, 14.917831503000059 ], [ -91.72264071699999, 14.916201030000025 ], [ -91.721962178999945, 14.915696687000036 ], [ -91.720872970999949, 14.915373097000042 ], [ -91.71989173899999, 14.915261400000077 ], [ -91.719060678999938, 14.915005909000058 ], [ -91.716893471999981, 14.913059356000076 ], [ -91.715433183999949, 14.91143764800006 ], [ -91.713797595999949, 14.90901044900005 ], [ -91.713017760999946, 14.907668251000075 ], [ -91.712703213999987, 14.905949015000033 ], [ -91.71265757599997, 14.904732970000055 ], [ -91.712822210999946, 14.900198420000038 ], [ -91.714498120999963, 14.89924514300003 ], [ -91.715898925999966, 14.898637194000059 ], [ -91.718153006999955, 14.897757183000067 ], [ -91.719575985999938, 14.89712899500006 ], [ -91.720017366999969, 14.896366508000028 ], [ -91.720260172999986, 14.895879740000055 ], [ -91.720678090999968, 14.895351011000059 ], [ -91.722412842999972, 14.893668072000025 ], [ -91.723091867999983, 14.89328994300007 ], [ -91.724162977999981, 14.893019078000066 ], [ -91.725014103999968, 14.893109687000049 ], [ -91.725579798999945, 14.893430342000045 ], [ -91.726187555999957, 14.894007720000047 ], [ -91.726818268999978, 14.894436074000055 ], [ -91.727427912999985, 14.894693691000043 ], [ -91.728169840999954, 14.894782556000052 ], [ -91.728737532999958, 14.894764237000061 ], [ -91.729351151999936, 14.89434392000004 ], [ -91.729790129999969, 14.893984777000071 ], [ -91.730578112999979, 14.893649036000056 ], [ -91.731276008999941, 14.893717308000078 ], [ -91.732103706999965, 14.894040526000026 ], [ -91.732735675999947, 14.894256446000043 ], [ -91.733477360999984, 14.894387097000049 ], [ -91.734285345999979, 14.894306817000029 ], [ -91.734723561999942, 14.894076473000041 ], [ -91.735184149999952, 14.893695972000046 ], [ -91.735919319999937, 14.893250317000025 ], [ -91.73725628599999, 14.894709639000041 ], [ -91.740195967999966, 14.897793565000029 ], [ -91.743336007999972, 14.90030342600005 ], [ -91.744232586999942, 14.90117951600007 ], [ -91.749509600999943, 14.903680665000024 ], [ -91.756641052999953, 14.908946546000038 ], [ -91.770024449999937, 14.922497816000032 ], [ -91.770942272999946, 14.924272226000028 ], [ -91.771634626999969, 14.925336952000066 ], [ -91.772410531999981, 14.927038280000033 ], [ -91.772477210999966, 14.930645387000027 ], [ -91.77253656399995, 14.931653606000054 ], [ -91.772895829999982, 14.932339145000071 ], [ -91.77381421299998, 14.933410730000048 ], [ -91.774944176999952, 14.934265367000023 ], [ -91.776317803999973, 14.935497574000067 ], [ -91.776438789999986, 14.936194262000072 ], [ -91.776368248999972, 14.93715884900007 ], [ -91.776299402999939, 14.937721187000022 ], [ -91.776022443999977, 14.938196536000078 ], [ -91.775487271999964, 14.938607226000045 ], [ -91.774700479999979, 14.938815436000027 ], [ -91.774153059999946, 14.939131142000065 ], [ -91.773820953999973, 14.939903367000056 ], [ -91.773508582999966, 14.940985296000065 ], [ -91.773724159999972, 14.941600007000034 ], [ -91.774246352999967, 14.942044612000075 ], [ -91.77602329399997, 14.942662041000062 ], [ -91.779216155999961, 14.942902848000074 ], [ -91.781173219999971, 14.942805952000072 ], [ -91.782269425999971, 14.943066031000058 ], [ -91.783097251999948, 14.943517897000049 ], [ -91.783943956999963, 14.944436524000025 ], [ -91.786576452999952, 14.953508099000032 ], [ -91.788944824999987, 14.959249453000041 ], [ -91.790494506999948, 14.963119798000037 ], [ -91.790837579999959, 14.964224434000073 ], [ -91.791701400999955, 14.965841430000069 ], [ -91.79326098599995, 14.968062104000069 ], [ -91.795078371999978, 14.97022650100007 ], [ -91.795710218999943, 14.971036613000024 ], [ -91.796615274999965, 14.971836868000025 ], [ -91.798537903999943, 14.973482024000077 ], [ -91.800302214999988, 14.975070966000033 ], [ -91.802203343999963, 14.976517115000036 ], [ -91.803899360999935, 14.97806386600007 ], [ -91.804837432999989, 14.979104942000049 ], [ -91.806758719999948, 14.981015567000043 ], [ -91.808916951999947, 14.983281088000069 ], [ -91.810869983999964, 14.985666423000055 ], [ -91.812099798999952, 14.987145152000039 ], [ -91.813726300999974, 14.989205602000027 ], [ -91.815397658999984, 14.991147632000036 ], [ -91.816072400999985, 14.99253193100003 ], [ -91.816846366999982, 14.994370981000031 ], [ -91.817191477999984, 14.995665429000042 ], [ -91.817188198999986, 14.996262022000053 ], [ -91.817034134999972, 14.997431844000062 ], [ -91.816779106999945, 14.998358203000066 ], [ -91.8166044, 14.999053341000035 ], [ -91.81649803199997, 14.999792901000035 ], [ -91.816379519999941, 15.000732398000025 ], [ -91.816260127999954, 15.00172612700004 ], [ -91.81581684799994, 15.004220996000072 ], [ -91.815810041999953, 15.006935081000051 ], [ -91.81485128199995, 15.008562858000062 ], [ -91.806986802999972, 15.013469774000043 ], [ -91.80613155399999, 15.013816699000074 ], [ -91.80040464199999, 15.01675491900005 ], [ -91.796082103999936, 15.017909475000067 ], [ -91.795781622999982, 15.018315792000067 ], [ -91.793345082999963, 15.018791011000076 ], [ -91.78892192699999, 15.021489507000069 ], [ -91.786229216999971, 15.021306792000075 ], [ -91.782249459999946, 15.017955617000041 ], [ -91.779777112999966, 15.015725448000069 ], [ -91.777989138999942, 15.015307948000043 ], [ -91.776755348999984, 15.015873060000047 ], [ -91.775440217999972, 15.017246756000077 ], [ -91.771976600999949, 15.017709431000071 ], [ -91.770110126999953, 15.015874520000068 ], [ -91.769621584999982, 15.015007485000069 ], [ -91.76706510799994, 15.012881818000039 ], [ -91.762860767999939, 15.008942685000022 ], [ -91.761947013999986, 15.00682475900004 ], [ -91.761248818999945, 15.006540741000038 ], [ -91.759616351999966, 15.002662997000073 ], [ -91.759176795999963, 15.001578136000035 ], [ -91.758789561999947, 14.999887922000028 ], [ -91.75853233, 14.999037948000023 ], [ -91.757734761999984, 14.99764831400006 ], [ -91.756459290999942, 14.996083190000036 ], [ -91.755294236999987, 14.995126563000042 ], [ -91.754079947999969, 14.994744791000073 ], [ -91.751580578999949, 14.994565007000062 ], [ -91.748283174999983, 14.994789845000071 ], [ -91.745257896999988, 14.995094096000059 ], [ -91.742198843999972, 14.995408290000057 ], [ -91.740015009999979, 14.99563915300007 ], [ -91.738468562999969, 14.995806860000073 ], [ -91.737103958999967, 14.995888560000026 ], [ -91.735342142999968, 14.995911553000042 ], [ -91.733773872999961, 14.995836175000022 ], [ -91.732706078999968, 14.995753403000037 ], [ -91.732069730999967, 14.995738561000053 ], [ -91.731410191999942, 14.995812854000064 ], [ -91.730658367999979, 14.996061765000036 ], [ -91.730269782999983, 14.996413261000043 ], [ -91.72990269, 14.996963742000048 ], [ -91.729671003999954, 14.997713841000063 ], [ -91.729282933999968, 14.998961359000077 ], [ -91.728986911999982, 14.999975497000037 ], [ -91.72845332199995, 15.001552133000075 ], [ -91.727812995999955, 15.001912388000051 ], [ -91.722290707999946, 15.002202358000034 ], [ -91.719202573999951, 15.004648205000024 ], [ -91.718417984999974, 15.005218912000032 ], [ -91.715156606999983, 15.005418599000052 ], [ -91.713502313999982, 15.006306401000074 ], [ -91.71126432899996, 15.009635995000053 ], [ -91.71051251199998, 15.012392091000038 ], [ -91.709451289999947, 15.013624447000041 ], [ -91.708131255999945, 15.013428262000048 ], [ -91.706682791999981, 15.012165842000059 ], [ -91.706135072999984, 15.010166192000042 ], [ -91.704139902999941, 15.007806907000031 ] ] ] ] } },
{ "type": "Feature", "properties": { "Codigo": 108, "datos_finales_color_riesgo": "732600" }, "geometry": { "type": "MultiPolygon", "coordinates": [ [ [ [ -90.525051685999983, 14.707485267000038 ], [ -90.524970457999984, 14.703421328000047 ], [ -90.525388542999963, 14.701015956000049 ], [ -90.524918695999986, 14.699161215000061 ], [ -90.522808201999965, 14.694547113000056 ], [ -90.520955735999962, 14.692622263000032 ], [ -90.51614310299999, 14.690766226000051 ], [ -90.515851513999962, 14.688133074000064 ], [ -90.516941088999943, 14.685748464000028 ], [ -90.518708261999961, 14.684070098000063 ], [ -90.522845224999969, 14.682099702000073 ], [ -90.524129526999957, 14.681934985000055 ], [ -90.527688214999955, 14.680059953000068 ], [ -90.528184817999943, 14.679586433000054 ], [ -90.53030520599998, 14.674539738000021 ], [ -90.531401741999957, 14.673116103000041 ], [ -90.532030151999948, 14.671696520000069 ], [ -90.532223322999982, 14.669262745000026 ], [ -90.529299929999979, 14.665094042000021 ], [ -90.53004079499999, 14.663057951000042 ], [ -90.532904063999979, 14.659443096000075 ], [ -90.536196366999945, 14.657647474000044 ], [ -90.537668878999966, 14.657494817000043 ], [ -90.53835984899996, 14.657215301000065 ], [ -90.545275277999963, 14.653845271000023 ], [ -90.547026114999937, 14.653174891000049 ], [ -90.553055256999983, 14.652145277000045 ], [ -90.558790580999982, 14.652505956000027 ], [ -90.563242650999939, 14.651434658000028 ], [ -90.566061829999967, 14.649336598000048 ], [ -90.56670664699999, 14.643144655000071 ], [ -90.565492813999981, 14.636209389000044 ], [ -90.565881222999963, 14.63301529000006 ], [ -90.567259128999979, 14.631013903000053 ], [ -90.569102986999951, 14.629932097000051 ], [ -90.571288489999972, 14.629685003000077 ], [ -90.572769413999936, 14.628592603000072 ], [ -90.573819870999955, 14.624981885000068 ], [ -90.574220826999976, 14.621475064000037 ], [ -90.573389807999945, 14.616832888000033 ], [ -90.572360824999976, 14.612160420000066 ], [ -90.572136855999986, 14.597015291000048 ], [ -90.573362914999962, 14.592439692000028 ], [ -90.575176094999961, 14.589572037000039 ], [ -90.576351078999949, 14.588644658000021 ], [ -90.576946239999984, 14.586658741000065 ], [ -90.577451661999987, 14.58126702900006 ], [ -90.579025711999975, 14.579310451000026 ], [ -90.581196981999938, 14.57962995500003 ], [ -90.586313749999988, 14.577644477000035 ], [ -90.58902543399995, 14.577106693000076 ], [ -90.597644748999983, 14.57681152300006 ], [ -90.602623943999959, 14.579006130000039 ], [ -90.603679521999936, 14.580259222000052 ], [ -90.604902325999944, 14.580900800000052 ], [ -90.608448365999948, 14.581705082000042 ], [ -90.60883632499997, 14.58212803300006 ], [ -90.612854034999941, 14.58269427700003 ], [ -90.612358903999962, 14.585381541000061 ], [ -90.612897180999937, 14.588857483000027 ], [ -90.613663138999982, 14.589985612000078 ], [ -90.617100230999938, 14.591340916000036 ], [ -90.621784260999959, 14.591971429000068 ], [ -90.622936663999951, 14.592647219000071 ], [ -90.625955592999958, 14.593157919000078 ], [ -90.629213036999943, 14.594463802000064 ], [ -90.634674356999938, 14.597736731000055 ], [ -90.636460569999898, 14.600153568000053 ], [ -90.636627189999956, 14.60122023200006 ], [ -90.637150477999967, 14.601847803000055 ], [ -90.63764495099997, 14.605878939000036 ], [ -90.638406909999958, 14.607561481000062 ], [ -90.638278520999961, 14.612143075000063 ], [ -90.636486080999987, 14.61442087100005 ], [ -90.635632978999979, 14.615566410000042 ], [ -90.633305552999957, 14.617056105000074 ], [ -90.632712144999971, 14.618208787000071 ], [ -90.63307004, 14.621014325000033 ], [ -90.635346530999982, 14.623040899000046 ], [ -90.639202126999976, 14.622958037000046 ], [ -90.641095066999981, 14.624416004000068 ], [ -90.643271874999982, 14.626392945000077 ], [ -90.639434416999961, 14.641743695000059 ], [ -90.639190731999975, 14.646303782000075 ], [ -90.638527178999936, 14.653184924000072 ], [ -90.632381569999893, 14.656582722000053 ], [ -90.630694625999979, 14.65871353700004 ], [ -90.630580950999956, 14.661139329000036 ], [ -90.630150862999983, 14.661436477000052 ], [ -90.629900333999956, 14.663588697000023 ], [ -90.628473765999956, 14.665232010000068 ], [ -90.624476117999961, 14.66669431300005 ], [ -90.618101316999969, 14.667044632000056 ], [ -90.61598042199995, 14.666538393000053 ], [ -90.609377020999943, 14.66321130700004 ], [ -90.606334304999962, 14.663582021000025 ], [ -90.603118225999935, 14.665545503000033 ], [ -90.597089524999944, 14.668735654000045 ], [ -90.591695267999967, 14.669323493000036 ], [ -90.585081899999977, 14.671857875000057 ], [ -90.58026522199998, 14.676354305000075 ], [ -90.577534595999964, 14.680814792000035 ], [ -90.575870491999979, 14.68202044800006 ], [ -90.570307903999947, 14.683640410000066 ], [ -90.569797849999986, 14.684234724000078 ], [ -90.564381888999947, 14.685230438000076 ], [ -90.560525514999938, 14.687389775000042 ], [ -90.556461807999938, 14.690504486000066 ], [ -90.555268355999942, 14.691831238000077 ], [ -90.550505677999979, 14.696959855000046 ], [ -90.547292316999972, 14.702077641000074 ], [ -90.543258606999984, 14.705736675000026 ], [ -90.536984930999949, 14.709812231000058 ], [ -90.536213584999985, 14.70901918900006 ], [ -90.534136843999988, 14.708344383000053 ], [ -90.530857352999988, 14.70774030900003 ], [ -90.525051685999983, 14.707485267000038 ] ] ] ] } },
{ "type": "Feature", "properties": { "Codigo": 1304, "datos_finales_color_riesgo": "732600" }, "geometry": { "type": "MultiPolygon", "coordinates": [ [ [ [ -91.866823066999984, 15.44153891600007 ], [ -91.866836872999954, 15.439639591000059 ], [ -91.86563533399999, 15.437374743000078 ], [ -91.865436994999982, 15.435822353000049 ], [ -91.865924721999988, 15.43299440100003 ], [ -91.865099995999969, 15.428704406000065 ], [ -91.864709946999938, 15.421811034000029 ], [ -91.864765478999971, 15.419093862000068 ], [ -91.865271298999971, 15.417430938000052 ], [ -91.867073629999936, 15.413599540000064 ], [ -91.867051639999943, 15.412820914000065 ], [ -91.86756552899999, 15.412564778000046 ], [ -91.869183791999944, 15.407753901000035 ], [ -91.872483294999938, 15.401530100000059 ], [ -91.874284307999972, 15.397890694000068 ], [ -91.875914094999985, 15.395434571000067 ], [ -91.877798968999969, 15.388402381000049 ], [ -91.879176849999965, 15.385989022000047 ], [ -91.880213671999968, 15.381684696000036 ], [ -91.880808928999954, 15.381111424000039 ], [ -91.881849713999941, 15.371139370000037 ], [ -91.88188239599998, 15.36544469200004 ], [ -91.881205026999965, 15.362207426000055 ], [ -91.882784246999961, 15.360756609000077 ], [ -91.887164487999939, 15.358012446000032 ], [ -91.889390130999971, 15.356081188000076 ], [ -91.894239535999986, 15.353324522000037 ], [ -91.898882746999959, 15.350005142000043 ], [ -91.904372585999965, 15.346083039000064 ], [ -91.90540361799998, 15.345871153000076 ], [ -91.905883872999937, 15.345213624000053 ], [ -91.910995025999966, 15.342191178000064 ], [ -91.911591839999971, 15.341617818000032 ], [ -91.924104375999946, 15.332652482000071 ], [ -91.933047129999977, 15.325206085000048 ], [ -91.937123000999975, 15.322057130000076 ], [ -91.94553786299997, 15.321498132000045 ], [ -91.953759844999979, 15.321557128000052 ], [ -91.956342218999964, 15.320979370000032 ], [ -91.963141871999937, 15.312913726000033 ], [ -91.971612044999972, 15.304765131000067 ], [ -91.976913277999984, 15.29889440900007 ], [ -91.97742134799995, 15.298793903000046 ], [ -91.978926958999978, 15.296684351000067 ], [ -91.98026981199996, 15.298733459000061 ], [ -91.980994736999946, 15.300372955000057 ], [ -91.982067425999958, 15.301240007000047 ], [ -91.98459298099999, 15.304899029000069 ], [ -91.98783281599998, 15.311356806000049 ], [ -91.990681437999967, 15.31433585700006 ], [ -91.991862867999941, 15.315493760000038 ], [ -91.992546359999949, 15.31596803900004 ], [ -91.993435235999982, 15.317804858000045 ], [ -91.995505762999983, 15.32284028600003 ], [ -91.995473951999941, 15.324747535000029 ], [ -91.99647246699999, 15.328143064000074 ], [ -91.996166529999982, 15.331863812000051 ], [ -91.99602923499998, 15.335134457000038 ], [ -91.995315757999947, 15.338361830000053 ], [ -91.994579108999972, 15.339247799000077 ], [ -91.994121654999958, 15.339701114000036 ], [ -91.990545955999949, 15.342565258000036 ], [ -91.98864985199998, 15.345917191000069 ], [ -91.987461632999953, 15.346863233000022 ], [ -91.98635870399994, 15.349075216000074 ], [ -91.983768221999981, 15.352712084000075 ], [ -91.980969424999955, 15.356543447000035 ], [ -91.979092285999968, 15.357972170000039 ], [ -91.977462533999983, 15.360247224000034 ], [ -91.975796032999938, 15.364197827000055 ], [ -91.975684386999944, 15.366790574000049 ], [ -91.976043911999966, 15.371985524000024 ], [ -91.97776093899995, 15.377869205000025 ], [ -91.977828698999986, 15.379736211000022 ], [ -91.978378847999977, 15.380600894000054 ], [ -91.979563366999969, 15.389909286000034 ], [ -91.98130312699999, 15.394396419000032 ], [ -91.982638086999941, 15.403341639000075 ], [ -91.983514932999981, 15.404945671000064 ], [ -91.984696455999938, 15.406294592000052 ], [ -91.98666665199994, 15.408224515000029 ], [ -91.992392405999965, 15.411322910000024 ], [ -91.995945340999981, 15.413452020000022 ], [ -91.998430968999969, 15.416271195000036 ], [ -92.002448802999936, 15.419626054000048 ], [ -92.012457705999964, 15.42730369800006 ], [ -92.015463534999981, 15.430438016000039 ], [ -92.018486848999942, 15.433961081000064 ], [ -92.018736647999958, 15.435217579000039 ], [ -92.022412687999974, 15.440310745000033 ], [ -92.02429446299999, 15.444351884000071 ], [ -92.026072288999956, 15.446467088000077 ], [ -92.027391834999946, 15.447306796000078 ], [ -92.032321713999977, 15.449047045000043 ], [ -92.039805110999964, 15.450609558000053 ], [ -92.054964547999987, 15.451542511000071 ], [ -92.055636022999977, 15.451067392000027 ], [ -92.060312031999956, 15.451181047000034 ], [ -92.063274795999973, 15.452730354000039 ], [ -92.064834466999969, 15.453068022000025 ], [ -92.067859664999958, 15.454738442000064 ], [ -92.073351473999935, 15.45534453700003 ], [ -92.075837542999977, 15.457495100000074 ], [ -92.077556848999961, 15.45823788000007 ], [ -92.080179852999947, 15.457890578000047 ], [ -92.086184261999961, 15.455081416000041 ], [ -92.087299577999943, 15.455005782000057 ], [ -92.090636962999952, 15.455805969000039 ], [ -92.094624284999952, 15.459204337000074 ], [ -92.088577929999985, 15.468002465000041 ], [ -92.080211711999937, 15.481152491000046 ], [ -92.001591403999953, 15.616184383000075 ], [ -91.998041537999939, 15.615003246000072 ], [ -91.99117275399999, 15.611336782000024 ], [ -91.987411994999945, 15.608731914000032 ], [ -91.984604935999982, 15.607452298000055 ], [ -91.978382872999987, 15.603486752000038 ], [ -91.97444737, 15.599626636000039 ], [ -91.973256388999971, 15.598816561000035 ], [ -91.971132231999945, 15.597756919000062 ], [ -91.96703422, 15.594503825000061 ], [ -91.963685713999951, 15.592228200000022 ], [ -91.958848109999963, 15.587264152000046 ], [ -91.95755608099995, 15.585366523000062 ], [ -91.956744350999941, 15.584281331000057 ], [ -91.954011504999983, 15.581572334000043 ], [ -91.95036834299998, 15.57954257800003 ], [ -91.941681624999944, 15.573547378000058 ], [ -91.938029061999941, 15.571129819000078 ], [ -91.931826921999971, 15.565842265000072 ], [ -91.926047472999983, 15.56171026800007 ], [ -91.924352718999955, 15.559900898000024 ], [ -91.917607010999973, 15.55537980500003 ], [ -91.913959093999949, 15.552193553000052 ], [ -91.912875436999968, 15.55113173500007 ], [ -91.910018627999989, 15.548141413000053 ], [ -91.908346230999939, 15.54578629100007 ], [ -91.906400081999948, 15.541864859000043 ], [ -91.900804247999986, 15.535638299000027 ], [ -91.900085494999985, 15.535353367000027 ], [ -91.898707227999978, 15.533395120000023 ], [ -91.898117960999969, 15.532431745000054 ], [ -91.89632826199994, 15.529281627000046 ], [ -91.894579527999952, 15.527420936000055 ], [ -91.891041258999962, 15.522410080000043 ], [ -91.888588954999989, 15.519637360000047 ], [ -91.888127635999979, 15.518952569000078 ], [ -91.885724307999965, 15.516622995000034 ], [ -91.885167428999978, 15.516049577000047 ], [ -91.883656645999963, 15.514403565000066 ], [ -91.882068720999939, 15.512263383000061 ], [ -91.881348127999956, 15.511150158000078 ], [ -91.880831550999972, 15.510239090000027 ], [ -91.877020718999972, 15.503702402000044 ], [ -91.876803851999966, 15.501353336000022 ], [ -91.875825973999952, 15.499237683000047 ], [ -91.875448583999969, 15.49640871400004 ], [ -91.874842782999963, 15.495523169000023 ], [ -91.874158908999959, 15.485167398000044 ], [ -91.873825387999943, 15.482957844000055 ], [ -91.87355789899999, 15.47748316600007 ], [ -91.873384593999958, 15.474304957000072 ], [ -91.872779228999946, 15.472921117000055 ], [ -91.872467270999948, 15.460596646000056 ], [ -91.871470019999947, 15.456932893000044 ], [ -91.871482345999937, 15.454763512000056 ], [ -91.86920315399999, 15.445279793000054 ], [ -91.868629081999984, 15.444696086000022 ], [ -91.868581258999939, 15.44363258900006 ], [ -91.866823066999984, 15.44153891600007 ] ] ] ] } },
{ "type": "Feature", "properties": { "Codigo": 1301, "datos_finales_color_riesgo": "732600" }, "geometry": { "type": "MultiPolygon", "coordinates": [ [ [ [ -91.374771679999981, 15.354425114000037 ], [ -91.367839077999975, 15.348898706000057 ], [ -91.36319838199995, 15.34690236800003 ], [ -91.359088114999963, 15.346688024000059 ], [ -91.352507315999958, 15.347604284000056 ], [ -91.340290103999962, 15.347331817000054 ], [ -91.331652520999967, 15.345927542000027 ], [ -91.325357430999986, 15.342473187000053 ], [ -91.322455469999966, 15.342001763000042 ], [ -91.315641851999942, 15.341984315000047 ], [ -91.311062079999942, 15.34234960200007 ], [ -91.306810429999985, 15.34244615800003 ], [ -91.304880994999962, 15.342646147000039 ], [ -91.303140123999981, 15.342993283000055 ], [ -91.292350325999962, 15.347712108000053 ], [ -91.290372184999967, 15.348311499000033 ], [ -91.289135471999941, 15.348499709000066 ], [ -91.28840252699996, 15.348583331000043 ], [ -91.287369205999937, 15.348455651000052 ], [ -91.286896685999977, 15.348082615000067 ], [ -91.286783817999947, 15.347290972000053 ], [ -91.286660964999953, 15.346082399000068 ], [ -91.286812316999942, 15.34458221400007 ], [ -91.28778896099999, 15.342448965000074 ], [ -91.289036249999981, 15.339171157000067 ], [ -91.289255930999957, 15.335995042000036 ], [ -91.288533824999945, 15.334324352000067 ], [ -91.286886533999962, 15.332480496000073 ], [ -91.283253183999989, 15.330018119000044 ], [ -91.282748226999956, 15.329275424000059 ], [ -91.282457176999969, 15.328495965000059 ], [ -91.282209429999966, 15.327118108000036 ], [ -91.28182799199999, 15.274983683000073 ], [ -91.283173420999958, 15.274252925000042 ], [ -91.284612347999939, 15.274044791000051 ], [ -91.285390396999958, 15.274536515000023 ], [ -91.285980049999978, 15.275370217000045 ], [ -91.285970597999949, 15.277536888000043 ], [ -91.286480195999957, 15.278341734000037 ], [ -91.287265447999971, 15.278952124000057 ], [ -91.288513031999969, 15.279453080000053 ], [ -91.289839229999984, 15.279301666000038 ], [ -91.291607172999989, 15.277845436000064 ], [ -91.293707277999943, 15.276541966000025 ], [ -91.295000610999978, 15.275126147000037 ], [ -91.295126244999949, 15.272971649000056 ], [ -91.294878781999955, 15.272343916000068 ], [ -91.294692834999978, 15.271232012000041 ], [ -91.294800481999971, 15.270655560000023 ], [ -91.295134020999967, 15.270279652000056 ], [ -91.297117286999935, 15.26952654300004 ], [ -91.29979885299997, 15.267608352000025 ], [ -91.304228851999937, 15.266850003000059 ], [ -91.306341779999968, 15.267769741000052 ], [ -91.30940241799999, 15.271399988000042 ], [ -91.309847155999989, 15.272757855000066 ], [ -91.310110365999947, 15.273604855000031 ], [ -91.310316029999967, 15.274226613000053 ], [ -91.311100376999946, 15.27473976400006 ], [ -91.31204220699999, 15.274842886000044 ], [ -91.312864135999973, 15.274367828000038 ], [ -91.313340056999948, 15.273793005000073 ], [ -91.313718970999957, 15.272905653000066 ], [ -91.313921033999975, 15.272449645000052 ], [ -91.314571101999945, 15.271780104000072 ], [ -91.315442854999958, 15.27133026000007 ], [ -91.316559788999939, 15.271145477000061 ], [ -91.317528150999976, 15.270984426000041 ], [ -91.317917847999979, 15.270420241000068 ], [ -91.317901709999944, 15.269597695000073 ], [ -91.31776969699996, 15.268931309000038 ], [ -91.318093652999949, 15.268511231000048 ], [ -91.319143139999937, 15.268829775000029 ], [ -91.319575470999951, 15.269122223000068 ], [ -91.320528457999956, 15.269429869000078 ], [ -91.321113184999945, 15.26921734900003 ], [ -91.321561841999937, 15.268920208000054 ], [ -91.322197737999943, 15.268492293000065 ], [ -91.322670356999936, 15.26825520500006 ], [ -91.323787089999939, 15.26816640800007 ], [ -91.324494020999964, 15.268171695000035 ], [ -91.325275034999947, 15.268153809000069 ], [ -91.325969640999972, 15.268099126000038 ], [ -91.326272982999967, 15.267414528000074 ], [ -91.325893728999972, 15.266738390000057 ], [ -91.325363251999988, 15.266421496000078 ], [ -91.324758111999984, 15.266127767000057 ], [ -91.324153640999953, 15.265750444000048 ], [ -91.32365972299999, 15.265446249000036 ], [ -91.323216332999948, 15.265081423000026 ], [ -91.32276148599999, 15.264620488000048 ], [ -91.322420442999942, 15.263823752000064 ], [ -91.32256126599998, 15.263089367000077 ], [ -91.323720271999946, 15.260896236000065 ], [ -91.323740565999969, 15.25899847900007 ], [ -91.320992792999959, 15.255594445000042 ], [ -91.319090808999988, 15.252224966000028 ], [ -91.320083797999985, 15.251150146000043 ], [ -91.321451322999962, 15.248994735000053 ], [ -91.323180681999986, 15.247209173000044 ], [ -91.324295917999962, 15.245019090000028 ], [ -91.325617421999937, 15.242786481000053 ], [ -91.327166788999989, 15.238515298000038 ], [ -91.328840659999969, 15.238434002000076 ], [ -91.33061076499996, 15.236552642000049 ], [ -91.334324212999945, 15.236120434000043 ], [ -91.335161557999982, 15.235435258000052 ], [ -91.336272792999978, 15.235209644000065 ], [ -91.339226387999986, 15.235447290000025 ], [ -91.341412255999956, 15.237512760000072 ], [ -91.342114481999943, 15.236918066000044 ], [ -91.342773192999971, 15.236381794000067 ], [ -91.345703363999974, 15.236866593000059 ], [ -91.34618829499999, 15.236604680000028 ], [ -91.346584035999967, 15.236216712000044 ], [ -91.347540724999988, 15.233877323000058 ], [ -91.34911327399999, 15.23402784700005 ], [ -91.349829688999989, 15.23369871500006 ], [ -91.350277285999937, 15.233000446000062 ], [ -91.350344462999942, 15.231397861000062 ], [ -91.350872297999956, 15.230779261000066 ], [ -91.353301354999985, 15.230910058000063 ], [ -91.356826406999971, 15.231950375000054 ], [ -91.357653495999955, 15.23190106800007 ], [ -91.358706388999963, 15.230867157000034 ], [ -91.360110090999967, 15.230808500000023 ], [ -91.360801437999953, 15.230332282000063 ], [ -91.361202777999949, 15.228614633000063 ], [ -91.361753674999989, 15.228319274000057 ], [ -91.362314665999975, 15.228222819000052 ], [ -91.36277729699998, 15.227604841000073 ], [ -91.362666388999969, 15.227126156000054 ], [ -91.362500650999948, 15.226666278000039 ], [ -91.362729728999966, 15.225630855000077 ], [ -91.363173488999962, 15.225120060000052 ], [ -91.363740099999973, 15.22474685800006 ], [ -91.365109598999936, 15.224667580000073 ], [ -91.36586534099996, 15.224361274000046 ], [ -91.366578280999988, 15.222966719000055 ], [ -91.371898431999966, 15.229553279000072 ], [ -91.373963235999952, 15.233481643000061 ], [ -91.375204131999965, 15.237657093000053 ], [ -91.376212454999973, 15.239771346000055 ], [ -91.37697607199999, 15.241553944000032 ], [ -91.377819361999968, 15.24493569200007 ], [ -91.378871938999964, 15.248266985000043 ], [ -91.379436295999938, 15.254265445000044 ], [ -91.379882874999964, 15.256275083000048 ], [ -91.380169011999953, 15.259177183000077 ], [ -91.380701152999961, 15.262854928000024 ], [ -91.381276488999958, 15.269552769000029 ], [ -91.384134468999946, 15.27460411800007 ], [ -91.385284389999981, 15.279765141000041 ], [ -91.385531908999951, 15.283464553000044 ], [ -91.385924900999953, 15.285721211000066 ], [ -91.386076105999962, 15.288927362000038 ], [ -91.386339355999951, 15.291409031000057 ], [ -91.386612026999956, 15.297905850000063 ], [ -91.387722481999958, 15.308011433000047 ], [ -91.387849552999967, 15.314446190000069 ], [ -91.38880801199997, 15.316818768000076 ], [ -91.391485982999939, 15.319167579000066 ], [ -91.39889038299998, 15.32179205500006 ], [ -91.407159499999977, 15.323394406000034 ], [ -91.41582223599994, 15.323451501000022 ], [ -91.421135754999966, 15.324845955000058 ], [ -91.427881196999977, 15.324685669000075 ], [ -91.440625115999978, 15.326356678000025 ], [ -91.443529235999961, 15.325934072000052 ], [ -91.447320985999966, 15.323934807000057 ], [ -91.451781810999989, 15.322360379000031 ], [ -91.459716405999984, 15.320684434000043 ], [ -91.467022322999981, 15.320122354000034 ], [ -91.472469221999972, 15.32099456900005 ], [ -91.475482914999986, 15.321903159000044 ], [ -91.484560488999989, 15.324515972000029 ], [ -91.49910132299999, 15.325629843000058 ], [ -91.500129915999935, 15.325619806000077 ], [ -91.522598442999936, 15.325062329000048 ], [ -91.532007488999966, 15.327264214000024 ], [ -91.540145429999939, 15.327879077000034 ], [ -91.541748332999987, 15.328658947000065 ], [ -91.539926832999981, 15.333875770000077 ], [ -91.539945859999989, 15.335242956000059 ], [ -91.539423025999952, 15.33584398000005 ], [ -91.539513329999977, 15.337089613000046 ], [ -91.538666453999952, 15.339502974000027 ], [ -91.536896353999964, 15.342494385000066 ], [ -91.535677654999972, 15.346379677000073 ], [ -91.535065172999964, 15.349394478000022 ], [ -91.534058046999974, 15.351731063000045 ], [ -91.533931898999981, 15.353289355000072 ], [ -91.531607639999947, 15.355328033000035 ], [ -91.530253466999966, 15.358413617000053 ], [ -91.52861919899999, 15.36590128000006 ], [ -91.528406221999944, 15.369620288000021 ], [ -91.527792461999979, 15.370797999000047 ], [ -91.527527318999944, 15.376137906000054 ], [ -91.526178545999983, 15.377512977000038 ], [ -91.525147737999987, 15.377717426000061 ], [ -91.52289254499999, 15.379321463000053 ], [ -91.519982757999969, 15.379625258000033 ], [ -91.517351192999968, 15.379199893000077 ], [ -91.515663697999969, 15.378406836000067 ], [ -91.512482482999985, 15.377990176000026 ], [ -91.50006627, 15.375928627000064 ], [ -91.497933291999971, 15.37597525800004 ], [ -91.495674154999961, 15.375429009000072 ], [ -91.492710889999955, 15.374270154000044 ], [ -91.490037797999946, 15.372679395000034 ], [ -91.476585326999952, 15.365570771000023 ], [ -91.473370450999937, 15.363743394000039 ], [ -91.46962594699994, 15.36102659900007 ], [ -91.466078058999983, 15.358503161000044 ], [ -91.46548710799999, 15.358113845000048 ], [ -91.463058296999975, 15.356294003000073 ], [ -91.458976084999961, 15.354416395000044 ], [ -91.452955530999986, 15.351972826000065 ], [ -91.450999101999969, 15.35195585300005 ], [ -91.446283968999978, 15.353036990000078 ], [ -91.443209209999964, 15.354124962000071 ], [ -91.439125052999941, 15.355517638000038 ], [ -91.435821111999985, 15.356650217000038 ], [ -91.429162474999941, 15.358139853000068 ], [ -91.418038788999979, 15.358071347000077 ], [ -91.40915696199994, 15.359925301000033 ], [ -91.40457599299998, 15.360469852000051 ], [ -91.398502089999965, 15.361434010000039 ], [ -91.393351825999957, 15.360978935000048 ], [ -91.38958071199994, 15.359990314000072 ], [ -91.38003970699998, 15.355882393000059 ], [ -91.376333362999958, 15.354670345000045 ], [ -91.374771679999981, 15.354425114000037 ] ] ] ] } },
{ "type": "Feature", "properties": { "Codigo": 1712, "datos_finales_color_pelyexp": "732600" }, "geometry": { "type": "MultiPolygon", "coordinates": [ [ [ [ -89.202802747999954, 16.267511330000048 ], [ -89.20756262399999, 16.267405011000051 ], [ -89.208351358999948, 16.267802649000032 ], [ -89.213510078999946, 16.267572509000047 ], [ -89.227191421999976, 16.267467413000077 ], [ -89.237992155999962, 16.266992107000021 ], [ -89.251137682999968, 16.267413948000069 ], [ -89.266506531999937, 16.267113982000069 ], [ -89.31392434199995, 16.267658244000074 ], [ -89.314633778999962, 16.267346863000057 ], [ -89.319477400999972, 16.267564333000053 ], [ -89.320746647999954, 16.267261543000075 ], [ -89.327309420999939, 16.26753919600003 ], [ -89.332067631999962, 16.267549590000044 ], [ -89.339000606999946, 16.267423818000054 ], [ -89.342589461999978, 16.267863824000074 ], [ -89.354061782999963, 16.267309509000029 ], [ -89.365775545999952, 16.267441205000068 ], [ -89.372890674999951, 16.267455068000061 ], [ -89.37608671299995, 16.267386897000051 ], [ -89.387830124999937, 16.26734865700007 ], [ -89.389570555999967, 16.267335511000056 ], [ -89.393838082999935, 16.267497448000029 ], [ -89.414552923999963, 16.267378118000067 ], [ -89.424891351999975, 16.267359105000025 ], [ -89.426742016999981, 16.26767919200006 ], [ -89.427976518999969, 16.267196888000058 ], [ -89.450541371999975, 16.267601643000035 ], [ -89.454164979999973, 16.267279976000054 ], [ -89.49644908099998, 16.267217518000052 ], [ -89.506263473999979, 16.267283977000034 ], [ -89.506696945999977, 16.266979743000036 ], [ -89.541555799999969, 16.267381150000062 ], [ -89.584026197999947, 16.26673545500006 ], [ -89.596040236999954, 16.267114194000044 ], [ -89.64548776, 16.26676907500007 ], [ -89.658269048999955, 16.267346021000037 ], [ -89.658921318999944, 16.266596917000072 ], [ -89.681004058999974, 16.266933289000065 ], [ -89.68658396099994, 16.26645204700003 ], [ -89.742478317999939, 16.266549468000051 ], [ -89.745521318999977, 16.266217140000037 ], [ -89.750559797999983, 16.266484181000067 ], [ -89.797213503999956, 16.266032191000022 ], [ -89.804364995999947, 16.266059088000077 ], [ -89.805359865999947, 16.265768281000078 ], [ -89.881430535999982, 16.265772502000061 ], [ -89.888673431999962, 16.265591347000054 ], [ -89.888791179999942, 16.263754572000039 ], [ -89.888042218999942, 16.262087890000032 ], [ -89.888642636999975, 16.261280733000035 ], [ -89.889073784999937, 16.258610007000073 ], [ -89.888703009999972, 16.257448861000057 ], [ -89.886766038999951, 16.255510772000036 ], [ -89.88424297399996, 16.255474780000043 ], [ -89.883665411999971, 16.254907617000072 ], [ -89.883963698999935, 16.249810708000041 ], [ -89.88328265399997, 16.248657406000063 ], [ -89.88333490499997, 16.245677526000065 ], [ -89.883687094999971, 16.244643261000022 ], [ -89.884957221999969, 16.243406934000063 ], [ -89.885460643999977, 16.242004703000077 ], [ -89.887945274999936, 16.241465628000071 ], [ -89.889384752999945, 16.240192250000064 ], [ -89.890157845999966, 16.235939699000028 ], [ -89.891535723999937, 16.234976894000056 ], [ -89.891658746999951, 16.233355750000044 ], [ -89.892669657999988, 16.232214871000053 ], [ -89.894635678999975, 16.234006587000067 ], [ -89.894592430999978, 16.235905416000037 ], [ -89.894089356999984, 16.236546996000072 ], [ -89.894273214999942, 16.237857758000075 ], [ -89.895663394999985, 16.240427680000039 ], [ -89.896650626999985, 16.241392439000037 ], [ -89.899115154999947, 16.241128316000072 ], [ -89.901267995999945, 16.241631580000046 ], [ -89.905076632999965, 16.243756030000043 ], [ -89.911903751999944, 16.249204259000066 ], [ -89.917007533999936, 16.250558502000047 ], [ -89.920334165999975, 16.250236717000064 ], [ -89.920814725999946, 16.250400588000048 ], [ -89.921180786999969, 16.250826893000067 ], [ -89.921461720999957, 16.251430286000073 ], [ -89.921804262999956, 16.252016517000072 ], [ -89.922407323999948, 16.253204713000059 ], [ -89.92317140199998, 16.253356900000028 ], [ -89.923711462999961, 16.253264299000023 ], [ -89.924358942999959, 16.252913669000066 ], [ -89.924413794999964, 16.252054440000052 ], [ -89.924299668999936, 16.251392525000028 ], [ -89.92423673899998, 16.245564425000055 ], [ -89.924674129999971, 16.244635131000052 ], [ -89.924910608999937, 16.244078759000047 ], [ -89.925708327999985, 16.243906369000058 ], [ -89.926418350999938, 16.244339915000069 ], [ -89.927008468999986, 16.245008734000066 ], [ -89.927873126999941, 16.245829388000061 ], [ -89.930214251999985, 16.246670316000063 ], [ -89.931985983999937, 16.248404766000021 ], [ -89.93384821099994, 16.247885471000075 ], [ -89.934383213999979, 16.247289387000023 ], [ -89.936739407999937, 16.244146317000059 ], [ -89.94005417599999, 16.244547498000031 ], [ -89.94287821599994, 16.24310070100006 ], [ -89.943673543999978, 16.242629112000031 ], [ -89.944352709999976, 16.243058771000051 ], [ -89.944781311999975, 16.243485945000032 ], [ -89.946953272999963, 16.244996939000032 ], [ -89.947436984999968, 16.244503911000038 ], [ -89.948641246999955, 16.244333906000065 ], [ -89.949666881999974, 16.245139871000049 ], [ -89.951064789999975, 16.245330428000045 ], [ -89.952189457999964, 16.244980927000029 ], [ -89.952874854999948, 16.250691692000032 ], [ -89.952678200999969, 16.252306245000057 ], [ -89.952204177999988, 16.253836668000076 ], [ -89.949910669999952, 16.256519208000043 ], [ -89.949734515999978, 16.257068586000059 ], [ -89.946565465999981, 16.25928022100004 ], [ -89.946380923999982, 16.260598093000056 ], [ -89.947344722999958, 16.261326441000051 ], [ -89.947064284999954, 16.263443152000036 ], [ -89.945755779999956, 16.265207553000039 ], [ -89.946146251999949, 16.267309114000057 ], [ -89.945656729999939, 16.268625967000048 ], [ -89.946028790999947, 16.270218235000073 ], [ -89.945695505999936, 16.273179544000072 ], [ -89.944253974999981, 16.27341718100007 ], [ -89.941925193999964, 16.276881229000026 ], [ -89.93951101, 16.277973823000025 ], [ -89.937132073999976, 16.279240711000057 ], [ -89.934987995999961, 16.278627254000071 ], [ -89.934761739999942, 16.279350824000062 ], [ -89.934707998999954, 16.279838751000057 ], [ -89.934460810999951, 16.280630865000035 ], [ -89.932814488999952, 16.280846258000054 ], [ -89.931033537999951, 16.279538267000078 ], [ -89.929113316999974, 16.279859134000048 ], [ -89.928308585999957, 16.28058444800007 ], [ -89.928184234999947, 16.282190958000058 ], [ -89.92727851799998, 16.283209374000023 ], [ -89.923637248999967, 16.283063859000038 ], [ -89.922823722999965, 16.282666023000047 ], [ -89.921630218999951, 16.283104614000024 ], [ -89.920842747999984, 16.283133776000057 ], [ -89.920182848999957, 16.283411962000059 ], [ -89.920312295999963, 16.282605746000058 ], [ -89.91978248199996, 16.282037093000042 ], [ -89.919079848999957, 16.281946720000064 ], [ -89.918496861999984, 16.282201193000049 ], [ -89.916522244999953, 16.284093333000044 ], [ -89.915390678999984, 16.284119709000038 ], [ -89.914774197999975, 16.283601696000062 ], [ -89.914286768999943, 16.283797736000054 ], [ -89.913084760999936, 16.28511422400004 ], [ -89.912395837999952, 16.285491280000031 ], [ -89.911730963999958, 16.285601201000077 ], [ -89.910884625999984, 16.285359719000041 ], [ -89.909331503999965, 16.287268093000023 ], [ -89.909454147999952, 16.28812877200005 ], [ -89.90921433599999, 16.289411899000072 ], [ -89.908530631999952, 16.289901878000023 ], [ -89.907135496999956, 16.290004479000061 ], [ -89.906672610999976, 16.291129713000032 ], [ -89.906027407999943, 16.292069439000045 ], [ -89.904995006999968, 16.291992242000049 ], [ -89.903515854999966, 16.292569865000075 ], [ -89.900282166999943, 16.294700674000069 ], [ -89.899724828999979, 16.296440723000046 ], [ -89.898082577999958, 16.297280002000036 ], [ -89.896403230999965, 16.299694267000064 ], [ -89.895575117999954, 16.299703538000074 ], [ -89.895155232999969, 16.298798989000034 ], [ -89.892819700999951, 16.298321094000073 ], [ -89.892730945999972, 16.29972490800003 ], [ -89.889930766999953, 16.29995794000007 ], [ -89.889241357999936, 16.30110009200007 ], [ -89.887910072999944, 16.301410029000067 ], [ -89.886687470999959, 16.301202400000022 ], [ -89.885688058999961, 16.302289181000049 ], [ -89.881620449999957, 16.303151209000077 ], [ -89.880950808999955, 16.304295876000026 ], [ -89.881615506999935, 16.305676945000073 ], [ -89.881179043999964, 16.308367850000025 ], [ -89.879684490999978, 16.309942727000077 ], [ -89.880306606999966, 16.311724953000066 ], [ -89.880065789999946, 16.314419873000077 ], [ -89.88205222299996, 16.314257373000032 ], [ -89.884032873999956, 16.314054138000074 ], [ -89.885171199999945, 16.314828238000075 ], [ -89.885827787999972, 16.320158166000056 ], [ -89.886798610999961, 16.321512151000036 ], [ -89.886748463999936, 16.323351033000051 ], [ -89.887988875999952, 16.324435873000027 ], [ -89.888010748999989, 16.325158502000022 ], [ -89.886838295999951, 16.326978562000022 ], [ -89.887193031999971, 16.327937471000041 ], [ -89.886841579999953, 16.328071747000024 ], [ -89.886809935999963, 16.328049619000069 ], [ -89.88664, 16.32792 ], [ -89.886261203999936, 16.328177787000072 ], [ -89.885893909999936, 16.328395026000067 ], [ -89.885442298999976, 16.328725559000077 ], [ -89.884986906999984, 16.328991213000052 ], [ -89.884282652999957, 16.329295243000047 ], [ -89.883945607999976, 16.329375562000052 ], [ -89.883623150999938, 16.329542010000068 ], [ -89.883246737999968, 16.329540911000038 ], [ -89.882816038999977, 16.329477478000058 ], [ -89.882311348999963, 16.329318177000061 ], [ -89.881628959999944, 16.328967052000053 ], [ -89.881292666999968, 16.328808242000036 ], [ -89.880827270999987, 16.328754269000058 ], [ -89.880356620999976, 16.328795931000059 ], [ -89.879891119999968, 16.328775434000022 ], [ -89.879712969999957, 16.328727084000036 ], [ -89.879381917999979, 16.328477418000034 ], [ -89.878976982999973, 16.328098406000038 ], [ -89.878705184999944, 16.327906304000066 ], [ -89.878476790999969, 16.327787289000071 ], [ -89.878095225999971, 16.327755473000025 ], [ -89.877893068999981, 16.327860868000073 ], [ -89.877654655999947, 16.32807538000003 ], [ -89.877564779999943, 16.328304678000052 ], [ -89.877567889999966, 16.328324605000034 ], [ -89.877919427999984, 16.328810096000041 ], [ -89.878122447999942, 16.328937618000054 ], [ -89.878285481999967, 16.329067228000042 ], [ -89.878359153999952, 16.329263529000059 ], [ -89.878264249999972, 16.329516725000076 ], [ -89.878015808999976, 16.329769468000052 ], [ -89.877613663999966, 16.330074366000076 ], [ -89.877385455999956, 16.33019325600003 ], [ -89.877080354999975, 16.33022601700003 ], [ -89.877011877999962, 16.330212841000048 ], [ -89.876946511999961, 16.330157753000037 ], [ -89.876117629999953, 16.330105307000053 ], [ -89.875282617999972, 16.329525588000024 ], [ -89.872931177999988, 16.329557115000057 ], [ -89.870897911999975, 16.329781891000039 ], [ -89.867912849999982, 16.32858006400005 ], [ -89.867237539999962, 16.327885288000061 ], [ -89.866803102999938, 16.326652577000061 ], [ -89.865050201999964, 16.326493396000046 ], [ -89.86373277499996, 16.327182090000065 ], [ -89.861701615999948, 16.326791126000046 ], [ -89.860823448999952, 16.327211801000033 ], [ -89.860782170999983, 16.327673510000068 ], [ -89.859901243999957, 16.328940748000036 ], [ -89.857710808999968, 16.328510760000029 ], [ -89.857031764999988, 16.328970436000077 ], [ -89.856982460999973, 16.331856520000031 ], [ -89.856335687999945, 16.334663779000039 ], [ -89.855738507999945, 16.334469541000033 ], [ -89.855302238999968, 16.333813959000054 ], [ -89.854344753999953, 16.334118950000061 ], [ -89.853225212999973, 16.335231513000053 ], [ -89.853222175999974, 16.336155079000036 ], [ -89.852301414999943, 16.337383659000068 ], [ -89.849870106999958, 16.337453181000058 ], [ -89.849071741999978, 16.337835550000023 ], [ -89.849029574999975, 16.338528078000024 ], [ -89.847428070999968, 16.340755109000042 ], [ -89.847225728999945, 16.34167805800007 ], [ -89.846866059999968, 16.341946362000044 ], [ -89.845114583999987, 16.341325184000027 ], [ -89.843720418999965, 16.341089934000024 ], [ -89.842243032999988, 16.341893492000054 ], [ -89.84120132299995, 16.343544972000075 ], [ -89.840996625999935, 16.345160563000036 ], [ -89.841668709999965, 16.346778984000025 ], [ -89.84106376799997, 16.348893567000061 ], [ -89.84030676499998, 16.348814287000039 ], [ -89.839566079999898, 16.349026293000065 ], [ -89.839566369999943, 16.34905352100003 ], [ -89.839227132999952, 16.349274878000074 ], [ -89.838856569999962, 16.349315442000034 ], [ -89.838535717999946, 16.349260788000038 ], [ -89.83814711499997, 16.349158233000026 ], [ -89.838082214999986, 16.34911059500007 ], [ -89.837795046999986, 16.349037328000065 ], [ -89.837626364999949, 16.348836924000068 ], [ -89.837555624999936, 16.348804682000036 ], [ -89.83729025699995, 16.348774044000038 ], [ -89.837232659999984, 16.348814687000072 ], [ -89.836479811999936, 16.349555379000037 ], [ -89.835994979999953, 16.35024230700003 ], [ -89.835431375999974, 16.350771050000048 ], [ -89.835031458999936, 16.351389534000077 ], [ -89.834654388999979, 16.352324391000025 ], [ -89.834231034999959, 16.353366209000058 ], [ -89.833964165999987, 16.353776666000044 ], [ -89.832669519999968, 16.355042239000056 ], [ -89.832124596999961, 16.355517383000063 ], [ -89.831561412999974, 16.355914977000054 ], [ -89.830899646999967, 16.356252647000076 ], [ -89.830499074999977, 16.356393341000057 ], [ -89.829637852999952, 16.356784941000058 ], [ -89.829177180999977, 16.358085800000026 ], [ -89.829169611999987, 16.358446710000067 ], [ -89.829044461999956, 16.358935103000022 ], [ -89.828752633999954, 16.359417005000068 ], [ -89.828420377999976, 16.359705317000078 ], [ -89.827872120999984, 16.360281182000051 ], [ -89.827622177999956, 16.360345901000073 ], [ -89.827563875999942, 16.360390798000026 ], [ -89.826710651999974, 16.360739764000073 ], [ -89.826080692999938, 16.36079735900006 ], [ -89.825895593999974, 16.360792964000041 ], [ -89.824201837999965, 16.361231511000028 ], [ -89.823510990999978, 16.362733905000027 ], [ -89.823449223999944, 16.362964642000065 ], [ -89.823490223999954, 16.363608547000069 ], [ -89.823495432999948, 16.363888725000038 ], [ -89.823437474999935, 16.364135572000066 ], [ -89.823141204999956, 16.364555204000055 ], [ -89.822964172999946, 16.364819989000068 ], [ -89.822107421999988, 16.366868090000025 ], [ -89.82208959799999, 16.366918285000054 ], [ -89.82189572599998, 16.367632965000041 ], [ -89.821875328999965, 16.368175338000071 ], [ -89.821811278999974, 16.368842748000077 ], [ -89.821729323999989, 16.369331275000036 ], [ -89.821529952999981, 16.369849228000078 ], [ -89.821305779999989, 16.370396905000064 ], [ -89.821199063999984, 16.370903234000025 ], [ -89.821049950999964, 16.371170992000032 ], [ -89.820784101999948, 16.371271469000078 ], [ -89.820487896999964, 16.371222827000054 ], [ -89.82035945299998, 16.370870721000074 ], [ -89.820330005999949, 16.370459327000049 ], [ -89.820327396999971, 16.370372217000067 ], [ -89.820148560999939, 16.369768275000069 ], [ -89.820091871999978, 16.369732670000076 ], [ -89.819806099999937, 16.369582041000058 ], [ -89.819487632999937, 16.369443260000025 ], [ -89.819222488999969, 16.36934106800004 ], [ -89.819110587999944, 16.369345616000032 ], [ -89.818871594999962, 16.369603458000029 ], [ -89.819108651999954, 16.371043229000065 ], [ -89.81921552099999, 16.371349856000052 ], [ -89.819520828999941, 16.372334384000055 ], [ -89.819654846999981, 16.37285937300004 ], [ -89.819770300999949, 16.373396223000043 ], [ -89.819744094999976, 16.373831281000037 ], [ -89.819637867999973, 16.374194551000073 ], [ -89.819420603999959, 16.374527656000055 ], [ -89.819098723999957, 16.374759089000065 ], [ -89.818702459999898, 16.375073732000033 ], [ -89.81847240899998, 16.375531973000022 ], [ -89.818279445999963, 16.375978413000041 ], [ -89.818031076999944, 16.376376986000025 ], [ -89.81780295599998, 16.376629373000071 ], [ -89.817717903999949, 16.376798208000025 ], [ -89.817615142999955, 16.377019410000059 ], [ -89.817680948999964, 16.377627630000063 ], [ -89.817772509999941, 16.377931931000035 ], [ -89.818210449999981, 16.378064489000053 ], [ -89.818296292999946, 16.378237632000037 ], [ -89.818171847999963, 16.378511428000024 ], [ -89.817670460999977, 16.378867454000044 ], [ -89.817249321999952, 16.379229700000053 ], [ -89.817071326999951, 16.379718411000056 ], [ -89.817231369999945, 16.381734657000038 ], [ -89.817271063999954, 16.381852546000061 ], [ -89.817374705999953, 16.382234377000032 ], [ -89.81737315, 16.382681436000041 ], [ -89.817211776999955, 16.382919346000051 ], [ -89.816818375999958, 16.383093078000059 ], [ -89.816791499999965, 16.38314239400006 ], [ -89.816610043999958, 16.383185560000072 ], [ -89.816166603999989, 16.383386859000041 ], [ -89.815607941999986, 16.384225522000065 ], [ -89.815264045999982, 16.384622066000077 ], [ -89.815038898999944, 16.385020146000045 ], [ -89.814993472999959, 16.385129572000039 ], [ -89.815045745999953, 16.385308467000073 ], [ -89.815335967999943, 16.385712922000039 ], [ -89.816087598999957, 16.386563735000038 ], [ -89.81635769199994, 16.387023598000042 ], [ -89.81640596799997, 16.387345640000035 ], [ -89.816120675999969, 16.387702364000063 ], [ -89.815687351999941, 16.388010919000067 ], [ -89.815640090999977, 16.388091607000035 ], [ -89.815577147999988, 16.388449018000074 ], [ -89.816013300999941, 16.389104587000077 ], [ -89.816108983999982, 16.389153367000063 ], [ -89.816220429999987, 16.389198861000068 ], [ -89.816664547999949, 16.38933740300007 ], [ -89.817027669999959, 16.389454017000048 ], [ -89.81800680799995, 16.389034149000054 ], [ -89.818050973999959, 16.389055642000073 ], [ -89.81831452199998, 16.388979145000064 ], [ -89.81865346, 16.389176952000071 ], [ -89.818874473999983, 16.38954724000007 ], [ -89.818896790999986, 16.390232810000043 ], [ -89.818863678999946, 16.390876474000038 ], [ -89.818905287999939, 16.391341555000054 ], [ -89.818965857999956, 16.391681520000077 ], [ -89.81886639399994, 16.391871945000048 ], [ -89.818693348999943, 16.391913110000075 ], [ -89.818514562999951, 16.391829079000047 ], [ -89.818354965999958, 16.391554363000068 ], [ -89.81831903799997, 16.391460191000021 ], [ -89.817919139999958, 16.391304323000043 ], [ -89.817325778999987, 16.391455045000043 ], [ -89.817066291999936, 16.391661591000059 ], [ -89.816444495999974, 16.392233660000045 ], [ -89.81623308799999, 16.392429927000023 ], [ -89.815719792999971, 16.393259721000049 ], [ -89.81573121699995, 16.394003862000034 ], [ -89.815795590999983, 16.394150941000078 ], [ -89.816053737999937, 16.394497510000065 ], [ -89.816151686999945, 16.394742223000037 ], [ -89.81600225699998, 16.395093427000063 ], [ -89.815865196999937, 16.395438710000064 ], [ -89.815672788999962, 16.395718243000033 ], [ -89.815208507999955, 16.396044578000044 ], [ -89.814967342999978, 16.396139166000069 ], [ -89.814794500999938, 16.396120720000056 ], [ -89.814665427999955, 16.395947435000039 ], [ -89.814618257999939, 16.395309471000076 ], [ -89.814616786999977, 16.395232151000073 ], [ -89.81447828599994, 16.394871984000076 ], [ -89.813755219999962, 16.39514837300004 ], [ -89.813827423999953, 16.395426109000027 ], [ -89.814035833999981, 16.395867891000023 ], [ -89.814160225999956, 16.396262872000023 ], [ -89.81428012799995, 16.396643597000036 ], [ -89.814346531999945, 16.39707895500004 ], [ -89.814314528999944, 16.397400736000066 ], [ -89.814196553999977, 16.397585137000021 ], [ -89.814011088999962, 16.397644141000058 ], [ -89.813757884999973, 16.397649275000049 ], [ -89.81362549499994, 16.397712632000037 ], [ -89.813557274999937, 16.397806607000064 ], [ -89.81351798299994, 16.397885982000048 ], [ -89.813671779999936, 16.398230634000072 ], [ -89.813700198999982, 16.398251132000041 ], [ -89.813952777999987, 16.398424820000059 ], [ -89.814143895999962, 16.398514857000066 ], [ -89.814317733999985, 16.398499190000052 ], [ -89.814945411999986, 16.398105937000025 ], [ -89.815033314999937, 16.398296953000056 ], [ -89.815144887999963, 16.398345255000038 ], [ -89.815403580999941, 16.398536845000024 ], [ -89.815526147999947, 16.398805482000057 ], [ -89.815426823999985, 16.398954179000043 ], [ -89.815356200999986, 16.398998596000069 ], [ -89.815459740999984, 16.399223590000076 ], [ -89.814791310999965, 16.399384846000032 ], [ -89.814486120999959, 16.399541237000051 ], [ -89.813973281999949, 16.399623016000078 ], [ -89.813552883999989, 16.399758743000064 ], [ -89.813120259999948, 16.399858664000021 ], [ -89.812860710999985, 16.399911463000024 ], [ -89.812712241999975, 16.399886396000056 ], [ -89.81262684099994, 16.399906997000073 ], [ -89.812415381999983, 16.40086421500007 ], [ -89.812418185999945, 16.401072379000027 ], [ -89.81232455199995, 16.401358193000021 ], [ -89.812292848999959, 16.401418881000041 ], [ -89.81213000799994, 16.402156006000041 ], [ -89.812130311999965, 16.402156310000066 ], [ -89.812296238999977, 16.402211440000031 ], [ -89.813303287999986, 16.401801689000024 ], [ -89.813397781999981, 16.401725313000043 ], [ -89.813682640999957, 16.401499731000058 ], [ -89.813880564999977, 16.401410965000025 ], [ -89.814059439999937, 16.40147115700006 ], [ -89.814256152999974, 16.401728115000026 ], [ -89.814421759999959, 16.402050540000062 ], [ -89.814463776999958, 16.402396406000037 ], [ -89.814388900999973, 16.402616712000054 ], [ -89.814233869999953, 16.402800993000028 ], [ -89.814088695999942, 16.402881325000067 ], [ -89.814091349999956, 16.402913387000069 ], [ -89.813888995999946, 16.402985471000022 ], [ -89.813670908999939, 16.403085275000024 ], [ -89.81356612899998, 16.403100485000039 ], [ -89.813100554999949, 16.403266334000023 ], [ -89.812768091999942, 16.403428054000074 ], [ -89.812427754999987, 16.403623648000064 ], [ -89.812180299999966, 16.403748016000065 ], [ -89.81194525799998, 16.403854542000033 ], [ -89.81172930799994, 16.403800187000058 ], [ -89.811223847999941, 16.403536255000063 ], [ -89.811183664999987, 16.403501208000023 ], [ -89.811139138999977, 16.403480970000032 ], [ -89.811120717999984, 16.403446306000035 ], [ -89.810983741999962, 16.403326839000044 ], [ -89.810799592999956, 16.40301031100006 ], [ -89.810652348999952, 16.402735630000052 ], [ -89.810449590999951, 16.402442884000038 ], [ -89.810404182999946, 16.402420782000036 ], [ -89.809551893999981, 16.402770088000068 ], [ -89.809440738999967, 16.40308334100007 ], [ -89.809432686999969, 16.403185152000049 ], [ -89.809475615999986, 16.406019017000062 ], [ -89.809496559999957, 16.406241944000044 ], [ -89.809599208999941, 16.406639225000049 ], [ -89.80973708, 16.40688358400007 ], [ -89.809805854999979, 16.407051196000054 ], [ -89.809691441999973, 16.407179946000042 ], [ -89.809359207999989, 16.407255374000044 ], [ -89.808579648999967, 16.407203458000026 ], [ -89.808255401999986, 16.407242752000059 ], [ -89.807815741999946, 16.407549128000028 ], [ -89.807812704999947, 16.407559910000032 ], [ -89.80781323399998, 16.407562114000029 ], [ -89.807863680999958, 16.407776454000043 ], [ -89.807884419999937, 16.407945390000066 ], [ -89.807915556999944, 16.408097694000048 ], [ -89.807947202999969, 16.408291570000074 ], [ -89.807967244999986, 16.40856597100003 ], [ -89.807898910999938, 16.408674452000071 ], [ -89.807667963999961, 16.408821965000072 ], [ -89.807424907999973, 16.408936522000033 ], [ -89.807371681999939, 16.409125466000035 ], [ -89.807049458999984, 16.409036591000074 ], [ -89.806817937999938, 16.409066286000041 ], [ -89.806583247999981, 16.409065512000041 ], [ -89.806284872999981, 16.408973915000047 ], [ -89.806059184999981, 16.408841371000051 ], [ -89.80598202699997, 16.40874216900005 ], [ -89.805818318999968, 16.40869701400004 ], [ -89.805222337999965, 16.408117807000053 ], [ -89.804385489999959, 16.407999627000038 ], [ -89.803348751999977, 16.408034693000047 ], [ -89.802470877999951, 16.40826269400003 ], [ -89.80199036, 16.408838245000027 ], [ -89.801552016999949, 16.408798378000029 ], [ -89.801115915999958, 16.408104189000028 ], [ -89.800359119999939, 16.407909259000064 ], [ -89.799680767999973, 16.408061001000021 ], [ -89.798038093999935, 16.410325876000059 ], [ -89.797974377999935, 16.410335373000066 ], [ -89.797872343999984, 16.410428520000039 ], [ -89.797629594999989, 16.410418144000062 ], [ -89.797583268999972, 16.41039366900003 ], [ -89.797280187999945, 16.410438844000055 ], [ -89.796983019999971, 16.409961213000031 ], [ -89.796980309999981, 16.409958455000037 ], [ -89.796972837999988, 16.409944848000066 ], [ -89.796368495999957, 16.408973496000044 ], [ -89.795851392999964, 16.408625350000023 ], [ -89.795314530999974, 16.408867072000078 ], [ -89.795196416999943, 16.409142647000067 ], [ -89.795115315999965, 16.409649314000035 ], [ -89.795019866999951, 16.410012460000075 ], [ -89.794864580999956, 16.410480619000055 ], [ -89.794744770999955, 16.410728904000052 ], [ -89.794560978999982, 16.410857413000031 ], [ -89.794303089999971, 16.41092350100007 ], [ -89.793951697999944, 16.410812324000062 ], [ -89.793518220999943, 16.410562730000038 ], [ -89.792615855999941, 16.410346191000031 ], [ -89.792520232999948, 16.409796327000038 ], [ -89.792450427999938, 16.409429930000044 ], [ -89.792362418999971, 16.409104427000045 ], [ -89.792273175999981, 16.409010455000043 ], [ -89.792156600999988, 16.409023302000037 ], [ -89.792015622999941, 16.409093694000035 ], [ -89.79182181799996, 16.409250862000022 ], [ -89.791751378999948, 16.409547136000072 ], [ -89.791809260999969, 16.409982533000061 ], [ -89.791798330999939, 16.410264661000042 ], [ -89.791643573999977, 16.410584563000043 ], [ -89.791493857999967, 16.410880569000028 ], [ -89.791254729999935, 16.411238446000027 ], [ -89.791075457999966, 16.411486528000069 ], [ -89.790842201999965, 16.411590955000065 ], [ -89.79047062799998, 16.411580135000065 ], [ -89.790431168999987, 16.411591581000039 ], [ -89.78992195099994, 16.412106754000035 ], [ -89.789743706999957, 16.412548515000026 ], [ -89.789683016999959, 16.412887863000037 ], [ -89.789830029999962, 16.413337909000063 ], [ -89.790041473999963, 16.413783391000038 ], [ -89.790129394999951, 16.414132806000055 ], [ -89.790128179999954, 16.414467573000024 ], [ -89.79000827499999, 16.414739767000071 ], [ -89.789848660999951, 16.415030956000066 ], [ -89.789659854999968, 16.415173791000029 ], [ -89.789317950999987, 16.415177417000052 ], [ -89.789093389999948, 16.415107731000035 ], [ -89.789050070999963, 16.415144362000035 ], [ -89.786780490999945, 16.41432861100003 ], [ -89.786245517999987, 16.414629931000036 ], [ -89.786003823999977, 16.414979663000054 ], [ -89.785549281999977, 16.415977646000044 ], [ -89.785350509999944, 16.416134790000058 ], [ -89.78493302399994, 16.416482487000053 ], [ -89.784659681999983, 16.416706331000057 ], [ -89.784406666999985, 16.416791553000053 ], [ -89.784197343999949, 16.416775143000052 ], [ -89.783428007999987, 16.417186155000024 ], [ -89.783244117999971, 16.417634079000038 ], [ -89.783179503999975, 16.417813900000056 ], [ -89.783179487999973, 16.417818172000068 ], [ -89.78341708499994, 16.418242307000071 ], [ -89.783764926999936, 16.418299438000076 ], [ -89.78382144599999, 16.418291242000066 ], [ -89.784034333999955, 16.41833979300003 ], [ -89.784142817999964, 16.41848363500003 ], [ -89.784181757999988, 16.418675065000059 ], [ -89.784062260999974, 16.41883247800007 ], [ -89.78389318, 16.418999287000076 ], [ -89.78360509099997, 16.419189602000074 ], [ -89.78337639199998, 16.419399249000037 ], [ -89.783132028999944, 16.419889046000037 ], [ -89.782967782999947, 16.420218257000045 ], [ -89.782802344999936, 16.420549855000047 ], [ -89.782683547999966, 16.420515972000032 ], [ -89.782438337999963, 16.420374801000037 ], [ -89.782433570999956, 16.420370582000032 ], [ -89.782213299999967, 16.420354632000056 ], [ -89.781348650999973, 16.419297857000061 ], [ -89.781134983999948, 16.419056334000061 ], [ -89.781040656999949, 16.418921422000039 ], [ -89.780824044999974, 16.418656676000069 ], [ -89.780667269999981, 16.417924994000032 ], [ -89.779392090999977, 16.417728211000053 ], [ -89.778992961999961, 16.417842342000029 ], [ -89.778991936999944, 16.418120448000025 ], [ -89.77904597, 16.41835913400007 ], [ -89.779082943999981, 16.418645554000022 ], [ -89.778960305999988, 16.418902062000029 ], [ -89.77854816699994, 16.419289710000044 ], [ -89.778498750999972, 16.419396511000059 ], [ -89.778363866999939, 16.419951538000078 ], [ -89.778363084999967, 16.419979112000021 ], [ -89.778582404999952, 16.420317544000056 ], [ -89.778915323999968, 16.420788501000061 ], [ -89.779058181999972, 16.421236782000051 ], [ -89.779177466999954, 16.421890525000038 ], [ -89.779054718999987, 16.422176396000054 ], [ -89.778826274999972, 16.422249020000038 ], [ -89.778325511999981, 16.421916962000068 ], [ -89.777740952999977, 16.421621319000053 ], [ -89.77716120499997, 16.421884663000071 ], [ -89.776883062999957, 16.422597445000065 ], [ -89.776798821999989, 16.423409238000033 ], [ -89.776682888999972, 16.423908015000052 ], [ -89.776347144999988, 16.424200491000022 ], [ -89.776207658999965, 16.424897388000034 ], [ -89.775885819999985, 16.42554227100004 ], [ -89.775633219999975, 16.425974508000024 ], [ -89.775381299999935, 16.426223226000047 ], [ -89.77507673599996, 16.426310264000051 ], [ -89.774741802999984, 16.426382516000047 ], [ -89.774338252999939, 16.42649857400005 ], [ -89.774065716999985, 16.426494077000029 ], [ -89.773737594999943, 16.426559556000029 ], [ -89.773602211999957, 16.426505401000043 ], [ -89.773395006999976, 16.426524675000053 ], [ -89.773151889999951, 16.426450425000041 ], [ -89.772856022999974, 16.426243857000031 ], [ -89.772788416999958, 16.426179868000077 ], [ -89.772184895999942, 16.425938445000043 ], [ -89.771263507999947, 16.426034069000025 ], [ -89.77090814, 16.426442644000076 ], [ -89.770580235999944, 16.426669070000059 ], [ -89.770290990999968, 16.426726791000021 ], [ -89.769896112999959, 16.426556580000067 ], [ -89.769875095999964, 16.426537762000066 ], [ -89.76927256, 16.426390151000078 ], [ -89.769243296999946, 16.425973317000057 ], [ -89.768766561999939, 16.425554298000066 ], [ -89.76834052199996, 16.425582176000034 ], [ -89.767905721999966, 16.425918338000031 ], [ -89.767332564999947, 16.426377992000027 ], [ -89.766734638999935, 16.426486684000054 ], [ -89.766720434999968, 16.426496662000034 ], [ -89.765083061999974, 16.42718357800004 ], [ -89.765057026999955, 16.42717798700005 ], [ -89.76505634099999, 16.427178341000058 ], [ -89.764432459999966, 16.427227542000026 ], [ -89.76389136399996, 16.426927646000024 ], [ -89.763808225999981, 16.426909790000025 ], [ -89.763053966999962, 16.427516786000069 ], [ -89.763000991999945, 16.427633606000029 ], [ -89.762855426999977, 16.427912045000028 ], [ -89.762283288999981, 16.428357824000045 ], [ -89.761863767999955, 16.428672004000077 ], [ -89.76183456199999, 16.428680792000023 ], [ -89.761687780999978, 16.428826449000042 ], [ -89.75913411, 16.428218333000075 ], [ -89.758974962999957, 16.428272763000052 ], [ -89.758639046999974, 16.428601912000033 ], [ -89.758379607999984, 16.428821220000032 ], [ -89.75815817199998, 16.428996308000023 ], [ -89.757769343999939, 16.429288873000075 ], [ -89.757498041999952, 16.429548800000077 ], [ -89.756861859999958, 16.430419123000036 ], [ -89.756805627999938, 16.430694895000045 ], [ -89.756560781999951, 16.431075749000058 ], [ -89.756170832999942, 16.431610246000048 ], [ -89.755750595999984, 16.43210792900004 ], [ -89.755025383999964, 16.432795390000024 ], [ -89.754742864999969, 16.433080678000067 ], [ -89.754490545999943, 16.433424799000022 ], [ -89.754169881999985, 16.433739313000046 ], [ -89.753849917999958, 16.433870310000032 ], [ -89.753522514999986, 16.433957235000037 ], [ -89.753081159999965, 16.434007050000048 ], [ -89.752782722999939, 16.433917243000053 ], [ -89.752531184999953, 16.433810323000046 ], [ -89.752400809999983, 16.433767024000076 ], [ -89.751956303999975, 16.433708763000027 ], [ -89.751773260999983, 16.43374545100005 ], [ -89.751530634999938, 16.433696761000022 ], [ -89.751492243999962, 16.433647938000036 ], [ -89.751422169999955, 16.433638753000025 ], [ -89.751405592999959, 16.433537738000041 ], [ -89.751402419999977, 16.433533703000023 ], [ -89.751402732999964, 16.433520311000052 ], [ -89.751199417999942, 16.432281388000035 ], [ -89.75111476699999, 16.432303600000068 ], [ -89.750836758999981, 16.432436515000063 ], [ -89.750534321999965, 16.432478477000075 ], [ -89.750201823999987, 16.432606414000077 ], [ -89.74994288399995, 16.432935474000033 ], [ -89.74975810699999, 16.433307840000055 ], [ -89.749687263999988, 16.433690178000063 ], [ -89.749621798999954, 16.433962541000028 ], [ -89.749429797999937, 16.434115653000049 ], [ -89.749092248999943, 16.434267481000063 ], [ -89.749045559999956, 16.434285804000069 ], [ -89.749027111999965, 16.434322835000046 ], [ -89.748849699999937, 16.434362666000027 ], [ -89.748729959999935, 16.43440965700006 ], [ -89.748293377999971, 16.434542 ], [ -89.747886581999978, 16.434660102000066 ], [ -89.747569109999972, 16.434745047000035 ], [ -89.747043734999977, 16.434771857000044 ], [ -89.747024161999946, 16.434772513000041 ], [ -89.745315655999946, 16.435156069000072 ], [ -89.744431779999957, 16.435319248000042 ], [ -89.744271085999969, 16.435440988000039 ], [ -89.743983194999942, 16.435564293000027 ], [ -89.743705621999936, 16.435582422000039 ], [ -89.743408301999978, 16.435581350000064 ], [ -89.743235216999949, 16.435489861000065 ], [ -89.74308763099998, 16.435211950000053 ], [ -89.743009864999976, 16.434819514000026 ], [ -89.742981454999949, 16.434685397000067 ], [ -89.742533572999946, 16.43418977500005 ], [ -89.742463904999966, 16.434187821000023 ], [ -89.741178187999935, 16.434264561000077 ], [ -89.740999993999935, 16.43430053700007 ], [ -89.740948132999961, 16.434278291000055 ], [ -89.740125369999987, 16.434327393000046 ], [ -89.740086106999968, 16.434359871000026 ], [ -89.739869413999941, 16.435072246000061 ], [ -89.739856833999966, 16.435181141000044 ], [ -89.739787896999985, 16.43534022700004 ], [ -89.739651128999981, 16.435789847000024 ], [ -89.739390323999942, 16.435815040000023 ], [ -89.739279204999946, 16.43590118700007 ], [ -89.739045782999938, 16.436034248000055 ], [ -89.73880259799995, 16.436129013000027 ], [ -89.738569566999956, 16.436161644000038 ], [ -89.738267644999951, 16.436069683000028 ], [ -89.737931035999964, 16.435977596000043 ], [ -89.737734616999944, 16.43597496700005 ], [ -89.737240145999976, 16.436022726000033 ], [ -89.737093246999962, 16.436060634000057 ], [ -89.736750842999982, 16.436183730000039 ], [ -89.736299064999969, 16.436397294000074 ], [ -89.735911837999936, 16.436577614000043 ], [ -89.735629063999966, 16.436657885000045 ], [ -89.735237366999968, 16.436713846000032 ], [ -89.734935126999972, 16.436703179000062 ], [ -89.734697307999966, 16.436692747000052 ], [ -89.734504460999972, 16.436586831000056 ], [ -89.73442436199997, 16.436474808000071 ], [ -89.732941413999981, 16.435507209000036 ], [ -89.73279413399996, 16.435504549000029 ], [ -89.732492253999965, 16.435403015000077 ], [ -89.732279738999978, 16.435258766000061 ], [ -89.732023226999956, 16.43496132000007 ], [ -89.731903910999961, 16.434830244000068 ], [ -89.731322903999967, 16.434451136000064 ], [ -89.73095073099995, 16.434285180000074 ], [ -89.730806875999974, 16.434282549000045 ], [ -89.730544470999973, 16.434224198000038 ], [ -89.730223186999979, 16.434017378000021 ], [ -89.729832511999973, 16.433815084000059 ], [ -89.729490898999984, 16.433737312000062 ], [ -89.729085056999963, 16.433611480000025 ], [ -89.728837821999946, 16.433476665000057 ], [ -89.728536512999938, 16.433231656000032 ], [ -89.728199857999982, 16.433153900000036 ], [ -89.728041307999945, 16.433148535000043 ], [ -89.727908063999962, 16.433009356000071 ], [ -89.72782495499996, 16.432891332000054 ], [ -89.727581376999979, 16.432782712000062 ], [ -89.727102712999965, 16.432819360000053 ], [ -89.727085652999961, 16.432840723000027 ], [ -89.727075921999983, 16.432920209000031 ], [ -89.727054663999979, 16.433283592000066 ], [ -89.726925259999973, 16.433426586000053 ], [ -89.726687236999965, 16.433468751000078 ], [ -89.726350164999985, 16.433496202000072 ], [ -89.725968268999964, 16.433580877000054 ], [ -89.72568589399998, 16.433560705000048 ], [ -89.725478341999974, 16.433416468000075 ], [ -89.725439067999957, 16.433246692000068 ], [ -89.725386538999942, 16.433236350000072 ], [ -89.725395687999935, 16.430927564000058 ], [ -89.72532088, 16.429695833000039 ], [ -89.724931731999959, 16.429711870000062 ], [ -89.72471468699996, 16.429802957000049 ], [ -89.724456789999977, 16.429859392000026 ], [ -89.724209031999976, 16.429858477000039 ], [ -89.723971069999948, 16.429886291000059 ], [ -89.723733562999939, 16.429799330000037 ], [ -89.723648717999936, 16.429764740000053 ], [ -89.723606104999988, 16.42976649600007 ], [ -89.72130727199999, 16.428854067000032 ], [ -89.721269566999979, 16.428867205000074 ], [ -89.721040095999967, 16.428957959000059 ], [ -89.719578838999951, 16.429790060000073 ], [ -89.719316423999942, 16.429740342000059 ], [ -89.71918468399997, 16.429792021000026 ], [ -89.718911900999956, 16.429853177000041 ], [ -89.718629590999967, 16.429818650000072 ], [ -89.718327727999963, 16.429717096000047 ], [ -89.717684628999962, 16.42944688700004 ], [ -89.717522049999957, 16.429421907000062 ], [ -89.717428275999964, 16.429426165000052 ], [ -89.716979356999957, 16.429589297000064 ], [ -89.716861076999976, 16.429692499000055 ], [ -89.71672139399999, 16.429926314000056 ], [ -89.716586377999988, 16.430231881000054 ], [ -89.716407186999959, 16.430432072000031 ], [ -89.716143871999975, 16.430603253000072 ], [ -89.715905658999986, 16.430693228000052 ], [ -89.715752450999958, 16.430592226000044 ], [ -89.71559029299999, 16.43025207200003 ], [ -89.715552217999971, 16.430153651000069 ], [ -89.715232420999939, 16.429889262000074 ], [ -89.713865753999983, 16.429128753000043 ], [ -89.713817389999974, 16.429116458000067 ], [ -89.713724844999945, 16.429124822000063 ], [ -89.713468392999971, 16.429282876000059 ], [ -89.713195667999969, 16.429329678000045 ], [ -89.71282896799994, 16.429333085000053 ], [ -89.712497011999972, 16.429322275000061 ], [ -89.712319481999941, 16.429293354000038 ], [ -89.71206407599999, 16.429251746000034 ], [ -89.711837540999966, 16.429214841000032 ], [ -89.711586107999949, 16.429173879000075 ], [ -89.711400578999985, 16.429143654000029 ], [ -89.711299904999976, 16.429074834000062 ], [ -89.71069074199994, 16.428948688000048 ], [ -89.71016199099995, 16.429181795000034 ], [ -89.709850560999939, 16.429412758000069 ], [ -89.709610259999977, 16.429543799000044 ], [ -89.709134894999977, 16.429460708000022 ], [ -89.70900418399998, 16.429453456000033 ], [ -89.70831949799998, 16.429503053000076 ], [ -89.70827742299997, 16.429514863000065 ], [ -89.708088429999975, 16.429686315000026 ], [ -89.708086938999941, 16.430054551000069 ], [ -89.707987098999979, 16.430235904000028 ], [ -89.707728771999939, 16.430397529000061 ], [ -89.70733146699996, 16.430616017000034 ], [ -89.707147193999958, 16.430844874000059 ], [ -89.706933811999988, 16.43092058600007 ], [ -89.706492819999937, 16.430914137000059 ], [ -89.705814368999938, 16.430811141000049 ], [ -89.705200238999964, 16.430732298000066 ], [ -89.704694675999974, 16.43076386000007 ], [ -89.704193735999979, 16.430876737000062 ], [ -89.703837091999958, 16.430989970000041 ], [ -89.704470922999974, 16.432248432000051 ], [ -89.704505125999958, 16.432288712000059 ], [ -89.704751640999973, 16.432595717000027 ], [ -89.704830204999951, 16.432772962000058 ], [ -89.704799363999939, 16.432900540000048 ], [ -89.704813440999942, 16.432928490000052 ], [ -89.704790941999988, 16.432935377000035 ], [ -89.704774762999989, 16.433002305000059 ], [ -89.704630380999959, 16.433169140000075 ], [ -89.704411824999966, 16.433297435000043 ], [ -89.704124128999979, 16.433368079000047 ], [ -89.703816943999982, 16.433357349000062 ], [ -89.703743238999948, 16.433256086000029 ], [ -89.703695631999949, 16.433270658000026 ], [ -89.702982102999954, 16.43222890900006 ], [ -89.702066883999976, 16.431729709000024 ], [ -89.702014940999959, 16.431719723000072 ], [ -89.701755059999982, 16.431709984000065 ], [ -89.699939707999988, 16.431894142000033 ], [ -89.699789082999985, 16.431950364000045 ], [ -89.699431230999949, 16.432212029000027 ], [ -89.698938373999965, 16.43276968300006 ], [ -89.698540857999944, 16.433035976000042 ], [ -89.698143635999941, 16.433230535000064 ], [ -89.697726768999985, 16.433381977000067 ], [ -89.697359473999938, 16.433528825000053 ], [ -89.696957195999971, 16.433747274000041 ], [ -89.696629167999959, 16.433985135000057 ], [ -89.69636561599998, 16.43420889600003 ], [ -89.696136887999955, 16.434399314000075 ], [ -89.695868083999983, 16.434694789000048 ], [ -89.695554819999984, 16.434956617000068 ], [ -89.695296259999964, 16.43517083100005 ], [ -89.694963350999956, 16.435389542000053 ], [ -89.694655867999984, 16.435450532000061 ], [ -89.694264676999978, 16.435382078000032 ], [ -89.693863970999985, 16.43521793900004 ], [ -89.693408874999989, 16.435024896000073 ], [ -89.693171673999984, 16.434866167000052 ], [ -89.692860835999966, 16.434539772000051 ], [ -89.69261427899994, 16.434247101000039 ], [ -89.692582917999971, 16.434199026000044 ], [ -89.69149007599998, 16.43306943400006 ], [ -89.69130682299999, 16.433112176000066 ], [ -89.691024490999951, 16.433421099000043 ], [ -89.690942217999975, 16.433561569000062 ], [ -89.690869029999988, 16.433761364000077 ], [ -89.690806406999968, 16.434048843000028 ], [ -89.690765319999969, 16.434397796000042 ], [ -89.690714598999989, 16.434679758000073 ], [ -89.690579083999978, 16.435095299000068 ], [ -89.690463488999967, 16.435487005000027 ], [ -89.690422756999965, 16.435749876000045 ], [ -89.690277745999936, 16.436064951000048 ], [ -89.689939814999946, 16.436297981000052 ], [ -89.68963262699998, 16.436287230000062 ], [ -89.689246906999983, 16.436094446000027 ], [ -89.68869290799995, 16.435853188000067 ], [ -89.68809727699994, 16.435607257000072 ], [ -89.687849882999956, 16.435483067000064 ], [ -89.685944949999964, 16.435011125000074 ], [ -89.685724602999983, 16.435100913000042 ], [ -89.685603525999966, 16.435190822000038 ], [ -89.685320357999956, 16.435361886000067 ], [ -89.684918343999982, 16.435513360000073 ], [ -89.68458592199994, 16.435612497000022 ], [ -89.684196362999955, 16.435723636000034 ], [ -89.68388575099999, 16.435850201000051 ], [ -89.683717411999964, 16.43592953600006 ], [ -89.68346902899998, 16.436076822000075 ], [ -89.683195688999945, 16.436267051000073 ], [ -89.682947464999984, 16.436376078000023 ], [ -89.682595338999988, 16.436446442000033 ], [ -89.68240758099995, 16.436452504000044 ], [ -89.682390254999973, 16.436459564000074 ], [ -89.682346369999948, 16.436454481000055 ], [ -89.682198856999946, 16.436459243000058 ], [ -89.681653854999979, 16.436437989000069 ], [ -89.68087591599999, 16.436425389000021 ], [ -89.680494438999972, 16.436404770000024 ], [ -89.680039274999956, 16.436230827000031 ], [ -89.679831869999987, 16.436163204000025 ], [ -89.679640315999961, 16.436141014000043 ], [ -89.677616642999965, 16.435824527000022 ], [ -89.677077469999972, 16.435874904000059 ], [ -89.67663113399999, 16.435959235000041 ], [ -89.67623952699995, 16.435991174000037 ], [ -89.676017239999965, 16.436002384000062 ], [ -89.67582962099999, 16.436032442000055 ], [ -89.67568906799994, 16.436089441000036 ], [ -89.675628858999971, 16.436266150000051 ], [ -89.67563729599999, 16.436615293000045 ], [ -89.675586734999968, 16.436854210000035 ], [ -89.675397686999986, 16.437030413000059 ], [ -89.675119726999981, 16.437139314000035 ], [ -89.674881649999975, 16.43719098300005 ], [ -89.674604072999955, 16.437209021000058 ], [ -89.674322024999981, 16.437112264000064 ], [ -89.673921333999942, 16.436948088000065 ], [ -89.673574827999971, 16.436860642000056 ], [ -89.673219113999949, 16.436730306000072 ], [ -89.673217612999963, 16.436729970000044 ], [ -89.672921458999951, 16.436685904000058 ], [ -89.672619003999955, 16.436727752000024 ], [ -89.672375709999983, 16.436841568000034 ], [ -89.672117649999961, 16.436931414000071 ], [ -89.671924068999942, 16.437007167000047 ], [ -89.671715663999976, 16.43707329700004 ], [ -89.671432968999966, 16.437129568000046 ], [ -89.671219992999966, 16.437104815000055 ], [ -89.67089836599996, 16.436993551000057 ], [ -89.6707026, 16.436916352000026 ], [ -89.670370048999985, 16.437201151000068 ], [ -89.670337280999945, 16.437259143000063 ], [ -89.670152432999942, 16.437612303000037 ], [ -89.670022476999975, 16.437874817000022 ], [ -89.669898086999979, 16.437993882000058 ], [ -89.669724264999957, 16.438084059000062 ], [ -89.669471706999957, 16.438044800000057 ], [ -89.66939311699997, 16.438037794000024 ], [ -89.669184727999948, 16.438216257000022 ], [ -89.668953278999936, 16.437945991000049 ], [ -89.668892443999937, 16.43792294800005 ], [ -89.668699796999988, 16.437778716000025 ], [ -89.668640635999964, 16.437580914000023 ], [ -89.668192806999969, 16.437057975000073 ], [ -89.666023361999976, 16.435224549000054 ], [ -89.665930936999985, 16.435175712000046 ], [ -89.665634500999943, 16.434968894000065 ], [ -89.665279072999965, 16.434651848000044 ], [ -89.665184688999943, 16.434515761000057 ], [ -89.66517337099998, 16.434506196000029 ], [ -89.665174466999986, 16.434501021000074 ], [ -89.665022973999953, 16.434282591000056 ], [ -89.665088719999972, 16.433972002000075 ], [ -89.665178505999961, 16.433833672000048 ], [ -89.665328482999939, 16.433773430000031 ], [ -89.66537684299999, 16.43354497100006 ], [ -89.666007843999978, 16.432657229000029 ], [ -89.665838898999937, 16.432358564000026 ], [ -89.665637043999936, 16.432051693000062 ], [ -89.665464584999938, 16.431672018000029 ], [ -89.665306097999974, 16.431428306000043 ], [ -89.663183863999961, 16.431246214000055 ], [ -89.663177731999951, 16.431248037000046 ], [ -89.662948771999936, 16.431486239000037 ], [ -89.662744402999977, 16.431767580000042 ], [ -89.662624659999949, 16.431958395000038 ], [ -89.662469902999987, 16.432225587000062 ], [ -89.662310640999976, 16.432387550000044 ], [ -89.662087289999988, 16.432472740000037 ], [ -89.661869159999981, 16.432495780000067 ], [ -89.661581945999956, 16.432451592000064 ], [ -89.661299808999956, 16.432378730000039 ], [ -89.661027726999976, 16.432272432000048 ], [ -89.660879462999958, 16.432180975000051 ], [ -89.660731156999987, 16.432099083000026 ], [ -89.660725413999955, 16.432094479000057 ], [ -89.659084656999937, 16.431749782000054 ], [ -89.659101428999975, 16.43167575800004 ], [ -89.658979133999935, 16.431604273000062 ], [ -89.658870799999988, 16.431446023000035 ], [ -89.658886344999985, 16.431288269000049 ], [ -89.658941714999969, 16.43108763400005 ], [ -89.659071288999939, 16.430915990000074 ], [ -89.659151537999946, 16.430691543000023 ], [ -89.659212561999936, 16.430328332000045 ], [ -89.659267566999972, 16.42998835800006 ], [ -89.658980009999937, 16.42975788800004 ], [ -89.65890705399994, 16.429930176000028 ], [ -89.658807231999958, 16.430097157000034 ], [ -89.658702680999966, 16.430211513000074 ], [ -89.658539141999938, 16.430215640000029 ], [ -89.658395649999989, 16.430167242000039 ], [ -89.658258327999988, 16.429836712000053 ], [ -89.658190068999943, 16.429697038000029 ], [ -89.658136530999968, 16.429706508000038 ], [ -89.657701002999943, 16.429012043000057 ], [ -89.657327847999966, 16.429226111000048 ], [ -89.657363703999977, 16.429311850000033 ], [ -89.657372624999937, 16.429541437000069 ], [ -89.657252485999948, 16.429823111000076 ], [ -89.657122952999941, 16.429985189000035 ], [ -89.656914983999968, 16.429950878000056 ], [ -89.656662954999945, 16.429792049000071 ], [ -89.656292148999967, 16.429599266000025 ], [ -89.655832461999978, 16.429334391000054 ], [ -89.655427447999955, 16.429031477000024 ], [ -89.655329152999968, 16.42884457100007 ], [ -89.655616669999972, 16.428817034000076 ], [ -89.655825423999943, 16.428769212000077 ], [ -89.65643122299997, 16.427583189000075 ], [ -89.655836478999959, 16.426811173000033 ], [ -89.655170845999976, 16.426695067000026 ], [ -89.655137508999985, 16.426710706000051 ], [ -89.654370986999936, 16.42733417900007 ], [ -89.654281218999984, 16.427766905000055 ], [ -89.654186038999967, 16.428005636000023 ], [ -89.653986636999946, 16.428282206000063 ], [ -89.653773052999952, 16.428400903000068 ], [ -89.653640712999959, 16.428442885000038 ], [ -89.653556226999967, 16.428572147000068 ], [ -89.653396553999983, 16.428505331000054 ], [ -89.653321604999974, 16.428523422000069 ], [ -89.653162960999964, 16.428541911000025 ], [ -89.652995192999981, 16.428378636000048 ], [ -89.652941909999981, 16.428096265000022 ], [ -89.652948439999989, 16.427732837000065 ], [ -89.652980158999981, 16.427273863000039 ], [ -89.653011670999945, 16.426862713000048 ], [ -89.653062276999947, 16.426619019000043 ], [ -89.653172177999977, 16.426413824000065 ], [ -89.653317114999936, 16.42612747000004 ], [ -89.653361151999945, 16.426014827000074 ], [ -89.65325095899999, 16.425415505000046 ], [ -89.652672477999943, 16.42492287500005 ], [ -89.65255599599999, 16.424935889000039 ], [ -89.65174938199999, 16.425774023000031 ], [ -89.651562986999977, 16.426134735000062 ], [ -89.65140341099999, 16.426368422000053 ], [ -89.651194657999952, 16.426515830000028 ], [ -89.65094686599997, 16.426524392000033 ], [ -89.650709545999973, 16.426403875000062 ], [ -89.650468226999976, 16.426063355000053 ], [ -89.650291010999979, 16.42579482900004 ], [ -89.65022296699999, 16.425687634000042 ], [ -89.649782269999946, 16.425401486000055 ], [ -89.649888679999947, 16.425198164000051 ], [ -89.649872519999974, 16.425176218000047 ], [ -89.649873143999969, 16.42503275100006 ], [ -89.650046919999966, 16.424952156000074 ], [ -89.650453288999984, 16.424939454000025 ], [ -89.650527095999962, 16.424935740000024 ], [ -89.651210167999977, 16.424750365000023 ], [ -89.651331436999953, 16.424684761000037 ], [ -89.651344588999962, 16.424664881000069 ], [ -89.651421077999942, 16.423787784000069 ], [ -89.651406404999989, 16.42374251800004 ], [ -89.650549320999971, 16.423211123000044 ], [ -89.650507552999954, 16.423209948000022 ], [ -89.650450878999948, 16.423213033000025 ], [ -89.650128809999956, 16.423211729000059 ], [ -89.649908189999962, 16.423193085000037 ], [ -89.648954680999964, 16.423166256000059 ], [ -89.648911361999978, 16.422902472000033 ], [ -89.648886750999964, 16.422833678000075 ], [ -89.648882751999963, 16.422728253000059 ], [ -89.648682754999982, 16.421510405000049 ], [ -89.647609344999978, 16.420813424000073 ], [ -89.647708491999936, 16.420655447000058 ], [ -89.647597527999949, 16.420653706000053 ], [ -89.647251565999966, 16.420569798000031 ], [ -89.64691499099996, 16.420487132000062 ], [ -89.646771821999948, 16.420366993000073 ], [ -89.646797326999945, 16.42019971600007 ], [ -89.646921655999961, 16.420095010000068 ], [ -89.647184365999976, 16.420072166000068 ], [ -89.647560619999979, 16.420145428000069 ], [ -89.647862843999974, 16.420151437000072 ], [ -89.647992127999942, 16.420046751000029 ], [ -89.648077421999972, 16.419803200000047 ], [ -89.648040871999967, 16.419604430000049 ], [ -89.647815398999967, 16.419275011000025 ], [ -89.646740660999967, 16.418885924000051 ], [ -89.646462545999952, 16.418653889000041 ], [ -89.646743682999954, 16.417889061000039 ], [ -89.64674303299995, 16.417883414000073 ], [ -89.646168663999958, 16.417307448000031 ], [ -89.645987747999982, 16.417236181000078 ], [ -89.645735555999977, 16.417120380000028 ], [ -89.645528208999963, 16.416947374000074 ], [ -89.645306226999935, 16.416721703000064 ], [ -89.64520280399995, 16.41657781300006 ], [ -89.645176563999939, 16.416539473000057 ], [ -89.644797515999983, 16.416492147000042 ], [ -89.644555087999947, 16.417222286000026 ], [ -89.644321641999966, 16.417317737000076 ], [ -89.644257952999965, 16.417363045000059 ], [ -89.644225465999966, 16.417357061000075 ], [ -89.643995932999985, 16.417450913000039 ], [ -89.643141261999972, 16.416944748000049 ], [ -89.643135045999941, 16.416942406000032 ], [ -89.642714919999946, 16.416706359000045 ], [ -89.64268780399999, 16.416676192000068 ], [ -89.641967829999942, 16.416249791000041 ], [ -89.641210681999951, 16.416169698000033 ], [ -89.640806017999978, 16.416269834000047 ], [ -89.640267869999946, 16.41656245300004 ], [ -89.639810100999966, 16.417000549000022 ], [ -89.639686007999956, 16.41713287500005 ], [ -89.63967, 16.41744 ], [ -89.63967773, 16.417786418000048 ], [ -89.636964366999962, 16.417571932000044 ], [ -89.63605705399999, 16.416967255000031 ], [ -89.63575444899999, 16.413220759000069 ], [ -89.63660134, 16.411594827000044 ], [ -89.637535702999969, 16.410965505000036 ], [ -89.637814209999988, 16.408026069000073 ], [ -89.635190575999957, 16.405227442000069 ], [ -89.635099633999971, 16.404330066000057 ], [ -89.632938100999979, 16.403145613000049 ], [ -89.630438890999983, 16.404159403000051 ], [ -89.624082468999973, 16.403249387000074 ], [ -89.621524250999983, 16.40040203500007 ], [ -89.61833605299995, 16.399583440000072 ], [ -89.615871780999953, 16.395468171000061 ], [ -89.613541726999983, 16.394309045000057 ], [ -89.61232494099994, 16.393326953000042 ], [ -89.612068483999963, 16.39038236600004 ], [ -89.609576449999963, 16.387815821000061 ], [ -89.608674891999954, 16.384732198000052 ], [ -89.60781734699998, 16.384102287000076 ], [ -89.605359906999979, 16.38403214300007 ], [ -89.604022867999959, 16.381733571000041 ], [ -89.60252752699995, 16.380679240000063 ], [ -89.598920254999939, 16.380192142000055 ], [ -89.595881145999954, 16.380405849000056 ], [ -89.593133977999969, 16.378181424000047 ], [ -89.591538821999961, 16.379242141000077 ], [ -89.589344705999963, 16.382212390000063 ], [ -89.587960394999982, 16.38250585000003 ], [ -89.585378230999936, 16.380945207000025 ], [ -89.582923825999956, 16.380572468000025 ], [ -89.581136110999978, 16.378063378000036 ], [ -89.577548649999983, 16.377355102000024 ], [ -89.575893318999988, 16.377442107000036 ], [ -89.571152575999974, 16.375851792000049 ], [ -89.570377623999946, 16.375087706000045 ], [ -89.57001889299994, 16.373814774000039 ], [ -89.568484023999986, 16.372630973000071 ], [ -89.565159470999959, 16.372636495000052 ], [ -89.564557262999983, 16.369953732000056 ], [ -89.564190907999944, 16.369618287000037 ], [ -89.563332141999979, 16.370004799000071 ], [ -89.562758552999981, 16.370690453000066 ], [ -89.561355298999956, 16.371535169000026 ], [ -89.558820423999975, 16.371264665000069 ], [ -89.556938597999988, 16.372639707000076 ], [ -89.55022749599999, 16.370732370000042 ], [ -89.546587784999986, 16.370521446000055 ], [ -89.545163755999965, 16.371348776000048 ], [ -89.543498172999989, 16.371491777000074 ], [ -89.543520975999968, 16.373114606000058 ], [ -89.54081764099999, 16.37722556500006 ], [ -89.540185310999959, 16.378187727000068 ], [ -89.539675508999949, 16.380549826000049 ], [ -89.537060890999953, 16.382969767000077 ], [ -89.536691223999981, 16.38616117600003 ], [ -89.535689784999988, 16.387074357000074 ], [ -89.534298414999967, 16.387202599000034 ], [ -89.533064089999982, 16.385458256000049 ], [ -89.531149581999955, 16.385197623000067 ], [ -89.528486251999936, 16.386664378000035 ], [ -89.526495895999972, 16.388538233000077 ], [ -89.525937186999954, 16.388605716000029 ], [ -89.52564317599996, 16.388181145000033 ], [ -89.524061600999971, 16.388226066000072 ], [ -89.522643949999974, 16.38947188800006 ], [ -89.521332445999974, 16.390695762000064 ], [ -89.518944888999954, 16.392257193000034 ], [ -89.518725696999979, 16.394362251000075 ], [ -89.518076613999938, 16.395238292000045 ], [ -89.517516541999953, 16.395972518000065 ], [ -89.517399241999954, 16.395175161000054 ], [ -89.515747120999947, 16.394354605000046 ], [ -89.514284568999983, 16.395950490000075 ], [ -89.513074186999972, 16.394412916000022 ], [ -89.512670868999976, 16.392580730000077 ], [ -89.511755939999944, 16.391222933000051 ], [ -89.509283775999961, 16.391560956000035 ], [ -89.507493558999954, 16.393243860000041 ], [ -89.504178016999958, 16.392800593000061 ], [ -89.500346411999942, 16.393603268000049 ], [ -89.497554063999985, 16.394230271000026 ], [ -89.495636923999939, 16.39620652900004 ], [ -89.493970155999989, 16.396470917000045 ], [ -89.493559319999974, 16.395884154000044 ], [ -89.491514704999986, 16.395840981000049 ], [ -89.490502943999957, 16.396274234000032 ], [ -89.489230862999989, 16.398578223000072 ], [ -89.487939824999955, 16.399429870000063 ], [ -89.48472787299994, 16.399596124000027 ], [ -89.482099545999972, 16.400488515000063 ], [ -89.480976213999952, 16.400461793000034 ], [ -89.480321176999951, 16.398248557000045 ], [ -89.479597598999987, 16.397539198000061 ], [ -89.478799808999952, 16.397446847000026 ], [ -89.47599732499998, 16.400579105000077 ], [ -89.470231313999989, 16.403154942000072 ], [ -89.466333803999987, 16.402708044000065 ], [ -89.463883743999986, 16.403238782000074 ], [ -89.460297098999945, 16.402795879000053 ], [ -89.459910701999945, 16.400412279000022 ], [ -89.459357649999959, 16.399907681000059 ], [ -89.459147827999971, 16.39832694200004 ], [ -89.45807946299999, 16.397428941000044 ], [ -89.456006397999943, 16.398701526000025 ], [ -89.452417497999988, 16.398132112000042 ], [ -89.450284994999947, 16.396881028000053 ], [ -89.446365689999936, 16.396778641000026 ], [ -89.444391690999964, 16.395266197000069 ], [ -89.441911911999966, 16.393579331000069 ], [ -89.44150063, 16.393251965000047 ], [ -89.440891912999973, 16.393241651000039 ], [ -89.440317578999952, 16.393300735000025 ], [ -89.439921658999936, 16.39392805500006 ], [ -89.439401273999977, 16.395004524000058 ], [ -89.43768928899999, 16.395859974000075 ], [ -89.437367423999945, 16.39800365900004 ], [ -89.436042730999986, 16.398672742000031 ], [ -89.435251648999952, 16.399786344000063 ], [ -89.433030145999965, 16.400955743000054 ], [ -89.432242733999942, 16.404013204000023 ], [ -89.430830298999979, 16.404043345000048 ], [ -89.429988059999971, 16.40360258000004 ], [ -89.429584996999949, 16.40298539500003 ], [ -89.429242254999963, 16.402201139000056 ], [ -89.428987949999964, 16.401630481000041 ], [ -89.428189312999962, 16.400594790000071 ], [ -89.42769612799998, 16.400497275000077 ], [ -89.427229088999979, 16.400855976000059 ], [ -89.427102651999974, 16.401475434000076 ], [ -89.427238608999971, 16.40222232800005 ], [ -89.427699066999935, 16.402864185000055 ], [ -89.42818618199999, 16.403294403000075 ], [ -89.428661409999961, 16.403735698000048 ], [ -89.428996934999986, 16.404275024000071 ], [ -89.429010149999954, 16.404831426000044 ], [ -89.428353442999935, 16.405367407000028 ], [ -89.425836154999956, 16.405256869000027 ], [ -89.42209481499998, 16.40427143200003 ], [ -89.418206077999969, 16.404189317000032 ], [ -89.417437298999971, 16.40305821000004 ], [ -89.417255248999936, 16.400714213000072 ], [ -89.414865979999945, 16.40149922300003 ], [ -89.413396134999971, 16.400296343000036 ], [ -89.412322178999943, 16.400449471000059 ], [ -89.411563828999988, 16.401810579000028 ], [ -89.408414298999958, 16.403962215000035 ], [ -89.405416909999985, 16.403683024000031 ], [ -89.404692687999955, 16.403184398000064 ], [ -89.402448668999966, 16.403249740000035 ], [ -89.401566551999963, 16.40390134200004 ], [ -89.400127288999954, 16.403962402000047 ], [ -89.398982733999958, 16.402902643000061 ], [ -89.397006015999978, 16.400607972000046 ], [ -89.395945234999942, 16.400839080000026 ], [ -89.394232821999935, 16.402246896000065 ], [ -89.392739703999951, 16.401807226000074 ], [ -89.391393454999957, 16.400660489000074 ], [ -89.390263508999965, 16.400839610000048 ], [ -89.38970279199998, 16.400445282000078 ], [ -89.389923521999947, 16.39944054700004 ], [ -89.391739856999948, 16.398924634000025 ], [ -89.391962353999986, 16.396270621000042 ], [ -89.38958544799999, 16.396037989000035 ], [ -89.389228732999982, 16.394184009000071 ], [ -89.38968855, 16.39070266300007 ], [ -89.388407274999963, 16.389269372000058 ], [ -89.387777226999958, 16.387599089000048 ], [ -89.382817615999954, 16.388260562000028 ], [ -89.379629626999986, 16.387247888000047 ], [ -89.379191967999986, 16.38604794400004 ], [ -89.379633355999943, 16.384075729000074 ], [ -89.376944495999965, 16.383565738000073 ], [ -89.375281040999937, 16.382584937000047 ], [ -89.374807661999967, 16.382811416000038 ], [ -89.374185039999986, 16.386490675000061 ], [ -89.373616457999958, 16.386714379000068 ], [ -89.372933385999943, 16.386936104000029 ], [ -89.37229486199999, 16.386929592000058 ], [ -89.37013091099999, 16.385935592000067 ], [ -89.369109693999974, 16.386810267000044 ], [ -89.366889520999962, 16.387021195000045 ], [ -89.363727303999951, 16.385981670000035 ], [ -89.362402240999984, 16.384276758000055 ], [ -89.362412401999961, 16.379577338000047 ], [ -89.359183780999956, 16.379823760000022 ], [ -89.356840586999965, 16.377323945000057 ], [ -89.352988606999986, 16.377977988000055 ], [ -89.351039019999973, 16.37775238200004 ], [ -89.351165079999987, 16.376442620000034 ], [ -89.352768978999961, 16.374962222000022 ], [ -89.353987453999935, 16.372905442000047 ], [ -89.354089702999943, 16.371586236000041 ], [ -89.353073909999978, 16.37126065700005 ], [ -89.349211994999962, 16.371984420000047 ], [ -89.347416391999957, 16.369425231000037 ], [ -89.346913129999962, 16.369406338000033 ], [ -89.346493236999947, 16.369710389000034 ], [ -89.345882160999963, 16.370366459000024 ], [ -89.345388827999955, 16.370472950000021 ], [ -89.344045881999989, 16.368738329000053 ], [ -89.342985703999943, 16.368132175000028 ], [ -89.338068610999983, 16.371207436000077 ], [ -89.336214888999962, 16.369547357000044 ], [ -89.334885977999988, 16.373221965000027 ], [ -89.334088141999985, 16.373989798000025 ], [ -89.333255482999959, 16.373995582000077 ], [ -89.332220383999982, 16.373361610000075 ], [ -89.330176224999946, 16.374229508000042 ], [ -89.329476187999944, 16.375140031000058 ], [ -89.328257684999983, 16.373381557000073 ], [ -89.32177747899999, 16.37050909800007 ], [ -89.32100703499998, 16.369722910000064 ], [ -89.32056664199996, 16.368316437000033 ], [ -89.31975598799994, 16.368085668000049 ], [ -89.317256594999947, 16.369210560000056 ], [ -89.315423487999965, 16.370785897000076 ], [ -89.311230653999985, 16.371119603000068 ], [ -89.308081811999955, 16.370399932000055 ], [ -89.307328241999983, 16.37203925700004 ], [ -89.304720757999974, 16.372911656000042 ], [ -89.30432030899999, 16.374195075000046 ], [ -89.302889123999989, 16.374804988000051 ], [ -89.301352314999974, 16.374448573000052 ], [ -89.299574315999962, 16.376160071000072 ], [ -89.29660430499996, 16.37670448800003 ], [ -89.293553734999989, 16.380672075000064 ], [ -89.292178720999971, 16.380502309000065 ], [ -89.291013734999979, 16.379299597000056 ], [ -89.290626477999979, 16.382348536000052 ], [ -89.292591784999956, 16.384606524000048 ], [ -89.292258896999954, 16.386203551000051 ], [ -89.291322969999953, 16.387372568000046 ], [ -89.291822439999976, 16.388301838000075 ], [ -89.291632148999952, 16.390790249000077 ], [ -89.289574148999975, 16.393265973000041 ], [ -89.287739828999975, 16.394358175000036 ], [ -89.286758035999981, 16.395323306000023 ], [ -89.284831922999956, 16.39555544600006 ], [ -89.284215436999943, 16.396697353000036 ], [ -89.282050752999965, 16.39709218400003 ], [ -89.280224460999989, 16.398342368000044 ], [ -89.276869269999963, 16.397985107000068 ], [ -89.275592557999971, 16.396760025000049 ], [ -89.273608369999977, 16.396789118000072 ], [ -89.269919113999947, 16.397776019000048 ], [ -89.267053193999971, 16.39857332400004 ], [ -89.266762878999941, 16.402028806000033 ], [ -89.265487697999959, 16.402286989000061 ], [ -89.263736886999936, 16.404656167000041 ], [ -89.26277424899996, 16.405558327000051 ], [ -89.260710890999974, 16.404315772000075 ], [ -89.257982194999954, 16.404745398000045 ], [ -89.254598244999954, 16.407353805000071 ], [ -89.252340231999938, 16.408130137000057 ], [ -89.251239795999936, 16.409328679000055 ], [ -89.250518240999952, 16.411640516000034 ], [ -89.248497847999943, 16.41345876400004 ], [ -89.248310663999973, 16.414260779000074 ], [ -89.24894532799999, 16.41559522700004 ], [ -89.249044319999939, 16.416191432000062 ], [ -89.248623355999939, 16.416539209000064 ], [ -89.248122686999977, 16.417112280000026 ], [ -89.246005332999971, 16.418893786000069 ], [ -89.245316254999977, 16.418871300000035 ], [ -89.240869206999946, 16.422105553000051 ], [ -89.235805544999948, 16.424702601000035 ], [ -89.235065103999943, 16.425494659000037 ], [ -89.233654437999974, 16.426618692000034 ], [ -89.231327947999944, 16.427870626000072 ], [ -89.227404571999955, 16.428085416000044 ], [ -89.22526478399999, 16.429531252000061 ], [ -89.223066632999974, 16.43033760000003 ], [ -89.222454994999964, 16.431204105000063 ], [ -89.221824389999938, 16.43120852800007 ], [ -89.218309550999948, 16.433407751000061 ], [ -89.212307344999942, 16.434656228000051 ], [ -89.20661901599999, 16.433794238000075 ], [ -89.202751271999944, 16.434450554000023 ], [ -89.197985285999948, 16.434541207000052 ], [ -89.19643413099999, 16.434555917000068 ], [ -89.19439207299996, 16.435292575000062 ], [ -89.19186857599999, 16.435246724000024 ], [ -89.192393162999963, 16.43133117900004 ], [ -89.193008738999936, 16.415190864000067 ], [ -89.195371482999974, 16.385252974000025 ], [ -89.195374638999965, 16.374986857000067 ], [ -89.196434378999982, 16.364931590000026 ], [ -89.196914220999986, 16.352056196000035 ], [ -89.196873219999986, 16.350133501000073 ], [ -89.197353439999972, 16.347837863000052 ], [ -89.198242986999958, 16.339515303000042 ], [ -89.199072466999951, 16.322695087000056 ], [ -89.200963055999978, 16.295712255000069 ], [ -89.202802747999954, 16.267511330000048 ] ] ] ] } },
{ "type": "Feature", "properties": { "Codigo": 801, "datos_finales_color_riesgo": "732600" }, "geometry": { "type": "MultiPolygon", "coordinates": [ [ [ [ -91.241042529999959, 14.946713279000051 ], [ -91.236868495999943, 14.946327503000077 ], [ -91.236206458999959, 14.946721173000071 ], [ -91.233138858999951, 14.946872567000071 ], [ -91.219343149999986, 14.946946183000023 ], [ -91.217458170999976, 14.945366871000033 ], [ -91.214426682999942, 14.940803010000025 ], [ -91.21188736, 14.938486515000022 ], [ -91.210624261999953, 14.936468061000028 ], [ -91.20953686699994, 14.935051965000071 ], [ -91.205165739999984, 14.930109239000046 ], [ -91.190437727999949, 14.912272031000043 ], [ -91.184899547999976, 14.906201405000047 ], [ -91.184509164999952, 14.905238092000047 ], [ -91.176498544999959, 14.896430845000054 ], [ -91.185174951999954, 14.892325613000025 ], [ -91.187061385999982, 14.891913529000021 ], [ -91.206830808999939, 14.883520772000054 ], [ -91.211599662999959, 14.874649326000053 ], [ -91.21264808899997, 14.871600569000066 ], [ -91.21285504399998, 14.86889545400004 ], [ -91.211952921999966, 14.860810043000072 ], [ -91.212188994999963, 14.859786125000028 ], [ -91.215653372999952, 14.858757944000047 ], [ -91.235096325999962, 14.855247974000065 ], [ -91.236486128999957, 14.854445265000038 ], [ -91.239552368999966, 14.854299328000025 ], [ -91.245010708999985, 14.853206874000023 ], [ -91.247120977999941, 14.851920436000057 ], [ -91.25060956699997, 14.85074049900004 ], [ -91.262781774999951, 14.844956085000035 ], [ -91.26423239199994, 14.846700028000043 ], [ -91.266021660999968, 14.852438935000066 ], [ -91.268499645999952, 14.85659012900004 ], [ -91.272044527999981, 14.86001501800007 ], [ -91.275777804999962, 14.862327376000053 ], [ -91.281774528999961, 14.86322866200004 ], [ -91.289259567999977, 14.861949223000067 ], [ -91.295265957999959, 14.860149048000039 ], [ -91.301950197999986, 14.855871695000076 ], [ -91.303106462999949, 14.85720993800004 ], [ -91.305152119999946, 14.866182710000032 ], [ -91.306458301999953, 14.874442805000058 ], [ -91.307314578999978, 14.875834179000037 ], [ -91.328700696999988, 14.87525438800003 ], [ -91.337267209999936, 14.875603591000072 ], [ -91.347562545999949, 14.867448839000076 ], [ -91.360030212999959, 14.858158972000069 ], [ -91.363530906999983, 14.855636324000045 ], [ -91.363058293999984, 14.854000446000043 ], [ -91.362048464999987, 14.851366548000044 ], [ -91.361753657999941, 14.850259535000077 ], [ -91.363202126999965, 14.849090383000032 ], [ -91.365562157999989, 14.847559404000037 ], [ -91.370168647999947, 14.84445136100004 ], [ -91.373532099999977, 14.841986301000077 ], [ -91.404228819999958, 14.822747638000067 ], [ -91.406518506999987, 14.825517925000042 ], [ -91.415887944999952, 14.84068002600003 ], [ -91.419085480999968, 14.844752343000039 ], [ -91.41942622, 14.845972605000043 ], [ -91.422493434999978, 14.849055418000034 ], [ -91.428751729999988, 14.851940864000028 ], [ -91.432170171999985, 14.854269007000028 ], [ -91.438537354999937, 14.856914306000021 ], [ -91.439826911999944, 14.857854024000062 ], [ -91.443058153999971, 14.860076809000077 ], [ -91.445956298999988, 14.863000036000074 ], [ -91.445845758999951, 14.869194 ], [ -91.445448058999943, 14.87103740200007 ], [ -91.440493897999943, 14.878601695000043 ], [ -91.439638565999985, 14.88284731300007 ], [ -91.439295861999938, 14.890675611000063 ], [ -91.437574623999978, 14.890852561000031 ], [ -91.432484211999963, 14.893214099000033 ], [ -91.424877855999966, 14.897658516000035 ], [ -91.424469621999947, 14.901234885000065 ], [ -91.415034237999976, 14.908998073000078 ], [ -91.411676989999989, 14.912975369000037 ], [ -91.409391205999952, 14.917143078000038 ], [ -91.409455628999979, 14.919838054000024 ], [ -91.410194265999962, 14.920988786000066 ], [ -91.412962965999952, 14.920843059000049 ], [ -91.414568802999952, 14.921225893000042 ], [ -91.418926227999975, 14.923011734000056 ], [ -91.419886977999965, 14.923986599000045 ], [ -91.419955947999938, 14.924803912000073 ], [ -91.418769988999941, 14.926502820000053 ], [ -91.412778915999979, 14.931117154000049 ], [ -91.406529657999954, 14.940927614000032 ], [ -91.40595665699999, 14.942205914000056 ], [ -91.405618667999988, 14.943050889000062 ], [ -91.405474112999968, 14.943900603000031 ], [ -91.405560198999979, 14.944753056000025 ], [ -91.405924246999973, 14.945337430000052 ], [ -91.410126052999942, 14.950475574000052 ], [ -91.411038530999974, 14.951781169000071 ], [ -91.412072775999945, 14.952885380000055 ], [ -91.41508844399999, 14.956431248000058 ], [ -91.41656272299997, 14.959178938000036 ], [ -91.41709166399994, 14.961291907000032 ], [ -91.413565872999982, 14.96065169700006 ], [ -91.398231068999962, 14.960606727000027 ], [ -91.38490479799998, 14.959897093000052 ], [ -91.374334499999975, 14.957499261000066 ], [ -91.36838987699997, 14.955508017000056 ], [ -91.366278268999963, 14.95437671600007 ], [ -91.36516824499995, 14.954334878000054 ], [ -91.357994926999936, 14.949827654000046 ], [ -91.349732834999941, 14.942698129000064 ], [ -91.344488367999986, 14.940029007000078 ], [ -91.342087460999949, 14.939310026000044 ], [ -91.335403531999987, 14.939054695000038 ], [ -91.319059107999976, 14.94082962400006 ], [ -91.306258198999956, 14.940346470000065 ], [ -91.300625016999959, 14.938953494000032 ], [ -91.297800514999949, 14.937384750000035 ], [ -91.28987617599995, 14.935846790000028 ], [ -91.269291180999971, 14.936436327000024 ], [ -91.266916581999965, 14.936901850000027 ], [ -91.259638219999943, 14.937719805000029 ], [ -91.25559384, 14.938628883000035 ], [ -91.252113305999956, 14.940572486000065 ], [ -91.248478524999939, 14.941827991000025 ], [ -91.246618871999942, 14.943402081000045 ], [ -91.24344165499997, 14.944963767000047 ], [ -91.241042529999959, 14.946713279000051 ] ] ] ] } },
{ "type": "Feature", "properties": { "Codigo": 101, "datos_finales_color_riesgo": "732600" }, "geometry": { "type": "MultiPolygon", "coordinates": [ [ [ [ -90.391035159999944, 14.619836581000072 ], [ -90.395760696999957, 14.619488601000057 ], [ -90.396546412999953, 14.618941834000054 ], [ -90.397929867999949, 14.61903858900007 ], [ -90.400733620999972, 14.618072832000053 ], [ -90.407058371999938, 14.61455366000007 ], [ -90.410485329999972, 14.614478847000044 ], [ -90.412848083999961, 14.613089098000046 ], [ -90.422576495999976, 14.610915932000069 ], [ -90.428872518999981, 14.611968990000037 ], [ -90.43069964099999, 14.613103652000063 ], [ -90.431593742999951, 14.613699557000075 ], [ -90.434369626999967, 14.613872411000045 ], [ -90.439694003999989, 14.61132703100003 ], [ -90.446358647999944, 14.609545986000057 ], [ -90.4481738, 14.607557003000068 ], [ -90.448762215999977, 14.605554582000025 ], [ -90.449513972999966, 14.604469731000052 ], [ -90.450554631999978, 14.603470468000069 ], [ -90.455303575999949, 14.600461041000074 ], [ -90.457290485999977, 14.599101677000021 ], [ -90.457872617999953, 14.599149803000046 ], [ -90.459197119999942, 14.598167137000075 ], [ -90.46723431099997, 14.596478267000066 ], [ -90.469412404999957, 14.594970673000034 ], [ -90.471491391999962, 14.593559094000057 ], [ -90.472087515999988, 14.592990776000022 ], [ -90.473695629999952, 14.589756014000045 ], [ -90.475525913999945, 14.587980342000037 ], [ -90.477978631999974, 14.584542371000055 ], [ -90.479384125999957, 14.581879008000044 ], [ -90.482289013999946, 14.578635561000056 ], [ -90.483393433999936, 14.578481465000038 ], [ -90.484960023999975, 14.579593699000043 ], [ -90.485782883999946, 14.579678219000073 ], [ -90.496131185999957, 14.577849342000036 ], [ -90.504191221999974, 14.577505355000028 ], [ -90.508298128999968, 14.576837770000054 ], [ -90.510157509999942, 14.57569107300003 ], [ -90.516304899999966, 14.574108916000057 ], [ -90.517723200999967, 14.572844534000069 ], [ -90.519056845999955, 14.569404281000061 ], [ -90.519790517999979, 14.569117328000061 ], [ -90.521734733999949, 14.565401211000051 ], [ -90.523005272999967, 14.563966954000023 ], [ -90.524223200999984, 14.561635495000075 ], [ -90.524408496999968, 14.560044058000074 ], [ -90.527083474999984, 14.558570431000021 ], [ -90.529461583999989, 14.556682576000071 ], [ -90.529989916999966, 14.556558290000055 ], [ -90.531850288999976, 14.553838307000035 ], [ -90.533811410999988, 14.543347680000068 ], [ -90.534538922999957, 14.541621902000031 ], [ -90.535141101999955, 14.540480894000041 ], [ -90.536342756999943, 14.538388566000037 ], [ -90.537501892999956, 14.537149514000077 ], [ -90.537999054999943, 14.537479975000053 ], [ -90.538628579999965, 14.538786396000035 ], [ -90.538987610999982, 14.539551304000042 ], [ -90.54044113499998, 14.540727480000044 ], [ -90.543266878999987, 14.541420037000023 ], [ -90.546892053999954, 14.543473825000035 ], [ -90.547871802999964, 14.543674941000063 ], [ -90.55657204299996, 14.544372345000056 ], [ -90.556663402999959, 14.547975747000066 ], [ -90.555560943999978, 14.549966470000072 ], [ -90.55563634899994, 14.555384477000075 ], [ -90.554790183999955, 14.557522418000076 ], [ -90.550511491999941, 14.562547022000047 ], [ -90.55009638699994, 14.562811443000044 ], [ -90.549702801999956, 14.564643541000066 ], [ -90.552719042999968, 14.565545816000053 ], [ -90.555069325999966, 14.567856094000035 ], [ -90.555498698999941, 14.572660073000065 ], [ -90.556357851999962, 14.575713630000052 ], [ -90.55652323299995, 14.576488924000046 ], [ -90.558707718999983, 14.57744230000003 ], [ -90.560155258999941, 14.578718846000072 ], [ -90.56034066899997, 14.579677295000067 ], [ -90.561229753999953, 14.580282847000035 ], [ -90.562348954999948, 14.580261781000047 ], [ -90.569533673999956, 14.577133961000072 ], [ -90.575794369999983, 14.576681791000055 ], [ -90.57776002199995, 14.577881177000052 ], [ -90.579025711999975, 14.579310451000026 ], [ -90.577451661999987, 14.58126702900006 ], [ -90.576946239999984, 14.586658741000065 ], [ -90.576351078999949, 14.588644658000021 ], [ -90.575176094999961, 14.589572037000039 ], [ -90.573362914999962, 14.592439692000028 ], [ -90.572136855999986, 14.597015291000048 ], [ -90.572360824999976, 14.612160420000066 ], [ -90.573389807999945, 14.616832888000033 ], [ -90.574220826999976, 14.621475064000037 ], [ -90.573819870999955, 14.624981885000068 ], [ -90.572769413999936, 14.628592603000072 ], [ -90.571288489999972, 14.629685003000077 ], [ -90.569102986999951, 14.629932097000051 ], [ -90.567259128999979, 14.631013903000053 ], [ -90.565881222999963, 14.63301529000006 ], [ -90.565492813999981, 14.636209389000044 ], [ -90.56670664699999, 14.643144655000071 ], [ -90.566061829999967, 14.649336598000048 ], [ -90.563242650999939, 14.651434658000028 ], [ -90.558790580999982, 14.652505956000027 ], [ -90.553055256999983, 14.652145277000045 ], [ -90.547026114999937, 14.653174891000049 ], [ -90.545275277999963, 14.653845271000023 ], [ -90.53835984899996, 14.657215301000065 ], [ -90.537668878999966, 14.657494817000043 ], [ -90.536196366999945, 14.657647474000044 ], [ -90.532904063999979, 14.659443096000075 ], [ -90.53004079499999, 14.663057951000042 ], [ -90.529299929999979, 14.665094042000021 ], [ -90.525662229999966, 14.667985762000058 ], [ -90.520335835999958, 14.671206067000071 ], [ -90.51926610199996, 14.671327893000068 ], [ -90.51617482499995, 14.672858868000048 ], [ -90.514989343999957, 14.673419846000058 ], [ -90.511552131999963, 14.675378421000062 ], [ -90.505365268999981, 14.676855706000026 ], [ -90.497866572999953, 14.676376384000037 ], [ -90.491876016999981, 14.675179119000063 ], [ -90.486493133999943, 14.673495941000056 ], [ -90.484413901999972, 14.673187729000063 ], [ -90.48314404599995, 14.674224153000068 ], [ -90.482485864999944, 14.675481752000053 ], [ -90.481342061999953, 14.680754130000025 ], [ -90.480597155999988, 14.682136122000031 ], [ -90.478618582999957, 14.683261927000046 ], [ -90.476636164999945, 14.684771605000037 ], [ -90.476615982999988, 14.685771876000047 ], [ -90.475725778999958, 14.686821405000046 ], [ -90.472724866999954, 14.687264135000078 ], [ -90.471486224999978, 14.688348240000039 ], [ -90.470821973999989, 14.693146950000028 ], [ -90.469730675999983, 14.693974054000023 ], [ -90.467013883999982, 14.694215408000048 ], [ -90.461795410999969, 14.693600518000039 ], [ -90.46060737, 14.694163408000065 ], [ -90.459107983999957, 14.695767401000069 ], [ -90.458405563999975, 14.69777195000006 ], [ -90.457807450999951, 14.698530996000045 ], [ -90.457296269999972, 14.698645085000067 ], [ -90.454019244999984, 14.702326463000077 ], [ -90.453817094999977, 14.703652185000067 ], [ -90.453415564999943, 14.704413375000058 ], [ -90.452146053999968, 14.705391989000077 ], [ -90.451888125999972, 14.705924396000057 ], [ -90.446614391999958, 14.706155420000073 ], [ -90.444699549999939, 14.706359021000026 ], [ -90.441094180999983, 14.709268689000055 ], [ -90.43792775299994, 14.709502444000066 ], [ -90.437247684999988, 14.708826439000063 ], [ -90.434746937999989, 14.706897210000022 ], [ -90.433935683999948, 14.706726752000066 ], [ -90.430918488999964, 14.707050142000071 ], [ -90.429495174999943, 14.707878988000061 ], [ -90.42366919899996, 14.709249468000053 ], [ -90.417890049999983, 14.708706359000075 ], [ -90.417219554999974, 14.708208823000064 ], [ -90.414156000999981, 14.708428716000071 ], [ -90.411741211999981, 14.708970853000039 ], [ -90.410503868999967, 14.710059097000055 ], [ -90.402328661999945, 14.711174647000064 ], [ -90.396640370999989, 14.713150050000024 ], [ -90.393834241999969, 14.712302111000042 ], [ -90.392993556999954, 14.711584669000047 ], [ -90.386822809999956, 14.709889161000035 ], [ -90.384076533999973, 14.708261548000053 ], [ -90.381956091999939, 14.706007531000068 ], [ -90.380701175999945, 14.703163705000065 ], [ -90.380374812999946, 14.698576808000041 ], [ -90.381894013999954, 14.694720991000054 ], [ -90.383303774999945, 14.691867734000027 ], [ -90.386611178999942, 14.686823840000045 ], [ -90.387039820999973, 14.683356520000075 ], [ -90.386740114999952, 14.677682535000031 ], [ -90.38844063, 14.672987449000061 ], [ -90.389041709999958, 14.672037813000031 ], [ -90.390358283999944, 14.668704662000039 ], [ -90.390802625999982, 14.668157495000059 ], [ -90.390601265999976, 14.664889710000068 ], [ -90.389075841999954, 14.660847126000021 ], [ -90.388615258999948, 14.660564178000072 ], [ -90.388131889999954, 14.659024221000038 ], [ -90.387952412999937, 14.655771363000042 ], [ -90.388353642999959, 14.655483419000063 ], [ -90.389783376999958, 14.650908322000078 ], [ -90.389338712999972, 14.646981764000031 ], [ -90.388267350999968, 14.645295194000028 ], [ -90.387828034999984, 14.641800036000063 ], [ -90.387314522999986, 14.64119129900007 ], [ -90.386400704999971, 14.633943139000053 ], [ -90.386313239999936, 14.628794330000062 ], [ -90.387144287999945, 14.624862897000071 ], [ -90.388078174999976, 14.623606456000061 ], [ -90.389438619999964, 14.621923452000033 ], [ -90.391035159999944, 14.619836581000072 ] ] ] ] } }
]
}
