{
"type": "FeatureCollection",
"name": "color_vul_bajo",
"crs": { "type": "name", "properties": { "name": "urn:ogc:def:crs:OGC:1.3:CRS84" } },
"features": [
{ "type": "Feature", "properties": { "Codigo": 907, "datos_finales_color_riesgo": "9AB5DC" }, "geometry": { "type": "MultiPolygon", "coordinates": [ [ [ [ -91.572914480999941, 14.934055065000052 ], [ -91.574064876999955, 14.930183452000051 ], [ -91.574665477999986, 14.925096068000073 ], [ -91.575274760999946, 14.922124952000047 ], [ -91.577124263999963, 14.922798559000057 ], [ -91.57967161299996, 14.922578249000026 ], [ -91.582697917999951, 14.921348522000073 ], [ -91.584253712999953, 14.920297217000041 ], [ -91.587727226999959, 14.918369670000061 ], [ -91.591243353999971, 14.917740542000047 ], [ -91.595090611999979, 14.917560819000073 ], [ -91.596558675999972, 14.917840993000027 ], [ -91.59733178, 14.918227628000068 ], [ -91.59901107099995, 14.918547499000056 ], [ -91.599920844999986, 14.918464938000056 ], [ -91.600512830999946, 14.918291171000021 ], [ -91.601583344999938, 14.917878534000067 ], [ -91.602992318999952, 14.917864543000064 ], [ -91.604058977999955, 14.918048441000053 ], [ -91.604966333999982, 14.918340960000023 ], [ -91.605782193999971, 14.918676984000058 ], [ -91.607688527999983, 14.919019644000059 ], [ -91.60971043699999, 14.919098600000041 ], [ -91.610803033999957, 14.918774183000039 ], [ -91.611692267999956, 14.918271138000023 ], [ -91.612375738999958, 14.918053828000041 ], [ -91.613125881999963, 14.917948778000039 ], [ -91.614034807999985, 14.917998348000026 ], [ -91.614647740999942, 14.918090190000044 ], [ -91.615260391999982, 14.918226094000033 ], [ -91.615918068999974, 14.918407462000062 ], [ -91.616917773999944, 14.918434974000036 ], [ -91.618305925999948, 14.918134905000045 ], [ -91.619172065999976, 14.917697221000026 ], [ -91.620153616999971, 14.916653488000065 ], [ -91.625495871999988, 14.921483095000042 ], [ -91.627458604999958, 14.922837174000051 ], [ -91.629912164999951, 14.924673246000054 ], [ -91.636187980999978, 14.927289137000059 ], [ -91.640526074999968, 14.930486546000054 ], [ -91.641096137999966, 14.932784728000058 ], [ -91.641874046999988, 14.93557338100004 ], [ -91.642118190999952, 14.936480997000047 ], [ -91.642203973999983, 14.937254346000032 ], [ -91.642170201999988, 14.939022411000053 ], [ -91.642098177999969, 14.940867083000057 ], [ -91.641956243999971, 14.942648062000046 ], [ -91.641606709999962, 14.945840161000035 ], [ -91.64073463599999, 14.949514997000051 ], [ -91.639431702999957, 14.955532892000065 ], [ -91.637397628999963, 14.956125247000045 ], [ -91.634430347999967, 14.956710871000041 ], [ -91.631850016999977, 14.956845697000063 ], [ -91.629038437999952, 14.956244685000058 ], [ -91.625613194999971, 14.956107714000041 ], [ -91.622032977999936, 14.956308719000049 ], [ -91.616460164999978, 14.956786847000046 ], [ -91.61388952499999, 14.954870816000039 ], [ -91.609052239999983, 14.950054149000039 ], [ -91.605426015999967, 14.945519349000051 ], [ -91.601271009999948, 14.940294307000045 ], [ -91.600451416999988, 14.939267892000032 ], [ -91.599553672999946, 14.938198059000058 ], [ -91.597419893999984, 14.936440464000043 ], [ -91.59602423399997, 14.935549473000037 ], [ -91.594548397999972, 14.935195796000073 ], [ -91.583647931999963, 14.935878746000071 ], [ -91.576700928999969, 14.935564430000056 ], [ -91.572914480999941, 14.934055065000052 ] ] ] ] } },
{ "type": "Feature", "properties": { "Codigo": 807, "datos_finales_color_riesgo": "9AB5DC" }, "geometry": { "type": "MultiPolygon", "coordinates": [ [ [ [ -91.213398965999943, 15.101989101000072 ], [ -91.21557018499999, 15.102019789000053 ], [ -91.218969798999979, 15.102757132000022 ], [ -91.230353534999949, 15.104849361000049 ], [ -91.248103285999946, 15.112479560000054 ], [ -91.24955717499995, 15.113715396000032 ], [ -91.251188984999942, 15.11615910200004 ], [ -91.25139754199995, 15.122848443000066 ], [ -91.253131993999943, 15.126897089000067 ], [ -91.255650679999974, 15.129766744000051 ], [ -91.257308943999988, 15.129849583000066 ], [ -91.258373565999989, 15.129002620000051 ], [ -91.26096692699997, 15.126507911000033 ], [ -91.263136819999943, 15.12730973500004 ], [ -91.268359637999936, 15.13052312800005 ], [ -91.272878497999955, 15.131720177000034 ], [ -91.27689959099996, 15.132134984000061 ], [ -91.278620694999972, 15.132794293000075 ], [ -91.280936918999942, 15.134288447000074 ], [ -91.283918460999985, 15.137364699000045 ], [ -91.28689955599998, 15.137686705000021 ], [ -91.287819418999959, 15.139070789000073 ], [ -91.291211438999937, 15.141451915000061 ], [ -91.29922579, 15.148599081000043 ], [ -91.303799437999942, 15.149856981000028 ], [ -91.305673875999958, 15.149621399000068 ], [ -91.307026462999943, 15.148680335000051 ], [ -91.308350799999971, 15.148877799000047 ], [ -91.309565138999972, 15.150331799000071 ], [ -91.309541673999945, 15.152774059000023 ], [ -91.310413013999948, 15.153850423000051 ], [ -91.312128451999968, 15.154528663000065 ], [ -91.313584349999985, 15.153834611000036 ], [ -91.315744538999979, 15.151445589000048 ], [ -91.317238651999958, 15.15069531000006 ], [ -91.318635532999963, 15.15069442600003 ], [ -91.320115623999982, 15.151940230000037 ], [ -91.320821945999967, 15.153816299000027 ], [ -91.322473093999974, 15.156015715000024 ], [ -91.324497546999964, 15.159482052000044 ], [ -91.326964502999942, 15.162375501000042 ], [ -91.328724111999975, 15.163666262000049 ], [ -91.330765862999954, 15.164135535000071 ], [ -91.33238357099998, 15.165578863000064 ], [ -91.332166550999943, 15.167666113000053 ], [ -91.332775652999942, 15.16883084400007 ], [ -91.332204045999958, 15.170003782000038 ], [ -91.33036268699999, 15.171040790000063 ], [ -91.330545929999971, 15.174220048000052 ], [ -91.329790463999984, 15.175619820000065 ], [ -91.33004757499998, 15.176577466000026 ], [ -91.330897709999988, 15.177268376000029 ], [ -91.330893153999966, 15.178884972000048 ], [ -91.330348380999965, 15.180042284000024 ], [ -91.329113502999974, 15.180569744000024 ], [ -91.328247080999972, 15.181577802000049 ], [ -91.328710777999959, 15.183630550000032 ], [ -91.329478128999938, 15.184422529000074 ], [ -91.330820648999975, 15.184707005000064 ], [ -91.330621354999948, 15.186530024000035 ], [ -91.331259627999941, 15.187984184000072 ], [ -91.331003587999987, 15.18925660900004 ], [ -91.329427782999971, 15.190378027000065 ], [ -91.326010707999956, 15.196699382000077 ], [ -91.324892476999935, 15.197468303000051 ], [ -91.323490836999952, 15.197443179000061 ], [ -91.322235080999974, 15.198021270000027 ], [ -91.319708812999977, 15.202359715000057 ], [ -91.316199781999956, 15.202103015000034 ], [ -91.314436562999958, 15.202411777000066 ], [ -91.31292558399997, 15.20260040900007 ], [ -91.311977826999964, 15.202404637000029 ], [ -91.311155140999972, 15.202354402000026 ], [ -91.310519362999969, 15.202499879000072 ], [ -91.309985392999977, 15.202789592000045 ], [ -91.309119428999963, 15.203133292000075 ], [ -91.308407568999939, 15.203117773000031 ], [ -91.30795640599996, 15.202724631000024 ], [ -91.307750046999956, 15.202050904000032 ], [ -91.307769448999977, 15.200420884000039 ], [ -91.30816265499999, 15.199838654000075 ], [ -91.308599439999966, 15.199553863000062 ], [ -91.309241551999946, 15.199269484000069 ], [ -91.309664793999957, 15.198785761000067 ], [ -91.309599398999978, 15.197429622000072 ], [ -91.309392767999952, 15.19642489000006 ], [ -91.308239930999946, 15.194669700000077 ], [ -91.306882345999952, 15.194011040000078 ], [ -91.305551395999942, 15.193587550000075 ], [ -91.304561194999962, 15.192594990000032 ], [ -91.30400741599999, 15.191435130000059 ], [ -91.301618393999945, 15.19007502900007 ], [ -91.299547206999989, 15.189195170000062 ], [ -91.299036630999979, 15.188600480000048 ], [ -91.298735466999972, 15.187495614000056 ], [ -91.299052991999986, 15.18655810100006 ], [ -91.299587943999938, 15.18585156000006 ], [ -91.299660906999975, 15.184874917000059 ], [ -91.299406422999937, 15.183751199000028 ], [ -91.297141618999945, 15.180622886000037 ], [ -91.296630876999984, 15.180632580000065 ], [ -91.29628551899998, 15.176917769000056 ], [ -91.295929242999989, 15.175943529000051 ], [ -91.295278991999965, 15.175292421000051 ], [ -91.29455805799995, 15.175115250000033 ], [ -91.293697658999974, 15.17579220500005 ], [ -91.292922443999942, 15.176073278000047 ], [ -91.292140034999989, 15.176091070000041 ], [ -91.291538677999938, 15.175870739000061 ], [ -91.291186287999949, 15.175284012000077 ], [ -91.291099386999974, 15.174663147000047 ], [ -91.291378185999974, 15.172828369000058 ], [ -91.288608376999946, 15.168883906000076 ], [ -91.288183015999948, 15.16775549700003 ], [ -91.287776392999945, 15.166900616000078 ], [ -91.28705931199994, 15.166610483000056 ], [ -91.286132468999938, 15.166874567000036 ], [ -91.285559914999965, 15.16698092200005 ], [ -91.285003703999962, 15.166936024000051 ], [ -91.284329776999982, 15.166415753000024 ], [ -91.28394613599994, 15.165814093000051 ], [ -91.282469857999956, 15.164834700000029 ], [ -91.280869759999973, 15.164569452000023 ], [ -91.279439559999958, 15.164079552000032 ], [ -91.278186031999951, 15.162816021000026 ], [ -91.276772415999972, 15.161717327000076 ], [ -91.275787528999956, 15.161323443000072 ], [ -91.27446605099999, 15.161988891000021 ], [ -91.273087918999977, 15.162539797000022 ], [ -91.272359951999988, 15.162306021000063 ], [ -91.27188412199996, 15.161746568000069 ], [ -91.27098228899996, 15.160795233000044 ], [ -91.27018600599996, 15.16081059000004 ], [ -91.26928155, 15.16132669700005 ], [ -91.268352892999985, 15.162029012000062 ], [ -91.267955054999959, 15.16274895600003 ], [ -91.267627797999978, 15.163656971000023 ], [ -91.266430239999977, 15.164669003000029 ], [ -91.265481794999971, 15.165298852000035 ], [ -91.264173347999986, 15.165429992000043 ], [ -91.263723561999939, 15.165102307000041 ], [ -91.263336484999968, 15.164145871000073 ], [ -91.263179604999948, 15.16313133500006 ], [ -91.261818160999951, 15.162490479000041 ], [ -91.26047631299997, 15.162085870000055 ], [ -91.259882173999983, 15.161632801000053 ], [ -91.25959755699995, 15.161021704000063 ], [ -91.258902712999941, 15.158022675000041 ], [ -91.257158058999948, 15.156673914000066 ], [ -91.253279774999953, 15.152771363000056 ], [ -91.252918728999987, 15.152052351000066 ], [ -91.252909361999968, 15.150997154000038 ], [ -91.253096538999955, 15.149943482000026 ], [ -91.253239018999977, 15.149234013000068 ], [ -91.253290238999966, 15.14859049100005 ], [ -91.253172766999967, 15.148094781000054 ], [ -91.25091673899999, 15.146078901000067 ], [ -91.24975062499999, 15.145322012000065 ], [ -91.248492623999937, 15.144779044000074 ], [ -91.243339123999988, 15.144374108000022 ], [ -91.242509051999946, 15.144687344000033 ], [ -91.241365935999966, 15.14495295100005 ], [ -91.240609905999975, 15.144679328000052 ], [ -91.240304278999986, 15.144227332000071 ], [ -91.240323740999941, 15.14356097700005 ], [ -91.240625461999969, 15.143007527000066 ], [ -91.240744562999964, 15.142387133000057 ], [ -91.240759207999986, 15.141669903000036 ], [ -91.240084315999979, 15.14072701200007 ], [ -91.239027422999982, 15.139568761000078 ], [ -91.23801670499995, 15.139156451000076 ], [ -91.23678741699996, 15.138525533000063 ], [ -91.236433425999962, 15.138157884000066 ], [ -91.23626876899999, 15.137677616000076 ], [ -91.236271743999964, 15.134437733000027 ], [ -91.235888880999937, 15.133203398000035 ], [ -91.235374676999982, 15.132452666000063 ], [ -91.234605786999964, 15.131702202000042 ], [ -91.233180195999978, 15.129716388000077 ], [ -91.231338944999948, 15.128424319000032 ], [ -91.230032163999965, 15.127191781000022 ], [ -91.228603024999984, 15.124871533000032 ], [ -91.227857203999974, 15.123800405000054 ], [ -91.226789986999961, 15.122992226000065 ], [ -91.225327322999988, 15.122891502000073 ], [ -91.223943893999945, 15.122493158000054 ], [ -91.223026533999985, 15.121985505000055 ], [ -91.221418640999957, 15.120197017000066 ], [ -91.219824749999987, 15.119451318000074 ], [ -91.218222312999956, 15.118964233000042 ], [ -91.216067901999963, 15.117667330000074 ], [ -91.214177139999947, 15.116897786000038 ], [ -91.209769270999971, 15.116422357000033 ], [ -91.208054836999963, 15.115777293000065 ], [ -91.205827276999969, 15.112681305000024 ], [ -91.20556057899995, 15.111416228000053 ], [ -91.206123495999975, 15.110503408000056 ], [ -91.208953778999955, 15.109880804000056 ], [ -91.209585917999959, 15.109377459000029 ], [ -91.212674822999986, 15.10404163100003 ], [ -91.213398965999943, 15.101989101000072 ] ] ] ] } },
{ "type": "Feature", "properties": { "Codigo": 1219, "datos_finales_color_riesgo": "9AB5DC" }, "geometry": { "type": "MultiPolygon", "coordinates": [ [ [ [ -91.901390613999979, 14.973498921000044 ], [ -91.903872050999951, 14.970346926000047 ], [ -91.905612763999954, 14.969302145000029 ], [ -91.907056697999963, 14.968672889000061 ], [ -91.90898260199998, 14.967662868000048 ], [ -91.910993101999964, 14.966354917000046 ], [ -91.91318625599996, 14.965009398000063 ], [ -91.915543507999985, 14.963500788000033 ], [ -91.920092460999967, 14.961029617000065 ], [ -91.923851173999935, 14.958745590000035 ], [ -91.927016298999945, 14.956844036000064 ], [ -91.930174890999979, 14.954607926000051 ], [ -91.93341572099996, 14.952416220000032 ], [ -91.93948775399997, 14.947506444000055 ], [ -91.942400275999944, 14.945031705000076 ], [ -91.943364832999976, 14.944102794000059 ], [ -91.944342679999977, 14.942830423000032 ], [ -91.944856644999959, 14.942538999000021 ], [ -91.945950847999939, 14.941950803000054 ], [ -91.946957717999965, 14.941276319000053 ], [ -91.948754521999945, 14.939841589000025 ], [ -91.950814646999959, 14.938026117000049 ], [ -91.954933517999962, 14.934538606000046 ], [ -91.956204687999957, 14.933510468000065 ], [ -91.957650913999942, 14.93232830900007 ], [ -91.958723566999936, 14.93161225700004 ], [ -91.962940267999954, 14.930452830000036 ], [ -91.971456811999985, 14.929441522000047 ], [ -91.977412323999943, 14.92858456600004 ], [ -91.991965891999939, 14.926265985000043 ], [ -91.99495632199995, 14.925472318000061 ], [ -91.998015488999954, 14.92463710100003 ], [ -92.003785922999953, 14.922540138000045 ], [ -92.009436516999983, 14.918674033000059 ], [ -92.010031235999975, 14.918101429000046 ], [ -92.014242137999986, 14.915174786000023 ], [ -92.015433495999957, 14.914747117000047 ], [ -92.016690990999962, 14.915875758000027 ], [ -92.020858382999961, 14.91611623600005 ], [ -92.02914706599995, 14.91522605800003 ], [ -92.03205345899994, 14.914325308000059 ], [ -92.03731354599995, 14.913712417000056 ], [ -92.040177109999945, 14.914727902000038 ], [ -92.042374137999957, 14.917471763000037 ], [ -92.043055236999976, 14.919552726000063 ], [ -92.042743303999941, 14.923338131000037 ], [ -92.040455319999978, 14.933354103000056 ], [ -92.039428893999968, 14.93483690100004 ], [ -92.039396872999987, 14.935634561000029 ], [ -92.038286698999968, 14.936475151000025 ], [ -92.037395755999967, 14.938323505000028 ], [ -92.032889012999988, 14.943038129000058 ], [ -92.032094619999953, 14.945629288000077 ], [ -92.033026081999935, 14.953697041000055 ], [ -92.033508516999973, 14.954329635000022 ], [ -92.034387282999944, 14.958473737000077 ], [ -92.03454082799999, 14.970133902000043 ], [ -92.033902133999959, 14.982051736000074 ], [ -92.03418533599995, 14.984742372000028 ], [ -92.035545169999978, 14.985712032000038 ], [ -92.040708310999946, 14.986768917000063 ], [ -92.041358074999948, 14.987307280000039 ], [ -92.041363949999948, 14.989382015000047 ], [ -92.040077789999941, 14.990520176000075 ], [ -92.03432270899998, 14.996231813000065 ], [ -92.032917706999967, 14.998703971000054 ], [ -92.031085216999941, 15.001868128000069 ], [ -92.029181861999973, 15.010672980000038 ], [ -92.027868136999984, 15.014264196000056 ], [ -92.025080441999989, 15.018166620000045 ], [ -92.021760301999961, 15.020628215000045 ], [ -92.017195440999956, 15.021689953000077 ], [ -92.006440495999982, 15.022610505000046 ], [ -92.000378221999938, 15.022374888000058 ], [ -91.999066403999961, 15.022567999000046 ], [ -91.996010622999961, 15.023993020000034 ], [ -91.991379222999967, 15.029036047000034 ], [ -91.989775813999984, 15.029289956000071 ], [ -91.988973571999963, 15.028667150000047 ], [ -91.988977051999939, 15.025951783000039 ], [ -91.990618160999986, 15.022123860000022 ], [ -91.990201034999984, 15.019839410000031 ], [ -91.989514241999984, 15.018778681000072 ], [ -91.987887650999937, 15.017305843000031 ], [ -91.987072793999971, 15.012708774000032 ], [ -91.987078839999981, 15.009451015000025 ], [ -91.988336064999942, 15.003671009000072 ], [ -91.989031651999937, 15.001984750000076 ], [ -91.990345461999937, 14.996757545000037 ], [ -91.991366182999968, 14.993281663000062 ], [ -91.992093599999976, 14.991735650000066 ], [ -91.992912045999958, 14.989490567000075 ], [ -91.994213205999984, 14.984318638000047 ], [ -91.994031177999943, 14.983469203000027 ], [ -91.993523059999973, 14.98262397700006 ], [ -91.992488393999963, 14.98201937500005 ], [ -91.990244624999946, 14.98107606700006 ], [ -91.987912027999982, 14.980611464000049 ], [ -91.986665537999954, 14.980932495000047 ], [ -91.984782119999977, 14.982219099000076 ], [ -91.982421708999937, 14.983459485000026 ], [ -91.980364991999977, 14.983896643000037 ], [ -91.978578322999965, 14.984011816000077 ], [ -91.977833005999969, 14.98392711300005 ], [ -91.977271805999976, 14.983625147000055 ], [ -91.976613244999953, 14.983263983000029 ], [ -91.975851943999942, 14.982752063000078 ], [ -91.975499956999954, 14.981602405000046 ], [ -91.976096799999937, 14.977215043000058 ], [ -91.97614350899994, 14.975947394000059 ], [ -91.975670629999968, 14.974921492000021 ], [ -91.974862204999965, 14.973937020000051 ], [ -91.973693481999987, 14.97306618600004 ], [ -91.972208377999948, 14.972363420000022 ], [ -91.970641545999968, 14.972225276000074 ], [ -91.96886366199999, 14.972468106000065 ], [ -91.967779241999949, 14.972933280000063 ], [ -91.966814775999978, 14.973714260000065 ], [ -91.966111198999954, 14.974750669000059 ], [ -91.964852340999983, 14.983213139000043 ], [ -91.96425525899997, 14.983972042000062 ], [ -91.963204231999953, 14.984731140000065 ], [ -91.961737314999937, 14.985552749000021 ], [ -91.96059468499999, 14.987223320000055 ], [ -91.960710096999946, 14.990407035000032 ], [ -91.96062776399998, 14.994457681000029 ], [ -91.959775737999962, 14.996722816000045 ], [ -91.956785159999981, 15.000316067000028 ], [ -91.955182064999974, 15.001981104000038 ], [ -91.951967655999965, 15.00519244700007 ], [ -91.951048663999984, 15.00554642000003 ], [ -91.950453892999974, 15.005927876000044 ], [ -91.947083214999964, 15.007549661000041 ], [ -91.94194158099998, 15.007103204000032 ], [ -91.936736565999979, 15.008077855000067 ], [ -91.931712661999939, 15.00804190100007 ], [ -91.929111927999941, 15.004666857000075 ], [ -91.925864740999941, 15.002254872000037 ], [ -91.922163916999978, 15.001648665000062 ], [ -91.919449865999979, 15.002710411000066 ], [ -91.91756573899994, 15.004141053000069 ], [ -91.916541959999961, 15.005787078000026 ], [ -91.916063294999958, 15.008262840000043 ], [ -91.915370756999948, 15.009113802000059 ], [ -91.915162411999972, 15.010659747000034 ], [ -91.914355357999966, 15.012429959000031 ], [ -91.914541304999943, 15.014515651000067 ], [ -91.914148707999971, 15.014903620000041 ], [ -91.913735046999989, 15.018539033000025 ], [ -91.91187929299997, 15.023054579000075 ], [ -91.909746451999979, 15.026138229000026 ], [ -91.903493444999981, 15.032207739000057 ], [ -91.901998783999943, 15.034710185000051 ], [ -91.901102114999958, 15.036229050000031 ], [ -91.900987819999955, 15.037886161000074 ], [ -91.900285563999944, 15.039127989000065 ], [ -91.899114302999976, 15.038523433000023 ], [ -91.897463391999963, 15.037472466000054 ], [ -91.895409315999984, 15.037044403000039 ], [ -91.892838510999979, 15.03569740000006 ], [ -91.89068468499994, 15.035902718000045 ], [ -91.889539600999967, 15.036653072000036 ], [ -91.888648236999984, 15.037128950000067 ], [ -91.886830638999982, 15.038188999000056 ], [ -91.881323743999985, 15.038345004000064 ], [ -91.877499425999986, 15.035256038000057 ], [ -91.876228495999953, 15.031498285000055 ], [ -91.875279176999982, 15.030496965000054 ], [ -91.87446732899997, 15.028225114000065 ], [ -91.873197804999961, 15.025434603000065 ], [ -91.872707220999985, 15.024759845000062 ], [ -91.868875322999941, 15.019645828000023 ], [ -91.866764148999948, 15.017855634000057 ], [ -91.865927222999971, 15.017716998000026 ], [ -91.863019330999975, 15.015230134000035 ], [ -91.862482430999989, 15.015298637000058 ], [ -91.862090211999941, 15.014720398000065 ], [ -91.85972732, 15.013172956000062 ], [ -91.856775219999975, 15.011045126000056 ], [ -91.855006321999952, 15.009308529000066 ], [ -91.853137107999942, 15.007858425000052 ], [ -91.851170638999974, 15.006120806000069 ], [ -91.849855196999954, 15.004713019000064 ], [ -91.849586587999966, 15.001790729000049 ], [ -91.849861494999971, 15.001143525000032 ], [ -91.85070309799994, 14.998651702000075 ], [ -91.851928280999971, 14.997252216000049 ], [ -91.853635895999957, 14.996177189000036 ], [ -91.858988699999941, 14.991218690000039 ], [ -91.867599915999961, 14.98486719400006 ], [ -91.871320686999979, 14.982459616000028 ], [ -91.874079544999972, 14.980818991000035 ], [ -91.877836333999937, 14.980284961000052 ], [ -91.88822416499994, 14.980633032000071 ], [ -91.891590364999956, 14.979759006000052 ], [ -91.894474814999967, 14.979093896000052 ], [ -91.896487390999937, 14.978212098000029 ], [ -91.898957269999983, 14.97734717700007 ], [ -91.900292348999983, 14.976082398000074 ], [ -91.901390613999979, 14.973498921000044 ] ] ] ] } },
{ "type": "Feature", "properties": { "Codigo": 924, "datos_finales_color_riesgo": "9AB5DC" }, "geometry": { "type": "MultiPolygon", "coordinates": [ [ [ [ -91.639431702999957, 14.955532892000065 ], [ -91.64073463599999, 14.949514997000051 ], [ -91.641606709999962, 14.945840161000035 ], [ -91.641956243999971, 14.942648062000046 ], [ -91.642098177999969, 14.940867083000057 ], [ -91.642170201999988, 14.939022411000053 ], [ -91.642203973999983, 14.937254346000032 ], [ -91.642118190999952, 14.936480997000047 ], [ -91.641874046999988, 14.93557338100004 ], [ -91.641096137999966, 14.932784728000058 ], [ -91.640526074999968, 14.930486546000054 ], [ -91.641691611999988, 14.92974662000006 ], [ -91.643209566999985, 14.92691736300003 ], [ -91.644986915999937, 14.925616102000049 ], [ -91.647093414999972, 14.92259143900003 ], [ -91.649356756999964, 14.921050086000037 ], [ -91.6541734, 14.919720344000041 ], [ -91.664067232999969, 14.915675677000024 ], [ -91.666527479999957, 14.91533862600005 ], [ -91.674587237999958, 14.912260145000062 ], [ -91.677391355999987, 14.909739739000031 ], [ -91.677796857999965, 14.908791834000056 ], [ -91.682191542999988, 14.904177793000031 ], [ -91.683260489999952, 14.903321824000045 ], [ -91.68488303, 14.903526620000036 ], [ -91.689108357999942, 14.90525586800004 ], [ -91.695376262999957, 14.906053217000022 ], [ -91.696366062999971, 14.906178623000073 ], [ -91.696881291999944, 14.906193984000026 ], [ -91.697514526999953, 14.906197586000076 ], [ -91.698497302999954, 14.906138770000041 ], [ -91.699654682999949, 14.906125006000025 ], [ -91.700900483999988, 14.905898184000023 ], [ -91.70291767599997, 14.90453 ], [ -91.704165374999945, 14.903984535000063 ], [ -91.705105453999977, 14.903777428000069 ], [ -91.706983125999955, 14.903681824000046 ], [ -91.70798846799994, 14.903539480000063 ], [ -91.708843044999981, 14.903056177000053 ], [ -91.709568102999981, 14.902273842000056 ], [ -91.71029226099995, 14.901641781000023 ], [ -91.71138801699999, 14.900947401000053 ], [ -91.712822210999946, 14.900198420000038 ], [ -91.71265757599997, 14.904732970000055 ], [ -91.712703213999987, 14.905949015000033 ], [ -91.713017760999946, 14.907668251000075 ], [ -91.713797595999949, 14.90901044900005 ], [ -91.715433183999949, 14.91143764800006 ], [ -91.716893471999981, 14.913059356000076 ], [ -91.719060678999938, 14.915005909000058 ], [ -91.71989173899999, 14.915261400000077 ], [ -91.720872970999949, 14.915373097000042 ], [ -91.721962178999945, 14.915696687000036 ], [ -91.72264071699999, 14.916201030000025 ], [ -91.724261979999937, 14.917831503000059 ], [ -91.725102749999962, 14.919597730000078 ], [ -91.725493622999977, 14.920904962000066 ], [ -91.725550444999953, 14.923883739000075 ], [ -91.723080583999945, 14.924855253000032 ], [ -91.717059335999977, 14.925945827000078 ], [ -91.714492506999989, 14.926506541000037 ], [ -91.710106523999968, 14.928030956000043 ], [ -91.704490822999958, 14.929296350000072 ], [ -91.700649036999948, 14.932387445000074 ], [ -91.697094877999973, 14.937483430000043 ], [ -91.695842638999977, 14.938553088000049 ], [ -91.691477586999952, 14.94155175700007 ], [ -91.687510656999962, 14.943177533000039 ], [ -91.683397896999963, 14.945839642000067 ], [ -91.681405956999981, 14.946889128000066 ], [ -91.677442495999969, 14.950483011000074 ], [ -91.676158000999976, 14.952142165000055 ], [ -91.675208116999954, 14.954003243000045 ], [ -91.674581377999971, 14.956609662000062 ], [ -91.675394749999953, 14.961370106000061 ], [ -91.676391076999948, 14.963500087000057 ], [ -91.671136612999987, 14.967362028000025 ], [ -91.660867645999986, 14.971638497000072 ], [ -91.659821888999943, 14.97177810900007 ], [ -91.658600455999988, 14.971664720000035 ], [ -91.657585129999973, 14.97121018200005 ], [ -91.654963993999957, 14.969193715000074 ], [ -91.650662265999983, 14.964580985000055 ], [ -91.644910608999965, 14.958620676000066 ], [ -91.642977716999951, 14.957166335000068 ], [ -91.640713915999982, 14.956219585000042 ], [ -91.639431702999957, 14.955532892000065 ] ] ] ] } },
{ "type": "Feature", "properties": { "Codigo": 1319, "datos_finales_color_riesgo": "9AB5DC" }, "geometry": { "type": "MultiPolygon", "coordinates": [ [ [ [ -91.659123442999942, 15.46622016200007 ], [ -91.659808990999977, 15.461518522000063 ], [ -91.662833572999943, 15.455930526000031 ], [ -91.670914173999961, 15.44405247900005 ], [ -91.67187075399994, 15.441914888000042 ], [ -91.676884775999952, 15.43513977300006 ], [ -91.680807391999963, 15.427848471000061 ], [ -91.686704189999944, 15.419967671000052 ], [ -91.687475976999963, 15.418368968000038 ], [ -91.69136790899995, 15.413912051000068 ], [ -91.696934889999966, 15.405187223000041 ], [ -91.697975693999979, 15.402820618000021 ], [ -91.699316715999942, 15.396744160000026 ], [ -91.700001550999957, 15.396270231000074 ], [ -91.703701414999955, 15.396857892000071 ], [ -91.706194048999976, 15.397652016000052 ], [ -91.709169345999953, 15.397897532000059 ], [ -91.71085007399995, 15.398627007000073 ], [ -91.715274312999952, 15.406632867000042 ], [ -91.716795568999942, 15.408218949000059 ], [ -91.72182819599999, 15.409652374000075 ], [ -91.72586516399997, 15.409638271000063 ], [ -91.73036529899997, 15.410262857000077 ], [ -91.73498428399995, 15.412233711000056 ], [ -91.739745749999898, 15.415991621000046 ], [ -91.743387449999943, 15.417620060000047 ], [ -91.748053682999966, 15.417878035000058 ], [ -91.752160104999973, 15.417382529000065 ], [ -91.752331314999935, 15.418458009000062 ], [ -91.752927581999984, 15.419059053000069 ], [ -91.753685878999988, 15.422276698000076 ], [ -91.753660909999951, 15.42851123500003 ], [ -91.753033802999937, 15.432875827000032 ], [ -91.750931775999959, 15.437364310000078 ], [ -91.749035707999951, 15.440512758000068 ], [ -91.748766945999989, 15.443955103000064 ], [ -91.749175535999939, 15.447600131000058 ], [ -91.750773876999972, 15.450021426000035 ], [ -91.751168164999967, 15.451489095000056 ], [ -91.750815649999936, 15.456757981000067 ], [ -91.748697987999947, 15.461465524000062 ], [ -91.745841416999951, 15.46513953300007 ], [ -91.743575831999976, 15.467105109000045 ], [ -91.743494652999971, 15.467622128000073 ], [ -91.742750245999957, 15.467902634000041 ], [ -91.74117014699999, 15.471134122000024 ], [ -91.740470186999971, 15.47494683900004 ], [ -91.741404446999979, 15.482483878000039 ], [ -91.740599754999948, 15.484535663000031 ], [ -91.739801025999952, 15.485308462000035 ], [ -91.738563124999985, 15.485684425000045 ], [ -91.731999586999962, 15.486885249000068 ], [ -91.727070984999955, 15.488605968000059 ], [ -91.718640281999967, 15.489122233000046 ], [ -91.717846812999937, 15.489501780000069 ], [ -91.717872544999977, 15.485704480000038 ], [ -91.716313896999964, 15.48084155500004 ], [ -91.714940992999971, 15.479115079000053 ], [ -91.71365478599995, 15.477690756000072 ], [ -91.709649189999936, 15.474878958000033 ], [ -91.706669938999937, 15.473501222000039 ], [ -91.704119754999965, 15.472917996000035 ], [ -91.698901102999969, 15.472699833000036 ], [ -91.692428675999963, 15.47455646800006 ], [ -91.684654710999951, 15.475312611000049 ], [ -91.679700149999974, 15.475062796000032 ], [ -91.674729396999965, 15.474245603000043 ], [ -91.664921917999948, 15.46999383800005 ], [ -91.659123442999942, 15.46622016200007 ] ] ] ] } },
{ "type": "Feature", "properties": { "Codigo": 1910, "datos_finales_color_riesgo": "9AB5DC" }, "geometry": { "type": "MultiPolygon", "coordinates": [ [ [ [ -89.651109086999952, 14.91134971300005 ], [ -89.651587826999958, 14.911457648000066 ], [ -89.652527600999974, 14.911265462000074 ], [ -89.653306554999972, 14.911033544000077 ], [ -89.653495120999935, 14.910838574000024 ], [ -89.653696693999962, 14.910748008000041 ], [ -89.653842563999945, 14.910881415000063 ], [ -89.655021778999981, 14.910944889000064 ], [ -89.657130113999983, 14.910930251000025 ], [ -89.658786587999941, 14.911139032000051 ], [ -89.661178998999958, 14.896957498000063 ], [ -89.662391542999956, 14.890225831000066 ], [ -89.662636861999943, 14.888979300000074 ], [ -89.663706843999989, 14.883210036000037 ], [ -89.664132592999977, 14.881108410000024 ], [ -89.66439758599995, 14.879056031000061 ], [ -89.66645319099996, 14.878074551000054 ], [ -89.669033024999976, 14.87563162400005 ], [ -89.672564487999978, 14.87358954900003 ], [ -89.685544371999981, 14.862469872000077 ], [ -89.694144343999938, 14.856222323000054 ], [ -89.694527678999975, 14.855506718000072 ], [ -89.696245929999975, 14.854825001000052 ], [ -89.69872980699995, 14.856669775000057 ], [ -89.704761389999987, 14.859460431000059 ], [ -89.708867959999964, 14.86268943400006 ], [ -89.714513218999969, 14.865613155000062 ], [ -89.71778851, 14.866782952000051 ], [ -89.722758694999982, 14.870552289000045 ], [ -89.726526239999941, 14.872636376000059 ], [ -89.727625349999983, 14.872697209000023 ], [ -89.728990128999953, 14.874069825000049 ], [ -89.72878514599995, 14.875581423000028 ], [ -89.728208557999949, 14.875573193000037 ], [ -89.725205492999976, 14.878376521000064 ], [ -89.721640449999938, 14.882923262000077 ], [ -89.720003616999975, 14.886568742000065 ], [ -89.719599344999949, 14.888973529000054 ], [ -89.717436507999935, 14.892786363000027 ], [ -89.717458894999936, 14.899270168000044 ], [ -89.717044395999949, 14.901119550000033 ], [ -89.717452259999959, 14.903801176000059 ], [ -89.717982460999963, 14.905877401000055 ], [ -89.719475156999977, 14.908310511000025 ], [ -89.722855178999964, 14.911112614000047 ], [ -89.727733910999973, 14.912974605000045 ], [ -89.730941691999988, 14.915551831000073 ], [ -89.732695848999981, 14.916364635000036 ], [ -89.739244687999985, 14.91743658300004 ], [ -89.740029108999977, 14.917639625000049 ], [ -89.742848153999944, 14.920073494000064 ], [ -89.743027531999985, 14.92122493100004 ], [ -89.743309994999947, 14.922005410000054 ], [ -89.742472883999937, 14.925411909000047 ], [ -89.742622458999961, 14.92838555700007 ], [ -89.744406659999981, 14.93195130600003 ], [ -89.746260589999963, 14.933974159000059 ], [ -89.749486477999938, 14.940780238000059 ], [ -89.74922782499999, 14.947008531000051 ], [ -89.74816444399994, 14.952828091000072 ], [ -89.74574987599999, 14.954255160000059 ], [ -89.744780796999976, 14.956739981000055 ], [ -89.743365680999943, 14.957588776000023 ], [ -89.740083810999977, 14.959672620000049 ], [ -89.727724970999986, 14.963986123000041 ], [ -89.722828125999968, 14.963168693000057 ], [ -89.720478567999976, 14.961413882000045 ], [ -89.717092200999957, 14.960588720000032 ], [ -89.715154067999947, 14.960749275000069 ], [ -89.711137282999971, 14.963241864000054 ], [ -89.704475848999948, 14.96327771600005 ], [ -89.69913422799999, 14.962068539000029 ], [ -89.692469966999965, 14.961955040000078 ], [ -89.689509081999972, 14.962574507000056 ], [ -89.686241088999964, 14.964594463000026 ], [ -89.684640624999986, 14.964951499000051 ], [ -89.682498178999936, 14.966167331000065 ], [ -89.675977499999988, 14.967429926000023 ], [ -89.675151985999946, 14.968117554000059 ], [ -89.67406781599999, 14.968302609000034 ], [ -89.67283299199994, 14.966178814000045 ], [ -89.670316826999965, 14.964044208000075 ], [ -89.66506936799999, 14.957821766000052 ], [ -89.662971942999945, 14.954517349000071 ], [ -89.662302981999972, 14.951729231000058 ], [ -89.661143059999972, 14.94999019200003 ], [ -89.65844872699995, 14.943565800000044 ], [ -89.658356450999975, 14.940305393000074 ], [ -89.660145321999948, 14.937061222000068 ], [ -89.660741174999941, 14.934443950000059 ], [ -89.661635133999937, 14.933450409000045 ], [ -89.661564521999935, 14.931824359000075 ], [ -89.659173342999964, 14.929180344000031 ], [ -89.656511210999952, 14.927812050000057 ], [ -89.653436958999976, 14.925516857000048 ], [ -89.650656383999944, 14.922773422000034 ], [ -89.651249808999978, 14.921812755000076 ], [ -89.651109086999952, 14.91134971300005 ] ] ] ] } },
{ "type": "Feature", "properties": { "Codigo": 1108, "datos_finales_color_riesgo": "9AB5DC" }, "geometry": { "type": "MultiPolygon", "coordinates": [ [ [ [ -91.653367491999973, 14.607379799000057 ], [ -91.65555573499995, 14.605687375000059 ], [ -91.65636619299994, 14.605119174000038 ], [ -91.656946697999956, 14.604680719000044 ], [ -91.657049578999988, 14.603884717000028 ], [ -91.65706935899999, 14.602441923000072 ], [ -91.657072451999966, 14.601932348000048 ], [ -91.657119826999974, 14.601295346000029 ], [ -91.657384044999958, 14.600872017000029 ], [ -91.658084063999979, 14.60043085500007 ], [ -91.658608185999981, 14.600294888000064 ], [ -91.659306595999965, 14.600214158000028 ], [ -91.660672210999962, 14.599649128000067 ], [ -91.661306350999951, 14.599355597000056 ], [ -91.662116903999959, 14.598765907000029 ], [ -91.662598847999959, 14.59831218000005 ], [ -91.66355350799995, 14.597298458000068 ], [ -91.664901795999981, 14.59604291900007 ], [ -91.665516183999955, 14.595462262000069 ], [ -91.666352715999949, 14.594119044000024 ], [ -91.66760721299994, 14.592151097000055 ], [ -91.668431862999967, 14.590849609000031 ], [ -91.669047178999961, 14.590110755000069 ], [ -91.669639685999982, 14.589498324000033 ], [ -91.671566431999963, 14.588119480000046 ], [ -91.672355069999981, 14.58749685600003 ], [ -91.672782760999951, 14.587085735000073 ], [ -91.67333103499999, 14.586494507000054 ], [ -91.673717, 14.585784843000056 ], [ -91.673873372999935, 14.585149583000032 ], [ -91.674097656999948, 14.584120360000043 ], [ -91.674376829999972, 14.582933260000061 ], [ -91.674567858999978, 14.58203153200003 ], [ -91.674839076999945, 14.581300877000047 ], [ -91.675396940999974, 14.580072417000054 ], [ -91.676245126999959, 14.578602666000052 ], [ -91.677971742999944, 14.576032808000036 ], [ -91.678302385999984, 14.575450505000049 ], [ -91.67878658799998, 14.574603535000051 ], [ -91.679571650999947, 14.572718726000062 ], [ -91.680123036999987, 14.571692470000073 ], [ -91.680541246999951, 14.571014612000056 ], [ -91.681200651999973, 14.570063541000025 ], [ -91.681662054999947, 14.569535074000044 ], [ -91.682232173999978, 14.568965413000058 ], [ -91.682637270999976, 14.568637754000065 ], [ -91.683631804999948, 14.568198161000055 ], [ -91.686121784999955, 14.567362455000023 ], [ -91.686995641999943, 14.567022734000034 ], [ -91.687564610999971, 14.566644009000072 ], [ -91.688069170999938, 14.566072833000021 ], [ -91.688422687999946, 14.565342616000066 ], [ -91.688480036999977, 14.56486497700007 ], [ -91.688549074999969, 14.564176101000044 ], [ -91.68869419899994, 14.563667315000032 ], [ -91.689243817999966, 14.562830853000037 ], [ -91.690394752999964, 14.561733351000044 ], [ -91.692565453999975, 14.559643808000033 ], [ -91.692959618999964, 14.559295731000077 ], [ -91.693332195999972, 14.558968998000068 ], [ -91.693912153999975, 14.558590317000039 ], [ -91.694413923999946, 14.558486904000063 ], [ -91.695156205999979, 14.558320426000023 ], [ -91.695583232999979, 14.558005293000065 ], [ -91.69597876399996, 14.557423319000065 ], [ -91.696268196999938, 14.556437363000043 ], [ -91.696369088999973, 14.555949792000035 ], [ -91.696636290999948, 14.554995351000059 ], [ -91.697043390999966, 14.554318526000031 ], [ -91.697831827999948, 14.553696927000033 ], [ -91.700513398999988, 14.551705052000045 ], [ -91.701401205999957, 14.550850096000033 ], [ -91.70183960899999, 14.550470607000022 ], [ -91.702560991999974, 14.550102854000045 ], [ -91.703041525999936, 14.549957495000058 ], [ -91.703772687999958, 14.549802222000039 ], [ -91.704536330999986, 14.549647127000071 ], [ -91.705463474999988, 14.549503102000074 ], [ -91.706259925999973, 14.549391122000031 ], [ -91.70685956799997, 14.549309687000061 ], [ -91.707633734999945, 14.549239387000057 ], [ -91.708114079999973, 14.549125654000022 ], [ -91.708562809999989, 14.548862593000024 ], [ -91.709405388999983, 14.548198310000032 ], [ -91.710592192999968, 14.546786766000025 ], [ -91.711403423999968, 14.545724563000022 ], [ -91.713362229999973, 14.544408776000068 ], [ -91.714510807999943, 14.543681749000029 ], [ -91.717822696999974, 14.549208404000069 ], [ -91.718296491999979, 14.550229081000055 ], [ -91.720967831999985, 14.555314908000071 ], [ -91.72203966099994, 14.558354676000022 ], [ -91.722932234999973, 14.561401375000059 ], [ -91.722769802999949, 14.56402423000003 ], [ -91.722093467999969, 14.569759545000068 ], [ -91.721452792999969, 14.571515372000022 ], [ -91.719174284999951, 14.575619298000049 ], [ -91.715050747999953, 14.579755992000059 ], [ -91.714370971999983, 14.581037 ], [ -91.713930195999978, 14.582217626000045 ], [ -91.713682073999962, 14.583388012000057 ], [ -91.713735485999962, 14.584380396000029 ], [ -91.714149412999973, 14.585427873000071 ], [ -91.717347762999964, 14.58931326000004 ], [ -91.719109679999974, 14.592815592000022 ], [ -91.721443162999947, 14.597813704000032 ], [ -91.723888042999988, 14.600413531000072 ], [ -91.724486786999989, 14.601920762000077 ], [ -91.72435253499998, 14.614435309000044 ], [ -91.72479920699999, 14.617366569000069 ], [ -91.724061954999968, 14.618739940000069 ], [ -91.723862294999947, 14.61935466500006 ], [ -91.723565101999952, 14.619777896000073 ], [ -91.723148020999986, 14.620263750000049 ], [ -91.722553682999944, 14.621301171000027 ], [ -91.722375605999957, 14.621894544000043 ], [ -91.722045613999967, 14.622369572000025 ], [ -91.721651303999977, 14.622728991000031 ], [ -91.721190637999939, 14.623224769000046 ], [ -91.72125162399999, 14.624016063000056 ], [ -91.721879783999952, 14.624656798000046 ], [ -91.722051602999954, 14.625145875000044 ], [ -91.722113539999953, 14.625773335000076 ], [ -91.721839827999986, 14.62785205800003 ], [ -91.721857240999952, 14.628552718000037 ], [ -91.722158598999954, 14.629318213000033 ], [ -91.722569805999967, 14.629851543000029 ], [ -91.723001128999954, 14.630618879000053 ], [ -91.723039366999956, 14.631532081000046 ], [ -91.722904397999969, 14.632295183000053 ], [ -91.72289985599997, 14.63308046800006 ], [ -91.722895920999974, 14.63376067400003 ], [ -91.722958664999965, 14.634249153000042 ], [ -91.723064221999948, 14.634759335000069 ], [ -91.723125983999978, 14.635417301000075 ], [ -91.723122787999955, 14.635969827000054 ], [ -91.72303145799998, 14.636711696000077 ], [ -91.72287529099998, 14.637326659000053 ], [ -91.722673271999952, 14.638344759000063 ], [ -91.722310683999979, 14.640636551000057 ], [ -91.721267505999947, 14.643814999000028 ], [ -91.721133501999986, 14.644408613000053 ], [ -91.720737094999947, 14.645022251000057 ], [ -91.720342864999964, 14.645360195000023 ], [ -91.71988306899999, 14.645696649000058 ], [ -91.719488129999945, 14.646056057000067 ], [ -91.719070618999979, 14.646605172000022 ], [ -91.718739520999975, 14.64726210200007 ], [ -91.718249857999979, 14.649042450000024 ], [ -91.717893498999956, 14.650250654000047 ], [ -91.717361197999935, 14.651776527000038 ], [ -91.717052136999939, 14.652433577000068 ], [ -91.716700301999936, 14.652961577000042 ], [ -91.715427491999947, 14.654292399000042 ], [ -91.714395153999988, 14.655581602000041 ], [ -91.713932106999948, 14.656470564000074 ], [ -91.71353577299999, 14.657063847000074 ], [ -91.713184662999936, 14.657465294000076 ], [ -91.712790647999952, 14.657760285000052 ], [ -91.71252298, 14.658778006000034 ], [ -91.712583849999987, 14.659385120000024 ], [ -91.713666171999989, 14.660970761000044 ], [ -91.714163339999971, 14.661695541000029 ], [ -91.714289076999989, 14.662524480000059 ], [ -91.714042594999967, 14.663690341000063 ], [ -91.713621311999987, 14.66487670500004 ], [ -91.713089183999955, 14.666360755000028 ], [ -91.712691433999964, 14.667291878000071 ], [ -91.71233848199995, 14.667905739000048 ], [ -91.711481725999988, 14.669026405000068 ], [ -91.711172744999942, 14.669661975000054 ], [ -91.711146843999984, 14.670319455000026 ], [ -91.711075799999946, 14.671253515000046 ], [ -91.710919441999977, 14.671889931000067 ], [ -91.710193985999979, 14.67288363800003 ], [ -91.70960058899999, 14.673623839000072 ], [ -91.709226975999968, 14.674194639000063 ], [ -91.708741435999968, 14.675146735000055 ], [ -91.708187814999974, 14.676524436000022 ], [ -91.707680664999941, 14.677497875000029 ], [ -91.707109054999989, 14.678279997000061 ], [ -91.706515758999956, 14.678998720000038 ], [ -91.705592976999981, 14.680182269000056 ], [ -91.705130829999973, 14.680901719000076 ], [ -91.704844037999976, 14.681409717000065 ], [ -91.704578798999989, 14.682002583000042 ], [ -91.704399939999973, 14.682808355000077 ], [ -91.704196942999943, 14.683869357000049 ], [ -91.70358493599997, 14.687856856000053 ], [ -91.703404108999962, 14.688896512000042 ], [ -91.70326989299997, 14.689511572000072 ], [ -91.703048917999979, 14.689976998000077 ], [ -91.702303308999944, 14.690631579000069 ], [ -91.700925832999985, 14.691154940000047 ], [ -91.70024914399994, 14.691342107000025 ], [ -91.699657545999969, 14.691763648000062 ], [ -91.699325818999966, 14.692504150000048 ], [ -91.699082723999936, 14.693076791000067 ], [ -91.698751367999989, 14.693754020000029 ], [ -91.698180308999952, 14.69442990400006 ], [ -91.697565334999979, 14.695169944000043 ], [ -91.696709325999961, 14.696035180000024 ], [ -91.695942582999976, 14.696625214000051 ], [ -91.695395250999979, 14.69691930700003 ], [ -91.69441140899994, 14.697317155000064 ], [ -91.693536549999976, 14.697737081000071 ], [ -91.692879789999949, 14.698179701000072 ], [ -91.692440808999947, 14.698600949000024 ], [ -91.691672706999952, 14.699318639000069 ], [ -91.691255643999966, 14.699762608000071 ], [ -91.690486268999962, 14.700692711000045 ], [ -91.689978980999967, 14.701666101000058 ], [ -91.689669637999941, 14.702343438000071 ], [ -91.68892584799994, 14.702679341000078 ], [ -91.688115910999954, 14.703205823000076 ], [ -91.68763198399995, 14.703860700000064 ], [ -91.686841103999939, 14.704790667000054 ], [ -91.686467549999975, 14.705234872000062 ], [ -91.685897693999948, 14.705698300000051 ], [ -91.68541616899995, 14.705949801000031 ], [ -91.684935345999975, 14.706180968000069 ], [ -91.684431505999953, 14.706475280000063 ], [ -91.683817598999951, 14.707024327000056 ], [ -91.683313446999989, 14.70746665300004 ], [ -91.682829874999982, 14.708058243000039 ], [ -91.682521898999937, 14.708502813000052 ], [ -91.682148329999961, 14.708947007000063 ], [ -91.681383039999957, 14.709281631000067 ], [ -91.680815579999944, 14.709342807000041 ], [ -91.680157676999954, 14.709868993000043 ], [ -91.679434497999978, 14.710438873000044 ], [ -91.678778699999953, 14.710710837000022 ], [ -91.678147053999965, 14.710537746000057 ], [ -91.676951152999948, 14.709893648000048 ], [ -91.67621193299999, 14.709464579000041 ], [ -91.675275381999938, 14.709225337000078 ], [ -91.674075131999984, 14.709304347000057 ], [ -91.673200961999953, 14.709596513000065 ], [ -91.672457966999957, 14.709889428000054 ], [ -91.670880531999956, 14.711005783000076 ], [ -91.670375254999954, 14.711532814000066 ], [ -91.669628256999943, 14.712484436000068 ], [ -91.669404613999973, 14.713374654000063 ], [ -91.669533384999966, 14.714251078000075 ], [ -91.667546259999938, 14.714289376000067 ], [ -91.666335703999948, 14.713958125000033 ], [ -91.66549129699996, 14.713456103000055 ], [ -91.665271195999935, 14.712710221000066 ], [ -91.666164656999968, 14.709819400000072 ], [ -91.66679265, 14.706958680000071 ], [ -91.666818783999986, 14.702652726000053 ], [ -91.66648599399997, 14.700009074000036 ], [ -91.66634017299998, 14.698883970000054 ], [ -91.666400443999976, 14.697560058000022 ], [ -91.666838752999979, 14.695725335000077 ], [ -91.667412990999935, 14.69444505000007 ], [ -91.667900552999981, 14.693195904000049 ], [ -91.667665495999984, 14.686489631000029 ], [ -91.668727685999954, 14.684364704000075 ], [ -91.670935443999952, 14.681480243000067 ], [ -91.671765348999941, 14.680234172000041 ], [ -91.67194994, 14.679555017000041 ], [ -91.671979479999948, 14.678218493000031 ], [ -91.672098822999942, 14.67652203800003 ], [ -91.672056792999967, 14.672617927000033 ], [ -91.672461299999952, 14.668670038000073 ], [ -91.673578236999958, 14.665331853000055 ], [ -91.677210805999948, 14.659287133000078 ], [ -91.681079309999973, 14.647912689000066 ], [ -91.681739713999946, 14.64227358100004 ], [ -91.681462452999938, 14.64157597600007 ], [ -91.680058149999979, 14.640616621000049 ], [ -91.679207725999959, 14.640576768000074 ], [ -91.675605872999938, 14.640411674000063 ], [ -91.674293042999977, 14.640844872000059 ], [ -91.672973487999968, 14.641816995000056 ], [ -91.672074270999985, 14.644388089000074 ], [ -91.670661994999989, 14.646874892000028 ], [ -91.669580274999987, 14.649678823000045 ], [ -91.667481253999938, 14.65238991700005 ], [ -91.665091957999948, 14.653771665000022 ], [ -91.660286867999957, 14.654866044000073 ], [ -91.657154960999947, 14.654875101000073 ], [ -91.656372795999971, 14.654577935000077 ], [ -91.655651337999984, 14.65384158300003 ], [ -91.655590031999964, 14.653141810000022 ], [ -91.655652705999955, 14.652570436000076 ], [ -91.656527737999966, 14.652006014000051 ], [ -91.657032314999981, 14.651478998000073 ], [ -91.657386807999956, 14.650631349000037 ], [ -91.657522148999988, 14.649846837000041 ], [ -91.657455014999982, 14.646576473000039 ], [ -91.657414527999947, 14.646077948000027 ], [ -91.65732028299999, 14.64545030000005 ], [ -91.657291795999981, 14.644696483000075 ], [ -91.657405660999984, 14.643911849000062 ], [ -91.657611494999969, 14.643366155000024 ], [ -91.657837241999971, 14.642884982000055 ], [ -91.658223824999936, 14.642100790000029 ], [ -91.658478747999936, 14.641401711000071 ], [ -91.65855811099999, 14.640850770000043 ], [ -91.658970410999984, 14.63764757000007 ], [ -91.659050484999966, 14.636979121000024 ], [ -91.659087167999985, 14.636384995000071 ], [ -91.659090393999975, 14.635853953000037 ], [ -91.65900742599996, 14.635088520000068 ], [ -91.658869591999974, 14.634471923000035 ], [ -91.658581355999956, 14.633588927000062 ], [ -91.658173079999983, 14.632504114000028 ], [ -91.657862019999982, 14.63165375400007 ], [ -91.657778795999945, 14.630931257000043 ], [ -91.657896849999986, 14.62773652900006 ], [ -91.657460094999976, 14.62599281100006 ], [ -91.657088526999985, 14.625362435000056 ], [ -91.656206416999964, 14.623865859000034 ], [ -91.654740846999971, 14.621380625000029 ], [ -91.65441653299996, 14.620900798000037 ], [ -91.653942730999972, 14.620006556000021 ], [ -91.65378203099999, 14.61952767300005 ], [ -91.653664774999982, 14.619060340000033 ], [ -91.653216167999972, 14.615745963000052 ], [ -91.653101119999974, 14.614917070000047 ], [ -91.653053758999988, 14.613834335000035 ], [ -91.653124851999962, 14.611021253000047 ], [ -91.653187211999978, 14.609736897000062 ], [ -91.653279080999937, 14.60903687800004 ], [ -91.653382876999956, 14.608092867000039 ], [ -91.653367491999973, 14.607379799000057 ] ] ] ] } },
{ "type": "Feature", "properties": { "Codigo": 307, "datos_finales_color_riesgo": "9AB5DC" }, "geometry": { "type": "MultiPolygon", "coordinates": [ [ [ [ -90.679485710999984, 14.613162281000029 ], [ -90.678108078999969, 14.611815897000042 ], [ -90.675539463999939, 14.610514106000039 ], [ -90.671649565999985, 14.607039738000026 ], [ -90.671079522999946, 14.603957637000065 ], [ -90.671980270999939, 14.602341461000037 ], [ -90.672813686999973, 14.599848216000055 ], [ -90.673298679999959, 14.596077556000068 ], [ -90.672968110999989, 14.592497533000028 ], [ -90.673209346999954, 14.589020333000065 ], [ -90.672463509999943, 14.584457002000022 ], [ -90.682193112999983, 14.584175438000045 ], [ -90.684912465999957, 14.583626429000049 ], [ -90.687382535999973, 14.583849674000078 ], [ -90.68970303499998, 14.587239346000047 ], [ -90.690378730999953, 14.59027956400007 ], [ -90.691055395999967, 14.591337717000044 ], [ -90.692735748999951, 14.599575149000032 ], [ -90.693595578999975, 14.602034423000077 ], [ -90.69495808399995, 14.603335395000045 ], [ -90.698517658999947, 14.604873765000036 ], [ -90.702187056999946, 14.607233112000074 ], [ -90.705114531999982, 14.609175137000022 ], [ -90.708915846999957, 14.613592327000049 ], [ -90.702291081999988, 14.615747503000023 ], [ -90.699525174999962, 14.615494339000065 ], [ -90.696411851999983, 14.613410359000056 ], [ -90.69422734699998, 14.613741128000072 ], [ -90.690070231999982, 14.617930641000044 ], [ -90.687849095999979, 14.617712099000073 ], [ -90.684806490999961, 14.615862459000027 ], [ -90.682155805999969, 14.613640597000028 ], [ -90.679485710999984, 14.613162281000029 ] ] ] ] } },
{ "type": "Feature", "properties": { "Codigo": 1711, "datos_finales_color_riesgo": "9AB5DC" }, "geometry": { "type": "MultiPolygon", "coordinates": [ [ [ [ -89.166275773999985, 16.818881550000071 ], [ -89.193508372999986, 16.81863151400006 ], [ -89.203996318999941, 16.818953165000039 ], [ -89.217941579999945, 16.818499974000076 ], [ -89.237025071999938, 16.818848396000078 ], [ -89.255254740999987, 16.818418110000039 ], [ -89.262241839999945, 16.81873493300003 ], [ -89.266146007999964, 16.818424728000025 ], [ -89.286558316999958, 16.818784795000056 ], [ -89.305957736999972, 16.818586559000039 ], [ -89.329190722999954, 16.818603947000042 ], [ -89.329967766999971, 16.819001366000066 ], [ -89.330258200999936, 16.876074219000031 ], [ -89.330511333999937, 16.914379455000073 ], [ -89.330592678999949, 16.922332300000051 ], [ -89.330513739999958, 16.924529385000028 ], [ -89.331349522999972, 16.983910668000021 ], [ -89.333001224999975, 17.002126264000026 ], [ -89.332881605999944, 17.01626712500007 ], [ -89.332798430999958, 17.017165778000049 ], [ -89.333179263999966, 17.043168797000078 ], [ -89.333513975999949, 17.046535189000053 ], [ -89.333269903999962, 17.068385965000061 ], [ -89.333651087999954, 17.070123228000057 ], [ -89.333412941999939, 17.092240288000028 ], [ -89.333850948999952, 17.121120688000076 ], [ -89.333814022999945, 17.173246225000071 ], [ -89.33431184799997, 17.188638978000029 ], [ -89.334254451999982, 17.241845707000039 ], [ -89.33462562599999, 17.24358621500005 ], [ -89.334598457999959, 17.254876982000042 ], [ -89.334720431999983, 17.268857357000059 ], [ -89.334663443999943, 17.311929960000043 ], [ -89.33509511699998, 17.315297033000036 ], [ -89.334716140999944, 17.316700087000072 ], [ -89.335171194999987, 17.326489258000038 ], [ -89.335072234999984, 17.38158872300005 ], [ -89.335458995999943, 17.382282775000022 ], [ -89.335535691999951, 17.416632592000042 ], [ -89.335705004999966, 17.471913820000054 ], [ -89.335372351999979, 17.473733886000048 ], [ -89.335810526999978, 17.474654513000075 ], [ -89.335587035999936, 17.485481292000031 ], [ -89.335966135999968, 17.486681700000076 ], [ -89.336283348999984, 17.550214389000075 ], [ -89.336993083999971, 17.683958157000063 ], [ -89.336895076999951, 17.717294630000026 ], [ -89.337544814999944, 17.764191905000075 ], [ -89.337292907999938, 17.786037020000038 ], [ -89.337777886999959, 17.801698879000071 ], [ -89.337436452999953, 17.818087431000038 ], [ -89.156918635999943, 17.816835489000027 ], [ -89.156902891999948, 17.792478654000035 ], [ -89.15656248099998, 17.780260419000058 ], [ -89.156803035999985, 17.769435121000072 ], [ -89.156406138999955, 17.768510442000036 ], [ -89.156691314999989, 17.746395840000048 ], [ -89.156254177999983, 17.701234420000048 ], [ -89.155949048999958, 17.687391719000061 ], [ -89.156270501999984, 17.677017918000047 ], [ -89.155991162999953, 17.672896054000034 ], [ -89.155988234999938, 17.665430087000061 ], [ -89.15566776899999, 17.618521608000037 ], [ -89.155210436999937, 17.60015349300005 ], [ -89.155435078999972, 17.561148882000055 ], [ -89.154786783999953, 17.525657200000069 ], [ -89.154486365999958, 17.426102341000046 ], [ -89.154481973999964, 17.423118112000054 ], [ -89.154390296999964, 17.421214879000047 ], [ -89.154453554999975, 17.39918687200003 ], [ -89.154083230999959, 17.397714717000042 ], [ -89.154307517999939, 17.358707407000054 ], [ -89.153304201999958, 17.329017962000023 ], [ -89.15333676299997, 17.28954331500006 ], [ -89.153139262999957, 17.280581394000023 ], [ -89.152990501999966, 17.249542533000067 ], [ -89.152526799999976, 17.247737056000062 ], [ -89.152694086999986, 17.23596711700003 ], [ -89.15272121299995, 17.234489084000074 ], [ -89.152641763999952, 17.231754893000073 ], [ -89.152304507999986, 17.224868830000048 ], [ -89.152601459999971, 17.222516273000053 ], [ -89.152106500999935, 17.193597766000039 ], [ -89.152497574999984, 17.191453383000066 ], [ -89.152029773999971, 17.190017771000043 ], [ -89.151973829999974, 17.144668682000031 ], [ -89.151589008999963, 17.143704962000072 ], [ -89.151854423999964, 17.121321873000056 ], [ -89.151472490999936, 17.120503703000054 ], [ -89.151551013999949, 17.097341092000022 ], [ -89.152268530999947, 17.05083355000005 ], [ -89.152962181999953, 17.04018433400006 ], [ -89.153249320999976, 17.024241313000061 ], [ -89.153690636999954, 17.012436898000033 ], [ -89.154401073999964, 17.002193946000034 ], [ -89.154492338999944, 17.001054319000048 ], [ -89.155029780999939, 16.994251313000063 ], [ -89.155080571999974, 16.991763171000059 ], [ -89.155568761999973, 16.987368248000053 ], [ -89.155631229999983, 16.984306262000075 ], [ -89.155875249999951, 16.97943867400005 ], [ -89.156352487999982, 16.978191289000051 ], [ -89.156356293999977, 16.97409510600005 ], [ -89.156986458999938, 16.962031374000048 ], [ -89.158289420999949, 16.938824946000068 ], [ -89.159074244999942, 16.932378389000064 ], [ -89.16024350899994, 16.905678671000032 ], [ -89.163256166999986, 16.863439099000061 ], [ -89.163419483999974, 16.860283082000024 ], [ -89.163733539999953, 16.859869408000066 ], [ -89.165491620999944, 16.831504388000042 ], [ -89.166275773999985, 16.818881550000071 ] ] ] ] } },
{ "type": "Feature", "properties": { "Codigo": 609, "datos_finales_color_riesgo": "9AB5DC" }, "geometry": { "type": "MultiPolygon", "coordinates": [ [ [ [ -90.419488323999985, 14.135492999000064 ], [ -90.419694250999953, 14.13472734100003 ], [ -90.421256378999942, 14.13323999000005 ], [ -90.424381980999954, 14.127415093000025 ], [ -90.424681235999969, 14.126939508000078 ], [ -90.425534696999989, 14.122711793000065 ], [ -90.426195545999974, 14.110802129000035 ], [ -90.426603502999967, 14.109247028000027 ], [ -90.435625310999967, 14.110753747000047 ], [ -90.438250002999951, 14.111585719000061 ], [ -90.438251819999948, 14.114787127000056 ], [ -90.437505898999973, 14.11821883500005 ], [ -90.436960762999945, 14.124488189000033 ], [ -90.439055919999987, 14.124779274000048 ], [ -90.453390595999963, 14.123082963000058 ], [ -90.455963853999947, 14.121118205000073 ], [ -90.456411189999983, 14.120482651000032 ], [ -90.456897439999977, 14.119728936000058 ], [ -90.458164982999961, 14.118326255000056 ], [ -90.461208036999949, 14.113009115000068 ], [ -90.461730475999957, 14.109350192000022 ], [ -90.459758337999972, 14.108562619000054 ], [ -90.444692977999978, 14.10629371400006 ], [ -90.443969218999939, 14.105467327000042 ], [ -90.443960574999949, 14.103232466000065 ], [ -90.444935369999939, 14.094920289000072 ], [ -90.444572652999966, 14.09445345000006 ], [ -90.44403244199998, 14.094029900000066 ], [ -90.443141932999936, 14.093583434000038 ], [ -90.442388986999958, 14.093043568000041 ], [ -90.44198404499997, 14.081725392000067 ], [ -90.442784237999945, 14.078017541000065 ], [ -90.443446006999977, 14.076766580000026 ], [ -90.445850073999964, 14.074364173000049 ], [ -90.446772057999965, 14.073429884000063 ], [ -90.447108371999946, 14.072938833000023 ], [ -90.447405557999957, 14.072429300000067 ], [ -90.447547955999937, 14.071898931000021 ], [ -90.447666484999957, 14.071226023000065 ], [ -90.445235350999951, 14.067949193000061 ], [ -90.444722105999972, 14.067341871000053 ], [ -90.444596798999953, 14.06435594900006 ], [ -90.44614854799994, 14.056289220000053 ], [ -90.448261681999952, 14.049949366000021 ], [ -90.449970821999955, 14.04654916800007 ], [ -90.450486935999947, 14.044439526000076 ], [ -90.450953397999967, 14.037406943000065 ], [ -90.45245373099999, 14.031377858000042 ], [ -90.453611214999967, 14.028631276000056 ], [ -90.454634641999974, 14.005890901000043 ], [ -90.454907129999981, 14.003464729000029 ], [ -90.45555933899999, 14.002630281000052 ], [ -90.451774010999941, 14.001956996000047 ], [ -90.451896335999947, 14.001141829000062 ], [ -90.452226209999935, 14.000278027000036 ], [ -90.452749976999939, 13.999712128000056 ], [ -90.455906665999976, 13.996345082000062 ], [ -90.462072201999945, 13.99494278700007 ], [ -90.462600221999935, 13.994460471000025 ], [ -90.463395986999956, 13.994502675000035 ], [ -90.466251314999965, 13.991917143000023 ], [ -90.468409482999959, 13.98952078700006 ], [ -90.469674501999975, 13.983718239000041 ], [ -90.470068947999948, 13.983338401000026 ], [ -90.470308814999953, 13.979009013000052 ], [ -90.469633724999937, 13.978087267000035 ], [ -90.467274867999947, 13.975163829000053 ], [ -90.467028265999943, 13.974133621000021 ], [ -90.466161756999952, 13.973270853000031 ], [ -90.466081967999969, 13.972425326000064 ], [ -90.463918777999936, 13.970808217000069 ], [ -90.462339549999967, 13.971251333000055 ], [ -90.461410478999937, 13.972512047000066 ], [ -90.460529172999941, 13.975057229000072 ], [ -90.457839451999973, 13.977374558000065 ], [ -90.456482259999973, 13.977653949000057 ], [ -90.454347580999979, 13.977075975000048 ], [ -90.451365130999989, 13.977668032000054 ], [ -90.450158238999961, 13.97721494700005 ], [ -90.447156252999946, 13.975698426000065 ], [ -90.44273265399994, 13.975797543000056 ], [ -90.440589756999941, 13.97303991900003 ], [ -90.440632988999937, 13.972214893000057 ], [ -90.439630084999976, 13.97041672000006 ], [ -90.43930215499995, 13.967445595000072 ], [ -90.441324529999974, 13.963835238000058 ], [ -90.442928160999941, 13.956198048000033 ], [ -90.442884431999971, 13.953138444000047 ], [ -90.44255590399996, 13.94942990800007 ], [ -90.442718059999947, 13.948145396000029 ], [ -90.443042782999953, 13.947689203000039 ], [ -90.443439124999941, 13.942568817000051 ], [ -90.444387700999982, 13.941106235000063 ], [ -90.445544203999987, 13.941602828000043 ], [ -90.44748868299996, 13.941624363000074 ], [ -90.449484119999966, 13.940586045000032 ], [ -90.450548405999939, 13.940321657000027 ], [ -90.45144136, 13.939339522000068 ], [ -90.452536253999938, 13.93918272600007 ], [ -90.454288990999942, 13.937868536000053 ], [ -90.455361889999949, 13.938029949000054 ], [ -90.456652194999947, 13.937554464000073 ], [ -90.459969035999961, 13.933612954000068 ], [ -90.461234581999975, 13.931433115000061 ], [ -90.462365652999949, 13.930236587000024 ], [ -90.462838, 13.928007812000033 ], [ -90.460709848999954, 13.927240316000052 ], [ -90.460143984999945, 13.926335516000051 ], [ -90.460097416999986, 13.922556500000042 ], [ -90.458824905999961, 13.91427247200005 ], [ -90.458350974999973, 13.912151284000061 ], [ -90.457439434999969, 13.911410013000022 ], [ -90.454337644999953, 13.909412725000038 ], [ -90.450080818999936, 13.907752274000075 ], [ -90.449102251999989, 13.906802494000033 ], [ -90.446535660999984, 13.906085656000073 ], [ -90.444058979999966, 13.904130941000062 ], [ -90.444124337999938, 13.902758450000022 ], [ -90.445108796999989, 13.900323918000026 ], [ -90.446436035999966, 13.898411296000063 ], [ -90.450829097999986, 13.889348593000022 ], [ -90.453320924999957, 13.883775695000054 ], [ -90.455130285999985, 13.880883302000029 ], [ -90.456031003999954, 13.879321872000048 ], [ -90.459613114999968, 13.880700717000025 ], [ -90.463126527999975, 13.881758091000052 ], [ -90.466043002999982, 13.88254497500003 ], [ -90.470131678999962, 13.883910872000058 ], [ -90.471737777999977, 13.884502306000059 ], [ -90.472786089999943, 13.885099250000053 ], [ -90.473742869999967, 13.885503269000026 ], [ -90.47489669, 13.885858503000065 ], [ -90.47740061199994, 13.886591313000054 ], [ -90.482425987999989, 13.888365336000049 ], [ -90.486093265999955, 13.889543704000062 ], [ -90.488359645999935, 13.890284129000065 ], [ -90.492935447999969, 13.891583550000064 ], [ -90.497902761999967, 13.892977249000069 ], [ -90.503857515999982, 13.894897048000075 ], [ -90.507384316999946, 13.895669397000063 ], [ -90.509146193999982, 13.896253169000033 ], [ -90.511639554999988, 13.897026206000021 ], [ -90.516739556999937, 13.898633221000068 ], [ -90.524012810999977, 13.901019975000054 ], [ -90.527290036999943, 13.901962316000038 ], [ -90.532165952999947, 13.903303635000043 ], [ -90.53526948199999, 13.904062298000042 ], [ -90.537425248999966, 13.904529027000024 ], [ -90.548016639999958, 13.907003945000042 ], [ -90.550275586999987, 13.907450147000077 ], [ -90.554754360999937, 13.908273210000061 ], [ -90.558560707999959, 13.909058972000025 ], [ -90.560407815999952, 13.909369960000049 ], [ -90.563555520999955, 13.909906249000073 ], [ -90.565836881999985, 13.910262193000051 ], [ -90.569417019999946, 13.910964225000043 ], [ -90.573625797999966, 13.911864453000021 ], [ -90.575895956999943, 13.912301510000077 ], [ -90.580075266999984, 13.913039843000035 ], [ -90.584790235999947, 13.914026230000047 ], [ -90.590095371999951, 13.914855737000039 ], [ -90.595398622999937, 13.915929062000032 ], [ -90.600539766999987, 13.916695748000052 ], [ -90.611088903999985, 13.918435847000069 ], [ -90.617590826999958, 13.919620977000022 ], [ -90.62232933699994, 13.920323432000032 ], [ -90.628615567999987, 13.92135935500005 ], [ -90.633819207999977, 13.922096618000069 ], [ -90.640139002999945, 13.922915740000064 ], [ -90.644982416999937, 13.923497941000051 ], [ -90.655135843999972, 13.924554750000027 ], [ -90.659241311999949, 13.924943221000035 ], [ -90.660143291999987, 13.932398136000074 ], [ -90.661132558999952, 13.936527757000022 ], [ -90.66210356, 13.942760177000025 ], [ -90.663531072999945, 13.951031068000077 ], [ -90.671333395999966, 13.999615704000064 ], [ -90.671778139999958, 14.002083241000037 ], [ -90.671631127999945, 14.002840799000069 ], [ -90.673107616999971, 14.009272349000071 ], [ -90.673224198999947, 14.012798390000057 ], [ -90.674258006999935, 14.016215781000028 ], [ -90.675251385999957, 14.021811437000054 ], [ -90.670013875999985, 14.02229416800003 ], [ -90.66853951, 14.022758843000076 ], [ -90.666868911999984, 14.023410230000025 ], [ -90.664189919999956, 14.026543360000062 ], [ -90.66343306899995, 14.027088334000041 ], [ -90.661982551999984, 14.027592724000044 ], [ -90.660650859999976, 14.02790060500007 ], [ -90.660156608999955, 14.028101378000031 ], [ -90.659564834999969, 14.028507891000061 ], [ -90.659900687999937, 14.033029907000071 ], [ -90.660724001999938, 14.034602101000075 ], [ -90.662284375999945, 14.040551113000049 ], [ -90.662826014999951, 14.045089802000064 ], [ -90.663810567999974, 14.047936403000051 ], [ -90.663625864999972, 14.050291696000045 ], [ -90.662608510999974, 14.050733621000063 ], [ -90.657377312999984, 14.050872695000066 ], [ -90.640626424999937, 14.050326832000053 ], [ -90.636793286999989, 14.050701597000057 ], [ -90.636294752999959, 14.057735084000058 ], [ -90.63532579799994, 14.061116025000047 ], [ -90.635447193999937, 14.065457456000047 ], [ -90.637571248999961, 14.069580202000054 ], [ -90.637953781999954, 14.071142507000047 ], [ -90.641138447999936, 14.076493102000029 ], [ -90.645979144999956, 14.082618800000034 ], [ -90.64739717399999, 14.084025187000066 ], [ -90.647976417999985, 14.085255105000044 ], [ -90.650441093999973, 14.096492934000025 ], [ -90.649899854999944, 14.099627377000047 ], [ -90.648966792999943, 14.099949184000025 ], [ -90.648184896999965, 14.09991670200003 ], [ -90.647005307999962, 14.099905180000064 ], [ -90.646130662999951, 14.100172206000025 ], [ -90.645753217999982, 14.100756930000045 ], [ -90.645643438999969, 14.10141881100003 ], [ -90.645479413999965, 14.102405428000054 ], [ -90.645269608999968, 14.102891274000058 ], [ -90.644712236999965, 14.103474235000022 ], [ -90.644259837999982, 14.103807499000027 ], [ -90.643523884999979, 14.104314169000077 ], [ -90.642954299999985, 14.104846184000053 ], [ -90.642563661999986, 14.105418350000036 ], [ -90.642276903999971, 14.105903439000031 ], [ -90.641964368999936, 14.106363427000076 ], [ -90.641652735999969, 14.106735333000074 ], [ -90.640966584999944, 14.107405114000073 ], [ -90.640228313999955, 14.108135369000024 ], [ -90.639554430999965, 14.108792842000071 ], [ -90.638300218999973, 14.10984329200005 ], [ -90.637933210999961, 14.110590733000038 ], [ -90.637987887999941, 14.111517368000023 ], [ -90.638401768999984, 14.112397835000024 ], [ -90.638909013999978, 14.112977671000067 ], [ -90.639543074999949, 14.113660395000068 ], [ -90.640404767999939, 14.114657063000038 ], [ -90.640707721999945, 14.115073389000031 ], [ -90.640998536999973, 14.115488467000034 ], [ -90.641302455999949, 14.115867534000074 ], [ -90.641822047999938, 14.116485886000078 ], [ -90.642086705999986, 14.116913131000047 ], [ -90.642038794999962, 14.117801491000023 ], [ -90.641664014999947, 14.118123083000057 ], [ -90.641183541999965, 14.11870678300005 ], [ -90.641009707999956, 14.11940529900005 ], [ -90.641065158999936, 14.120257403000039 ], [ -90.641428864999966, 14.12101201300004 ], [ -90.641872934999981, 14.121491840000033 ], [ -90.642491853999957, 14.122411585000066 ], [ -90.643110522999962, 14.123356173000047 ], [ -90.643590091999954, 14.124098366000055 ], [ -90.643854491999946, 14.124551582000038 ], [ -90.644102294999982, 14.12538072500007 ], [ -90.644145168999955, 14.126219153000022 ], [ -90.64407579799996, 14.126718793000066 ], [ -90.643656182999962, 14.127628358000038 ], [ -90.643354667999972, 14.128251084000055 ], [ -90.643028202999972, 14.128823871000066 ], [ -90.642645834999939, 14.129374652000024 ], [ -90.642693067999971, 14.130350908000025 ], [ -90.642772484999966, 14.131460747000062 ], [ -90.642853275999983, 14.132437332000052 ], [ -90.643252631999985, 14.133384290000038 ], [ -90.643748887999948, 14.133743783000057 ], [ -90.644459706999953, 14.134227356000054 ], [ -90.644462258999965, 14.135103788000038 ], [ -90.643863518999979, 14.135873809000032 ], [ -90.643165209999907, 14.136366150000072 ], [ -90.642649722999977, 14.136749601000076 ], [ -90.642157506999979, 14.13712085800006 ], [ -90.641733078999948, 14.137483743000075 ], [ -90.641308437999953, 14.13786695500005 ], [ -90.640824922999968, 14.138516123000045 ], [ -90.640544727999952, 14.139201166000078 ], [ -90.640312646999973, 14.139709370000048 ], [ -90.63979372099999, 14.140424821000067 ], [ -90.639335038999945, 14.140797529000054 ], [ -90.638764214999981, 14.141102499000056 ], [ -90.637620258999959, 14.141823091000049 ], [ -90.636837383999989, 14.142320225000049 ], [ -90.635744049999971, 14.143013069000062 ], [ -90.634953716999973, 14.143615155000077 ], [ -90.634345523999968, 14.144174986000053 ], [ -90.633759560999977, 14.144823123000037 ], [ -90.632909519999941, 14.145713734000026 ], [ -90.63239331599999, 14.146162655000069 ], [ -90.631500428999971, 14.146775008000077 ], [ -90.630574668999941, 14.147320399000023 ], [ -90.629864270999974, 14.147856619000038 ], [ -90.62928904599994, 14.148527437000041 ], [ -90.628735354999947, 14.149353190000056 ], [ -90.628422454999964, 14.149894460000041 ], [ -90.627868525999986, 14.150742794000053 ], [ -90.62715684599999, 14.151400964000061 ], [ -90.626573021999945, 14.151839037000059 ], [ -90.626148447999981, 14.152210919000026 ], [ -90.625655234999954, 14.152672472000063 ], [ -90.625276591999977, 14.153023351000058 ], [ -90.624794486999974, 14.153473717000054 ], [ -90.624109396999984, 14.15379897300005 ], [ -90.62352855499995, 14.153893734000064 ], [ -90.622674728999982, 14.154028710000034 ], [ -90.622173395999937, 14.154157007000038 ], [ -90.621565614999952, 14.154671627000027 ], [ -90.621047042999976, 14.155399448000026 ], [ -90.620837477999942, 14.155851377000033 ], [ -90.620568427999956, 14.156624587000067 ], [ -90.620380028999989, 14.157211123000025 ], [ -90.620204705999981, 14.157708566000053 ], [ -90.62002892299995, 14.158194710000032 ], [ -90.619610343999966, 14.159099702000049 ], [ -90.61910484699996, 14.159626617000072 ], [ -90.618327718999979, 14.160062746000051 ], [ -90.617780198999981, 14.16023461900005 ], [ -90.617130376999967, 14.160449522000022 ], [ -90.61636608799995, 14.16070846100007 ], [ -90.61568176899999, 14.160956897000062 ], [ -90.614996412999972, 14.161304704000031 ], [ -90.614480600999968, 14.161709536000046 ], [ -90.614102151999987, 14.162038934000066 ], [ -90.613652765999973, 14.162621733000037 ], [ -90.613291497999967, 14.163466292000066 ], [ -90.613125296999954, 14.164141130000075 ], [ -90.61295688499996, 14.165027133000024 ], [ -90.612672738999947, 14.166133342000023 ], [ -90.612415338999938, 14.166840021000041 ], [ -90.612158621999981, 14.167481201000044 ], [ -90.61153328599994, 14.168616759000031 ], [ -90.610835273999953, 14.169064939000066 ], [ -90.610218867999947, 14.169291443000077 ], [ -90.60960373599994, 14.169451328000036 ], [ -90.608920543999943, 14.169589073000054 ], [ -90.607848716999968, 14.169921706000025 ], [ -90.607408231999955, 14.170259508000072 ], [ -90.605754440999988, 14.169464867000045 ], [ -90.60446671699998, 14.16864225300003 ], [ -90.603540223999971, 14.167975707000039 ], [ -90.602565425999956, 14.167004879000046 ], [ -90.600622408999982, 14.164824986000042 ], [ -90.59602478499994, 14.157540919000041 ], [ -90.593072235999955, 14.155566575000023 ], [ -90.589652642999965, 14.154479697000056 ], [ -90.581034609999961, 14.153627285000027 ], [ -90.580056447999937, 14.153426566000064 ], [ -90.574668111999983, 14.152795079000043 ], [ -90.56995208799998, 14.152776737000067 ], [ -90.567413746999989, 14.154378391000023 ], [ -90.563278492999984, 14.154814143000067 ], [ -90.559967488999973, 14.157071902000041 ], [ -90.557339751999962, 14.159988186000021 ], [ -90.554970046999983, 14.161228884000025 ], [ -90.548620931999949, 14.16190378400006 ], [ -90.544886628999961, 14.162819862000049 ], [ -90.543152579999969, 14.164083874000028 ], [ -90.54238256299999, 14.165191746000062 ], [ -90.540969697999969, 14.167204379000054 ], [ -90.53931681399996, 14.172260283000071 ], [ -90.536488080999959, 14.175367313000038 ], [ -90.530827067999951, 14.182100682000055 ], [ -90.527591128999973, 14.183883219000052 ], [ -90.525533960999951, 14.186419837000074 ], [ -90.523984188999975, 14.188647733000039 ], [ -90.523645801999976, 14.19187966800007 ], [ -90.52264471899997, 14.195217673000059 ], [ -90.520282237999936, 14.198456867000061 ], [ -90.518327750999958, 14.199303901000064 ], [ -90.515044461999935, 14.199825435000037 ], [ -90.511180241999966, 14.19980220900004 ], [ -90.509093829999983, 14.199055495000039 ], [ -90.506541068999979, 14.197346275000029 ], [ -90.501698331999989, 14.19388308300006 ], [ -90.500709556999936, 14.192693792000057 ], [ -90.500186990999964, 14.192320190000032 ], [ -90.49963915, 14.19161318700003 ], [ -90.499353721999967, 14.191148331000022 ], [ -90.49774952599995, 14.186343430000022 ], [ -90.497090298999979, 14.174167448000048 ], [ -90.497594111999945, 14.172764498000049 ], [ -90.499388293999971, 14.170104570000035 ], [ -90.499417637999954, 14.167426225000042 ], [ -90.498800727999935, 14.166531046000046 ], [ -90.498751288999983, 14.164916789000074 ], [ -90.500377796999942, 14.162447073000067 ], [ -90.500473213999953, 14.160549744000036 ], [ -90.498521637999943, 14.159467876000065 ], [ -90.492782383999952, 14.158629890000043 ], [ -90.49126318499998, 14.160071900000048 ], [ -90.489343639999959, 14.162661566000054 ], [ -90.485617396999942, 14.165463775000035 ], [ -90.48364225499995, 14.166209828000035 ], [ -90.478687426999954, 14.165756890000068 ], [ -90.477300944999968, 14.164445913000066 ], [ -90.476833260999967, 14.163199932000055 ], [ -90.477041637999946, 14.160785500000031 ], [ -90.475967153999989, 14.159939670000028 ], [ -90.471073734999948, 14.158973431000049 ], [ -90.469110608999983, 14.159839194000028 ], [ -90.468497954999975, 14.16040074700004 ], [ -90.467923738999957, 14.160783149000054 ], [ -90.464625781999985, 14.160696367000071 ], [ -90.462691740999958, 14.159774772000048 ], [ -90.461380648999977, 14.15851307500003 ], [ -90.456619386999989, 14.154732737000074 ], [ -90.455190552999966, 14.151423574000034 ], [ -90.455370766999977, 14.149789205000047 ], [ -90.456617849999986, 14.148215828000048 ], [ -90.456592934999946, 14.147126967000077 ], [ -90.45428329799995, 14.145238101000075 ], [ -90.452074492999941, 14.145415677000074 ], [ -90.449679230999948, 14.146747596000068 ], [ -90.448320510999963, 14.146914968000033 ], [ -90.44324175, 14.150095073000045 ], [ -90.442257400999949, 14.150467396000067 ], [ -90.440620420999949, 14.150989722000077 ], [ -90.438405393999972, 14.153008876000058 ], [ -90.437800061999951, 14.153997269000058 ], [ -90.437147239999945, 14.15488577800005 ], [ -90.436773656999947, 14.155485927000029 ], [ -90.436241905999964, 14.155794173000061 ], [ -90.43523231599994, 14.155783383000028 ], [ -90.434364697999968, 14.155393556000035 ], [ -90.433727275999956, 14.15496102000003 ], [ -90.433293860999981, 14.15429352600006 ], [ -90.433256529999937, 14.152156624000042 ], [ -90.434918158999949, 14.149336629000061 ], [ -90.435058348999974, 14.148806258000036 ], [ -90.434543089999977, 14.147801383000058 ], [ -90.434469665999984, 14.146765092000066 ], [ -90.433000426999968, 14.145490295000059 ], [ -90.431167462999952, 14.143837826000038 ], [ -90.430210421999959, 14.143223448000072 ], [ -90.428918579999959, 14.142385282000077 ], [ -90.427372254999966, 14.140819423000039 ], [ -90.426595604999989, 14.140681242000028 ], [ -90.419488323999985, 14.135492999000064 ] ] ] ] } },
{ "type": "Feature", "properties": { "Codigo": 1322, "datos_finales_color_riesgo": "9AB5DC" }, "geometry": { "type": "MultiPolygon", "coordinates": [ [ [ [ -91.530622119999975, 15.671896424000067 ], [ -91.532112272999939, 15.657708633000027 ], [ -91.532363102999966, 15.649109385000031 ], [ -91.532867278999959, 15.648388580000073 ], [ -91.532976975999986, 15.646576033000031 ], [ -91.534292415999971, 15.643022666000036 ], [ -91.534602698999947, 15.641200162000075 ], [ -91.536176490999935, 15.638770368000053 ], [ -91.538841548999983, 15.639295405000041 ], [ -91.544664295999951, 15.641834322000022 ], [ -91.547870073999945, 15.643978426000047 ], [ -91.551453020999986, 15.644811047000076 ], [ -91.558883954999942, 15.643853394000075 ], [ -91.563086380999948, 15.643893407000064 ], [ -91.567597252999974, 15.643337693000035 ], [ -91.585705121999979, 15.643264317000046 ], [ -91.59768257799999, 15.641201419000026 ], [ -91.599286893999988, 15.641464751000058 ], [ -91.605120974999977, 15.641090691000045 ], [ -91.613499965999949, 15.641552819000026 ], [ -91.62391742799997, 15.640401648000022 ], [ -91.627953038999976, 15.64045744200007 ], [ -91.64063564099996, 15.63685907200005 ], [ -91.647339078999948, 15.633662840000056 ], [ -91.652165972999967, 15.627966518000051 ], [ -91.660688840999967, 15.620444081000073 ], [ -91.666787836999958, 15.614888713000028 ], [ -91.67156444799997, 15.610457815000075 ], [ -91.676138529999946, 15.603406297000049 ], [ -91.678923115999964, 15.599336092000044 ], [ -91.680030220999981, 15.597476258000029 ], [ -91.691736883999965, 15.589654679000034 ], [ -91.691611112999965, 15.589861112000051 ], [ -91.691583334999962, 15.603194446000032 ], [ -91.702805554999941, 15.619333337000057 ], [ -91.698555555999974, 15.624333333000038 ], [ -91.736972326999989, 15.637104679000061 ], [ -91.736936213999968, 15.637223323000057 ], [ -91.737339667999947, 15.641404962000024 ], [ -91.739982752999936, 15.646019806000027 ], [ -91.743211245999987, 15.649599643000045 ], [ -91.747318640999936, 15.655354917000068 ], [ -91.74871366299999, 15.658266610000055 ], [ -91.75026868599997, 15.661527217000071 ], [ -91.750481664999938, 15.663610751000022 ], [ -91.749358463999954, 15.66757351900003 ], [ -91.745638306999979, 15.670548613000051 ], [ -91.73848628099995, 15.671470139000064 ], [ -91.73669518, 15.672391936000054 ], [ -91.735252061999972, 15.670964515000037 ], [ -91.73299334799998, 15.669516547000057 ], [ -91.730241919999969, 15.668641924000042 ], [ -91.728922879999971, 15.667621922000023 ], [ -91.722492527999975, 15.664643516000069 ], [ -91.717525186999978, 15.663081280000029 ], [ -91.713126185999954, 15.662858884000059 ], [ -91.709289670999965, 15.663780855000027 ], [ -91.705258360999949, 15.664151368000034 ], [ -91.70132786299996, 15.665543780000064 ], [ -91.698298783999974, 15.66720586100007 ], [ -91.689704179999978, 15.676002304000065 ], [ -91.683932597999956, 15.680568336000022 ], [ -91.679726882999944, 15.683250058000056 ], [ -91.678057407999972, 15.68488274200007 ], [ -91.666645951999953, 15.688896643000078 ], [ -91.657725953999943, 15.68959340300006 ], [ -91.643844205999983, 15.693184161000033 ], [ -91.63313044299997, 15.69394559400007 ], [ -91.628395372999989, 15.694034559000045 ], [ -91.625842816999977, 15.693451369000059 ], [ -91.620984695999937, 15.691635691000045 ], [ -91.618337569999937, 15.689777401000072 ], [ -91.615178721999939, 15.688407306000045 ], [ -91.607397933999948, 15.686213537000071 ], [ -91.596513564999952, 15.680767278000076 ], [ -91.590580102999979, 15.679568839000069 ], [ -91.582717212999967, 15.676272164000068 ], [ -91.576781017999963, 15.675081250000062 ], [ -91.573345219999965, 15.673704273000055 ], [ -91.562507898999968, 15.671524057000056 ], [ -91.556025193999972, 15.669573198000023 ], [ -91.552189987999952, 15.669311741000058 ], [ -91.548999349999974, 15.669752696000046 ], [ -91.53952456199994, 15.669625291000045 ], [ -91.535506096999939, 15.670785831000046 ], [ -91.531734416999939, 15.671104012000058 ], [ -91.530622119999975, 15.671896424000067 ] ] ] ] } },
{ "type": "Feature", "properties": { "Codigo": 2202, "datos_finales_color_riesgo": "9AB5DC" }, "geometry": { "type": "MultiPolygon", "coordinates": [ [ [ [ -89.79456986699995, 14.364964865000047 ], [ -89.798939990999941, 14.363082727000062 ], [ -89.809105551999949, 14.355663563000064 ], [ -89.813085370999943, 14.353241982000043 ], [ -89.817044556999974, 14.350104457000043 ], [ -89.817822957999965, 14.349910624000074 ], [ -89.822233756999935, 14.345320795000077 ], [ -89.823344603999942, 14.34388081700007 ], [ -89.823554294999951, 14.339559640000061 ], [ -89.822995029999959, 14.337474237000038 ], [ -89.82184601299997, 14.335672131000024 ], [ -89.821547208999959, 14.330796731000078 ], [ -89.819821605999948, 14.328142644000025 ], [ -89.818723851999948, 14.322587230000067 ], [ -89.819134088999988, 14.320871493000027 ], [ -89.82075075099999, 14.319054531000063 ], [ -89.820767777999947, 14.316613419000078 ], [ -89.819974850999984, 14.314396224000063 ], [ -89.821251810999968, 14.310887317000038 ], [ -89.820100511999954, 14.309419287000026 ], [ -89.817633901999955, 14.308309488000077 ], [ -89.816078864999952, 14.305391327000052 ], [ -89.818154609999965, 14.304705811000076 ], [ -89.820412043999966, 14.303117504000056 ], [ -89.82425346299999, 14.302967977000037 ], [ -89.826851316999978, 14.300171934000048 ], [ -89.829367110999954, 14.29983756300004 ], [ -89.829536332999965, 14.297469564000039 ], [ -89.831048989999942, 14.296322669000062 ], [ -89.83517214699998, 14.295801969000024 ], [ -89.837420423999959, 14.294854439000062 ], [ -89.839831709999942, 14.294995991000064 ], [ -89.840653405999944, 14.296824125000057 ], [ -89.843240884999943, 14.299103500000058 ], [ -89.847170414999937, 14.301348747000077 ], [ -89.849285618999943, 14.301936645000069 ], [ -89.853027227999974, 14.303804591000073 ], [ -89.853838310999947, 14.304534324000031 ], [ -89.858194235999974, 14.306224099000076 ], [ -89.860735584999986, 14.30817991300006 ], [ -89.862260550999963, 14.308768939000061 ], [ -89.866957541999966, 14.314087431000075 ], [ -89.870934563999981, 14.318248460000063 ], [ -89.871834281999952, 14.320149817000072 ], [ -89.87251899599994, 14.32332380400004 ], [ -89.87258606499995, 14.333596149000073 ], [ -89.871819394999989, 14.346792182000058 ], [ -89.871874927999954, 14.35600222000005 ], [ -89.872233963999975, 14.358117686000071 ], [ -89.875333326999964, 14.364374540000028 ], [ -89.87634258099996, 14.367444472000045 ], [ -89.878257816999962, 14.369768979000071 ], [ -89.879917478999971, 14.373032602000023 ], [ -89.88550657199994, 14.385438881000027 ], [ -89.88533683199995, 14.386197416000073 ], [ -89.884422332999975, 14.386844546000077 ], [ -89.880985881999948, 14.387693176000028 ], [ -89.87776422, 14.389790711000046 ], [ -89.876938425999981, 14.389802372000077 ], [ -89.873426203999941, 14.392304592000073 ], [ -89.87157462, 14.392801551000048 ], [ -89.868683213999986, 14.394415695000077 ], [ -89.867595684999969, 14.395631585000046 ], [ -89.867522416999975, 14.397271775000036 ], [ -89.872277596999936, 14.406209976000071 ], [ -89.874707740999952, 14.409161058000052 ], [ -89.875504183999965, 14.41134327900005 ], [ -89.877382956999952, 14.414226094000071 ], [ -89.878010036999967, 14.41647266800004 ], [ -89.879220626999938, 14.418275470000026 ], [ -89.879500456999949, 14.419844726000065 ], [ -89.88214975599999, 14.423790829000041 ], [ -89.884857630999988, 14.426113445000055 ], [ -89.885145672999954, 14.426595835000057 ], [ -89.88982168199999, 14.429937697000071 ], [ -89.89301678299995, 14.432924735000029 ], [ -89.89249255499999, 14.435311887000069 ], [ -89.892757662999941, 14.435988114000054 ], [ -89.891084353999986, 14.445589692000055 ], [ -89.89058511199994, 14.454501280000045 ], [ -89.890148866999937, 14.455135512000027 ], [ -89.890121274999956, 14.457575483000028 ], [ -89.889524982999944, 14.458722299000044 ], [ -89.885346095999978, 14.461394034000023 ], [ -89.879040832999976, 14.467016182000066 ], [ -89.876877193999974, 14.466629648000037 ], [ -89.87467759599997, 14.465047296000023 ], [ -89.868910738999944, 14.464592462000041 ], [ -89.866468570999984, 14.465114133000043 ], [ -89.86360003599998, 14.467085005000058 ], [ -89.863418808999938, 14.462504523000064 ], [ -89.857908812999938, 14.462327136000056 ], [ -89.855721845999938, 14.463441290000048 ], [ -89.854384106999987, 14.463185244000044 ], [ -89.85442551899996, 14.456173147000072 ], [ -89.855669840999951, 14.447876850000057 ], [ -89.855965397999967, 14.441107417000069 ], [ -89.851423206999982, 14.438081631000045 ], [ -89.849375387999942, 14.437351068000055 ], [ -89.841473901999962, 14.432412186000022 ], [ -89.837471967999988, 14.430604522000067 ], [ -89.836196070999961, 14.429512884000076 ], [ -89.836085047999973, 14.427658084000029 ], [ -89.839529854999967, 14.421301218000053 ], [ -89.839324846999943, 14.420030947000043 ], [ -89.837911987999973, 14.419168874000036 ], [ -89.835969005999971, 14.419313245000069 ], [ -89.833086752999975, 14.42024071700007 ], [ -89.830585548999977, 14.421655217000023 ], [ -89.828671706999955, 14.422153194000032 ], [ -89.827735260999987, 14.421712827000022 ], [ -89.828626191999945, 14.419846681000024 ], [ -89.82784253899996, 14.418471565000061 ], [ -89.823401606999937, 14.418412920000037 ], [ -89.815541726999982, 14.419358847000069 ], [ -89.815163502999951, 14.418063668000059 ], [ -89.815417674999935, 14.414928265000071 ], [ -89.816453398999954, 14.413348559000042 ], [ -89.817046123999944, 14.410548420000055 ], [ -89.818679419999967, 14.407820994000076 ], [ -89.819457950999947, 14.40759220800004 ], [ -89.822749481999949, 14.408048510000071 ], [ -89.824301871999978, 14.406980227000076 ], [ -89.824898440999959, 14.399727449000068 ], [ -89.825569909999956, 14.397692432000042 ], [ -89.827183654999942, 14.396536901000047 ], [ -89.827626176999956, 14.395622969000044 ], [ -89.827552604999937, 14.393414273000076 ], [ -89.82561765, 14.389855503000035 ], [ -89.82545264099997, 14.387153476000037 ], [ -89.82435213399998, 14.385919713000021 ], [ -89.82377089299996, 14.382192897000039 ], [ -89.822613299999944, 14.380453845000034 ], [ -89.821875967999972, 14.377859258000058 ], [ -89.825369119999948, 14.373439981000047 ], [ -89.825314980999963, 14.371329744000036 ], [ -89.824444791999952, 14.370311280000067 ], [ -89.823607264999964, 14.370382430000063 ], [ -89.81647045599999, 14.37422895800006 ], [ -89.813453817999971, 14.375366667000037 ], [ -89.810961093999936, 14.37552381200004 ], [ -89.802965659999984, 14.371866216000058 ], [ -89.796292247999986, 14.366900132000069 ], [ -89.79456986699995, 14.364964865000047 ] ] ] ] } },
{ "type": "Feature", "properties": { "Codigo": 206, "datos_finales_color_vul": "9AB5DC" }, "geometry": { "type": "MultiPolygon", "coordinates": [ [ [ [ -90.176692002999971, 14.880950122000058 ], [ -90.176698985999963, 14.880324761000054 ], [ -90.176966885999946, 14.867322357000035 ], [ -90.176485649999961, 14.858941752000021 ], [ -90.177694041999985, 14.855228758000067 ], [ -90.178052578999939, 14.851842870000041 ], [ -90.172183129999951, 14.848089107000021 ], [ -90.168650379999974, 14.847443848000069 ], [ -90.165367640999989, 14.846186340000031 ], [ -90.15977507499997, 14.842325095000035 ], [ -90.157342312999958, 14.839715350000063 ], [ -90.153568044999986, 14.837100269000075 ], [ -90.147251219999987, 14.831598497000073 ], [ -90.140887008999982, 14.825223339000047 ], [ -90.138015862999964, 14.82306522600004 ], [ -90.133272328999965, 14.819894815000055 ], [ -90.126791676999972, 14.816905853000037 ], [ -90.125806679999982, 14.815965574000074 ], [ -90.120557790999953, 14.813260532000072 ], [ -90.113872379999975, 14.810124201000065 ], [ -90.112473480999938, 14.808112993000066 ], [ -90.112008721999985, 14.805444049000073 ], [ -90.11123689599998, 14.804538008000065 ], [ -90.1096795, 14.803370359000041 ], [ -90.112449139999967, 14.80206733600005 ], [ -90.119285260999959, 14.798609253000052 ], [ -90.125967601999946, 14.792629242000032 ], [ -90.130767813999967, 14.791793811000048 ], [ -90.13451734399996, 14.788484133000054 ], [ -90.137180813999976, 14.78994420600003 ], [ -90.142181301999983, 14.790866516000051 ], [ -90.143154299999935, 14.790329912000061 ], [ -90.143445127999939, 14.789031844000021 ], [ -90.144843685999945, 14.787052066000058 ], [ -90.14674460699996, 14.786715467000022 ], [ -90.15057213099999, 14.786918602000071 ], [ -90.151803832999974, 14.786293706000038 ], [ -90.154104085999961, 14.783717615000057 ], [ -90.157046642999944, 14.78148697000006 ], [ -90.158934974999966, 14.779884540000069 ], [ -90.162890224999956, 14.778020767000044 ], [ -90.165373346999957, 14.776043998000034 ], [ -90.167074868999975, 14.773673749000068 ], [ -90.167890565999983, 14.771388571000045 ], [ -90.167939393999973, 14.760009179000065 ], [ -90.165491996999947, 14.753205353000055 ], [ -90.165332270999954, 14.749147015000062 ], [ -90.166082139999958, 14.745978172000036 ], [ -90.167576833999988, 14.742579105000061 ], [ -90.167857597999955, 14.735266822000028 ], [ -90.168291571999987, 14.734629752000046 ], [ -90.168585200999985, 14.731657382000037 ], [ -90.171640481999987, 14.724575451000021 ], [ -90.17305986599996, 14.714667972000029 ], [ -90.174896027999978, 14.708184082000059 ], [ -90.17191907299997, 14.702965763000066 ], [ -90.169550911999977, 14.696147201000031 ], [ -90.172044656999958, 14.693212942000059 ], [ -90.172646062999945, 14.692264032000026 ], [ -90.174959907999948, 14.689107384000067 ], [ -90.176761683999985, 14.684772586000065 ], [ -90.178769787999954, 14.682292931000063 ], [ -90.179715674999954, 14.679573418000075 ], [ -90.180988253999942, 14.677920240000049 ], [ -90.186757097999987, 14.672826233000023 ], [ -90.187558711999941, 14.672807722000073 ], [ -90.188510501999986, 14.671564940000053 ], [ -90.191311524999946, 14.669817286000068 ], [ -90.193479439999976, 14.668513540000049 ], [ -90.195733174999987, 14.669210261000046 ], [ -90.209073524999951, 14.668892274000029 ], [ -90.210854707999943, 14.669775110000046 ], [ -90.211877356999935, 14.670389153000031 ], [ -90.211403926999935, 14.671278776000065 ], [ -90.210794044999943, 14.671770473000038 ], [ -90.21023052299995, 14.672218693000048 ], [ -90.209793504999936, 14.672567952000065 ], [ -90.209465629999954, 14.673273029000029 ], [ -90.209673173999988, 14.673963091000076 ], [ -90.210085405999962, 14.674699643000054 ], [ -90.210008556999981, 14.675363705000052 ], [ -90.209442337999974, 14.675977856000031 ], [ -90.208868487999951, 14.676370625000061 ], [ -90.208097736999946, 14.676971019000064 ], [ -90.207407694999972, 14.67751706100006 ], [ -90.206877934999966, 14.677953258000059 ], [ -90.206311706999941, 14.678612558000054 ], [ -90.205824920999987, 14.679271681000046 ], [ -90.205488399999979, 14.679788100000053 ], [ -90.205219842999952, 14.680295178000051 ], [ -90.204892081999958, 14.680988954000043 ], [ -90.204644606999977, 14.681662249000055 ], [ -90.204430755999965, 14.682335946000023 ], [ -90.204191626999943, 14.68326449400007 ], [ -90.203995974999941, 14.686975430000075 ], [ -90.203840363999973, 14.687583217000054 ], [ -90.203720787999941, 14.688048054000035 ], [ -90.203543390999982, 14.688544935000039 ], [ -90.203454502999989, 14.68928674700004 ], [ -90.203801122999948, 14.689756076000037 ], [ -90.204504396999937, 14.689997128000073 ], [ -90.205322874999979, 14.690117636000025 ], [ -90.20600323299999, 14.690336956000067 ], [ -90.206360466999968, 14.690884313000026 ], [ -90.206248123999956, 14.691692457000045 ], [ -90.205942382999979, 14.692431658000032 ], [ -90.20582862599997, 14.693305265000049 ], [ -90.205980457999942, 14.693906596000033 ], [ -90.206142079999907, 14.694650301000024 ], [ -90.206074530999956, 14.695492853000076 ], [ -90.205965838999987, 14.695967985000038 ], [ -90.205762720999985, 14.696708421000039 ], [ -90.205299366999952, 14.697345239000072 ], [ -90.204822264999962, 14.69810495300004 ], [ -90.204671760999986, 14.699221979000072 ], [ -90.204105330999937, 14.699891422000064 ], [ -90.203465503999951, 14.700039505000063 ], [ -90.202854082999977, 14.699732940000047 ], [ -90.202413326999988, 14.699505207000072 ], [ -90.201646136999955, 14.699817712000026 ], [ -90.201568535999968, 14.700537078000025 ], [ -90.201573340999971, 14.701070025000035 ], [ -90.20157631699999, 14.701701171000025 ], [ -90.201529386999937, 14.70269864100004 ], [ -90.201412350999988, 14.703872519000072 ], [ -90.201381242999958, 14.704493094000043 ], [ -90.20146366299997, 14.705170360000068 ], [ -90.20177610199994, 14.705683312000076 ], [ -90.202523515999985, 14.70601410300003 ], [ -90.203078121999965, 14.706319983000071 ], [ -90.203410909999945, 14.707011563000037 ], [ -90.203389846999983, 14.707754192000039 ], [ -90.2029126, 14.70856808700006 ], [ -90.20231615299997, 14.708905229000038 ], [ -90.201846097999976, 14.709154706000049 ], [ -90.2013301, 14.709413787000074 ], [ -90.200630878999959, 14.709759845000065 ], [ -90.20004376299994, 14.710274346000062 ], [ -90.199810352999975, 14.710703931000069 ], [ -90.199687918999985, 14.711344850000046 ], [ -90.199509923999983, 14.712839750000057 ], [ -90.198693606999939, 14.714315638000073 ], [ -90.198423290999983, 14.71495476900003 ], [ -90.198548685999981, 14.715853839000033 ], [ -90.198801314999969, 14.716599775000077 ], [ -90.199185823999983, 14.717691651000052 ], [ -90.199394214999984, 14.718313992000049 ], [ -90.19954674, 14.718860015000075 ], [ -90.199673420999943, 14.719658620000075 ], [ -90.199763016999952, 14.720636285000069 ], [ -90.199972258999935, 14.72119202500005 ], [ -90.200535363999961, 14.721697853000023 ], [ -90.201353661999974, 14.721840971000063 ], [ -90.201922431999947, 14.72190316800004 ], [ -90.202627630999984, 14.722000884000067 ], [ -90.203616298999975, 14.722156214000051 ], [ -90.204969017999986, 14.722372384000039 ], [ -90.205751842999973, 14.722614412000041 ], [ -90.206307177999975, 14.722820947000059 ], [ -90.207018887999936, 14.723273236000068 ], [ -90.207818002999943, 14.724058504000027 ], [ -90.208176399999957, 14.724517818000038 ], [ -90.20845239, 14.72520871100005 ], [ -90.208612182999957, 14.726096907000056 ], [ -90.208788070999958, 14.726586758000053 ], [ -90.209121327999981, 14.727244472000052 ], [ -90.209434714999986, 14.727686307000056 ], [ -90.214273254999966, 14.733254176000059 ], [ -90.214877011999988, 14.734126267000022 ], [ -90.214984051999977, 14.73464916000006 ], [ -90.214962325999977, 14.735491140000022 ], [ -90.214970720999986, 14.736610088000077 ], [ -90.215063354999984, 14.737399252000046 ], [ -90.215200824999954, 14.738220570000067 ], [ -90.21524680899995, 14.739074654000035 ], [ -90.215294343999972, 14.739806826000063 ], [ -90.21534541599999, 14.740306464000071 ], [ -90.215678133999972, 14.741009326000039 ], [ -90.216365750999955, 14.741583241000058 ], [ -90.216714012999944, 14.741930653000054 ], [ -90.217218403999937, 14.742590423000024 ], [ -90.217543912999986, 14.742994011000064 ], [ -90.218017024999938, 14.743376795000074 ], [ -90.218505142999959, 14.74353734400006 ], [ -90.219018131999974, 14.74352093400006 ], [ -90.219543531999989, 14.743395161000024 ], [ -90.220307073999948, 14.743381764000048 ], [ -90.221170571999949, 14.743536659000029 ], [ -90.221768861999976, 14.743975135000028 ], [ -90.222067527999968, 14.744666294000069 ], [ -90.222129921999965, 14.745143487000064 ], [ -90.222202059999972, 14.745721282000034 ], [ -90.222228684999948, 14.746319980000067 ], [ -90.221897726999941, 14.747258728000077 ], [ -90.221332036999968, 14.747861596000064 ], [ -90.221003335999967, 14.748621985000057 ], [ -90.221097120999957, 14.749321974000054 ], [ -90.221291890999964, 14.75015527000005 ], [ -90.220549868999967, 14.751166972000021 ], [ -90.220825643999945, 14.751879310000049 ], [ -90.221518511999989, 14.752043447000062 ], [ -90.222154387999979, 14.752173027000026 ], [ -90.222707730999957, 14.752589512000043 ], [ -90.223039927999935, 14.753336397000055 ], [ -90.223146572999951, 14.753892025000027 ], [ -90.223376540999936, 14.754603810000049 ], [ -90.223916599999939, 14.755153359000076 ], [ -90.22446060499999, 14.755392473000029 ], [ -90.225012662999973, 14.755865391000043 ], [ -90.225773429999947, 14.756074364000028 ], [ -90.226411300999985, 14.756048154000041 ], [ -90.22699668599995, 14.755723251000063 ], [ -90.227230254999938, 14.755282351000062 ], [ -90.227395669999964, 14.754818052000076 ], [ -90.228062055999942, 14.754372184000033 ], [ -90.228695988999959, 14.754656400000044 ], [ -90.22902196299998, 14.755026112000053 ], [ -90.229516349999983, 14.755564940000056 ], [ -90.230084811999973, 14.755659821000052 ], [ -90.230735395999943, 14.755545687000051 ], [ -90.23127412599996, 14.755285695000055 ], [ -90.231905729999937, 14.754883431000053 ], [ -90.232399914999974, 14.75456758100006 ], [ -90.23322269199997, 14.754323405000036 ], [ -90.234178462999978, 14.754434206000042 ], [ -90.234603593999964, 14.755037679000054 ], [ -90.23492676799998, 14.755629769000052 ], [ -90.235596037999983, 14.756745353000042 ], [ -90.236033188999954, 14.757316227000047 ], [ -90.236404280999977, 14.757697763000067 ], [ -90.237431405999985, 14.758452950000049 ], [ -90.238254335999954, 14.759116499000072 ], [ -90.238782148999974, 14.759721196000044 ], [ -90.23879597199999, 14.760464261000038 ], [ -90.238493969999979, 14.760904356000026 ], [ -90.237758005999979, 14.761438617000067 ], [ -90.236422953999977, 14.762508765000064 ], [ -90.23597247899994, 14.762991111000076 ], [ -90.235683062999954, 14.763398611000071 ], [ -90.235481206999964, 14.764038609000067 ], [ -90.235686071999964, 14.764949927000032 ], [ -90.236097650999966, 14.765709044000062 ], [ -90.236442349999948, 14.766389457000059 ], [ -90.236488688999941, 14.767220974000054 ], [ -90.23612788, 14.76786019900004 ], [ -90.235463830999947, 14.768118695000055 ], [ -90.234960005999937, 14.768322659000034 ], [ -90.234476548999965, 14.768705251000029 ], [ -90.234036252999942, 14.769298358000071 ], [ -90.233836055999973, 14.769806276000054 ], [ -90.233631654999954, 14.770646077000038 ], [ -90.233552818999954, 14.771465932000069 ], [ -90.233585736999942, 14.772485834000065 ], [ -90.233963663999987, 14.773199391000048 ], [ -90.234238927999968, 14.773956878000035 ], [ -90.233877247999942, 14.774617535000061 ], [ -90.233742403999941, 14.775370106000025 ], [ -90.234201664999944, 14.776029317000052 ], [ -90.23608128799998, 14.777825541000027 ], [ -90.236468017999982, 14.778761619000022 ], [ -90.236445352999965, 14.779681501000027 ], [ -90.236450718999947, 14.781045429000073 ], [ -90.236738870999943, 14.781702585000062 ], [ -90.237265324999953, 14.782417919000068 ], [ -90.237624993999987, 14.782788034000077 ], [ -90.238326079999979, 14.783228848000022 ], [ -90.239460183999938, 14.783608231000073 ], [ -90.240664435999975, 14.783900385000038 ], [ -90.24140367199999, 14.783986006000077 ], [ -90.243224805999944, 14.784129720000067 ], [ -90.244885986999975, 14.784305381000024 ], [ -90.245956713999988, 14.784329460000038 ], [ -90.246446202999948, 14.784390631000065 ], [ -90.247240330999944, 14.784632692000059 ], [ -90.247806362999938, 14.784927354000047 ], [ -90.248358984999982, 14.785411531000022 ], [ -90.248728477999975, 14.785925133000035 ], [ -90.249138309999978, 14.786828734000039 ], [ -90.249244352999938, 14.78748371100005 ], [ -90.249167660999944, 14.788136507000047 ], [ -90.248904542999981, 14.789125789000025 ], [ -90.248278121999988, 14.792698475000066 ], [ -90.248315835999961, 14.793342476000078 ], [ -90.249027858999966, 14.793794685000023 ], [ -90.249723552999967, 14.793747666000058 ], [ -90.250432372999967, 14.793533704000026 ], [ -90.251280062999967, 14.793211881000047 ], [ -90.251842055999987, 14.792908098000055 ], [ -90.25291939899995, 14.79241061700003 ], [ -90.253507800999955, 14.792728115000045 ], [ -90.253810521999981, 14.793108821000033 ], [ -90.25441697399998, 14.793836374000023 ], [ -90.254934411999955, 14.794352864000075 ], [ -90.25540800899995, 14.794757056000037 ], [ -90.256446389999951, 14.795512329000076 ], [ -90.25718109099995, 14.796008820000054 ], [ -90.257812132999959, 14.796581981000031 ], [ -90.258085956999935, 14.797416214000066 ], [ -90.258101641999986, 14.79801479300005 ], [ -90.258181978999971, 14.798870433000047 ], [ -90.258858851999946, 14.799398976000077 ], [ -90.259736588999942, 14.799365384000055 ], [ -90.260413435999965, 14.799018916000023 ], [ -90.26120218899996, 14.798817162000034 ], [ -90.261736132999943, 14.798945445000072 ], [ -90.262380587999985, 14.799330206000036 ], [ -90.262990147999972, 14.799813906000054 ], [ -90.263825741999938, 14.800410936000048 ], [ -90.264571501999967, 14.800907540000026 ], [ -90.265081017999989, 14.80118004600007 ], [ -90.266691123999976, 14.801787391000062 ], [ -90.267520722999961, 14.801984657000048 ], [ -90.268272608999951, 14.80199357500004 ], [ -90.269060380999974, 14.801870816000076 ], [ -90.269996248999973, 14.801737393000053 ], [ -90.27069030499996, 14.801823521000074 ], [ -90.2715076, 14.802077079000071 ], [ -90.273088050999945, 14.803248558000064 ], [ -90.273676941999952, 14.803532148000045 ], [ -90.274292215999935, 14.803562013000032 ], [ -90.274827569999957, 14.803579637000041 ], [ -90.275741368999945, 14.803401895000036 ], [ -90.276655449999964, 14.803201573000024 ], [ -90.277202796999973, 14.803141430000039 ], [ -90.27799582099999, 14.803527909000024 ], [ -90.278307020999989, 14.804163859000028 ], [ -90.278502279999941, 14.804930537000075 ], [ -90.278863254999976, 14.807064206000064 ], [ -90.279261688999952, 14.808010547000038 ], [ -90.28010274799999, 14.808176293000031 ], [ -90.280947696999988, 14.808030463000023 ], [ -90.281497426999977, 14.807826949000059 ], [ -90.281968626999969, 14.807499440000072 ], [ -90.28248730699994, 14.807040389000065 ], [ -90.283166064999989, 14.806494030000067 ], [ -90.283919936999951, 14.806392274000075 ], [ -90.284265919999939, 14.806939435000061 ], [ -90.284316292999961, 14.807460526000057 ], [ -90.284262877999936, 14.808114751000062 ], [ -90.283750103999978, 14.81084667600004 ], [ -90.28386644699998, 14.811568391000037 ], [ -90.284537918999945, 14.811654216000022 ], [ -90.285190476999958, 14.811395455000024 ], [ -90.286006436999969, 14.810829253000065 ], [ -90.286967070999935, 14.810574118000034 ], [ -90.28759396099997, 14.810558922000041 ], [ -90.288390754999966, 14.810646215000077 ], [ -90.289368215999957, 14.810857572000032 ], [ -90.290545391999956, 14.811481124000068 ], [ -90.291495383999973, 14.812035384000069 ], [ -90.292617951999944, 14.812525057000073 ], [ -90.293254075999982, 14.812654477000024 ], [ -90.293914783999981, 14.812673537000023 ], [ -90.294610144999979, 14.812659127000074 ], [ -90.295237587999964, 14.812599888000022 ], [ -90.295741489999955, 14.812395799000058 ], [ -90.296246495999981, 14.812102528000025 ], [ -90.296660003999989, 14.81184092500007 ], [ -90.297211388999983, 14.811504161000073 ], [ -90.297968004999973, 14.81113593200007 ], [ -90.298813370999937, 14.810957298000062 ], [ -90.301798496999936, 14.810992304000024 ], [ -90.302700614999935, 14.810869644000036 ], [ -90.30329491399999, 14.810721923000074 ], [ -90.303899866999984, 14.810651103000055 ], [ -90.304686038999989, 14.81066030900007 ], [ -90.305304710999962, 14.811309996000034 ], [ -90.30568416899996, 14.811924139000041 ], [ -90.306121612999959, 14.812494928000035 ], [ -90.306731586999945, 14.81295708600004 ], [ -90.307277737999982, 14.812996217000034 ], [ -90.307944203999966, 14.812550122000061 ], [ -90.308418673999938, 14.811956129000066 ], [ -90.30891455599999, 14.811508036000077 ], [ -90.309553565999977, 14.811404856000024 ], [ -90.31024378699999, 14.810913867000068 ], [ -90.31121997799994, 14.809350198000061 ], [ -90.311633450999977, 14.809089692000043 ], [ -90.312373546999936, 14.809164949000035 ], [ -90.313121253999952, 14.809516918000043 ], [ -90.313981724999962, 14.809948106000036 ], [ -90.314631274999954, 14.809978264000051 ], [ -90.315156158999969, 14.809906480000052 ], [ -90.315570046999937, 14.80961209700007 ], [ -90.317778702999988, 14.807908075000057 ], [ -90.31856513799994, 14.80789578200006 ], [ -90.31908623399994, 14.80817847700007 ], [ -90.319750748999979, 14.808784632000027 ], [ -90.320088115999965, 14.809144220000064 ], [ -90.320505841999989, 14.809481035000033 ], [ -90.320981722999989, 14.809713522000038 ], [ -90.321982682999987, 14.809858398000074 ], [ -90.322788632999959, 14.810100366000029 ], [ -90.323320753999951, 14.810384309000028 ], [ -90.324136953999982, 14.810737042000028 ], [ -90.324870939999983, 14.811311249000028 ], [ -90.32579175099994, 14.812408137000034 ], [ -90.326483303999964, 14.812705218000076 ], [ -90.327185562999944, 14.813028391000046 ], [ -90.327073786999961, 14.814712833000044 ], [ -90.327078188999963, 14.815300014000059 ], [ -90.32710412299997, 14.815976643000056 ], [ -90.327164831999937, 14.816609643000049 ], [ -90.327203828999984, 14.817120445000057 ], [ -90.327284587999941, 14.817963689000067 ], [ -90.327340405999962, 14.818995202000053 ], [ -90.327243093999982, 14.820446089000029 ], [ -90.32693502099994, 14.821385305000035 ], [ -90.326439170999947, 14.821878603000073 ], [ -90.326066032999961, 14.822539302000052 ], [ -90.326104120999958, 14.823170910000044 ], [ -90.326794347999964, 14.823578630000043 ], [ -90.327568435999979, 14.823631660000046 ], [ -90.328210654999964, 14.823317327000041 ], [ -90.329865129999973, 14.821286096000051 ], [ -90.330577122999955, 14.820817877000025 ], [ -90.331268444999978, 14.821136399000068 ], [ -90.331316343999958, 14.82186861200006 ], [ -90.331227876999947, 14.825392631000057 ], [ -90.331469036999977, 14.826171119000037 ], [ -90.331794841999965, 14.826530566000031 ], [ -90.33249725, 14.826893252000048 ], [ -90.333155451999971, 14.827122186000054 ], [ -90.333780082999965, 14.827296536000063 ], [ -90.33451738299999, 14.827559131000044 ], [ -90.335104700999977, 14.828032255000039 ], [ -90.335575787999971, 14.828613555000061 ], [ -90.335854986999948, 14.829083108000077 ], [ -90.335925569999972, 14.829859619000047 ], [ -90.335866970999973, 14.830901102000041 ], [ -90.335842094999975, 14.832032174000062 ], [ -90.33601615799995, 14.832699231000049 ], [ -90.336272207999968, 14.833211422000034 ], [ -90.336517454999978, 14.83365800100006 ], [ -90.336887904999969, 14.834117322000054 ], [ -90.337585286999968, 14.834845767000047 ], [ -90.337957511999946, 14.835160581000025 ], [ -90.338784622999981, 14.835580021000055 ], [ -90.339488658999983, 14.835765442000024 ], [ -90.34026242799996, 14.835896339000044 ], [ -90.340852869999935, 14.836069147000046 ], [ -90.341522120999969, 14.836299322000059 ], [ -90.342134964999957, 14.836539006000066 ], [ -90.34328997199998, 14.837150784000073 ], [ -90.343913291999968, 14.837435750000054 ], [ -90.344755517999943, 14.837522260000071 ], [ -90.345433078999974, 14.837120219000042 ], [ -90.346097404999966, 14.836851259000071 ], [ -90.346547119999968, 14.837332936000053 ], [ -90.347017609999966, 14.838014704000045 ], [ -90.34750089399995, 14.838552093000033 ], [ -90.348120084999948, 14.839224283000021 ], [ -90.348525757999937, 14.83960608700005 ], [ -90.349147744999982, 14.840001678000021 ], [ -90.349852483999939, 14.840131750000069 ], [ -90.350593666999941, 14.840129004000062 ], [ -90.351106883999989, 14.840068302000077 ], [ -90.352034597999989, 14.839713161000077 ], [ -90.353066873999978, 14.839159366000047 ], [ -90.353786050999986, 14.839056996000068 ], [ -90.354309433999958, 14.839162384000076 ], [ -90.354884243999948, 14.839668070000073 ], [ -90.355210292999971, 14.840060237000046 ], [ -90.355807156999958, 14.840709573000026 ], [ -90.356498847999944, 14.841006585000059 ], [ -90.357285163999961, 14.841015629000026 ], [ -90.35811808599999, 14.840914554000051 ], [ -90.358862512999963, 14.840645348000066 ], [ -90.359343372999945, 14.840429566000068 ], [ -90.359847456999944, 14.840212921000045 ], [ -90.360840938999957, 14.84008093500006 ], [ -90.362926559999948, 14.840104877000044 ], [ -90.363691279999955, 14.839980414000024 ], [ -90.364640544999986, 14.839713537000023 ], [ -90.365325076999966, 14.839644604000057 ], [ -90.366122737999945, 14.839675202000024 ], [ -90.36673830699999, 14.839693546000035 ], [ -90.367306919999976, 14.839755387000025 ], [ -90.368399235999959, 14.839945173000046 ], [ -90.36898770199997, 14.84028500200003 ], [ -90.369436142999973, 14.840877282000065 ], [ -90.370077366999965, 14.841606134000074 ], [ -90.370597772999986, 14.841911308000022 ], [ -90.371393834999935, 14.842075107000028 ], [ -90.372135259999936, 14.842005678000078 ], [ -90.37282315799996, 14.841658996000035 ], [ -90.373590466999985, 14.841368549000038 ], [ -90.374308316999986, 14.841376752000031 ], [ -90.374809040999935, 14.841437800000051 ], [ -90.375525419999974, 14.841567929000064 ], [ -90.376391831999968, 14.841577823000023 ], [ -90.376906969999936, 14.841406430000063 ], [ -90.377365993999945, 14.841123740000057 ], [ -90.377927469999975, 14.840863673000058 ], [ -90.378498005999973, 14.840814852000051 ], [ -90.379102115999956, 14.840821743000049 ], [ -90.380173773999957, 14.84080122000006 ], [ -90.381085859999985, 14.840777742000057 ], [ -90.381759250999949, 14.840718796000033 ], [ -90.382295683999985, 14.840658288000043 ], [ -90.383209753999949, 14.840469968000036 ], [ -90.384044962999951, 14.840179127000056 ], [ -90.385040985999979, 14.839835912000069 ], [ -90.386138073999973, 14.83958304500004 ], [ -90.386788125999942, 14.839533981000045 ], [ -90.387723272999949, 14.839523157000031 ], [ -90.38823516299999, 14.839573012000074 ], [ -90.38902030099996, 14.839681299000063 ], [ -90.389804368999989, 14.839878773000066 ], [ -90.390440984999941, 14.840030532000071 ], [ -90.391212784999937, 14.840283189000047 ], [ -90.391926389999981, 14.840645842000072 ], [ -90.392684772999985, 14.841098202000069 ], [ -90.393353254999965, 14.841449044000058 ], [ -90.393909130999987, 14.841655209000066 ], [ -90.394600113999957, 14.842017598000041 ], [ -90.397529287999987, 14.844889471000045 ], [ -90.397970905999955, 14.84513836900004 ], [ -90.39852812099997, 14.845233884000038 ], [ -90.399177790999943, 14.845218655000053 ], [ -90.399965604999977, 14.845105624000041 ], [ -90.401416948999952, 14.844788946000051 ], [ -90.402294284999982, 14.844810159000076 ], [ -90.403030479999984, 14.845228363000047 ], [ -90.403554707999945, 14.845899361000022 ], [ -90.403326676999939, 14.846330378000062 ], [ -90.40314695, 14.846993419000057 ], [ -90.403098583999963, 14.847641005000071 ], [ -90.403101273999937, 14.848581620000061 ], [ -90.403183890999969, 14.849633797000024 ], [ -90.403530202999946, 14.850233905000039 ], [ -90.404105714999957, 14.851034205000076 ], [ -90.404356490999987, 14.851712274000022 ], [ -90.404400509999959, 14.852546088000054 ], [ -90.404350548999957, 14.853326898000034 ], [ -90.404234953999946, 14.853868715000033 ], [ -90.403897252999968, 14.854830324000034 ], [ -90.403450426999939, 14.85579182500004 ], [ -90.403145261999953, 14.856264877000058 ], [ -90.402841038999952, 14.856658898000035 ], [ -90.402300926999942, 14.857460131000039 ], [ -90.402157584999941, 14.858040023000058 ], [ -90.402313808999963, 14.858663953000075 ], [ -90.402622201999975, 14.85903780600006 ], [ -90.403092562999973, 14.859507208000025 ], [ -90.403684476999956, 14.860102192000056 ], [ -90.40399271199999, 14.860489591000032 ], [ -90.404581543999939, 14.861343116000057 ], [ -90.404914685999984, 14.861929527000029 ], [ -90.405153913999982, 14.862408733000052 ], [ -90.405338262999976, 14.862914420000038 ], [ -90.405519939999976, 14.863643651000075 ], [ -90.405567373999986, 14.864240380000069 ], [ -90.40554538899994, 14.86491423700005 ], [ -90.405383245999985, 14.865998650000051 ], [ -90.405158847999985, 14.86651213600004 ], [ -90.40475795499998, 14.867076694000048 ], [ -90.404289205999987, 14.86758741400007 ], [ -90.403739727999948, 14.86800462900004 ], [ -90.402151377999985, 14.868793993000054 ], [ -90.401042637999979, 14.869377626000073 ], [ -90.400384666999969, 14.869740532000037 ], [ -90.399699522999981, 14.870142648000069 ], [ -90.39924769199996, 14.870402875000025 ], [ -90.39842631199997, 14.87078989400004 ], [ -90.397932481999987, 14.871115131000067 ], [ -90.397300453999947, 14.871637532000022 ], [ -90.39684614, 14.872055806000049 ], [ -90.396061188999965, 14.872840686000075 ], [ -90.39564717199994, 14.873286513000039 ], [ -90.395315424999978, 14.873745697000061 ], [ -90.394753917999935, 14.874630213000046 ], [ -90.394349993999981, 14.874283495000043 ], [ -90.393716870999981, 14.873832546000074 ], [ -90.392741076999982, 14.873445450000077 ], [ -90.391852959999937, 14.873346150000032 ], [ -90.391372829999966, 14.873496511000042 ], [ -90.390502015999971, 14.873841153000058 ], [ -90.389746613999989, 14.874097907000078 ], [ -90.388699946999964, 14.873908715000027 ], [ -90.387975615999949, 14.87351317200006 ], [ -90.387203127999953, 14.873260479000066 ], [ -90.385858599999949, 14.873222576000046 ], [ -90.384923070999946, 14.873301112000036 ], [ -90.383237179999981, 14.87317009800006 ], [ -90.382279821999987, 14.873181757000054 ], [ -90.381753800999945, 14.873286407000023 ], [ -90.381180900999937, 14.873523759000022 ], [ -90.380699961999937, 14.873740706000035 ], [ -90.380174484999941, 14.873800194000069 ], [ -90.379080422999948, 14.873787694000043 ], [ -90.378285845999983, 14.873490683000057 ], [ -90.377239507999946, 14.87332402800007 ], [ -90.376670891999936, 14.873206871000036 ], [ -90.375695427999972, 14.872796 ], [ -90.374379987999987, 14.872226540000042 ], [ -90.373449837999942, 14.87186134500007 ], [ -90.372608409999941, 14.871695889000023 ], [ -90.371583063999935, 14.871618651000063 ], [ -90.371102364999956, 14.871767833000035 ], [ -90.37043511, 14.872270550000053 ], [ -90.369905647999985, 14.872707095000067 ], [ -90.36924376799999, 14.87276612200003 ], [ -90.367990917999975, 14.872685130000036 ], [ -90.367097984999987, 14.872985390000053 ], [ -90.366593562999981, 14.873223489000054 ], [ -90.365790174999972, 14.873702045000073 ], [ -90.365171135999958, 14.873961406000035 ], [ -90.364396839999984, 14.873908474000075 ], [ -90.363796888999957, 14.873600103000058 ], [ -90.363016185999982, 14.873071732000028 ], [ -90.361864706999938, 14.872149548000039 ], [ -90.361049212999944, 14.871761912000068 ], [ -90.360364644999947, 14.871777747000067 ], [ -90.359862114999942, 14.871860035000054 ], [ -90.359289739999952, 14.872053298000026 ], [ -90.35883112099998, 14.87224787100007 ], [ -90.35814391599996, 14.872527882000043 ], [ -90.357135594999988, 14.872960006000028 ], [ -90.356173353999964, 14.873326040000052 ], [ -90.355441147999954, 14.873582942000041 ], [ -90.354790614999956, 14.873663511000075 ], [ -90.353889831999936, 14.873654248000037 ], [ -90.351611682999987, 14.873494715000049 ], [ -90.350747682999952, 14.873372956000026 ], [ -90.350246721999952, 14.873279098000069 ], [ -90.349609191999946, 14.873245760000032 ], [ -90.349107376999939, 14.873221895000029 ], [ -90.348445774999959, 14.87325828400003 ], [ -90.347621034999975, 14.87358183300006 ], [ -90.34707020899998, 14.87386338500005 ], [ -90.34627915499999, 14.874327326000071 ], [ -90.345280386999946, 14.874878061000061 ], [ -90.34468624699997, 14.87495135100005 ], [ -90.343935193999982, 14.874802643000066 ], [ -90.343367421999972, 14.874618797000039 ], [ -90.342343741999969, 14.87440708400004 ], [ -90.341752243999963, 14.874312158000066 ], [ -90.341114395999966, 14.874304764000044 ], [ -90.340463392999936, 14.87442367400007 ], [ -90.33996018, 14.874561235000044 ], [ -90.339043765999975, 14.874927721000063 ], [ -90.338526906999959, 14.875183676000063 ], [ -90.337811872999964, 14.875884450000058 ], [ -90.337486394999985, 14.876391025000032 ], [ -90.336997229999952, 14.877227651000055 ], [ -90.336602204999963, 14.877866650000044 ], [ -90.335840486999984, 14.878633491000073 ], [ -90.33535892499998, 14.878850326000077 ], [ -90.33464982299995, 14.879019351000068 ], [ -90.33364663499998, 14.879029139000068 ], [ -90.332963189999987, 14.878999737000072 ], [ -90.33225626699999, 14.878991512000027 ], [ -90.331504894999966, 14.878916150000066 ], [ -90.330526524999982, 14.87874894600003 ], [ -90.329845543999966, 14.87851971300006 ], [ -90.329006333999985, 14.878176856000039 ], [ -90.32771338799995, 14.877629988000024 ], [ -90.326491005999969, 14.876963124000042 ], [ -90.325533518999976, 14.876939538000045 ], [ -90.324848202999988, 14.877109938000046 ], [ -90.324162537999939, 14.877167425000039 ], [ -90.323592319999989, 14.877183351000042 ], [ -90.322771931999966, 14.877151192000042 ], [ -90.321952945999953, 14.87705242800007 ], [ -90.320927911999945, 14.876952385000038 ], [ -90.319904297999983, 14.876784609000026 ], [ -90.318585740999936, 14.876481278000028 ], [ -90.316836418999969, 14.87599563200007 ], [ -90.316130897999983, 14.875875596000071 ], [ -90.315401982999958, 14.875863675000062 ], [ -90.314716289999978, 14.875970814000027 ], [ -90.314234735999946, 14.876186474000065 ], [ -90.313566273999982, 14.876777055000048 ], [ -90.313286872999981, 14.877261545000067 ], [ -90.312775530999943, 14.878053811000029 ], [ -90.312361618999944, 14.878338004000057 ], [ -90.311677112999973, 14.87839546400005 ], [ -90.310902264999982, 14.878342344000032 ], [ -90.309603632999938, 14.878305656000066 ], [ -90.308735748999936, 14.878406119000033 ], [ -90.308118887999967, 14.878532109000048 ], [ -90.307268140999952, 14.879075365000062 ], [ -90.30682746399998, 14.879691179000076 ], [ -90.306475420999959, 14.880507881000028 ], [ -90.306308928999954, 14.881060300000058 ], [ -90.306139403999964, 14.881856562000053 ], [ -90.305994469999973, 14.882542465000029 ], [ -90.30582633299997, 14.883226966000052 ], [ -90.305659833999982, 14.883779383000046 ], [ -90.305240945999969, 14.884462064000047 ], [ -90.304328385999952, 14.885352332000025 ], [ -90.303812512999968, 14.885664659000042 ], [ -90.303217985999936, 14.885813478000046 ], [ -90.30246576899998, 14.885759461000077 ], [ -90.301512274999936, 14.885460322000029 ], [ -90.300309957999957, 14.884958404000031 ], [ -90.299352602999988, 14.88496970500006 ], [ -90.298667767999973, 14.885005668000076 ], [ -90.297227715999952, 14.885321763000036 ], [ -90.296493468999984, 14.885689082000056 ], [ -90.295919645999959, 14.885992804000068 ], [ -90.295075050999969, 14.886131872000021 ], [ -90.294393567999975, 14.885945436000043 ], [ -90.293826815999978, 14.885636155000043 ], [ -90.293054483999981, 14.885427188000051 ], [ -90.291988335999974, 14.88499345300005 ], [ -90.291424215999939, 14.884520485000053 ], [ -90.29092662499994, 14.884205240000028 ], [ -90.290473485999939, 14.883956006000062 ], [ -90.289200260999962, 14.883697071000029 ], [ -90.28810318, 14.883927971000048 ], [ -90.287143601999958, 14.884071296000059 ], [ -90.286573224999984, 14.884145835000027 ], [ -90.286003169999958, 14.884101826000062 ], [ -90.285367656999938, 14.883954297000059 ], [ -90.28486802599997, 14.883756439000024 ], [ -90.282987360999982, 14.88282526100005 ], [ -90.277596484999947, 14.880010925000022 ], [ -90.274903872999971, 14.878383588000077 ], [ -90.273972833999949, 14.878106065000054 ], [ -90.273335552999981, 14.878009290000023 ], [ -90.27276593, 14.878025098000023 ], [ -90.271896094999988, 14.878281203000029 ], [ -90.271436329999972, 14.878607670000065 ], [ -90.270949430999963, 14.879245432000062 ], [ -90.269675183999937, 14.88087076000005 ], [ -90.268865172999938, 14.881814023000061 ], [ -90.268287420999968, 14.882428112000071 ], [ -90.267827075999946, 14.882799725000041 ], [ -90.26727821299994, 14.882963668000059 ], [ -90.266639135999981, 14.882962820000046 ], [ -90.265797246999966, 14.882842133000054 ], [ -90.265274563999981, 14.882725253000046 ], [ -90.264048634999938, 14.882310940000025 ], [ -90.263459152999985, 14.882060031000037 ], [ -90.26203813099994, 14.880823700000064 ], [ -90.260503114999949, 14.879652615000055 ], [ -90.258305948999975, 14.878517634000048 ], [ -90.256446424999979, 14.877719743000057 ], [ -90.255856695999967, 14.877490265000063 ], [ -90.255174436999937, 14.87737145400007 ], [ -90.253875024999957, 14.877355894000061 ], [ -90.25223518599995, 14.877225601000077 ], [ -90.25073062599995, 14.877230146000045 ], [ -90.249637794999956, 14.877127847000054 ], [ -90.248591634999968, 14.876915456000063 ], [ -90.248046347999946, 14.876798268000073 ], [ -90.247206195999979, 14.876544311000032 ], [ -90.246345928999972, 14.876046243000076 ], [ -90.245191093999949, 14.875433988000054 ], [ -90.244636261999972, 14.875383290000059 ], [ -90.242957908999983, 14.875363117000063 ], [ -90.242341339999939, 14.875466346000053 ], [ -90.241722492999941, 14.875702770000032 ], [ -90.241125740999962, 14.87602752500004 ], [ -90.239864570999941, 14.876611857000057 ], [ -90.238444659999971, 14.877126525000051 ], [ -90.237643292999962, 14.877383321000025 ], [ -90.236775157999944, 14.877550115000076 ], [ -90.235976058999938, 14.877628546000039 ], [ -90.234904453999945, 14.877638206000029 ], [ -90.233630260999973, 14.877467029000059 ], [ -90.232950270999936, 14.877126893000025 ], [ -90.232001498999978, 14.876471904000027 ], [ -90.231004044999963, 14.876038737000044 ], [ -90.230096008999965, 14.875739873000043 ], [ -90.229346718999977, 14.875509534000059 ], [ -90.228391153999951, 14.875342182000054 ], [ -90.227685156999939, 14.875312197000028 ], [ -90.226977747999968, 14.875347673000022 ], [ -90.226448881999943, 14.875718366000058 ], [ -90.226461034999943, 14.876538174000075 ], [ -90.226725871999975, 14.877206363000028 ], [ -90.227239718999954, 14.878055948000053 ], [ -90.227572477999956, 14.878768990000026 ], [ -90.227767987999982, 14.879502954000031 ], [ -90.227666667999983, 14.880299937000075 ], [ -90.226883961999988, 14.880911424000033 ], [ -90.226312353999958, 14.881037732000038 ], [ -90.22571981699997, 14.881030561000046 ], [ -90.22496911199994, 14.880909701000064 ], [ -90.224029123999969, 14.880657842000062 ], [ -90.223379961999967, 14.880358695000041 ], [ -90.222770042999969, 14.879941479000024 ], [ -90.220915103999971, 14.878799026000024 ], [ -90.220369841999968, 14.87868177200005 ], [ -90.219182785999976, 14.878778020000027 ], [ -90.218381415999943, 14.87907877300006 ], [ -90.21755712099997, 14.879356664000056 ], [ -90.216548594999949, 14.879788118000022 ], [ -90.215999912999962, 14.879892096000049 ], [ -90.215133752999975, 14.879904156000066 ], [ -90.214381920999983, 14.879872440000042 ], [ -90.213858423999966, 14.879778016000046 ], [ -90.213087093999945, 14.879502198000068 ], [ -90.21227104899998, 14.879137770000057 ], [ -90.211614327999939, 14.878796730000033 ], [ -90.210683687999961, 14.87849751400006 ], [ -90.209658511999976, 14.878418427000042 ], [ -90.20879208499997, 14.87845191200006 ], [ -90.207515349999937, 14.878436364000038 ], [ -90.206422264999958, 14.878357564000055 ], [ -90.205492786999969, 14.877969153000038 ], [ -90.20465356699998, 14.877648449000048 ], [ -90.203586848999976, 14.877280939000059 ], [ -90.202814105999948, 14.877071681000075 ], [ -90.202267727999981, 14.877042435000021 ], [ -90.201537104999943, 14.877122708000059 ], [ -90.200257818999944, 14.87735095000005 ], [ -90.199206017999984, 14.877581964000058 ], [ -90.197856820999959, 14.877919980000058 ], [ -90.197103561999938, 14.877999961000057 ], [ -90.195415413999967, 14.878067376000047 ], [ -90.194617752999989, 14.878080198000077 ], [ -90.19391234699998, 14.877960923000046 ], [ -90.193323281999938, 14.877687274000039 ], [ -90.192417626999941, 14.877209917000073 ], [ -90.190921749999973, 14.876549203000025 ], [ -90.189400334999959, 14.876023646000021 ], [ -90.187474030999965, 14.875838583000075 ], [ -90.18621490299995, 14.875945063000074 ], [ -90.185202974999982, 14.876279239000041 ], [ -90.184652566999944, 14.876561498000058 ], [ -90.183778103999941, 14.87717056300005 ], [ -90.183361765999962, 14.877631716000053 ], [ -90.181687780999937, 14.880182939000065 ], [ -90.181041347999951, 14.88079592400004 ], [ -90.180604388999939, 14.881101016000059 ], [ -90.180076893999967, 14.881315806000032 ], [ -90.179460881999944, 14.881374836000077 ], [ -90.178799887999958, 14.881366701000047 ], [ -90.17773004299994, 14.881242890000067 ], [ -90.176692002999971, 14.880950122000058 ] ] ] ] } },
{ "type": "Feature", "properties": { "Codigo": 1223, "datos_finales_color_riesgo": "9AB5DC" }, "geometry": { "type": "MultiPolygon", "coordinates": [ [ [ [ -91.846752543999969, 15.073800561000041 ], [ -91.847292688999971, 15.072293698000067 ], [ -91.848549743999968, 15.071111381000037 ], [ -91.851505083999939, 15.068320707000055 ], [ -91.85301246299997, 15.068157712000072 ], [ -91.855490046999989, 15.066729543000065 ], [ -91.85825338799998, 15.065680187000055 ], [ -91.861916564999945, 15.066089560000023 ], [ -91.864472022999962, 15.065530612000032 ], [ -91.866213378999987, 15.066855718000056 ], [ -91.870306122999978, 15.06795637700003 ], [ -91.869952829999988, 15.070998719000045 ], [ -91.87019298499996, 15.073639491000051 ], [ -91.869775030999961, 15.074829510000029 ], [ -91.869711093999967, 15.086491447000071 ], [ -91.870521296999982, 15.089208506000034 ], [ -91.873833260999959, 15.092457797000066 ], [ -91.87462441699995, 15.094277568000052 ], [ -91.87484367899998, 15.096370203000049 ], [ -91.874390966999954, 15.09973747600003 ], [ -91.873889108999947, 15.100619735000066 ], [ -91.873289886999942, 15.101769304000072 ], [ -91.872707920999972, 15.103504274000045 ], [ -91.872092006999935, 15.104067311000051 ], [ -91.870303981999939, 15.105787220000025 ], [ -91.868818104999946, 15.10645211700006 ], [ -91.867818751999948, 15.107049384000049 ], [ -91.867905456999949, 15.11076848600004 ], [ -91.868604889999972, 15.111680465000063 ], [ -91.86926882299997, 15.11413464900005 ], [ -91.870331523999937, 15.115639404000035 ], [ -91.870346450999989, 15.11644513400006 ], [ -91.871415608999939, 15.119810948000065 ], [ -91.87357183499995, 15.123278222000067 ], [ -91.874094218999971, 15.124358799000049 ], [ -91.875242388999936, 15.12511141300007 ], [ -91.875269969999977, 15.125726243000031 ], [ -91.87722372199994, 15.127683995000041 ], [ -91.879053027999987, 15.127985735000038 ], [ -91.879672675999984, 15.128493896000066 ], [ -91.886494517999949, 15.128239478000069 ], [ -91.887005538999972, 15.127611481000031 ], [ -91.888280485999985, 15.127264079000042 ], [ -91.89016260599999, 15.127478982000071 ], [ -91.891858328999945, 15.128085052000074 ], [ -91.894294523999974, 15.129910567000024 ], [ -91.89518030399995, 15.130587225000056 ], [ -91.897056649999968, 15.130802045000053 ], [ -91.900641790999941, 15.130001426000035 ], [ -91.902000249999958, 15.130716517000053 ], [ -91.903283533999968, 15.131009759000051 ], [ -91.90743600199994, 15.130838915000027 ], [ -91.91147069699997, 15.130495670000073 ], [ -91.915057141999966, 15.128858652000076 ], [ -91.916844061999939, 15.12733047200004 ], [ -91.91799679899998, 15.125843308000071 ], [ -91.92103958499996, 15.123464585000022 ], [ -91.922809514999983, 15.120445844000074 ], [ -91.923405634999938, 15.119872400000077 ], [ -91.926051822999966, 15.11826461000004 ], [ -91.931777747999945, 15.117296229000033 ], [ -91.93537622599996, 15.117721120000056 ], [ -91.946021307999956, 15.11719357000004 ], [ -91.948076894999986, 15.117613324000047 ], [ -91.949803060999955, 15.118556969000053 ], [ -91.952146134999964, 15.11989217200005 ], [ -91.953348162999987, 15.121933959000046 ], [ -91.953321290999952, 15.12681759700007 ], [ -91.952517807999982, 15.129241064000041 ], [ -91.952638700999955, 15.143342592000067 ], [ -91.956271113999946, 15.143353765000029 ], [ -91.961994311999945, 15.144379051000044 ], [ -91.964071052999941, 15.143979538000053 ], [ -91.966092712999966, 15.142583111000022 ], [ -91.967037442999981, 15.140999812000075 ], [ -91.967958634999945, 15.138869492000026 ], [ -91.968488119999961, 15.138231212000051 ], [ -91.970206800999961, 15.13584236500003 ], [ -91.970774868999968, 15.135160185000075 ], [ -91.971202404999985, 15.13479262900006 ], [ -91.975088361999951, 15.132489308000061 ], [ -91.979305376999946, 15.131361466000044 ], [ -91.982937566999965, 15.131382366000025 ], [ -91.984727517999943, 15.131814161000023 ], [ -91.988515655999947, 15.131578036000064 ], [ -91.990578148999987, 15.131450530000052 ], [ -91.990728049999973, 15.130747219000057 ], [ -91.991734159999965, 15.129541492000044 ], [ -91.993025111999941, 15.127995775000045 ], [ -91.994897938999941, 15.127009721000036 ], [ -91.997613618999935, 15.127238739000063 ], [ -92.002504495999972, 15.126242258000048 ], [ -92.008477073999984, 15.126887775000057 ], [ -92.009758485999953, 15.126992834000077 ], [ -92.009979604999955, 15.127471790000072 ], [ -92.010122827999965, 15.128443082000047 ], [ -92.010058611999966, 15.128995369000052 ], [ -92.009735972999977, 15.129460642000026 ], [ -92.008929936999948, 15.13018934300004 ], [ -92.008050839999953, 15.130868003000046 ], [ -92.00744304899996, 15.131489091000049 ], [ -92.007045388999984, 15.132074940000052 ], [ -92.006521549999945, 15.133151780000048 ], [ -92.006133502999944, 15.134294754000052 ], [ -92.005917009999962, 15.135817031000045 ], [ -92.006221529999948, 15.136621797000032 ], [ -92.006808300999978, 15.137894488000029 ], [ -92.006865703999949, 15.138806643000066 ], [ -92.006628005999971, 15.13951297400007 ], [ -92.006129881999982, 15.140433986000062 ], [ -92.005448021999939, 15.141089769000075 ], [ -92.004544073999966, 15.141721969000059 ], [ -92.002966064999953, 15.142707141000074 ], [ -92.001782101999936, 15.143634151000072 ], [ -92.000889959999938, 15.144348878000073 ], [ -92.00054242899995, 15.14477899600007 ], [ -92.00014343, 15.145640540000045 ], [ -92.000140952999971, 15.146168234000072 ], [ -92.000432065999973, 15.147224935000054 ], [ -92.00170703699996, 15.149100709000038 ], [ -92.002245592999941, 15.150111041000059 ], [ -92.002536947999943, 15.151119150000056 ], [ -92.002583023999989, 15.151838027000053 ], [ -92.002233459999957, 15.152699794000057 ], [ -92.000993279999989, 15.153941815000053 ], [ -91.998909202999982, 15.156138316000067 ], [ -91.997172183999965, 15.158001859000024 ], [ -91.996378852999953, 15.158717004000039 ], [ -91.99533444399998, 15.160246876000031 ], [ -91.994637488999956, 15.16149127500006 ], [ -91.994135687999972, 15.163167067000074 ], [ -91.994027268999957, 15.165181348000033 ], [ -91.993807852999964, 15.168400828000074 ], [ -91.992976010999939, 15.168269426000052 ], [ -91.991198268999938, 15.168261478000034 ], [ -91.98947065699997, 15.16811023300005 ], [ -91.987938654999937, 15.168295456000067 ], [ -91.98665159699999, 15.168960885000047 ], [ -91.985166409999977, 15.169817511000076 ], [ -91.983188121999945, 15.170383757000025 ], [ -91.981753046999984, 15.171097076000024 ], [ -91.978831695999986, 15.172761882000032 ], [ -91.97661739299997, 15.17437110000003 ], [ -91.972079991999976, 15.176367458000072 ], [ -91.96938223099994, 15.178082872000061 ], [ -91.968089916999986, 15.179327840000042 ], [ -91.967864796999947, 15.180880526000067 ], [ -91.968414526999936, 15.182326025000066 ], [ -91.970146406999959, 15.183656023000026 ], [ -91.970745017999946, 15.18426329700003 ], [ -91.971177348999959, 15.185089024000035 ], [ -91.97134289, 15.185984722000057 ], [ -91.971267323999939, 15.186571965000041 ], [ -91.970633613999951, 15.187322764000044 ], [ -91.970147400999963, 15.187650495000071 ], [ -91.969054752999966, 15.188021776000028 ], [ -91.968448556999988, 15.188136517000032 ], [ -91.967624186999956, 15.188132739000025 ], [ -91.966862297999967, 15.187962008000056 ], [ -91.963302282999962, 15.186190796000062 ], [ -91.957992178999973, 15.179236163000041 ], [ -91.957555176999961, 15.177240868000069 ], [ -91.956051724999952, 15.175623698000038 ], [ -91.954270124999937, 15.175208646000044 ], [ -91.949399966999977, 15.175163395000027 ], [ -91.94675055099998, 15.175661772000069 ], [ -91.945542020999937, 15.176765752000051 ], [ -91.944627551999986, 15.18132541600005 ], [ -91.942482590999987, 15.183079236000026 ], [ -91.94065427399994, 15.183393815000045 ], [ -91.939500375999955, 15.182745434000026 ], [ -91.93791638, 15.178525453000077 ], [ -91.936306038999987, 15.17760484400003 ], [ -91.929502397999954, 15.179351186000076 ], [ -91.921317207999948, 15.182772086000057 ], [ -91.91774262199999, 15.183732355000075 ], [ -91.914848218999964, 15.185237091000033 ], [ -91.913877112999955, 15.186173667000048 ], [ -91.907505841999978, 15.192904507000037 ], [ -91.906686885999989, 15.195011286000067 ], [ -91.905456498999968, 15.196570294000026 ], [ -91.901457431999972, 15.197541778000073 ], [ -91.897200258999987, 15.198577463000049 ], [ -91.896209804999955, 15.198956791000057 ], [ -91.894619058999979, 15.198752371000069 ], [ -91.891969635999942, 15.196726898000065 ], [ -91.889015195999946, 15.194408365000072 ], [ -91.88665724699996, 15.191516474000025 ], [ -91.88439430599999, 15.189488315000062 ], [ -91.882528434999983, 15.187079051000069 ], [ -91.880757382999946, 15.185341435000055 ], [ -91.880167612999969, 15.184763360000034 ], [ -91.874136314999987, 15.177114064000023 ], [ -91.872687617999986, 15.176487609000048 ], [ -91.86738517799995, 15.171448585000064 ], [ -91.866896518999965, 15.170796410000037 ], [ -91.86690196699999, 15.168354629000078 ], [ -91.868003056999953, 15.166842643000052 ], [ -91.869156934999978, 15.164917356000046 ], [ -91.870894040999985, 15.163686511000037 ], [ -91.874108312999965, 15.165595245000077 ], [ -91.875326573999985, 15.165343696000036 ], [ -91.87504159599996, 15.16313322600007 ], [ -91.873883994999971, 15.157751156000074 ], [ -91.872138426999982, 15.155652032000035 ], [ -91.869575372999975, 15.155027904000065 ], [ -91.865749642999958, 15.154816611000058 ], [ -91.863332487999969, 15.152801055000054 ], [ -91.860778148999941, 15.149907943000073 ], [ -91.859205332999977, 15.148171185000024 ], [ -91.858106374999977, 15.146365627000023 ], [ -91.85810594899999, 15.144058279000035 ], [ -91.860245655999961, 15.143655533000072 ], [ -91.862001457999952, 15.144125406000057 ], [ -91.86278183099995, 15.144924821000075 ], [ -91.864038746999938, 15.145584257000053 ], [ -91.865144576999967, 15.145563830000071 ], [ -91.865448490999938, 15.144853493000028 ], [ -91.865458034999961, 15.143498734000048 ], [ -91.864673746999983, 15.142341116000068 ], [ -91.86460432399997, 15.141288786000075 ], [ -91.863405255999965, 15.139166364000062 ], [ -91.861785121999958, 15.134101697000062 ], [ -91.860867929999984, 15.133008934000031 ], [ -91.860627485999942, 15.120970401000022 ], [ -91.859359486999949, 15.119366261000039 ], [ -91.858177785999942, 15.118593062000059 ], [ -91.856354287999977, 15.117555595000056 ], [ -91.854497421999952, 15.117321338000067 ], [ -91.851183091999985, 15.115583619000063 ], [ -91.848137158999975, 15.11477151400004 ], [ -91.84360696799996, 15.112267043000031 ], [ -91.840624697999942, 15.111205451000046 ], [ -91.837074640999958, 15.109651639000049 ], [ -91.83579789199996, 15.108204399000044 ], [ -91.834784541999966, 15.106128002000048 ], [ -91.83482664, 15.105127093000021 ], [ -91.835238806999939, 15.104833170000063 ], [ -91.835413168999935, 15.102184358000045 ], [ -91.836430855999936, 15.100153439000053 ], [ -91.837687421999988, 15.095468377000032 ], [ -91.83899639399999, 15.093863795000061 ], [ -91.839992716999973, 15.091468902000031 ], [ -91.840962003999948, 15.085474995000027 ], [ -91.843454398999938, 15.081358915000067 ], [ -91.844247820999954, 15.079474824000044 ], [ -91.846067477999952, 15.077488610000046 ], [ -91.84634680299996, 15.076476471000035 ], [ -91.84685944499995, 15.075327664000042 ], [ -91.846752543999969, 15.073800561000041 ] ] ] ] } },
{ "type": "Feature", "properties": { "Codigo": 1905, "datos_finales_color_riesgo": "9AB5DC" }, "geometry": { "type": "MultiPolygon", "coordinates": [ [ [ [ -89.78737042399996, 15.169313116000069 ], [ -89.785808703999976, 15.169155399000033 ], [ -89.78355879899999, 15.167595168000048 ], [ -89.780145670999957, 15.163432701000033 ], [ -89.777918012999976, 15.158801868000069 ], [ -89.777030275999948, 15.154661938000061 ], [ -89.775130289999936, 15.149847313000066 ], [ -89.773967072999937, 15.148093785000071 ], [ -89.77199811, 15.146607481000046 ], [ -89.769856661999938, 15.146152473000029 ], [ -89.762681826999938, 15.147154465000028 ], [ -89.758004486999937, 15.147277995000024 ], [ -89.755318186999943, 15.14663106200004 ], [ -89.751864716999989, 15.144675206000045 ], [ -89.747726564999937, 15.143127004000064 ], [ -89.743844957999954, 15.143496468000023 ], [ -89.739129296999977, 15.145106492000025 ], [ -89.740159628999947, 15.143188182000074 ], [ -89.742068004999965, 15.141212575000054 ], [ -89.746076906999974, 15.137985211000057 ], [ -89.752642006999963, 15.131422407000059 ], [ -89.753620671999954, 15.130670192000025 ], [ -89.754956468999978, 15.127751744000022 ], [ -89.755428578999954, 15.123718263000058 ], [ -89.754868127999941, 15.122834443000045 ], [ -89.75469893099995, 15.121242991000031 ], [ -89.755311645999939, 15.118884065000032 ], [ -89.757111006999935, 15.116260027000067 ], [ -89.757159719999947, 15.114088231000039 ], [ -89.755031813999949, 15.111279152000066 ], [ -89.751146400999971, 15.107780081000044 ], [ -89.750072650999982, 15.104601287000037 ], [ -89.747602055999948, 15.102451966000046 ], [ -89.746160442999951, 15.099900996000031 ], [ -89.745394244999943, 15.09632711200004 ], [ -89.746354530999952, 15.092386457000032 ], [ -89.746182158999943, 15.089786034000042 ], [ -89.743115926999963, 15.087595407000038 ], [ -89.741233467999962, 15.087149614000054 ], [ -89.738870123999959, 15.085259104000045 ], [ -89.736981457999946, 15.084879776000037 ], [ -89.73519109199998, 15.08361706900007 ], [ -89.733179555999982, 15.083185153000045 ], [ -89.731615225999974, 15.08073958500006 ], [ -89.731184387999974, 15.068540559000041 ], [ -89.730635567999968, 15.067099387000042 ], [ -89.730913086999976, 15.058702493000055 ], [ -89.729607708999936, 15.05041368600007 ], [ -89.728367634999984, 15.048155639000072 ], [ -89.728387254999973, 15.046794899000076 ], [ -89.726897899999983, 15.041699483000059 ], [ -89.724365944999988, 15.038227670000026 ], [ -89.72367079199995, 15.037894874000074 ], [ -89.723338333999948, 15.036093440000059 ], [ -89.720309055999962, 15.032573796000065 ], [ -89.719613127999935, 15.030357453000022 ], [ -89.717756437999981, 15.027999070000021 ], [ -89.717630632999942, 15.026962385000047 ], [ -89.714561775999982, 15.02350081700007 ], [ -89.713949557999968, 15.021547501000043 ], [ -89.708607325999935, 15.014071548000061 ], [ -89.706205208999961, 15.011482900000033 ], [ -89.704078286999959, 15.009918411000058 ], [ -89.69652436299998, 14.994807414000036 ], [ -89.694646406999937, 14.991902432000074 ], [ -89.692618610999943, 14.990515373000051 ], [ -89.687095816999943, 14.990972229000022 ], [ -89.686633053999969, 14.991394326000034 ], [ -89.685609233999969, 14.991535153000029 ], [ -89.684380623999971, 14.991517259000034 ], [ -89.683441070999947, 14.99142570500004 ], [ -89.682918561999941, 14.991317654000056 ], [ -89.682192930999975, 14.991206641000076 ], [ -89.681414083999982, 14.991083564000064 ], [ -89.68061063, 14.991050407000046 ], [ -89.679588883999941, 14.991056946000072 ], [ -89.678396021999959, 14.991543979000028 ], [ -89.676451485999962, 14.992741143000046 ], [ -89.675744268999949, 14.993166414000029 ], [ -89.674888148999969, 14.993610948000025 ], [ -89.673803564999957, 14.993964116000029 ], [ -89.673029547999988, 14.99409160600004 ], [ -89.671122325999988, 14.994337938000058 ], [ -89.66830624399995, 14.994647687000054 ], [ -89.666837035999947, 14.990940533000071 ], [ -89.66646147199998, 14.98880557800004 ], [ -89.667160497999987, 14.981526907000045 ], [ -89.666898621999962, 14.979096825000056 ], [ -89.665340149999963, 14.975498969000057 ], [ -89.663229508999962, 14.968619290000049 ], [ -89.66322784099998, 14.967528021000078 ], [ -89.664814129999968, 14.96726347200007 ], [ -89.666445266999972, 14.968226235000031 ], [ -89.671402010999941, 14.968938533000028 ], [ -89.67406781599999, 14.968302609000034 ], [ -89.675151985999946, 14.968117554000059 ], [ -89.675977499999988, 14.967429926000023 ], [ -89.682498178999936, 14.966167331000065 ], [ -89.684640624999986, 14.964951499000051 ], [ -89.686241088999964, 14.964594463000026 ], [ -89.689509081999972, 14.962574507000056 ], [ -89.692469966999965, 14.961955040000078 ], [ -89.69913422799999, 14.962068539000029 ], [ -89.704475848999948, 14.96327771600005 ], [ -89.711137282999971, 14.963241864000054 ], [ -89.715154067999947, 14.960749275000069 ], [ -89.717092200999957, 14.960588720000032 ], [ -89.720478567999976, 14.961413882000045 ], [ -89.722828125999968, 14.963168693000057 ], [ -89.727724970999986, 14.963986123000041 ], [ -89.740083810999977, 14.959672620000049 ], [ -89.743365680999943, 14.957588776000023 ], [ -89.743351729999972, 14.959895366000069 ], [ -89.742732621999949, 14.960380833000045 ], [ -89.74268234699997, 14.963630382000076 ], [ -89.74365342699997, 14.965742255000066 ], [ -89.743201113999987, 14.968670062000058 ], [ -89.744433712999978, 14.971607268000071 ], [ -89.747339050999983, 14.974903546000064 ], [ -89.749259012999971, 14.978186869000069 ], [ -89.749727593999978, 14.978600971000049 ], [ -89.749839641999984, 14.985364962000062 ], [ -89.750759880999965, 14.99039007500005 ], [ -89.752292111999964, 14.996292929000049 ], [ -89.75310626199996, 14.997391361000041 ], [ -89.75347723699997, 14.998928127000056 ], [ -89.755056184999944, 15.00158925900007 ], [ -89.756462410999973, 15.00350306200005 ], [ -89.759420115999944, 15.00551910300004 ], [ -89.762830494999946, 15.00909110200007 ], [ -89.763592732999939, 15.011406514000043 ], [ -89.762953731999971, 15.016476032000071 ], [ -89.762856241999941, 15.023248379000052 ], [ -89.761431329999937, 15.025678217000063 ], [ -89.761744500999953, 15.027817951000031 ], [ -89.764841536999938, 15.030936342000075 ], [ -89.765894829999979, 15.031204150000065 ], [ -89.766911622999942, 15.032121495000069 ], [ -89.769025234999958, 15.032693300000062 ], [ -89.770957812999939, 15.034260185000051 ], [ -89.772086654999953, 15.035451099000056 ], [ -89.772387773999981, 15.036508353000045 ], [ -89.773354564999977, 15.036855030000027 ], [ -89.773624096999981, 15.037850892000051 ], [ -89.775988279999979, 15.040531030000068 ], [ -89.776157864999959, 15.041841477000048 ], [ -89.77888636199998, 15.044008751000035 ], [ -89.779663120999942, 15.046493656000052 ], [ -89.779935936999948, 15.052178874000049 ], [ -89.780885459999979, 15.055534124000076 ], [ -89.780275616999972, 15.064343172000065 ], [ -89.780553368999961, 15.065914735000035 ], [ -89.781878637999966, 15.067881516000057 ], [ -89.783254797999973, 15.068203521000044 ], [ -89.789897829999973, 15.068055087000062 ], [ -89.796384290999981, 15.067233848000058 ], [ -89.800256995999973, 15.067835947000049 ], [ -89.80636879399998, 15.069665890000067 ], [ -89.811596558999952, 15.069369332000065 ], [ -89.817110471999968, 15.070021333000057 ], [ -89.836254929999939, 15.069038947000024 ], [ -89.838583083999936, 15.070896472000072 ], [ -89.840707690999977, 15.073797397000021 ], [ -89.842946014999939, 15.075647995000054 ], [ -89.844976818999953, 15.078260915000044 ], [ -89.849243313999978, 15.08291508800005 ], [ -89.859904695999944, 15.094934550000062 ], [ -89.861181000999977, 15.095238943000027 ], [ -89.862270742999954, 15.097290182000052 ], [ -89.86960976499995, 15.105025107000074 ], [ -89.870297419999986, 15.106181364000065 ], [ -89.871649573999946, 15.107063518000075 ], [ -89.872255572999961, 15.108243471000037 ], [ -89.879016503999935, 15.115397969000071 ], [ -89.881773550999981, 15.118972212000074 ], [ -89.894924121999964, 15.132885097000042 ], [ -89.899697985999978, 15.138511832000063 ], [ -89.897659179999948, 15.139316791000056 ], [ -89.897185520999983, 15.139964923000036 ], [ -89.895907, 15.14146204900004 ], [ -89.895774495999945, 15.143376755000077 ], [ -89.895918084999948, 15.144406974000049 ], [ -89.897299930999964, 15.146344776000035 ], [ -89.897417849999954, 15.147382544000038 ], [ -89.898075592999987, 15.147778737000067 ], [ -89.898116267999967, 15.149691314000052 ], [ -89.897177799999952, 15.150695358000064 ], [ -89.89305195899999, 15.150297679000062 ], [ -89.891359898999951, 15.149511360000076 ], [ -89.889725069999898, 15.14803054600003 ], [ -89.887087349999945, 15.14719165300005 ], [ -89.880746691999946, 15.147120973000028 ], [ -89.876782556999956, 15.145890023000049 ], [ -89.871514564999984, 15.145460350000064 ], [ -89.869586091999963, 15.147326378000059 ], [ -89.86918962499999, 15.148249771000053 ], [ -89.869138397999961, 15.149322427000072 ], [ -89.867531662999966, 15.153008926000041 ], [ -89.867528949999951, 15.154100312000025 ], [ -89.866363109999952, 15.156211650000046 ], [ -89.866209552999976, 15.158351730000049 ], [ -89.863482011999963, 15.160569990000056 ], [ -89.85800341199996, 15.161319846000026 ], [ -89.851690094999981, 15.161229468000045 ], [ -89.850470911999935, 15.162143569000023 ], [ -89.83874261699998, 15.166493894000041 ], [ -89.824912984999969, 15.17165360100006 ], [ -89.821475822999957, 15.169886213000041 ], [ -89.808816126999943, 15.163276335000035 ], [ -89.807053673999974, 15.165341556000044 ], [ -89.803784383999982, 15.169351414000062 ], [ -89.796269584999948, 15.169491802000039 ], [ -89.789825367999981, 15.169573840000055 ], [ -89.78737042399996, 15.169313116000069 ] ] ] ] } },
{ "type": "Feature", "properties": { "Codigo": 1103, "datos_finales_color_riesgo": "9AB5DC" }, "geometry": { "type": "MultiPolygon", "coordinates": [ [ [ [ -91.588600068999938, 14.600450314000057 ], [ -91.588740013999939, 14.599974348000046 ], [ -91.588818611999955, 14.598383936000062 ], [ -91.588806628999976, 14.596715012000061 ], [ -91.588859566999986, 14.593688352000072 ], [ -91.589015884999981, 14.590551585000071 ], [ -91.589295353999944, 14.587659619000021 ], [ -91.589560198999948, 14.585240987000077 ], [ -91.589747947999967, 14.584270414000059 ], [ -91.590014954999958, 14.58333308300007 ], [ -91.590386426999942, 14.581931998000073 ], [ -91.590954367999984, 14.580101606000028 ], [ -91.591440989999967, 14.578469581000036 ], [ -91.591869026999973, 14.577201029000037 ], [ -91.592285170999958, 14.575977600000044 ], [ -91.592623453999977, 14.574499476000028 ], [ -91.592745118999972, 14.573152243000038 ], [ -91.592884340999944, 14.570866172000024 ], [ -91.592907158999935, 14.569098021000059 ], [ -91.592946284999982, 14.568325407000032 ], [ -91.593128709999974, 14.566359357000067 ], [ -91.593183615999976, 14.564835455000036 ], [ -91.593246833999956, 14.563830229000075 ], [ -91.593479357999968, 14.562926579000077 ], [ -91.593804281999951, 14.561812194000026 ], [ -91.594117178999966, 14.560764401000029 ], [ -91.594627178999986, 14.55900030500004 ], [ -91.595019105999938, 14.558019648000027 ], [ -91.595815233999986, 14.555858412000077 ], [ -91.596484488999977, 14.552294207000045 ], [ -91.596845455999983, 14.550793605000024 ], [ -91.59747243399994, 14.548499145000051 ], [ -91.598056733999954, 14.545796536000068 ], [ -91.598384228999976, 14.544173699000055 ], [ -91.598894448999943, 14.542453652000063 ], [ -91.599412891999975, 14.541175446000068 ], [ -91.600239773999988, 14.539545420000024 ], [ -91.601121603999957, 14.538214014000062 ], [ -91.601954969999952, 14.537301507000052 ], [ -91.602880622999976, 14.536191814000063 ], [ -91.604182906999938, 14.534674206000034 ], [ -91.606113131999962, 14.532532098000047 ], [ -91.608364033999976, 14.529926353000064 ], [ -91.609417417999964, 14.528320228000041 ], [ -91.609751765999988, 14.527437494000026 ], [ -91.610085272999981, 14.526689212000065 ], [ -91.610578926999949, 14.525741887000038 ], [ -91.611382772999946, 14.524155740000026 ], [ -91.611868261999973, 14.522655836000069 ], [ -91.612114736999956, 14.52135338000005 ], [ -91.612270095999975, 14.520061684000041 ], [ -91.612308648999942, 14.519365888000038 ], [ -91.612125731999981, 14.515962651000052 ], [ -91.612102825999955, 14.515450667000039 ], [ -91.612213593999968, 14.514892018000069 ], [ -91.612240263999979, 14.514148696000063 ], [ -91.612178698999969, 14.513512192000064 ], [ -91.611725930999967, 14.512744565000048 ], [ -91.611358953999968, 14.512169529000062 ], [ -91.611210416999938, 14.511531383000033 ], [ -91.611259070999949, 14.510703446000036 ], [ -91.611915906999968, 14.510177405000036 ], [ -91.612768528999936, 14.509779069000047 ], [ -91.613295683999979, 14.509123447000036 ], [ -91.61332075699994, 14.508635474000073 ], [ -91.613347368999939, 14.50780740600004 ], [ -91.613527987999987, 14.506832231000033 ], [ -91.614037455999949, 14.505475957000044 ], [ -91.614634469999942, 14.504121327000064 ], [ -91.615165166999986, 14.502892856000074 ], [ -91.615764223999975, 14.501113387000032 ], [ -91.616031149999969, 14.500243799000032 ], [ -91.616494380999939, 14.499418302000038 ], [ -91.61755078799996, 14.497662990000038 ], [ -91.617991045999986, 14.496986503000073 ], [ -91.618540525999947, 14.496182978000036 ], [ -91.619351441999981, 14.495486067000058 ], [ -91.619876694999959, 14.495128713000042 ], [ -91.620227288999956, 14.494790669000054 ], [ -91.620513719999963, 14.494325694000054 ], [ -91.621178228999952, 14.492546592000053 ], [ -91.621668517999979, 14.49080826900007 ], [ -91.621783557999947, 14.489832696000065 ], [ -91.621700596999972, 14.489088725000045 ], [ -91.621508551999966, 14.488450326000077 ], [ -91.621099274999949, 14.48768410200006 ], [ -91.620996305999938, 14.486706121000054 ], [ -91.621544491999941, 14.486199746000068 ], [ -91.622157872999935, 14.48565194400004 ], [ -91.622271203999958, 14.484952060000069 ], [ -91.622711029999948, 14.484338833000038 ], [ -91.62356308699998, 14.483918975000051 ], [ -91.623872259999985, 14.483241705000069 ], [ -91.624292921999938, 14.482161706000056 ], [ -91.626274499999965, 14.478818567000076 ], [ -91.626480590999961, 14.477269524000064 ], [ -91.626898092999966, 14.476699092000047 ], [ -91.627577997999936, 14.475981042000058 ], [ -91.628150202999961, 14.475049936000062 ], [ -91.627913952999961, 14.474432754000077 ], [ -91.627287250999984, 14.473665272000062 ], [ -91.626963643999943, 14.473110852000048 ], [ -91.627250885999956, 14.472411978000025 ], [ -91.628018715999985, 14.47163116400003 ], [ -91.628369907999968, 14.471186894000027 ], [ -91.628743518999954, 14.470679477000033 ], [ -91.62924732, 14.470215756000073 ], [ -91.629903402999958, 14.46987947100007 ], [ -91.630493644999945, 14.469500994000043 ], [ -91.630910863999986, 14.468972361000056 ], [ -91.631197498999938, 14.468464433000065 ], [ -91.631723057999977, 14.468043769000076 ], [ -91.63229249699998, 14.467557824000039 ], [ -91.63277483, 14.467093970000064 ], [ -91.63306100899996, 14.466564568000024 ], [ -91.633131458999969, 14.465758213000072 ], [ -91.63287907199998, 14.464270899000041 ], [ -91.632841690999953, 14.46327296000004 ], [ -91.632933202999936, 14.46253000300004 ], [ -91.633263044999978, 14.462065261000077 ], [ -91.633485450999956, 14.461344531000066 ], [ -91.633315225999979, 14.460642991000043 ], [ -91.632993173999978, 14.459834356000044 ], [ -91.633105932999968, 14.459219202000043 ], [ -91.633479250999983, 14.458754712000029 ], [ -91.633135748999962, 14.457945953000035 ], [ -91.632550027999969, 14.45749623100005 ], [ -91.632335808999983, 14.456879181000033 ], [ -91.632360956999946, 14.456369730000063 ], [ -91.632276661999981, 14.455838178000022 ], [ -91.632106629999953, 14.455201043000045 ], [ -91.632175905999986, 14.454585637000037 ], [ -91.63233487399998, 14.453524432000052 ], [ -91.632384974999979, 14.452442259000065 ], [ -91.632584040999973, 14.451933818000043 ], [ -91.633237275999988, 14.451959078000073 ], [ -91.633804003999956, 14.452004173000034 ], [ -91.634351358999936, 14.451519220000023 ], [ -91.634660831999952, 14.450778654000032 ], [ -91.635209414999963, 14.450186362000068 ], [ -91.635754302999942, 14.450104774000067 ], [ -91.636342732999935, 14.450108181000076 ], [ -91.636930708999955, 14.450091245000067 ], [ -91.637761025999964, 14.449692665000043 ], [ -91.637874802999988, 14.44890689500005 ], [ -91.63807585099994, 14.448165696000046 ], [ -91.638274901999978, 14.447657248000041 ], [ -91.638913651999985, 14.446535533000031 ], [ -91.640079495999942, 14.444631558000026 ], [ -91.640542638999989, 14.443784526000059 ], [ -91.641526934999945, 14.443132583000022 ], [ -91.642029359999981, 14.442880115000037 ], [ -91.642882183999973, 14.442396899000073 ], [ -91.643845211999974, 14.441617141000052 ], [ -91.644417511999961, 14.440643044000069 ], [ -91.644533052999975, 14.439561236000031 ], [ -91.64458385599994, 14.438351375000025 ], [ -91.644762327999956, 14.437694781000062 ], [ -91.645048184999951, 14.437207166000064 ], [ -91.64544372499995, 14.436699839000028 ], [ -91.64605716599999, 14.43610902000006 ], [ -91.646540422999976, 14.435475643000075 ], [ -91.646848423999984, 14.434967813000071 ], [ -91.647223469999972, 14.434205 ], [ -91.647814037999979, 14.433847938000042 ], [ -91.648816010999951, 14.433810745000073 ], [ -91.649624158999984, 14.433518201000027 ], [ -91.649932018999948, 14.433031834000076 ], [ -91.650502470999982, 14.432356009000046 ], [ -91.651115123999944, 14.431891723000035 ], [ -91.652164592999952, 14.431281908000074 ], [ -91.652558759999977, 14.430902243000048 ], [ -91.652823262999959, 14.430394155000045 ], [ -91.653046966999966, 14.429440637000027 ], [ -91.653272587999936, 14.428167362000067 ], [ -91.653409779999947, 14.427042731000029 ], [ -91.653566057999967, 14.426407469000026 ], [ -91.653853346999938, 14.425771825000027 ], [ -91.653946927999982, 14.424668412000074 ], [ -91.654084944999966, 14.423501977000058 ], [ -91.654349183999955, 14.423035692000042 ], [ -91.65470036399995, 14.422571032000064 ], [ -91.654900245999954, 14.421913419000077 ], [ -91.654841181999984, 14.42093681700004 ], [ -91.654473962999987, 14.420403653000051 ], [ -91.653649646999952, 14.419826077000039 ], [ -91.65350140299995, 14.419124671000077 ], [ -91.653177535999987, 14.418613224000069 ], [ -91.65278785299995, 14.418154506000064 ], [ -91.652313394999965, 14.417429769000023 ], [ -91.652034284999957, 14.41670614800006 ], [ -91.651953205999973, 14.415729420000048 ], [ -91.652163160999976, 14.413395045000073 ], [ -91.652341591999971, 14.412737311000058 ], [ -91.65278034399995, 14.412166936000062 ], [ -91.65332800799996, 14.411703397000053 ], [ -91.654770098999961, 14.410946651000074 ], [ -91.656124980999948, 14.410232335000046 ], [ -91.656543285999987, 14.409492346000036 ], [ -91.65691850199994, 14.408687705000034 ], [ -91.65727054499996, 14.408073890000026 ], [ -91.657819586999949, 14.407376449000026 ], [ -91.658390200999975, 14.406657660000064 ], [ -91.658806339999956, 14.406278104000023 ], [ -91.659286450999957, 14.406153147000055 ], [ -91.660116439999967, 14.405775937000044 ], [ -91.660227741999961, 14.405288435000045 ], [ -91.660971292999989, 14.404824855000072 ], [ -91.66171104099999, 14.404998539000076 ], [ -91.662406482999984, 14.405214905000037 ], [ -91.66316825199999, 14.405389838000076 ], [ -91.664127132999965, 14.405267578000064 ], [ -91.664716715999987, 14.405058483000062 ], [ -91.666156267999952, 14.404716332000078 ], [ -91.667028328999947, 14.404572103000078 ], [ -91.667489504999935, 14.404023294000069 ], [ -91.667733804999955, 14.403196422000065 ], [ -91.667846428999951, 14.402581238000039 ], [ -91.668025426999975, 14.401818408000054 ], [ -91.668181391999951, 14.401224937000052 ], [ -91.668359812999938, 14.400460972000076 ], [ -91.668560752999952, 14.399613517000034 ], [ -91.668848217999937, 14.398934909000047 ], [ -91.66961367, 14.398387807000063 ], [ -91.670180074999962, 14.398369526000067 ], [ -91.671858466999936, 14.398209473000065 ], [ -91.672318161999954, 14.397808663000035 ], [ -91.672605858999987, 14.397088245000077 ], [ -91.672783879999898, 14.396388681000076 ], [ -91.673094019999951, 14.39549889400007 ], [ -91.673818067999946, 14.394696177000071 ], [ -91.674276626999983, 14.394486318000077 ], [ -91.674735684999973, 14.394191718000059 ], [ -91.675132132999977, 14.393407496000066 ], [ -91.675222657999939, 14.392898399000046 ], [ -91.675687463999964, 14.391627552000045 ], [ -91.675890312999968, 14.390450155000053 ], [ -91.676091339999971, 14.389581220000025 ], [ -91.676161712999942, 14.388753364000024 ], [ -91.676123248999943, 14.387903430000051 ], [ -91.675865359999989, 14.387307633000034 ], [ -91.675476938999964, 14.386732576000043 ], [ -91.675021822999952, 14.386263357000075 ], [ -91.674566793999986, 14.38587775700006 ], [ -91.674090175999936, 14.385418586000071 ], [ -91.673789513999964, 14.384706166000058 ], [ -91.673771081999973, 14.384195326000054 ], [ -91.67379641399998, 14.383536709000055 ], [ -91.673887305999983, 14.382964337000033 ], [ -91.674043238999957, 14.382370858000058 ], [ -91.674549743999989, 14.381397423000067 ], [ -91.675275415999977, 14.380211652000071 ], [ -91.675584636999986, 14.379471007000063 ], [ -91.675763708999966, 14.378686696000045 ], [ -91.675766589999967, 14.378197446000058 ], [ -91.675509581999961, 14.377453632000027 ], [ -91.675076385999944, 14.377004879000026 ], [ -91.674360741999976, 14.376491264000038 ], [ -91.673841616999937, 14.375872536000031 ], [ -91.673716600999967, 14.374958837000065 ], [ -91.674328661999937, 14.374558875000048 ], [ -91.675200349999955, 14.374457541000027 ], [ -91.676009500999953, 14.373952460000055 ], [ -91.67588277499999, 14.373229714000047 ], [ -91.67547147199997, 14.372803683000029 ], [ -91.67525632, 14.37233468200003 ], [ -91.675156067999978, 14.370954453000024 ], [ -91.675798602999976, 14.365373843000043 ], [ -91.676715709999939, 14.364933769000061 ], [ -91.677176201999941, 14.364383795000037 ], [ -91.677331855999967, 14.363833250000027 ], [ -91.67779591599998, 14.362773688000061 ], [ -91.67845601, 14.361588662000031 ], [ -91.678940878999981, 14.360635430000059 ], [ -91.679053684999985, 14.359978427000044 ], [ -91.67925603599997, 14.35887559300005 ], [ -91.679521129999955, 14.358239778000041 ], [ -91.679788832999975, 14.357158776000063 ], [ -91.679860710999947, 14.355969339000069 ], [ -91.68014943899999, 14.355057946000045 ], [ -91.680545654999946, 14.354296304000059 ], [ -91.680527070999972, 14.353808062000041 ], [ -91.680311795999955, 14.353360534000046 ], [ -91.680012078999937, 14.352488803000028 ], [ -91.680124133999982, 14.351958348000039 ], [ -91.680434419999983, 14.351025605000075 ], [ -91.680638488999989, 14.34962560200006 ], [ -91.680228217999968, 14.349028963000023 ], [ -91.679904121999982, 14.348560489000022 ], [ -91.679887718999964, 14.347700503000056 ], [ -91.680391498999938, 14.347172229000023 ], [ -91.68063525299999, 14.346515955000029 ], [ -91.680667134999965, 14.344731937000063 ], [ -91.681174341999963, 14.343715540000062 ], [ -91.681743087999962, 14.343273501000056 ], [ -91.681682082999941, 14.342508184000053 ], [ -91.681423965999954, 14.341955331000065 ], [ -91.681341023999948, 14.341274638000073 ], [ -91.681452608999962, 14.340723842000045 ], [ -91.681716680999955, 14.340257507000047 ], [ -91.682309422999936, 14.339475483000058 ], [ -91.682793969999977, 14.338565172000074 ], [ -91.683341299999938, 14.33801679100003 ], [ -91.683975637999936, 14.337552510000023 ], [ -91.684914262999939, 14.33717579000006 ], [ -91.685394835999944, 14.336944552000034 ], [ -91.685853875999953, 14.336629579000032 ], [ -91.686269954999943, 14.336228489000064 ], [ -91.687297592999982, 14.33549066300003 ], [ -91.687865569999985, 14.335175156000048 ], [ -91.688480055999946, 14.334435042000052 ], [ -91.688398851999978, 14.333352094000077 ], [ -91.688401813999974, 14.332842501000073 ], [ -91.688579772999958, 14.33223330900006 ], [ -91.690990337999949, 14.329635283000073 ], [ -91.69153898199994, 14.328852987000062 ], [ -91.691650868999943, 14.328343991000054 ], [ -91.691700483999966, 14.327282103000073 ], [ -91.691750427999978, 14.326263155000049 ], [ -91.691886089999969, 14.325350897000021 ], [ -91.692195292999941, 14.324588748000053 ], [ -91.693137298999943, 14.323616519000041 ], [ -91.694187359999944, 14.322795165000059 ], [ -91.69478074899996, 14.321885418000022 ], [ -91.695198134999941, 14.321250415000065 ], [ -91.695744047999938, 14.320934765000061 ], [ -91.697794673999965, 14.320330186000035 ], [ -91.700192692999963, 14.319770429000073 ], [ -91.702550875999975, 14.318679346000067 ], [ -91.703555601999938, 14.318175219000068 ], [ -91.70466916099997, 14.317586931000051 ], [ -91.705349041999966, 14.316740904000028 ], [ -91.705941670999948, 14.31595315900006 ], [ -91.706362696999975, 14.315383687000065 ], [ -91.707192812999949, 14.314202872000067 ], [ -91.708815775999938, 14.312173235000046 ], [ -91.710435676999964, 14.310674655000071 ], [ -91.711399584999981, 14.309597373000031 ], [ -91.712100944999975, 14.308837316000051 ], [ -91.713150639999981, 14.308056543000077 ], [ -91.714876144999948, 14.307132524000053 ], [ -91.717172951999942, 14.30589744200006 ], [ -91.718306071999962, 14.305112572000041 ], [ -91.719890889999988, 14.30365101700005 ], [ -91.723230509999951, 14.300573977000056 ], [ -91.724521555999956, 14.299413639000022 ], [ -91.725346130999981, 14.298674537000068 ], [ -91.726359946999935, 14.297766949000049 ], [ -91.72751797899997, 14.29707256100005 ], [ -91.72856589099996, 14.296590016000039 ], [ -91.729178004999937, 14.296125475000053 ], [ -91.729703087999951, 14.295683069000063 ], [ -91.730449396999973, 14.298250970000026 ], [ -91.730443555999955, 14.299291647000075 ], [ -91.730627584999979, 14.301394386000027 ], [ -91.731407164999951, 14.306091337000055 ], [ -91.731892628999958, 14.308790049000038 ], [ -91.733136072999969, 14.31612231400004 ], [ -91.733617519999939, 14.319543057000033 ], [ -91.733930509999936, 14.322006944000066 ], [ -91.734098245999974, 14.323197701000026 ], [ -91.734312425999974, 14.323856489000036 ], [ -91.734695907999935, 14.325324111000043 ], [ -91.734822950999956, 14.325919156000054 ], [ -91.734861515999967, 14.326895659000058 ], [ -91.734356002999959, 14.331585751000034 ], [ -91.734270654999989, 14.332441817000074 ], [ -91.734101819999978, 14.334131359000025 ], [ -91.733945251999955, 14.334874047000028 ], [ -91.733505070999968, 14.335763249000024 ], [ -91.733131931999935, 14.336270875000025 ], [ -91.732824748999974, 14.33669410400006 ], [ -91.732538525999985, 14.337202195000032 ], [ -91.732352683999977, 14.337996703000044 ], [ -91.732096572999978, 14.338611170000036 ], [ -91.731545905999951, 14.339669272000037 ], [ -91.731019375999949, 14.34045291700005 ], [ -91.730536925999957, 14.341023230000076 ], [ -91.72994541099996, 14.34161443000005 ], [ -91.727887676999956, 14.343557124000029 ], [ -91.72604542299996, 14.345818476000034 ], [ -91.725780829999962, 14.346391080000046 ], [ -91.725092158999985, 14.348786306000022 ], [ -91.724738477999949, 14.349739227000043 ], [ -91.724256707999984, 14.350182974000063 ], [ -91.723753859999988, 14.350562195000066 ], [ -91.723251390999962, 14.35077192500006 ], [ -91.721745015999943, 14.35142257900003 ], [ -91.720129447999966, 14.352114442000072 ], [ -91.719582765999974, 14.352556697000068 ], [ -91.719209443999944, 14.353085766000049 ], [ -91.71885645399999, 14.353912123000043 ], [ -91.718392968999979, 14.354907379000053 ], [ -91.718083433999936, 14.355733969000028 ], [ -91.717948933999935, 14.356455290000042 ], [ -91.71798692699997, 14.361284970000042 ], [ -91.717742768999983, 14.362027168000054 ], [ -91.717151016999935, 14.362746012000059 ], [ -91.716275893999978, 14.36335710000003 ], [ -91.714984776999984, 14.364454075000026 ], [ -91.714044497999964, 14.365106612000034 ], [ -91.713506304999953, 14.365475446000062 ], [ -91.712076739999986, 14.36645526600006 ], [ -91.710959082999977, 14.367616437000038 ], [ -91.710106726999982, 14.36829429200003 ], [ -91.709429051999962, 14.368627330000038 ], [ -91.70746623499997, 14.369105896000065 ], [ -91.706394605999947, 14.369411912000032 ], [ -91.705677278999985, 14.369584266000061 ], [ -91.704915428999982, 14.369537163000075 ], [ -91.704022594999969, 14.369490469000027 ], [ -91.702888827999971, 14.369717034000075 ], [ -91.702407583999957, 14.370054515000049 ], [ -91.702013857999987, 14.37039134500003 ], [ -91.70153163399999, 14.370898311000076 ], [ -91.700830885999949, 14.371510295000064 ], [ -91.699147874999937, 14.372605022000073 ], [ -91.696921329999952, 14.373379226000054 ], [ -91.69592804499996, 14.373962463000055 ], [ -91.695435472999975, 14.374251279000077 ], [ -91.694384043999946, 14.375264702000038 ], [ -91.69229448499999, 14.377392169000075 ], [ -91.690847955999971, 14.378868932000046 ], [ -91.689409511999941, 14.380545729000062 ], [ -91.68779436799997, 14.382702895000023 ], [ -91.687125014999936, 14.383781676000069 ], [ -91.686685659999966, 14.384479807000048 ], [ -91.68642017799999, 14.385178903000053 ], [ -91.686219856999969, 14.38583542300006 ], [ -91.685952619999966, 14.386833945000035 ], [ -91.685686097999962, 14.387808740000025 ], [ -91.685463452999954, 14.388614289000031 ], [ -91.685248395999963, 14.389113661000067 ], [ -91.685044303999973, 14.389621004000048 ], [ -91.684169174999965, 14.391289593000067 ], [ -91.683815742999968, 14.392157686000076 ], [ -91.683637424999972, 14.392815454000072 ], [ -91.683523940999976, 14.393684883000049 ], [ -91.683474665999938, 14.394576140000026 ], [ -91.683415319999938, 14.396097849000057 ], [ -91.683323774999963, 14.396882654000024 ], [ -91.682883882999988, 14.397665517000064 ], [ -91.682573318999971, 14.398534978000043 ], [ -91.682437428999947, 14.399467557000037 ], [ -91.682536303999939, 14.401187890000074 ], [ -91.68270034599999, 14.402866778000032 ], [ -91.682888993999939, 14.404204557000071 ], [ -91.682927604999975, 14.405033024000033 ], [ -91.682540142999983, 14.407940481000026 ], [ -91.68238022, 14.409213039000065 ], [ -91.68226763199999, 14.409828233000042 ], [ -91.682043950999969, 14.410803258000044 ], [ -91.681844042999955, 14.411481241000047 ], [ -91.680866204999973, 14.414724377000027 ], [ -91.680776133999984, 14.415254950000076 ], [ -91.680750936999971, 14.415892097000039 ], [ -91.680769015999942, 14.416465082000059 ], [ -91.68093787, 14.41742196000007 ], [ -91.681368947999943, 14.418146404000026 ], [ -91.68131413399999, 14.41899016800005 ], [ -91.681073085999969, 14.420352666000042 ], [ -91.680870162999952, 14.421540234000076 ], [ -91.680561052999963, 14.422154325000065 ], [ -91.679925038999954, 14.422957551000025 ], [ -91.679246340999953, 14.423526634000041 ], [ -91.678590089999943, 14.423926351000034 ], [ -91.677761303999944, 14.424092330000065 ], [ -91.677129457999968, 14.424088789000052 ], [ -91.676402348999943, 14.424019174000023 ], [ -91.675798333999978, 14.424505052000029 ], [ -91.675577612999973, 14.424971608000021 ], [ -91.675486771999942, 14.42562872600007 ], [ -91.675460223999949, 14.426393548000021 ], [ -91.67543213099998, 14.427517684000065 ], [ -91.675338946999943, 14.428473093000036 ], [ -91.675269251999964, 14.429279480000048 ], [ -91.675263853999979, 14.430192443000067 ], [ -91.675281659999939, 14.43080836200005 ], [ -91.67551174, 14.432486490000031 ], [ -91.675976636999962, 14.434846160000063 ], [ -91.676037000999941, 14.435716554000066 ], [ -91.676033606999965, 14.436290546000066 ], [ -91.67594351799994, 14.436819983000078 ], [ -91.675699748999989, 14.437455902000067 ], [ -91.67525961199999, 14.438260210000067 ], [ -91.67477566299999, 14.439022460000047 ], [ -91.673940540999979, 14.440248269000051 ], [ -91.67339140699994, 14.44105195700007 ], [ -91.672663785999987, 14.442428648000032 ], [ -91.672198701999946, 14.443720941000038 ], [ -91.671932585999969, 14.444504750000021 ], [ -91.67181968899996, 14.445162869000058 ], [ -91.671746066999958, 14.446626854000044 ], [ -91.671782865999944, 14.447752484000034 ], [ -91.671609596999986, 14.451254318000053 ], [ -91.671579996999981, 14.452528723000057 ], [ -91.67170295599999, 14.453887602000066 ], [ -91.672129519999942, 14.455377010000063 ], [ -91.67255881799997, 14.456504849000055 ], [ -91.672903597999948, 14.457122608000077 ], [ -91.67327053799994, 14.457719024000028 ], [ -91.673702995999975, 14.458315810000045 ], [ -91.674547439999969, 14.459148810000045 ], [ -91.675000851999982, 14.459830457000066 ], [ -91.675017852999986, 14.460679137000056 ], [ -91.674988266999947, 14.461953541000071 ], [ -91.674804266999956, 14.463650805000043 ], [ -91.675016218999986, 14.464671204000069 ], [ -91.67732616, 14.468293227000061 ], [ -91.677473367999937, 14.469185576000029 ], [ -91.67746959499999, 14.469822841000052 ], [ -91.67742309199997, 14.47033218200005 ], [ -91.677113264999946, 14.471052472000054 ], [ -91.676410808999947, 14.471982981000053 ], [ -91.674392125999987, 14.474285728000041 ], [ -91.672219343999984, 14.476948035000078 ], [ -91.670722753999939, 14.479487587000051 ], [ -91.670327307999969, 14.479973486000063 ], [ -91.669494894999957, 14.480712274000041 ], [ -91.669036019999965, 14.480943575000026 ], [ -91.668424656999946, 14.481172879000042 ], [ -91.667026756999974, 14.481738965000034 ], [ -91.66669453899999, 14.482607130000076 ], [ -91.666468531999953, 14.483943691000036 ], [ -91.666200431999982, 14.485046116000035 ], [ -91.665935499999989, 14.485617488000059 ], [ -91.665606006999951, 14.48612521900003 ], [ -91.66508096299998, 14.486462347000042 ], [ -91.664295936999963, 14.486542632000067 ], [ -91.663751268999988, 14.486476260000074 ], [ -91.662922120999951, 14.486662502000058 ], [ -91.662743721999959, 14.487403853000046 ], [ -91.662718504999987, 14.487934779000057 ], [ -91.662693416999957, 14.488444235000031 ], [ -91.662625040999956, 14.489016722000031 ], [ -91.662445921999961, 14.489780667000048 ], [ -91.66200325599999, 14.490882090000071 ], [ -91.661692780999942, 14.491793305000044 ], [ -91.661362627999949, 14.492407238000055 ], [ -91.659717695999973, 14.49411761500005 ], [ -91.659278330999939, 14.494666513000027 ], [ -91.658639710999978, 14.495852685000045 ], [ -91.658460958999967, 14.496552219000023 ], [ -91.658434579999948, 14.497274094000034 ], [ -91.658692650999967, 14.497848443000066 ], [ -91.658907873999965, 14.498316333000048 ], [ -91.659122706999938, 14.498848628000076 ], [ -91.659269850999976, 14.499740982000048 ], [ -91.659070402999987, 14.500313848000076 ], [ -91.658740928999975, 14.500715351000053 ], [ -91.658302125999967, 14.50126424900003 ], [ -91.658100820999948, 14.502048399000046 ], [ -91.658075529999962, 14.502685535000069 ], [ -91.658115030999966, 14.504118510000069 ], [ -91.658171632999938, 14.504830690000063 ], [ -91.658255675999953, 14.505319299000064 ], [ -91.658317753999938, 14.50589252900005 ], [ -91.65835638599998, 14.506699519000051 ], [ -91.658287920999953, 14.507187256000066 ], [ -91.65819786899999, 14.507696341000042 ], [ -91.65799674699997, 14.508544896000046 ], [ -91.657925458999955, 14.509500409000054 ], [ -91.658094219999953, 14.514023346000045 ], [ -91.657936201999973, 14.514935425000033 ], [ -91.657604909999975, 14.515634086000034 ], [ -91.657318710999959, 14.516163513000038 ], [ -91.657052434999969, 14.51694728800004 ], [ -91.65629733899999, 14.519257056000072 ], [ -91.655901083999936, 14.519955338000045 ], [ -91.655614807999939, 14.520400020000068 ], [ -91.655220343999986, 14.520801142000039 ], [ -91.65455549699999, 14.52131935400007 ], [ -91.651294630999985, 14.524833899000043 ], [ -91.651159320999966, 14.52553367400003 ], [ -91.65110681699997, 14.527019222000035 ], [ -91.65108111, 14.527719627000067 ], [ -91.651033170999938, 14.528356629000029 ], [ -91.650985427999956, 14.52905690700004 ], [ -91.65067381099999, 14.530137578000051 ], [ -91.649289860999943, 14.531977034000022 ], [ -91.648916566999958, 14.532420071000047 ], [ -91.648302970999964, 14.532990532000042 ], [ -91.647929672999965, 14.533433568000078 ], [ -91.647577049999938, 14.534005534000073 ], [ -91.647224881999989, 14.53459784100005 ], [ -91.646913752999978, 14.535593764000055 ], [ -91.646645086999968, 14.536759423000035 ], [ -91.646379905999936, 14.537352229000021 ], [ -91.645144261999974, 14.539871589000029 ], [ -91.643115914999953, 14.543596492000063 ], [ -91.642785749999973, 14.544190047000029 ], [ -91.642453193999984, 14.545079624000039 ], [ -91.642186822999975, 14.545863376000057 ], [ -91.641853349999963, 14.546902097000043 ], [ -91.641519229999972, 14.548045893000051 ], [ -91.641405705999944, 14.548873466000032 ], [ -91.64135824799996, 14.549425719000055 ], [ -91.641218789999982, 14.55088928400005 ], [ -91.641244232999952, 14.553840777000062 ], [ -91.641150342999936, 14.554965632000062 ], [ -91.641056137999954, 14.556047543000034 ], [ -91.640942867999968, 14.556832180000072 ], [ -91.640540572999953, 14.558401557000025 ], [ -91.64031702699998, 14.559291761000054 ], [ -91.640051143999983, 14.559990765000066 ], [ -91.639764972999956, 14.560498695000035 ], [ -91.639456887999984, 14.560985026000026 ], [ -91.639149057999987, 14.56142955200005 ], [ -91.637918333999949, 14.563014442000053 ], [ -91.637522585999989, 14.563606471000071 ], [ -91.636480709999944, 14.566360782000061 ], [ -91.636389398999938, 14.567060797000067 ], [ -91.636297878999983, 14.571285011000043 ], [ -91.636032746999945, 14.571857462000025 ], [ -91.635153613999989, 14.573040999000057 ], [ -91.634297820999961, 14.574012247000041 ], [ -91.633989646999964, 14.574413825000022 ], [ -91.633747075999963, 14.574900528000057 ], [ -91.632241707999981, 14.578671281000027 ], [ -91.632085746999962, 14.579221764000067 ], [ -91.631993566999938, 14.579964706000055 ], [ -91.632248132999962, 14.584679057000073 ], [ -91.632266053999956, 14.585253157000068 ], [ -91.632130949999976, 14.585994715000027 ], [ -91.630951135999965, 14.589916501000062 ], [ -91.630486743999938, 14.590996232000066 ], [ -91.629786521999961, 14.591374034000069 ], [ -91.628282186999968, 14.59138666900003 ], [ -91.627671530999976, 14.591446355000073 ], [ -91.627169138999989, 14.591634358000022 ], [ -91.626644171999942, 14.591908098000033 ], [ -91.626138092999952, 14.592690407000077 ], [ -91.626199902999986, 14.593200358000047 ], [ -91.626523128999963, 14.593839528000046 ], [ -91.626890129999936, 14.594436019000057 ], [ -91.627213625999957, 14.595032252000067 ], [ -91.627295772999958, 14.595818024000039 ], [ -91.627225608999936, 14.596561090000023 ], [ -91.627405740999961, 14.597356474000037 ], [ -91.620783568999968, 14.59957724700007 ], [ -91.617769704999944, 14.600789880000036 ], [ -91.610102335999954, 14.602668560000041 ], [ -91.601415942999949, 14.603747680000026 ], [ -91.598617537999985, 14.603528637000068 ], [ -91.594816332999983, 14.602262892000056 ], [ -91.592763997999953, 14.601500274000045 ], [ -91.590611579999972, 14.600786750000054 ], [ -91.589224231999935, 14.600551259000042 ], [ -91.588600068999938, 14.600450314000057 ] ] ] ] } },
{ "type": "Feature", "properties": { "Codigo": 905, "datos_finales_color_riesgo": "9AB5DC" }, "geometry": { "type": "MultiPolygon", "coordinates": [ [ [ [ -91.61713524399994, 15.024213521000036 ], [ -91.615569009999945, 15.022093404000032 ], [ -91.614981019999959, 15.018808698000043 ], [ -91.616345820999982, 15.003275708000047 ], [ -91.616386516999967, 15.001286261000075 ], [ -91.616259383999989, 14.999816663000047 ], [ -91.616139124999961, 14.999086040000066 ], [ -91.61588192399995, 14.998411075000035 ], [ -91.615430851999974, 14.997878427000046 ], [ -91.614810143999989, 14.997244188000025 ], [ -91.614005946999953, 14.996764751000057 ], [ -91.613200418999952, 14.996582457000045 ], [ -91.61222195, 14.996721121000064 ], [ -91.611664403999953, 14.996838619000073 ], [ -91.610194605999936, 14.997370860000046 ], [ -91.608087336999972, 14.998065283000074 ], [ -91.606424931999982, 14.998540958000035 ], [ -91.605173668999953, 14.998710685000049 ], [ -91.603968459999976, 14.998768833000042 ], [ -91.60332181299998, 14.998643972000025 ], [ -91.602780466999945, 14.997966123000026 ], [ -91.602717275999964, 14.997225678000063 ], [ -91.602805787999955, 14.995856830000037 ], [ -91.602945799999986, 14.995238524000058 ], [ -91.603270659999964, 14.994257537000067 ], [ -91.604103772999963, 14.991975804000049 ], [ -91.605090347999976, 14.988788854000063 ], [ -91.605545431999985, 14.986990639000055 ], [ -91.605870969999955, 14.985810795000077 ], [ -91.606183100999942, 14.984995812000022 ], [ -91.60657521, 14.984124825000038 ], [ -91.607147559999987, 14.983510289000037 ], [ -91.607706648999965, 14.983148758000027 ], [ -91.608922745999962, 14.983100820000061 ], [ -91.609705640999948, 14.983359815000028 ], [ -91.610543907999954, 14.983773939000059 ], [ -91.611393736999958, 14.984198296000045 ], [ -91.612346259999981, 14.984469618000048 ], [ -91.612960155999986, 14.984440588000041 ], [ -91.613384887999985, 14.983824004000041 ], [ -91.613513172999944, 14.983306177000031 ], [ -91.613518364999948, 14.982499484000073 ], [ -91.613491974999988, 14.981272287000024 ], [ -91.613395148999984, 14.979611925000029 ], [ -91.613417495999954, 14.976590796000039 ], [ -91.615057287999946, 14.963414065000052 ], [ -91.616460164999978, 14.956786847000046 ], [ -91.622032977999936, 14.956308719000049 ], [ -91.625613194999971, 14.956107714000041 ], [ -91.629038437999952, 14.956244685000058 ], [ -91.631850016999977, 14.956845697000063 ], [ -91.634430347999967, 14.956710871000041 ], [ -91.637397628999963, 14.956125247000045 ], [ -91.639431702999957, 14.955532892000065 ], [ -91.640713915999982, 14.956219585000042 ], [ -91.642977716999951, 14.957166335000068 ], [ -91.644910608999965, 14.958620676000066 ], [ -91.650662265999983, 14.964580985000055 ], [ -91.654963993999957, 14.969193715000074 ], [ -91.657585129999973, 14.97121018200005 ], [ -91.658600455999988, 14.971664720000035 ], [ -91.659821888999943, 14.97177810900007 ], [ -91.660867645999986, 14.971638497000072 ], [ -91.671136612999987, 14.967362028000025 ], [ -91.676391076999948, 14.963500087000057 ], [ -91.677184873999977, 14.968428768000024 ], [ -91.676564232999965, 14.973539068000036 ], [ -91.675635711999973, 14.97682392400003 ], [ -91.675142644999937, 14.986029679000069 ], [ -91.674375426999973, 14.990098476000071 ], [ -91.673567981999952, 14.993615644000045 ], [ -91.67305549799994, 14.998966076000045 ], [ -91.672514115999945, 15.001458847000038 ], [ -91.671805929999948, 15.001688604000037 ], [ -91.67101612, 15.002053469000032 ], [ -91.669411276999938, 15.008736418000069 ], [ -91.665761389999943, 15.02796941400004 ], [ -91.664327364999963, 15.02721753000003 ], [ -91.663748726999984, 15.026791555000045 ], [ -91.662864773999956, 15.02573443600005 ], [ -91.660641614999975, 15.022989295000059 ], [ -91.659504537999965, 15.020117213000049 ], [ -91.656981601999973, 15.018665121000026 ], [ -91.655173546999947, 15.018158421000066 ], [ -91.651492098999938, 15.014316504000021 ], [ -91.648658137999973, 15.014002530000027 ], [ -91.648233849999897, 15.01436835100003 ], [ -91.647986552999953, 15.016165646000047 ], [ -91.64721289, 15.016905637000036 ], [ -91.641125189999968, 15.016106686000057 ], [ -91.638929754999936, 15.014551281000024 ], [ -91.638549256999966, 15.013598782000031 ], [ -91.63649720699999, 15.011896202000059 ], [ -91.634755844999972, 15.012438269000029 ], [ -91.632509535999986, 15.014416745000062 ], [ -91.63084487499998, 15.016417902000057 ], [ -91.62913038399995, 15.017660601000046 ], [ -91.623650174999966, 15.020854410000027 ], [ -91.622904004999953, 15.021915357000069 ], [ -91.621858558999975, 15.022057036000035 ], [ -91.618428460999951, 15.024231550000025 ], [ -91.61713524399994, 15.024213521000036 ] ] ] ] } },
{ "type": "Feature", "properties": { "Codigo": 202, "datos_finales_color_riesgo": "9AB5DC" }, "geometry": { "type": "MultiPolygon", "coordinates": [ [ [ [ -90.082220555999982, 14.911674927000035 ], [ -90.083984783999938, 14.91161614300006 ], [ -90.085821965999969, 14.911484895000058 ], [ -90.086440143999937, 14.91127037800004 ], [ -90.087105947999987, 14.910924385000044 ], [ -90.088489955999989, 14.90974538100005 ], [ -90.089897811999947, 14.908432332000075 ], [ -90.090518927999938, 14.908041732000072 ], [ -90.091093599999965, 14.907694565000043 ], [ -90.092329306999943, 14.907354669000028 ], [ -90.093104365999977, 14.907343067000056 ], [ -90.093650455999978, 14.907438057000036 ], [ -90.094217995999941, 14.907578475000037 ], [ -90.094873655999947, 14.907986428000072 ], [ -90.095323268999948, 14.908479817000057 ], [ -90.095814593999989, 14.909239028000059 ], [ -90.096011128999976, 14.909862414000031 ], [ -90.096205864999945, 14.910663014000022 ], [ -90.096333013999981, 14.911396153000055 ], [ -90.096601003999979, 14.911799182000038 ], [ -90.097006264999948, 14.912181377000024 ], [ -90.09795884, 14.912525358000039 ], [ -90.098756546999937, 14.912558055000034 ], [ -90.099440826999967, 14.912521576000074 ], [ -90.100103640999976, 14.912397897000062 ], [ -90.100699775999942, 14.912181932000067 ], [ -90.101317613999981, 14.911992204000057 ], [ -90.101798204999966, 14.911865082000077 ], [ -90.102483073999963, 14.91178457500007 ], [ -90.103463606999981, 14.911775543000033 ], [ -90.10419402499997, 14.911718184000051 ], [ -90.104788366999969, 14.911592495000036 ], [ -90.105476194999937, 14.911290751000024 ], [ -90.105970918999958, 14.911018171000023 ], [ -90.106442411999979, 14.910659499000076 ], [ -90.107174904999965, 14.910403467000037 ], [ -90.107860939999966, 14.91027893100005 ], [ -90.108520652999971, 14.910386612000025 ], [ -90.109338625999953, 14.910596765000037 ], [ -90.110087829999941, 14.910827496000024 ], [ -90.110998396999946, 14.910972205000064 ], [ -90.111680295999975, 14.911114027000053 ], [ -90.11222670699999, 14.911143504000052 ], [ -90.112957125999969, 14.911086116000035 ], [ -90.113667574999965, 14.910828657000025 ], [ -90.119318541999974, 14.907640700000059 ], [ -90.120583642999975, 14.906791873000032 ], [ -90.121045415999959, 14.906332569000028 ], [ -90.121393437999984, 14.905871832000059 ], [ -90.12169856, 14.90523218800007 ], [ -90.122277314999963, 14.904574532000026 ], [ -90.122879286999989, 14.903873139000041 ], [ -90.123709350999945, 14.903173482000057 ], [ -90.124811571999942, 14.902566424000042 ], [ -90.125588985999968, 14.902377496000042 ], [ -90.126478691999978, 14.902343509000048 ], [ -90.127367498999945, 14.902377244000036 ], [ -90.12873452599996, 14.902416973000072 ], [ -90.129350284999987, 14.902424696000026 ], [ -90.130058346999988, 14.902300360000027 ], [ -90.130495568999947, 14.902071025000055 ], [ -90.13089867399998, 14.901744174000044 ], [ -90.13146416, 14.901165350000042 ], [ -90.131789233999939, 14.900725754000064 ], [ -90.134380310999973, 14.896169106000059 ], [ -90.136422323999966, 14.893445702000065 ], [ -90.138460180999971, 14.891032678000045 ], [ -90.14098437399997, 14.888048810000043 ], [ -90.141424026999971, 14.887544017000039 ], [ -90.141839304999962, 14.887171004000038 ], [ -90.142323027999964, 14.88680110100006 ], [ -90.143078937999974, 14.886521519000041 ], [ -90.143719629999964, 14.886352264000038 ], [ -90.144633072999966, 14.886230434000026 ], [ -90.146114340999986, 14.886271468000075 ], [ -90.147868663999986, 14.886337339000022 ], [ -90.14971320799998, 14.886472058000038 ], [ -90.15057600099999, 14.886759380000058 ], [ -90.151484787999948, 14.886991951000027 ], [ -90.152074974999948, 14.887176534000048 ], [ -90.15264339, 14.887295362000032 ], [ -90.153488359999983, 14.887172648000046 ], [ -90.153776253999979, 14.886067597000022 ], [ -90.154073451999977, 14.884297713000024 ], [ -90.154406884999958, 14.883215806000067 ], [ -90.155080388999977, 14.882270207000033 ], [ -90.155794189999938, 14.881703303000052 ], [ -90.156436609999957, 14.881400813000027 ], [ -90.156938594999986, 14.881361882000022 ], [ -90.157551984999941, 14.881502706000049 ], [ -90.158275923999952, 14.881932781000046 ], [ -90.159561014999952, 14.883035891000077 ], [ -90.160733850999975, 14.883980681000025 ], [ -90.161455190999959, 14.884610541000029 ], [ -90.161906962999979, 14.884905149000076 ], [ -90.162383412999986, 14.88508829400007 ], [ -90.162951551999981, 14.885228546000064 ], [ -90.163634029999969, 14.885325053000031 ], [ -90.164363506999962, 14.885334081000053 ], [ -90.165026245999968, 14.885209064000037 ], [ -90.165462936999972, 14.884926584000027 ], [ -90.16631861799999, 14.884028355000055 ], [ -90.16733822499998, 14.882755076000024 ], [ -90.168658134999987, 14.881152457000042 ], [ -90.169052157999943, 14.880669614000055 ], [ -90.169490869999947, 14.880231350000031 ], [ -90.169973094999989, 14.879971999000077 ], [ -90.170523813999978, 14.879712362000078 ], [ -90.172052943999972, 14.87955398500003 ], [ -90.173078948999944, 14.879566640000064 ], [ -90.173829602999945, 14.87968653300004 ], [ -90.174511189999976, 14.879850735000048 ], [ -90.17548500099997, 14.880350448000058 ], [ -90.176186342999983, 14.880736164000041 ], [ -90.176692002999971, 14.880950122000058 ], [ -90.17773004299994, 14.881242890000067 ], [ -90.178799887999958, 14.881366701000047 ], [ -90.179460881999944, 14.881374836000077 ], [ -90.180076893999967, 14.881315806000032 ], [ -90.180604388999939, 14.881101016000059 ], [ -90.181041347999951, 14.88079592400004 ], [ -90.181687780999937, 14.880182939000065 ], [ -90.183361765999962, 14.877631716000053 ], [ -90.183778103999941, 14.87717056300005 ], [ -90.184652566999944, 14.876561498000058 ], [ -90.185202974999982, 14.876279239000041 ], [ -90.18621490299995, 14.875945063000074 ], [ -90.187474030999965, 14.875838583000075 ], [ -90.189400334999959, 14.876023646000021 ], [ -90.190921749999973, 14.876549203000025 ], [ -90.192417626999941, 14.877209917000073 ], [ -90.193323281999938, 14.877687274000039 ], [ -90.19391234699998, 14.877960923000046 ], [ -90.194617752999989, 14.878080198000077 ], [ -90.195415413999967, 14.878067376000047 ], [ -90.197103561999938, 14.877999961000057 ], [ -90.197856820999959, 14.877919980000058 ], [ -90.199206017999984, 14.877581964000058 ], [ -90.200257818999944, 14.87735095000005 ], [ -90.201537104999943, 14.877122708000059 ], [ -90.202267727999981, 14.877042435000021 ], [ -90.202814105999948, 14.877071681000075 ], [ -90.203586848999976, 14.877280939000059 ], [ -90.20465356699998, 14.877648449000048 ], [ -90.205492786999969, 14.877969153000038 ], [ -90.206422264999958, 14.878357564000055 ], [ -90.207515349999937, 14.878436364000038 ], [ -90.20879208499997, 14.87845191200006 ], [ -90.209658511999976, 14.878418427000042 ], [ -90.210683687999961, 14.87849751400006 ], [ -90.211614327999939, 14.878796730000033 ], [ -90.21227104899998, 14.879137770000057 ], [ -90.213087093999945, 14.879502198000068 ], [ -90.213858423999966, 14.879778016000046 ], [ -90.214381920999983, 14.879872440000042 ], [ -90.215133752999975, 14.879904156000066 ], [ -90.215999912999962, 14.879892096000049 ], [ -90.216548594999949, 14.879788118000022 ], [ -90.21755712099997, 14.879356664000056 ], [ -90.218381415999943, 14.87907877300006 ], [ -90.219182785999976, 14.878778020000027 ], [ -90.220369841999968, 14.87868177200005 ], [ -90.220915103999971, 14.878799026000024 ], [ -90.222770042999969, 14.879941479000024 ], [ -90.223379961999967, 14.880358695000041 ], [ -90.224029123999969, 14.880657842000062 ], [ -90.22496911199994, 14.880909701000064 ], [ -90.22571981699997, 14.881030561000046 ], [ -90.226312353999958, 14.881037732000038 ], [ -90.226883961999988, 14.880911424000033 ], [ -90.227666667999983, 14.880299937000075 ], [ -90.227767987999982, 14.879502954000031 ], [ -90.227572477999956, 14.878768990000026 ], [ -90.227239718999954, 14.878055948000053 ], [ -90.226725871999975, 14.877206363000028 ], [ -90.226461034999943, 14.876538174000075 ], [ -90.226448881999943, 14.875718366000058 ], [ -90.226977747999968, 14.875347673000022 ], [ -90.227685156999939, 14.875312197000028 ], [ -90.228391153999951, 14.875342182000054 ], [ -90.229346718999977, 14.875509534000059 ], [ -90.230096008999965, 14.875739873000043 ], [ -90.231004044999963, 14.876038737000044 ], [ -90.232001498999978, 14.876471904000027 ], [ -90.232950270999936, 14.877126893000025 ], [ -90.233630260999973, 14.877467029000059 ], [ -90.234904453999945, 14.877638206000029 ], [ -90.235976058999938, 14.877628546000039 ], [ -90.236775157999944, 14.877550115000076 ], [ -90.237643292999962, 14.877383321000025 ], [ -90.238444659999971, 14.877126525000051 ], [ -90.239864570999941, 14.876611857000057 ], [ -90.241125740999962, 14.87602752500004 ], [ -90.241722492999941, 14.875702770000032 ], [ -90.242341339999939, 14.875466346000053 ], [ -90.242957908999983, 14.875363117000063 ], [ -90.244636261999972, 14.875383290000059 ], [ -90.245191093999949, 14.875433988000054 ], [ -90.246345928999972, 14.876046243000076 ], [ -90.247206195999979, 14.876544311000032 ], [ -90.248046347999946, 14.876798268000073 ], [ -90.248591634999968, 14.876915456000063 ], [ -90.249637794999956, 14.877127847000054 ], [ -90.25073062599995, 14.877230146000045 ], [ -90.25223518599995, 14.877225601000077 ], [ -90.253875024999957, 14.877355894000061 ], [ -90.255174436999937, 14.87737145400007 ], [ -90.255856695999967, 14.877490265000063 ], [ -90.256446424999979, 14.877719743000057 ], [ -90.258305948999975, 14.878517634000048 ], [ -90.260503114999949, 14.879652615000055 ], [ -90.26203813099994, 14.880823700000064 ], [ -90.263459152999985, 14.882060031000037 ], [ -90.264048634999938, 14.882310940000025 ], [ -90.265274563999981, 14.882725253000046 ], [ -90.265797246999966, 14.882842133000054 ], [ -90.266639135999981, 14.882962820000046 ], [ -90.26727821299994, 14.882963668000059 ], [ -90.267827075999946, 14.882799725000041 ], [ -90.268287420999968, 14.882428112000071 ], [ -90.268865172999938, 14.881814023000061 ], [ -90.269675183999937, 14.88087076000005 ], [ -90.270949430999963, 14.879245432000062 ], [ -90.271436329999972, 14.878607670000065 ], [ -90.271896094999988, 14.878281203000029 ], [ -90.27276593, 14.878025098000023 ], [ -90.273335552999981, 14.878009290000023 ], [ -90.273972833999949, 14.878106065000054 ], [ -90.274903872999971, 14.878383588000077 ], [ -90.277596484999947, 14.880010925000022 ], [ -90.282987360999982, 14.88282526100005 ], [ -90.28486802599997, 14.883756439000024 ], [ -90.285367656999938, 14.883954297000059 ], [ -90.286003169999958, 14.884101826000062 ], [ -90.286573224999984, 14.884145835000027 ], [ -90.287143601999958, 14.884071296000059 ], [ -90.28810318, 14.883927971000048 ], [ -90.289200260999962, 14.883697071000029 ], [ -90.290473485999939, 14.883956006000062 ], [ -90.29092662499994, 14.884205240000028 ], [ -90.291424215999939, 14.884520485000053 ], [ -90.291988335999974, 14.88499345300005 ], [ -90.293054483999981, 14.885427188000051 ], [ -90.293826815999978, 14.885636155000043 ], [ -90.294393567999975, 14.885945436000043 ], [ -90.295075050999969, 14.886131872000021 ], [ -90.295919645999959, 14.885992804000068 ], [ -90.296493468999984, 14.885689082000056 ], [ -90.297227715999952, 14.885321763000036 ], [ -90.298667767999973, 14.885005668000076 ], [ -90.299352602999988, 14.88496970500006 ], [ -90.300309957999957, 14.884958404000031 ], [ -90.301512274999936, 14.885460322000029 ], [ -90.30246576899998, 14.885759461000077 ], [ -90.303217985999936, 14.885813478000046 ], [ -90.303812512999968, 14.885664659000042 ], [ -90.303882166999983, 14.886271792000059 ], [ -90.303517567999961, 14.88706914200003 ], [ -90.303289956999947, 14.887866975000065 ], [ -90.303315354999938, 14.888624882000045 ], [ -90.303571492999936, 14.889173237000023 ], [ -90.304207561999988, 14.889558961000034 ], [ -90.304867816999945, 14.889867061000075 ], [ -90.305445179999936, 14.890352581000059 ], [ -90.305939700999943, 14.891104714000051 ], [ -90.306681684999944, 14.892170251000039 ], [ -90.307179258999952, 14.892677408000054 ], [ -90.307575189999966, 14.893049013000052 ], [ -90.30810784, 14.893489965000072 ], [ -90.308719196999959, 14.893997329000058 ], [ -90.30929867499998, 14.894360924000068 ], [ -90.310082422999983, 14.894870313000069 ], [ -90.310571270999958, 14.895099610000045 ], [ -90.311176585999988, 14.895206076000022 ], [ -90.311988765999956, 14.895249482000054 ], [ -90.313084482999955, 14.895507348000024 ], [ -90.313764928999944, 14.896015512000076 ], [ -90.314521324999987, 14.896859903000063 ], [ -90.314962850999962, 14.89725461300003 ], [ -90.31538339299999, 14.897515844000054 ], [ -90.315986926999983, 14.897766800000056 ], [ -90.31667164299995, 14.897931765000067 ], [ -90.317678159999957, 14.897987593000039 ], [ -90.318545311999969, 14.898187434000022 ], [ -90.319470686999978, 14.898795552000024 ], [ -90.319602258999964, 14.899281470000062 ], [ -90.319649311999967, 14.900123187000077 ], [ -90.319424418999972, 14.900704292000057 ], [ -90.319057224999938, 14.901712779000036 ], [ -90.319025871999941, 14.902369539000063 ], [ -90.319415981999953, 14.90321414400006 ], [ -90.319799261999947, 14.903719943000056 ], [ -90.320420007999985, 14.904411437000022 ], [ -90.320763519999957, 14.904894189000061 ], [ -90.321067719999974, 14.905738916000075 ], [ -90.321045992999984, 14.906556119000072 ], [ -90.320875107999939, 14.907416739000041 ], [ -90.320691838999949, 14.907870744000036 ], [ -90.32041086199996, 14.908385703000022 ], [ -90.319651423999971, 14.90965718800004 ], [ -90.319250128999954, 14.910370586000056 ], [ -90.318972339999959, 14.91086186900003 ], [ -90.318288219999943, 14.912050678000071 ], [ -90.317498246999946, 14.913347762000058 ], [ -90.304078951999941, 14.92328051800007 ], [ -90.302373725999985, 14.923935588000063 ], [ -90.298374599999988, 14.927004584000031 ], [ -90.297583162999956, 14.927197331000059 ], [ -90.293978042999981, 14.930227984000055 ], [ -90.288839383999971, 14.933448119000047 ], [ -90.282764886999985, 14.938032168000063 ], [ -90.262322241999982, 14.952164067000069 ], [ -90.246067555999957, 14.964178851000042 ], [ -90.242575829999964, 14.966141793000077 ], [ -90.23065493699994, 14.974608257000057 ], [ -90.230050293999966, 14.975747979000062 ], [ -90.229186512999945, 14.975770220000072 ], [ -90.218968318999941, 14.982671494000044 ], [ -90.197627150999949, 15.002212204000045 ], [ -90.19424044699997, 15.004283903000044 ], [ -90.192942230999961, 15.005323475000068 ], [ -90.185162666999986, 15.010798789000035 ], [ -90.17198861199995, 15.020624316000067 ], [ -90.166602465999972, 15.024399043000074 ], [ -90.164808541999946, 15.025529318000054 ], [ -90.157823064999945, 15.030628394000075 ], [ -90.141659522999987, 15.042143809000038 ], [ -90.136272365999957, 15.045917619000022 ], [ -90.134675578999975, 15.047050089000038 ], [ -90.129283045999955, 15.051207456000043 ], [ -90.12628992499998, 15.05328288100003 ], [ -90.123296751999987, 15.055358256000034 ], [ -90.110721346999981, 15.064418099000022 ], [ -90.103535977999968, 15.069512519000057 ], [ -90.100739853999983, 15.071590038000068 ], [ -90.098940611999979, 15.073103420000052 ], [ -90.088760883999953, 15.080272154000056 ], [ -90.081576557999938, 15.085173800000064 ], [ -90.078580512999963, 15.087440301000072 ], [ -90.074587942999983, 15.090269595000052 ], [ -90.055118043999983, 15.104327460000036 ], [ -90.053960586999949, 15.105096930000059 ], [ -90.052494837999973, 15.104252643000052 ], [ -90.050584216999937, 15.103650894000054 ], [ -90.048354094999979, 15.103090112000075 ], [ -90.046080608999944, 15.102305235000074 ], [ -90.044043115999955, 15.102058488000068 ], [ -90.041573994999965, 15.101181835000034 ], [ -90.037209927999982, 15.098330855000029 ], [ -90.034238861999938, 15.096749943000077 ], [ -90.027033205999942, 15.095268042000043 ], [ -90.023542931999941, 15.093061594000062 ], [ -90.020033205999937, 15.090547809000043 ], [ -90.017095440999981, 15.087599028000056 ], [ -90.015741483999989, 15.085468046000074 ], [ -90.014881141999979, 15.083848149000062 ], [ -90.01428860599998, 15.080564528000025 ], [ -90.014371137999944, 15.07839830000006 ], [ -90.015101146999939, 15.075205484000037 ], [ -90.015734470999973, 15.073694449000072 ], [ -90.015951400999938, 15.073175794000065 ], [ -90.017217763999952, 15.071754363000025 ], [ -90.019017261999977, 15.070088210000051 ], [ -90.021770482999955, 15.068548588000056 ], [ -90.02453269199998, 15.066986463000035 ], [ -90.030271195999944, 15.064751027000057 ], [ -90.034155082999973, 15.062255243000038 ], [ -90.03878737399998, 15.059984760000077 ], [ -90.042188763999945, 15.058430727000029 ], [ -90.045409028999984, 15.056698176000054 ], [ -90.049726893999946, 15.054890670000077 ], [ -90.053494632999957, 15.05325315500005 ], [ -90.056409624999958, 15.052295359000027 ], [ -90.061274798999989, 15.051141538000024 ], [ -90.067663583999945, 15.047346578000031 ], [ -90.071261418999939, 15.045629763000022 ], [ -90.074342041999955, 15.042738964000023 ], [ -90.075816522999958, 15.037089920000028 ], [ -90.077106759999936, 15.029184129000043 ], [ -90.077463206999937, 15.023651608000023 ], [ -90.078052010999954, 15.020543497000062 ], [ -90.077687835999939, 15.007144756000059 ], [ -90.077308776999985, 14.995089177000068 ], [ -90.077590758999975, 14.988865935000035 ], [ -90.076502440999946, 14.984688683000059 ], [ -90.075747982999985, 14.97906060400004 ], [ -90.075676053999985, 14.968236052000066 ], [ -90.076595582999971, 14.962084193000067 ], [ -90.077992248999976, 14.957132780000052 ], [ -90.079739623999956, 14.953887052000027 ], [ -90.081650262999972, 14.950756280000064 ], [ -90.084338222999975, 14.945347166000033 ], [ -90.086069375999955, 14.942641885000057 ], [ -90.087181640999972, 14.941742808000072 ], [ -90.088804213999936, 14.938129613000058 ], [ -90.090745538999954, 14.933431080000048 ], [ -90.091196040999989, 14.929377330000023 ], [ -90.089753298999938, 14.925209170000073 ], [ -90.089083971999969, 14.924649749000025 ], [ -90.087931870999967, 14.921361305000062 ], [ -90.087268494999989, 14.920706001000042 ], [ -90.086855801999945, 14.91919593800003 ], [ -90.084970520999946, 14.916086672000063 ], [ -90.084386020999943, 14.915696528000069 ], [ -90.082649415999981, 14.913188585000057 ], [ -90.082220555999982, 14.911674927000035 ] ] ] ] } },
{ "type": "Feature", "properties": { "Codigo": 1412, "datos_finales_color_riesgo": "9AB5DC" }, "geometry": { "type": "MultiPolygon", "coordinates": [ [ [ [ -90.660269957999958, 14.968508539000027 ], [ -90.661095644999989, 14.967838277000055 ], [ -90.661887928999988, 14.967194775000053 ], [ -90.662819582999987, 14.966178885000033 ], [ -90.66355185499998, 14.964265384000043 ], [ -90.667170036999948, 14.961030716000039 ], [ -90.669369697999969, 14.957800692000035 ], [ -90.670974529999967, 14.954947415000049 ], [ -90.671589930999971, 14.952657738000028 ], [ -90.671987223999963, 14.952278943000067 ], [ -90.672672630999955, 14.949958352000067 ], [ -90.67346796399994, 14.948860827000033 ], [ -90.674764621999941, 14.942792505000057 ], [ -90.678442645999951, 14.937613449000025 ], [ -90.679643771999963, 14.935712530000046 ], [ -90.680728509999938, 14.934156003000055 ], [ -90.681252459999939, 14.930682914000045 ], [ -90.682017139999971, 14.929020355000034 ], [ -90.684463871999981, 14.926577510000072 ], [ -90.685858930999984, 14.924993595000046 ], [ -90.687073054999985, 14.923438333000036 ], [ -90.688052502999938, 14.922212719000072 ], [ -90.69024527, 14.919556035000028 ], [ -90.691128624999976, 14.918189392000045 ], [ -90.692162377999978, 14.91399182400005 ], [ -90.692508898999961, 14.909432695000078 ], [ -90.693612082999948, 14.909173897000073 ], [ -90.694230525999956, 14.90841103300005 ], [ -90.694713442999955, 14.907614047000038 ], [ -90.695159410999963, 14.90712387800005 ], [ -90.69571625399999, 14.906855047000022 ], [ -90.696427293999989, 14.906939 ], [ -90.696929158999978, 14.907525673000066 ], [ -90.697285510999961, 14.908035215000041 ], [ -90.697852375999958, 14.90895344300003 ], [ -90.69829944199995, 14.909397264000063 ], [ -90.69889632099995, 14.909623491000048 ], [ -90.699611810999954, 14.909289615000034 ], [ -90.69985653699996, 14.908555728000067 ], [ -90.700087891999942, 14.908096142000034 ], [ -90.700984877999986, 14.907677120000074 ], [ -90.701548899999977, 14.90777087500004 ], [ -90.702426577999972, 14.908130921000065 ], [ -90.703191149999952, 14.908533873000067 ], [ -90.703867987999956, 14.908612945000073 ], [ -90.70546150499996, 14.908606336000048 ], [ -90.706659126999966, 14.908640927000022 ], [ -90.707304222999937, 14.90859204800006 ], [ -90.708016902999987, 14.908522389000041 ], [ -90.708862402999955, 14.908358060000069 ], [ -90.709466540999983, 14.908777459000078 ], [ -90.710077505999948, 14.909210474000076 ], [ -90.71060493799996, 14.909580538000057 ], [ -90.711534891999975, 14.91032619200007 ], [ -90.712747165999986, 14.91111870900005 ], [ -90.713441590999935, 14.911733253000023 ], [ -90.713837943999977, 14.912693795000052 ], [ -90.714033048999966, 14.913464849000036 ], [ -90.71452940599994, 14.91463419300004 ], [ -90.714941910999983, 14.915165733000038 ], [ -90.715368343999955, 14.915478313000051 ], [ -90.71606613099999, 14.915721319000056 ], [ -90.71682402, 14.915662249000036 ], [ -90.717574282999976, 14.915280099000029 ], [ -90.718323558999941, 14.91493633500005 ], [ -90.71908179199994, 14.914844511000069 ], [ -90.719657579999989, 14.914927047000049 ], [ -90.720411050999985, 14.915286922000064 ], [ -90.721018093999987, 14.915600160000054 ], [ -90.722031368999978, 14.915940032000037 ], [ -90.722846154999957, 14.915827298000067 ], [ -90.723413803999961, 14.915579966000053 ], [ -90.724094908999973, 14.915312301000029 ], [ -90.725230548999946, 14.914784879000024 ], [ -90.725889930999983, 14.914428902000054 ], [ -90.72674584899994, 14.914711847000035 ], [ -90.727135966999981, 14.915221688000031 ], [ -90.727448396999989, 14.91560878100006 ], [ -90.728112467999949, 14.915857066000058 ], [ -90.728656304999959, 14.915775502000031 ], [ -90.729632031999984, 14.915378607000036 ], [ -90.730143125999973, 14.915152154000054 ], [ -90.730813651999938, 14.914784978000057 ], [ -90.731347959999937, 14.914504541000042 ], [ -90.732379196999943, 14.914240320000033 ], [ -90.733815288999949, 14.914189045000057 ], [ -90.734774104999985, 14.914352134000069 ], [ -90.735459101999936, 14.91476549600003 ], [ -90.736076387999958, 14.915156727000067 ], [ -90.736638746999972, 14.915414145000057 ], [ -90.737134303999937, 14.915617819000033 ], [ -90.737991970999985, 14.915735851000022 ], [ -90.739032413999951, 14.915646750000064 ], [ -90.739553617999945, 14.915563807000069 ], [ -90.74075176599996, 14.915498841000044 ], [ -90.741452638999988, 14.91550576000003 ], [ -90.741960848999952, 14.915554824000026 ], [ -90.742479290999938, 14.915680786000053 ], [ -90.743245464999973, 14.915941328000031 ], [ -90.744155674999945, 14.916423522000059 ], [ -90.744850947999964, 14.91696797000003 ], [ -90.745647252999959, 14.917514539000024 ], [ -90.746614040999987, 14.918030036000062 ], [ -90.747424142999989, 14.918367799000066 ], [ -90.748254731999964, 14.918913571000076 ], [ -90.748802979999937, 14.919468984000048 ], [ -90.749717865999969, 14.92062093800007 ], [ -90.752443118999963, 14.923714061000055 ], [ -90.753160321999985, 14.924443925000048 ], [ -90.75362120599999, 14.924634806000029 ], [ -90.75450961699994, 14.924929270000064 ], [ -90.755376655999953, 14.925156887000071 ], [ -90.756456946999947, 14.925485981000065 ], [ -90.757696115999977, 14.925783875000036 ], [ -90.758992743999954, 14.925917433000052 ], [ -90.759975060999977, 14.925894305000043 ], [ -90.760653991999959, 14.925724768000066 ], [ -90.761461059999988, 14.925239118000036 ], [ -90.762064075999945, 14.924772929000028 ], [ -90.762664927999936, 14.92451565600004 ], [ -90.76334101499998, 14.924620530000027 ], [ -90.764332779999961, 14.924806416000024 ], [ -90.765404331999946, 14.924915147000036 ], [ -90.766113753999946, 14.925054221000039 ], [ -90.766966026999967, 14.925588850000054 ], [ -90.767492259999983, 14.926033330000053 ], [ -90.76800665899998, 14.926499153000066 ], [ -90.768980031999945, 14.927343286000053 ], [ -90.769744569999943, 14.927657947000057 ], [ -90.770331337999949, 14.927696424000032 ], [ -90.771242909999955, 14.927776463000043 ], [ -90.77137510099999, 14.927009750000025 ], [ -90.771856682999953, 14.926322112000037 ], [ -90.77273612099998, 14.925462160000052 ], [ -90.773179487999982, 14.925213489000043 ], [ -90.773645604999956, 14.924954873000047 ], [ -90.774258874999987, 14.924675101000048 ], [ -90.774894337999967, 14.924439592000056 ], [ -90.77583468399996, 14.924205914000026 ], [ -90.776854791999938, 14.923952679000024 ], [ -90.777524293999988, 14.923738951000075 ], [ -90.778057545999957, 14.923502436000035 ], [ -90.778933214999938, 14.923006092000037 ], [ -90.77973181499999, 14.922266168000021 ], [ -90.77993023199997, 14.92166385400003 ], [ -90.780096078999975, 14.920896329000072 ], [ -90.780418426999972, 14.920327971000063 ], [ -90.780895932999954, 14.920089778000033 ], [ -90.781619797999952, 14.920009834000041 ], [ -90.78250389599998, 14.919765416000075 ], [ -90.783107577999942, 14.919342088000064 ], [ -90.783641369999941, 14.919051350000075 ], [ -90.784209111999985, 14.918847906000053 ], [ -90.784774468999956, 14.918820630000027 ], [ -90.785384783999973, 14.918826540000055 ], [ -90.785971896999968, 14.918886433000068 ], [ -90.786660170999937, 14.918992484000057 ], [ -90.787460430999943, 14.919165121000049 ], [ -90.788418237999963, 14.919492881000053 ], [ -90.789227195999956, 14.919951344000026 ], [ -90.789945014999944, 14.920463133000055 ], [ -90.790471639999964, 14.920930157000043 ], [ -90.791057067999986, 14.921156051000025 ], [ -90.791621761999977, 14.921194258000071 ], [ -90.793508847999988, 14.921233929000039 ], [ -90.794310593999967, 14.921319591000042 ], [ -90.794973217999939, 14.921721280000042 ], [ -90.796362844999976, 14.922933001000047 ], [ -90.797027942999989, 14.923093012000038 ], [ -90.797966359999975, 14.923046705000047 ], [ -90.798648110999977, 14.922712180000076 ], [ -90.79941106299998, 14.922159325000052 ], [ -90.799954001999936, 14.92211033500007 ], [ -90.800755607999974, 14.92221065800004 ], [ -90.801353761999962, 14.922271751000039 ], [ -90.801849291999986, 14.922430118000023 ], [ -90.80276116899995, 14.92282401600005 ], [ -90.803526108999961, 14.923161160000063 ], [ -90.804270220999967, 14.923376123000025 ], [ -90.804923702999986, 14.923537127000031 ], [ -90.805544760999965, 14.923631183000055 ], [ -90.806346319999989, 14.923737136000057 ], [ -90.807193259999963, 14.923778012000071 ], [ -90.807713221999961, 14.923761538000065 ], [ -90.808540327999935, 14.923581978000072 ], [ -90.809132685999941, 14.923126842000045 ], [ -90.80954266599997, 14.922845021000057 ], [ -90.810338056999967, 14.922413284000072 ], [ -90.81130918599996, 14.92252084200004 ], [ -90.811576152999976, 14.92294128900005 ], [ -90.811761696999952, 14.92360265800005 ], [ -90.812116575999937, 14.924231766000048 ], [ -90.812801244999946, 14.924755599000036 ], [ -90.813527195999939, 14.924471144000051 ], [ -90.81416552, 14.923949798000024 ], [ -90.814800950999938, 14.92371416900005 ], [ -90.815421880999963, 14.923764150000068 ], [ -90.816028674999984, 14.924121201000048 ], [ -90.816534836999949, 14.924379032000047 ], [ -90.817526716999964, 14.924618905000045 ], [ -90.818532230999949, 14.924716596000053 ], [ -90.819436401999951, 14.924669877000042 ], [ -90.820014385999968, 14.924544372000071 ], [ -90.820720310999945, 14.924056402000076 ], [ -90.821345342999962, 14.923699806000059 ], [ -90.822000438999964, 14.923760259000062 ], [ -90.822545896999941, 14.924557195000034 ], [ -90.822835208999948, 14.925010601000054 ], [ -90.823260299999959, 14.925476592000052 ], [ -90.823810565999963, 14.925854548000075 ], [ -90.824487226999963, 14.925966026000026 ], [ -90.825562548999983, 14.925822648000064 ], [ -90.826344803999973, 14.925598548000039 ], [ -90.827100967999968, 14.925716420000072 ], [ -90.827585725999938, 14.925852044000067 ], [ -90.828126249999968, 14.926044666000053 ], [ -90.828712297999971, 14.926215134000074 ], [ -90.829625338999961, 14.926442915000052 ], [ -90.830934876999947, 14.926631536000059 ], [ -90.832346351999945, 14.926733019000039 ], [ -90.83398454099995, 14.926814050000075 ], [ -90.835148926999977, 14.926825077000046 ], [ -90.835714585999938, 14.926770572000066 ], [ -90.836576531999981, 14.926476034000075 ], [ -90.837279348999971, 14.926296323000031 ], [ -90.837800432999984, 14.926169104000053 ], [ -90.838977610999962, 14.926004036000052 ], [ -90.840039672999978, 14.926025366000033 ], [ -90.840683740999964, 14.926086792000035 ], [ -90.841213883999956, 14.926157308000029 ], [ -90.841969965999965, 14.926285295000071 ], [ -90.84261283, 14.926467557000024 ], [ -90.843537142999935, 14.926673932000028 ], [ -90.844169387999955, 14.926756699000066 ], [ -90.84499484, 14.92674302000006 ], [ -90.845775329999981, 14.92669502900003 ], [ -90.846736208999971, 14.926671328000054 ], [ -90.848079244999951, 14.926881627000057 ], [ -90.848049154999956, 14.927629049000075 ], [ -90.847909139999956, 14.928099846000066 ], [ -90.848184490999984, 14.928794802000027 ], [ -90.848875370999963, 14.928647696000041 ], [ -90.84962404099997, 14.928413032000037 ], [ -90.850404426999944, 14.928376322000076 ], [ -90.850980206999964, 14.928414490000023 ], [ -90.851913641999943, 14.928873918000022 ], [ -90.852271847999987, 14.929239842000072 ], [ -90.853690884999935, 14.930923654000026 ], [ -90.854296563999981, 14.931402585000058 ], [ -90.855051912999954, 14.931607331000066 ], [ -90.85565057599996, 14.931623114000047 ], [ -90.856385127999943, 14.931641299000034 ], [ -90.857661899999982, 14.931686022000065 ], [ -90.85873550499997, 14.931718672000045 ], [ -90.859287817999984, 14.931898912000065 ], [ -90.860029380999947, 14.932323761000077 ], [ -90.860841287999961, 14.932507558000054 ], [ -90.86139512799997, 14.932534200000077 ], [ -90.862401226999964, 14.932522152000047 ], [ -90.863035133999972, 14.932439980000026 ], [ -90.863533575999952, 14.932312492000051 ], [ -90.864010484999937, 14.932130585000039 ], [ -90.864862062999975, 14.931709341000044 ], [ -90.865711171999976, 14.931596416000048 ], [ -90.866388958999948, 14.931658087000073 ], [ -90.866963663999968, 14.931806894000033 ], [ -90.867548367999973, 14.932119569000065 ], [ -90.868235353999978, 14.932367683000052 ], [ -90.868834060999973, 14.932438777000073 ], [ -90.869351676999941, 14.932663849000051 ], [ -90.869776968999986, 14.933063133000076 ], [ -90.870166876999974, 14.933693626000036 ], [ -90.870499835999965, 14.934268244000066 ], [ -90.870822887999964, 14.934787426000071 ], [ -90.871451925999963, 14.935199898000064 ], [ -90.87215017599999, 14.935426650000068 ], [ -90.873109850999981, 14.935589191000076 ], [ -90.874002506999943, 14.93559749700006 ], [ -90.87454538899999, 14.935558498000034 ], [ -90.875486800999965, 14.935215982000045 ], [ -90.876338843999974, 14.934805991000076 ], [ -90.876848903999985, 14.93467858200006 ], [ -90.877823712999941, 14.934424465000063 ], [ -90.878866650999953, 14.934093044000065 ], [ -90.879627320999987, 14.933760127000028 ], [ -90.880241062999971, 14.933424716000047 ], [ -90.881340910999938, 14.933093807000034 ], [ -90.881927470999983, 14.933220099000039 ], [ -90.882523551999952, 14.933501217000071 ], [ -90.883186730999967, 14.933869925000067 ], [ -90.884245682999961, 14.934275050000053 ], [ -90.88551991199995, 14.934583898000028 ], [ -90.886331971999937, 14.934756316000062 ], [ -90.887473259999979, 14.934821082000042 ], [ -90.887972229999946, 14.934639329000049 ], [ -90.888415403999943, 14.934401712000067 ], [ -90.889269998999964, 14.93372852400006 ], [ -90.890947012999959, 14.932106242000032 ], [ -90.891916349999974, 14.931279360000076 ], [ -90.892723113999978, 14.93080337300006 ], [ -90.893177780999963, 14.930577147000065 ], [ -90.893698651999955, 14.930471257000022 ], [ -90.89429864799996, 14.930411273000061 ], [ -90.89489731399999, 14.930428082000049 ], [ -90.895586162999962, 14.930488640000021 ], [ -90.896737493999979, 14.930653977000077 ], [ -90.897414243999947, 14.930823979000024 ], [ -90.89814784899994, 14.930941415000063 ], [ -90.898745771999984, 14.931035013000042 ], [ -90.899321954999948, 14.931094524000059 ], [ -90.899819419999972, 14.93106633900004 ], [ -90.90029620699994, 14.93089451700007 ], [ -90.900922221999963, 14.930428137000035 ], [ -90.901587025999959, 14.929794945000026 ], [ -90.902741102999983, 14.929378584000062 ], [ -90.903577098999961, 14.929419007000035 ], [ -90.90466059299996, 14.929572386000075 ], [ -90.905263683999976, 14.929192752000063 ], [ -90.905608284999971, 14.928635675000066 ], [ -90.906176777999974, 14.928289609000046 ], [ -90.907435935999956, 14.927816579000023 ], [ -90.908106910999948, 14.927383344000077 ], [ -90.909119499999974, 14.926700220000043 ], [ -90.909882555999957, 14.926114204000044 ], [ -90.910294563999969, 14.925611953000043 ], [ -90.91084548799995, 14.924738231000049 ], [ -90.911428875999945, 14.924051173000066 ], [ -90.912290264999967, 14.923806029000048 ], [ -90.913136429999952, 14.923934609000071 ], [ -90.91382314699996, 14.924215344000061 ], [ -90.914476073999936, 14.924507064000068 ], [ -90.915568212999972, 14.924967696000067 ], [ -90.916416020999975, 14.924986715000045 ], [ -90.916804141999989, 14.924550874000033 ], [ -90.917074278999962, 14.923519832000068 ], [ -90.917148689999976, 14.922849581000037 ], [ -90.917245377999961, 14.922158073000048 ], [ -90.917559959999949, 14.92121553800007 ], [ -90.917767562999984, 14.920766755000045 ], [ -90.918238092999957, 14.92003459600005 ], [ -90.918714678999947, 14.919819808000057 ], [ -90.919471979999969, 14.919826697000076 ], [ -90.920215393999968, 14.920130519000054 ], [ -90.921023222999963, 14.92074215100007 ], [ -90.921965585999942, 14.921497321000061 ], [ -90.922662389999971, 14.921877519000077 ], [ -90.923536215999945, 14.921545470000069 ], [ -90.92409416299995, 14.921143909000023 ], [ -90.924559877999968, 14.920851073000051 ], [ -90.925070421999976, 14.920668204000037 ], [ -90.925693668999941, 14.920542834000059 ], [ -90.926904811999975, 14.920344852000028 ], [ -90.927402047999976, 14.920338065000067 ], [ -90.927910056999963, 14.920419473000038 ], [ -90.928766465999956, 14.920691536000049 ], [ -90.929635350999945, 14.92087447800003 ], [ -90.930357975999982, 14.920925067000042 ], [ -90.931613311999968, 14.920903665000026 ], [ -90.932402754999941, 14.920769614000051 ], [ -90.932455697999956, 14.921428602000049 ], [ -90.932844794999937, 14.922101922000024 ], [ -90.933337254999969, 14.922656448000055 ], [ -90.933986694999987, 14.923255315000063 ], [ -90.934559933999935, 14.923623067000051 ], [ -90.935257612999976, 14.923915135000072 ], [ -90.935777143999985, 14.924007928000037 ], [ -90.936318850999953, 14.924089626000068 ], [ -90.937244919999955, 14.924186083000052 ], [ -90.938894269999935, 14.924266464000027 ], [ -90.94021700199994, 14.924245625000026 ], [ -90.940979631999937, 14.924244585000054 ], [ -90.942150020999975, 14.924241565000045 ], [ -90.942928430999984, 14.924413478000076 ], [ -90.943455134999965, 14.924912948000042 ], [ -90.943899557999941, 14.925697446000072 ], [ -90.944541666999953, 14.92591105200006 ], [ -90.94526614199998, 14.925830589000043 ], [ -90.945810790999985, 14.925603930000023 ], [ -90.94700482799999, 14.924823984000056 ], [ -90.949851110999987, 14.922716964000074 ], [ -90.950600986999973, 14.922284299000069 ], [ -90.951404554999954, 14.922192098000039 ], [ -90.952057231999959, 14.922516471000051 ], [ -90.953314678999959, 14.923440387000028 ], [ -90.95376256899999, 14.923862322000048 ], [ -90.954302524999946, 14.92413033400004 ], [ -90.954991384999971, 14.924191842000027 ], [ -90.955872172999989, 14.924287819000028 ], [ -90.956900530999974, 14.92431847000006 ], [ -90.957769976999941, 14.924447096000051 ], [ -90.958875445999979, 14.92467722300006 ], [ -90.959709596999971, 14.924915092000049 ], [ -90.960690583999963, 14.925165563000064 ], [ -90.961751861999971, 14.925339936000057 ], [ -90.962833444999944, 14.925701989000061 ], [ -90.963440435999985, 14.926069979000033 ], [ -90.964035611999975, 14.926459320000049 ], [ -90.964483493999978, 14.926946749000024 ], [ -90.96521381299999, 14.928591082000025 ], [ -90.965839531999961, 14.929377161000048 ], [ -90.966311830999985, 14.929678429000035 ], [ -90.96740086899996, 14.930424575000075 ], [ -90.968817313999978, 14.931315946000041 ], [ -90.969940224999959, 14.932106433000058 ], [ -90.970850928999937, 14.93260925800007 ], [ -90.971449081999936, 14.932746725000072 ], [ -90.972464220999939, 14.932953401000077 ], [ -90.972729682999955, 14.933571357000062 ], [ -90.973022305999962, 14.934947476000048 ], [ -90.973651166999957, 14.935403739000037 ], [ -90.974214540999981, 14.935596238000073 ], [ -90.975106335999953, 14.935702410000033 ], [ -90.976022316999945, 14.935645012000066 ], [ -90.976747250999949, 14.935519273000068 ], [ -90.978161815999954, 14.93537817400005 ], [ -90.980117638999957, 14.935372876000031 ], [ -90.984581304999949, 14.935528626000064 ], [ -90.985486872999957, 14.935404454000036 ], [ -90.987847446999979, 14.934414300000071 ], [ -90.988787822999939, 14.93416955500004 ], [ -90.989398566999967, 14.934142173000055 ], [ -90.990308934999973, 14.934687846000031 ], [ -90.990338190999978, 14.935226899000043 ], [ -90.99068695599999, 14.936637388000065 ], [ -90.991524268999967, 14.936545350000074 ], [ -90.992328737999969, 14.936299397000028 ], [ -90.993199078999965, 14.936340930000028 ], [ -90.993885257999978, 14.93669824400007 ], [ -90.99430100699999, 14.93696508000005 ], [ -90.995031361999963, 14.937444774000028 ], [ -90.995526758999972, 14.937767654000027 ], [ -90.996315710999966, 14.938005003000058 ], [ -90.997005354999942, 14.93798958800005 ], [ -90.998362003999944, 14.937957421000021 ], [ -90.999027359999957, 14.938055872000064 ], [ -90.999339857999985, 14.937367318000042 ], [ -90.999697733999938, 14.936545874000046 ], [ -91.000165916999947, 14.936043928000061 ], [ -91.000700112999937, 14.935752659000059 ], [ -91.001403509999989, 14.935505788000057 ], [ -91.00171484699996, 14.934816090000027 ], [ -91.001870997999958, 14.933822313000064 ], [ -91.002284804999988, 14.933106401000032 ], [ -91.00301107699994, 14.93277161900005 ], [ -91.003520177999974, 14.932743310000035 ], [ -91.004106849999971, 14.932869295000046 ], [ -91.005042641999978, 14.93311919100006 ], [ -91.005675734999954, 14.933124715000076 ], [ -91.006162748999941, 14.93303521100006 ], [ -91.007093538999982, 14.932631036000032 ], [ -91.007797523999955, 14.932318637000037 ], [ -91.008599231999938, 14.932369675000075 ], [ -91.009434800999941, 14.932465058000048 ], [ -91.010181860999978, 14.93239475300004 ], [ -91.010804856999982, 14.932235257000059 ], [ -91.011326592999978, 14.932096342000023 ], [ -91.011870593999959, 14.931936158000042 ], [ -91.012868032999961, 14.931610478000039 ], [ -91.01485200799999, 14.931132964000028 ], [ -91.014324035999948, 14.932709774000045 ], [ -91.016246637999984, 14.934742748000076 ], [ -91.01778815199998, 14.936276522000071 ], [ -91.020257000999948, 14.940447965000033 ], [ -91.022005220999972, 14.94295042400006 ], [ -91.023085495999965, 14.945636860000036 ], [ -91.023786563999977, 14.95154720000005 ], [ -91.023350623999988, 14.957218391000026 ], [ -91.022754578999979, 14.957789311000056 ], [ -91.021428950999962, 14.962847332000024 ], [ -91.020932613999946, 14.963502695000045 ], [ -91.020837351999944, 14.964830243000051 ], [ -91.019225244999973, 14.967038111000022 ], [ -91.015729657999941, 14.971322670000063 ], [ -91.014454228999966, 14.972163260000059 ], [ -91.011283244999959, 14.974432031000049 ], [ -91.009496662999936, 14.976074637000067 ], [ -91.005477247999977, 14.978100953000023 ], [ -91.002429020999955, 14.979455709000035 ], [ -90.992035564999981, 14.982772241000077 ], [ -90.989852072999952, 14.983904003000077 ], [ -90.987377877999961, 14.984247009000057 ], [ -90.985329500999967, 14.985464630000024 ], [ -90.984209610999983, 14.985558644000037 ], [ -90.981314643999951, 14.986904280000033 ], [ -90.976989763999939, 14.987819251000076 ], [ -90.975124347999952, 14.988848632000042 ], [ -90.972104141999978, 14.990219004000039 ], [ -90.969374331999973, 14.993198121000034 ], [ -90.967944814999953, 14.994758813000033 ], [ -90.966468033999945, 14.99750621000004 ], [ -90.965115452999953, 15.00216813000003 ], [ -90.964446713999962, 15.005294341000024 ], [ -90.964766661999988, 15.012557831000038 ], [ -90.96553520599997, 15.01521910200006 ], [ -90.968857532999948, 15.022007921000068 ], [ -90.969283595999968, 15.022855488000062 ], [ -90.969864624999957, 15.02421498800004 ], [ -90.970459453999979, 15.026574247000042 ], [ -90.970591929999955, 15.028543077000052 ], [ -90.97043275499999, 15.03087301000005 ], [ -90.970321945999956, 15.031836641000041 ], [ -90.969929642999944, 15.033377207000058 ], [ -90.969393261999983, 15.034482745000048 ], [ -90.968575945999987, 15.036411453000028 ], [ -90.965054846999976, 15.036350569000035 ], [ -90.962789266999948, 15.036751577000075 ], [ -90.960248425999964, 15.036886907000053 ], [ -90.949090878999982, 15.036077102000036 ], [ -90.944377633999977, 15.035623355000041 ], [ -90.941464759999974, 15.035652326000047 ], [ -90.936053525999966, 15.035270018000062 ], [ -90.927990233999935, 15.035175155000047 ], [ -90.924155084999938, 15.034850988000073 ], [ -90.919429347999937, 15.034381936000045 ], [ -90.914280689999941, 15.033006434000072 ], [ -90.911173782999981, 15.032559976000073 ], [ -90.910175185999947, 15.032347485000059 ], [ -90.909301452999955, 15.031904590000067 ], [ -90.904399485999988, 15.027596728000049 ], [ -90.901069529999972, 15.024359376000064 ], [ -90.897937665999962, 15.022265731000061 ], [ -90.895146222999983, 15.020720744000073 ], [ -90.892868689999943, 15.019687629000032 ], [ -90.890683052999975, 15.019003228000031 ], [ -90.888241449999953, 15.018646238000031 ], [ -90.885820390999982, 15.018623741000056 ], [ -90.883964736999985, 15.018657306000023 ], [ -90.880154469999979, 15.019684655000049 ], [ -90.869134267999982, 15.026225191000037 ], [ -90.866679036999983, 15.026536480000061 ], [ -90.86454435099995, 15.02657629600003 ], [ -90.862960486999953, 15.026036206000072 ], [ -90.860666795999975, 15.025706285000069 ], [ -90.854572225999959, 15.026492546000043 ], [ -90.853431668999974, 15.026367702000073 ], [ -90.852506244999972, 15.026055134000046 ], [ -90.848669930999961, 15.025079146000053 ], [ -90.845177688999968, 15.024446328000067 ], [ -90.842577454999969, 15.024444251000034 ], [ -90.840221256999939, 15.024732475000064 ], [ -90.838422456999979, 15.025062118000051 ], [ -90.837771506999957, 15.025308923000068 ], [ -90.837421113999937, 15.026060062000056 ], [ -90.83729195699999, 15.026825727000073 ], [ -90.836788220999949, 15.03587120800006 ], [ -90.836226307999937, 15.038060373000064 ], [ -90.835315864999984, 15.040004511000063 ], [ -90.833936051999956, 15.04204581700003 ], [ -90.832656933999942, 15.044298147000063 ], [ -90.829156850999937, 15.049237644000073 ], [ -90.828253027999949, 15.050516561000052 ], [ -90.82728039899996, 15.05181740200004 ], [ -90.826308213999937, 15.053073064000046 ], [ -90.823230339999952, 15.056237611000029 ], [ -90.81833063, 15.06298070500003 ], [ -90.811278611999967, 15.070622234000041 ], [ -90.808639381999967, 15.074038100000053 ], [ -90.80540853399998, 15.077781371000071 ], [ -90.800127079999982, 15.084123804000058 ], [ -90.796426789999941, 15.088439478000055 ], [ -90.794143709999958, 15.092723712000065 ], [ -90.792795809999973, 15.094864366000024 ], [ -90.791866135999953, 15.096409373000029 ], [ -90.790381152999942, 15.098592715000052 ], [ -90.789661663999937, 15.099650724000071 ], [ -90.78901280599996, 15.100510645000043 ], [ -90.788116056999968, 15.101845879000052 ], [ -90.786342460999947, 15.103546363000078 ], [ -90.781514634999951, 15.106445692000023 ], [ -90.776869444999988, 15.108205997000027 ], [ -90.776379215999953, 15.107669228000077 ], [ -90.775201171999981, 15.105922883000062 ], [ -90.770861753999952, 15.099048423000056 ], [ -90.769848511999953, 15.096667831000047 ], [ -90.766234070999985, 15.091974549000042 ], [ -90.759099434999939, 15.080403429000057 ], [ -90.757427782999969, 15.077370280000025 ], [ -90.755486881999957, 15.075077597000075 ], [ -90.744404625999948, 15.067189487000064 ], [ -90.735669317999964, 15.061048941000024 ], [ -90.730666558999985, 15.05725166700006 ], [ -90.72713762099994, 15.054334175000065 ], [ -90.72471926899999, 15.052673475000063 ], [ -90.712024908999979, 15.043612561000032 ], [ -90.709962311999959, 15.042342688000076 ], [ -90.70528818799994, 15.038762858000041 ], [ -90.704303735999986, 15.03807077700003 ], [ -90.702154822999944, 15.036461165000048 ], [ -90.699757170999987, 15.035130231000039 ], [ -90.697994138999945, 15.033574187000056 ], [ -90.693627207999953, 15.03026380600005 ], [ -90.683327283999972, 15.022467042000073 ], [ -90.679159284999969, 15.019930936000037 ], [ -90.67563170599999, 15.017012819000058 ], [ -90.668952525999941, 15.012105237000071 ], [ -90.667212998999958, 15.010777374000043 ], [ -90.6673433, 15.010173386000076 ], [ -90.666215144999967, 15.008829199000047 ], [ -90.663769624999986, 15.006715959000076 ], [ -90.661685757999976, 15.005006202000061 ], [ -90.661232953999956, 15.004601765000075 ], [ -90.660551385999952, 15.004239019000067 ], [ -90.659548538999957, 15.003984772000024 ], [ -90.658162526999945, 15.003707379000048 ], [ -90.65772599099995, 15.003410389000067 ], [ -90.657253926999942, 15.002695182000025 ], [ -90.656995116999951, 15.002188837000062 ], [ -90.656670968999947, 15.000961306000022 ], [ -90.656736949999981, 15.000130799000033 ], [ -90.656404247999944, 14.999262308000027 ], [ -90.655797500999938, 14.998379701000033 ], [ -90.655530560999978, 14.997767115000045 ], [ -90.655390050999983, 14.997067741000023 ], [ -90.655340644999967, 14.996324134000076 ], [ -90.655262865999987, 14.995092365000062 ], [ -90.655419636999966, 14.993287052000028 ], [ -90.655533974999969, 14.991963526000063 ], [ -90.65557653799999, 14.991469317000053 ], [ -90.655584743999952, 14.990716140000075 ], [ -90.655559170999936, 14.989917439000067 ], [ -90.655485781999971, 14.989295553000034 ], [ -90.655480183999941, 14.98879633100006 ], [ -90.655485620999968, 14.988297223000075 ], [ -90.655514064999977, 14.98776560400006 ], [ -90.65583174599999, 14.986865408000028 ], [ -90.656383696999967, 14.986482598000066 ], [ -90.657152318999977, 14.986046677000047 ], [ -90.65762745699999, 14.985408973000062 ], [ -90.658036687999981, 14.984581993000063 ], [ -90.658386451999945, 14.983774726000036 ], [ -90.658695419999958, 14.982658732000061 ], [ -90.658788105999975, 14.98198773200005 ], [ -90.658907996999972, 14.98089802800007 ], [ -90.658952270999976, 14.979978077000055 ], [ -90.658949557999961, 14.979212361000066 ], [ -90.65888855899999, 14.978518324000049 ], [ -90.658618196999953, 14.977152442000033 ], [ -90.658558462999963, 14.976342097000042 ], [ -90.658649942999944, 14.975300663000041 ], [ -90.658795228999963, 14.974492424000061 ], [ -90.658887130999972, 14.973999848000062 ], [ -90.658989235999968, 14.973316521000072 ], [ -90.659183921999954, 14.972345034000057 ], [ -90.659432114999959, 14.971527684000023 ], [ -90.659610793999946, 14.970853048000038 ], [ -90.659872778999954, 14.969834819000027 ], [ -90.660269957999958, 14.968508539000027 ] ] ] ] } },
{ "type": "Feature", "properties": { "Codigo": 2006, "datos_finales_color_riesgo": "9AB5DC" }, "geometry": { "type": "MultiPolygon", "coordinates": [ [ [ [ -89.364848244999962, 14.647364768000045 ], [ -89.371247065999967, 14.647926201000075 ], [ -89.37266499399999, 14.648796742000059 ], [ -89.372765845999936, 14.650377797000033 ], [ -89.372319972999946, 14.651557703000037 ], [ -89.36981342699994, 14.654301816000043 ], [ -89.364059385999951, 14.658612900000037 ], [ -89.36024182899996, 14.662383294000051 ], [ -89.35943414799999, 14.66308138900007 ], [ -89.35883695199999, 14.664085132000025 ], [ -89.358512231999953, 14.667145317000063 ], [ -89.359302324999987, 14.668246409000062 ], [ -89.361495075999983, 14.66827289500003 ], [ -89.362341438999977, 14.66761940300006 ], [ -89.364211373999979, 14.667159065000021 ], [ -89.366269595999938, 14.667858056000057 ], [ -89.367204527999945, 14.669384470000068 ], [ -89.368433481999944, 14.672370855000054 ], [ -89.36945030399994, 14.67279968400004 ], [ -89.37166452799994, 14.674865075000071 ], [ -89.375347767999983, 14.67640284600003 ], [ -89.379810086999953, 14.680109861000062 ], [ -89.382153678999941, 14.683022233000031 ], [ -89.383348697999963, 14.685586115000035 ], [ -89.383720580999977, 14.687426386000027 ], [ -89.383434641999941, 14.691770045000055 ], [ -89.381948504999968, 14.693544086000031 ], [ -89.381450059999963, 14.693969537000044 ], [ -89.380806459999974, 14.694270871000072 ], [ -89.380163334999963, 14.694472927000049 ], [ -89.378816705999952, 14.695199888000047 ], [ -89.377690940999969, 14.696730187000071 ], [ -89.377327803999947, 14.700157630000035 ], [ -89.375039614999935, 14.702133415000048 ], [ -89.37423772599999, 14.702226916000029 ], [ -89.37270564399995, 14.703405586000031 ], [ -89.37076035199999, 14.704267514000037 ], [ -89.36879477299999, 14.704323572000021 ], [ -89.368488543999945, 14.704722665000077 ], [ -89.366887244999987, 14.705808817000047 ], [ -89.365559859999962, 14.708411028000057 ], [ -89.364580165999939, 14.709160557000075 ], [ -89.36285365699996, 14.710804285000052 ], [ -89.363312708999956, 14.712653824000029 ], [ -89.364110604999951, 14.713747162000061 ], [ -89.366338750999944, 14.715792588000056 ], [ -89.367202910999936, 14.717050549000078 ], [ -89.368687769999951, 14.723102913000048 ], [ -89.367256585999939, 14.725665123000056 ], [ -89.365329140999961, 14.730676712000047 ], [ -89.362610042999961, 14.733058422000056 ], [ -89.358301118999975, 14.737871088000077 ], [ -89.356002777999947, 14.740037063000045 ], [ -89.355000859999961, 14.741169743000057 ], [ -89.346927816999937, 14.745748960000071 ], [ -89.343889340999965, 14.74692833000006 ], [ -89.342179272999942, 14.747767681000028 ], [ -89.337800362999985, 14.748442874000034 ], [ -89.336178163999989, 14.749294850000069 ], [ -89.333182207999982, 14.74952369600004 ], [ -89.330584593999959, 14.74853592200003 ], [ -89.330307095999956, 14.748077995000074 ], [ -89.328801000999988, 14.747606188000077 ], [ -89.325877650999985, 14.743963180000037 ], [ -89.325351825999974, 14.739965705000031 ], [ -89.323981683999989, 14.737615427000037 ], [ -89.323398224999949, 14.737223706000066 ], [ -89.322236374999989, 14.736380550000035 ], [ -89.319097060999979, 14.735358120000058 ], [ -89.314664041999947, 14.735064112000032 ], [ -89.312740438999981, 14.733511585000031 ], [ -89.306960126999968, 14.731317619000038 ], [ -89.30363472, 14.731476560000033 ], [ -89.302415608999979, 14.73214408900003 ], [ -89.301620296999943, 14.733215489000031 ], [ -89.301001330999952, 14.735717901000044 ], [ -89.299707395999974, 14.737758253000038 ], [ -89.29921931199999, 14.737899349000031 ], [ -89.296716168999978, 14.737652807000075 ], [ -89.294875413999989, 14.736487296000064 ], [ -89.289626283999951, 14.736955857000055 ], [ -89.284417005999956, 14.736135516000047 ], [ -89.282795471999975, 14.735138151000058 ], [ -89.280869708999944, 14.735435446000054 ], [ -89.277425205999975, 14.736735960000033 ], [ -89.271002801999941, 14.741743764000034 ], [ -89.26684920799994, 14.744104309000022 ], [ -89.260810765999963, 14.745070416000033 ], [ -89.25304629599998, 14.744615201000045 ], [ -89.247564314999977, 14.745307956000033 ], [ -89.245914957999958, 14.746279482000034 ], [ -89.243468442999983, 14.746757479000053 ], [ -89.239743079999982, 14.748667555000054 ], [ -89.228735641999947, 14.751926307000076 ], [ -89.228749248999975, 14.749255346000041 ], [ -89.232881822999957, 14.745242681000036 ], [ -89.23442062, 14.743086143000028 ], [ -89.234940030999951, 14.739374328000054 ], [ -89.237226976999978, 14.737014487000067 ], [ -89.239976351999985, 14.735565700000052 ], [ -89.242690322999977, 14.732902515000035 ], [ -89.244401873999948, 14.732015478000051 ], [ -89.246608423999987, 14.731833601000062 ], [ -89.250423753999939, 14.729285185000037 ], [ -89.252943008999978, 14.728473213000029 ], [ -89.253845000999945, 14.727206347000049 ], [ -89.253631755999947, 14.723985654000046 ], [ -89.252152084999977, 14.722706148000043 ], [ -89.249752952999984, 14.722158509000053 ], [ -89.245882844999983, 14.722466862000033 ], [ -89.243213285999957, 14.721030374000065 ], [ -89.243044284999939, 14.720274090000032 ], [ -89.243200250999962, 14.718917321000049 ], [ -89.246495901999936, 14.715365546000044 ], [ -89.249734368999952, 14.70793337200007 ], [ -89.251149318999978, 14.706416485000034 ], [ -89.252635144999942, 14.705939676000071 ], [ -89.254877275999945, 14.704914443000064 ], [ -89.256221868999944, 14.701880250000045 ], [ -89.25854594399999, 14.699614286000042 ], [ -89.261975303999975, 14.698249406000059 ], [ -89.267471074999946, 14.698243263000052 ], [ -89.272366395999939, 14.695993715000043 ], [ -89.274721235999948, 14.694327047000058 ], [ -89.27700660499994, 14.693713996000042 ], [ -89.282158125999956, 14.690970822000054 ], [ -89.283793971999955, 14.689530528000034 ], [ -89.285818132999964, 14.685273930000051 ], [ -89.286100447999956, 14.680638565000038 ], [ -89.286043834999987, 14.674970071000075 ], [ -89.281025566999972, 14.670478819000039 ], [ -89.279562043999988, 14.668181120000042 ], [ -89.27923276599995, 14.666855969000039 ], [ -89.280371953999975, 14.665719056000057 ], [ -89.283178631999988, 14.663963567000053 ], [ -89.28526242199996, 14.663292983000076 ], [ -89.289019866999979, 14.660228217000054 ], [ -89.29197579099997, 14.65871977300003 ], [ -89.297356512999954, 14.655135861000076 ], [ -89.300328110999942, 14.651411904000042 ], [ -89.303821973999959, 14.648459933000026 ], [ -89.304108024999948, 14.647674796000047 ], [ -89.310635230999935, 14.64226758600006 ], [ -89.313861752999969, 14.646276268000065 ], [ -89.31850074, 14.648422193000044 ], [ -89.324887678999971, 14.648735379000072 ], [ -89.330647383999974, 14.649629644000072 ], [ -89.333303548999936, 14.650237907000076 ], [ -89.334857294999949, 14.651326275000031 ], [ -89.339146979999953, 14.652376534000041 ], [ -89.35076901299999, 14.651885851000031 ], [ -89.35886278299995, 14.650087021000047 ], [ -89.36108640399999, 14.650057548000063 ], [ -89.363215258999958, 14.649030378000077 ], [ -89.364102370999944, 14.648570420000055 ], [ -89.36410551299997, 14.648028938000039 ], [ -89.364848244999962, 14.647364768000045 ] ] ] ] } },
{ "type": "Feature", "properties": { "Codigo": 1015, "datos_finales_color_riesgo": "9AB5DC" }, "geometry": { "type": "MultiPolygon", "coordinates": [ [ [ [ -91.189646082999957, 14.572652102000063 ], [ -91.19065133099997, 14.571707551000031 ], [ -91.19172907699999, 14.569125485000029 ], [ -91.193178124999974, 14.567306573000053 ], [ -91.194359990999942, 14.562969738000049 ], [ -91.193825497999967, 14.558098851000068 ], [ -91.19259447799999, 14.555514751000032 ], [ -91.191706348999958, 14.55127602500005 ], [ -91.188756371999943, 14.546936626000047 ], [ -91.187872734999985, 14.542442617000063 ], [ -91.188259492999975, 14.53896048200005 ], [ -91.188895043999935, 14.537465152000038 ], [ -91.190786492999962, 14.535125467000057 ], [ -91.191432, 14.531404687000077 ], [ -91.189348775999974, 14.52105068700007 ], [ -91.187439567999945, 14.507925731000057 ], [ -91.186348923999958, 14.504015309000067 ], [ -91.186185583999986, 14.500220502000047 ], [ -91.192187082999965, 14.493469340000047 ], [ -91.19254485099998, 14.492461005000052 ], [ -91.191465855999979, 14.49096826400006 ], [ -91.190369478999969, 14.489833505000036 ], [ -91.19048765399998, 14.487486882000042 ], [ -91.195627437999974, 14.486509667000064 ], [ -91.202528905999941, 14.487129672000037 ], [ -91.204506890999937, 14.486278303000063 ], [ -91.205805837999947, 14.482921669000064 ], [ -91.20639295699999, 14.466775716000029 ], [ -91.20711347699995, 14.465985887000045 ], [ -91.207308760999979, 14.46353814500003 ], [ -91.205119349999961, 14.457756508000045 ], [ -91.203252455999973, 14.455204925000032 ], [ -91.202502402999983, 14.44986467800004 ], [ -91.204082394999944, 14.446775654000078 ], [ -91.207403174999968, 14.444096394000042 ], [ -91.207484808999936, 14.440851329000054 ], [ -91.206283083999949, 14.438195251000025 ], [ -91.206380982999974, 14.437117114000046 ], [ -91.207981624999945, 14.436062830000026 ], [ -91.212060736999945, 14.436669960000074 ], [ -91.213785906999988, 14.435333019000041 ], [ -91.214712897999959, 14.433346074000042 ], [ -91.215793863999977, 14.42985436500004 ], [ -91.221353202999978, 14.424693955000066 ], [ -91.22629534899994, 14.421471885000074 ], [ -91.231146748999947, 14.419449925000038 ], [ -91.234197476999952, 14.41711613800004 ], [ -91.23671092, 14.413967141000057 ], [ -91.24105528299998, 14.412274434000039 ], [ -91.243036368999981, 14.409221934000072 ], [ -91.243388291999963, 14.403948654000033 ], [ -91.244277376999946, 14.402902342000061 ], [ -91.24573666799995, 14.399563490000048 ], [ -91.246903198999973, 14.398458219000076 ], [ -91.247313155999962, 14.395235835000051 ], [ -91.247147843999983, 14.391987721000078 ], [ -91.245235992999937, 14.384648268000035 ], [ -91.245492026999955, 14.377384770000049 ], [ -91.244326325999964, 14.375059016000023 ], [ -91.244451978999962, 14.372323702000074 ], [ -91.249184717999981, 14.367594604000033 ], [ -91.253178399999967, 14.365189486000077 ], [ -91.258731187999956, 14.367363356000055 ], [ -91.261532007999961, 14.370694121000042 ], [ -91.266618740999945, 14.37186682600003 ], [ -91.268813497999986, 14.373932272000047 ], [ -91.269262577999939, 14.375665217000062 ], [ -91.271367880999946, 14.377314237000064 ], [ -91.271792957999935, 14.378554430000065 ], [ -91.272672367999974, 14.379038740000055 ], [ -91.275794043999952, 14.382288108000068 ], [ -91.278109718999985, 14.383192969000049 ], [ -91.28163916599999, 14.382545293000021 ], [ -91.282961094999962, 14.381697401000054 ], [ -91.283758838999972, 14.380359897000062 ], [ -91.285039904999962, 14.379320763000067 ], [ -91.286608827999942, 14.37784309400007 ], [ -91.287948613999959, 14.377536457000076 ], [ -91.295963129999961, 14.37758075000005 ], [ -91.298607131999972, 14.378218890000028 ], [ -91.298915094999984, 14.378644770000051 ], [ -91.299211591999949, 14.387325826000051 ], [ -91.298766054999987, 14.390296186000057 ], [ -91.299905837999972, 14.391462403000048 ], [ -91.30006704699997, 14.39221486200006 ], [ -91.299205665999978, 14.398976006000055 ], [ -91.298263387999953, 14.401797043000045 ], [ -91.296772627999985, 14.402429140000038 ], [ -91.296200246999945, 14.405073196000046 ], [ -91.295691864999981, 14.410199816000045 ], [ -91.291606261999959, 14.434485134000056 ], [ -91.290905650999946, 14.441221364000057 ], [ -91.288817260999963, 14.444545792000042 ], [ -91.286310177999951, 14.444327604000023 ], [ -91.284057977999964, 14.443527161000077 ], [ -91.282500291999952, 14.446568424000077 ], [ -91.28275544, 14.447613052000065 ], [ -91.283240286999956, 14.447731822000037 ], [ -91.284116156999971, 14.448790009000049 ], [ -91.285693745999936, 14.449883806000059 ], [ -91.286807593999981, 14.449844461000055 ], [ -91.287253957999951, 14.449387895000029 ], [ -91.288207776999968, 14.448823166000068 ], [ -91.288370398999973, 14.448100171000021 ], [ -91.289223448999962, 14.447370893000027 ], [ -91.290282035999951, 14.447203463000051 ], [ -91.291171834999943, 14.447808692000024 ], [ -91.29868253099994, 14.449721521000072 ], [ -91.300860329999978, 14.451252261000036 ], [ -91.300085770999942, 14.455765746000054 ], [ -91.300370430999976, 14.458125628000062 ], [ -91.299043544999961, 14.459720315000027 ], [ -91.298211070999969, 14.459800162000022 ], [ -91.295207066999978, 14.462460489000023 ], [ -91.291549846999942, 14.466915738000068 ], [ -91.288240344999963, 14.474467864000076 ], [ -91.292148501999975, 14.477174942000033 ], [ -91.295184749999976, 14.47981463800005 ], [ -91.297544566999989, 14.477884023000058 ], [ -91.299318774999961, 14.474891684000056 ], [ -91.300928384999963, 14.473105857000064 ], [ -91.300919808999936, 14.472556728000029 ], [ -91.30320468299999, 14.469790602000046 ], [ -91.303500806999978, 14.469042573000024 ], [ -91.30396458599995, 14.468508147000023 ], [ -91.30459075899995, 14.468269759000066 ], [ -91.31654079399999, 14.474630339000043 ], [ -91.323851700999967, 14.479063838000059 ], [ -91.325365242999965, 14.480945535000046 ], [ -91.324393719999989, 14.481001880000065 ], [ -91.323443465999958, 14.48100527400004 ], [ -91.322592064999981, 14.481046651000042 ], [ -91.321987842999988, 14.481061546000035 ], [ -91.32116476899995, 14.48126806700003 ], [ -91.320323435999967, 14.481281264000074 ], [ -91.319283684999959, 14.481390201000067 ], [ -91.318252558999973, 14.481585056000029 ], [ -91.317706959999953, 14.481744969000033 ], [ -91.317041779999954, 14.482001186000048 ], [ -91.316526109999984, 14.482189556000037 ], [ -91.315520718999949, 14.482891851000034 ], [ -91.314662605999956, 14.483821153000065 ], [ -91.313076010999964, 14.485555270000077 ], [ -91.312398558999973, 14.486128851000046 ], [ -91.311950259999946, 14.486453265000023 ], [ -91.311353101999941, 14.486912180000047 ], [ -91.310895376999952, 14.487255731000062 ], [ -91.310387641999966, 14.487619255000027 ], [ -91.309889108999982, 14.488068708000071 ], [ -91.30913097199999, 14.488882337000064 ], [ -91.308333040999969, 14.489667434000069 ], [ -91.30777360799999, 14.490348046000065 ], [ -91.307185109999978, 14.490961789000039 ], [ -91.306697224999937, 14.491305113000067 ], [ -91.30621027799998, 14.491600991000041 ], [ -91.305583101999957, 14.49203933900003 ], [ -91.305144915999961, 14.492403351000064 ], [ -91.30448867299998, 14.492774829000041 ], [ -91.303743802999975, 14.493135496000036 ], [ -91.302671283999985, 14.493580785000063 ], [ -91.301897207999957, 14.493816959000071 ], [ -91.30124286299997, 14.494014458000038 ], [ -91.30070693, 14.494193602000053 ], [ -91.299781802999973, 14.494697562000056 ], [ -91.299324555999988, 14.494974434000028 ], [ -91.298885930999973, 14.495318094000027 ], [ -91.298506934999978, 14.495749180000075 ], [ -91.298137351999969, 14.496162255000058 ], [ -91.297318102999952, 14.497149378000074 ], [ -91.29699765, 14.497657708000077 ], [ -91.296636527999965, 14.498252732000026 ], [ -91.29630532799996, 14.498877349000054 ], [ -91.29593153899998, 14.499839455000028 ], [ -91.295719333999955, 14.500445727000056 ], [ -91.295257954999954, 14.501184629000022 ], [ -91.294736621999959, 14.502029296000046 ], [ -91.294692477999945, 14.502645825000059 ], [ -91.29470775599998, 14.503225504000056 ], [ -91.294684212999982, 14.503725816000042 ], [ -91.294560480999962, 14.504362103000062 ], [ -91.29433930099998, 14.504851942000073 ], [ -91.294038022999985, 14.505428191000021 ], [ -91.293706515999986, 14.506014386000061 ], [ -91.293106755999986, 14.506800856000041 ], [ -91.292299584999967, 14.507489788000044 ], [ -91.291751982999983, 14.507900425000059 ], [ -91.291324197999984, 14.508186530000046 ], [ -91.290766882999947, 14.508577887000058 ], [ -91.29029879699999, 14.50890210700004 ], [ -91.28962246399999, 14.509388623000063 ], [ -91.289084857999967, 14.509780119000027 ], [ -91.288348663999955, 14.51020857900005 ], [ -91.287177165999935, 14.510692604000042 ], [ -91.286729599999944, 14.510910769000077 ], [ -91.286163901999942, 14.51110886400005 ], [ -91.285588790999952, 14.511249270000064 ], [ -91.284617005999962, 14.511473770000066 ], [ -91.284021577999965, 14.511691978000044 ], [ -91.28328671099996, 14.511946444000046 ], [ -91.282621989999939, 14.512202554000055 ], [ -91.281936535999989, 14.51251499500006 ], [ -91.281269818999988, 14.512954106000052 ], [ -91.280652608999958, 14.513364204000027 ], [ -91.279926451999984, 14.513841285000069 ], [ -91.279388598999958, 14.514260999000044 ], [ -91.27864115899996, 14.514940145000025 ], [ -91.278172361999964, 14.515352453000048 ], [ -91.277376474999983, 14.515847089000033 ], [ -91.276880551999966, 14.516017430000034 ], [ -91.276196271999936, 14.516176216000076 ], [ -91.275342794999972, 14.51646932500006 ], [ -91.274091012999975, 14.516980932000024 ], [ -91.272820089999982, 14.517492391000076 ], [ -91.272241172999941, 14.517746841000076 ], [ -91.269310692999966, 14.521320088000039 ], [ -91.268735436999975, 14.522816146000025 ], [ -91.264536499999963, 14.523586093000063 ], [ -91.262910237999961, 14.525041584000064 ], [ -91.262130825999975, 14.527352911000037 ], [ -91.263344510999957, 14.530171576000043 ], [ -91.263076479999938, 14.533677440000076 ], [ -91.260894699999938, 14.536972527000046 ], [ -91.252602209999964, 14.544946632000062 ], [ -91.240403073999971, 14.553243508000037 ], [ -91.233106540999984, 14.555926985000042 ], [ -91.228271434999954, 14.55704386900004 ], [ -91.223979181999937, 14.560253619000036 ], [ -91.222819824999988, 14.561925836000057 ], [ -91.209892633999971, 14.577906425000037 ], [ -91.207835749999958, 14.579732083000067 ], [ -91.205979346999982, 14.580646455000021 ], [ -91.202101114999948, 14.58048446600003 ], [ -91.198348094999972, 14.579547270000035 ], [ -91.195094431999962, 14.577476268000055 ], [ -91.191767894999941, 14.574605964000057 ], [ -91.189646082999957, 14.572652102000063 ] ] ] ] } },
{ "type": "Feature", "properties": { "Codigo": 109, "datos_finales_color_riesgo": "9AB5DC" }, "geometry": { "type": "MultiPolygon", "coordinates": [ [ [ [ -90.536984930999949, 14.709812231000058 ], [ -90.543258606999984, 14.705736675000026 ], [ -90.547292316999972, 14.702077641000074 ], [ -90.550505677999979, 14.696959855000046 ], [ -90.555268355999942, 14.691831238000077 ], [ -90.556461807999938, 14.690504486000066 ], [ -90.560525514999938, 14.687389775000042 ], [ -90.564381888999947, 14.685230438000076 ], [ -90.569797849999986, 14.684234724000078 ], [ -90.570307903999947, 14.683640410000066 ], [ -90.575870491999979, 14.68202044800006 ], [ -90.577534595999964, 14.680814792000035 ], [ -90.58026522199998, 14.676354305000075 ], [ -90.585081899999977, 14.671857875000057 ], [ -90.591695267999967, 14.669323493000036 ], [ -90.597089524999944, 14.668735654000045 ], [ -90.603118225999935, 14.665545503000033 ], [ -90.606334304999962, 14.663582021000025 ], [ -90.609377020999943, 14.66321130700004 ], [ -90.61598042199995, 14.666538393000053 ], [ -90.618101316999969, 14.667044632000056 ], [ -90.624476117999961, 14.66669431300005 ], [ -90.628473765999956, 14.665232010000068 ], [ -90.629900333999956, 14.663588697000023 ], [ -90.630150862999983, 14.661436477000052 ], [ -90.630580950999956, 14.661139329000036 ], [ -90.630694625999979, 14.65871353700004 ], [ -90.632381569999893, 14.656582722000053 ], [ -90.638527178999936, 14.653184924000072 ], [ -90.641140148999966, 14.655344783000032 ], [ -90.644896038999946, 14.657155942000031 ], [ -90.647682871999962, 14.659394299000041 ], [ -90.651963241999965, 14.661205022000047 ], [ -90.655014555999969, 14.661549793000063 ], [ -90.655627979999963, 14.662063061000026 ], [ -90.65780181599996, 14.662345865000077 ], [ -90.66693592699994, 14.66630695200007 ], [ -90.671766684999966, 14.667553674000033 ], [ -90.67316458199997, 14.668378566000058 ], [ -90.673495535999962, 14.671311462000062 ], [ -90.67326836699999, 14.678642172000025 ], [ -90.672835869999972, 14.679551495000055 ], [ -90.669859395999936, 14.680107775000067 ], [ -90.66800391299995, 14.681129286000044 ], [ -90.665997020999953, 14.682477902000073 ], [ -90.662546271999986, 14.685954353000056 ], [ -90.658817891999945, 14.68732846000006 ], [ -90.65691507799994, 14.688862115000063 ], [ -90.65611893099998, 14.689810636000061 ], [ -90.655070995999949, 14.691684936000058 ], [ -90.654280657999948, 14.694533079000053 ], [ -90.652505675999976, 14.696852876000037 ], [ -90.65026818199999, 14.697881639000059 ], [ -90.644598691999988, 14.696690253000043 ], [ -90.64100426899995, 14.692965278000031 ], [ -90.638930499999958, 14.691660115000047 ], [ -90.633119702999977, 14.69214071600004 ], [ -90.631414011999937, 14.693289908000054 ], [ -90.627752525999938, 14.695644415000061 ], [ -90.627156428999967, 14.696212019000029 ], [ -90.62510918199996, 14.696860755000046 ], [ -90.62405619599997, 14.69601087500007 ], [ -90.623707657999944, 14.691441416000032 ], [ -90.622125492999942, 14.688890985000057 ], [ -90.619789917999981, 14.686761967000052 ], [ -90.617478677999941, 14.683890082000062 ], [ -90.615038462999962, 14.681844651000063 ], [ -90.60890175899999, 14.67834272500005 ], [ -90.600059809999948, 14.67815097600004 ], [ -90.597863984999947, 14.678394781000065 ], [ -90.59668209299997, 14.679062394000027 ], [ -90.589014002999988, 14.679365712000049 ], [ -90.583585575999962, 14.681509150000068 ], [ -90.583322989999942, 14.682126403000041 ], [ -90.582239423999965, 14.682339847000037 ], [ -90.580414076999944, 14.683598065000069 ], [ -90.573766267999986, 14.689729618000058 ], [ -90.57238416499996, 14.690288838000072 ], [ -90.569295415999989, 14.69185105400004 ], [ -90.565124563999973, 14.692019612000024 ], [ -90.562588925999989, 14.693026276000069 ], [ -90.560044474999984, 14.694981418000054 ], [ -90.55971187099999, 14.695941196000035 ], [ -90.556669561999968, 14.69863411800003 ], [ -90.553080082999941, 14.702999322000039 ], [ -90.551391468999952, 14.704607648000035 ], [ -90.549556825999957, 14.706511415000023 ], [ -90.548904411999956, 14.707324369000048 ], [ -90.547863618999941, 14.708110625000074 ], [ -90.547010205999982, 14.709726618000047 ], [ -90.544132051999952, 14.713633896000033 ], [ -90.543340846999968, 14.714921909000054 ], [ -90.542780624999978, 14.71578663400004 ], [ -90.541887595999981, 14.716582327000026 ], [ -90.540924367999935, 14.718102259000034 ], [ -90.540304103999972, 14.71837008500006 ], [ -90.53620622599999, 14.719077481000056 ], [ -90.532074173999945, 14.719005244000073 ], [ -90.530737399999964, 14.718657862000043 ], [ -90.530008955999961, 14.717455334000022 ], [ -90.529936545999988, 14.716260932000068 ], [ -90.530378059999975, 14.715072013000054 ], [ -90.532017786999972, 14.713549178000051 ], [ -90.536984930999949, 14.709812231000058 ] ] ] ] } },
{ "type": "Feature", "properties": { "Codigo": 2107, "datos_finales_color_riesgo": "9AB5DC" }, "geometry": { "type": "MultiPolygon", "coordinates": [ [ [ [ -90.193479439999976, 14.668513540000049 ], [ -90.192739056999983, 14.665459690000034 ], [ -90.191120982999962, 14.660300942000049 ], [ -90.189113702999975, 14.656793723000021 ], [ -90.186899644999983, 14.653228672000068 ], [ -90.18564758399998, 14.649797191000062 ], [ -90.185453629999984, 14.649003420000042 ], [ -90.185240069999963, 14.636574026000062 ], [ -90.184535195999956, 14.630112183000051 ], [ -90.18352151, 14.625454124000044 ], [ -90.182566430999941, 14.623338131000025 ], [ -90.181012136999982, 14.620433626000022 ], [ -90.176563990999966, 14.61657168000005 ], [ -90.172368137999968, 14.61470539000004 ], [ -90.169629726999972, 14.614288287000022 ], [ -90.161316211999974, 14.614376825000022 ], [ -90.15785658499999, 14.613382930000057 ], [ -90.152647465999962, 14.608115933000022 ], [ -90.148138147999987, 14.605238402000055 ], [ -90.147388381999974, 14.601528493000046 ], [ -90.147258182999963, 14.59827548800007 ], [ -90.14684108299997, 14.597626879000074 ], [ -90.146518956999955, 14.591816688000051 ], [ -90.145429159999935, 14.586249998000028 ], [ -90.145476434999978, 14.577591442000028 ], [ -90.144344568999941, 14.571423635000031 ], [ -90.14300205699999, 14.568921250000074 ], [ -90.141216561999954, 14.565716879000036 ], [ -90.139641554999969, 14.563046813000028 ], [ -90.13645238, 14.559086907000051 ], [ -90.134715265999944, 14.556770460000052 ], [ -90.132682009999897, 14.554546339000069 ], [ -90.126985828999977, 14.547112308000067 ], [ -90.126597921999974, 14.54672596000006 ], [ -90.123126013999979, 14.541901089000078 ], [ -90.119010645999936, 14.53567515800006 ], [ -90.11614739099997, 14.530008761000033 ], [ -90.116555516999938, 14.526241994000031 ], [ -90.116225200999963, 14.523563468000077 ], [ -90.117767736999951, 14.518372379000027 ], [ -90.120825267999976, 14.514621215000034 ], [ -90.122522266999965, 14.51355600100004 ], [ -90.124677420999944, 14.513040544000035 ], [ -90.12537919, 14.512719494000066 ], [ -90.125916427999982, 14.512396425000077 ], [ -90.128441686999963, 14.510408796000036 ], [ -90.12821719499999, 14.504993850000062 ], [ -90.128992713999935, 14.503893582000046 ], [ -90.129841676999945, 14.50078015400004 ], [ -90.128981827999951, 14.498939603000053 ], [ -90.128169225999955, 14.493479076000028 ], [ -90.128374469999983, 14.488790786000038 ], [ -90.136606986999936, 14.488038939000035 ], [ -90.143367349999949, 14.490225659000032 ], [ -90.152770047999979, 14.490718059000073 ], [ -90.159706737999954, 14.490413697000065 ], [ -90.162799125999982, 14.489483541000027 ], [ -90.165053980999971, 14.487530532000051 ], [ -90.168659507999962, 14.485652486000049 ], [ -90.173336331999963, 14.485228988000074 ], [ -90.179996893999942, 14.485311301000024 ], [ -90.182442590999983, 14.485848698000041 ], [ -90.183747714999981, 14.486828517000049 ], [ -90.184553899999969, 14.488780065000071 ], [ -90.18534690499996, 14.489390200000059 ], [ -90.186215684999979, 14.490698965000036 ], [ -90.188418405999982, 14.490708414000039 ], [ -90.190631126999961, 14.489648792000025 ], [ -90.196909852999966, 14.487907236000069 ], [ -90.200600813999984, 14.486224994000054 ], [ -90.202091449999955, 14.484618097000066 ], [ -90.212900342999944, 14.483789170000023 ], [ -90.213496651999947, 14.483222697000031 ], [ -90.214667228999986, 14.483854158000042 ], [ -90.221350559999962, 14.484076687000027 ], [ -90.22994001699999, 14.483609086000058 ], [ -90.23627234099996, 14.484437867000054 ], [ -90.236813648999942, 14.484285038000053 ], [ -90.237549452999986, 14.482837221000068 ], [ -90.23716378499995, 14.482259130000045 ], [ -90.238103596999963, 14.477763019000065 ], [ -90.238459430999967, 14.469607567000025 ], [ -90.239292089999935, 14.468894753000029 ], [ -90.241015129999937, 14.467157042000053 ], [ -90.242391246999944, 14.46709753600004 ], [ -90.244908545999976, 14.468693036000047 ], [ -90.24575714599996, 14.469926873000077 ], [ -90.249453543999948, 14.472648265000032 ], [ -90.251311009999938, 14.472977092000065 ], [ -90.252111013999979, 14.473362422000037 ], [ -90.25451237599998, 14.476340719000063 ], [ -90.257255358999942, 14.477268089000063 ], [ -90.263185236999959, 14.478129820000049 ], [ -90.266672249999942, 14.480805653000061 ], [ -90.268029087999935, 14.494670633000055 ], [ -90.268656596999961, 14.495381347000034 ], [ -90.270030674999987, 14.499571512000045 ], [ -90.272915937999983, 14.501875624000036 ], [ -90.275721830999942, 14.50304632600006 ], [ -90.28264904599996, 14.503256491000059 ], [ -90.283830594999984, 14.502589331000024 ], [ -90.287148367999976, 14.502275435000058 ], [ -90.292188096999951, 14.500786789000074 ], [ -90.296592475999944, 14.500270757000067 ], [ -90.298272140999984, 14.501194506000047 ], [ -90.299243243999967, 14.502969334000056 ], [ -90.29994563799994, 14.504349270000034 ], [ -90.294836743999952, 14.505229830000076 ], [ -90.293016438999985, 14.506436157000053 ], [ -90.29143407, 14.507374233000064 ], [ -90.289116457999967, 14.51153750800006 ], [ -90.288204625999981, 14.514605987000039 ], [ -90.285948496999936, 14.519322042000056 ], [ -90.284454977999985, 14.524221902000022 ], [ -90.283759589999988, 14.52488339000007 ], [ -90.282255680999981, 14.527448160000063 ], [ -90.28033861199998, 14.529105986000047 ], [ -90.277954152999939, 14.529933005000032 ], [ -90.274671060999935, 14.529464655000027 ], [ -90.268503101999954, 14.528053743000044 ], [ -90.264375690999941, 14.52838833900006 ], [ -90.262736706999988, 14.530184731000077 ], [ -90.262457482999935, 14.53266992600004 ], [ -90.266427053999962, 14.537211107000076 ], [ -90.266926310999963, 14.538649723000049 ], [ -90.267581579999955, 14.539137224000058 ], [ -90.268407391999972, 14.541497583000023 ], [ -90.269194011999957, 14.543746834000046 ], [ -90.27051800199996, 14.54787434900004 ], [ -90.271547044999977, 14.551999556000055 ], [ -90.271823806999976, 14.553436703000045 ], [ -90.273140809999973, 14.558138835000022 ], [ -90.273525435999943, 14.561458272000039 ], [ -90.27434696399996, 14.56389310000003 ], [ -90.274228486999959, 14.565515323000056 ], [ -90.274860731999979, 14.566609991000064 ], [ -90.275255858999969, 14.569831325000052 ], [ -90.275799534999976, 14.57181354100004 ], [ -90.275803479999979, 14.576160514000037 ], [ -90.274463829999945, 14.57833415500005 ], [ -90.274105186999975, 14.580817311000033 ], [ -90.272339017999968, 14.585047633000045 ], [ -90.26983404899994, 14.587461649000034 ], [ -90.267247890999954, 14.59010839900003 ], [ -90.263169851999976, 14.591840010000055 ], [ -90.257626156999947, 14.592180255000073 ], [ -90.255360082999971, 14.592934919000072 ], [ -90.25172033399997, 14.592273357000067 ], [ -90.249010839999983, 14.589946073000021 ], [ -90.247668011999963, 14.589597170000047 ], [ -90.245164682999985, 14.590692166000053 ], [ -90.24433501599998, 14.592613036000046 ], [ -90.243908557999987, 14.593016713000054 ], [ -90.243239744999983, 14.593843175000075 ], [ -90.243668507999985, 14.596279074000051 ], [ -90.243263093999985, 14.599505605000047 ], [ -90.24256924499997, 14.600338541000042 ], [ -90.241243684999972, 14.602737885000067 ], [ -90.240569717999961, 14.603183785000056 ], [ -90.239578284999936, 14.603937538000025 ], [ -90.237103887999979, 14.606458728000064 ], [ -90.236770990999958, 14.609252540000057 ], [ -90.236255123999968, 14.610497396000028 ], [ -90.234424643999944, 14.613948595000068 ], [ -90.232747808999989, 14.616097561000061 ], [ -90.231545409999967, 14.617995858000029 ], [ -90.230636126999968, 14.620142629000043 ], [ -90.230806074999975, 14.621476907000044 ], [ -90.23255220599998, 14.623842662000072 ], [ -90.232519113999956, 14.62597388100005 ], [ -90.232026462999954, 14.626609316000042 ], [ -90.231672906999961, 14.627156082000056 ], [ -90.231030099999941, 14.627744566000047 ], [ -90.23021947899997, 14.628399922000028 ], [ -90.229740109999966, 14.629962441000032 ], [ -90.230077681999944, 14.633184193000034 ], [ -90.230662671999937, 14.634062766000056 ], [ -90.230417048999982, 14.636494034000066 ], [ -90.22912045399994, 14.638724235000041 ], [ -90.228589574999944, 14.641244676000042 ], [ -90.228949242999988, 14.645842978000076 ], [ -90.230949675999966, 14.649299054000039 ], [ -90.231125408999958, 14.651464368000063 ], [ -90.230315240999971, 14.653367292000041 ], [ -90.228709894999952, 14.658788940000022 ], [ -90.227559424999981, 14.660543272000041 ], [ -90.227318306999962, 14.662146998000026 ], [ -90.22543905699996, 14.664626478000059 ], [ -90.220239289999938, 14.667485086000056 ], [ -90.218047381999952, 14.667852869000058 ], [ -90.216117130999976, 14.667659257000025 ], [ -90.212112135999973, 14.668426361000058 ], [ -90.211877356999935, 14.670389153000031 ], [ -90.210854707999943, 14.669775110000046 ], [ -90.209073524999951, 14.668892274000029 ], [ -90.195733174999987, 14.669210261000046 ], [ -90.193479439999976, 14.668513540000049 ] ] ] ] } },
{ "type": "Feature", "properties": { "Codigo": 2206, "datos_finales_color_riesgo": "9AB5DC" }, "geometry": { "type": "MultiPolygon", "coordinates": [ [ [ [ -89.788117032999935, 14.234850981000022 ], [ -89.782908046999978, 14.233572025000058 ], [ -89.779792684999961, 14.232059377000041 ], [ -89.771889940999984, 14.230638879000026 ], [ -89.76186430499996, 14.227709712000035 ], [ -89.762829734999968, 14.220286248000036 ], [ -89.762528069999973, 14.213277864000077 ], [ -89.763034871999935, 14.209127974000069 ], [ -89.76610819199999, 14.19317340200007 ], [ -89.767416117999971, 14.190353680000044 ], [ -89.768146933999958, 14.183361468000044 ], [ -89.769921473999943, 14.175972492000028 ], [ -89.769944757999951, 14.175186144000065 ], [ -89.769183874999953, 14.174065298000073 ], [ -89.768673091999972, 14.168681562000074 ], [ -89.770016418999944, 14.163834090000023 ], [ -89.769769851999968, 14.163071191000029 ], [ -89.769251621999956, 14.162664669000037 ], [ -89.768667494999988, 14.162092474000076 ], [ -89.768155599999943, 14.161484006000023 ], [ -89.76799921199995, 14.158232539000039 ], [ -89.766910013999961, 14.156081341000061 ], [ -89.766380611999978, 14.152911754000058 ], [ -89.765567869999984, 14.151537398000073 ], [ -89.764003764999984, 14.142209555000022 ], [ -89.761689665999938, 14.139213420000033 ], [ -89.761309876999974, 14.137651906000031 ], [ -89.761122895999961, 14.133868454000037 ], [ -89.761564711999938, 14.129292145000022 ], [ -89.760544872999958, 14.117755015000057 ], [ -89.762028073999943, 14.117833684000061 ], [ -89.764274979999982, 14.119231845000058 ], [ -89.768712408999988, 14.119105304000072 ], [ -89.77172143599995, 14.119523826000034 ], [ -89.772312006999982, 14.119264265000027 ], [ -89.772716024999966, 14.118578958000057 ], [ -89.773113961999968, 14.118201685000031 ], [ -89.773658934999958, 14.108205775000044 ], [ -89.774215680999987, 14.107594739000035 ], [ -89.774234679999907, 14.106778978000023 ], [ -89.775688522999985, 14.105159664000041 ], [ -89.77908451899998, 14.099630710000042 ], [ -89.78075798499998, 14.096034619000022 ], [ -89.786319577999961, 14.098219516000029 ], [ -89.795405240999969, 14.099301131000061 ], [ -89.797975601999951, 14.101394038000024 ], [ -89.801271910999958, 14.104795685000056 ], [ -89.801328163999983, 14.106896902000074 ], [ -89.800436806999983, 14.111971996000023 ], [ -89.799001164999936, 14.113536426000053 ], [ -89.796434738999949, 14.119711080000059 ], [ -89.796530889999985, 14.120526134000045 ], [ -89.795856496999988, 14.121321889000058 ], [ -89.794194680999965, 14.125774906000061 ], [ -89.789376472999948, 14.133365185000059 ], [ -89.78584744799997, 14.136352956000053 ], [ -89.781758841999988, 14.137716918000024 ], [ -89.779691740999965, 14.139339299000028 ], [ -89.779273642999954, 14.140611328000034 ], [ -89.779950992999943, 14.141420628000049 ], [ -89.780762423999988, 14.144823120000069 ], [ -89.78212132499999, 14.147830025000076 ], [ -89.782667077999974, 14.151292161000072 ], [ -89.784443290999945, 14.154484119000074 ], [ -89.78570025099998, 14.158452401000034 ], [ -89.785456348999958, 14.160330607000049 ], [ -89.782798320999973, 14.16209064700007 ], [ -89.782147071999987, 14.162994990000072 ], [ -89.781001797999977, 14.168416341000068 ], [ -89.78002633899996, 14.169710215000066 ], [ -89.78001834, 14.171342141000025 ], [ -89.784667261999971, 14.169089697000061 ], [ -89.789867413999957, 14.16880162700005 ], [ -89.795034566999959, 14.169792910000069 ], [ -89.795681956999942, 14.170232720000058 ], [ -89.799554281999974, 14.170145645000048 ], [ -89.814352354999983, 14.172375601000056 ], [ -89.817631983999945, 14.177050196000039 ], [ -89.818097272999978, 14.180803627000046 ], [ -89.81841288399994, 14.188482906000047 ], [ -89.81751044799995, 14.200118966000048 ], [ -89.816645354999935, 14.202042023000047 ], [ -89.816525683999942, 14.203153314000076 ], [ -89.816565048999962, 14.203812990000074 ], [ -89.815248455999949, 14.206663445000061 ], [ -89.814187970999967, 14.21183561600003 ], [ -89.813589969999953, 14.212402143000077 ], [ -89.812317204999943, 14.216698990000054 ], [ -89.810969597999986, 14.218656195000051 ], [ -89.809940378999954, 14.221338865000064 ], [ -89.80589267199997, 14.227088413000047 ], [ -89.804778639999938, 14.227772153000046 ], [ -89.801797922999981, 14.23131464100004 ], [ -89.800136629999898, 14.234046325000065 ], [ -89.797648210999967, 14.236596461000033 ], [ -89.796348167999952, 14.236845372000062 ], [ -89.788117032999935, 14.234850981000022 ] ] ] ] } },
{ "type": "Feature", "properties": { "Codigo": 1333, "datos_finales_color_riesgo": "9AB5DC" }, "geometry": { "type": "MultiPolygon", "coordinates": [ [ [ [ -91.736972326999989, 15.637104679000061 ], [ -91.698555555999974, 15.624333333000038 ], [ -91.702805554999941, 15.619333337000057 ], [ -91.691583334999962, 15.603194446000032 ], [ -91.691611112999965, 15.589861112000051 ], [ -91.69203980399999, 15.589827049000064 ], [ -91.69231033799997, 15.589844305000042 ], [ -91.692523607999988, 15.589980447000073 ], [ -91.692763101999958, 15.590197576000037 ], [ -91.692939237999951, 15.590442176000067 ], [ -91.693035689999988, 15.590570546000038 ], [ -91.69304367899997, 15.590838858000041 ], [ -91.69301933, 15.591082381000035 ], [ -91.692820665999989, 15.591245720000074 ], [ -91.692480202999946, 15.591384864000077 ], [ -91.692243228999985, 15.591604578000045 ], [ -91.692173482999976, 15.591792180000027 ], [ -91.692283914999962, 15.59196008400005 ], [ -91.692515782999976, 15.591971308000041 ], [ -91.69266939399995, 15.591953284000056 ], [ -91.692985381999961, 15.591893871000025 ], [ -91.693165667999949, 15.591892892000033 ], [ -91.69324340199995, 15.591973602000053 ], [ -91.693212613999947, 15.592217160000075 ], [ -91.693206160999978, 15.592350163000049 ], [ -91.693207761999986, 15.592491782000025 ], [ -91.693324632999975, 15.59265965000003 ], [ -91.693531683999936, 15.592833268000049 ], [ -91.693725496999946, 15.592944550000027 ], [ -91.69387431499996, 15.592988916000024 ], [ -91.694280136999964, 15.593097560000047 ], [ -91.694898912999975, 15.593206532000067 ], [ -91.695388912999988, 15.593316203000029 ], [ -91.695582583999965, 15.593402522000076 ], [ -91.69579618399996, 15.593594825000025 ], [ -91.695861873999945, 15.593819136000036 ], [ -91.695843672999956, 15.59391800800006 ], [ -91.695780010999954, 15.594137862000025 ], [ -91.695761741999945, 15.594318945000055 ], [ -91.695891530999972, 15.594492982000077 ], [ -91.69614988, 15.594628874000023 ], [ -91.696315738999942, 15.594605523000041 ], [ -91.696433080999952, 15.594608611000069 ], [ -91.696678625999937, 15.59475705400007 ], [ -91.696936360999985, 15.594786855000052 ], [ -91.697122870999976, 15.594748394000078 ], [ -91.697321679999959, 15.594610014000068 ], [ -91.697482614999956, 15.594602897000073 ], [ -91.697798697999986, 15.594701029000078 ], [ -91.698584381999979, 15.594721710000044 ], [ -91.698835715999962, 15.594757784000024 ], [ -91.699139138999954, 15.594893427000045 ], [ -91.699198102999958, 15.595067848000042 ], [ -91.699177400999986, 15.595345505000068 ], [ -91.699169495999968, 15.595685843000069 ], [ -91.699216415999956, 15.596003868000025 ], [ -91.699398117999976, 15.596246267000026 ], [ -91.699818676999939, 15.59659345700004 ], [ -91.700393227999939, 15.596846193000033 ], [ -91.700611969999954, 15.59681379400007 ], [ -91.701317708999966, 15.596373084000049 ], [ -91.701901505999956, 15.596001686000022 ], [ -91.702266778999956, 15.595700131000058 ], [ -91.702434152999956, 15.595692975000077 ], [ -91.702608874999953, 15.595841798000038 ], [ -91.70271024499999, 15.595997880000027 ], [ -91.702726591999976, 15.596153194000067 ], [ -91.702644375999967, 15.596409516000051 ], [ -91.70267871499999, 15.596777535000058 ], [ -91.702725967999982, 15.597151723000025 ], [ -91.702708649999977, 15.597495061000075 ], [ -91.702607117999946, 15.597751489000075 ], [ -91.702602059999947, 15.597988666000049 ], [ -91.702700024999956, 15.598225281000055 ], [ -91.702977584999985, 15.59834802000006 ], [ -91.703255156999944, 15.598459392000052 ], [ -91.703545273999964, 15.598520212000039 ], [ -91.703732475999971, 15.598600317000034 ], [ -91.703868858999954, 15.598799275000033 ], [ -91.703931068999964, 15.599001041000065 ], [ -91.704102481999939, 15.599110035000024 ], [ -91.704276516999983, 15.599140286000022 ], [ -91.704453970999964, 15.599121005000029 ], [ -91.704591916999959, 15.599119835000067 ], [ -91.704608041999961, 15.59917445800005 ], [ -91.70469632399994, 15.599356412000077 ], [ -91.704813244999968, 15.599530513000047 ], [ -91.704993875999946, 15.599611690000074 ], [ -91.70512311799996, 15.599666112000023 ], [ -91.705163286999948, 15.599768167000036 ], [ -91.705163281999944, 15.599928005000038 ], [ -91.705041924999989, 15.600097171000073 ], [ -91.704735182999968, 15.600498263000077 ], [ -91.704671665999967, 15.600648389000071 ], [ -91.704628741999954, 15.601016830000049 ], [ -91.704649442999937, 15.601253867000025 ], [ -91.704836429999943, 15.601371933000053 ], [ -91.705095558999972, 15.601563460000023 ], [ -91.70532951399997, 15.601930383000024 ], [ -91.705433777999986, 15.602141998000036 ], [ -91.705452224999988, 15.602238438000029 ], [ -91.705371463999938, 15.602498064000031 ], [ -91.705257564999954, 15.602841932000047 ], [ -91.705207618999964, 15.603110560000061 ], [ -91.705222208999942, 15.603403796000066 ], [ -91.705404107999982, 15.603677392000066 ], [ -91.70558575199999, 15.603907304000074 ], [ -91.705670371999986, 15.604062860000056 ], [ -91.705704170999979, 15.604337269000041 ], [ -91.705906409999955, 15.604785495000044 ], [ -91.706082272999936, 15.60512777200006 ], [ -91.706103632999941, 15.605477138000026 ], [ -91.706105784999977, 15.605845333000048 ], [ -91.706392140999981, 15.606184505000044 ], [ -91.706670042999974, 15.606534960000033 ], [ -91.707038756999964, 15.606820011000025 ], [ -91.707291747999989, 15.607136900000057 ], [ -91.707511594999971, 15.607291711000073 ], [ -91.70766028099996, 15.607390747000068 ], [ -91.707815807999964, 15.607558392000044 ], [ -91.707900796999979, 15.60777635200003 ], [ -91.707841882999958, 15.607826886000055 ], [ -91.70769583699996, 15.607964702000061 ], [ -91.70765837, 15.608164613000042 ], [ -91.707667037999954, 15.608545252000056 ], [ -91.707843582999942, 15.608841443000074 ], [ -91.708037509999897, 15.609129848000066 ], [ -91.708319474999939, 15.609567178000077 ], [ -91.708499048999954, 15.609869961000072 ], [ -91.708667822999985, 15.610099941000044 ], [ -91.708733385999949, 15.610299285000053 ], [ -91.708734118999985, 15.610424422000051 ], [ -91.708748275999938, 15.610642445000053 ], [ -91.708884671999954, 15.610841399000037 ], [ -91.70912501, 15.611071689000028 ], [ -91.709273701999962, 15.611294833000045 ], [ -91.709430257999941, 15.611637214000041 ], [ -91.709710224999981, 15.612159896000037 ], [ -91.709946067999965, 15.612845081000046 ], [ -91.710091991999946, 15.613507947000073 ], [ -91.710177963999968, 15.613954659000058 ], [ -91.710347878999983, 15.614378095000063 ], [ -91.710614642999985, 15.614844682000069 ], [ -91.710745179999947, 15.614986799000064 ], [ -91.71097763399996, 15.615248330000043 ], [ -91.71126254699999, 15.615515112000026 ], [ -91.711811294999961, 15.615749233000031 ], [ -91.71238539899997, 15.615914565000026 ], [ -91.71314635899995, 15.616097585000034 ], [ -91.713662031999945, 15.616182106000053 ], [ -91.714034750999986, 15.616048990000024 ], [ -91.714419245999977, 15.615728586000046 ], [ -91.714816691999943, 15.615420590000042 ], [ -91.715240740999946, 15.615255985000033 ], [ -91.715735988999938, 15.615153392000025 ], [ -91.715986686999941, 15.61507711400003 ], [ -91.716262846999939, 15.614950770000064 ], [ -91.716546108999978, 15.61493672000006 ], [ -91.716958490999957, 15.614978120000046 ], [ -91.71722295, 15.61505154300005 ], [ -91.717558942999972, 15.615243144000033 ], [ -91.717868919999944, 15.615391204000048 ], [ -91.718403431999945, 15.615394479000031 ], [ -91.718680881999944, 15.61548655100006 ], [ -91.719041933999961, 15.615559436000069 ], [ -91.719511902999955, 15.615538104000052 ], [ -91.719988237999985, 15.615504255000076 ], [ -91.720348440999942, 15.615433605000078 ], [ -91.720811785999956, 15.615381104000051 ], [ -91.721108000999948, 15.615379457000074 ], [ -91.721494958999983, 15.615477157000043 ], [ -91.721876031999955, 15.615668500000027 ], [ -91.722270058999982, 15.615872251000042 ], [ -91.722619342999963, 15.616132418000063 ], [ -91.722743712999943, 15.616332957000054 ], [ -91.72300771, 15.616467255000032 ], [ -91.723227206999979, 15.616559644000063 ], [ -91.723632671999951, 15.616519940000046 ], [ -91.724018151999985, 15.616368014000045 ], [ -91.72432583799997, 15.616129151000052 ], [ -91.724658095999985, 15.615690447000077 ], [ -91.725150818999964, 15.615163477000067 ], [ -91.725368498999956, 15.61495007700006 ], [ -91.725779657999965, 15.614785524000069 ], [ -91.726204176999943, 15.614702025000042 ], [ -91.726699899999971, 15.614680534000058 ], [ -91.727105434999942, 15.614653306000037 ], [ -91.727574842999957, 15.614538349000043 ], [ -91.727941851999958, 15.614530057000024 ], [ -91.728315819999978, 15.614609095000048 ], [ -91.72870329899996, 15.614794149000033 ], [ -91.729245994999985, 15.615090667000061 ], [ -91.72949757899994, 15.61516414700003 ], [ -91.729761854999936, 15.61520635200003 ], [ -91.729987606999941, 15.615267496000058 ], [ -91.730264725999973, 15.615303388000029 ], [ -91.730464607999977, 15.61534595300003 ], [ -91.73076830299999, 15.615518991000044 ], [ -91.731013895999979, 15.615667392000034 ], [ -91.731400558999951, 15.615715150000028 ], [ -91.731793215999971, 15.615687984000033 ], [ -91.732024661999958, 15.615624279000031 ], [ -91.73226370399999, 15.615753993000055 ], [ -91.732522474999939, 15.615952244000027 ], [ -91.732883977999961, 15.616099992000045 ], [ -91.733186930999977, 15.616148216000056 ], [ -91.733586063999951, 15.616127252000069 ], [ -91.734029375999967, 15.615956263000044 ], [ -91.73444864399994, 15.615761629000076 ], [ -91.734766660999981, 15.615409176000071 ], [ -91.735000384999978, 15.615113074000021 ], [ -91.735073584999952, 15.615045489000067 ], [ -91.735427975999983, 15.615080940000041 ], [ -91.735788844999945, 15.61512259400007 ], [ -91.736226424999984, 15.615070205000052 ], [ -91.736419082999987, 15.614981751000073 ], [ -91.73657280399999, 15.614843590000078 ], [ -91.73666789899994, 15.614593426000056 ], [ -91.736743524999952, 15.614318408000031 ], [ -91.736832216999971, 15.614074522000067 ], [ -91.737037790999977, 15.613992235000069 ], [ -91.737360019999983, 15.614034104000041 ], [ -91.737849710999967, 15.614081270000042 ], [ -91.738319821999937, 15.614084861000038 ], [ -91.73873774399999, 15.613976412000056 ], [ -91.739135484999963, 15.613724540000078 ], [ -91.739583838999977, 15.613322605000064 ], [ -91.739808502999949, 15.61320276400005 ], [ -91.740150049999954, 15.613244520000023 ], [ -91.740340979999985, 15.613320634000047 ], [ -91.740511365999964, 15.613361053000062 ], [ -91.740743143999964, 15.613353503000042 ], [ -91.740866145999973, 15.613259251000045 ], [ -91.741050541999982, 15.613070935000053 ], [ -91.741261200999986, 15.612763950000044 ], [ -91.741504729999974, 15.612569112000074 ], [ -91.741761663999966, 15.612461568000072 ], [ -91.742012344999978, 15.612385261000043 ], [ -91.742327682999985, 15.612352275000035 ], [ -91.742566012999987, 15.612363408000022 ], [ -91.74290812199996, 15.612498767000034 ], [ -91.743203991999962, 15.612440927000023 ], [ -91.743506412999977, 15.612401771000066 ], [ -91.744098715999939, 15.612379695000072 ], [ -91.744671887999971, 15.612388929000076 ], [ -91.745013471999982, 15.612436918000071 ], [ -91.74546897099998, 15.612679251000031 ], [ -91.745813866999981, 15.61275065500007 ], [ -91.746179393999967, 15.612734548000049 ], [ -91.746708589999969, 15.612689412000066 ], [ -91.747043546999976, 15.61270623200005 ], [ -91.74761080899998, 15.612802862000024 ], [ -91.747900803999983, 15.612838659000033 ], [ -91.748454734999939, 15.612860473000069 ], [ -91.74882817699995, 15.612852110000063 ], [ -91.749046885999974, 15.612813422000045 ], [ -91.749106093999956, 15.612755364000066 ], [ -91.749161545999982, 15.612606827000036 ], [ -91.749154388999955, 15.612488295000048 ], [ -91.749077627999952, 15.61241760200005 ], [ -91.748992310999938, 15.612308237000036 ], [ -91.748958224999967, 15.611996396000052 ], [ -91.749046711999938, 15.611721303000024 ], [ -91.749264361999963, 15.611507881000023 ], [ -91.749514699999963, 15.611375404000057 ], [ -91.749785374999988, 15.611411308000072 ], [ -91.750050026999986, 15.611515894000036 ], [ -91.750315738999973, 15.611795212000061 ], [ -91.750503725999977, 15.612000084000044 ], [ -91.750729742999965, 15.612104889000022 ], [ -91.751032313999985, 15.612090684000066 ], [ -91.751296019999984, 15.612039257000049 ], [ -91.751533629999983, 15.611931812000023 ], [ -91.752022709999949, 15.611879099000078 ], [ -91.752672355999948, 15.611756822000075 ], [ -91.753013446999944, 15.611723673000029 ], [ -91.753509344999941, 15.611733324000056 ], [ -91.754037704999973, 15.611786475000031 ], [ -91.754328343999987, 15.611928351000074 ], [ -91.754605535999985, 15.611976693000031 ], [ -91.754972306999946, 15.611930913000037 ], [ -91.755229421999957, 15.611854556000026 ], [ -91.755507177999959, 15.611742253000045 ], [ -91.755723496999963, 15.611564661000045 ], [ -91.755922694999981, 15.611494875000062 ], [ -91.75633457899994, 15.611455075000038 ], [ -91.75658597499995, 15.611497322000048 ], [ -91.756972709999957, 15.611557516000062 ], [ -91.757340087999978, 15.611611579000055 ], [ -91.757830307999939, 15.61174606700007 ], [ -91.758191589999967, 15.611856330000023 ], [ -91.75857207599995, 15.611947760000078 ], [ -91.758939303999966, 15.611976859000038 ], [ -91.759254598999973, 15.611937608000062 ], [ -91.759491896999975, 15.611780231000068 ], [ -91.75970377499999, 15.611589405000075 ], [ -91.759825898999964, 15.611302052000042 ], [ -91.759822088999954, 15.61101697600003 ], [ -91.759839767999949, 15.610748526000066 ], [ -91.759935479999967, 15.610604441000078 ], [ -91.760135208999941, 15.610622018000072 ], [ -91.760400321999953, 15.610801476000063 ], [ -91.76069180199994, 15.611080633000029 ], [ -91.76069774299998, 15.611335492000023 ], [ -91.760789580999983, 15.611456717000067 ], [ -91.761041807999959, 15.611453064000045 ], [ -91.761355803999948, 15.611201634000054 ], [ -91.761535338999977, 15.611075790000029 ], [ -91.76192813099999, 15.61107353400007 ], [ -91.762282401999983, 15.611090220000051 ], [ -91.76249543099999, 15.611176365000063 ], [ -91.762664147999942, 15.611387578000063 ], [ -91.762859273999936, 15.611704730000042 ], [ -91.763034583999968, 15.611940866000054 ], [ -91.763183488999971, 15.612071064000077 ], [ -91.763408365999965, 15.611988642000028 ], [ -91.763702659999979, 15.611674916000027 ], [ -91.763836123999965, 15.611387079000053 ], [ -91.76397001, 15.611167885000043 ], [ -91.764162458999976, 15.611048205000031 ], [ -91.764413243999968, 15.610990596000022 ], [ -91.764658086999987, 15.611014148000038 ], [ -91.764898556999981, 15.61137472200005 ], [ -91.765054436999947, 15.611592248000022 ], [ -91.765190808999989, 15.611778681000033 ], [ -91.765230974999952, 15.612028076000058 ], [ -91.765310235999948, 15.612352133000059 ], [ -91.765234457999952, 15.612595956000064 ], [ -91.765135326999939, 15.612753056000031 ], [ -91.765024487999938, 15.613009048000038 ], [ -91.76502540599995, 15.613158818000045 ], [ -91.765064121999956, 15.613203750000025 ], [ -91.76531724099999, 15.613494133000074 ], [ -91.765472165999938, 15.613555646000066 ], [ -91.765697387999978, 15.613529386000039 ], [ -91.765818359999969, 15.613478315000066 ], [ -91.765901797999959, 15.613259860000028 ], [ -91.76589447799995, 15.613116367000032 ], [ -91.76610567099999, 15.612902968000071 ], [ -91.76636216899999, 15.612726751000025 ], [ -91.766632348999963, 15.612681508000037 ], [ -91.767128017999937, 15.612653687000034 ], [ -91.767623609999987, 15.612613383000053 ], [ -91.76788800199995, 15.612674263000031 ], [ -91.768191951999938, 15.612884690000044 ], [ -91.768457610999974, 15.613151504000029 ], [ -91.768755773999942, 15.613468055000055 ], [ -91.768995408999956, 15.613691333000077 ], [ -91.769236555999953, 15.613956307000024 ], [ -91.769719219999956, 15.614111513000068 ], [ -91.769944786999986, 15.614141413000027 ], [ -91.770299793999982, 15.614276654000037 ], [ -91.770673271999954, 15.614274493000039 ], [ -91.771265763999963, 15.614283545000035 ], [ -91.771497885999963, 15.614332126000022 ], [ -91.77186588699999, 15.614486012000043 ], [ -91.772105218999968, 15.614659364000033 ], [ -91.772125806999952, 15.614865185000042 ], [ -91.772117112999979, 15.615004061000036 ], [ -91.772083540999972, 15.615320996000037 ], [ -91.772111761999952, 15.615720234000037 ], [ -91.772266096999942, 15.615984162000075 ], [ -91.772410780999962, 15.616174068000078 ], [ -91.772547393999957, 15.616397939000024 ], [ -91.772686884999985, 15.616655839000032 ], [ -91.772672282999963, 15.616809097000043 ], [ -91.772795825999935, 15.617001841000047 ], [ -91.772810629999981, 15.617313787000057 ], [ -91.772773110999935, 15.617494983000029 ], [ -91.772677635999969, 15.617676515000028 ], [ -91.772672737999983, 15.617926169000043 ], [ -91.772764314999961, 15.618156541000076 ], [ -91.772824503999971, 15.618518149000067 ], [ -91.77296123299999, 15.618760740000027 ], [ -91.773109917999989, 15.61885348800007 ], [ -91.773220956999978, 15.618811605000076 ], [ -91.773520575999953, 15.61861396200004 ], [ -91.773777227999972, 15.618462699000077 ], [ -91.773969909999948, 15.618380452000054 ], [ -91.774131125999986, 15.618416960000047 ], [ -91.774307987999975, 15.61858118300006 ], [ -91.774344859999985, 15.618615420000026 ], [ -91.774628541999959, 15.618669940000075 ], [ -91.774962927999979, 15.618593110000063 ], [ -91.775176162999969, 15.618710444000044 ], [ -91.77548533199996, 15.61872113000004 ], [ -91.775879486999941, 15.618937261000042 ], [ -91.776194444999987, 15.619250005000026 ], [ -91.76008333499999, 15.619861112000024 ], [ -91.751666668999974, 15.635694446000059 ], [ -91.73975, 15.638027779000026 ], [ -91.736972326999989, 15.637104679000061 ] ] ] ] } },
{ "type": "Feature", "properties": { "Codigo": 1230, "datos_finales_color_riesgo": "9AB5DC" }, "geometry": { "type": "MultiPolygon", "coordinates": [ [ [ [ -92.137125081999955, 14.616823108000062 ], [ -92.135687359999963, 14.616115695000076 ], [ -92.133720202999939, 14.615134036000029 ], [ -92.132657843999937, 14.614623135000045 ], [ -92.131928343999959, 14.614133460000062 ], [ -92.129377938999937, 14.61280242600003 ], [ -92.128017566999972, 14.612069754000061 ], [ -92.127118721999977, 14.611581245000025 ], [ -92.126298946999952, 14.611151083000038 ], [ -92.124780592999969, 14.610319357000037 ], [ -92.123693561999971, 14.609737899000038 ], [ -92.122552055999961, 14.609150925000051 ], [ -92.121179455999936, 14.608394732000022 ], [ -92.120232120999958, 14.60788885900007 ], [ -92.119224260999943, 14.607377512000028 ], [ -92.118258831999981, 14.606877646000044 ], [ -92.117220780999958, 14.606372389000057 ], [ -92.115593529999956, 14.605529570000044 ], [ -92.11390572, 14.604675377000035 ], [ -92.112321604999977, 14.603938261000053 ], [ -92.111641169999984, 14.603530640000031 ], [ -92.109127582999974, 14.602240338000058 ], [ -92.107257766999965, 14.601304882000022 ], [ -92.103742097999941, 14.599450053000055 ], [ -92.101902268999936, 14.598473111000033 ], [ -92.099042797999971, 14.597014242000057 ], [ -92.097251477999976, 14.596048708000069 ], [ -92.094750356999953, 14.594787601000064 ], [ -92.093475761999969, 14.594177816000069 ], [ -92.092862426999943, 14.593840360000058 ], [ -92.091156677999948, 14.592991998000059 ], [ -92.090239793999956, 14.592497563000052 ], [ -92.086190255999952, 14.590397145000054 ], [ -92.086086878999936, 14.59030513600004 ], [ -92.085565595999981, 14.591342612000062 ], [ -92.085067350999964, 14.592367807000073 ], [ -92.084609643999954, 14.593490089000056 ], [ -92.084152185999983, 14.59464771100005 ], [ -92.083171886999935, 14.596280111000056 ], [ -92.082354704999943, 14.597711233000041 ], [ -92.082084637999969, 14.598184192000076 ], [ -92.080472188999977, 14.600944431000073 ], [ -92.078054109999982, 14.599589836000064 ], [ -92.076026658999979, 14.598584496000058 ], [ -92.074873049999951, 14.597973790000026 ], [ -92.072706805999985, 14.597010588000046 ], [ -92.070819640999957, 14.596163294000064 ], [ -92.067330542999969, 14.594596331000048 ], [ -92.065583651999987, 14.593907091000062 ], [ -92.064551309999956, 14.593330859000048 ], [ -92.064368651999985, 14.593161260000045 ], [ -92.063391082999942, 14.592631778000055 ], [ -92.061120200999937, 14.591398198000036 ], [ -92.058941807999986, 14.590411375000031 ], [ -92.057830039999942, 14.589717830000041 ], [ -92.055989342999965, 14.588581462000036 ], [ -92.055479849999983, 14.588266321000049 ], [ -92.053954253999962, 14.587322671000038 ], [ -92.053474213999948, 14.587007779000032 ], [ -92.053158460999953, 14.586809730000027 ], [ -92.050807212999985, 14.585334936000038 ], [ -92.050820172999977, 14.584567020000065 ], [ -92.050859628999945, 14.582454142000074 ], [ -92.050920691999977, 14.579944391000026 ], [ -92.050930179999966, 14.578707327000075 ], [ -92.050970113999938, 14.577499512000031 ], [ -92.051039205999984, 14.575272450000057 ], [ -92.051080006999939, 14.574188330000027 ], [ -92.050249741999949, 14.571354623000047 ], [ -92.049964173999967, 14.570302119000075 ], [ -92.049129458999971, 14.567692272000045 ], [ -92.048623785999951, 14.56609542700005 ], [ -92.048611150999989, 14.566055526000071 ], [ -92.048989130999985, 14.565784682000071 ], [ -92.049704946999952, 14.565581362000046 ], [ -92.049715330999959, 14.565578282000047 ], [ -92.051234363999981, 14.565127736000022 ], [ -92.053093317999981, 14.564585254000065 ], [ -92.05350961299996, 14.564441117000058 ], [ -92.054321456999958, 14.563781880000022 ], [ -92.054816230999961, 14.563380678000044 ], [ -92.055199530999971, 14.56308096600003 ], [ -92.05504648499999, 14.562816912000073 ], [ -92.055504198999984, 14.562542906000033 ], [ -92.055951568999944, 14.56165635900004 ], [ -92.056300175999979, 14.561347735000027 ], [ -92.057437909999976, 14.563177991000032 ], [ -92.057873941999958, 14.563770982000051 ], [ -92.058024099999955, 14.563975191000054 ], [ -92.058634028999961, 14.564707436000049 ], [ -92.060781063999968, 14.567266475000054 ], [ -92.062824068999987, 14.566264008000076 ], [ -92.064910102999988, 14.565337037000063 ], [ -92.065506859999971, 14.565056192000043 ], [ -92.066971385999977, 14.564565652000056 ], [ -92.06733331099997, 14.564444424000044 ], [ -92.067107211999939, 14.563502047000043 ], [ -92.066620996999973, 14.561449135000032 ], [ -92.06655554799994, 14.561111083000071 ], [ -92.066725933999976, 14.56040635100004 ], [ -92.06703373199997, 14.55908776900003 ], [ -92.067166681999936, 14.558638862000066 ], [ -92.067188209999983, 14.558615579000048 ], [ -92.067204832999948, 14.558597603000067 ], [ -92.067317076999984, 14.558476213000063 ], [ -92.067895545999988, 14.558177815000022 ], [ -92.068269525999938, 14.558039828000062 ], [ -92.068489570999986, 14.557982232000029 ], [ -92.069289158999936, 14.557697235000035 ], [ -92.069735080999976, 14.557470407000039 ], [ -92.070598240999971, 14.556972190000067 ], [ -92.070985856999982, 14.556747305000044 ], [ -92.07235736199999, 14.555709229000058 ], [ -92.074972207999963, 14.553833289000067 ], [ -92.076611115999981, 14.554249964000064 ], [ -92.076642223999954, 14.554261049000047 ], [ -92.078122071999985, 14.552305537000052 ], [ -92.07824995499999, 14.552111123000032 ], [ -92.078292188999967, 14.551970577000077 ], [ -92.078304978999938, 14.551855627000066 ], [ -92.07829598, 14.551781662000053 ], [ -92.078290618999972, 14.551749696000059 ], [ -92.07823760399998, 14.551452096000048 ], [ -92.078114169999935, 14.550981153000066 ], [ -92.078034140999989, 14.550761833000024 ], [ -92.077989273999947, 14.550513723000051 ], [ -92.077985867999985, 14.550351301000035 ], [ -92.078027760999987, 14.550166647000026 ], [ -92.078119773999958, 14.549979664000034 ], [ -92.078271578999988, 14.549708790000068 ], [ -92.078512750999948, 14.549181443000066 ], [ -92.078758802999971, 14.548702659000071 ], [ -92.07902781699994, 14.548277728000073 ], [ -92.079059012999949, 14.548157265000043 ], [ -92.079142683999976, 14.547834177000027 ], [ -92.079302059999975, 14.546915918000025 ], [ -92.079722219999951, 14.546944460000077 ], [ -92.081527808999965, 14.547388897000076 ], [ -92.082038239999974, 14.546897686000023 ], [ -92.08309759299999, 14.546199383000044 ], [ -92.083575696999958, 14.545557577000068 ], [ -92.083608509999976, 14.545481224000071 ], [ -92.080527811999957, 14.544666642000038 ], [ -92.080727155999966, 14.544198739000024 ], [ -92.081268186999978, 14.542928815000039 ], [ -92.08133335399998, 14.542944402000046 ], [ -92.081760133999978, 14.543067441000062 ], [ -92.084416689999955, 14.543833290000066 ], [ -92.084390222999957, 14.542114996000066 ], [ -92.08438887899996, 14.542027758000074 ], [ -92.084414005999975, 14.541981784000029 ], [ -92.084805589999974, 14.541361100000074 ], [ -92.085094266999988, 14.54146937400003 ], [ -92.085124470999972, 14.541481619000024 ], [ -92.085250043999963, 14.541527802000076 ], [ -92.085304121999968, 14.541645573000039 ], [ -92.086277294999945, 14.543431300000066 ], [ -92.086388850999981, 14.543611100000021 ], [ -92.087166682999964, 14.543861116000073 ], [ -92.087356778999947, 14.542303638000021 ], [ -92.087450590999936, 14.541953579000051 ], [ -92.088065564999965, 14.540903218000039 ], [ -92.088100409999981, 14.540781216000028 ], [ -92.087978647999989, 14.540521115000047 ], [ -92.087380977999942, 14.540065438000056 ], [ -92.087008242999957, 14.539670361000049 ], [ -92.086998620999964, 14.539461426000059 ], [ -92.086975434999943, 14.538957958000026 ], [ -92.086975911999957, 14.538940792000062 ], [ -92.086972254999978, 14.538888890000067 ], [ -92.087024139999983, 14.538484366000034 ], [ -92.087122586999953, 14.538298151000049 ], [ -92.087467868999966, 14.538193587000023 ], [ -92.088544488999958, 14.537992520000046 ], [ -92.089464161999956, 14.537853747000042 ], [ -92.091489326999977, 14.536925513000028 ], [ -92.091638900999953, 14.536944427000037 ], [ -92.092515355999979, 14.537073163000059 ], [ -92.092586773999983, 14.537087303000021 ], [ -92.092874433999953, 14.537387814000056 ], [ -92.093547624999985, 14.538091073000032 ], [ -92.094522921999953, 14.537488034000035 ], [ -92.095589959999984, 14.537030154000036 ], [ -92.096437938999941, 14.536692115000051 ], [ -92.096603175999974, 14.536656574000062 ], [ -92.096856756999955, 14.536601832000031 ], [ -92.097236080999949, 14.536373939000043 ], [ -92.097295963999954, 14.53625726000007 ], [ -92.097356907999938, 14.536147808000067 ], [ -92.097081794999951, 14.53590289300007 ], [ -92.09651551099995, 14.535398764000035 ], [ -92.096192769999959, 14.53508221800007 ], [ -92.096046412999954, 14.534910921000062 ], [ -92.095985903999974, 14.534694862000038 ], [ -92.095951025999966, 14.534569668000074 ], [ -92.095845731999987, 14.534121503000051 ], [ -92.095861049999939, 14.533728215000053 ], [ -92.095934688999989, 14.533246174000055 ], [ -92.096042290999947, 14.533073147000039 ], [ -92.096172032999959, 14.532950624000023 ], [ -92.096603845999937, 14.532695834000037 ], [ -92.096937547999971, 14.532602662000045 ], [ -92.097400643999947, 14.532501911000054 ], [ -92.097937520999949, 14.532321539000066 ], [ -92.098365177999938, 14.532088897000051 ], [ -92.09876116099997, 14.531656198000064 ], [ -92.099061498999959, 14.531377301000077 ], [ -92.09953756699997, 14.531150217000061 ], [ -92.099803021999946, 14.531065940000076 ], [ -92.100414189999981, 14.531126561000065 ], [ -92.100972125999988, 14.531352476000052 ], [ -92.101367569999979, 14.531685526000047 ], [ -92.101751260999947, 14.53206577800006 ], [ -92.102091650999967, 14.532310847000076 ], [ -92.102758429999938, 14.532536012000037 ], [ -92.103097123999987, 14.532545476000053 ], [ -92.10317102099998, 14.532519870000044 ], [ -92.103374586999962, 14.532449332000056 ], [ -92.103717457999949, 14.532199590000062 ], [ -92.103890598999953, 14.531892106000043 ], [ -92.103897723999978, 14.531713378000063 ], [ -92.103905223999959, 14.531525239000075 ], [ -92.103884438999955, 14.53103804400007 ], [ -92.103833050999981, 14.530620179000039 ], [ -92.103501102999985, 14.52986848200004 ], [ -92.10320552099995, 14.529128317000072 ], [ -92.103014131999942, 14.528581820000056 ], [ -92.10295767599996, 14.528299468000057 ], [ -92.102943121999942, 14.527957926000056 ], [ -92.103056008999943, 14.527680306000036 ], [ -92.103146177999974, 14.527551907000031 ], [ -92.103427661999945, 14.527230096000039 ], [ -92.10367593899997, 14.526911840000025 ], [ -92.103798973999972, 14.52673276400003 ], [ -92.103845603999957, 14.526490939000041 ], [ -92.103855021999948, 14.526119781000034 ], [ -92.10386325099995, 14.525583701000073 ], [ -92.103925301999936, 14.524964786000055 ], [ -92.104005832999974, 14.524392869000053 ], [ -92.10447235099997, 14.523682832000077 ], [ -92.10493852799999, 14.522925673000032 ], [ -92.105158827999958, 14.522601044000055 ], [ -92.105224501999942, 14.52233467800005 ], [ -92.105149651999966, 14.522017110000036 ], [ -92.10502719699997, 14.521805895000057 ], [ -92.104808425999977, 14.521654242000068 ], [ -92.104432961999976, 14.521574346000023 ], [ -92.104131412999948, 14.521682436000049 ], [ -92.103746784999942, 14.522009038000022 ], [ -92.103416487999937, 14.522323487000051 ], [ -92.103073206999966, 14.522514326000078 ], [ -92.102735291999977, 14.522610882000038 ], [ -92.102360420999958, 14.522613444000058 ], [ -92.102015229999949, 14.522539228000028 ], [ -92.101607370999943, 14.522159139000053 ], [ -92.101406189999977, 14.521930788000077 ], [ -92.101409608999973, 14.521565560000056 ], [ -92.10140596399998, 14.521059012000023 ], [ -92.101359697999953, 14.520511522000049 ], [ -92.101339439999947, 14.520217141000046 ], [ -92.101337278999949, 14.519916746000035 ], [ -92.101371748999952, 14.519800553000039 ], [ -92.101444430999948, 14.519555551000053 ], [ -92.101696210999989, 14.519528595000054 ], [ -92.101893174999987, 14.519389498000066 ], [ -92.102203851999946, 14.519332274000021 ], [ -92.102511042999936, 14.519281962000036 ], [ -92.102843101999952, 14.519248699000059 ], [ -92.103089950999959, 14.519164360000048 ], [ -92.103357785999947, 14.519048884000028 ], [ -92.103691915999946, 14.518812421000064 ], [ -92.10393411199999, 14.518573142000037 ], [ -92.104287910999972, 14.518123027000058 ], [ -92.104515494999987, 14.517818416000068 ], [ -92.104812484999968, 14.517334251000023 ], [ -92.10502889199995, 14.516950508000036 ], [ -92.105174997999939, 14.516622347000066 ], [ -92.105303279999987, 14.516273645000069 ], [ -92.10546643899994, 14.515859271000068 ], [ -92.105612071999985, 14.515465681000023 ], [ -92.105722430999947, 14.515082663000044 ], [ -92.105801223999947, 14.514734300000043 ], [ -92.10590132499999, 14.514399565000076 ], [ -92.10599687199999, 14.513923666000039 ], [ -92.106015770999988, 14.51360326300005 ], [ -92.106007459999944, 14.513431130000072 ], [ -92.10595932199999, 14.513128405000032 ], [ -92.105911009999943, 14.512801574000036 ], [ -92.105824584999937, 14.512581762000025 ], [ -92.105634731999942, 14.512235237000027 ], [ -92.105363306999948, 14.511851388000025 ], [ -92.105127503999938, 14.511505176000071 ], [ -92.104966874999946, 14.511289315000056 ], [ -92.104766717999951, 14.510984185000041 ], [ -92.104655675999936, 14.510781760000043 ], [ -92.104580254999973, 14.510616973000026 ], [ -92.104535579999947, 14.510303892000024 ], [ -92.104519380999989, 14.510018167000055 ], [ -92.104495344999975, 14.509625737000022 ], [ -92.104518822999978, 14.50944994200006 ], [ -92.104549940999959, 14.509353303000069 ], [ -92.104630793999945, 14.509290762000035 ], [ -92.104775817999951, 14.509303545000023 ], [ -92.105041594999989, 14.509394710000038 ], [ -92.10538194899999, 14.50953357800006 ], [ -92.105697907999968, 14.509720826000034 ], [ -92.105786599999988, 14.509764989000075 ], [ -92.106062658999974, 14.509811313000057 ], [ -92.106486780999944, 14.509801522000032 ], [ -92.10709065399999, 14.50971818000005 ], [ -92.107818067999972, 14.509609883000053 ], [ -92.108104134999962, 14.509573485000033 ], [ -92.108248711999977, 14.50952428100004 ], [ -92.108329264999952, 14.509420415000022 ], [ -92.108374296999955, 14.509292686000038 ], [ -92.108340569999939, 14.509027744000036 ], [ -92.108233109999958, 14.508832184000028 ], [ -92.108080195999946, 14.508705811000027 ], [ -92.107829129999971, 14.508693756000071 ], [ -92.107623915999966, 14.508667611000021 ], [ -92.107442898999977, 14.508565537000038 ], [ -92.107261408999989, 14.508398034000038 ], [ -92.107101202999957, 14.508240716000046 ], [ -92.106954365999968, 14.507976548000045 ], [ -92.106910930999959, 14.507835650000061 ], [ -92.106909812999959, 14.507680686000072 ], [ -92.106957485999942, 14.507428962000063 ], [ -92.107081853999944, 14.507028629000047 ], [ -92.107312610999941, 14.506675781000069 ], [ -92.107736110999952, 14.506090878000066 ], [ -92.107981352999957, 14.505786143000023 ], [ -92.108237894999945, 14.505577757000026 ], [ -92.108516040999973, 14.505424324000046 ], [ -92.108727575999978, 14.505347111000049 ], [ -92.108989067999971, 14.505334987000026 ], [ -92.109211827999957, 14.505343792000076 ], [ -92.109166660999961, 14.504916617000049 ], [ -92.109067413999981, 14.504031332000068 ], [ -92.108423477999963, 14.503060633000075 ], [ -92.108109909999939, 14.502747064000062 ], [ -92.107193415999973, 14.502092425000058 ], [ -92.107347492999963, 14.501857088000065 ], [ -92.107632495999951, 14.501410321000037 ], [ -92.108039813999937, 14.500762116000033 ], [ -92.108687431999954, 14.501266420000036 ], [ -92.109033864999958, 14.501627077000023 ], [ -92.10936843799999, 14.501969979000023 ], [ -92.109697366999967, 14.502308169000059 ], [ -92.110023404999936, 14.50259916400006 ], [ -92.110388006999983, 14.502932138000062 ], [ -92.110539243999938, 14.503035471000032 ], [ -92.110950259999981, 14.503084836000028 ], [ -92.111534713999959, 14.503133010000056 ], [ -92.111916595999958, 14.503033473000073 ], [ -92.113004202999946, 14.502469364000035 ], [ -92.114556643999947, 14.501638644000025 ], [ -92.114732894999975, 14.501675128000045 ], [ -92.114927101999967, 14.501723071000072 ], [ -92.115111658999979, 14.501848537000058 ], [ -92.11523419599996, 14.50206429900004 ], [ -92.115460069999983, 14.502410234000024 ], [ -92.115758598999946, 14.502775958000029 ], [ -92.116084481999962, 14.503044580000051 ], [ -92.116312615999959, 14.503199564000056 ], [ -92.116686762999962, 14.503440517000058 ], [ -92.117034539999963, 14.503562372000033 ], [ -92.117499695999982, 14.50369087200005 ], [ -92.117854943999987, 14.503787824000028 ], [ -92.118406549999975, 14.503878451000048 ], [ -92.118889000999957, 14.503929795000033 ], [ -92.119345983999949, 14.503986283000074 ], [ -92.119828363999943, 14.50402768400005 ], [ -92.120339015999946, 14.504098710000051 ], [ -92.120721906999961, 14.504138312000066 ], [ -92.120980090999979, 14.504216049000036 ], [ -92.122470064999959, 14.505094218000067 ], [ -92.124354619999963, 14.506480658000044 ], [ -92.125282205999952, 14.506827657000031 ], [ -92.126125368999965, 14.507204688000058 ], [ -92.127192746999981, 14.507650846000047 ], [ -92.128175227999975, 14.508062245000076 ], [ -92.128538537999987, 14.508136299000057 ], [ -92.129209755999966, 14.508149311000068 ], [ -92.129447553999967, 14.50817177600004 ], [ -92.129874116999986, 14.508204722000073 ], [ -92.130265752999946, 14.508289074000061 ], [ -92.130668320999973, 14.508340697000051 ], [ -92.131002904999946, 14.508262184000046 ], [ -92.131269503999988, 14.508053535000045 ], [ -92.131411303999982, 14.507584537000071 ], [ -92.131926540999984, 14.50776598300007 ], [ -92.132611183999984, 14.508196582000039 ], [ -92.133261835999974, 14.50856211100006 ], [ -92.133624300999941, 14.50871763300006 ], [ -92.133810989999972, 14.508797736000076 ], [ -92.13424779199994, 14.508947071000023 ], [ -92.134696005999956, 14.509128977000046 ], [ -92.135063703999947, 14.508995808000066 ], [ -92.135307556999976, 14.508732893000058 ], [ -92.135516216999974, 14.508241659000078 ], [ -92.136101983999936, 14.507377742000074 ], [ -92.13631449799999, 14.506956150000065 ], [ -92.136487382999974, 14.50661317600003 ], [ -92.136977158999969, 14.506370313000048 ], [ -92.137602428999969, 14.506322415000056 ], [ -92.138061489999984, 14.506460704000062 ], [ -92.138510260999965, 14.506718787000068 ], [ -92.13857094399998, 14.506780949000074 ], [ -92.138847960999954, 14.507064717000048 ], [ -92.139373971999987, 14.507191651000028 ], [ -92.139550869999937, 14.506940084000064 ], [ -92.139613652999969, 14.50636279500003 ], [ -92.139594791999968, 14.50531806500004 ], [ -92.13957729399999, 14.504458354000064 ], [ -92.139757150999969, 14.504119556000035 ], [ -92.139797672999975, 14.504043224000043 ], [ -92.140354866999985, 14.503854303000026 ], [ -92.141059207999945, 14.503925569000046 ], [ -92.141101420999973, 14.503940386000068 ], [ -92.141910456999938, 14.504224367000063 ], [ -92.14233640399999, 14.504417299000067 ], [ -92.142704247999973, 14.504305886000054 ], [ -92.142924379999954, 14.503858103000027 ], [ -92.142907912999988, 14.503139877000024 ], [ -92.142290559999935, 14.501228619000074 ], [ -92.142406301999983, 14.500259137000057 ], [ -92.142837956999983, 14.499711920000038 ], [ -92.143325543999936, 14.499175194000031 ], [ -92.143632709999963, 14.498411167000029 ], [ -92.143777762999946, 14.497666627000058 ], [ -92.143422007999959, 14.49710656700006 ], [ -92.143015287999958, 14.496489026000063 ], [ -92.142522012999962, 14.496253029000059 ], [ -92.141783061999945, 14.496029633000035 ], [ -92.141573815999948, 14.494920930000035 ], [ -92.141511087999959, 14.493795659000057 ], [ -92.142058353999971, 14.493760455000029 ], [ -92.142058973999951, 14.493760415000054 ], [ -92.142059548999953, 14.493760576000057 ], [ -92.142279798999937, 14.493822227000067 ], [ -92.142596193999964, 14.49391078900004 ], [ -92.142715953999982, 14.493944311000064 ], [ -92.143308604999959, 14.494149598000035 ], [ -92.143751949999967, 14.494513003000066 ], [ -92.143978648999962, 14.494647548000046 ], [ -92.144256537999979, 14.494436170000029 ], [ -92.144350021999969, 14.493995708000057 ], [ -92.144335490999936, 14.493482700000072 ], [ -92.144386061999967, 14.49305301000004 ], [ -92.144749385999944, 14.492767732000061 ], [ -92.14509144699997, 14.492514018000065 ], [ -92.14545577399997, 14.492364864000024 ], [ -92.145767755999941, 14.492404565000072 ], [ -92.146285403999968, 14.492641785000046 ], [ -92.146661869999946, 14.492681033000054 ], [ -92.146794572999966, 14.492664879000074 ], [ -92.147090679999963, 14.492531425000038 ], [ -92.14736933599994, 14.492424755000059 ], [ -92.147680775999959, 14.492391156000053 ], [ -92.148099069999944, 14.49227303400005 ], [ -92.148311615999944, 14.491946923000057 ], [ -92.148202440999967, 14.491717314000027 ], [ -92.14799592199995, 14.491404614000032 ], [ -92.147800613999948, 14.491154666000057 ], [ -92.147879400999955, 14.491054116000043 ], [ -92.147916642999974, 14.490944450000029 ], [ -92.147972218999939, 14.490972164000027 ], [ -92.148082263999981, 14.490837561000035 ], [ -92.148491886999977, 14.49052623700004 ], [ -92.148933930999988, 14.490350353000053 ], [ -92.148986783999987, 14.49032214500005 ], [ -92.149455823999972, 14.490071810000074 ], [ -92.149818192999987, 14.490022144000022 ], [ -92.150068296999962, 14.490051803000028 ], [ -92.150335219999988, 14.490175587000067 ], [ -92.15043310599998, 14.490331974000071 ], [ -92.150437194999938, 14.490448293000043 ], [ -92.150460832999954, 14.490810854000074 ], [ -92.150521030999982, 14.491214549000063 ], [ -92.150528686999962, 14.491265892000058 ], [ -92.150635854999962, 14.491587141000025 ], [ -92.150766623999971, 14.491829687000063 ], [ -92.151017137999986, 14.491914317000067 ], [ -92.151338740999961, 14.491802105000033 ], [ -92.151720739999973, 14.491493781000031 ], [ -92.151731375999987, 14.491485197000031 ], [ -92.151994577999972, 14.491106369000022 ], [ -92.152234469999939, 14.490845511000032 ], [ -92.152563375999989, 14.490631148000034 ], [ -92.152918032999935, 14.490628653000044 ], [ -92.153064050999944, 14.490753285000039 ], [ -92.153066786999943, 14.491122389000054 ], [ -92.152932495999949, 14.491492457000049 ], [ -92.152789214999984, 14.492059512000026 ], [ -92.15271761799994, 14.492711581000037 ], [ -92.152702236999971, 14.493214326000043 ], [ -92.152896059999989, 14.493585285000051 ], [ -92.153452214999959, 14.493860613000038 ], [ -92.153857778999964, 14.494028105000041 ], [ -92.154161360999979, 14.494153479000033 ], [ -92.154774698999972, 14.494409785000073 ], [ -92.155405210999959, 14.49440534200005 ], [ -92.155707733999975, 14.493975039000077 ], [ -92.155912374999957, 14.493228952000038 ], [ -92.15586932399998, 14.492577691000065 ], [ -92.155731571999979, 14.492038794000052 ], [ -92.15546146, 14.491686991000051 ], [ -92.155247284999973, 14.491148632000034 ], [ -92.155052355999942, 14.490628754000056 ], [ -92.155134152999949, 14.490214734000062 ], [ -92.155144432999975, 14.490162702000077 ], [ -92.15539156799997, 14.489993415000072 ], [ -92.155754306999938, 14.489953627000034 ], [ -92.156444058999966, 14.490209391000064 ], [ -92.157174375999944, 14.490781341000059 ], [ -92.158211086999984, 14.49144420600004 ], [ -92.158480410999971, 14.491630842000063 ], [ -92.158902506999937, 14.491923344000043 ], [ -92.159552254999937, 14.491937371000063 ], [ -92.159875119999981, 14.491674465000074 ], [ -92.159757019999972, 14.491209897000033 ], [ -92.15954200499999, 14.490559853000036 ], [ -92.159517219999941, 14.489796768000076 ], [ -92.15967451099999, 14.489445108000041 ], [ -92.159817928999985, 14.489124464000042 ], [ -92.160211820999962, 14.488918722000051 ], [ -92.160670687999982, 14.488838906000069 ], [ -92.161063319999982, 14.488794900000073 ], [ -92.161170111999979, 14.488673843000072 ], [ -92.161249983999937, 14.488583301000062 ], [ -92.162472226999967, 14.487416634000056 ], [ -92.162907417999975, 14.486952425000027 ], [ -92.163198665999971, 14.486641755000051 ], [ -92.163305511999965, 14.486527784000032 ], [ -92.16355098799994, 14.486154990000045 ], [ -92.16372185299997, 14.485911496000028 ], [ -92.164110278999942, 14.486114905000022 ], [ -92.164602219999949, 14.486417713000037 ], [ -92.165428228999986, 14.486930202000053 ], [ -92.166175609999982, 14.487437354000065 ], [ -92.166965705999985, 14.487997213000028 ], [ -92.167415558999949, 14.48832976500006 ], [ -92.167573481999966, 14.48842877800007 ], [ -92.168089877999989, 14.488766746000067 ], [ -92.168679169999962, 14.489151317000051 ], [ -92.169297463999953, 14.489597106000076 ], [ -92.170186141999977, 14.490177290000076 ], [ -92.170842379999954, 14.490620281000076 ], [ -92.171467643999961, 14.490963356000066 ], [ -92.171868925999945, 14.491266792000033 ], [ -92.172556014999941, 14.491792021000037 ], [ -92.172975478999945, 14.492101216000037 ], [ -92.173461310999983, 14.492392266000024 ], [ -92.173801968999953, 14.492672569000035 ], [ -92.17404550399999, 14.492900552000037 ], [ -92.17420515799995, 14.493229266000071 ], [ -92.180213157999958, 14.496933915000056 ], [ -92.180668376999961, 14.497112163000054 ], [ -92.181160140999964, 14.497385483000073 ], [ -92.181639725999958, 14.497647107000034 ], [ -92.18202249699999, 14.497897644000034 ], [ -92.182556491999947, 14.498158877000037 ], [ -92.183168767999973, 14.498378317000061 ], [ -92.183738993999953, 14.498633397000049 ], [ -92.184339492999982, 14.498894149000023 ], [ -92.185067480999976, 14.499224666000032 ], [ -92.185983814999986, 14.499677523000059 ], [ -92.187125263999974, 14.500274224000066 ], [ -92.187561826999968, 14.500484921000066 ], [ -92.187531637999939, 14.500517573000025 ], [ -92.186764140999969, 14.50184009700007 ], [ -92.185586562999958, 14.503869223000038 ], [ -92.185277791999965, 14.504333294000048 ], [ -92.185277822999979, 14.50583333000003 ], [ -92.184962713999937, 14.506313749000071 ], [ -92.184611600999972, 14.506787483000039 ], [ -92.184195603999967, 14.507209326000066 ], [ -92.183638902999974, 14.507555495000076 ], [ -92.182166801999983, 14.50898307600005 ], [ -92.180924231999938, 14.509546966000073 ], [ -92.179422992999946, 14.510018458000047 ], [ -92.178362808999964, 14.510539144000063 ], [ -92.177604905999942, 14.511235679000038 ], [ -92.176838536999981, 14.512235946000033 ], [ -92.176759849999939, 14.512508227000069 ], [ -92.176656818999959, 14.513797491000048 ], [ -92.176578954999968, 14.514876608000066 ], [ -92.176209467999968, 14.51576932200004 ], [ -92.175239017999957, 14.516791986000044 ], [ -92.174324899999988, 14.51815980300006 ], [ -92.17369783099997, 14.519106711000063 ], [ -92.172464779999984, 14.520948014000055 ], [ -92.170888623999986, 14.522963102000062 ], [ -92.168831194999939, 14.526550414000042 ], [ -92.168375737999952, 14.527532292000046 ], [ -92.167760309999949, 14.528604763000033 ], [ -92.167101959999968, 14.529688010000029 ], [ -92.166473731999986, 14.530488311000056 ], [ -92.16535033599996, 14.531197886000029 ], [ -92.164195547999952, 14.532022866000034 ], [ -92.161895164999976, 14.533441023000023 ], [ -92.159850392999942, 14.534598263000078 ], [ -92.158733741999981, 14.535152053000047 ], [ -92.157461656999942, 14.535735626000076 ], [ -92.156073765999963, 14.53641689400007 ], [ -92.154495465999958, 14.537285437000037 ], [ -92.152900184999964, 14.538155365000023 ], [ -92.152014047999955, 14.538978397000051 ], [ -92.15098971599997, 14.540011831000072 ], [ -92.15056478799994, 14.540695477000043 ], [ -92.150334158999954, 14.54108427500006 ], [ -92.149759943999982, 14.542334711000024 ], [ -92.149713813999938, 14.543361249000043 ], [ -92.149613390999946, 14.544314868000072 ], [ -92.149446680999972, 14.545028108000054 ], [ -92.148949996999988, 14.545990115000052 ], [ -92.14840974699996, 14.547265853000056 ], [ -92.148068516999956, 14.549090307000029 ], [ -92.147749793999935, 14.551050733000068 ], [ -92.147752408999963, 14.552851823000026 ], [ -92.147941534999973, 14.55370915900005 ], [ -92.148680405999983, 14.554761581000037 ], [ -92.149545720999981, 14.55546754900007 ], [ -92.150766723999936, 14.555965854000021 ], [ -92.151604487999975, 14.556186034000064 ], [ -92.152466308999976, 14.556420795000065 ], [ -92.153041536999979, 14.557149739000067 ], [ -92.15311711399994, 14.558636162000028 ], [ -92.152463681999961, 14.560399996000058 ], [ -92.151742541999965, 14.561734974000046 ], [ -92.151278008999952, 14.56287965100006 ], [ -92.150419840999973, 14.564903005000076 ], [ -92.14894271299994, 14.56685492500003 ], [ -92.145091626999942, 14.571128048000048 ], [ -92.144828381999957, 14.571731679000038 ], [ -92.144869645999961, 14.572946089000027 ], [ -92.145038872999976, 14.57413506000006 ], [ -92.145389018999936, 14.574837785000057 ], [ -92.145844537999949, 14.575368626000056 ], [ -92.14625222799998, 14.575612188000036 ], [ -92.147239299999967, 14.576169607000054 ], [ -92.147927247999974, 14.576390632000027 ], [ -92.148746609999989, 14.576688528000034 ], [ -92.149891008999987, 14.577319214000056 ], [ -92.150736368999958, 14.57814440900006 ], [ -92.151418579999984, 14.578868680000028 ], [ -92.151513415999943, 14.579083345000072 ], [ -92.151759211999945, 14.579850595000039 ], [ -92.151742327999955, 14.580454750000058 ], [ -92.151201318999938, 14.581456681000077 ], [ -92.150694057999942, 14.582643548000021 ], [ -92.14997464299995, 14.584219359000031 ], [ -92.149335775999987, 14.585061593000034 ], [ -92.148739209999974, 14.58580928300006 ], [ -92.148282724999945, 14.586597870000048 ], [ -92.14804322399999, 14.587646713000026 ], [ -92.148020317999965, 14.588903458000061 ], [ -92.148310312999968, 14.590304596000067 ], [ -92.148662563999949, 14.591401619000067 ], [ -92.148904567999978, 14.592132916000025 ], [ -92.149518309999962, 14.593688837000059 ], [ -92.150134715999968, 14.595600768000054 ], [ -92.150506305999954, 14.596552578000058 ], [ -92.150714659999949, 14.596947492000027 ], [ -92.150957928999958, 14.597846321000077 ], [ -92.151021220999951, 14.599123397000028 ], [ -92.151029813999969, 14.600275201000045 ], [ -92.15082343499995, 14.601438999000038 ], [ -92.150100616999964, 14.602564563000044 ], [ -92.149326180999935, 14.603498513000034 ], [ -92.148614211999984, 14.604170708000026 ], [ -92.146517813999935, 14.605668503000061 ], [ -92.144818452999971, 14.606588024000075 ], [ -92.143621188999987, 14.607545883000057 ], [ -92.142225058999941, 14.608756454000059 ], [ -92.140711435999947, 14.609967267000059 ], [ -92.140316910999957, 14.610529102000044 ], [ -92.139337358999967, 14.611848424000073 ], [ -92.138373892999937, 14.613404986000035 ], [ -92.138198658999954, 14.613773945000048 ], [ -92.137583562999964, 14.615910907000057 ], [ -92.137564626999961, 14.615989905000049 ], [ -92.137436334999961, 14.616525115000059 ], [ -92.137388559999977, 14.616850505000059 ], [ -92.137375153999983, 14.616946152000025 ], [ -92.137125081999955, 14.616823108000062 ] ] ] ] } },
{ "type": "Feature", "properties": { "Codigo": 1707, "datos_finales_color_vul": "9AB5DC" }, "geometry": { "type": "MultiPolygon", "coordinates": [ [ [ [ -89.330592678999949, 16.922332300000051 ], [ -89.331252802999984, 16.92234303400005 ], [ -89.331877567999982, 16.922062100000062 ], [ -89.332225704999985, 16.921573154000043 ], [ -89.33259039099994, 16.920804756000052 ], [ -89.333424615999945, 16.920538858000043 ], [ -89.334002148999957, 16.920245788000045 ], [ -89.333875880999983, 16.919535125000039 ], [ -89.33369335499998, 16.918734340000071 ], [ -89.334112252999944, 16.918191386000046 ], [ -89.335192347999964, 16.91848036500005 ], [ -89.335642878999977, 16.918724204000057 ], [ -89.336308283999983, 16.919309177000059 ], [ -89.336839318999978, 16.919026544000076 ], [ -89.337023568999939, 16.918558336000046 ], [ -89.337047677999976, 16.917918051000072 ], [ -89.336999320999951, 16.917389270000058 ], [ -89.337047512999959, 16.916715576000058 ], [ -89.337614405999943, 16.916365901000063 ], [ -89.338598775999969, 16.916181632000075 ], [ -89.339273685999956, 16.915699653000047 ], [ -89.339469293999969, 16.915219234000062 ], [ -89.339598163999938, 16.914614667000023 ], [ -89.339143965999938, 16.913954529000023 ], [ -89.339235145999965, 16.913450807000061 ], [ -89.339941064999948, 16.913182576000054 ], [ -89.340411546999974, 16.913000369000031 ], [ -89.340860996999936, 16.912693700000034 ], [ -89.341266641999937, 16.912228320000054 ], [ -89.341653321999956, 16.91156181100007 ], [ -89.342177669999955, 16.910986881000042 ], [ -89.342690449999964, 16.910434302000056 ], [ -89.343188271999963, 16.910049529000048 ], [ -89.344069797999964, 16.909728021000035 ], [ -89.344669837999959, 16.90948043800006 ], [ -89.344683505999967, 16.908772279000061 ], [ -89.345031992999964, 16.907654993000051 ], [ -89.345679969999935, 16.907351857000037 ], [ -89.346438643999988, 16.907354143000077 ], [ -89.347134420999964, 16.907579779000059 ], [ -89.347773501999939, 16.907737846000032 ], [ -89.348327698999981, 16.907466869000075 ], [ -89.348637781999969, 16.906516963000058 ], [ -89.348554900999943, 16.90595372100006 ], [ -89.348061365999968, 16.905539937000071 ], [ -89.347560941999973, 16.905453160000036 ], [ -89.34679121399995, 16.905416843000069 ], [ -89.346242794999966, 16.904811439000071 ], [ -89.34664556499996, 16.903885754000044 ], [ -89.346984503999977, 16.903262369000061 ], [ -89.34726789299998, 16.902481192000039 ], [ -89.347489407999944, 16.901900830000045 ], [ -89.347575123999945, 16.901071 ], [ -89.347552915999984, 16.900429880000047 ], [ -89.347296227999948, 16.899795848000053 ], [ -89.347519912999985, 16.89910272000003 ], [ -89.348001390999968, 16.898347641000043 ], [ -89.348140469999976, 16.897788364000064 ], [ -89.347331723999957, 16.897346393000078 ], [ -89.346866396999985, 16.896686075000048 ], [ -89.346938635999948, 16.895339363000062 ], [ -89.347079669999971, 16.894678599000031 ], [ -89.347280285999943, 16.892749859000048 ], [ -89.347743358999935, 16.89176320200005 ], [ -89.348054732999969, 16.891352515000051 ], [ -89.348227053999949, 16.890861512000072 ], [ -89.348236783999937, 16.890356327000063 ], [ -89.348657019999962, 16.889768226000058 ], [ -89.349353358999963, 16.889353128000039 ], [ -89.350221911999938, 16.889121586000044 ], [ -89.350897225999972, 16.88919003500007 ], [ -89.351945520999948, 16.889298977000067 ], [ -89.352578694999977, 16.889152341000056 ], [ -89.352679705999947, 16.888164851000056 ], [ -89.352481763999947, 16.887521721000041 ], [ -89.352542885999981, 16.886780560000034 ], [ -89.352854215999969, 16.886370992000025 ], [ -89.353688483999974, 16.886093698000025 ], [ -89.354558819999966, 16.885738083000035 ], [ -89.355020759999945, 16.885386467000046 ], [ -89.355455967999944, 16.884596693000049 ], [ -89.355606284999965, 16.884060165000051 ], [ -89.355627725999966, 16.883554054000058 ], [ -89.356235230999971, 16.882912862000069 ], [ -89.357201388999954, 16.882447261000038 ], [ -89.357832523999946, 16.88179520400007 ], [ -89.358583049999936, 16.88160664000003 ], [ -89.35909576399996, 16.881660885000031 ], [ -89.359775024999976, 16.882133211000053 ], [ -89.360408150999945, 16.881987675000062 ], [ -89.361455146999958, 16.882163092000042 ], [ -89.362080451999987, 16.881814363000046 ], [ -89.362157091999961, 16.880872672000066 ], [ -89.362016402999984, 16.880297123000048 ], [ -89.361850797999978, 16.879798965000077 ], [ -89.361550383999941, 16.879029932000037 ], [ -89.36098371199995, 16.878154644000062 ], [ -89.360414470999956, 16.877413545000024 ], [ -89.359769771999936, 16.87694183800005 ], [ -89.359331428999951, 16.876675718000058 ], [ -89.358847107999964, 16.87636365700007 ], [ -89.358226941999988, 16.875834852000025 ], [ -89.35792373299995, 16.875212417000057 ], [ -89.357749374999969, 16.874591144000021 ], [ -89.357961471999943, 16.873245772000075 ], [ -89.35810005799999, 16.872709032000046 ], [ -89.358261846999937, 16.87218398400006 ], [ -89.358426017999989, 16.871534891000067 ], [ -89.358759378999935, 16.870585362000043 ], [ -89.359090572999946, 16.869748599000047 ], [ -89.359445186999949, 16.86891225200003 ], [ -89.359859866999955, 16.86799800600005 ], [ -89.360259435999978, 16.867230138000025 ], [ -89.360505355999976, 16.866593775000069 ], [ -89.360763908999957, 16.865878673000054 ], [ -89.360924601999955, 16.865410004000069 ], [ -89.361152255999968, 16.864503711000054 ], [ -89.361173430999941, 16.864010001000054 ], [ -89.361007618999963, 16.863523120000025 ], [ -89.360598166999978, 16.862942795000038 ], [ -89.360225949999972, 16.862284170000066 ], [ -89.360083541999984, 16.861798834000069 ], [ -89.35979055699994, 16.861254419000034 ], [ -89.359100855999941, 16.860657832000072 ], [ -89.358347741999978, 16.860374843000045 ], [ -89.357631925999954, 16.859979710000061 ], [ -89.356941027999937, 16.859507182000073 ], [ -89.356364359999986, 16.859125799000026 ], [ -89.355886704999989, 16.858499136000034 ], [ -89.355678586999943, 16.857775740000022 ], [ -89.355671323999957, 16.856932960000051 ], [ -89.355737112999975, 16.855945961000032 ], [ -89.355841412999951, 16.855363489000069 ], [ -89.356353998999964, 16.854809709000051 ], [ -89.356705555999952, 16.854131233000032 ], [ -89.356782482999961, 16.853143303000024 ], [ -89.35659986, 16.852342528000065 ], [ -89.356022716999973, 16.852017543000045 ], [ -89.355360165999969, 16.851870395000049 ], [ -89.35447456299994, 16.851809525000021 ], [ -89.353704610999955, 16.851795829000025 ], [ -89.353303018999952, 16.851418684000066 ], [ -89.353327667999963, 16.850744552000037 ], [ -89.353764440999953, 16.849898394000036 ], [ -89.354125838999948, 16.849286653000036 ], [ -89.354403627999943, 16.848820069000055 ], [ -89.354708572999982, 16.848128361000022 ], [ -89.354838449999988, 16.847433539000065 ], [ -89.354835992999938, 16.846950692000064 ], [ -89.354765654999937, 16.846342552000067 ], [ -89.354530819999979, 16.845821730000068 ], [ -89.354357841999956, 16.845098963000055 ], [ -89.354337933999943, 16.844334920000051 ], [ -89.35454243099997, 16.843383101000029 ], [ -89.355505497999957, 16.842456046000052 ], [ -89.356174478999947, 16.842266015000064 ], [ -89.358461020999982, 16.842295351000075 ], [ -89.359930596999959, 16.84232144200007 ], [ -89.361078352999982, 16.842117332000043 ], [ -89.362111163999941, 16.841798367000024 ], [ -89.36288054399995, 16.841227683000056 ], [ -89.363181797999971, 16.840726529000051 ], [ -89.363274503999946, 16.840166401000033 ], [ -89.363239049999947, 16.839570160000051 ], [ -89.362923519999981, 16.83898023100005 ], [ -89.362576875999935, 16.838210391000075 ], [ -89.362550975999966, 16.837727125000072 ], [ -89.362565055999937, 16.836378221000075 ], [ -89.362267901999985, 16.835440049000056 ], [ -89.361927452999964, 16.834928645000048 ], [ -89.361621914999944, 16.834429138000075 ], [ -89.361519165999937, 16.833707617000073 ], [ -89.361532901999965, 16.832989291000047 ], [ -89.361860124999964, 16.832354359000021 ], [ -89.362334043999965, 16.831980350000038 ], [ -89.362901049999948, 16.831607992000045 ], [ -89.363441340999941, 16.831438207000076 ], [ -89.363934600999983, 16.831277741000065 ], [ -89.36448816799998, 16.830995383000072 ], [ -89.365068145999942, 16.830556692000073 ], [ -89.365452391999952, 16.830001725000045 ], [ -89.365456336999955, 16.829181696000035 ], [ -89.364787072999945, 16.828776149000078 ], [ -89.364403386999982, 16.828106055000035 ], [ -89.364954451999949, 16.827340841000023 ], [ -89.36519242199995, 16.826502396000024 ], [ -89.36503184899999, 16.825127835000046 ], [ -89.365041709999957, 16.824611357000038 ], [ -89.365080131999946, 16.823825782000029 ], [ -89.365199521999955, 16.823063072000025 ], [ -89.365337312999941, 16.822593984000036 ], [ -89.365602750999983, 16.822126027000024 ], [ -89.365997019999952, 16.821627635000027 ], [ -89.366507727999988, 16.821165148000034 ], [ -89.367062058999977, 16.820871508000039 ], [ -89.367606249999938, 16.820464884000046 ], [ -89.36816513399998, 16.819901716000061 ], [ -89.368597895999983, 16.819257352000022 ], [ -89.369136846999936, 16.817896288000043 ], [ -89.369337096999971, 16.817191405000074 ], [ -89.369547330999978, 16.81657694300003 ], [ -89.369615499999952, 16.816072777000045 ], [ -89.36962792199995, 16.815420975000052 ], [ -89.369643544999974, 16.814601148000065 ], [ -89.3695191, 16.813756285000068 ], [ -89.369426515999976, 16.813113908000048 ], [ -89.369157609999945, 16.812536097000077 ], [ -89.368764134999935, 16.81176544300007 ], [ -89.36855084199999, 16.811311576000037 ], [ -89.368166628999973, 16.810669683000071 ], [ -89.368274471999939, 16.809896610000067 ], [ -89.368669716999989, 16.809375664000072 ], [ -89.369191308999973, 16.808923507000031 ], [ -89.369769266999981, 16.808586277000074 ], [ -89.37083316099995, 16.807885371000054 ], [ -89.371625777999952, 16.807315032000076 ], [ -89.372126067999943, 16.80675080900005 ], [ -89.372394597999971, 16.806148652000047 ], [ -89.372603405999939, 16.804376760000025 ], [ -89.372836320999966, 16.802537609000069 ], [ -89.372695394999937, 16.801973344000032 ], [ -89.372499304999963, 16.801261457000066 ], [ -89.371925731999966, 16.800723396000024 ], [ -89.371366117999969, 16.80071351600003 ], [ -89.37070108599994, 16.801319951000039 ], [ -89.370264694999946, 16.802188753000053 ], [ -89.36990715, 16.80257613200007 ], [ -89.369341600999974, 16.802262690000077 ], [ -89.369709411999963, 16.801336280000044 ], [ -89.370123029999945, 16.80043323600006 ], [ -89.370582831999968, 16.799564850000024 ], [ -89.370306280999955, 16.798773706000077 ], [ -89.369624254999962, 16.798458210000035 ], [ -89.368725513999948, 16.797869276000029 ], [ -89.368430220999983, 16.797447805000047 ], [ -89.368768675999945, 16.79680176200003 ], [ -89.369572464999976, 16.796872364000023 ], [ -89.370265703999962, 16.797244460000059 ], [ -89.370937735999973, 16.797469531000047 ], [ -89.371766018999949, 16.797484153000028 ], [ -89.372670588999938, 16.797151543000041 ], [ -89.373026232999962, 16.796247469000036 ], [ -89.373388488999979, 16.795580405000067 ], [ -89.374031538999986, 16.795512783000049 ], [ -89.374930328999938, 16.795483511000043 ], [ -89.375252729999943, 16.79509549900007 ], [ -89.37575101799996, 16.794048410000073 ], [ -89.376054690999979, 16.793413018000024 ], [ -89.376402405999954, 16.792925051000054 ], [ -89.376915571999973, 16.792327191000027 ], [ -89.377090403999944, 16.791723371000046 ], [ -89.376598143999956, 16.791220601000077 ], [ -89.375614207999945, 16.79083212300003 ], [ -89.375001208999947, 16.790551709000056 ], [ -89.374589912999966, 16.790071795000074 ], [ -89.37454775499998, 16.789239665000025 ], [ -89.37524558199999, 16.788105845000075 ], [ -89.375597354999968, 16.787403616000063 ], [ -89.375437267999985, 16.78661452800003 ], [ -89.375059325999985, 16.786259294000047 ], [ -89.374162733999981, 16.785558752000043 ], [ -89.373350099999982, 16.784723190000022 ], [ -89.372759288999987, 16.783892665000053 ], [ -89.372405446999949, 16.783471296000073 ], [ -89.37219915899999, 16.782680266000057 ], [ -89.372512163999943, 16.782169131000046 ], [ -89.372369311999989, 16.781706359000054 ], [ -89.372100013999955, 16.781149984000024 ], [ -89.37166119799997, 16.780917761000069 ], [ -89.37066392, 16.781203619000053 ], [ -89.370073469999966, 16.781586897000068 ], [ -89.369379638999987, 16.781248641000047 ], [ -89.368879688999982, 16.781183415000044 ], [ -89.368377865999946, 16.781185839000045 ], [ -89.368130682999947, 16.780698662000077 ], [ -89.368399659999966, 16.780040109000026 ], [ -89.369281204999936, 16.779066354000065 ], [ -89.369615906999968, 16.778645851000022 ], [ -89.370358152999984, 16.778253972000073 ], [ -89.371026032999964, 16.778108950000046 ], [ -89.37159498599999, 16.777623762000076 ], [ -89.37187621399994, 16.77696654500005 ], [ -89.37161464799999, 16.775972617000036 ], [ -89.371590571999945, 16.775421696000024 ], [ -89.371866324999985, 16.775021581000033 ], [ -89.372639387999982, 16.774855845000047 ], [ -89.373125042999959, 16.774470708000024 ], [ -89.373097320999989, 16.773463982000067 ], [ -89.373131396999952, 16.772902804000068 ], [ -89.373234691999983, 16.772365406000063 ], [ -89.373376447999988, 16.771683166000059 ], [ -89.373478477999981, 16.771212301000048 ], [ -89.373701822999976, 16.770519089000061 ], [ -89.373863854999968, 16.769971444000078 ], [ -89.374236484999983, 16.76937110700004 ], [ -89.374685058999944, 16.769705019000071 ], [ -89.375370970999938, 16.770459371000072 ], [ -89.375894097999947, 16.770536266000022 ], [ -89.376577073999954, 16.77021099500007 ], [ -89.377142151999976, 16.769310585000028 ], [ -89.377840025999944, 16.76943454700006 ], [ -89.378699089999941, 16.769641432000071 ], [ -89.379586483999958, 16.769589357000029 ], [ -89.380360592999978, 16.769367202000069 ], [ -89.380430398999977, 16.768772805000026 ], [ -89.380259228999989, 16.767949682000051 ], [ -89.380595829999947, 16.767426532000059 ], [ -89.380367784999976, 16.766546007000045 ], [ -89.380522336999945, 16.765773734000049 ], [ -89.380802517999939, 16.764519722000045 ], [ -89.381603194999968, 16.764129943000057 ], [ -89.382545482999944, 16.764269459000047 ], [ -89.383126057999959, 16.764403748000063 ], [ -89.383752624999943, 16.764582837000034 ], [ -89.384470741999962, 16.764224307000063 ], [ -89.383839917999978, 16.76365144500005 ], [ -89.383300391999967, 16.763204275000078 ], [ -89.383895216999974, 16.762585252000065 ], [ -89.383663764999937, 16.761884032000069 ], [ -89.383226462999971, 16.761572899000043 ], [ -89.38250882899996, 16.761256842000023 ], [ -89.381779006999977, 16.760996971000054 ], [ -89.381083024999953, 16.760805377000054 ], [ -89.380528468999955, 16.760503459000063 ], [ -89.380241472999955, 16.759644459000071 ], [ -89.380789630999971, 16.759047188000068 ], [ -89.381713585999989, 16.758916771000031 ], [ -89.382238819999941, 16.758880874000056 ], [ -89.382743982999955, 16.758699099000069 ], [ -89.383009665999964, 16.758209665000038 ], [ -89.382872125999938, 16.757464973000026 ], [ -89.38285992499999, 16.75690297400007 ], [ -89.382971260999966, 16.755938163000053 ], [ -89.38293760199997, 16.755241546000036 ], [ -89.382475647999968, 16.754996539000047 ], [ -89.381725834999941, 16.754556956000044 ], [ -89.381636588999982, 16.753735273000075 ], [ -89.381278104999978, 16.752941577000058 ], [ -89.38107686099994, 16.751882162000072 ], [ -89.381088766999937, 16.751252901000043 ], [ -89.381041297999957, 16.750667723000049 ], [ -89.380297049999967, 16.749934935000056 ], [ -89.380136088999961, 16.749190959000032 ], [ -89.380447318999984, 16.748768884000071 ], [ -89.380669102999946, 16.748154593000038 ], [ -89.380397646999938, 16.747712130000025 ], [ -89.379514412999981, 16.747549965000076 ], [ -89.378842368999983, 16.747302390000073 ], [ -89.378524317999961, 16.746847827000067 ], [ -89.37842084, 16.746160137000061 ], [ -89.377922278999961, 16.745376387000022 ], [ -89.377221893999945, 16.745420483000032 ], [ -89.376682294999966, 16.745567799000071 ], [ -89.375581744999977, 16.745784216000061 ], [ -89.374720224999976, 16.745712662000074 ], [ -89.374414318999982, 16.745235745000059 ], [ -89.37520726799994, 16.744631508000055 ], [ -89.375419897999961, 16.743882821000057 ], [ -89.375008675999936, 16.743402929000069 ], [ -89.37456737399998, 16.74268786500005 ], [ -89.37430085599999, 16.741986027000053 ], [ -89.374999248999984, 16.741459091000024 ], [ -89.375808189999987, 16.741214984000067 ], [ -89.376125154999954, 16.740489564000029 ], [ -89.375740042999951, 16.739898450000055 ], [ -89.374704218999966, 16.739789994000034 ], [ -89.374157801999957, 16.739679987000045 ], [ -89.373650077999969, 16.738794545000076 ], [ -89.373716481999963, 16.737761270000021 ], [ -89.37356583799999, 16.737153972000044 ], [ -89.373441077999985, 16.736261729000034 ], [ -89.37339803399999, 16.735474705000058 ], [ -89.37340803099994, 16.734946942000022 ], [ -89.373479375999977, 16.734239767000076 ], [ -89.373569798999938, 16.733174202000043 ], [ -89.373595981999983, 16.732409827000026 ], [ -89.373806692999949, 16.731761507000044 ], [ -89.374084048999975, 16.731272287000024 ], [ -89.374291126999935, 16.730815672000062 ], [ -89.374505921999969, 16.729920371000048 ], [ -89.374590614999988, 16.729157027000042 ], [ -89.374951375999956, 16.728590304000022 ], [ -89.375744883999971, 16.727952220000077 ], [ -89.376163144999964, 16.727409065000074 ], [ -89.37650516399998, 16.726594960000057 ], [ -89.376698398999963, 16.72563159300006 ], [ -89.376813547999973, 16.72508311200005 ], [ -89.376916351999967, 16.724568259000023 ], [ -89.377129149999973, 16.723808287000054 ], [ -89.377296007999973, 16.723001258000068 ], [ -89.377652890999968, 16.722019326000066 ], [ -89.377869303999944, 16.721067642000037 ], [ -89.378228148999938, 16.719950374000064 ], [ -89.37884857399996, 16.719207703000052 ], [ -89.379160147999983, 16.718764194000073 ], [ -89.379575571999965, 16.718400341000063 ], [ -89.380459497999937, 16.717899183000043 ], [ -89.38087729199998, 16.717378567000026 ], [ -89.381200792999948, 16.716922853000028 ], [ -89.381514485999958, 16.716366567000023 ], [ -89.381794078999974, 16.715787120000073 ], [ -89.382012661999966, 16.715308132000075 ], [ -89.382388901999946, 16.71453860400004 ], [ -89.382951395999953, 16.713762185000064 ], [ -89.383690054999988, 16.712955006000072 ], [ -89.384035083999947, 16.712567349000039 ], [ -89.384221684999943, 16.71195242500005 ], [ -89.384299459999966, 16.710931741000024 ], [ -89.384321771999964, 16.710369218000039 ], [ -89.383926066999948, 16.709688821000043 ], [ -89.382986345999939, 16.709458028000029 ], [ -89.382322930999976, 16.709379850000062 ], [ -89.38183533299997, 16.709258498000054 ], [ -89.381547932999979, 16.708422067000072 ], [ -89.381710703999943, 16.707829291000053 ], [ -89.38214123299997, 16.707252485000026 ], [ -89.382511516999955, 16.706797585000061 ], [ -89.382753220999973, 16.706364122000025 ], [ -89.382861706999961, 16.705545904000076 ], [ -89.382778440999971, 16.705026654000051 ], [ -89.382605342999966, 16.704305034000072 ], [ -89.382115582999973, 16.703678265000065 ], [ -89.382038439999974, 16.702834236000058 ], [ -89.382071848999942, 16.702273035000076 ], [ -89.382247161999942, 16.701635353000029 ], [ -89.382337980999978, 16.701164278000022 ], [ -89.382422423999969, 16.700379481000027 ], [ -89.382560448999982, 16.699887797000031 ], [ -89.383072063999975, 16.699323686000071 ], [ -89.383953092999946, 16.699001810000027 ], [ -89.384719442999938, 16.698553834000052 ], [ -89.385102706999987, 16.697998752000046 ], [ -89.385369065999953, 16.697498027000051 ], [ -89.385520531999987, 16.69688248600005 ], [ -89.385530620999987, 16.695725242000037 ], [ -89.385644856999988, 16.695221858000025 ], [ -89.385954409999954, 16.694260499000052 ], [ -89.386319068999967, 16.693480597000075 ], [ -89.386889157999974, 16.692917496000064 ], [ -89.387399436999942, 16.692453745000023 ], [ -89.387959232999947, 16.691846464000037 ], [ -89.389398859999972, 16.690916122000033 ], [ -89.39007898899996, 16.690724943000077 ], [ -89.390850632999957, 16.690615456000046 ], [ -89.391725961999953, 16.690563052000073 ], [ -89.392588107999984, 16.690589378000027 ], [ -89.394044503999964, 16.690665553000031 ], [ -89.395162026999969, 16.690774167000029 ], [ -89.395768561999944, 16.690762180000036 ], [ -89.396281064999982, 16.690771115000075 ], [ -89.396910998999942, 16.690759535000041 ], [ -89.397633535999944, 16.690772128000049 ], [ -89.398542865999957, 16.690810534000036 ], [ -89.39914728499997, 16.690911313000072 ], [ -89.400099715999943, 16.69108583700006 ], [ -89.401052753999977, 16.691259238000043 ], [ -89.401984059999961, 16.691343137000047 ], [ -89.40289196699996, 16.691426625000076 ], [ -89.404034581999952, 16.691446505000044 ], [ -89.404869772999973, 16.691662964000045 ], [ -89.405431360999955, 16.691582484000037 ], [ -89.406349362999947, 16.691126895000025 ], [ -89.407264427999962, 16.690828058000022 ], [ -89.408131843999968, 16.69057351500004 ], [ -89.40896018699999, 16.689935856000034 ], [ -89.40915774199999, 16.689354926000021 ], [ -89.409082206999983, 16.688386821000051 ], [ -89.408605532999957, 16.687682496000036 ], [ -89.408099337999943, 16.687336397000024 ], [ -89.407569579999972, 16.686967325000069 ], [ -89.407179389999953, 16.686645802000044 ], [ -89.407475853999983, 16.685751848000052 ], [ -89.408456898999987, 16.685678643000074 ], [ -89.409227892999979, 16.685602911000046 ], [ -89.410312879999935, 16.684947138000041 ], [ -89.410810379999987, 16.684505657000045 ], [ -89.411120973999971, 16.684107184000027 ], [ -89.411272133999944, 16.683502880000049 ], [ -89.411524037999982, 16.682517894000057 ], [ -89.411557085999959, 16.682001789000026 ], [ -89.41163761599995, 16.681418823000058 ], [ -89.411887406999938, 16.680546611000068 ], [ -89.412505665999959, 16.679905283000039 ], [ -89.412954405999983, 16.679598322000061 ], [ -89.413471239999978, 16.679405351000071 ], [ -89.414588547999983, 16.679492409000034 ], [ -89.415194634999978, 16.679502915000057 ], [ -89.416150989999949, 16.67949692600007 ], [ -89.416804720999949, 16.679463127000076 ], [ -89.417296911999983, 16.67933627900004 ], [ -89.41786248599999, 16.679008764000059 ], [ -89.419817581999951, 16.680459538000036 ], [ -89.420436613999982, 16.681032059000074 ], [ -89.421129031999953, 16.681403915000033 ], [ -89.421753508999984, 16.68168434100005 ], [ -89.422424794999984, 16.681965579000064 ], [ -89.423237165999979, 16.682181565000064 ], [ -89.423724160999939, 16.682302800000059 ], [ -89.424371629999939, 16.68260618100004 ], [ -89.42496478399994, 16.683312492000027 ], [ -89.425236482999935, 16.683744750000074 ], [ -89.425738277999983, 16.684360359000038 ], [ -89.426476283999989, 16.684799545000033 ], [ -89.427078202999951, 16.68503557400004 ], [ -89.428005341999949, 16.68534377900005 ], [ -89.428840720999972, 16.685582705000058 ], [ -89.429536107999979, 16.685796652000022 ], [ -89.430352261999985, 16.685810744000037 ], [ -89.431146688999945, 16.685734205000074 ], [ -89.431685930999947, 16.685564137000028 ], [ -89.432155551999983, 16.685392869000054 ], [ -89.432649012999946, 16.685198317000072 ], [ -89.433282700999939, 16.684984750000069 ], [ -89.433989754999971, 16.684570508000036 ], [ -89.434696156999962, 16.68422281200003 ], [ -89.435214502999941, 16.68391699700004 ], [ -89.435755160999975, 16.683701816000053 ], [ -89.436716137999952, 16.683448751000071 ], [ -89.437568580999937, 16.683367546000056 ], [ -89.43878622599999, 16.683096328000033 ], [ -89.439432440999951, 16.68283782900005 ], [ -89.440079278999974, 16.682545495000056 ], [ -89.440801316999966, 16.68198482400004 ], [ -89.441241461999937, 16.681508422000036 ], [ -89.441529177999939, 16.681109497000023 ], [ -89.442280995999965, 16.68017252900006 ], [ -89.443137687999979, 16.67986122800005 ], [ -89.444094279999945, 16.679843831000028 ], [ -89.444626822999965, 16.680066207000039 ], [ -89.445205774999977, 16.680279226000039 ], [ -89.446206711999935, 16.680364115000032 ], [ -89.446710393999979, 16.680248671000072 ], [ -89.447516919999941, 16.680149710000023 ], [ -89.448343553999962, 16.680197751000037 ], [ -89.449073229999954, 16.680457345000036 ], [ -89.450193967999951, 16.681027125000071 ], [ -89.451241170999936, 16.681776140000068 ], [ -89.451980057999947, 16.682171262000054 ], [ -89.452649556999972, 16.682552785000041 ], [ -89.453438774999938, 16.682758106000051 ], [ -89.454114103999984, 16.682792250000034 ], [ -89.454938033999952, 16.683019598000044 ], [ -89.455822984999941, 16.683079894000059 ], [ -89.456418034999956, 16.683056243000067 ], [ -89.456967904999942, 16.682975413000065 ], [ -89.458134894999944, 16.682276761000026 ], [ -89.459044082999981, 16.682292330000053 ], [ -89.45988812, 16.682699382000067 ], [ -89.460615747999952, 16.683071721000033 ], [ -89.461186563999945, 16.683092772000066 ], [ -89.461498312999936, 16.682626532000029 ], [ -89.461580940999966, 16.681953301000021 ], [ -89.461522946999935, 16.681288947000041 ], [ -89.461441719999982, 16.680646758000023 ], [ -89.461511001999952, 16.680030836000071 ], [ -89.46169931299994, 16.676796215000024 ], [ -89.46203204699998, 16.675824912000053 ], [ -89.46248443199994, 16.675315947000058 ], [ -89.46316066199995, 16.67466414300003 ], [ -89.46469882699995, 16.673476521000055 ], [ -89.465524285999948, 16.672951356000056 ], [ -89.466289144999962, 16.672570687000075 ], [ -89.467074504999971, 16.672348310000075 ], [ -89.468310312999961, 16.672358124000027 ], [ -89.468868160999989, 16.672446617000048 ], [ -89.469437693999964, 16.672568026000022 ], [ -89.469936831999973, 16.672666794000065 ], [ -89.470973245999971, 16.672763446000033 ], [ -89.471872355999949, 16.672688525000069 ], [ -89.472460417999969, 16.672406352000053 ], [ -89.473161626999968, 16.671698525000068 ], [ -89.473719525999968, 16.671146199000077 ], [ -89.474428533999969, 16.670619008000074 ], [ -89.474911864999967, 16.670335045000058 ], [ -89.475546305999956, 16.670076213000073 ], [ -89.476296340999966, 16.669864478000022 ], [ -89.476835918999939, 16.669704436000075 ], [ -89.477422106999938, 16.669523752000032 ], [ -89.478055717999951, 16.669310026000062 ], [ -89.478823211999952, 16.668783814000051 ], [ -89.479421764999984, 16.667927549000069 ], [ -89.48000344899998, 16.667353040000023 ], [ -89.480534578999936, 16.667014592000044 ], [ -89.481424649999951, 16.666792804000067 ], [ -89.482418780999978, 16.666000789000066 ], [ -89.482706428999961, 16.665567940000074 ], [ -89.482960402999936, 16.665088260000061 ], [ -89.483177842999964, 16.664654218000067 ], [ -89.483456669999953, 16.664063268000064 ], [ -89.484037690999969, 16.662915612000063 ], [ -89.488140389999955, 16.658307747000038 ], [ -89.496261791999984, 16.654251783000063 ], [ -89.505462791999946, 16.650633345000074 ], [ -89.517478249999954, 16.64769018100003 ], [ -89.534900489999984, 16.647345942000072 ], [ -89.536338959999966, 16.647763750000024 ], [ -89.537118321999969, 16.647867035000047 ], [ -89.538177743999938, 16.647951305000049 ], [ -89.538852820999978, 16.647996430000035 ], [ -89.539598482999963, 16.648054015000071 ], [ -89.539839702999984, 16.648114144000033 ], [ -89.537107580999987, 16.650010810000026 ], [ -89.535760646999961, 16.650750089000041 ], [ -89.53514695399997, 16.651375055000074 ], [ -89.53342, 16.65408 ], [ -89.52883, 16.65208 ], [ -89.527727745999982, 16.653358618000027 ], [ -89.52648471699996, 16.654613188000042 ], [ -89.52642, 16.65842 ], [ -89.524683117999984, 16.659858770000028 ], [ -89.52201202599997, 16.66215875000006 ], [ -89.520421093999971, 16.663761038000075 ], [ -89.52031, 16.66383 ], [ -89.533616711999969, 16.66964660900004 ], [ -89.536268310999958, 16.670830908000028 ], [ -89.537078458999986, 16.671223834000045 ], [ -89.537619680999967, 16.671570777000056 ], [ -89.537842316999956, 16.671866607000027 ], [ -89.539001920999965, 16.673438698000041 ], [ -89.53972, 16.67428 ], [ -89.543669406999982, 16.675213522000035 ], [ -89.544365419999963, 16.675334859000031 ], [ -89.54622, 16.67539 ], [ -89.547602827999981, 16.67544924300006 ], [ -89.54960684699995, 16.675850126000057 ], [ -89.551526926999941, 16.676269286000036 ], [ -89.551971616999936, 16.676345898000022 ], [ -89.55244, 16.67639 ], [ -89.552531798999951, 16.676419625000051 ], [ -89.552556703999983, 16.676727819000064 ], [ -89.552600813999959, 16.676939403000063 ], [ -89.552702851999982, 16.67717612000007 ], [ -89.552868870999987, 16.677518821000035 ], [ -89.553002975999959, 16.677792987000032 ], [ -89.553099329999952, 16.677874250000059 ], [ -89.553535948999979, 16.678280358000052 ], [ -89.55374767099994, 16.678511359000026 ], [ -89.553862580999976, 16.678754352000055 ], [ -89.553990024999962, 16.679072007000059 ], [ -89.554189000999941, 16.679271864000043 ], [ -89.554420381999989, 16.679440782000029 ], [ -89.554649111999936, 16.679561577000072 ], [ -89.554825855999979, 16.67962293000005 ], [ -89.55503, 16.67975 ], [ -89.555191712999942, 16.679991409000024 ], [ -89.555248573999961, 16.680234136000024 ], [ -89.555247505999944, 16.680451731000062 ], [ -89.555187804999946, 16.680787183000064 ], [ -89.555050732999973, 16.681116064000037 ], [ -89.554862362999984, 16.681382541000062 ], [ -89.554815469999937, 16.68173670300007 ], [ -89.554960343999937, 16.682446115000062 ], [ -89.55554022199999, 16.684131266000065 ], [ -89.564469775999953, 16.689426469000068 ], [ -89.566057171999944, 16.69048095900007 ], [ -89.56797, 16.69156 ], [ -89.569670274999964, 16.689046940000026 ], [ -89.57186, 16.68507 ], [ -89.57158, 16.68333 ], [ -89.574147266999944, 16.68286224700006 ], [ -89.575743055999965, 16.683413127000051 ], [ -89.578295, 16.684112187000039 ], [ -89.580177856999967, 16.684781590000057 ], [ -89.582524711999952, 16.68558097500005 ], [ -89.584939685999984, 16.688342402000046 ], [ -89.585425295999983, 16.688579108000056 ], [ -89.585806122999941, 16.688751379000053 ], [ -89.586187355999982, 16.688838356000076 ], [ -89.586596142999952, 16.688946778000059 ], [ -89.586998462999986, 16.689252414000066 ], [ -89.587373305999961, 16.689520612000024 ], [ -89.58869, 16.69031 ], [ -89.58882009499996, 16.689983741000049 ], [ -89.589083796999944, 16.689186084000028 ], [ -89.589328096999964, 16.688554257000078 ], [ -89.589635994999981, 16.687857895000036 ], [ -89.589859627999942, 16.687412797000036 ], [ -89.590063192999935, 16.687028613000052 ], [ -89.590266324999959, 16.686735931000044 ], [ -89.590385825999988, 16.686561073000064 ], [ -89.590715773999989, 16.686219383000036 ], [ -89.591232287999958, 16.685741256000028 ], [ -89.591563204999943, 16.685193685000058 ], [ -89.591802383999948, 16.68480584200006 ], [ -89.591957969999953, 16.684528200000045 ], [ -89.592065942999966, 16.68428085100004 ], [ -89.592110426999966, 16.684075162000056 ], [ -89.592142738999939, 16.683934235000038 ], [ -89.59219, 16.68367 ], [ -89.592341781999949, 16.683668221000062 ], [ -89.592543286999955, 16.683718669000029 ], [ -89.593115780999938, 16.683949937000023 ], [ -89.59338422799999, 16.684065493000048 ], [ -89.59486, 16.68353 ], [ -89.596026875999939, 16.684744559000023 ], [ -89.596168491999947, 16.685225910000042 ], [ -89.59624175, 16.685965820000035 ], [ -89.596392133999984, 16.686622863000025 ], [ -89.596687133999978, 16.687123374000066 ], [ -89.597222626999951, 16.68747701500007 ], [ -89.597758510999938, 16.687747453000043 ], [ -89.598657283999955, 16.688361530000066 ], [ -89.599412703999974, 16.688864042000034 ], [ -89.600082493999935, 16.689218260000075 ], [ -89.600799898999981, 16.689646642000071 ], [ -89.601449212999967, 16.690278114000023 ], [ -89.602205597999955, 16.690577233000056 ], [ -89.603163288999951, 16.690904956000054 ], [ -89.603814855999985, 16.691055696000035 ], [ -89.604543203999981, 16.691197522000039 ], [ -89.605319298999973, 16.691385776000061 ], [ -89.605577638999989, 16.691525566000053 ], [ -89.605798248999974, 16.691508681000073 ], [ -89.606259533999946, 16.691343614000061 ], [ -89.606700509999939, 16.691400988000055 ], [ -89.607265453999958, 16.691616058000022 ], [ -89.607819543999938, 16.691777295000065 ], [ -89.60831686299997, 16.691843382000059 ], [ -89.608760915999937, 16.691816646000063 ], [ -89.60919973099999, 16.691960699000049 ], [ -89.609554510999942, 16.692007842000066 ], [ -89.609921220999979, 16.692056569000044 ], [ -89.610159475999978, 16.692229439000073 ], [ -89.610686527999974, 16.692342644000064 ], [ -89.611108324999975, 16.692399925000075 ], [ -89.61147346599995, 16.692262820000053 ], [ -89.611752618999958, 16.69205138500007 ], [ -89.612059864999935, 16.69198798900004 ], [ -89.61233, 16.69203 ], [ -89.612217923999935, 16.692314524000039 ], [ -89.610733790999973, 16.69478368800003 ], [ -89.610283459999948, 16.695632920000037 ], [ -89.610137841999972, 16.69587062100004 ], [ -89.609794931999943, 16.696407703000034 ], [ -89.608858861999977, 16.697912278000047 ], [ -89.607749835999982, 16.699696136000057 ], [ -89.60764, 16.69983 ], [ -89.610282741999981, 16.70131690900007 ], [ -89.612470043999963, 16.702360112000065 ], [ -89.613475291999976, 16.700536879000026 ], [ -89.61364, 16.70017 ], [ -89.617302275999975, 16.701904540000044 ], [ -89.621431720999965, 16.703847298000028 ], [ -89.624697098999945, 16.696765221000078 ], [ -89.62467, 16.69675 ], [ -89.623339144999989, 16.696155831000056 ], [ -89.62199, 16.69428 ], [ -89.625360030999957, 16.688550043000077 ], [ -89.62783, 16.68989 ], [ -89.634041080999964, 16.679490127000065 ], [ -89.639082944999984, 16.671078988000033 ], [ -89.643073004999962, 16.664328971000032 ], [ -89.64575, 16.65978 ], [ -89.64581164599997, 16.659781686000031 ], [ -89.64682884299998, 16.660058113000048 ], [ -89.64787116399998, 16.66035798300004 ], [ -89.647866233999935, 16.660214973000052 ], [ -89.647894915999984, 16.660018482000055 ], [ -89.647949580999978, 16.659816735000049 ], [ -89.647991202999947, 16.659629233000032 ], [ -89.648079423999945, 16.659386514000062 ], [ -89.648122614999977, 16.659260954000047 ], [ -89.648060449999946, 16.659064711000042 ], [ -89.647934093999936, 16.658706720000055 ], [ -89.647866232999945, 16.658538429000032 ], [ -89.647876096999937, 16.658404418000032 ], [ -89.647911902999965, 16.658274088000042 ], [ -89.647955172999957, 16.658133064000026 ], [ -89.647972389999893, 16.658013381000046 ], [ -89.647993465999946, 16.657859755000061 ], [ -89.64801827299999, 16.657700782000063 ], [ -89.648047215999952, 16.657445308000035 ], [ -89.648094904999937, 16.657143440000027 ], [ -89.648119947999987, 16.656850466000037 ], [ -89.64814593899996, 16.65638883500003 ], [ -89.648137358999975, 16.655921932000069 ], [ -89.648114384999985, 16.655701230000034 ], [ -89.64810470499998, 16.65548314800003 ], [ -89.648102451999989, 16.655390791000059 ], [ -89.64819334699996, 16.655296252000028 ], [ -89.64831621899998, 16.655191583000033 ], [ -89.648484396999947, 16.655071709000026 ], [ -89.648615103999987, 16.655000419000032 ], [ -89.648839151999937, 16.654883340000026 ], [ -89.649062926999989, 16.654827823000062 ], [ -89.649360803999969, 16.654864959000065 ], [ -89.649515108999935, 16.654873287000044 ], [ -89.649649235999959, 16.65463014200003 ], [ -89.649874141999987, 16.65431810900003 ], [ -89.650473760999944, 16.653515090000042 ], [ -89.650904274999959, 16.65304229000003 ], [ -89.651054239999951, 16.652827426000044 ], [ -89.651095001999977, 16.652635202000056 ], [ -89.651186435999989, 16.652417533000062 ], [ -89.65130398299999, 16.652312841000025 ], [ -89.651464026999975, 16.652226279000047 ], [ -89.651587131999975, 16.652067739000074 ], [ -89.651729338999985, 16.651801539000076 ], [ -89.651809800999956, 16.651658216000044 ], [ -89.65192237499997, 16.651473981000038 ], [ -89.652021225999988, 16.651384603000054 ], [ -89.652133167999978, 16.651344017000042 ], [ -89.652260995999939, 16.651321453000037 ], [ -89.652348830999983, 16.651316682000072 ], [ -89.652568260999942, 16.651037970000061 ], [ -89.652758407999954, 16.650761704000047 ], [ -89.652961565999988, 16.650552187000073 ], [ -89.653549614999974, 16.649954328000035 ], [ -89.652984960999959, 16.649467197000035 ], [ -89.652645598999982, 16.649183638000068 ], [ -89.652353886999947, 16.648956708000071 ], [ -89.652136085999985, 16.648816081000064 ], [ -89.65206, 16.64875 ], [ -89.652523189999954, 16.648161132000041 ], [ -89.652735161999942, 16.64777975100003 ], [ -89.653088689999947, 16.647231986000065 ], [ -89.653390201999969, 16.646770289000074 ], [ -89.653729847999955, 16.646247354000025 ], [ -89.654005402999985, 16.645817075000025 ], [ -89.65438500199997, 16.64520968100004 ], [ -89.654404717999967, 16.645179393000035 ], [ -89.660639505999939, 16.650713789000065 ], [ -89.664742876999981, 16.651516712000046 ], [ -89.669103215999939, 16.654924595000068 ], [ -89.674657386999968, 16.658282752000048 ], [ -89.675495085999955, 16.659358006000048 ], [ -89.677585058999966, 16.664515533000042 ], [ -89.680293490999986, 16.667962190000026 ], [ -89.682514265999941, 16.669620413000075 ], [ -89.687429219999956, 16.670675190000054 ], [ -89.68992450799999, 16.670333714000037 ], [ -89.693034395999973, 16.672101975000032 ], [ -89.694957808999959, 16.672476861000064 ], [ -89.702473508999958, 16.672652043000028 ], [ -89.705238340999983, 16.674413515000026 ], [ -89.713092977999963, 16.674151380000069 ], [ -89.718306730999984, 16.677203002000056 ], [ -89.73486916, 16.688261911000041 ], [ -89.736196679999978, 16.688789537000048 ], [ -89.741526307999948, 16.692547796000042 ], [ -89.742080700999963, 16.693479598000067 ], [ -89.747335566999936, 16.700075741000035 ], [ -89.753376486999969, 16.707259668000063 ], [ -89.75882785899995, 16.714050561000022 ], [ -89.761940114999959, 16.718122340000036 ], [ -89.76310985799995, 16.719481293000058 ], [ -89.770709561999979, 16.728605473000073 ], [ -89.773046664999981, 16.731515117000072 ], [ -89.775178335999954, 16.734805212000026 ], [ -89.785224988999971, 16.747534411000061 ], [ -89.788232551999954, 16.75071846700007 ], [ -89.789005110999938, 16.752072269000053 ], [ -89.791143685999941, 16.754978695000034 ], [ -89.795525340999973, 16.760507631000053 ], [ -89.808616079999979, 16.776955580000049 ], [ -89.810532462999959, 16.778749130000051 ], [ -89.812094684999977, 16.780497683000021 ], [ -89.813669128999948, 16.781480166000051 ], [ -89.815824328999952, 16.783429725000076 ], [ -89.815961846999983, 16.783964507000064 ], [ -89.825619392999954, 16.792393627000024 ], [ -89.830810866999968, 16.797168320000026 ], [ -89.833404948999942, 16.799308461000066 ], [ -89.841014541999982, 16.805563576000054 ], [ -89.843363096999951, 16.807898470000055 ], [ -89.858362496999973, 16.821060270000032 ], [ -89.858124313999951, 16.822322848000056 ], [ -89.858954259999962, 16.823012667000057 ], [ -89.859991713999989, 16.825082480000049 ], [ -89.861881349999976, 16.835168942000053 ], [ -89.862397440999985, 16.835779476000027 ], [ -89.862447705999955, 16.841543711000043 ], [ -89.863662412999986, 16.846267182000076 ], [ -89.863817980999954, 16.850335702000052 ], [ -89.864335887999971, 16.850945135000075 ], [ -89.863955542999975, 16.855281951000052 ], [ -89.862116389999983, 16.858674414000063 ], [ -89.852321638999967, 16.868643768000027 ], [ -89.852351663999968, 16.87107508500003 ], [ -89.85396346899995, 16.873572463000073 ], [ -89.854094619999955, 16.874640939000074 ], [ -89.856294444999946, 16.876526646000059 ], [ -89.859108703999937, 16.876416350000056 ], [ -89.860324888999969, 16.876939459000027 ], [ -89.86102927, 16.877899358000036 ], [ -89.860779550999951, 16.879533039000023 ], [ -89.860144115999958, 16.880392268000037 ], [ -89.860955985999965, 16.880877576000046 ], [ -89.858155289999956, 16.881792738000058 ], [ -89.856012032999956, 16.884411888000045 ], [ -89.855909793999956, 16.885205933000066 ], [ -89.855344040999967, 16.885641884000052 ], [ -89.85497163399998, 16.88777811500006 ], [ -89.855460953999966, 16.888594792000049 ], [ -89.85459874299994, 16.892275225000049 ], [ -89.85337227499997, 16.894310291000068 ], [ -89.854056609999986, 16.900505162000059 ], [ -89.85374137499997, 16.90583035800006 ], [ -89.848492238999938, 16.906165939000061 ], [ -89.839778273999968, 16.90584635600004 ], [ -89.835714777999954, 16.904820886000039 ], [ -89.833189589999961, 16.904971380000063 ], [ -89.823959552999952, 16.904015691000041 ], [ -89.821249318999946, 16.903354028000024 ], [ -89.812805285999957, 16.899900304000028 ], [ -89.806682946999956, 16.899203316000069 ], [ -89.796032818999947, 16.900087364000058 ], [ -89.792381131999946, 16.901458770000033 ], [ -89.780063408999979, 16.902590002000068 ], [ -89.778948336999974, 16.903368004000072 ], [ -89.770646623999937, 16.904660039000078 ], [ -89.76446561299997, 16.90500918400005 ], [ -89.75951185699995, 16.905907961000025 ], [ -89.755341494999982, 16.907296374000055 ], [ -89.748170638999966, 16.906820205000031 ], [ -89.745770195999967, 16.906093666000061 ], [ -89.741219802999979, 16.906879915000047 ], [ -89.740070154999955, 16.907546538000076 ], [ -89.736776115999987, 16.908240996000075 ], [ -89.728060404999951, 16.908311562000051 ], [ -89.72394785399996, 16.909159704000047 ], [ -89.71859927, 16.909091964000027 ], [ -89.717360008999947, 16.909480546000054 ], [ -89.715215067999964, 16.910623010000052 ], [ -89.706601803999945, 16.917071958000065 ], [ -89.702681500999972, 16.920901667000066 ], [ -89.701892980999958, 16.922258801000055 ], [ -89.699393266999948, 16.950028580000037 ], [ -89.696363003999977, 16.963746881000077 ], [ -89.695283518999986, 16.96700732000005 ], [ -89.694689284999981, 16.967530276000048 ], [ -89.694116934999954, 16.969179706000034 ], [ -89.689654952999945, 16.972922292000078 ], [ -89.687778998999988, 16.975655179000057 ], [ -89.68697911199996, 16.975833994000027 ], [ -89.68685082799999, 16.976495388000046 ], [ -89.684745665999969, 16.978287961000035 ], [ -89.677821250999955, 16.976450994000061 ], [ -89.671503275999953, 16.977699614000073 ], [ -89.670208865999939, 16.978625145000024 ], [ -89.663624401999982, 16.980616110000028 ], [ -89.66229552499999, 16.981465416000049 ], [ -89.659195573999966, 16.982078046000026 ], [ -89.656224127999963, 16.981460588000061 ], [ -89.647673008999959, 16.973826741000039 ], [ -89.646072036999954, 16.972503935000077 ], [ -89.645435358999976, 16.972472014000061 ], [ -89.644728992999944, 16.971611879000022 ], [ -89.643168893999984, 16.971190135000029 ], [ -89.64071454499998, 16.969597107000027 ], [ -89.639614759999972, 16.969598151000071 ], [ -89.633666802999983, 16.962700717000075 ], [ -89.630307579999965, 16.961303641000029 ], [ -89.629900253999949, 16.960707927000044 ], [ -89.627487173999953, 16.959969591000061 ], [ -89.624154093999948, 16.959837697000069 ], [ -89.610627746999967, 16.957358910000039 ], [ -89.608395274999964, 16.957474102000049 ], [ -89.602577409999981, 16.956631435000077 ], [ -89.598946171999955, 16.956952254000043 ], [ -89.594733776999988, 16.956702543000063 ], [ -89.579643675999989, 16.953590917000042 ], [ -89.578250345999948, 16.953723241000034 ], [ -89.568255342999976, 16.952402196000037 ], [ -89.551444282999967, 16.949646624000025 ], [ -89.546681964999948, 16.949939488000041 ], [ -89.540850551999938, 16.949273163000043 ], [ -89.531449467999948, 16.950253 ], [ -89.524193120999939, 16.949758276000068 ], [ -89.523631284999965, 16.950318447000029 ], [ -89.521338353999965, 16.950640375000035 ], [ -89.521030904999975, 16.951040156000033 ], [ -89.514919278999969, 16.951880110000047 ], [ -89.510175988999947, 16.951525964000041 ], [ -89.507910983999977, 16.950241661000064 ], [ -89.50287302199996, 16.948301714000024 ], [ -89.500909504999981, 16.94837070400007 ], [ -89.50027498299994, 16.948865244000046 ], [ -89.497974577999969, 16.949497027000064 ], [ -89.496361958999955, 16.950617821000037 ], [ -89.490771535999954, 16.955331125000043 ], [ -89.482812302999946, 16.955577551000033 ], [ -89.47459059199997, 16.958081089000075 ], [ -89.469550131999938, 16.958390965000035 ], [ -89.462509430999944, 16.95866262800007 ], [ -89.456376495999962, 16.960533739000027 ], [ -89.449561487999972, 16.964915275000067 ], [ -89.446896949999939, 16.967190530000039 ], [ -89.444289001999948, 16.968294599000046 ], [ -89.44150814599999, 16.970049924000023 ], [ -89.440671668999983, 16.970146994000061 ], [ -89.43402724799995, 16.97424432300005 ], [ -89.432773489999988, 16.974585623000053 ], [ -89.430500282999958, 16.976576403000024 ], [ -89.427182751999965, 16.978337871000065 ], [ -89.419842320999976, 16.983067693000066 ], [ -89.418673364999961, 16.984526075000076 ], [ -89.417853255999944, 16.984622198000068 ], [ -89.410859678999941, 16.988967392000063 ], [ -89.406030899999962, 16.990191889000073 ], [ -89.399580349999951, 16.989748463000069 ], [ -89.394940511999948, 16.988049784000054 ], [ -89.390572918999965, 16.987076683000055 ], [ -89.385387364999985, 16.988138669000023 ], [ -89.384289852999984, 16.988975376000042 ], [ -89.382722446999935, 16.989556679000032 ], [ -89.379962716999955, 16.991483970000047 ], [ -89.375417822999964, 16.994946295000034 ], [ -89.374929840999982, 16.994839460000037 ], [ -89.366979103999938, 16.998391994000031 ], [ -89.364833781999948, 16.999541500000078 ], [ -89.363258306999967, 17.00108018800006 ], [ -89.360734598999954, 17.001271934000044 ], [ -89.359883632999981, 17.002172676000043 ], [ -89.359001441999965, 17.002202003000036 ], [ -89.35381995099999, 17.005421080000076 ], [ -89.348139083999968, 17.008719008000071 ], [ -89.343789305999962, 17.011081869000066 ], [ -89.33935258799994, 17.013268206000077 ], [ -89.336110882999947, 17.014561158000049 ], [ -89.332881605999944, 17.01626712500007 ], [ -89.333001224999975, 17.002126264000026 ], [ -89.331349522999972, 16.983910668000021 ], [ -89.330513739999958, 16.924529385000028 ], [ -89.330592678999949, 16.922332300000051 ] ] ] ] } }
]
}
