{
"type": "FeatureCollection",
"name": "color_riesgo_muy_alto",
"crs": { "type": "name", "properties": { "name": "urn:ogc:def:crs:OGC:1.3:CRS84" } },
"features": [
{ "type": "Feature", "properties": { "Codigo": 203, "datos_finales_color_riesgo": "620D00" }, "geometry": { "type": "MultiPolygon", "coordinates": [ [ [ [ -89.899697985999978, 15.138511832000063 ], [ -89.894924121999964, 15.132885097000042 ], [ -89.881773550999981, 15.118972212000074 ], [ -89.879016503999935, 15.115397969000071 ], [ -89.872255572999961, 15.108243471000037 ], [ -89.871649573999946, 15.107063518000075 ], [ -89.870297419999986, 15.106181364000065 ], [ -89.86960976499995, 15.105025107000074 ], [ -89.862270742999954, 15.097290182000052 ], [ -89.861181000999977, 15.095238943000027 ], [ -89.861780630999988, 15.094672770000045 ], [ -89.86423750299997, 15.092902093000077 ], [ -89.86737566499994, 15.092121631000055 ], [ -89.869335742999965, 15.090635205000069 ], [ -89.872947786999987, 15.090334131000077 ], [ -89.874893672999974, 15.089377930000069 ], [ -89.879824118999977, 15.088527212000031 ], [ -89.88176898599994, 15.087558515000069 ], [ -89.882888929999979, 15.087473489000047 ], [ -89.887247757999944, 15.084590974000037 ], [ -89.889434532999985, 15.084237276000067 ], [ -89.893236041999955, 15.084682268000051 ], [ -89.894764589999966, 15.085856774000035 ], [ -89.897564909999971, 15.086852313000065 ], [ -89.89925498499997, 15.086905950000073 ], [ -89.905491688999973, 15.084291428000029 ], [ -89.914550677999955, 15.082917272000032 ], [ -89.91670264399994, 15.08123093100005 ], [ -89.918499523999969, 15.077299219000054 ], [ -89.918432328999984, 15.073780074000069 ], [ -89.917680816999962, 15.07208240600005 ], [ -89.916142845999957, 15.069380762000037 ], [ -89.915529946999982, 15.065362073000074 ], [ -89.915721717999986, 15.060276403000046 ], [ -89.913736591999964, 15.05862515900003 ], [ -89.912490038999977, 15.055135116000031 ], [ -89.912159605999989, 15.051347150000026 ], [ -89.912582843999985, 15.050711798000066 ], [ -89.912664362999976, 15.047715027000038 ], [ -89.912074946999951, 15.044367125000065 ], [ -89.91124565399997, 15.042070182000032 ], [ -89.909587956999985, 15.039351106000026 ], [ -89.908650074999969, 15.034881031000054 ], [ -89.907028899999943, 15.031285437000065 ], [ -89.905801561999965, 15.026959283000053 ], [ -89.905461224999954, 15.024547098000028 ], [ -89.905356917999939, 15.018047663000061 ], [ -89.905773071999988, 15.016488929000047 ], [ -89.906981067999936, 15.014780691000055 ], [ -89.907587755999941, 15.012529251000046 ], [ -89.908235012999967, 15.012177993000023 ], [ -89.90961204599995, 15.008725902000037 ], [ -89.910748070999944, 15.007534734000046 ], [ -89.911339617999943, 15.006129609000027 ], [ -89.911827445999961, 15.004022137000049 ], [ -89.912471548999974, 15.00316063300005 ], [ -89.912631851999947, 15.001216890000023 ], [ -89.913010012999962, 15.000234387000035 ], [ -89.913424291999945, 14.994875181000054 ], [ -89.914171236999948, 14.992548849000059 ], [ -89.916065935999939, 14.98921430300004 ], [ -89.918059530999983, 14.986955622000039 ], [ -89.918316649999952, 14.985947760000045 ], [ -89.919027322999966, 14.98549911300006 ], [ -89.919703742999957, 14.983873860000074 ], [ -89.921876746999942, 14.981080278000036 ], [ -89.923775790999969, 14.98022777500006 ], [ -89.926063212999964, 14.977505663000045 ], [ -89.927648550999947, 14.974507670000037 ], [ -89.928381143999957, 14.968080339000039 ], [ -89.926834334999967, 14.96476019000005 ], [ -89.925942574999965, 14.961468054000022 ], [ -89.925656217999972, 14.951992947000065 ], [ -89.926142724999977, 14.945511507000049 ], [ -89.925518046999969, 14.942339239000034 ], [ -89.92492128899994, 14.941363873000057 ], [ -89.924921891999986, 14.934597089000022 ], [ -89.924572363999971, 14.931913884000039 ], [ -89.923887002999948, 14.931007310000041 ], [ -89.923962200999938, 14.93021030500006 ], [ -89.922873272999936, 14.928663946000029 ], [ -89.919879419999972, 14.927319922000038 ], [ -89.917185879999977, 14.925514879000048 ], [ -89.916621988999964, 14.922891998000068 ], [ -89.91872613399994, 14.919135724000057 ], [ -89.91984686699999, 14.917263578000075 ], [ -89.920022640999946, 14.915925007000055 ], [ -89.921791347999942, 14.915948821000029 ], [ -89.922702397999956, 14.915961082000024 ], [ -89.923415881999972, 14.916071139000053 ], [ -89.924219382999979, 14.916340428000069 ], [ -89.925425662999942, 14.916693015000021 ], [ -89.926356108999983, 14.916974164000067 ], [ -89.92855644299999, 14.917585030000055 ], [ -89.929475614999944, 14.917843441000059 ], [ -89.930325397999979, 14.918124620000071 ], [ -89.930921976999969, 14.918334673000061 ], [ -89.932044451999957, 14.918909596000049 ], [ -89.932914270999959, 14.919415657000059 ], [ -89.933647642999972, 14.919761860000051 ], [ -89.93442876599994, 14.919974380000042 ], [ -89.935350183999958, 14.920075906000022 ], [ -89.935947945999942, 14.920080531000053 ], [ -89.93654420699994, 14.920068203000028 ], [ -89.937751210999977, 14.919840562000047 ], [ -89.939584661999959, 14.919190116000038 ], [ -89.940536898999937, 14.918754744000069 ], [ -89.941465935999986, 14.918317928000022 ], [ -89.942512969999939, 14.917704341000046 ], [ -89.943477087999952, 14.917248795000035 ], [ -89.945099091999964, 14.916732052000043 ], [ -89.946141041999965, 14.916477324000027 ], [ -89.948706392999952, 14.916152620000048 ], [ -89.950137470999948, 14.916126561000056 ], [ -89.951175049999961, 14.91614039600006 ], [ -89.952327432999937, 14.916244928000026 ], [ -89.953339854999967, 14.916437892000033 ], [ -89.954302244999951, 14.916556815000035 ], [ -89.955119893999949, 14.916567703000055 ], [ -89.956378622999978, 14.916498671000056 ], [ -89.957483987999979, 14.916563046000022 ], [ -89.95902989199999, 14.916874833000065 ], [ -89.959628967999947, 14.917116452000073 ], [ -89.960479182999961, 14.917329807000044 ], [ -89.96105412199995, 14.917471772000056 ], [ -89.961618915999964, 14.917509754000037 ], [ -89.962634498999989, 14.917479222000054 ], [ -89.963257490999979, 14.917464922000022 ], [ -89.964021686999956, 14.917232381000076 ], [ -89.964787785999988, 14.916946813000038 ], [ -89.965320711999937, 14.916774409000027 ], [ -89.967774409999947, 14.91580347200005 ], [ -89.970356339999967, 14.914710036000031 ], [ -89.971213800999976, 14.914406463000034 ], [ -89.97216158599997, 14.914284687000077 ], [ -89.972876156999973, 14.914361872000029 ], [ -89.973884847999955, 14.914823348000027 ], [ -89.974730373999989, 14.915372964000028 ], [ -89.975188895999963, 14.915581081000028 ], [ -89.975923283999975, 14.915860572000042 ], [ -89.976799208999978, 14.915938752000045 ], [ -89.977699310999981, 14.915906627000027 ], [ -89.978269169999976, 14.915873520000048 ], [ -89.978924948999975, 14.915797525000073 ], [ -89.979591892999963, 14.915711514000066 ], [ -89.980487592999964, 14.915662389000033 ], [ -89.981222675999959, 14.915269114000068 ], [ -89.981357991999971, 14.914598138000031 ], [ -89.98133000699994, 14.913900176000027 ], [ -89.981257092999954, 14.91338561200007 ], [ -89.982247781999945, 14.906734287000063 ], [ -89.983053558999984, 14.905014469000037 ], [ -89.983361037999941, 14.900692981000077 ], [ -89.984807217999958, 14.896619017000035 ], [ -89.984706985999935, 14.891979470000024 ], [ -89.988053741999977, 14.888528740000027 ], [ -89.991146545999982, 14.886808449000057 ], [ -89.995046495999986, 14.883837819000064 ], [ -90.000091219999945, 14.881715152000027 ], [ -90.001745979999953, 14.881574257000068 ], [ -90.003428993999989, 14.880690959000049 ], [ -90.007840101999989, 14.880190953000067 ], [ -90.009771590999947, 14.880435150000039 ], [ -90.012285580999958, 14.881491780000033 ], [ -90.019950972999936, 14.884224009000036 ], [ -90.023821584999951, 14.886617771000033 ], [ -90.026448941999945, 14.888982930000054 ], [ -90.02672129299998, 14.889901950000024 ], [ -90.02923281599999, 14.893185589000041 ], [ -90.030585649999978, 14.894924610000032 ], [ -90.032612878999942, 14.897725578000063 ], [ -90.034609643999943, 14.902626912000073 ], [ -90.03523658499995, 14.904230089000066 ], [ -90.035238967999987, 14.906937081000024 ], [ -90.035527606999949, 14.913321034000035 ], [ -90.036487127999976, 14.916324898000028 ], [ -90.037681566999936, 14.916842708000047 ], [ -90.04192997199999, 14.915310539000075 ], [ -90.046092099999953, 14.913546883000038 ], [ -90.046845599999983, 14.913456144000065 ], [ -90.047539055999948, 14.913554275000024 ], [ -90.048574297999949, 14.913744866000059 ], [ -90.049575474999983, 14.913879698000073 ], [ -90.050260341999945, 14.913799350000033 ], [ -90.051041000999987, 14.913377065000077 ], [ -90.052090757999963, 14.912460418000023 ], [ -90.052542253999945, 14.911955994000039 ], [ -90.052957539999966, 14.911595595000051 ], [ -90.053544779999982, 14.911182094000026 ], [ -90.054473573999985, 14.911005535000072 ], [ -90.055552858999988, 14.911030718000063 ], [ -90.056349477999959, 14.911140310000064 ], [ -90.057302997999955, 14.911407697000072 ], [ -90.058820216999948, 14.912181288000056 ], [ -90.059431175999975, 14.913353001000075 ], [ -90.05968233599998, 14.914476061000073 ], [ -90.059931129999939, 14.915132871000026 ], [ -90.060389366999971, 14.915626429000042 ], [ -90.060868382999956, 14.915787240000043 ], [ -90.061689761999958, 14.915742480000063 ], [ -90.062608589999968, 14.915232745000026 ], [ -90.063978418999966, 14.914253546000054 ], [ -90.065128794999964, 14.913447622000035 ], [ -90.065795530999935, 14.913035109000077 ], [ -90.066277322999952, 14.912820029000045 ], [ -90.067169288999935, 14.912620367000045 ], [ -90.067842514999938, 14.912584972000047 ], [ -90.068500606999976, 14.912595663000047 ], [ -90.069219633999978, 14.912735827000063 ], [ -90.071300511999937, 14.913083076000078 ], [ -90.072256451999976, 14.913217231000033 ], [ -90.073520426999949, 14.913322586000049 ], [ -90.074670074999972, 14.913426474000062 ], [ -90.076026987999967, 14.913398667000024 ], [ -90.077659188999974, 14.913231002000032 ], [ -90.078562302999956, 14.913065305000032 ], [ -90.079294528999981, 14.912830817000042 ], [ -90.080373618999943, 14.912399813000036 ], [ -90.08172536099994, 14.911808591000067 ], [ -90.082220555999982, 14.911674927000035 ], [ -90.082649415999981, 14.913188585000057 ], [ -90.084386020999943, 14.915696528000069 ], [ -90.084970520999946, 14.916086672000063 ], [ -90.086855801999945, 14.91919593800003 ], [ -90.087268494999989, 14.920706001000042 ], [ -90.087931870999967, 14.921361305000062 ], [ -90.089083971999969, 14.924649749000025 ], [ -90.089753298999938, 14.925209170000073 ], [ -90.091196040999989, 14.929377330000023 ], [ -90.090745538999954, 14.933431080000048 ], [ -90.088804213999936, 14.938129613000058 ], [ -90.087181640999972, 14.941742808000072 ], [ -90.086069375999955, 14.942641885000057 ], [ -90.084338222999975, 14.945347166000033 ], [ -90.081650262999972, 14.950756280000064 ], [ -90.079739623999956, 14.953887052000027 ], [ -90.077992248999976, 14.957132780000052 ], [ -90.076595582999971, 14.962084193000067 ], [ -90.075676053999985, 14.968236052000066 ], [ -90.075747982999985, 14.97906060400004 ], [ -90.076502440999946, 14.984688683000059 ], [ -90.077590758999975, 14.988865935000035 ], [ -90.077308776999985, 14.995089177000068 ], [ -90.077687835999939, 15.007144756000059 ], [ -90.078052010999954, 15.020543497000062 ], [ -90.077463206999937, 15.023651608000023 ], [ -90.077106759999936, 15.029184129000043 ], [ -90.075816522999958, 15.037089920000028 ], [ -90.074342041999955, 15.042738964000023 ], [ -90.071261418999939, 15.045629763000022 ], [ -90.067663583999945, 15.047346578000031 ], [ -90.061274798999989, 15.051141538000024 ], [ -90.056409624999958, 15.052295359000027 ], [ -90.053494632999957, 15.05325315500005 ], [ -90.049726893999946, 15.054890670000077 ], [ -90.045409028999984, 15.056698176000054 ], [ -90.042188763999945, 15.058430727000029 ], [ -90.03878737399998, 15.059984760000077 ], [ -90.034155082999973, 15.062255243000038 ], [ -90.030271195999944, 15.064751027000057 ], [ -90.02453269199998, 15.066986463000035 ], [ -90.021770482999955, 15.068548588000056 ], [ -90.019017261999977, 15.070088210000051 ], [ -90.017217763999952, 15.071754363000025 ], [ -90.015951400999938, 15.073175794000065 ], [ -90.015734470999973, 15.073694449000072 ], [ -90.015101146999939, 15.075205484000037 ], [ -90.014371137999944, 15.07839830000006 ], [ -90.01428860599998, 15.080564528000025 ], [ -90.014881141999979, 15.083848149000062 ], [ -90.015741483999989, 15.085468046000074 ], [ -90.017095440999981, 15.087599028000056 ], [ -90.020033205999937, 15.090547809000043 ], [ -90.023542931999941, 15.093061594000062 ], [ -90.027033205999942, 15.095268042000043 ], [ -90.034238861999938, 15.096749943000077 ], [ -90.037209927999982, 15.098330855000029 ], [ -90.041573994999965, 15.101181835000034 ], [ -90.044043115999955, 15.102058488000068 ], [ -90.046080608999944, 15.102305235000074 ], [ -90.048354094999979, 15.103090112000075 ], [ -90.050584216999937, 15.103650894000054 ], [ -90.052494837999973, 15.104252643000052 ], [ -90.053960586999949, 15.105096930000059 ], [ -90.052424343999974, 15.106117701000073 ], [ -90.049347630999989, 15.108419913000034 ], [ -90.046332962999941, 15.110474536000027 ], [ -90.044635290999963, 15.11177759900005 ], [ -90.043195009999977, 15.112784872000077 ], [ -90.041254188999972, 15.114357898000037 ], [ -90.039439700999935, 15.115742914000066 ], [ -90.029857294999942, 15.122340425000061 ], [ -90.027460799999972, 15.124037121000072 ], [ -90.021468623999965, 15.128376353000021 ], [ -90.000165599999946, 15.138119151000069 ], [ -89.999513276999949, 15.138477335000061 ], [ -89.997155954999982, 15.139881798000033 ], [ -89.992425786999945, 15.140616852000051 ], [ -89.985700194999936, 15.143575934000069 ], [ -89.98184788399999, 15.146074332000069 ], [ -89.975035258999981, 15.14839186200004 ], [ -89.971673505999945, 15.150254360000076 ], [ -89.968579361999957, 15.15127495400003 ], [ -89.963983043999974, 15.152832882000041 ], [ -89.961633081999935, 15.152192825000043 ], [ -89.960845535999965, 15.149970976000077 ], [ -89.957248579999941, 15.146209995000049 ], [ -89.949418648999938, 15.142917774000068 ], [ -89.944096417999958, 15.14134225600003 ], [ -89.940516298999967, 15.140808376000052 ], [ -89.939625189999958, 15.140230792000068 ], [ -89.933762201999969, 15.139987523000059 ], [ -89.930186512999967, 15.140320412000051 ], [ -89.92528305899998, 15.139296483000066 ], [ -89.923620133999975, 15.139463441000032 ], [ -89.919484669999974, 15.138852817000043 ], [ -89.917908814999976, 15.138142779000077 ], [ -89.916139457999975, 15.138398525000071 ], [ -89.913415230999988, 15.137952683000037 ], [ -89.909455802999958, 15.13562752100006 ], [ -89.905356436999966, 15.136381759000074 ], [ -89.899697985999978, 15.138511832000063 ] ] ] ] } },
{ "type": "Feature", "properties": { "Codigo": 706, "datos_finales_color_riesgo": "620D00" }, "geometry": { "type": "MultiPolygon", "coordinates": [ [ [ [ -91.306886354999961, 14.771360641000058 ], [ -91.308061368999972, 14.769855398000061 ], [ -91.312679142999968, 14.766200565000076 ], [ -91.317588550999972, 14.760911867000061 ], [ -91.317879489999939, 14.752515419000076 ], [ -91.32022969799999, 14.747387616000026 ], [ -91.322034168999949, 14.745441724000045 ], [ -91.323924190999946, 14.742703347000031 ], [ -91.326417856999967, 14.740720607000071 ], [ -91.329096164999953, 14.737657988000024 ], [ -91.331246553999961, 14.736608145000048 ], [ -91.334593000999973, 14.732527834000052 ], [ -91.33536315899994, 14.730931374000022 ], [ -91.33799810499994, 14.728043427000046 ], [ -91.33978420599999, 14.725951493000025 ], [ -91.341300112999988, 14.723127775000023 ], [ -91.341898718999971, 14.718568937000043 ], [ -91.341181573999961, 14.714317012000038 ], [ -91.340740684999957, 14.713676666000026 ], [ -91.340216888999976, 14.707728086000031 ], [ -91.343092261999971, 14.704538986000045 ], [ -91.347752369999967, 14.699308643000052 ], [ -91.349131947999979, 14.696513243000027 ], [ -91.34929273299997, 14.694886388000043 ], [ -91.34975439499999, 14.694537184000069 ], [ -91.349766883999962, 14.69318267500006 ], [ -91.351448067999968, 14.687921972000026 ], [ -91.35097708099994, 14.686731236000071 ], [ -91.350582368999937, 14.680785822000075 ], [ -91.350048284999957, 14.679886115000045 ], [ -91.349320687999978, 14.670899241000029 ], [ -91.349195036999959, 14.666839070000037 ], [ -91.351944671999945, 14.66166839400006 ], [ -91.353116067999963, 14.654463067000052 ], [ -91.355297356999984, 14.650076887000068 ], [ -91.356903020999937, 14.645686611000031 ], [ -91.357979019999959, 14.645411762000037 ], [ -91.36167581899997, 14.642631438000024 ], [ -91.362821105999956, 14.640366372000074 ], [ -91.364869026999941, 14.638193505000061 ], [ -91.368142484999964, 14.637635765000027 ], [ -91.370583296999939, 14.639366748000043 ], [ -91.372528143999943, 14.639358888000061 ], [ -91.375461899999948, 14.636950332000026 ], [ -91.378980160999959, 14.637499079000065 ], [ -91.383175867999967, 14.63411966700005 ], [ -91.385406954999951, 14.633919358000071 ], [ -91.388626040999952, 14.635870219000026 ], [ -91.393316484999957, 14.635518503000071 ], [ -91.396004397999945, 14.636487196000076 ], [ -91.398959455999943, 14.640702488000045 ], [ -91.401302508999947, 14.642595197000048 ], [ -91.402681264999956, 14.642648725000072 ], [ -91.405080461999944, 14.641919507000068 ], [ -91.40857370699996, 14.642665365000028 ], [ -91.41045956399995, 14.642156283000077 ], [ -91.412129897999989, 14.640715882000052 ], [ -91.414374148999968, 14.639904161000061 ], [ -91.420757940999977, 14.639520490000052 ], [ -91.422696907999978, 14.638636567000049 ], [ -91.42434695899999, 14.636853595000048 ], [ -91.430404629999941, 14.636139795000076 ], [ -91.432636865999939, 14.634555011000032 ], [ -91.433374188999949, 14.633424507000029 ], [ -91.433769125999959, 14.630749493000053 ], [ -91.43307488499994, 14.627445753000075 ], [ -91.436485919999939, 14.623482663000061 ], [ -91.44083666399996, 14.619274978000021 ], [ -91.445587891999935, 14.614521902000035 ], [ -91.447676796999986, 14.610994943000037 ], [ -91.448765923999986, 14.608482673000026 ], [ -91.450099688999956, 14.606570833000035 ], [ -91.450321582999948, 14.605618732000039 ], [ -91.450283770999988, 14.604391485000065 ], [ -91.44991792799999, 14.60386481300003 ], [ -91.449497865999945, 14.603542281000045 ], [ -91.449321614999974, 14.602534432000027 ], [ -91.449508854999976, 14.601643113000023 ], [ -91.449807157999942, 14.600714115000073 ], [ -91.450603939999951, 14.600008745000025 ], [ -91.452161565999972, 14.599587486000075 ], [ -91.454231696999955, 14.599375241000075 ], [ -91.460018891999937, 14.599780698000075 ], [ -91.465500311999961, 14.599446221000051 ], [ -91.477561152999954, 14.601410922000071 ], [ -91.48452034, 14.601476562000073 ], [ -91.485513694999952, 14.601871679000055 ], [ -91.482788771999935, 14.607302085000072 ], [ -91.474475216999963, 14.615669683000021 ], [ -91.472100417999968, 14.620320363000076 ], [ -91.468322477999948, 14.624243212000067 ], [ -91.465432824999937, 14.626889478000066 ], [ -91.464357432999975, 14.628687865000074 ], [ -91.46023013699994, 14.638736454000025 ], [ -91.457595276999939, 14.64024992800006 ], [ -91.45568444, 14.640942272000075 ], [ -91.447905481999953, 14.641445274000034 ], [ -91.440796463999959, 14.642715131000045 ], [ -91.440322974999958, 14.642966169000033 ], [ -91.439789877999942, 14.643441640000049 ], [ -91.43954628099999, 14.64416648100007 ], [ -91.439589659999967, 14.645006228000057 ], [ -91.439544384999977, 14.64607473500007 ], [ -91.439271471999973, 14.646842312000047 ], [ -91.434917899999959, 14.650052257000027 ], [ -91.432640122999942, 14.650593921000052 ], [ -91.431231160999971, 14.651431783000078 ], [ -91.426803655999947, 14.651883182000063 ], [ -91.423088922999966, 14.65335390000007 ], [ -91.419582957999978, 14.654106280000065 ], [ -91.41719001499996, 14.655162197000038 ], [ -91.416203724999946, 14.656114688000059 ], [ -91.416574299999979, 14.658727069000065 ], [ -91.42261806199997, 14.663932518000024 ], [ -91.426332350999985, 14.668560549000063 ], [ -91.428168334999953, 14.671895756000026 ], [ -91.429353196999955, 14.675486407000051 ], [ -91.430244662999939, 14.680268154000032 ], [ -91.430358199999944, 14.684363361000067 ], [ -91.429988363999939, 14.688451910000026 ], [ -91.429714484999977, 14.689665736000052 ], [ -91.42932875799994, 14.69069464100005 ], [ -91.42913430599998, 14.691431092000073 ], [ -91.428211579999981, 14.693377156000054 ], [ -91.426670103999982, 14.697199022000063 ], [ -91.42620726199999, 14.698375403000057 ], [ -91.425861332999943, 14.699109692000036 ], [ -91.425157722999984, 14.700758955000026 ], [ -91.422216589999948, 14.709949146000042 ], [ -91.420698421999987, 14.71388521800003 ], [ -91.419575294999959, 14.719696052000074 ], [ -91.41996816599999, 14.735414303000027 ], [ -91.421352210999942, 14.741664782000043 ], [ -91.424132438999948, 14.745569135000039 ], [ -91.42621774, 14.747397804000059 ], [ -91.425958278999985, 14.75038323900003 ], [ -91.425448206999988, 14.750761640000064 ], [ -91.425471821999963, 14.751271344000031 ], [ -91.422965214999977, 14.75409458300004 ], [ -91.41677141699995, 14.761532640000041 ], [ -91.406116504999943, 14.771970974000055 ], [ -91.403045950999967, 14.774916589000043 ], [ -91.401158919999943, 14.777487357000041 ], [ -91.398575026999936, 14.78110623200007 ], [ -91.396254390999957, 14.783096619000048 ], [ -91.395401203999938, 14.784720968000045 ], [ -91.392350101999966, 14.789317157000028 ], [ -91.391700840999988, 14.791388046000066 ], [ -91.391457969999976, 14.795982313000025 ], [ -91.387197648999972, 14.803420402000029 ], [ -91.383930918999965, 14.807120138000073 ], [ -91.381807238999954, 14.810445984000069 ], [ -91.380966918999945, 14.812574229000063 ], [ -91.378894249999973, 14.814570650000064 ], [ -91.37567086699994, 14.819034269000042 ], [ -91.374668697999937, 14.820582892000061 ], [ -91.372558485999946, 14.821213083000032 ], [ -91.369785730999979, 14.820987844000058 ], [ -91.368635187999985, 14.820244212000034 ], [ -91.36641644599996, 14.820401332000074 ], [ -91.363669619999939, 14.819973976000028 ], [ -91.362514838999971, 14.819257400000026 ], [ -91.360030235999943, 14.819019410000067 ], [ -91.356664605999981, 14.818804478000061 ], [ -91.353655014999958, 14.819346725000059 ], [ -91.348652349999952, 14.81930750600003 ], [ -91.344938984999942, 14.821454495000069 ], [ -91.34062780499994, 14.823023189000025 ], [ -91.33844039, 14.825083898000059 ], [ -91.334316410999975, 14.826457237000056 ], [ -91.329867560999958, 14.826648679000073 ], [ -91.32742336299998, 14.825004088000071 ], [ -91.323906032999957, 14.821184803000051 ], [ -91.322230238999964, 14.817718956000022 ], [ -91.322153104999984, 14.807674934000033 ], [ -91.322793074999936, 14.803657687000054 ], [ -91.323478914999953, 14.800466617000041 ], [ -91.326349105999952, 14.793240122000043 ], [ -91.326781651999966, 14.789754587000061 ], [ -91.325479719999976, 14.787747736000028 ], [ -91.321299461999956, 14.784748365000041 ], [ -91.32050428299999, 14.784573116000047 ], [ -91.315469638999957, 14.780287427000076 ], [ -91.312820764999969, 14.778612997000039 ], [ -91.307861068999955, 14.773832890000051 ], [ -91.306886354999961, 14.771360641000058 ] ] ] ] } },
{ "type": "Feature", "properties": { "Codigo": 1309, "datos_finales_color_riesgo": "620D00" }, "geometry": { "type": "MultiPolygon", "coordinates": [ [ [ [ -91.79812887099996, 15.520676475000073 ], [ -91.800323038999977, 15.508406517000026 ], [ -91.800338152999984, 15.505688089000046 ], [ -91.799644237999985, 15.504074231000061 ], [ -91.797890201999962, 15.502415067000072 ], [ -91.795190078999951, 15.501450123000041 ], [ -91.792326323999987, 15.499571322000065 ], [ -91.78840250199994, 15.497952180000027 ], [ -91.784344543999964, 15.496968382000034 ], [ -91.781701629999986, 15.49700129200005 ], [ -91.778895405999947, 15.49647171600003 ], [ -91.775187489999951, 15.493144045000065 ], [ -91.771781240999985, 15.490249609000045 ], [ -91.765754714999957, 15.488228615000025 ], [ -91.758790634999968, 15.485089272000039 ], [ -91.75773337399994, 15.484191862000046 ], [ -91.754144313999973, 15.482611328000075 ], [ -91.752839447999975, 15.482501163000052 ], [ -91.752219748999948, 15.481991491000031 ], [ -91.747601734999989, 15.48083891400006 ], [ -91.74379655599995, 15.481210548000035 ], [ -91.741404446999979, 15.482483878000039 ], [ -91.740470186999971, 15.47494683900004 ], [ -91.74117014699999, 15.471134122000024 ], [ -91.742750245999957, 15.467902634000041 ], [ -91.743494652999971, 15.467622128000073 ], [ -91.743575831999976, 15.467105109000045 ], [ -91.745841416999951, 15.46513953300007 ], [ -91.748697987999947, 15.461465524000062 ], [ -91.750815649999936, 15.456757981000067 ], [ -91.751168164999967, 15.451489095000056 ], [ -91.750773876999972, 15.450021426000035 ], [ -91.749175535999939, 15.447600131000058 ], [ -91.748766945999989, 15.443955103000064 ], [ -91.749035707999951, 15.440512758000068 ], [ -91.750931775999959, 15.437364310000078 ], [ -91.753033802999937, 15.432875827000032 ], [ -91.753660909999951, 15.42851123500003 ], [ -91.753685878999988, 15.422276698000076 ], [ -91.752927581999984, 15.419059053000069 ], [ -91.752331314999935, 15.418458009000062 ], [ -91.752160104999973, 15.417382529000065 ], [ -91.752140803999964, 15.416323722000072 ], [ -91.751381973999969, 15.41388343400007 ], [ -91.748413343999971, 15.408191349000049 ], [ -91.748446809999962, 15.407366728000056 ], [ -91.746089620999953, 15.401897254000062 ], [ -91.744925290999959, 15.400383426000076 ], [ -91.743122598999946, 15.395887626000047 ], [ -91.738323947999959, 15.388697038000032 ], [ -91.734711346999973, 15.385327568000037 ], [ -91.73233626199999, 15.384161578000032 ], [ -91.729984454999965, 15.383770795000032 ], [ -91.727921558999981, 15.382406556000035 ], [ -91.724447904999977, 15.379691929000046 ], [ -91.723490268999967, 15.378034564000075 ], [ -91.723298289999946, 15.371601091000059 ], [ -91.724362639999981, 15.367102387000045 ], [ -91.724409135999963, 15.356293138000069 ], [ -91.722459043999947, 15.350503788000026 ], [ -91.72097495099996, 15.348225359000025 ], [ -91.717529618999947, 15.344312037000066 ], [ -91.714003952999974, 15.341750653000076 ], [ -91.716315906999967, 15.341435175000072 ], [ -91.729787166999984, 15.344133594000027 ], [ -91.729606341999954, 15.346695121000039 ], [ -91.730222758999957, 15.348061271000063 ], [ -91.739784306999979, 15.349267976000021 ], [ -91.741663005999953, 15.349077467000029 ], [ -91.743204387999981, 15.343184777000033 ], [ -91.749509518999957, 15.344032592000076 ], [ -91.759260465999944, 15.346092590000069 ], [ -91.761973197999964, 15.345937047000064 ], [ -91.77259987399998, 15.341941706000057 ], [ -91.773957156999984, 15.341003450000073 ], [ -91.78141250499999, 15.338086211000075 ], [ -91.782853565999972, 15.337046665000059 ], [ -91.79152467099999, 15.332934612000031 ], [ -91.796427292999965, 15.330745354000044 ], [ -91.815300415999957, 15.331088095000041 ], [ -91.819610750999971, 15.330660090000038 ], [ -91.820366741999976, 15.330907016000026 ], [ -91.822166398999968, 15.330452122000054 ], [ -91.826430483999957, 15.333301628000072 ], [ -91.83621424599994, 15.338357248000023 ], [ -91.839939987999969, 15.339657974000033 ], [ -91.847268291999967, 15.343407747000072 ], [ -91.848056316999987, 15.343986943000061 ], [ -91.850423667999962, 15.345343762000027 ], [ -91.85630568, 15.348006719000068 ], [ -91.858509091999963, 15.349657527000033 ], [ -91.866813781999952, 15.353863658000023 ], [ -91.868971255999952, 15.355423741000038 ], [ -91.871535797999968, 15.356973435000043 ], [ -91.87612244099995, 15.359186413000032 ], [ -91.877946972999951, 15.360750384000028 ], [ -91.881205026999965, 15.362207426000055 ], [ -91.88188239599998, 15.36544469200004 ], [ -91.881849713999941, 15.371139370000037 ], [ -91.880808928999954, 15.381111424000039 ], [ -91.880213671999968, 15.381684696000036 ], [ -91.879176849999965, 15.385989022000047 ], [ -91.877798968999969, 15.388402381000049 ], [ -91.875914094999985, 15.395434571000067 ], [ -91.874284307999972, 15.397890694000068 ], [ -91.872483294999938, 15.401530100000059 ], [ -91.869183791999944, 15.407753901000035 ], [ -91.86756552899999, 15.412564778000046 ], [ -91.867051639999943, 15.412820914000065 ], [ -91.867073629999936, 15.413599540000064 ], [ -91.865271298999971, 15.417430938000052 ], [ -91.864765478999971, 15.419093862000068 ], [ -91.864709946999938, 15.421811034000029 ], [ -91.865099995999969, 15.428704406000065 ], [ -91.865924721999988, 15.43299440100003 ], [ -91.865436994999982, 15.435822353000049 ], [ -91.86563533399999, 15.437374743000078 ], [ -91.866836872999954, 15.439639591000059 ], [ -91.866823066999984, 15.44153891600007 ], [ -91.865355852999983, 15.442927996000037 ], [ -91.862887176999948, 15.447016950000034 ], [ -91.858856445999947, 15.452224360000059 ], [ -91.856844525999975, 15.45721386200006 ], [ -91.856425053999942, 15.460304268000073 ], [ -91.855824578999943, 15.461453680000034 ], [ -91.855830754999943, 15.463086437000072 ], [ -91.855390366999984, 15.463722559000075 ], [ -91.855202518999988, 15.466634506000048 ], [ -91.854398031999949, 15.468753450000065 ], [ -91.854528821999963, 15.484793208000042 ], [ -91.852791579999973, 15.490915097000027 ], [ -91.852508584999953, 15.496484074000023 ], [ -91.85087592299999, 15.497145627000066 ], [ -91.847464185999968, 15.499649826000052 ], [ -91.84322578199999, 15.50181066600004 ], [ -91.842451055999959, 15.501883440000029 ], [ -91.838258603999975, 15.504664737000041 ], [ -91.833184465999977, 15.508385886000042 ], [ -91.827230619999966, 15.511231087000056 ], [ -91.826098241999944, 15.511486083000023 ], [ -91.821602318999965, 15.514283496000076 ], [ -91.81540402, 15.516412956000067 ], [ -91.81413579499997, 15.517493109000043 ], [ -91.810799885999984, 15.519037810000043 ], [ -91.804216450999945, 15.520719691000068 ], [ -91.799327166999944, 15.521127041000057 ], [ -91.79812887099996, 15.520676475000073 ] ] ] ] } },
{ "type": "Feature", "properties": { "Codigo": 1503, "datos_finales_color_riesgo": "620D00" }, "geometry": { "type": "MultiPolygon", "coordinates": [ [ [ [ -90.497678192999956, 15.265605064000056 ], [ -90.496616177999954, 15.262074636000023 ], [ -90.493583294999951, 15.257656087000043 ], [ -90.48872499, 15.250107289000027 ], [ -90.485243430999958, 15.244616566000047 ], [ -90.481867544999943, 15.237883767000028 ], [ -90.481081995999944, 15.235923723000042 ], [ -90.48012797399997, 15.233023435000064 ], [ -90.479914998999959, 15.230399083000066 ], [ -90.480026975999976, 15.226610803000028 ], [ -90.481228, 15.22316784800006 ], [ -90.482216385999948, 15.220781673000033 ], [ -90.482464926999967, 15.219097457000032 ], [ -90.481596428999978, 15.217172624000057 ], [ -90.479084054999987, 15.215697964000071 ], [ -90.471046352999963, 15.214845444000048 ], [ -90.464711994999959, 15.213199993000046 ], [ -90.460977280999941, 15.213646757000049 ], [ -90.456881453999983, 15.215549378000048 ], [ -90.453221342999939, 15.218347768000058 ], [ -90.450215731999947, 15.22009435800004 ], [ -90.44863810399994, 15.220347443000037 ], [ -90.443671316999939, 15.219914961000029 ], [ -90.439423079999983, 15.217860071000075 ], [ -90.436421110999959, 15.215263791000041 ], [ -90.434456241999953, 15.212111363000076 ], [ -90.431327370999952, 15.20776453700006 ], [ -90.430024102999937, 15.203043359000048 ], [ -90.42962461799999, 15.201273936000064 ], [ -90.429894479999973, 15.197284358000047 ], [ -90.43158442899994, 15.193934285000068 ], [ -90.432786461999967, 15.19323438300006 ], [ -90.435490241999958, 15.192143973000043 ], [ -90.449399492999987, 15.19152635100005 ], [ -90.45183497499994, 15.190453010000056 ], [ -90.454311143999973, 15.189814829000056 ], [ -90.457013273999962, 15.188075978000029 ], [ -90.459403361999989, 15.186758130000044 ], [ -90.460613553999963, 15.185901196000032 ], [ -90.461560189999943, 15.185351806000028 ], [ -90.46675879299994, 15.182132375000037 ], [ -90.46861159599996, 15.180765459000042 ], [ -90.470241193999982, 15.18027225700007 ], [ -90.471757246999971, 15.179402878000076 ], [ -90.473006355999985, 15.178394992000051 ], [ -90.473849203999976, 15.177279784000064 ], [ -90.474045154999942, 15.175565624000058 ], [ -90.473901516999945, 15.173760709000078 ], [ -90.47488032199999, 15.172453928000039 ], [ -90.478292187999955, 15.170542044000058 ], [ -90.480292662999943, 15.169110036000063 ], [ -90.482578208999939, 15.167804270000033 ], [ -90.484965079999938, 15.166678022000042 ], [ -90.487950496999986, 15.165174490000027 ], [ -90.490442384999938, 15.163568308000038 ], [ -90.491693769999983, 15.162598707000029 ], [ -90.492844426999966, 15.161099515000046 ], [ -90.493472858999951, 15.159419483000022 ], [ -90.493676450999942, 15.156250957000054 ], [ -90.492741688999956, 15.154133480000041 ], [ -90.491457883999942, 15.152336201000026 ], [ -90.48499235099996, 15.147657088000074 ], [ -90.482920096999976, 15.145988745000068 ], [ -90.479784549999977, 15.143257238000047 ], [ -90.478191594999942, 15.141419190000022 ], [ -90.47629681899997, 15.137634430000048 ], [ -90.475588976999973, 15.136007262000078 ], [ -90.475165612999945, 15.134408117000078 ], [ -90.474192563999964, 15.130442824000056 ], [ -90.471949333999987, 15.125177178000058 ], [ -90.470241125999962, 15.123859493000054 ], [ -90.466650004999963, 15.121796889000052 ], [ -90.465767459999938, 15.121186268000031 ], [ -90.464743057999954, 15.120531142000061 ], [ -90.461069134999946, 15.118257508000056 ], [ -90.459118683999975, 15.116697649000059 ], [ -90.45832474499997, 15.115970567000033 ], [ -90.457839523999951, 15.114746732000071 ], [ -90.456212667999978, 15.109154827000054 ], [ -90.455290797999965, 15.106390401000056 ], [ -90.453348259999984, 15.101402435000068 ], [ -90.450193245999969, 15.09673503700003 ], [ -90.447273544999973, 15.092859557000054 ], [ -90.445735884999976, 15.091114583000035 ], [ -90.44494294499998, 15.090266663000023 ], [ -90.443855477999989, 15.089266366000061 ], [ -90.442294655999945, 15.087518857000077 ], [ -90.440263572999982, 15.083749336000039 ], [ -90.439226745999974, 15.081387825000036 ], [ -90.439320953999982, 15.072451560000047 ], [ -90.439050725999948, 15.071532755000021 ], [ -90.438740884999959, 15.070816750000063 ], [ -90.437218258999962, 15.066960385000073 ], [ -90.43507935699995, 15.062849759000073 ], [ -90.434452457999953, 15.061878362000073 ], [ -90.434081682999988, 15.061255385000038 ], [ -90.431243200999972, 15.057109724000043 ], [ -90.430279935999977, 15.053135467000061 ], [ -90.429762256999936, 15.052071582000053 ], [ -90.423749762999989, 15.042830142000071 ], [ -90.423258383999951, 15.038324885000065 ], [ -90.423033536999981, 15.037504826000031 ], [ -90.421879267999941, 15.033971024000039 ], [ -90.421001037999986, 15.032122793000042 ], [ -90.420043785999951, 15.030518689000075 ], [ -90.417248141999949, 15.024504683000032 ], [ -90.416589317999978, 15.01804184100007 ], [ -90.417593040999975, 15.014132829000062 ], [ -90.417947458999947, 15.013739392000048 ], [ -90.420162910999977, 15.012241308000057 ], [ -90.424761118999982, 15.00841250700006 ], [ -90.426639530999978, 15.004783192000048 ], [ -90.428374691999977, 15.005790825000076 ], [ -90.430782121999982, 15.007997309000075 ], [ -90.433021875999941, 15.009510830000067 ], [ -90.433638876999964, 15.009841864000066 ], [ -90.43430405099997, 15.009981479000032 ], [ -90.435282421999943, 15.010015098000054 ], [ -90.436401949999947, 15.009415709000052 ], [ -90.437032004999935, 15.008701272000053 ], [ -90.437507252999978, 15.00693947600007 ], [ -90.438239659999965, 15.005239294000035 ], [ -90.438820336999981, 15.004182155000024 ], [ -90.439167871999985, 15.002265349000027 ], [ -90.43963568099997, 15.000783496000054 ], [ -90.44035658699994, 14.999021065000022 ], [ -90.442001781999977, 14.998024435000048 ], [ -90.449703265999972, 14.995816363000074 ], [ -90.452462953999941, 14.995513024000047 ], [ -90.453641730999948, 14.996277117000034 ], [ -90.45674616299999, 14.999338033000072 ], [ -90.457616027999961, 15.000194639000028 ], [ -90.458182827999963, 15.001236432000042 ], [ -90.461201612999957, 15.005609589000073 ], [ -90.464592050999954, 15.008672492000073 ], [ -90.465603051999949, 15.009438056000022 ], [ -90.468422509999982, 15.01167024700004 ], [ -90.472715453999967, 15.014176245000044 ], [ -90.476905810999938, 15.015633143000059 ], [ -90.483417342999985, 15.017356194000058 ], [ -90.486015189999989, 15.018646255000021 ], [ -90.488095859999987, 15.019605365000075 ], [ -90.489460451999946, 15.020051796000075 ], [ -90.491336079999897, 15.020265596000058 ], [ -90.506160501999943, 15.019787313000052 ], [ -90.508699302999958, 15.020426059000044 ], [ -90.51315841, 15.020487305000074 ], [ -90.515031, 15.020315814000071 ], [ -90.51761361399997, 15.018173656000045 ], [ -90.519528622999985, 15.015836727000021 ], [ -90.520880688999966, 15.012492012000052 ], [ -90.520917074999943, 15.007827557000041 ], [ -90.522623777999968, 15.008985542000062 ], [ -90.524567497999954, 15.009942838000029 ], [ -90.526899345999936, 15.010541852000074 ], [ -90.529188361999957, 15.010876139000061 ], [ -90.53029756799998, 15.010955940000031 ], [ -90.531674521999946, 15.010787951000054 ], [ -90.534518231999982, 15.009358684000063 ], [ -90.536842681999985, 15.008274948000064 ], [ -90.538550783999938, 15.008204226000032 ], [ -90.540604735999977, 15.007810878000043 ], [ -90.543596262999984, 15.005537274000062 ], [ -90.547772615999975, 15.003684053000029 ], [ -90.548762520999958, 15.002864718000069 ], [ -90.549563230999979, 15.00233468600004 ], [ -90.550276598999972, 15.002281388000029 ], [ -90.551118819999942, 15.002492588000052 ], [ -90.552093439999965, 15.003167075000022 ], [ -90.553001276999964, 15.004197686000055 ], [ -90.553580912999962, 15.006044603000078 ], [ -90.553727364999986, 15.00976481500004 ], [ -90.554302048999944, 15.010925093000026 ], [ -90.555533394999941, 15.011914008000076 ], [ -90.557107328999962, 15.012100306000036 ], [ -90.558602648999965, 15.011945843000035 ], [ -90.560332107999955, 15.011482206000039 ], [ -90.562364393999985, 15.009006071000044 ], [ -90.562970262999954, 15.008086567000078 ], [ -90.565935277999984, 15.001827180000078 ], [ -90.567308460999982, 15.000241692000031 ], [ -90.568275642999936, 15.000345755000069 ], [ -90.569762337999975, 15.002078123000047 ], [ -90.572512427999982, 15.003974155000037 ], [ -90.57478645599997, 15.004819380000072 ], [ -90.577835341999958, 15.005828676000021 ], [ -90.582582425999988, 15.006619967000063 ], [ -90.584314121999967, 15.010240752000072 ], [ -90.585494033999964, 15.012563783000076 ], [ -90.586152527999957, 15.015640151000071 ], [ -90.586014794999983, 15.02148495800003 ], [ -90.586598074999984, 15.025051765000057 ], [ -90.586151785999959, 15.027592416000061 ], [ -90.585353730999941, 15.029793932000075 ], [ -90.584438401999989, 15.030954132000033 ], [ -90.58274163699997, 15.032371392000073 ], [ -90.579795922999949, 15.033666922000066 ], [ -90.576978627999949, 15.034237659000041 ], [ -90.575112310999941, 15.034611857000073 ], [ -90.573645687999942, 15.035039998000059 ], [ -90.572211864999986, 15.035957449000023 ], [ -90.570093632999942, 15.038104116000056 ], [ -90.565331265999987, 15.041318929000056 ], [ -90.558759217999977, 15.045475166000074 ], [ -90.554845288999957, 15.04931201900007 ], [ -90.554005938999978, 15.050767613000062 ], [ -90.55334357299995, 15.052802159000066 ], [ -90.552276379999967, 15.054211246000023 ], [ -90.550608885999964, 15.05623606100005 ], [ -90.548618205999958, 15.058522737000033 ], [ -90.547375625999962, 15.061744594000061 ], [ -90.547727562999967, 15.067289610000046 ], [ -90.550234952999972, 15.073934112000074 ], [ -90.55231969099998, 15.077914655000029 ], [ -90.555859077999969, 15.083009654000023 ], [ -90.557614693999938, 15.085141422000049 ], [ -90.560836755999958, 15.088731044000042 ], [ -90.566257251999957, 15.094273052000062 ], [ -90.56869775199999, 15.09665265700005 ], [ -90.569634693999944, 15.097664376000068 ], [ -90.573443920999978, 15.102039364000063 ], [ -90.574143024999955, 15.109050543000023 ], [ -90.574563506999937, 15.111276313000076 ], [ -90.575792317999969, 15.113309742000069 ], [ -90.579311278999967, 15.116406630000029 ], [ -90.58165854899994, 15.118737717000045 ], [ -90.582774908999966, 15.12059940000006 ], [ -90.583599400999958, 15.124470314000064 ], [ -90.583981113999982, 15.127049127000078 ], [ -90.584440565999955, 15.13087209300005 ], [ -90.58517132899999, 15.134964469000067 ], [ -90.585424571999965, 15.147182461000057 ], [ -90.584272035999959, 15.153822628000057 ], [ -90.582732418999967, 15.156558147000055 ], [ -90.581604371999958, 15.158320124000056 ], [ -90.579495798999972, 15.161084513000048 ], [ -90.577438581999957, 15.163826842000049 ], [ -90.574886653999954, 15.167173621000074 ], [ -90.573309069999937, 15.169242374000078 ], [ -90.571864718999961, 15.170994096000072 ], [ -90.569900537999956, 15.173615371000039 ], [ -90.566559908999977, 15.176412596000034 ], [ -90.556610962999969, 15.181300651000072 ], [ -90.554360261999989, 15.182323023000038 ], [ -90.55320971399999, 15.182976774000053 ], [ -90.552432520999957, 15.18336920400003 ], [ -90.551834566999958, 15.183746645000042 ], [ -90.550737817999959, 15.185531333000029 ], [ -90.550496907999957, 15.187615544000039 ], [ -90.551543165999988, 15.190561819000038 ], [ -90.552521354999953, 15.192102580000039 ], [ -90.55359582799997, 15.194067851000057 ], [ -90.554386270999942, 15.19691761200005 ], [ -90.554295164999985, 15.200986402000069 ], [ -90.555839068999944, 15.205006344000026 ], [ -90.555977061999954, 15.210890059000064 ], [ -90.554919392999977, 15.21376037400006 ], [ -90.553729697999984, 15.215371271000038 ], [ -90.553147140999954, 15.216320261000021 ], [ -90.54894528599999, 15.219742341000028 ], [ -90.547955712999965, 15.220685745000026 ], [ -90.547337764999952, 15.218360682000025 ], [ -90.546427565999977, 15.214559908000069 ], [ -90.54647586599998, 15.209685537000041 ], [ -90.546324283999979, 15.209067321000077 ], [ -90.545946647999983, 15.20843760300005 ], [ -90.545183777999966, 15.207232288000057 ], [ -90.544370255999979, 15.207137580000051 ], [ -90.543977617999985, 15.207753239000056 ], [ -90.543709808999949, 15.20853512900004 ], [ -90.543439701999944, 15.209464921000063 ], [ -90.542822795999939, 15.210165078000045 ], [ -90.541457884999943, 15.211236471000063 ], [ -90.540983421999954, 15.211435671000061 ], [ -90.540156685999989, 15.211726997000028 ], [ -90.539078439999969, 15.212295617000052 ], [ -90.538276031999942, 15.212694480000039 ], [ -90.537115412999981, 15.213345747000062 ], [ -90.536411193999982, 15.21415107100006 ], [ -90.534959344999947, 15.215393105000032 ], [ -90.53425077899999, 15.216021082000054 ], [ -90.533356504999972, 15.217166463000069 ], [ -90.532597502999977, 15.218479319000039 ], [ -90.531484506999959, 15.22077747700007 ], [ -90.530653235999978, 15.222401195000032 ], [ -90.529754053999966, 15.224012865000077 ], [ -90.528915275999964, 15.225280786000042 ], [ -90.528310880999982, 15.226096205000033 ], [ -90.527823106999961, 15.226734489000023 ], [ -90.527519772999938, 15.227264140000045 ], [ -90.527237554999942, 15.227927271000055 ], [ -90.527081058999954, 15.228580493000038 ], [ -90.526995239999962, 15.229057207000039 ], [ -90.52708699499999, 15.230013536000058 ], [ -90.527398176999952, 15.231798870000034 ], [ -90.527641964999987, 15.232733159000077 ], [ -90.527781139999945, 15.233264294000037 ], [ -90.527884523999944, 15.234220752000056 ], [ -90.527917489999936, 15.235331134000035 ], [ -90.527643309999974, 15.236250685000073 ], [ -90.527109835999966, 15.236865876000024 ], [ -90.526566340999977, 15.237392876000058 ], [ -90.525936400999967, 15.237752928000077 ], [ -90.524968447999981, 15.238075371000036 ], [ -90.524267710999936, 15.238322844000038 ], [ -90.523566578999976, 15.238604186000032 ], [ -90.523082258999978, 15.238943250000034 ], [ -90.522365472999979, 15.239567696000051 ], [ -90.521797971999945, 15.240206207000028 ], [ -90.521457237999982, 15.240946596000072 ], [ -90.521301088999962, 15.241567066000073 ], [ -90.521248456999956, 15.242187551000029 ], [ -90.521316007999985, 15.243221528000049 ], [ -90.521109684999942, 15.244252476000042 ], [ -90.520622357999969, 15.244846701000029 ], [ -90.52013736899994, 15.245241079000039 ], [ -90.519158278999953, 15.245864868000069 ], [ -90.517158326999947, 15.246607213000061 ], [ -90.516019530999984, 15.247161465000033 ], [ -90.515557738999973, 15.247510920000025 ], [ -90.514899636999985, 15.248036613000068 ], [ -90.514182130999984, 15.248717479000049 ], [ -90.51395962, 15.249192664000077 ], [ -90.513723456999969, 15.250778839000077 ], [ -90.513633426999945, 15.252598120000073 ], [ -90.513451888999953, 15.254384770000058 ], [ -90.51289432699997, 15.256099492000033 ], [ -90.51147124299996, 15.258416631000046 ], [ -90.510592732999953, 15.259183766000035 ], [ -90.509956991999957, 15.259732272000065 ], [ -90.50930372, 15.26013942700007 ], [ -90.508452880999982, 15.260236116000044 ], [ -90.507564564999939, 15.25986150500006 ], [ -90.506723586999954, 15.259418536000055 ], [ -90.505548997999938, 15.259105099000067 ], [ -90.504851054999961, 15.259108620000063 ], [ -90.504254599999967, 15.259235224000065 ], [ -90.503716100999952, 15.259329725000043 ], [ -90.503277596999965, 15.259624077000069 ], [ -90.502870298999937, 15.26023043500004 ], [ -90.502711473999966, 15.260726642000066 ], [ -90.502648675999978, 15.261561547000042 ], [ -90.502753932999951, 15.263283615000034 ], [ -90.502859357999967, 15.264057161000039 ], [ -90.502859776999969, 15.264956007000023 ], [ -90.50268073699999, 15.265587491000076 ], [ -90.502045087999988, 15.266124674000025 ], [ -90.501276273999963, 15.266315969000061 ], [ -90.500317774999985, 15.266121216000045 ], [ -90.499394162999977, 15.26587829500005 ], [ -90.498491065999985, 15.265622047000022 ], [ -90.497678192999956, 15.265605064000056 ] ] ] ] } },
{ "type": "Feature", "properties": { "Codigo": 1713, "datos_finales_color_riesgo": "620D00" }, "geometry": { "type": "MultiPolygon", "coordinates": [ [ [ [ -91.346064408999951, 17.251149069000064 ], [ -91.254166711999972, 17.179166699000064 ], [ -91.238888845999952, 17.165277740000022 ], [ -91.196388894999984, 17.069166697000071 ], [ -91.094166712999936, 16.986666688000071 ], [ -91.006111122999982, 16.923055542000043 ], [ -90.933055578999983, 16.916111089000026 ], [ -90.932648496999946, 16.917400699000041 ], [ -90.932278160999942, 16.917918993000058 ], [ -90.93136487299995, 16.918082917000049 ], [ -90.930779430999962, 16.918246840000052 ], [ -90.930240824999942, 16.918668358000048 ], [ -90.929646637999952, 16.918739425000069 ], [ -90.928835765999963, 16.919230381000034 ], [ -90.927875329999949, 16.919253033000075 ], [ -90.927266783999983, 16.919558229000074 ], [ -90.927196530999936, 16.920049999000071 ], [ -90.926845265999987, 16.920518352000045 ], [ -90.926821847999975, 16.921267717000035 ], [ -90.926470583999958, 16.921923411000023 ], [ -90.925768053999946, 16.92206391700006 ], [ -90.924784512999963, 16.922391764000054 ], [ -90.924035147999973, 16.922532270000033 ], [ -90.923356035999973, 16.922532270000033 ], [ -90.922957935999989, 16.922625941000035 ], [ -90.922489582999958, 16.923024041000076 ], [ -90.921857306999982, 16.922977205000052 ], [ -90.921107941999935, 16.923328470000058 ], [ -90.920381994999957, 16.92342214100006 ], [ -90.919819970999981, 16.923398723000048 ], [ -90.919140858999981, 16.92356264700004 ], [ -90.918227570999989, 16.923586064000062 ], [ -90.918297823999978, 16.923843658000067 ], [ -90.91867250599995, 16.924358847000065 ], [ -90.918438329999958, 16.924546188000022 ], [ -90.917696440999975, 16.924656077000066 ], [ -90.91696301799999, 16.925037959000065 ], [ -90.916400993999957, 16.925436059000049 ], [ -90.915865229999952, 16.926167147000058 ], [ -90.915323781999973, 16.926466435000066 ], [ -90.914761758999987, 16.92693478800004 ], [ -90.914387075999969, 16.927449977000038 ], [ -90.913848469999948, 16.92815250600006 ], [ -90.913707963999968, 16.928855036000073 ], [ -90.91319277599996, 16.929534147000027 ], [ -90.913075687999935, 16.930119589000071 ], [ -90.912701005999963, 16.930587942000045 ], [ -90.913005434999945, 16.931430977000048 ], [ -90.913075687999935, 16.932297430000062 ], [ -90.913544040999966, 16.93241451800003 ], [ -90.91469150599994, 16.932320848000074 ], [ -90.914738340999975, 16.932742365000024 ], [ -90.914785175999953, 16.933444895000036 ], [ -90.914527581999948, 16.933913248000067 ], [ -90.91401239399994, 16.933866413000032 ], [ -90.913380116999974, 16.933561983000061 ], [ -90.912864928999966, 16.933491730000071 ], [ -90.912209234999978, 16.933702489000041 ], [ -90.911834551999959, 16.934217677000049 ], [ -90.911740881999947, 16.934873372000027 ], [ -90.911506704999965, 16.935154383000054 ], [ -90.911202275999983, 16.935341725000058 ], [ -90.910530616999949, 16.935823066000069 ], [ -90.910242151999967, 16.936067672000036 ], [ -90.910312404999956, 16.93639551900003 ], [ -90.910312404999956, 16.936793619000071 ], [ -90.90996114, 16.937215137000067 ], [ -90.909328863999974, 16.937379060000069 ], [ -90.908626333999962, 16.937730325000075 ], [ -90.90832190499998, 16.938175260000037 ], [ -90.908228233999978, 16.938713866000057 ], [ -90.908298486999968, 16.939603737000027 ], [ -90.908111145999953, 16.939955002000033 ], [ -90.907783298999959, 16.940048672000046 ], [ -90.906940263999957, 16.939720825000052 ], [ -90.906190898999967, 16.938948043000039 ], [ -90.905582039999956, 16.938643613000067 ], [ -90.90519716099999, 16.938543395000067 ], [ -90.90494976299999, 16.938737284000069 ], [ -90.904996598999958, 16.939533484000037 ], [ -90.904818304999935, 16.939892821000058 ], [ -90.904434574999982, 16.939908166000066 ], [ -90.904148950999968, 16.939649419000034 ], [ -90.903732045999959, 16.939627155000039 ], [ -90.903479595999954, 16.939892821000058 ], [ -90.903098327999942, 16.94054185300007 ], [ -90.90238428899994, 16.941109829000027 ], [ -90.901228130999982, 16.941779183000051 ], [ -90.900802177999935, 16.942752790000043 ], [ -90.900132823999968, 16.943361294000056 ], [ -90.89982857199999, 16.942083435000029 ], [ -90.899098366999965, 16.940927278000061 ], [ -90.898423087999959, 16.940721072000031 ], [ -90.897756571999935, 16.94051754000003 ], [ -90.897024594999948, 16.941163424000024 ], [ -90.895773295999959, 16.942505919000041 ], [ -90.886803037999982, 16.938059175000035 ], [ -90.87495755399999, 16.929551210000056 ], [ -90.865324202999943, 16.920651701000054 ], [ -90.856369652999945, 16.910100981000028 ], [ -90.845000019999986, 16.895277775000068 ], [ -90.770277820999979, 16.882777756000053 ], [ -90.773333305999984, 16.839444430000071 ], [ -90.731944429999942, 16.838611084000036 ], [ -90.72222220499998, 16.82749996900003 ], [ -90.716111128999955, 16.824444466000045 ], [ -90.72805554599995, 16.805000014000029 ], [ -90.730000002999986, 16.805000019000033 ], [ -90.729444414999989, 16.799444438000023 ], [ -90.724444463999987, 16.798055590000047 ], [ -90.678611108999974, 16.785833343000036 ], [ -90.657777816999953, 16.775277816000028 ], [ -90.658750038999983, 16.76555552700006 ], [ -90.651388889999964, 16.76055559100007 ], [ -90.648055571999976, 16.759722184000054 ], [ -90.645833317999973, 16.765000018000023 ], [ -90.642083308999986, 16.769444413000031 ], [ -90.637777750999987, 16.765833342000064 ], [ -90.639166623999984, 16.761944474000074 ], [ -90.62777773199997, 16.746111141000029 ], [ -90.62500001899997, 16.743611138000063 ], [ -90.624166663999972, 16.741111112000056 ], [ -90.616111079999939, 16.729583365000053 ], [ -90.614999993999959, 16.772083295000073 ], [ -90.613611071999969, 16.771944430000076 ], [ -90.614444422999952, 16.781805516000077 ], [ -90.605277742999988, 16.781805525000038 ], [ -90.605277748999981, 16.787777781000045 ], [ -90.585833291999961, 16.787500030000047 ], [ -90.587500043999967, 16.759999977000064 ], [ -90.588055582999971, 16.760000012000035 ], [ -90.588611143999969, 16.74666663000005 ], [ -90.591388880999943, 16.744999995000057 ], [ -90.508055511999942, 16.737777766000022 ], [ -90.418973071999972, 16.73721891100007 ], [ -90.418055547999984, 16.79083335200005 ], [ -90.417777822999938, 16.798472267000022 ], [ -90.378104874999963, 16.798752496000077 ], [ -90.378830715999982, 16.79329339700007 ], [ -90.338888898999983, 16.787499995000076 ], [ -90.338055538999981, 16.795833364000032 ], [ -90.33527775899995, 16.795555595000053 ], [ -90.335626188999981, 16.791829430000064 ], [ -90.329444443999989, 16.792222190000075 ], [ -90.329166676999989, 16.795000026000025 ], [ -90.321944410999947, 16.792777816000068 ], [ -90.321944489999964, 16.790277755000034 ], [ -90.312499960999958, 16.786388865000049 ], [ -90.313333354999941, 16.780555573000072 ], [ -90.30833335599999, 16.780000031000043 ], [ -90.305555592999951, 16.773611072000051 ], [ -90.289166689999945, 16.773333310000055 ], [ -90.28500003299996, 16.771944401000042 ], [ -90.284722215999977, 16.773055591000059 ], [ -90.282222261999948, 16.772777760000054 ], [ -90.281666659999985, 16.768611068000041 ], [ -90.279444399999988, 16.768055583000034 ], [ -90.241388914999959, 16.767083347000039 ], [ -90.242222242999958, 16.765833369000063 ], [ -90.225833290999958, 16.764722260000042 ], [ -90.22611115699999, 16.749444475000075 ], [ -90.229722210999967, 16.749444446000041 ], [ -90.230555525999989, 16.733055513000068 ], [ -90.235000018999983, 16.733055570000033 ], [ -90.235555536999982, 16.713888878000034 ], [ -90.217777785999942, 16.713611137000044 ], [ -90.215333366999971, 16.686888921000048 ], [ -90.159674192999944, 16.687030250000078 ], [ -90.160927091999952, 16.685759941000072 ], [ -90.162484431999985, 16.684213883000041 ], [ -90.163067601999956, 16.68348657100006 ], [ -90.16332891199994, 16.683051713000054 ], [ -90.163861753999981, 16.682235504000062 ], [ -90.163861817999987, 16.682235407000064 ], [ -90.164870211999983, 16.680718752000075 ], [ -90.165967493999972, 16.678996133000055 ], [ -90.166202867999971, 16.678485892000026 ], [ -90.166299255999945, 16.67799216800006 ], [ -90.16627370399999, 16.67631059100006 ], [ -90.16626376399995, 16.675871234000056 ], [ -90.166235614999948, 16.674626990000036 ], [ -90.166160879999893, 16.672651353000049 ], [ -90.166101308999941, 16.671948106000059 ], [ -90.165868993999936, 16.670700477000025 ], [ -90.165288397999973, 16.667740785000035 ], [ -90.165188954999962, 16.667233852000038 ], [ -90.164956694999944, 16.665961108000033 ], [ -90.165010197999948, 16.66515759400005 ], [ -90.165203387999952, 16.663927392000062 ], [ -90.16547477499995, 16.662672204000046 ], [ -90.165719059999958, 16.662019672000042 ], [ -90.166799811999965, 16.659744542000055 ], [ -90.166947813999968, 16.659527137000055 ], [ -90.168200871999943, 16.658030764000046 ], [ -90.169131877999973, 16.656960783000045 ], [ -90.169812042999979, 16.656025983000063 ], [ -90.169813594999937, 16.656023853000022 ], [ -90.170263430999967, 16.655405607000034 ], [ -90.172709602999987, 16.651843497000073 ], [ -90.174911786999985, 16.648733 ], [ -90.177044250999984, 16.645731190000049 ], [ -90.178053926999951, 16.644284599000059 ], [ -90.17883719799994, 16.643214342000022 ], [ -90.179681423999966, 16.642035354000029 ], [ -90.180351366999957, 16.641224412000042 ], [ -90.181317080999975, 16.64007908800005 ], [ -90.181943678999971, 16.639217849000033 ], [ -90.182231237999986, 16.638598844000057 ], [ -90.182245704999957, 16.638556884000025 ], [ -90.182588945999953, 16.637561403000063 ], [ -90.182712251999988, 16.637111626000035 ], [ -90.183055298999989, 16.636971446000075 ], [ -90.183466902999953, 16.636602019000065 ], [ -90.184031402999949, 16.636691692000056 ], [ -90.185064943999976, 16.636523037000075 ], [ -90.186043775999963, 16.635967975000028 ], [ -90.186459011999943, 16.635724368000069 ], [ -90.186697675999937, 16.635406481000075 ], [ -90.188210761999983, 16.635056924000025 ], [ -90.188524359999974, 16.635697378000032 ], [ -90.18886787799994, 16.635693263000064 ], [ -90.189406276999989, 16.635043868000025 ], [ -90.189712738999958, 16.634983953000074 ], [ -90.19012394899994, 16.634729664000076 ], [ -90.190845543999956, 16.634587863000036 ], [ -90.192168641999956, 16.634475794000025 ], [ -90.192481726999972, 16.634623832000045 ], [ -90.192690654999979, 16.63459731100005 ], [ -90.193183875999978, 16.633969645000036 ], [ -90.193818911999983, 16.634411155000066 ], [ -90.194466494999972, 16.634378569000035 ], [ -90.195142763999968, 16.634614271000032 ], [ -90.195757795999953, 16.63436396000003 ], [ -90.196310275999963, 16.634412618000056 ], [ -90.196664346999967, 16.634293511000067 ], [ -90.197322764999967, 16.634085127000048 ], [ -90.197813751999945, 16.63375687100006 ], [ -90.198426440999981, 16.633695948000025 ], [ -90.198550979999936, 16.633683564000023 ], [ -90.199078596999982, 16.63395739300006 ], [ -90.199867006999966, 16.633805170000073 ], [ -90.200141655999971, 16.633101583000041 ], [ -90.20043381499994, 16.632353136000063 ], [ -90.201342326999963, 16.631829746000051 ], [ -90.202217164999979, 16.631564990000072 ], [ -90.203479594999976, 16.631863365000072 ], [ -90.204086752999956, 16.632259657000077 ], [ -90.20539654199996, 16.632558087000064 ], [ -90.20642277099995, 16.632475892000059 ], [ -90.207440824999935, 16.632576185000062 ], [ -90.208040362999952, 16.632797556000071 ], [ -90.208450272999983, 16.633147932000043 ], [ -90.208797584999957, 16.633140816000036 ], [ -90.209383432999971, 16.632419521000031 ], [ -90.210090310999988, 16.632489220000025 ], [ -90.21066719099997, 16.633244816000058 ], [ -90.211415278999937, 16.633313260000023 ], [ -90.212067727999965, 16.63373877500004 ], [ -90.212624833999939, 16.633619883000051 ], [ -90.213282134999986, 16.633481830000051 ], [ -90.213526802999979, 16.633304606000024 ], [ -90.213289217999943, 16.632664987000055 ], [ -90.213425883999946, 16.632371808000073 ], [ -90.214667891999966, 16.632386778000068 ], [ -90.214872253999943, 16.632389241000055 ], [ -90.215305198999943, 16.632235432000073 ], [ -90.215325407999956, 16.632198191000043 ], [ -90.21555428299996, 16.631776423000076 ], [ -90.216684675999943, 16.630791520000059 ], [ -90.217470811999988, 16.630217440000024 ], [ -90.217871380999952, 16.630279747000031 ], [ -90.218255228999965, 16.630816818000028 ], [ -90.219225846999962, 16.63065511800005 ], [ -90.219323614999951, 16.630638830000066 ], [ -90.219334299999957, 16.630580875000078 ], [ -90.219410072999949, 16.630169890000047 ], [ -90.219588183999974, 16.629673038000021 ], [ -90.220090296999956, 16.629674026000032 ], [ -90.221144243999959, 16.629524900000035 ], [ -90.221437074999983, 16.629282110000077 ], [ -90.221642248999956, 16.628703374000054 ], [ -90.22194729499995, 16.628321634000031 ], [ -90.222279927999978, 16.62826031700007 ], [ -90.222974841999985, 16.629091824000056 ], [ -90.223571939999943, 16.629347468000049 ], [ -90.224487323999938, 16.629831904000071 ], [ -90.224929116999988, 16.62975063600004 ], [ -90.225029781999979, 16.629399503000059 ], [ -90.225327122999943, 16.628797722000058 ], [ -90.225655823999944, 16.628686214000027 ], [ -90.225872150999976, 16.628705801000024 ], [ -90.226103573999978, 16.629377759000022 ], [ -90.226335677999941, 16.629574931000036 ], [ -90.22658682299999, 16.628598475000047 ], [ -90.226973083999951, 16.628026543000033 ], [ -90.227417895999963, 16.627965365000023 ], [ -90.227757925999981, 16.628340238000078 ], [ -90.228054332999989, 16.628398528000048 ], [ -90.228310850999947, 16.628325524000047 ], [ -90.229020455999944, 16.628009924000025 ], [ -90.229156936999971, 16.627828676000036 ], [ -90.22917928399994, 16.627366671000061 ], [ -90.229371716999935, 16.627282 ], [ -90.22999207, 16.627570340000034 ], [ -90.229996330999938, 16.62757232000007 ], [ -90.230320877999986, 16.627561160000027 ], [ -90.230461290999983, 16.627426241000023 ], [ -90.230522105999967, 16.626916788000074 ], [ -90.230347270999971, 16.626810842000054 ], [ -90.230285914999968, 16.626773661000072 ], [ -90.229845125999987, 16.626823268000066 ], [ -90.229604918999939, 16.626695572000074 ], [ -90.229561155999988, 16.626471629000037 ], [ -90.229769791999956, 16.626259599000036 ], [ -90.230230831999961, 16.626055612000073 ], [ -90.230512879999935, 16.626014781000038 ], [ -90.230640189999974, 16.625798038000028 ], [ -90.229999344999953, 16.625633933000074 ], [ -90.229980844999943, 16.62541963700005 ], [ -90.230626389999941, 16.625065346000042 ], [ -90.231027039999958, 16.625065865000067 ], [ -90.231327068999974, 16.625394363000055 ], [ -90.231663827999967, 16.625240395000048 ], [ -90.231688413999962, 16.624846697000066 ], [ -90.232067227999948, 16.624545 ], [ -90.232449349999968, 16.624641868000026 ], [ -90.232566822999956, 16.624941468000031 ], [ -90.232637973999942, 16.625158399000043 ], [ -90.23298362, 16.625171613000077 ], [ -90.232985449999944, 16.625171127000044 ], [ -90.233142140999973, 16.624832064000032 ], [ -90.232964101999983, 16.624411922000036 ], [ -90.232982162999974, 16.624267383000074 ], [ -90.233282317999965, 16.624216140000044 ], [ -90.233860567999955, 16.624687023000035 ], [ -90.234211076999941, 16.624476587000061 ], [ -90.234431305999976, 16.62416382300006 ], [ -90.234820140999943, 16.624010866000049 ], [ -90.235033870999985, 16.624178280000024 ], [ -90.23499491199999, 16.624552985000037 ], [ -90.234979574999954, 16.624700491000056 ], [ -90.235124833999976, 16.624821491000034 ], [ -90.235402051999984, 16.624763532000031 ], [ -90.235544408999942, 16.62454529200005 ], [ -90.23558299299998, 16.624287540000068 ], [ -90.235582531999967, 16.624286529000074 ], [ -90.235313036999969, 16.623694864000072 ], [ -90.23547883699996, 16.623581518000037 ], [ -90.235685914999976, 16.623566436000033 ], [ -90.235997769999983, 16.623800084000038 ], [ -90.236313123999935, 16.623806623000064 ], [ -90.236555535999969, 16.62357368000005 ], [ -90.236804054999936, 16.623534096000071 ], [ -90.23735609299996, 16.624188471000025 ], [ -90.237404796999954, 16.624246204000031 ], [ -90.23753843899999, 16.62416293900003 ], [ -90.237776004999944, 16.624014926000029 ], [ -90.23793894399995, 16.623536691000027 ], [ -90.238194035999982, 16.623346729000048 ], [ -90.238652914999989, 16.623221476000026 ], [ -90.239085778999936, 16.623181195000029 ], [ -90.239108492999947, 16.623179081000046 ], [ -90.239194801999986, 16.622955149000063 ], [ -90.239183227999945, 16.62294918300006 ], [ -90.238860557999942, 16.62278285900004 ], [ -90.238430831999949, 16.622555207000062 ], [ -90.238352919999954, 16.622353863000058 ], [ -90.238850430999946, 16.621637708000037 ], [ -90.239095125999938, 16.621686441000065 ], [ -90.239579987999946, 16.621912350000059 ], [ -90.239670325999953, 16.621976494000023 ], [ -90.239761199999975, 16.622041019000051 ], [ -90.239914810999949, 16.622263651000026 ], [ -90.240145479999967, 16.622263940000039 ], [ -90.240114645999938, 16.621799216000056 ], [ -90.239969308999946, 16.621645663000038 ], [ -90.239739829999962, 16.621403211000029 ], [ -90.23991637499995, 16.621101938000038 ], [ -90.240322986999956, 16.621086777000073 ], [ -90.240440643999989, 16.621082390000026 ], [ -90.240493390999973, 16.620840011000041 ], [ -90.240390881999986, 16.620768162000047 ], [ -90.239959169999963, 16.620465573000047 ], [ -90.240302798999949, 16.619789561000061 ], [ -90.239635696999983, 16.61931355400003 ], [ -90.239941180999949, 16.618628505000061 ], [ -90.240060588999938, 16.617620336000073 ], [ -90.239534376999984, 16.617072306000068 ], [ -90.239514375999988, 16.61635504700007 ], [ -90.23973489399998, 16.616102775000059 ], [ -90.240290559999949, 16.616113571000028 ], [ -90.240330811999968, 16.615844569000046 ], [ -90.240331767999976, 16.61577769400003 ], [ -90.240334232999942, 16.615756421000071 ], [ -90.23982922, 16.615556494000032 ], [ -90.240407885999957, 16.614628739000068 ], [ -90.240261823999958, 16.61409315800006 ], [ -90.240587353999956, 16.613709691000054 ], [ -90.240713767999978, 16.613248595000073 ], [ -90.240410169999961, 16.612914853000063 ], [ -90.240431476999959, 16.61266233200007 ], [ -90.240693938999982, 16.612400011000034 ], [ -90.241209967999964, 16.612360883000065 ], [ -90.241218210999989, 16.612360258000024 ], [ -90.241606414999978, 16.612148599000022 ], [ -90.241690778999953, 16.61178503800005 ], [ -90.241625358999954, 16.611645893000059 ], [ -90.241533954999966, 16.611451479000038 ], [ -90.240947026999947, 16.611309322000068 ], [ -90.240863285999978, 16.611208200000021 ], [ -90.241346172999954, 16.610754216000032 ], [ -90.241262540999969, 16.610572279000053 ], [ -90.240696622999963, 16.61039984100006 ], [ -90.24081238399998, 16.610076723000077 ], [ -90.241399429999944, 16.610127963000025 ], [ -90.241410243999951, 16.609885533000067 ], [ -90.240918242999953, 16.609319214000038 ], [ -90.240488623999966, 16.609146945000077 ], [ -90.24061596599995, 16.608350871000027 ], [ -90.239965867999956, 16.608410670000069 ], [ -90.239871705999974, 16.608269126000039 ], [ -90.240134297999987, 16.607905788000039 ], [ -90.24043463199996, 16.606983246000027 ], [ -90.240397859999973, 16.606226059000051 ], [ -90.239864008999973, 16.606198228000039 ], [ -90.239675524999939, 16.606026259000032 ], [ -90.239717838999979, 16.605743459000053 ], [ -90.24033680399998, 16.605441177000046 ], [ -90.240401671999962, 16.605289399000071 ], [ -90.240471002999982, 16.605127176000053 ], [ -90.240073282999958, 16.603920432000052 ], [ -90.23981579499997, 16.603139169000031 ], [ -90.239924389999942, 16.602698728000064 ], [ -90.24017130499999, 16.602763246000052 ], [ -90.240686281999956, 16.602897809000069 ], [ -90.240687554999965, 16.601948232000041 ], [ -90.24041837499999, 16.601838900000075 ], [ -90.240163650999989, 16.601735439000038 ], [ -90.24004870899995, 16.601452442000038 ], [ -90.240379588999986, 16.601196290000075 ], [ -90.240426518999982, 16.601159959000029 ], [ -90.240458387999979, 16.600846840000031 ], [ -90.240195445999973, 16.600631889000056 ], [ -90.240186110999957, 16.60062425700005 ], [ -90.239819070999943, 16.600704614000051 ], [ -90.239494146999959, 16.600653697000041 ], [ -90.239284133999945, 16.599866721000069 ], [ -90.239862123999956, 16.599876312000049 ], [ -90.240111491999983, 16.599749889000066 ], [ -90.240239788999986, 16.599684846000059 ], [ -90.240313570999945, 16.599391984000022 ], [ -90.240146254999956, 16.599078616000043 ], [ -90.240120845999968, 16.599075523000067 ], [ -90.239726978999954, 16.59902758100003 ], [ -90.239518035999936, 16.598960649000048 ], [ -90.23936112399997, 16.598707905000026 ], [ -90.239288402999989, 16.598212818000036 ], [ -90.238953449999897, 16.597828527000047 ], [ -90.239142532999949, 16.597545910000065 ], [ -90.239460294999958, 16.597481864000031 ], [ -90.239541015999976, 16.597465594000028 ], [ -90.239776700999982, 16.597062357000027 ], [ -90.239289988999985, 16.596885632000067 ], [ -90.239216846999966, 16.596859074000065 ], [ -90.239007650999952, 16.59650524500006 ], [ -90.239228219999973, 16.596244351000053 ], [ -90.239280656999938, 16.596182327000065 ], [ -90.23923724399998, 16.595782285000041 ], [ -90.239187461999961, 16.595323549000057 ], [ -90.239489444999947, 16.59514116500003 ], [ -90.239554681999948, 16.595101766000028 ], [ -90.239551952999989, 16.59497908000003 ], [ -90.239544796999951, 16.594657267000059 ], [ -90.239228781999941, 16.593976318000045 ], [ -90.239639486999977, 16.593630860000076 ], [ -90.240227816999948, 16.593466098000022 ], [ -90.240363787999968, 16.593698611000036 ], [ -90.239985436999973, 16.594405273000064 ], [ -90.240028481999957, 16.594526765000069 ], [ -90.240110761999972, 16.594758995000063 ], [ -90.24066531699998, 16.595557739000071 ], [ -90.241000823999968, 16.595527852000032 ], [ -90.241410217999942, 16.595124285000054 ], [ -90.241473011999972, 16.594758677000073 ], [ -90.241526439999973, 16.594447600000024 ], [ -90.241919820999954, 16.594017047000023 ], [ -90.24212324299998, 16.593794402000071 ], [ -90.242197201999943, 16.593360112000028 ], [ -90.242013007999958, 16.593252140000061 ], [ -90.241558217999966, 16.592985549000048 ], [ -90.240574700999957, 16.591559954000047 ], [ -90.240323644999989, 16.591155564000076 ], [ -90.240963864999969, 16.590600758000051 ], [ -90.241249775999961, 16.590559534000022 ], [ -90.241519578999942, 16.59052063300004 ], [ -90.241708987999971, 16.58998546600003 ], [ -90.240934052999989, 16.589378388000057 ], [ -90.240367947999971, 16.589387784000053 ], [ -90.240241989999959, 16.589750357000071 ], [ -90.239883855999949, 16.590781244000027 ], [ -90.23919243499995, 16.590680999000028 ], [ -90.238794620999954, 16.589388196000073 ], [ -90.238799160999974, 16.586024265000049 ], [ -90.239023868999936, 16.58597106600007 ], [ -90.239690489999987, 16.585813242000029 ], [ -90.239732941999989, 16.585429420000025 ], [ -90.239219469999966, 16.585287351000034 ], [ -90.238957289999973, 16.585072142000058 ], [ -90.238036216999944, 16.584316083000033 ], [ -90.238414827999975, 16.583407386000033 ], [ -90.238756148999983, 16.583264779000046 ], [ -90.239349662999985, 16.583016801000042 ], [ -90.239370842999961, 16.582498011000041 ], [ -90.239501390999976, 16.579300283000066 ], [ -90.240046703999951, 16.579048471000021 ], [ -90.240097454999955, 16.580280703000028 ], [ -90.240306760999943, 16.580503159000045 ], [ -90.240721407999956, 16.580431040000065 ], [ -90.241113937999955, 16.580362766000064 ], [ -90.241202039999962, 16.579474615000038 ], [ -90.241296244999944, 16.578524927000046 ], [ -90.241814258999966, 16.574427116000038 ], [ -90.241563817999975, 16.57361882400005 ], [ -90.242049517999988, 16.573166231000073 ], [ -90.242336485999942, 16.57289882300006 ], [ -90.242225685999983, 16.572477589000073 ], [ -90.241907904999948, 16.571269457000028 ], [ -90.243347587999949, 16.570987181000078 ], [ -90.243509520999964, 16.570939011000064 ], [ -90.244421021999983, 16.56994972800004 ], [ -90.244591072999981, 16.570735135000064 ], [ -90.24485187099998, 16.571939666000048 ], [ -90.24557514199995, 16.57181935400007 ], [ -90.245680476999951, 16.570718138000075 ], [ -90.245681397999988, 16.570708510000031 ], [ -90.24572873599999, 16.570720709000057 ], [ -90.24682331799994, 16.571002792000058 ], [ -90.247505540999953, 16.570833558000061 ], [ -90.248322421999944, 16.570630918000063 ], [ -90.249003457999947, 16.570752937000066 ], [ -90.249194044999967, 16.571427530000051 ], [ -90.249195741999984, 16.571433538000065 ], [ -90.250305413999968, 16.572364050000033 ], [ -90.251686897999946, 16.572749447000035 ], [ -90.253193960999965, 16.573169871000061 ], [ -90.25345490899997, 16.573338645000035 ], [ -90.254641900999957, 16.574106363000055 ], [ -90.255338145999985, 16.573855679000076 ], [ -90.255900078999957, 16.573653353000054 ], [ -90.256058964999966, 16.573663444000033 ], [ -90.256803941999976, 16.573710758000061 ], [ -90.257264519999978, 16.573309151000046 ], [ -90.257044997999969, 16.572975816000053 ], [ -90.256750966999959, 16.572529338000038 ], [ -90.257054552999989, 16.571806777000063 ], [ -90.257424699999945, 16.570925793000072 ], [ -90.257576571999948, 16.569110273000035 ], [ -90.257650869999964, 16.56822207600004 ], [ -90.258014382999988, 16.567849675000048 ], [ -90.258050296999954, 16.567866509000055 ], [ -90.258731490999935, 16.568185802000073 ], [ -90.259464595999987, 16.567628290000073 ], [ -90.259354482999981, 16.567247531000078 ], [ -90.259318507999978, 16.567123132000063 ], [ -90.258847389999971, 16.566748895000046 ], [ -90.258413539999935, 16.565290412000024 ], [ -90.258826211999974, 16.565004719000058 ], [ -90.259048302999986, 16.564850964000073 ], [ -90.258991125999955, 16.563685537000026 ], [ -90.258661502999985, 16.563565090000054 ], [ -90.258110322999983, 16.563827507000042 ], [ -90.25784757699995, 16.56395260000005 ], [ -90.257194724999977, 16.564460359000066 ], [ -90.256982308999966, 16.564375359000053 ], [ -90.257100162999961, 16.563895225000067 ], [ -90.257247192999955, 16.563642197000036 ], [ -90.257415959999946, 16.563351760000046 ], [ -90.257511697999973, 16.562977543000045 ], [ -90.256998833999944, 16.562885130000041 ], [ -90.256885745999966, 16.562808518000054 ], [ -90.256099482999957, 16.562275854000063 ], [ -90.256838787999982, 16.561994662000075 ], [ -90.261403325999936, 16.560258501000078 ], [ -90.264128513999935, 16.561070406000056 ], [ -90.267755530999978, 16.56327437300007 ], [ -90.27168241399994, 16.565117972000053 ], [ -90.275909570999943, 16.56624054100007 ], [ -90.279090283999949, 16.566243937000024 ], [ -90.282594058999962, 16.56682997300004 ], [ -90.29044853299996, 16.570336218000023 ], [ -90.293665818999955, 16.57120496400006 ], [ -90.300812844999939, 16.571608623000031 ], [ -90.303133473999935, 16.571105935000048 ], [ -90.304930854999952, 16.56995358100005 ], [ -90.308774023999945, 16.564356583000063 ], [ -90.308998068999983, 16.563686097000073 ], [ -90.309322830999974, 16.562368633000062 ], [ -90.309320481999976, 16.561291706000077 ], [ -90.309288003999939, 16.561108357000023 ], [ -90.307858831999965, 16.559356674000071 ], [ -90.307609886999956, 16.55905154900006 ], [ -90.307387238999979, 16.557176017000074 ], [ -90.308137391999935, 16.555373512000074 ], [ -90.308710746999964, 16.554938655000058 ], [ -90.308980772999973, 16.554272076000075 ], [ -90.309611446999952, 16.55361414500004 ], [ -90.310397486999989, 16.553357862000041 ], [ -90.311193750999962, 16.553350385000044 ], [ -90.311619447999988, 16.553140720000044 ], [ -90.312891540999942, 16.55325005800006 ], [ -90.313805711999976, 16.554102347000025 ], [ -90.315059844999951, 16.555271575000063 ], [ -90.326286682999978, 16.564996801000063 ], [ -90.340877776999946, 16.576775259000044 ], [ -90.342897882999978, 16.577642328000024 ], [ -90.344859678999967, 16.577512760000047 ], [ -90.352351130999978, 16.572911592000025 ], [ -90.353572387999975, 16.57319607200003 ], [ -90.354226836999942, 16.57326630700004 ], [ -90.355441904999964, 16.57361479900004 ], [ -90.356057361999945, 16.574066306000077 ], [ -90.356668258999946, 16.574851930000023 ], [ -90.357048298999985, 16.575654942000028 ], [ -90.357209592999936, 16.576250949000041 ], [ -90.357732905999967, 16.577666208000039 ], [ -90.357604548999973, 16.578699044000075 ], [ -90.357621026999936, 16.579236559000037 ], [ -90.357423906999941, 16.580152560000045 ], [ -90.357356452999966, 16.580695323000043 ], [ -90.357240886999989, 16.581003039000052 ], [ -90.357154135999963, 16.581406166000022 ], [ -90.356724908999979, 16.582489047000024 ], [ -90.356609750999951, 16.582683562000057 ], [ -90.356381520999946, 16.583291259000077 ], [ -90.354920381999989, 16.585454081000023 ], [ -90.35196622899997, 16.58641030800004 ], [ -90.348328565999964, 16.585969451000039 ], [ -90.348328501999958, 16.585969460000058 ], [ -90.346449971999959, 16.585741780000035 ], [ -90.343092761999969, 16.587465081000062 ], [ -90.341696250999973, 16.589684102000035 ], [ -90.341469835999987, 16.59195595500006 ], [ -90.341992053999945, 16.594084120000048 ], [ -90.3433747, 16.596681766000074 ], [ -90.345655769999951, 16.59909975100004 ], [ -90.347134039999958, 16.600147025000069 ], [ -90.347706733999985, 16.600552744000026 ], [ -90.349171929999955, 16.601590738000027 ], [ -90.352746793999984, 16.60203036300004 ], [ -90.362620550999964, 16.600094260000049 ], [ -90.368130175999966, 16.600886643000024 ], [ -90.376025678999952, 16.603379906000043 ], [ -90.378495983999983, 16.603237110000066 ], [ -90.379769035999971, 16.602408381000032 ], [ -90.380668136999986, 16.601038470000049 ], [ -90.381155973999967, 16.598947041000031 ], [ -90.380671258999939, 16.596910489000038 ], [ -90.380565911999952, 16.596726678000039 ], [ -90.370778365999968, 16.579648118000023 ], [ -90.370405707999964, 16.57730373000004 ], [ -90.37113889599999, 16.575666359000024 ], [ -90.371656694999956, 16.574663550000025 ], [ -90.372394429999986, 16.574562226000069 ], [ -90.373476943999947, 16.574642650000044 ], [ -90.373513512999978, 16.574636906000023 ], [ -90.373528605999979, 16.574646488000042 ], [ -90.376356431999966, 16.576441812000041 ], [ -90.379723541999965, 16.577886342000056 ], [ -90.383502960999976, 16.578321261000042 ], [ -90.393159089999983, 16.576378981000062 ], [ -90.393838548999952, 16.576610467000023 ], [ -90.39715228099999, 16.577739403000066 ], [ -90.409028630999956, 16.577960060000066 ], [ -90.409670347999963, 16.577831941000056 ], [ -90.418034758999966, 16.576161855000066 ], [ -90.419419711999979, 16.575368988000037 ], [ -90.421029704999967, 16.573313951000046 ], [ -90.421968715999981, 16.564694996000071 ], [ -90.422442310999941, 16.563954729000045 ], [ -90.424422101999937, 16.560860099000024 ], [ -90.431731276999983, 16.557602867000071 ], [ -90.435781156999951, 16.558216310000034 ], [ -90.440878027999986, 16.561603689000037 ], [ -90.444130357999938, 16.561755348000077 ], [ -90.445009837999976, 16.561796353000034 ], [ -90.463343387999942, 16.551770052000052 ], [ -90.466256557999941, 16.549463497000033 ], [ -90.46707577899997, 16.546968769000046 ], [ -90.465148434999946, 16.542691558000058 ], [ -90.464569470999947, 16.542496996000068 ], [ -90.456628867999939, 16.539828407000073 ], [ -90.453353683999978, 16.540489601000047 ], [ -90.449892475999945, 16.545478513000035 ], [ -90.44622104299998, 16.545935841000073 ], [ -90.443210540999985, 16.544229376000033 ], [ -90.442928952999978, 16.542849365000052 ], [ -90.442524818999971, 16.540868764000038 ], [ -90.444004571999983, 16.538425226000072 ], [ -90.446506259999978, 16.53371498100006 ], [ -90.450301458999945, 16.519785151000065 ], [ -90.45227317199999, 16.50635675500007 ], [ -90.452534058999959, 16.503001561000076 ], [ -90.451875730999973, 16.498318222000023 ], [ -90.451762462999966, 16.497971344000064 ], [ -90.445432649999987, 16.488774738000075 ], [ -90.445713342999966, 16.487564612000028 ], [ -90.446216583999956, 16.485394997000071 ], [ -90.448342471999979, 16.483058342000049 ], [ -90.450169500999948, 16.482771128000024 ], [ -90.461055896999937, 16.486548906000053 ], [ -90.462188936999951, 16.487848779000046 ], [ -90.462435161999963, 16.488131257000077 ], [ -90.463180435999959, 16.490432626000029 ], [ -90.462232477999976, 16.496820425000067 ], [ -90.462232478999965, 16.496820528000057 ], [ -90.462239875999956, 16.497747224000022 ], [ -90.462358312999982, 16.498805465000032 ], [ -90.462729530999979, 16.503555481000035 ], [ -90.46542855499996, 16.518663830000037 ], [ -90.466211088999955, 16.522043887000052 ], [ -90.470760429999984, 16.524166017000027 ], [ -90.478829092999945, 16.525942972000053 ], [ -90.485389697999949, 16.515852577000032 ], [ -90.486841982999977, 16.508578983000064 ], [ -90.489239363999957, 16.505831926000042 ], [ -90.489480054999945, 16.505556123000076 ], [ -90.492666215999975, 16.506193776000032 ], [ -90.495355368999981, 16.508541789000049 ], [ -90.495944769999937, 16.508912857000041 ], [ -90.49648614299997, 16.509529116000067 ], [ -90.497630367999989, 16.510528187000034 ], [ -90.499659950999956, 16.51416679700003 ], [ -90.498631009999897, 16.519211703000053 ], [ -90.498321978999968, 16.520726834000072 ], [ -90.500684759999956, 16.520754287000045 ], [ -90.502643361999958, 16.516045536000036 ], [ -90.502819727999963, 16.515621517000056 ], [ -90.503314242999977, 16.515593342000045 ], [ -90.508895428999949, 16.515275296000027 ], [ -90.51097342199995, 16.514259624000033 ], [ -90.518487728999958, 16.505914934000032 ], [ -90.520170785999937, 16.498842743000068 ], [ -90.520596170999966, 16.488786560000051 ], [ -90.51890616899999, 16.483190501000024 ], [ -90.518774925999935, 16.482755911000027 ], [ -90.518849863999947, 16.482310373000075 ], [ -90.519309342999975, 16.479578550000042 ], [ -90.521310230999973, 16.47936209900007 ], [ -90.525743732999956, 16.48285498100006 ], [ -90.531277683999974, 16.484377474000041 ], [ -90.536508668999943, 16.483305957000027 ], [ -90.53703709199999, 16.48319771000007 ], [ -90.538091646999987, 16.482859293000047 ], [ -90.538159379999968, 16.482836651000071 ], [ -90.539218794999954, 16.482443158000024 ], [ -90.540424877999953, 16.481995181000059 ], [ -90.541237860999956, 16.481563937000033 ], [ -90.542730636999977, 16.480812546000038 ], [ -90.543983896999976, 16.480168985000034 ], [ -90.544513478999988, 16.480898205000074 ], [ -90.544851177999988, 16.481086980000043 ], [ -90.545516127999974, 16.481160273000057 ], [ -90.546144301999959, 16.481133770000042 ], [ -90.547159368999985, 16.480958239000074 ], [ -90.547943683999961, 16.480799194000042 ], [ -90.556599315999961, 16.478713345000074 ], [ -90.56164655699996, 16.478062002000058 ], [ -90.562296854999943, 16.477997316000028 ], [ -90.562983529999897, 16.477877724000052 ], [ -90.563678058999983, 16.477691599000025 ], [ -90.564369499999941, 16.47747156500003 ], [ -90.566080279999937, 16.476825280000071 ], [ -90.567122715999972, 16.476282996000066 ], [ -90.568212479999943, 16.475652052000044 ], [ -90.569210082999973, 16.474997451000036 ], [ -90.570345746999976, 16.474344446000032 ], [ -90.570893287999979, 16.474166752000031 ], [ -90.57214612599995, 16.473876421000057 ], [ -90.576543911999977, 16.472836639000036 ], [ -90.577315703999943, 16.472693141000036 ], [ -90.57884375399999, 16.472431923000045 ], [ -90.579752570999972, 16.472232413000029 ], [ -90.580455609999944, 16.472018100000071 ], [ -90.581355382999959, 16.471651363000035 ], [ -90.583555073999946, 16.470545362000053 ], [ -90.584851832999959, 16.469871544000057 ], [ -90.585406905999946, 16.469650988000069 ], [ -90.58646928099995, 16.469334657000047 ], [ -90.587214090999964, 16.469195325000044 ], [ -90.587926847999938, 16.469092881000051 ], [ -90.58882274199999, 16.469037713000034 ], [ -90.589855180999962, 16.469107188000066 ], [ -90.59064424799999, 16.469268709000062 ], [ -90.591483065999967, 16.469570815000054 ], [ -90.59195650199996, 16.46984838700007 ], [ -90.592373647999977, 16.470135477000042 ], [ -90.593262268999979, 16.470811901000047 ], [ -90.593966092999949, 16.471575401000052 ], [ -90.594236430999956, 16.472000812000033 ], [ -90.594688126999984, 16.472760283000071 ], [ -90.59513427, 16.473638251000068 ], [ -90.595292171999972, 16.474166256000046 ], [ -90.595439082999974, 16.475300492000031 ], [ -90.595560445999979, 16.476655748000042 ], [ -90.595566537999957, 16.478010810000058 ], [ -90.595533311999986, 16.478853913000023 ], [ -90.59546516599994, 16.480629298000053 ], [ -90.59524298599996, 16.481847366000068 ], [ -90.59454528699996, 16.484326881000072 ], [ -90.594302744999936, 16.485344850000047 ], [ -90.594244721999985, 16.486299452000026 ], [ -90.59425285399999, 16.487204002000055 ], [ -90.594454356999961, 16.487944790000029 ], [ -90.594930226999963, 16.488549847000058 ], [ -90.595662453999978, 16.488913951000029 ], [ -90.596557744999984, 16.489057485000046 ], [ -90.597251838999966, 16.489050784000028 ], [ -90.598056080999982, 16.488938075000021 ], [ -90.598586014999967, 16.488814307000041 ], [ -90.599347656999953, 16.488644644000033 ], [ -90.599862879999989, 16.488527481000062 ], [ -90.600872553999977, 16.48817434800003 ], [ -90.60151155799997, 16.487936648000073 ], [ -90.602075350999939, 16.487676632000046 ], [ -90.603321304999952, 16.487238121000075 ], [ -90.60403897399999, 16.48712213500005 ], [ -90.60459752, 16.487098047000075 ], [ -90.605320278999955, 16.487139071000058 ], [ -90.605836045999979, 16.487167559000056 ], [ -90.606764383999973, 16.487288845000023 ], [ -90.607723522999947, 16.487665669000023 ], [ -90.608171782999989, 16.487902275000067 ], [ -90.608636628999989, 16.488074709000045 ], [ -90.609157351999954, 16.488224067000033 ], [ -90.610030102999986, 16.48834583200005 ], [ -90.610962470999937, 16.488377940000078 ], [ -90.611849888999984, 16.488210798000068 ], [ -90.612497338999958, 16.487951706000047 ], [ -90.613059892999956, 16.487648734000061 ], [ -90.613637763999975, 16.487289478000037 ], [ -90.614438201999974, 16.486579329000051 ], [ -90.614774035999972, 16.48620149900006 ], [ -90.615289197999971, 16.485515190000058 ], [ -90.615554775999954, 16.484913050000046 ], [ -90.616458316999967, 16.482793658000048 ], [ -90.617012387999978, 16.48160417400004 ], [ -90.617329107999979, 16.481065776000037 ], [ -90.617676383999935, 16.480373030000067 ], [ -90.617940192999981, 16.479854356000033 ], [ -90.618254348999983, 16.479434022000078 ], [ -90.618696077999971, 16.478872506000073 ], [ -90.619012485999974, 16.478537521000078 ], [ -90.619451712999989, 16.478172150000034 ], [ -90.620589742999982, 16.477364183000077 ], [ -90.621314322999979, 16.477014472000064 ], [ -90.622302303999959, 16.476561608000054 ], [ -90.62279045799994, 16.476405683000053 ], [ -90.623434036999981, 16.476219904000061 ], [ -90.624079481999956, 16.47612108900006 ], [ -90.624975246999952, 16.476031892000037 ], [ -90.625576845999944, 16.475977742000055 ], [ -90.62617536099998, 16.47598453300003 ], [ -90.626957325999967, 16.476014857000052 ], [ -90.627831556999979, 16.476108329000056 ], [ -90.628736605999961, 16.476217956000028 ], [ -90.629321165999954, 16.47631378400007 ], [ -90.630081674999985, 16.476472581000053 ], [ -90.63096746299999, 16.476819108000029 ], [ -90.631477915999938, 16.477042820000065 ], [ -90.632188203999988, 16.477386227000068 ], [ -90.632736160999968, 16.477701825000054 ], [ -90.633554645999936, 16.478242931000068 ], [ -90.634037052999986, 16.478560042000026 ], [ -90.634544561999974, 16.478930508000076 ], [ -90.635313297999971, 16.47961784000006 ], [ -90.63566747699997, 16.480038513000068 ], [ -90.636229422999975, 16.480986604000066 ], [ -90.636508875999937, 16.48158597500003 ], [ -90.636705760999973, 16.482431703000032 ], [ -90.636742554999955, 16.483209 ], [ -90.636743040999988, 16.484036700000047 ], [ -90.636724233999985, 16.484718518000022 ], [ -90.636622618999979, 16.485472796000067 ], [ -90.636476726999945, 16.486114784000051 ], [ -90.636261514999944, 16.486778573000038 ], [ -90.636059384999953, 16.48737701500005 ], [ -90.635812039999962, 16.487939942000025 ], [ -90.635577166999951, 16.48839122000004 ], [ -90.635215911999978, 16.488841070000035 ], [ -90.634798385999943, 16.489202203000048 ], [ -90.634197062999988, 16.48961545800006 ], [ -90.633322914999951, 16.489750100000037 ], [ -90.632563464999976, 16.489741499000047 ], [ -90.63188936399996, 16.489689833000057 ], [ -90.630459593999944, 16.489319070000022 ], [ -90.629384447999939, 16.488996359000055 ], [ -90.628217619999987, 16.48870647800004 ], [ -90.627143056999955, 16.488384893000045 ], [ -90.625516811999944, 16.488099945000044 ], [ -90.624113514999976, 16.488212631000067 ], [ -90.624113461999968, 16.48821263800005 ], [ -90.623989120999966, 16.488227129000052 ], [ -90.622206516999938, 16.48852755300004 ], [ -90.62125086399999, 16.488771878000023 ], [ -90.620237239999938, 16.489114905000065 ], [ -90.618442240999968, 16.489826029000028 ], [ -90.618441299999972, 16.489826402000062 ], [ -90.616037886999948, 16.490892946000031 ], [ -90.614549078999971, 16.491617830000052 ], [ -90.61342437799999, 16.492236325000022 ], [ -90.612713515999985, 16.492832957000076 ], [ -90.612713363999944, 16.492833119000068 ], [ -90.61217411299998, 16.493406426000035 ], [ -90.610953205999976, 16.494710220000059 ], [ -90.610011543999974, 16.49571796400005 ], [ -90.609417719999954, 16.496420291000049 ], [ -90.608844812999962, 16.497277551000025 ], [ -90.608330334999948, 16.498046275000036 ], [ -90.60792835899997, 16.498993562000067 ], [ -90.607629527999961, 16.499975904000053 ], [ -90.607527996999977, 16.500760641000056 ], [ -90.60748965, 16.50202261000004 ], [ -90.607480876999944, 16.503639478000025 ], [ -90.607520692999969, 16.505112366000048 ], [ -90.607578123999986, 16.506009580000068 ], [ -90.607761711999956, 16.50697486200005 ], [ -90.607960641999966, 16.50759705300004 ], [ -90.608516516999941, 16.509031812000046 ], [ -90.60878299899997, 16.509776726000041 ], [ -90.609115361999955, 16.510732418000032 ], [ -90.609828367999967, 16.512478367000028 ], [ -90.610376410999947, 16.513647683000045 ], [ -90.61095762299999, 16.514928032000057 ], [ -90.611452963999966, 16.515719601000058 ], [ -90.612208145999944, 16.516846114000032 ], [ -90.612618858999951, 16.517428946000052 ], [ -90.612953395999966, 16.517829110000037 ], [ -90.61341429, 16.518281529000035 ], [ -90.614087607999977, 16.518927205000068 ], [ -90.614655375999973, 16.519398911000053 ], [ -90.615166798999951, 16.519836098000042 ], [ -90.615951767999945, 16.520398358000023 ], [ -90.616858048999973, 16.520852471000069 ], [ -90.617652383999939, 16.521176576000073 ], [ -90.618486987999972, 16.521462747000044 ], [ -90.619265416999951, 16.521604867000065 ], [ -90.620011275999957, 16.52163482900005 ], [ -90.620563020999953, 16.521553044000029 ], [ -90.62100572899999, 16.521451924000075 ], [ -90.622479083999963, 16.520959392000066 ], [ -90.624255152999979, 16.520043384000076 ], [ -90.62561231899997, 16.519328331000054 ], [ -90.628241795999941, 16.517938288000039 ], [ -90.632704322999984, 16.515290096000058 ], [ -90.63404363699999, 16.514495310000029 ], [ -90.634528194999973, 16.514258025000061 ], [ -90.635300896999979, 16.513956250000035 ], [ -90.635796080999967, 16.513807158000077 ], [ -90.636325793999958, 16.51365845600003 ], [ -90.637235110999939, 16.513480172000072 ], [ -90.638102081999989, 16.513366899000061 ], [ -90.63899360299996, 16.513256157000058 ], [ -90.639530099999945, 16.513271255000063 ], [ -90.640105936999987, 16.51332405900007 ], [ -90.640689771999973, 16.513441315000023 ], [ -90.641274328999941, 16.513547288000041 ], [ -90.641892005999978, 16.513721384000064 ], [ -90.64246346799996, 16.513893826000071 ], [ -90.642989354999941, 16.51406010900007 ], [ -90.643569119999938, 16.514272165000023 ], [ -90.644278878999955, 16.514672001000065 ], [ -90.645214247999945, 16.515290056000026 ], [ -90.645757897999943, 16.515729795000027 ], [ -90.64614762399998, 16.516121503000022 ], [ -90.646448439999972, 16.516557374000058 ], [ -90.646845368999948, 16.517417775000069 ], [ -90.647073286999955, 16.518025590000036 ], [ -90.647200287999965, 16.518509187000063 ], [ -90.647281987999975, 16.519398782000053 ], [ -90.64729351699998, 16.52033162400005 ], [ -90.647120222999945, 16.521350462000044 ], [ -90.645109102999982, 16.530431316000033 ], [ -90.644879819999971, 16.532299795000029 ], [ -90.644809028999987, 16.533406730000024 ], [ -90.644801575999963, 16.53402092400006 ], [ -90.644860290999986, 16.534874127000023 ], [ -90.644923307999989, 16.535372809000023 ], [ -90.645138953999947, 16.536510080000028 ], [ -90.64546248299996, 16.537295131000064 ], [ -90.645696978999979, 16.537795751000033 ], [ -90.646242026999971, 16.538704126000027 ], [ -90.646693463999952, 16.539464648000035 ], [ -90.64721392499996, 16.540180781000061 ], [ -90.647825246999957, 16.54103118300003 ], [ -90.648268813999948, 16.541572552000048 ], [ -90.648596169999962, 16.541995174000022 ], [ -90.64902534099997, 16.542710274000058 ], [ -90.649460851999947, 16.543579016000024 ], [ -90.649764791999985, 16.54434013100007 ], [ -90.649872292999987, 16.544984981000027 ], [ -90.64988651499999, 16.545695404000071 ], [ -90.649736279999956, 16.54669304500004 ], [ -90.64957807199994, 16.547189235000076 ], [ -90.649283731999958, 16.547953766000035 ], [ -90.648715615999947, 16.549234636000051 ], [ -90.648526566999976, 16.550197961000038 ], [ -90.648461087999976, 16.551253016000032 ], [ -90.648500861999935, 16.551786442000036 ], [ -90.649004950999938, 16.554676080000036 ], [ -90.64903129399994, 16.555351634000033 ], [ -90.648875818999954, 16.558806330000039 ], [ -90.648772834999988, 16.559622701000023 ], [ -90.648627730999976, 16.560291802000052 ], [ -90.648401379999939, 16.560902397000064 ], [ -90.648106874999939, 16.561485122000022 ], [ -90.647589244999949, 16.56241198500004 ], [ -90.646791785999937, 16.563579592000053 ], [ -90.645973689999948, 16.564613715000064 ], [ -90.644676673999982, 16.566036506000046 ], [ -90.639670247999959, 16.569921799000042 ], [ -90.639160772999958, 16.57027058400007 ], [ -90.635514712999964, 16.57214091000003 ], [ -90.63410834299998, 16.572872448000055 ], [ -90.629544757999952, 16.575129696000033 ], [ -90.628810096999985, 16.575506377000067 ], [ -90.628298694999955, 16.576009807000048 ], [ -90.627921857999979, 16.576758670000061 ], [ -90.627881323999986, 16.57748652600003 ], [ -90.627973026999939, 16.578220406000071 ], [ -90.6281512, 16.578682009000033 ], [ -90.628615804999981, 16.579179625000052 ], [ -90.629074849999938, 16.579653462000067 ], [ -90.629579283999988, 16.580197826000074 ], [ -90.630053582999949, 16.580812982000054 ], [ -90.630413468999961, 16.581448291000072 ], [ -90.632915191999984, 16.585703273000036 ], [ -90.634014989999969, 16.588026082000056 ], [ -90.635976408999966, 16.591422367000064 ], [ -90.636501303999978, 16.592021154000065 ], [ -90.63704525899999, 16.59254562700005 ], [ -90.637545485999965, 16.593007499000066 ], [ -90.638046373999941, 16.593511158000069 ], [ -90.638476424999965, 16.593870604000074 ], [ -90.638954343999956, 16.594241885000031 ], [ -90.639352426999949, 16.594534346000046 ], [ -90.640161442999954, 16.595074246000024 ], [ -90.640720384999952, 16.595379821000051 ], [ -90.641541751999966, 16.595771931000058 ], [ -90.641636959999971, 16.595799844000055 ], [ -90.642503229999988, 16.596053840000025 ], [ -90.643380306999973, 16.596103304000053 ], [ -90.644097189999968, 16.595844942000042 ], [ -90.644128950999971, 16.595112461000042 ], [ -90.643543188999956, 16.594028582000021 ], [ -90.643069183999955, 16.593067956000027 ], [ -90.642654987999947, 16.592095519000054 ], [ -90.642354805999958, 16.591264903000024 ], [ -90.64212049799994, 16.590210279000075 ], [ -90.641991332999964, 16.588034486000026 ], [ -90.642018998999959, 16.586883905000036 ], [ -90.642370194999955, 16.584489501000064 ], [ -90.643020131999947, 16.582850516000065 ], [ -90.64383468699998, 16.581442616000061 ], [ -90.644499702999951, 16.58065722300006 ], [ -90.645654286999957, 16.579519884000035 ], [ -90.646437756999944, 16.578930703000026 ], [ -90.647033060999945, 16.578555344000051 ], [ -90.647726550999948, 16.578192811000065 ], [ -90.648498355999948, 16.577985857000044 ], [ -90.649660275999963, 16.577810408000062 ], [ -90.650223044999962, 16.57775014200007 ], [ -90.650565734999986, 16.577713816000028 ], [ -90.651763836999976, 16.577360627000076 ], [ -90.655357010999978, 16.577464004000035 ], [ -90.656730880999987, 16.577468951000071 ], [ -90.657423495999979, 16.577523457000041 ], [ -90.660770090999961, 16.577619740000046 ], [ -90.661582608999936, 16.578063119000035 ], [ -90.661998037999979, 16.578165056000046 ], [ -90.662512340999967, 16.578336824000075 ], [ -90.662992828999961, 16.578496920000077 ], [ -90.663804601999971, 16.578761234000069 ], [ -90.664467567999964, 16.579034036000053 ], [ -90.665272757999958, 16.579407803000038 ], [ -90.665734286999964, 16.579635433000021 ], [ -90.666301921999946, 16.579997497000022 ], [ -90.666895902999954, 16.580456967000032 ], [ -90.667418196999961, 16.580986772000074 ], [ -90.667756665999946, 16.581418533000033 ], [ -90.668038433999982, 16.581842882000046 ], [ -90.66834526599996, 16.582373658000051 ], [ -90.66890845599994, 16.583445934000054 ], [ -90.669266514999947, 16.584293459000037 ], [ -90.66946031599997, 16.58487604100003 ], [ -90.669573512999989, 16.585540150000043 ], [ -90.669592661999957, 16.586283379000065 ], [ -90.669534416999966, 16.587278681000043 ], [ -90.669352427999968, 16.58809644400003 ], [ -90.669168912999965, 16.588555102000043 ], [ -90.668776237999964, 16.589219187000026 ], [ -90.668002981999962, 16.589786410000045 ], [ -90.66722753, 16.590098408000074 ], [ -90.66654588199998, 16.590303049000056 ], [ -90.665706660999945, 16.590513827000052 ], [ -90.66495335799999, 16.590639745000033 ], [ -90.663132299999972, 16.590797703000078 ], [ -90.660688471999947, 16.591035591000036 ], [ -90.660050360999946, 16.591125523000073 ], [ -90.65939695899999, 16.591220926000062 ], [ -90.65857473799997, 16.591574143000059 ], [ -90.657983662999982, 16.591937862000066 ], [ -90.657146633999957, 16.592594657000063 ], [ -90.656632428999956, 16.593233631000032 ], [ -90.656239159999984, 16.593894293000062 ], [ -90.656042917999969, 16.594336983000062 ], [ -90.655812022999953, 16.595029962000069 ], [ -90.655706666999947, 16.595509811000056 ], [ -90.655625468999972, 16.596508229000051 ], [ -90.65566750399995, 16.600525234000031 ], [ -90.655775128999949, 16.603044544000056 ], [ -90.656547777999947, 16.607362250000051 ], [ -90.657102167999938, 16.610800112000049 ], [ -90.657331541999952, 16.611537802000043 ], [ -90.658696827999961, 16.614793974000065 ], [ -90.66034915299997, 16.618576191000045 ], [ -90.661191921999944, 16.620113482000022 ], [ -90.661964338999951, 16.621754993000025 ], [ -90.663455510999938, 16.626861058000031 ], [ -90.663719796999942, 16.62786224000007 ], [ -90.663850174999936, 16.628508475000046 ], [ -90.663842107999983, 16.629174609000074 ], [ -90.66378649699999, 16.629994908000072 ], [ -90.663435521999986, 16.631122409000056 ], [ -90.663075384999956, 16.631652461000044 ], [ -90.662419396999951, 16.632577785000024 ], [ -90.661856950999947, 16.633370918000026 ], [ -90.660616962999939, 16.634933293000074 ], [ -90.660032211999976, 16.635680996000076 ], [ -90.659391751999976, 16.636917012000026 ], [ -90.659273202999941, 16.637516403000063 ], [ -90.65913655899999, 16.639268492000042 ], [ -90.659170685999982, 16.640268210000045 ], [ -90.659469975999968, 16.641520471000035 ], [ -90.660384611999973, 16.642892931000063 ], [ -90.661408870999935, 16.644429869000078 ], [ -90.661762081999939, 16.644959869000047 ], [ -90.662662754999985, 16.645890463000057 ], [ -90.665309777999937, 16.648752148000028 ], [ -90.667466991999959, 16.650730171000077 ], [ -90.672371545999965, 16.65522732200003 ], [ -90.673229314999958, 16.656074819000025 ], [ -90.67369152699996, 16.656552011000031 ], [ -90.675030873999958, 16.658165988000064 ], [ -90.67628072299999, 16.659577954000042 ], [ -90.67682916199999, 16.660434390000034 ], [ -90.677342942999985, 16.661299471000063 ], [ -90.677818209999941, 16.662249940000038 ], [ -90.678085429999953, 16.662773496000057 ], [ -90.680327409999961, 16.671680907000052 ], [ -90.680665824999949, 16.674171199000057 ], [ -90.681171598999981, 16.678085030000034 ], [ -90.681812941999965, 16.68222170100006 ], [ -90.682880576999935, 16.687296995000054 ], [ -90.682942736999962, 16.687874714000031 ], [ -90.683016406999968, 16.688420944000029 ], [ -90.683258305999971, 16.689298782000037 ], [ -90.683439686999975, 16.689590249000048 ], [ -90.683923310999944, 16.690358644000071 ], [ -90.684125771999959, 16.690593240000055 ], [ -90.684785973999965, 16.691253594000045 ], [ -90.685209101999988, 16.691560744000071 ], [ -90.685642884999936, 16.691849109000032 ], [ -90.686149734999958, 16.692153717000053 ], [ -90.686858160999975, 16.692579466000041 ], [ -90.687949633999949, 16.693235409000067 ], [ -90.702400140999941, 16.701528302000042 ], [ -90.703704537999954, 16.702265343000022 ], [ -90.705250756999988, 16.703087552000056 ], [ -90.706047870999953, 16.703497412000047 ], [ -90.706930725999939, 16.703965155000049 ], [ -90.707680987999936, 16.704417251000052 ], [ -90.708335308999949, 16.704900424000073 ], [ -90.709073585999988, 16.705580491000035 ], [ -90.709593385999938, 16.706305564000047 ], [ -90.709947256999953, 16.706894418000047 ], [ -90.71032171, 16.708026978000078 ], [ -90.71040755599995, 16.70876484300004 ], [ -90.710429139999974, 16.709030590000054 ], [ -90.710415360999946, 16.710185626000055 ], [ -90.710333266999953, 16.711272155000074 ], [ -90.710015846999966, 16.712734361000059 ], [ -90.70946507299999, 16.714504513000065 ], [ -90.708892176999939, 16.716163757000061 ], [ -90.708482434999951, 16.717553793000036 ], [ -90.70840408, 16.718423550000068 ], [ -90.708423149999987, 16.71890344600007 ], [ -90.708642205999979, 16.720511852000072 ], [ -90.708877556999937, 16.721309302000066 ], [ -90.70927818399997, 16.722241365000059 ], [ -90.709658310999941, 16.723002879000035 ], [ -90.709940209999957, 16.723438495000039 ], [ -90.710445577999963, 16.724151841000037 ], [ -90.711006668999971, 16.724828126000034 ], [ -90.711427990999937, 16.72528219000003 ], [ -90.712105661999942, 16.725935380000067 ], [ -90.712892453999984, 16.726600273000031 ], [ -90.714286545999983, 16.72756989800007 ], [ -90.715818582999987, 16.728519590000076 ], [ -90.716761713999972, 16.728987104000055 ], [ -90.718164961999946, 16.729581720000056 ], [ -90.719350238999937, 16.729980321000028 ], [ -90.720681850999938, 16.730394772000068 ], [ -90.722151733999965, 16.730810739000049 ], [ -90.723344838999935, 16.731245103000049 ], [ -90.72404536199997, 16.731582361000051 ], [ -90.724902765999957, 16.731995144000052 ], [ -90.726131140999939, 16.732797982000022 ], [ -90.726912461999973, 16.733345213000064 ], [ -90.727467218999948, 16.733746592000045 ], [ -90.728018141999939, 16.734082244000035 ], [ -90.728377249999937, 16.73430103100003 ], [ -90.732685186999959, 16.736925567000071 ], [ -90.742771847999961, 16.743058573000042 ], [ -90.751786405999951, 16.748477368000067 ], [ -90.754129428999988, 16.750256396000054 ], [ -90.755845877999946, 16.75155963800006 ], [ -90.757418048999966, 16.752924665000023 ], [ -90.757836766999958, 16.753513991000034 ], [ -90.757870043999958, 16.753560827000058 ], [ -90.758149346999971, 16.754231247000064 ], [ -90.758349235999958, 16.754877092000072 ], [ -90.758454669999935, 16.755682258000036 ], [ -90.758398607999936, 16.756565848000037 ], [ -90.758387683999956, 16.757498487000078 ], [ -90.758340932999943, 16.758821039000054 ], [ -90.75836340099994, 16.759319891000075 ], [ -90.758415938999974, 16.759939090000046 ], [ -90.758842372999936, 16.760807599000032 ], [ -90.75960659399999, 16.761537296000029 ], [ -90.760826466999958, 16.762492985000051 ], [ -90.761993321999967, 16.76315151700004 ], [ -90.763450938999938, 16.763749105000045 ], [ -90.765638850999949, 16.764589923000074 ], [ -90.76749222899997, 16.765302156000075 ], [ -90.769237286999953, 16.765876647000027 ], [ -90.779350097999952, 16.768339248000075 ], [ -90.782261281999979, 16.769388164000077 ], [ -90.79138332299999, 16.773380060000022 ], [ -90.797320605999971, 16.775895940000055 ], [ -90.800145480999959, 16.776359519000039 ], [ -90.801197861999981, 16.776522498000077 ], [ -90.801881148999939, 16.776886278000063 ], [ -90.802531249999959, 16.777350999000078 ], [ -90.803102678999949, 16.777902565000034 ], [ -90.803396257999964, 16.778266966000047 ], [ -90.803663102999963, 16.778814122000028 ], [ -90.80376425899999, 16.779170147000059 ], [ -90.804507546999957, 16.782660172000078 ], [ -90.804557021999983, 16.783206938000035 ], [ -90.804598497999962, 16.783665285000041 ], [ -90.804563831999985, 16.784641734000047 ], [ -90.804441810999947, 16.785262663000026 ], [ -90.804061100999945, 16.786258006000025 ], [ -90.802464386999986, 16.789319357000068 ], [ -90.801975852999988, 16.790819457000055 ], [ -90.801793533999955, 16.79168704600005 ], [ -90.801640083999985, 16.792338123000036 ], [ -90.801537401999951, 16.79295812600003 ], [ -90.80146203399994, 16.793802013000061 ], [ -90.801418697999964, 16.794307461000074 ], [ -90.80136499799994, 16.794949443000064 ], [ -90.801455330999943, 16.796350468000071 ], [ -90.801636813999949, 16.797205997000049 ], [ -90.801965403999986, 16.797902126000054 ], [ -90.802512297999954, 16.798515237000061 ], [ -90.803077059999964, 16.799036489000059 ], [ -90.803953188999969, 16.799492644000054 ], [ -90.804889868999965, 16.79977361400006 ], [ -90.805695366999942, 16.799853942000027 ], [ -90.806933623999953, 16.799848342000075 ], [ -90.808026869999935, 16.799801093000042 ], [ -90.814892613999973, 16.799156690000075 ], [ -90.817902122999953, 16.798729212000069 ], [ -90.821808619999956, 16.798174255000049 ], [ -90.826499204999948, 16.797507806000056 ], [ -90.834811388999981, 16.796876255000029 ], [ -90.837122508999983, 16.796700598000029 ], [ -90.840146051999966, 16.796514113000057 ], [ -90.843030588999966, 16.796655157000032 ], [ -90.844899923999947, 16.796746539000026 ], [ -90.84720664799994, 16.796859279000046 ], [ -90.84909266599999, 16.79704848800003 ], [ -90.851685768999971, 16.797484388000044 ], [ -90.85382886299999, 16.798061242000074 ], [ -90.854730845999939, 16.798494138000024 ], [ -90.855337152999937, 16.79889571800004 ], [ -90.855835013999979, 16.799314891000051 ], [ -90.856349376999958, 16.799848105000024 ], [ -90.85657215399999, 16.800210615000026 ], [ -90.856892409999944, 16.80082070900005 ], [ -90.857341194999947, 16.802096719000076 ], [ -90.85784575699995, 16.803643391000037 ], [ -90.858062326999971, 16.804401446000043 ], [ -90.859199514999943, 16.810191720000034 ], [ -90.859621297999979, 16.811121250000042 ], [ -90.860103581999965, 16.811806525000065 ], [ -90.86068157699998, 16.812591108000049 ], [ -90.861327062999976, 16.813215553000077 ], [ -90.874174983999978, 16.822916242000076 ], [ -90.874866026999939, 16.82343492800004 ], [ -90.875784806999945, 16.823978747000069 ], [ -90.876540653999939, 16.824230492000027 ], [ -90.878140345999952, 16.824519185000042 ], [ -90.880008572999941, 16.824843791000035 ], [ -90.88178224699999, 16.825124089000042 ], [ -90.883582874999945, 16.825382742000045 ], [ -90.884355850999953, 16.825493774000051 ], [ -90.884749194999984, 16.825873631000036 ], [ -90.88575887899998, 16.826077138000073 ], [ -90.886380481999936, 16.825801204000072 ], [ -90.88826555299994, 16.825668356000051 ], [ -90.891034136999963, 16.825473213000066 ], [ -90.892854401999955, 16.825344891000043 ], [ -90.89478210599998, 16.825208977000045 ], [ -90.896690767999985, 16.825074387000029 ], [ -90.899022047999949, 16.824909972000057 ], [ -90.910694956999976, 16.822319828000047 ], [ -90.911619956999971, 16.822114577000036 ], [ -90.911809847999962, 16.822097764000034 ], [ -90.914756150999949, 16.821836895000047 ], [ -90.91585648399996, 16.821739458000025 ], [ -90.917348002999972, 16.821693209000045 ], [ -90.918156212999975, 16.821718485000076 ], [ -90.918788976999963, 16.821738273000051 ], [ -90.919394185999977, 16.821757197000068 ], [ -90.919890396999961, 16.821772711000051 ], [ -90.920544079999956, 16.821982227000035 ], [ -90.921140082999955, 16.822267565000061 ], [ -90.921606168999972, 16.822553507000066 ], [ -90.922292133999974, 16.823017410000034 ], [ -90.922882994999952, 16.823533134000058 ], [ -90.923632828999985, 16.824320903000057 ], [ -90.923780708999971, 16.824547323000047 ], [ -90.92425293499997, 16.825492835000034 ], [ -90.924581429999989, 16.826392850000047 ], [ -90.925023352999972, 16.828129724000064 ], [ -90.925156666999953, 16.829078589000062 ], [ -90.925376203999974, 16.830078016000073 ], [ -90.925614765999967, 16.830999710000071 ], [ -90.925806261999981, 16.831721036000033 ], [ -90.926141204999965, 16.832676454000023 ], [ -90.926374412999962, 16.83322879800005 ], [ -90.926647667999987, 16.833906308000053 ], [ -90.926647686999956, 16.833906339000066 ], [ -90.927022603999944, 16.834605913000075 ], [ -90.927381591999961, 16.835164373000055 ], [ -90.928127590999964, 16.835933399000055 ], [ -90.928944530999956, 16.836756571000024 ], [ -90.929908835999981, 16.837773090000042 ], [ -90.93066480899995, 16.838595766000026 ], [ -90.931719570999974, 16.839745309000023 ], [ -90.932389943999965, 16.840625110000076 ], [ -90.93297791599997, 16.841772592000041 ], [ -90.933388923999985, 16.842876361000037 ], [ -90.933663168999942, 16.843962695000073 ], [ -90.933732831999976, 16.84474360300004 ], [ -90.93373640499999, 16.845350378000035 ], [ -90.93365575699994, 16.846007524000072 ], [ -90.933427728999959, 16.847250375000044 ], [ -90.933267673999978, 16.847937466000076 ], [ -90.932927893999988, 16.84954738600004 ], [ -90.932927799999959, 16.849547853000047 ], [ -90.932686562999947, 16.85074759500003 ], [ -90.932542684999987, 16.851414719000047 ], [ -90.932346953999968, 16.85232073700007 ], [ -90.932056459999956, 16.853582675000041 ], [ -90.931947977999982, 16.855092643000035 ], [ -90.932067040999982, 16.856870299000036 ], [ -90.932287574999975, 16.857782773000054 ], [ -90.932427086999951, 16.85803953900006 ], [ -90.932784867999942, 16.858698037000067 ], [ -90.93325660499994, 16.859321056000056 ], [ -90.933910968999953, 16.86008780700007 ], [ -90.934755045999964, 16.860718614000064 ], [ -90.93611346099999, 16.861438164000049 ], [ -90.937453713999957, 16.862009985000043 ], [ -90.945285142999978, 16.864091589000054 ], [ -90.945525505999967, 16.864155474000029 ], [ -90.951052004999951, 16.865246397000078 ], [ -90.952613232999965, 16.865505935000044 ], [ -90.953371294999954, 16.865579008000054 ], [ -90.953980528999978, 16.865640427000073 ], [ -90.95485458099995, 16.865616397000053 ], [ -90.956133024999986, 16.86545183800007 ], [ -90.956963243999951, 16.865250053000068 ], [ -90.957632331999946, 16.86503536500004 ], [ -90.95835908, 16.864770969000062 ], [ -90.959003965999955, 16.864499550000062 ], [ -90.961238417999937, 16.863387384000077 ], [ -90.963811785999951, 16.862228257000027 ], [ -90.966033510999978, 16.861539937000032 ], [ -90.966038779999963, 16.86153874200005 ], [ -90.96670341, 16.861419894000051 ], [ -90.967376839999986, 16.861299469000073 ], [ -90.967910607999954, 16.861204018000024 ], [ -90.968736839999963, 16.861056264000069 ], [ -90.969378096999947, 16.86109699800005 ], [ -90.970245136999949, 16.861152072000039 ], [ -90.970747072999984, 16.861183954000069 ], [ -90.970967690999942, 16.861213873000054 ], [ -90.971827516999952, 16.861477617000048 ], [ -90.972215263999942, 16.861717935000058 ], [ -90.972724771999935, 16.86210800200007 ], [ -90.973252387999935, 16.862663782000027 ], [ -90.973491051999986, 16.862923841000054 ], [ -90.973808624999947, 16.863334683000062 ], [ -90.974137073999941, 16.863825814000052 ], [ -90.974452507999956, 16.864437660000021 ], [ -90.974766165999938, 16.865216634000035 ], [ -90.97486724099997, 16.865802644000041 ], [ -90.974867364999966, 16.865940114000068 ], [ -90.97486782499999, 16.866463331000034 ], [ -90.974544754999954, 16.867715806000035 ], [ -90.974153225999942, 16.868747755000072 ], [ -90.973835766999969, 16.869425625000076 ], [ -90.973460425999974, 16.870141322000052 ], [ -90.972686729999964, 16.871310468000047 ], [ -90.972304616999963, 16.871725683000022 ], [ -90.97186349399999, 16.872119984000051 ], [ -90.971341095999946, 16.872546231000058 ], [ -90.970819389999974, 16.872962320000056 ], [ -90.969742574999941, 16.873627012000043 ], [ -90.969291857999963, 16.873875526000063 ], [ -90.968725236999944, 16.874103688000048 ], [ -90.967809460999945, 16.874460522000049 ], [ -90.966831765999984, 16.874794150000071 ], [ -90.965379154999937, 16.875280038000028 ], [ -90.96368700499994, 16.876062814000022 ], [ -90.962271870999984, 16.876825746000065 ], [ -90.96034756499995, 16.877762033000067 ], [ -90.959634230999939, 16.878092414000037 ], [ -90.95963373099994, 16.878092646000027 ], [ -90.958735091999984, 16.878669397000067 ], [ -90.958734535999952, 16.878669829000046 ], [ -90.958542168999941, 16.878819201000056 ], [ -90.958018986999946, 16.879368501000044 ], [ -90.957483188999959, 16.880000116000076 ], [ -90.957111309999959, 16.880549793000057 ], [ -90.95685169699999, 16.88096732300005 ], [ -90.956569888999979, 16.881485145000056 ], [ -90.956287655999972, 16.882096697000065 ], [ -90.955981127999962, 16.882785933000036 ], [ -90.955813714999977, 16.883246168000028 ], [ -90.955453615999943, 16.884552627000062 ], [ -90.955303260999983, 16.885661280000022 ], [ -90.95522836899994, 16.886461244000031 ], [ -90.95524194699999, 16.887324207000063 ], [ -90.955255513999987, 16.887970333000055 ], [ -90.955317537999974, 16.888637269000071 ], [ -90.955511978999937, 16.889861174000032 ], [ -90.955820890999973, 16.891130264000026 ], [ -90.956245448999937, 16.892444553000075 ], [ -90.956762694999952, 16.893649091000043 ], [ -90.957509578999975, 16.894989181000028 ], [ -90.95882796699999, 16.89680026700006 ], [ -90.959647420999943, 16.897830503000023 ], [ -90.960093219999976, 16.898264104000077 ], [ -90.960675353999989, 16.898728423000023 ], [ -90.961233788999948, 16.899160884000025 ], [ -90.961774266999953, 16.899517499000069 ], [ -90.962581503999957, 16.900049556000056 ], [ -90.963003975999982, 16.900307869000073 ], [ -90.963758709999979, 16.900759218000076 ], [ -90.964318058999936, 16.901052768000056 ], [ -90.96489102299995, 16.901335160000031 ], [ -90.965406396999981, 16.901572934000058 ], [ -90.965902170999982, 16.90177888900007 ], [ -90.966736158999936, 16.90200627300004 ], [ -90.967561796999973, 16.90219178500007 ], [ -90.96842275099999, 16.902366352000058 ], [ -90.969032055999946, 16.902487594000036 ], [ -90.969766020999941, 16.902634920000025 ], [ -90.97031709, 16.90271718300005 ], [ -90.971408244999964, 16.90286691600005 ], [ -90.972441665999952, 16.902876030000073 ], [ -90.974400866999986, 16.902702314000067 ], [ -90.975512945999981, 16.90259586600007 ], [ -90.976174088999983, 16.902532386000075 ], [ -90.97680728499995, 16.902449428000068 ], [ -90.977832836999937, 16.902316137000071 ], [ -90.97873077, 16.902214330000049 ], [ -90.979733343999953, 16.902035627000032 ], [ -90.980735187999983, 16.901759786000071 ], [ -90.981280316999971, 16.901518964000047 ], [ -90.98188136899995, 16.901259490000029 ], [ -90.982598436999979, 16.900900646000025 ], [ -90.982954457999938, 16.900680411000053 ], [ -90.98407096699998, 16.899408497000024 ], [ -90.984589827999969, 16.898579085000051 ], [ -90.98497533599999, 16.897792322000043 ], [ -90.98535519699999, 16.896819156000049 ], [ -90.985738241999968, 16.89549026800006 ], [ -90.985882189999984, 16.894969915000047 ], [ -90.986063424999941, 16.894141610000077 ], [ -90.98617797899999, 16.89318503100003 ], [ -90.986171715999944, 16.892614637000065 ], [ -90.986160719999987, 16.891495321000036 ], [ -90.986145134999958, 16.890753170000039 ], [ -90.98612398099999, 16.890538912000068 ], [ -90.986123969999937, 16.890538806000052 ], [ -90.985405961999959, 16.887772269000038 ], [ -90.982066768999971, 16.880570143000057 ], [ -90.981797147999941, 16.879947464000054 ], [ -90.98140462899994, 16.87902428700005 ], [ -90.981147569999962, 16.878323804000047 ], [ -90.980966872999943, 16.877777667000032 ], [ -90.980572345999974, 16.87588547200005 ], [ -90.980435899999975, 16.874928682000075 ], [ -90.980458226999986, 16.873931668000068 ], [ -90.980498179999984, 16.873428363000073 ], [ -90.980695729999979, 16.872167674000025 ], [ -90.98078579099996, 16.87159211200003 ], [ -90.980929160999949, 16.870731155000044 ], [ -90.981061175999969, 16.870180164000033 ], [ -90.981061713999964, 16.870177940000076 ], [ -90.981381303999967, 16.869187242000066 ], [ -90.98173611499999, 16.868413729000054 ], [ -90.982216218999952, 16.867604179000068 ], [ -90.982538535999936, 16.867109047000042 ], [ -90.983535752999956, 16.865723204000062 ], [ -90.984504096999956, 16.864497062000055 ], [ -90.984526645999949, 16.864470309000069 ], [ -90.98514064799997, 16.864027982000039 ], [ -90.985798448999958, 16.863824382000075 ], [ -90.986103639999953, 16.863762852000036 ], [ -90.986977924999962, 16.863639915000022 ], [ -90.98840968199994, 16.863631732000044 ], [ -90.988612978999981, 16.863639692000049 ], [ -90.989399126999956, 16.863720811000064 ], [ -90.990292182999951, 16.864062734000072 ], [ -90.990745178999987, 16.864814821000039 ], [ -90.99114567099997, 16.86620675000006 ], [ -90.991478503999986, 16.867453455000032 ], [ -90.991716923999945, 16.868921721000049 ], [ -90.991934704999949, 16.870123254000077 ], [ -90.99201385899994, 16.871346014000039 ], [ -90.992072776999976, 16.871875140000043 ], [ -90.992164679999973, 16.872391037000057 ], [ -90.992369529999962, 16.873207325000067 ], [ -90.992566016999945, 16.873705045000065 ], [ -90.99281664099999, 16.874407715000075 ], [ -90.993105871999944, 16.874953779000066 ], [ -90.993493051999963, 16.875721030000022 ], [ -90.993798820999984, 16.876145281000049 ], [ -90.994263469999964, 16.876741624000033 ], [ -90.995930683999973, 16.878313093000031 ], [ -90.997942638999973, 16.880232381000042 ], [ -90.998444051999968, 16.880625786000053 ], [ -90.999084466999989, 16.881019421000076 ], [ -90.999644299999943, 16.88137951300007 ], [ -91.000185578999947, 16.881663757000069 ], [ -91.005989426999975, 16.884696263000023 ], [ -91.006930317999945, 16.885243008000032 ], [ -91.008581882999977, 16.886031573000025 ], [ -91.009116490999986, 16.886227638000037 ], [ -91.009781559999965, 16.886455462000072 ], [ -91.010457831999986, 16.886677745000043 ], [ -91.011191578999956, 16.886900584000045 ], [ -91.01182356299995, 16.887039989000073 ], [ -91.014495057999966, 16.887443125000061 ], [ -91.015887875999965, 16.887628292000045 ], [ -91.017208981999943, 16.887828568000032 ], [ -91.018413274999943, 16.888150807000045 ], [ -91.020063475999962, 16.88874049900005 ], [ -91.025402004999989, 16.890776395000046 ], [ -91.041124372999946, 16.895417930000065 ], [ -91.044967858999939, 16.896406764000062 ], [ -91.047582930999965, 16.897129697000025 ], [ -91.050902053999948, 16.898009516000059 ], [ -91.05251444299995, 16.898246229000051 ], [ -91.055877179999982, 16.898767233000058 ], [ -91.057165952999981, 16.899046014000078 ], [ -91.059144323999988, 16.899575280000022 ], [ -91.062270267999963, 16.900657516000024 ], [ -91.062774291999972, 16.900872359000061 ], [ -91.063255545999937, 16.901076819000025 ], [ -91.063786387999983, 16.901307726000027 ], [ -91.064411547999953, 16.901608417000034 ], [ -91.065063896999959, 16.901946636000048 ], [ -91.065498426999966, 16.902189050000061 ], [ -91.066013510999937, 16.902470626000024 ], [ -91.066447481999944, 16.902768375000051 ], [ -91.067097579999938, 16.903327931000035 ], [ -91.06749621099999, 16.903697627000042 ], [ -91.067910348999987, 16.904100222000068 ], [ -91.069075632999954, 16.905221441000037 ], [ -91.070126058999961, 16.906274935000056 ], [ -91.073471707999943, 16.909999669000058 ], [ -91.073922788999937, 16.910867924000058 ], [ -91.07409740899999, 16.911810374000027 ], [ -91.074121995999974, 16.912796589000038 ], [ -91.074112776999982, 16.913530624000032 ], [ -91.073964604999958, 16.91417580500007 ], [ -91.073695938999947, 16.914844320000043 ], [ -91.07272674799998, 16.915937911000071 ], [ -91.071779169999957, 16.916486683000073 ], [ -91.066771331999973, 16.919499208000047 ], [ -91.064906669999971, 16.920653955000034 ], [ -91.064233836999961, 16.921307107000075 ], [ -91.064008471999955, 16.921947608000039 ], [ -91.063959442999987, 16.922784040000067 ], [ -91.064042244999939, 16.923567444000071 ], [ -91.064153695999948, 16.924097127000039 ], [ -91.064473201999988, 16.924864765000052 ], [ -91.06482385299995, 16.925455380000074 ], [ -91.065310769999897, 16.925972745000024 ], [ -91.067049389999966, 16.927432588000045 ], [ -91.068333295999935, 16.92826694200005 ], [ -91.069433432999972, 16.928943691000029 ], [ -91.07006417599996, 16.929396899000039 ], [ -91.070737017999988, 16.929979254000045 ], [ -91.071353950999935, 16.930694352000046 ], [ -91.071803403999979, 16.931494833000045 ], [ -91.07203304899997, 16.931988296000043 ], [ -91.072525320999944, 16.933481512000071 ], [ -91.07339876399999, 16.935561040000039 ], [ -91.074498717999973, 16.936991732000024 ], [ -91.07513527499998, 16.937769672000059 ], [ -91.078694183999971, 16.941756148000024 ], [ -91.079538973999945, 16.942630361000056 ], [ -91.081688928999938, 16.944516371000077 ], [ -91.082388580999975, 16.945067324000036 ], [ -91.082869186999972, 16.945348546000048 ], [ -91.083463522999978, 16.945697471000074 ], [ -91.083935541999949, 16.945958279000024 ], [ -91.08632333099996, 16.947136076000049 ], [ -91.087356123999939, 16.947701430000052 ], [ -91.088618598999972, 16.948357025000064 ], [ -91.090316869999981, 16.949260648000063 ], [ -91.09160179099996, 16.949961614000074 ], [ -91.092276113999958, 16.950353052000025 ], [ -91.092839843999968, 16.950772820000054 ], [ -91.093235600999947, 16.951092756000037 ], [ -91.093668323999964, 16.951529368000024 ], [ -91.094074549999959, 16.951917168000023 ], [ -91.094523423999988, 16.952323436000029 ], [ -91.095285130999969, 16.953127921000032 ], [ -91.095627152999953, 16.953541093000069 ], [ -91.096001841999964, 16.954031373000078 ], [ -91.096350855999958, 16.954799253000033 ], [ -91.096518774999936, 16.955254849000028 ], [ -91.096688886999971, 16.955783879000023 ], [ -91.097269418999986, 16.957743201000028 ], [ -91.097915249999971, 16.960036314000035 ], [ -91.098165948999963, 16.960779557000023 ], [ -91.098558104999938, 16.961868594000066 ], [ -91.098836594999966, 16.962533033000057 ], [ -91.099086473999989, 16.963124924000056 ], [ -91.09934479399999, 16.963753034000035 ], [ -91.099615820999986, 16.964226531000065 ], [ -91.100194089999945, 16.965073343000029 ], [ -91.10055805199994, 16.965525117000027 ], [ -91.101104164999981, 16.966127669000059 ], [ -91.101913024999988, 16.966977753000037 ], [ -91.102835819999939, 16.967877459000022 ], [ -91.103301786999964, 16.968281613000045 ], [ -91.103862749999962, 16.968751024000028 ], [ -91.10435354599997, 16.969137335000028 ], [ -91.10531281699997, 16.969854404000046 ], [ -91.106370778999974, 16.970619821000071 ], [ -91.107027049999942, 16.971066393000058 ], [ -91.10818274799999, 16.97174235600005 ], [ -91.109246312999971, 16.972360985000023 ], [ -91.110248117999959, 16.972877389000075 ], [ -91.110849690999942, 16.973161933000029 ], [ -91.111422718999961, 16.973367153000027 ], [ -91.112064311999973, 16.973582041000043 ], [ -91.112961518999953, 16.97387948100004 ], [ -91.114273495999953, 16.974247393000041 ], [ -91.115402202999974, 16.974457741000037 ], [ -91.116416433999973, 16.974555211000052 ], [ -91.116923761999942, 16.974582486000031 ], [ -91.117523150999943, 16.974676117000058 ], [ -91.118281894999939, 16.974972259000026 ], [ -91.11894031099996, 16.975384933000043 ], [ -91.119405302999951, 16.975715631000071 ], [ -91.11981971199998, 16.976058286000068 ], [ -91.120196747999955, 16.976382523000041 ], [ -91.120595080999976, 16.976748747000045 ], [ -91.121210142999985, 16.977508880000073 ], [ -91.121755667999935, 16.978357598000059 ], [ -91.122509043999969, 16.979903966000052 ], [ -91.122772180999959, 16.980588572000045 ], [ -91.122875809999982, 16.981202812000049 ], [ -91.122964884999988, 16.982100408000065 ], [ -91.122994895999966, 16.983744019000028 ], [ -91.122935944999938, 16.985009575000049 ], [ -91.122857206999981, 16.98596322700007 ], [ -91.122730857999954, 16.986629561000029 ], [ -91.12245364599994, 16.987771129000066 ], [ -91.122201952999944, 16.988766101000067 ], [ -91.121894447999978, 16.989648746000057 ], [ -91.121358964999956, 16.991383143000064 ], [ -91.120919945999958, 16.992741193000029 ], [ -91.120809347999966, 16.993415576000075 ], [ -91.120682083999952, 16.994643230000065 ], [ -91.120653129999937, 16.995251729000074 ], [ -91.120652020999955, 16.996481677000077 ], [ -91.120701470999961, 16.997290808000059 ], [ -91.120841298999949, 16.998276968000027 ], [ -91.121185726999954, 16.999816180000039 ], [ -91.121608804999937, 17.00159104100004 ], [ -91.122359322999955, 17.001958255000034 ], [ -91.122988132999978, 17.002406794000024 ], [ -91.123380302999976, 17.002749240000071 ], [ -91.124250921999987, 17.003669851000041 ], [ -91.125608126999964, 17.004529432000027 ], [ -91.128003138999986, 17.005731737000076 ], [ -91.129850886999975, 17.006193722000035 ], [ -91.13205809499999, 17.006533249000029 ], [ -91.138774202999969, 17.007018034000055 ], [ -91.140700357999947, 17.006895121000071 ], [ -91.143370126999969, 17.006139045000054 ], [ -91.144382938999968, 17.005628400000035 ], [ -91.146396132999939, 17.004981805000057 ], [ -91.146599650999974, 17.004921565000075 ], [ -91.148527635999983, 17.004271606000032 ], [ -91.149990615999968, 17.003816187000041 ], [ -91.152166358999978, 17.003814491000071 ], [ -91.155997720999949, 17.004962876000036 ], [ -91.159407008999949, 17.006664200000046 ], [ -91.16258426, 17.008452603000023 ], [ -91.166313032999938, 17.010690941000064 ], [ -91.172948732999942, 17.013935716000049 ], [ -91.175802766999936, 17.01560921500004 ], [ -91.17775777199995, 17.016962892000038 ], [ -91.179363181999975, 17.018537060000028 ], [ -91.180207239999959, 17.019814134000057 ], [ -91.18225616899997, 17.02336316800006 ], [ -91.188703718999989, 17.031839768000054 ], [ -91.191449096999975, 17.035271825000052 ], [ -91.19435957799999, 17.03839358700003 ], [ -91.19622140499996, 17.039768876000039 ], [ -91.198688294999954, 17.040860373000044 ], [ -91.205051713999978, 17.046173276000047 ], [ -91.206563157999938, 17.047923763000028 ], [ -91.208711668999968, 17.050838704000057 ], [ -91.209352114999945, 17.051646284000071 ], [ -91.209635774999981, 17.051840850000076 ], [ -91.210042717999954, 17.052119976000029 ], [ -91.211422088999939, 17.052459612000064 ], [ -91.212977495999951, 17.052746708000029 ], [ -91.213776550999967, 17.05305568700004 ], [ -91.214038583999979, 17.053157010000064 ], [ -91.214566796999975, 17.053607800000066 ], [ -91.21481608, 17.054188286000056 ], [ -91.214924956999937, 17.05490194600003 ], [ -91.214919665999957, 17.055458734000069 ], [ -91.214754279999966, 17.05821998700003 ], [ -91.214736500999948, 17.06009025000003 ], [ -91.214765935999935, 17.061872828000048 ], [ -91.21482584599994, 17.062920382000073 ], [ -91.215233360999946, 17.063903224000057 ], [ -91.216335429999958, 17.067299095000067 ], [ -91.21690287199999, 17.070979411000053 ], [ -91.218029392999938, 17.076690925000037 ], [ -91.218288695999945, 17.078631391000044 ], [ -91.21843555199996, 17.07916392900006 ], [ -91.218938588999947, 17.080931075000024 ], [ -91.220195879999949, 17.083410364000031 ], [ -91.22189349599995, 17.086793040000032 ], [ -91.224687374999974, 17.092140549000078 ], [ -91.225497294999968, 17.093405453000059 ], [ -91.225764794999975, 17.093755208000061 ], [ -91.226587579999944, 17.094672833000061 ], [ -91.231436008999935, 17.099460730000033 ], [ -91.232429283999977, 17.100285069000051 ], [ -91.233777815999986, 17.101197368000044 ], [ -91.235047895999969, 17.101586817000054 ], [ -91.23628592099999, 17.101672854000071 ], [ -91.237417842999946, 17.101610617000063 ], [ -91.239203952999958, 17.101395005000029 ], [ -91.240912635999962, 17.101103591000026 ], [ -91.24228031399997, 17.100982184000031 ], [ -91.243577036999966, 17.101037484000074 ], [ -91.245356250999976, 17.101431284000057 ], [ -91.25538460599995, 17.101517912000077 ], [ -91.257602983999959, 17.102116440000032 ], [ -91.260769403999973, 17.103274646000045 ], [ -91.261157349999962, 17.103416545000073 ], [ -91.264129836999984, 17.10509111500005 ], [ -91.264433557999951, 17.105353057000059 ], [ -91.265665856999988, 17.106415838000032 ], [ -91.266595827999936, 17.107217866000042 ], [ -91.267025466999939, 17.107588394000061 ], [ -91.268583340999953, 17.109449586000039 ], [ -91.269519526999943, 17.111613009000052 ], [ -91.26952999699995, 17.111628748000044 ], [ -91.269532906999984, 17.111643927000046 ], [ -91.269966806999946, 17.112646609000024 ], [ -91.271390976999953, 17.119007710000062 ], [ -91.272461827999962, 17.125921505000065 ], [ -91.27265986399999, 17.129598596000051 ], [ -91.272838318999959, 17.132851956000025 ], [ -91.273021097999958, 17.13563774000005 ], [ -91.273479418999955, 17.13867097800005 ], [ -91.27348686299996, 17.140408214000047 ], [ -91.273358632999987, 17.141699268000025 ], [ -91.273119808999979, 17.142499173000033 ], [ -91.272404592999976, 17.144697845000053 ], [ -91.270401790999983, 17.148289464000072 ], [ -91.268881109999938, 17.149924380000073 ], [ -91.26636916199999, 17.153422354000043 ], [ -91.26481931, 17.15565900100006 ], [ -91.263752967999949, 17.160728045000042 ], [ -91.263640055999986, 17.162887797000053 ], [ -91.26383180199997, 17.164693248000049 ], [ -91.264099496999961, 17.165786641000068 ], [ -91.26455323, 17.166837584000064 ], [ -91.265327704999947, 17.168269661000068 ], [ -91.266198100999986, 17.169369363000044 ], [ -91.267809645999989, 17.170496881000076 ], [ -91.269702790999986, 17.171225832000061 ], [ -91.271709402999988, 17.172200839000027 ], [ -91.272285519999969, 17.172540104000063 ], [ -91.27279129599998, 17.172989455000049 ], [ -91.273363504999963, 17.173751114000027 ], [ -91.274483983999971, 17.175387177000061 ], [ -91.27597375199997, 17.177115620000052 ], [ -91.277697046999947, 17.178689046000045 ], [ -91.278745220999951, 17.179445723000072 ], [ -91.279411849999974, 17.179721359000041 ], [ -91.279439556999989, 17.179725 ], [ -91.280884731999947, 17.179785872000025 ], [ -91.283258567999951, 17.178669807000063 ], [ -91.285060083999952, 17.178117032000046 ], [ -91.285091501999943, 17.178121149000049 ], [ -91.285140837999961, 17.178106381000077 ], [ -91.28694827299995, 17.178077686000051 ], [ -91.28868332899998, 17.178381564000063 ], [ -91.290741441999955, 17.178822576000073 ], [ -91.29525597099996, 17.179261748000044 ], [ -91.298103518999937, 17.179597536000074 ], [ -91.299862135999945, 17.179834878000065 ], [ -91.30205852499995, 17.180387634000056 ], [ -91.303982919999953, 17.180293131000042 ], [ -91.306482165999967, 17.179917356000033 ], [ -91.306730405999986, 17.179848105000076 ], [ -91.306985485999974, 17.179815985000062 ], [ -91.307974428999955, 17.179591334000065 ], [ -91.308963191999965, 17.179566950000037 ], [ -91.310001109999973, 17.179436250000037 ], [ -91.311197231999984, 17.179693429000054 ], [ -91.312259410999957, 17.179827153000076 ], [ -91.31447714799998, 17.180558420000068 ], [ -91.315607503999956, 17.181147304000035 ], [ -91.317246411999974, 17.181829656000048 ], [ -91.319462790999978, 17.182716734000053 ], [ -91.321870857999954, 17.182936708000057 ], [ -91.324397268999974, 17.182868480000025 ], [ -91.326441390999946, 17.182441533000031 ], [ -91.32893041799997, 17.181258110000044 ], [ -91.330121812999948, 17.180220906000045 ], [ -91.331974333999938, 17.177719650000029 ], [ -91.333889871999986, 17.172758542000054 ], [ -91.335559388999968, 17.167794612000023 ], [ -91.336419595999985, 17.16519373400007 ], [ -91.336594243999969, 17.163791167000056 ], [ -91.337240096999949, 17.161525003000065 ], [ -91.337943751999944, 17.160550363000027 ], [ -91.33914249299994, 17.159446589000027 ], [ -91.339709994999964, 17.158924035000041 ], [ -91.339789407999945, 17.158850916000063 ], [ -91.340466362999962, 17.158299622000072 ], [ -91.341163654999946, 17.158037651000029 ], [ -91.342068281999957, 17.157911794000029 ], [ -91.343921183999953, 17.157971049000025 ], [ -91.347021535999943, 17.158464074000051 ], [ -91.349634533999961, 17.159064895000029 ], [ -91.350719479999952, 17.159541388000036 ], [ -91.35152342799995, 17.160305870000059 ], [ -91.352026630999944, 17.161066769000058 ], [ -91.352160546999983, 17.161668775000066 ], [ -91.352152677999982, 17.162559914000042 ], [ -91.352026131999935, 17.163717786000063 ], [ -91.351356544999987, 17.166095641000027 ], [ -91.35078507899999, 17.167872253000041 ], [ -91.350420558999986, 17.169763505000049 ], [ -91.349994605999939, 17.170761921000064 ], [ -91.348928600999955, 17.17338163200003 ], [ -91.348710389999951, 17.174470977000055 ], [ -91.348538575999953, 17.17556182900006 ], [ -91.348734314999945, 17.177010365000058 ], [ -91.349027209999974, 17.177970606000031 ], [ -91.349733080999954, 17.179335210000033 ], [ -91.350967477999973, 17.181260993000024 ], [ -91.352267868999945, 17.183566835000022 ], [ -91.353405357999975, 17.185959443000058 ], [ -91.354681726999956, 17.188397234000035 ], [ -91.356402106999951, 17.190393598000071 ], [ -91.358543201999964, 17.191992392000031 ], [ -91.360481435999986, 17.19294455000005 ], [ -91.363738910999984, 17.19408474100004 ], [ -91.365217547999976, 17.194586958000059 ], [ -91.366507214999956, 17.19553267200007 ], [ -91.367475301999946, 17.196164020000026 ], [ -91.370971705999978, 17.199155096000027 ], [ -91.373155362999967, 17.201221727000075 ], [ -91.37434955399999, 17.202411736000045 ], [ -91.376746535999985, 17.203945778000048 ], [ -91.377876875999959, 17.204578388000073 ], [ -91.379263384999945, 17.20501312500005 ], [ -91.380814789999988, 17.205204068000057 ], [ -91.381803617999935, 17.205283910000048 ], [ -91.382181461999949, 17.205301535000046 ], [ -91.384336920999942, 17.205276394000066 ], [ -91.385726157999954, 17.205399356000044 ], [ -91.387623299999973, 17.205770355000027 ], [ -91.389707084999941, 17.206032132000075 ], [ -91.390852369999948, 17.205984663000038 ], [ -91.396630734999974, 17.205294986000069 ], [ -91.400009446999945, 17.204644661000032 ], [ -91.401887327999987, 17.204525147000027 ], [ -91.407172571999979, 17.204433709000057 ], [ -91.413904852999963, 17.205823089000035 ], [ -91.421687861999942, 17.209092171000066 ], [ -91.42461605699998, 17.210897547000059 ], [ -91.428707563999978, 17.21489428700005 ], [ -91.430430704999935, 17.216690182000036 ], [ -91.431433335999941, 17.218701847000034 ], [ -91.432387130999984, 17.221071202000076 ], [ -91.433160516999976, 17.222814498000048 ], [ -91.433659897999974, 17.224088020000067 ], [ -91.434061371999974, 17.225961707000067 ], [ -91.434055547999947, 17.226652958000045 ], [ -91.434208923999961, 17.227701262000039 ], [ -91.434388033999937, 17.22841541300005 ], [ -91.434775418999948, 17.229241881000064 ], [ -91.435324781999952, 17.230026685000041 ], [ -91.437179347999972, 17.232780302000037 ], [ -91.438183616999936, 17.23461461200003 ], [ -91.438566153999943, 17.236021635000043 ], [ -91.43914702099994, 17.238586878000035 ], [ -91.439574125999968, 17.240216770000075 ], [ -91.442344015999936, 17.24709924800004 ], [ -91.443274966999979, 17.249489851000078 ], [ -91.443758615999968, 17.250907261000066 ], [ -91.439070895999976, 17.250898875000075 ], [ -91.346064408999951, 17.251149069000064 ] ] ] ] } },
{ "type": "Feature", "properties": { "Codigo": 110, "datos_finales_color_riesgo": "620D00" }, "geometry": { "type": "MultiPolygon", "coordinates": [ [ [ [ -90.569582671999967, 14.873435150000034 ], [ -90.568808937999961, 14.861656492000066 ], [ -90.569079155999987, 14.857327441000052 ], [ -90.570160702999942, 14.854987732000041 ], [ -90.571878831999982, 14.850328425000043 ], [ -90.572984246999965, 14.848703778000072 ], [ -90.577593810999986, 14.846371899000076 ], [ -90.584600050999939, 14.844776572000058 ], [ -90.586721873999977, 14.842096471000048 ], [ -90.586859110999967, 14.839092865000055 ], [ -90.585546162999947, 14.837046350000037 ], [ -90.584848231999956, 14.830319734000057 ], [ -90.583290492999936, 14.829205698000067 ], [ -90.582733948999987, 14.829771270000037 ], [ -90.579661924999982, 14.831938815000058 ], [ -90.577331142999981, 14.831181363000042 ], [ -90.576567964999981, 14.830389597000021 ], [ -90.576443644999983, 14.829513089000045 ], [ -90.575470056999961, 14.827758084000038 ], [ -90.574372763999975, 14.821634825000046 ], [ -90.577161140999976, 14.81839717400004 ], [ -90.578090616999987, 14.807306051000069 ], [ -90.577477776999956, 14.806205324000075 ], [ -90.577572503999988, 14.798723650000056 ], [ -90.577500017999967, 14.78815951200005 ], [ -90.579672219999964, 14.786692789000028 ], [ -90.58144626, 14.786328573000048 ], [ -90.584127, 14.785786380000047 ], [ -90.589606394999976, 14.786319152000033 ], [ -90.592654711999955, 14.786282109000069 ], [ -90.595979966999948, 14.786287438000045 ], [ -90.596635959999958, 14.786689532000025 ], [ -90.600519387999952, 14.78633697500004 ], [ -90.603889048999974, 14.783884144000069 ], [ -90.605193008999947, 14.781506939000053 ], [ -90.606037007999987, 14.780535457000042 ], [ -90.606433567999943, 14.779616924000038 ], [ -90.609209189999945, 14.773895238000023 ], [ -90.611150044999988, 14.770735184000046 ], [ -90.610167168999965, 14.768280041000025 ], [ -90.608891136999944, 14.767004255000074 ], [ -90.608674300999951, 14.765713461000075 ], [ -90.608000896999954, 14.764889993000054 ], [ -90.607982259999972, 14.762456128000053 ], [ -90.61155175, 14.758026623000035 ], [ -90.619415155999945, 14.748459984000021 ], [ -90.620226831999958, 14.746172427000033 ], [ -90.620065865999948, 14.743739333000065 ], [ -90.619573074999948, 14.743008105000058 ], [ -90.619665764999979, 14.740032161000045 ], [ -90.618874293999966, 14.734965770000031 ], [ -90.617561160999969, 14.734497131000069 ], [ -90.612838896999961, 14.734548960000041 ], [ -90.609867691999966, 14.733962658000053 ], [ -90.608208030999947, 14.731331137000041 ], [ -90.607409776999987, 14.72877175800005 ], [ -90.60617881, 14.727373356000044 ], [ -90.604411902999971, 14.724741842000071 ], [ -90.603483193999978, 14.722179977000053 ], [ -90.60193622099996, 14.719868065000071 ], [ -90.599857813999961, 14.718196606000049 ], [ -90.597678033999955, 14.717149716000051 ], [ -90.591360078999969, 14.716315034000047 ], [ -90.586442269999964, 14.715146956000069 ], [ -90.579779094999935, 14.714854953000042 ], [ -90.577325077999944, 14.714542455000071 ], [ -90.568675312999972, 14.714642670000046 ], [ -90.560577914999953, 14.715886695000052 ], [ -90.551110048999988, 14.71579242100006 ], [ -90.550673490999941, 14.71607915900006 ], [ -90.543653401999961, 14.717420913000069 ], [ -90.540924367999935, 14.718102259000034 ], [ -90.541887595999981, 14.716582327000026 ], [ -90.542780624999978, 14.71578663400004 ], [ -90.543340846999968, 14.714921909000054 ], [ -90.544132051999952, 14.713633896000033 ], [ -90.547010205999982, 14.709726618000047 ], [ -90.547863618999941, 14.708110625000074 ], [ -90.548904411999956, 14.707324369000048 ], [ -90.549556825999957, 14.706511415000023 ], [ -90.551391468999952, 14.704607648000035 ], [ -90.553080082999941, 14.702999322000039 ], [ -90.556669561999968, 14.69863411800003 ], [ -90.55971187099999, 14.695941196000035 ], [ -90.560044474999984, 14.694981418000054 ], [ -90.562588925999989, 14.693026276000069 ], [ -90.565124563999973, 14.692019612000024 ], [ -90.569295415999989, 14.69185105400004 ], [ -90.57238416499996, 14.690288838000072 ], [ -90.573766267999986, 14.689729618000058 ], [ -90.580414076999944, 14.683598065000069 ], [ -90.582239423999965, 14.682339847000037 ], [ -90.583322989999942, 14.682126403000041 ], [ -90.583585575999962, 14.681509150000068 ], [ -90.589014002999988, 14.679365712000049 ], [ -90.59668209299997, 14.679062394000027 ], [ -90.597863984999947, 14.678394781000065 ], [ -90.600059809999948, 14.67815097600004 ], [ -90.60890175899999, 14.67834272500005 ], [ -90.615038462999962, 14.681844651000063 ], [ -90.617478677999941, 14.683890082000062 ], [ -90.619789917999981, 14.686761967000052 ], [ -90.622125492999942, 14.688890985000057 ], [ -90.623707657999944, 14.691441416000032 ], [ -90.62405619599997, 14.69601087500007 ], [ -90.62510918199996, 14.696860755000046 ], [ -90.627156428999967, 14.696212019000029 ], [ -90.627752525999938, 14.695644415000061 ], [ -90.631414011999937, 14.693289908000054 ], [ -90.633119702999977, 14.69214071600004 ], [ -90.638930499999958, 14.691660115000047 ], [ -90.64100426899995, 14.692965278000031 ], [ -90.644598691999988, 14.696690253000043 ], [ -90.65026818199999, 14.697881639000059 ], [ -90.652505675999976, 14.696852876000037 ], [ -90.654280657999948, 14.694533079000053 ], [ -90.655070995999949, 14.691684936000058 ], [ -90.65611893099998, 14.689810636000061 ], [ -90.65691507799994, 14.688862115000063 ], [ -90.658817891999945, 14.68732846000006 ], [ -90.662546271999986, 14.685954353000056 ], [ -90.665997020999953, 14.682477902000073 ], [ -90.66800391299995, 14.681129286000044 ], [ -90.669859395999936, 14.680107775000067 ], [ -90.672835869999972, 14.679551495000055 ], [ -90.673369458999957, 14.680985493000037 ], [ -90.673575839999955, 14.683958926000059 ], [ -90.674767069999973, 14.692102316000046 ], [ -90.674856518999945, 14.697957851000069 ], [ -90.675149307999959, 14.700112232000038 ], [ -90.675853224999969, 14.700914364000027 ], [ -90.680741326999964, 14.70241117300003 ], [ -90.693145232999939, 14.704029115000026 ], [ -90.694000278999965, 14.703320467000026 ], [ -90.694944218999979, 14.698618079000028 ], [ -90.696881454999982, 14.696943256000054 ], [ -90.697416896999982, 14.696723825000049 ], [ -90.697839023999961, 14.696467129000041 ], [ -90.698361300999977, 14.69606460600005 ], [ -90.698865331999968, 14.695686748000071 ], [ -90.69926204699999, 14.695307821000029 ], [ -90.69968425199994, 14.695043216000045 ], [ -90.700230627999986, 14.694887134000055 ], [ -90.700980836999975, 14.694877631000054 ], [ -90.70157898299999, 14.694874525000046 ], [ -90.702142287999948, 14.694819119000044 ], [ -90.702857890999951, 14.694679388000054 ], [ -90.703583786999957, 14.694442630000026 ], [ -90.704700805999948, 14.694305738000025 ], [ -90.705612142999939, 14.694254899000043 ], [ -90.706212009999945, 14.694086905000063 ], [ -90.706921190999935, 14.693727997000053 ], [ -90.707765629999983, 14.693249577000074 ], [ -90.708601406999946, 14.692711211000073 ], [ -90.709627581999939, 14.691938676000063 ], [ -90.710389930999952, 14.691598350000049 ], [ -90.711113177999948, 14.691614522000066 ], [ -90.71178982899994, 14.691760113000043 ], [ -90.712367934999975, 14.692009764000034 ], [ -90.713085916999944, 14.692476508000027 ], [ -90.713724203999959, 14.692908584000065 ], [ -90.714240033999943, 14.693122604000052 ], [ -90.715151730999935, 14.693036719000077 ], [ -90.715636210999946, 14.692806577000056 ], [ -90.716747596999937, 14.692373666000037 ], [ -90.71735610199994, 14.692266715000073 ], [ -90.717899344999978, 14.692410976000076 ], [ -90.71851275399996, 14.692669995000074 ], [ -90.719090481999956, 14.692901557000027 ], [ -90.719794948999947, 14.692995448000033 ], [ -90.720437492999963, 14.693018705000043 ], [ -90.721534669999983, 14.693116450000048 ], [ -90.722024913999974, 14.693225171000051 ], [ -90.72272838899994, 14.693415040000048 ], [ -90.723511563999978, 14.693639574000031 ], [ -90.724009963999947, 14.69380145100007 ], [ -90.724728156999959, 14.694251225000073 ], [ -90.725303143999952, 14.694804624000028 ], [ -90.72576055899998, 14.695451739000077 ], [ -90.72612953, 14.696012154000073 ], [ -90.726625062999972, 14.696451833000026 ], [ -90.727434525999968, 14.696772611000029 ], [ -90.727960436999979, 14.696855694000021 ], [ -90.729004904999954, 14.696891901000072 ], [ -90.729719165999938, 14.696881954000048 ], [ -90.73049653299995, 14.696828577000076 ], [ -90.731363770999963, 14.696724122000035 ], [ -90.731927131999953, 14.696607658000062 ], [ -90.73241545799999, 14.69645431500004 ], [ -90.733097618999977, 14.696125551000023 ], [ -90.73397775899997, 14.695613496000021 ], [ -90.734583064999981, 14.69536755200005 ], [ -90.735724166999944, 14.695934364000038 ], [ -90.736885341999937, 14.696749840000052 ], [ -90.737866162999978, 14.697446092000064 ], [ -90.7388858, 14.698261308000042 ], [ -90.739404755999942, 14.698796061000053 ], [ -90.739800043999935, 14.699565655000072 ], [ -90.740274969999973, 14.700433156000031 ], [ -90.740569928999946, 14.701143042000069 ], [ -90.740863682999986, 14.701970377000066 ], [ -90.740977468999972, 14.702696569000068 ], [ -90.741047601999981, 14.703718240000057 ], [ -90.741179286999966, 14.704621924000037 ], [ -90.741396046999967, 14.705095003000054 ], [ -90.741673102999982, 14.705628526000055 ], [ -90.742031445999942, 14.706043123000029 ], [ -90.742309514999988, 14.706478397000069 ], [ -90.742624199999966, 14.707246075000057 ], [ -90.742798707999953, 14.707935588000055 ], [ -90.743071774999976, 14.708801120000032 ], [ -90.743521352999949, 14.710218395000027 ], [ -90.74391989899999, 14.710674040000072 ], [ -90.744518740999979, 14.711229895000031 ], [ -90.745297951999987, 14.711962564000032 ], [ -90.746117182999967, 14.712696750000077 ], [ -90.746676412999989, 14.713212686000077 ], [ -90.747035566999955, 14.713550487000077 ], [ -90.74739490799999, 14.713926690000051 ], [ -90.747692929999971, 14.71434182400003 ], [ -90.747988945999964, 14.714952328000038 ], [ -90.748245329999975, 14.715524045000052 ], [ -90.748439512999937, 14.716051113000049 ], [ -90.749095759999989, 14.716839048000054 ], [ -90.749465784999984, 14.717192762000025 ], [ -90.75019329, 14.717765668000027 ], [ -90.750730617999977, 14.717986608000047 ], [ -90.751584909999963, 14.718304362000026 ], [ -90.752025088999972, 14.718550332000063 ], [ -90.752781137999989, 14.719056873000056 ], [ -90.753836796999963, 14.71999549800006 ], [ -90.755098774999965, 14.721071651000045 ], [ -90.755908035999937, 14.721766182000067 ], [ -90.756291726999962, 14.722147127000028 ], [ -90.75670020299998, 14.722771138000041 ], [ -90.757027822999987, 14.723245281000061 ], [ -90.757769819999965, 14.723709884000073 ], [ -90.758264328999985, 14.724091900000076 ], [ -90.758536938999953, 14.724498875000052 ], [ -90.758973393999952, 14.724997788000053 ], [ -90.760137044999965, 14.726332733000049 ], [ -90.760820506999949, 14.727133331000061 ], [ -90.761134480999942, 14.727581361000034 ], [ -90.76158365799995, 14.728313056000047 ], [ -90.761883030999968, 14.728827581000075 ], [ -90.762195887999951, 14.729328681000027 ], [ -90.762491274999945, 14.730233947000045 ], [ -90.762609256999951, 14.730840461000071 ], [ -90.762587905999965, 14.731908689000022 ], [ -90.762411110999949, 14.732629813000074 ], [ -90.762057749999897, 14.73336729600004 ], [ -90.761761361999959, 14.733923496000045 ], [ -90.760893513999974, 14.734924801000034 ], [ -90.760026172999972, 14.735818814000027 ], [ -90.759411340999975, 14.73641936000007 ], [ -90.75890661699998, 14.737033393000047 ], [ -90.758416380999961, 14.737648696000065 ], [ -90.757996411999954, 14.738088489000063 ], [ -90.757577562999984, 14.738475208000068 ], [ -90.756839080999953, 14.738966122000022 ], [ -90.756171293999955, 14.739296211000067 ], [ -90.755627278999953, 14.739722371000028 ], [ -90.755147898999951, 14.740579464000064 ], [ -90.755045782999957, 14.741144312000074 ], [ -90.754565991999982, 14.74204093000003 ], [ -90.754117482999959, 14.742602414000032 ], [ -90.753725055999951, 14.743070697000064 ], [ -90.753150419999898, 14.743765353000072 ], [ -90.752715980999938, 14.74431228800006 ], [ -90.752393287999951, 14.744713482000066 ], [ -90.75209874899997, 14.745142056000077 ], [ -90.751718035999943, 14.745825038000078 ], [ -90.751392438999972, 14.746508557000027 ], [ -90.750927506999972, 14.747311568000043 ], [ -90.750482226999964, 14.747613304000026 ], [ -90.74938892299997, 14.748012641000059 ], [ -90.748737357999971, 14.748228790000041 ], [ -90.748119573999986, 14.748432844000035 ], [ -90.74731994299998, 14.748657713000057 ], [ -90.746575557999961, 14.748983633000023 ], [ -90.746048410999947, 14.749289081000029 ], [ -90.745532519999983, 14.74957205100003 ], [ -90.744847750999952, 14.749687347000076 ], [ -90.744255100999965, 14.74970415100006 ], [ -90.743582842999956, 14.74967500200006 ], [ -90.743027095999935, 14.749039366000034 ], [ -90.742397168999958, 14.749238766000076 ], [ -90.742386568999962, 14.750266426000053 ], [ -90.742479945999946, 14.751002583000059 ], [ -90.742623235999986, 14.751738099000022 ], [ -90.74236031199996, 14.752811856000051 ], [ -90.741799266999976, 14.753589056000067 ], [ -90.741032815999972, 14.754757278000056 ], [ -90.740765831999965, 14.756222898000033 ], [ -90.740000391999956, 14.757291738000049 ], [ -90.739492327999983, 14.757825494000031 ], [ -90.737500653999973, 14.759457188000056 ], [ -90.736952656999961, 14.759699160000025 ], [ -90.736218417999964, 14.759937045000072 ], [ -90.735688933999938, 14.76007190100006 ], [ -90.735195426999951, 14.760207110000067 ], [ -90.73425642699999, 14.76054801500004 ], [ -90.733677330999967, 14.760822426000061 ], [ -90.733037827999965, 14.761213701000031 ], [ -90.73243348599999, 14.761627906000058 ], [ -90.73197281099999, 14.762066106000077 ], [ -90.731546862999949, 14.762680836000072 ], [ -90.731191677999959, 14.763354986000024 ], [ -90.730803762999983, 14.763771314000053 ], [ -90.73019807299994, 14.764314248000062 ], [ -90.728480348999938, 14.765651508000076 ], [ -90.726833216999978, 14.767118199000038 ], [ -90.725490173999958, 14.768249049000076 ], [ -90.723990920999938, 14.769332047000034 ], [ -90.722648857999957, 14.770310419000054 ], [ -90.721958838999967, 14.770922519000067 ], [ -90.721459944999935, 14.771571514000073 ], [ -90.721239582999942, 14.772000767000065 ], [ -90.720920207999939, 14.772686543000077 ], [ -90.720695814999942, 14.773502008000037 ], [ -90.720523115999981, 14.773979165000071 ], [ -90.720254220999948, 14.774442947000068 ], [ -90.719659929999978, 14.775055981000037 ], [ -90.718983933999937, 14.775434424000025 ], [ -90.718215595999936, 14.775485556000035 ], [ -90.717447872999969, 14.775477963000071 ], [ -90.716595522999967, 14.775515836000068 ], [ -90.715763294999988, 14.775905145000024 ], [ -90.715101306999941, 14.776108657000066 ], [ -90.713301826999952, 14.776090832000023 ], [ -90.712041416999966, 14.776135938000039 ], [ -90.711176962999957, 14.776221104000058 ], [ -90.71058802899995, 14.776320294000072 ], [ -90.709733099999937, 14.776604322000026 ], [ -90.709031706999951, 14.777133817000049 ], [ -90.70851154099995, 14.777537488000064 ], [ -90.708051022999939, 14.777953044000071 ], [ -90.707589366999969, 14.778532351000024 ], [ -90.707260998999971, 14.780069566000066 ], [ -90.70713376499998, 14.780745930000023 ], [ -90.706993085999954, 14.781597215000033 ], [ -90.706791696999971, 14.782481780000069 ], [ -90.706579920999957, 14.783249912000031 ], [ -90.706330717999947, 14.784100119000072 ], [ -90.706047467999952, 14.784821234000049 ], [ -90.705766208999989, 14.785297294000031 ], [ -90.705146714999955, 14.786037652000061 ], [ -90.704877388999989, 14.786537546000034 ], [ -90.704773078999949, 14.787295452000023 ], [ -90.704631289999952, 14.788250626000035 ], [ -90.70431412399995, 14.788773759000037 ], [ -90.703829173999964, 14.789246658000025 ], [ -90.703141279999954, 14.789591044000076 ], [ -90.702636954999946, 14.78964361900006 ], [ -90.701772605999963, 14.789658720000034 ], [ -90.699902298999973, 14.789523745000054 ], [ -90.698595706999981, 14.789428262000058 ], [ -90.697335702999965, 14.789428104000024 ], [ -90.696711621999953, 14.789444457000059 ], [ -90.696181804999981, 14.789602923000075 ], [ -90.69573539199996, 14.789832243000035 ], [ -90.695058456999959, 14.790291908000029 ], [ -90.69462312099995, 14.790626368000062 ], [ -90.694054609999966, 14.791040809000037 ], [ -90.693604124999979, 14.791655200000037 ], [ -90.693295336999938, 14.792481068000029 ], [ -90.693229893999955, 14.793016865000027 ], [ -90.693212512999935, 14.793507968000029 ], [ -90.69313525299998, 14.794008637000047 ], [ -90.693019538999977, 14.794742700000029 ], [ -90.692844775999959, 14.795407280000063 ], [ -90.692631004999953, 14.796302990000072 ], [ -90.692274735999945, 14.79711708800005 ], [ -90.691740569999979, 14.797684328000059 ], [ -90.691065572999946, 14.797957651000047 ], [ -90.690199566999979, 14.798181621000026 ], [ -90.689729458999977, 14.798399394000057 ], [ -90.689102002999959, 14.79873191400003 ], [ -90.688472613999977, 14.799192030000029 ], [ -90.688117807999959, 14.799866093000048 ], [ -90.687354139999968, 14.801768189000029 ], [ -90.687156220999952, 14.802260865000051 ], [ -90.686892332999946, 14.803390971000056 ], [ -90.686849547999941, 14.804032022000058 ], [ -90.68695116799995, 14.804629348000049 ], [ -90.687461161999977, 14.805194636000067 ], [ -90.688211176999971, 14.805786047000026 ], [ -90.688663297999938, 14.806116972000041 ], [ -90.68921125899999, 14.80649629100003 ], [ -90.689627980999944, 14.806826857000033 ], [ -90.690020568999955, 14.807134597000072 ], [ -90.690684339999962, 14.807923905000052 ], [ -90.690700226999979, 14.808670577000044 ], [ -90.691181742999959, 14.809679416000051 ], [ -90.691684260999978, 14.809801908000054 ], [ -90.692543495999985, 14.81027694900007 ], [ -90.692970594999963, 14.810725072000025 ], [ -90.693492554999978, 14.811314185000072 ], [ -90.694002583999975, 14.811879461000046 ], [ -90.694593342999951, 14.812714336000056 ], [ -90.694671321999976, 14.813299002000065 ], [ -90.694665884999949, 14.813812813000027 ], [ -90.694484302999967, 14.814516851000064 ], [ -90.694407148999971, 14.815006225000047 ], [ -90.694411555999977, 14.81574149000005 ], [ -90.694660628999941, 14.81661359900005 ], [ -90.695078884999987, 14.817295412000021 ], [ -90.694828222999945, 14.817725451000058 ], [ -90.694334660999971, 14.818345050000062 ], [ -90.694109326999978, 14.819068977000029 ], [ -90.6937488, 14.81984237100005 ], [ -90.693192052999962, 14.820562976000076 ], [ -90.69259587, 14.821060697000064 ], [ -90.69218705899999, 14.821459782000034 ], [ -90.691908235999961, 14.822354834000066 ], [ -90.692233070999976, 14.823033455000029 ], [ -90.692517660999954, 14.823565983000037 ], [ -90.692539028999988, 14.82445275300006 ], [ -90.692677178999986, 14.825110302000041 ], [ -90.692857775999983, 14.825706162000074 ], [ -90.693109687999936, 14.826364851000051 ], [ -90.693236972999955, 14.82706181900005 ], [ -90.693342878999943, 14.827859087000036 ], [ -90.693696517999967, 14.828669003000073 ], [ -90.694043958999941, 14.829187479000041 ], [ -90.694536465999988, 14.829656586000056 ], [ -90.695015870999953, 14.830376284000067 ], [ -90.69483134699999, 14.831136758000071 ], [ -90.694192858999941, 14.831734570000037 ], [ -90.693802146999985, 14.832395852000047 ], [ -90.694013501999962, 14.83299314900006 ], [ -90.694256416999963, 14.833570434000023 ], [ -90.694072699999936, 14.834254118000047 ], [ -90.693436222999935, 14.834661084000061 ], [ -90.69285171599995, 14.835039204000054 ], [ -90.692566709999937, 14.835529879000035 ], [ -90.692478459999961, 14.836023656000066 ], [ -90.692275281999969, 14.83662582900007 ], [ -90.691629411999941, 14.83693217800004 ], [ -90.690924695999968, 14.836930749000032 ], [ -90.690322072999948, 14.83704553900003 ], [ -90.689685797999971, 14.837432163000074 ], [ -90.689247357999989, 14.837720263000051 ], [ -90.688537618999987, 14.838136639000027 ], [ -90.687800910999954, 14.83825007300004 ], [ -90.687219819999939, 14.838305212000023 ], [ -90.686242572999959, 14.83854722500007 ], [ -90.68575311799998, 14.83877381700006 ], [ -90.685201717999973, 14.838929765000046 ], [ -90.684591049999938, 14.838872794000054 ], [ -90.683772786999953, 14.83879452900004 ], [ -90.683046268999988, 14.838877557000046 ], [ -90.682525994999935, 14.839054139000041 ], [ -90.682076823999978, 14.839422299000034 ], [ -90.681603053999936, 14.840082713000072 ], [ -90.68135867699999, 14.840625729000067 ], [ -90.681156965999946, 14.841086733000054 ], [ -90.680860936999977, 14.841628098000058 ], [ -90.680358430999945, 14.842097358000046 ], [ -90.679680862999987, 14.842433841000059 ], [ -90.679024951999963, 14.842699393000032 ], [ -90.678398546999972, 14.843136904000062 ], [ -90.678009921999944, 14.843596013000024 ], [ -90.677756639999984, 14.844047457000045 ], [ -90.677522378999981, 14.844619932000057 ], [ -90.677150111999936, 14.845503842000028 ], [ -90.676435631999937, 14.846413657000028 ], [ -90.675635445999944, 14.846597554000027 ], [ -90.674765710999964, 14.846716369000035 ], [ -90.673796642999946, 14.846840953000026 ], [ -90.673088634999942, 14.846873312000071 ], [ -90.672217338999985, 14.846975162000035 ], [ -90.671704524999939, 14.847049021000032 ], [ -90.670848633999981, 14.847230076000073 ], [ -90.670128844999965, 14.847603370000058 ], [ -90.669126335999977, 14.847814552000045 ], [ -90.66818537499995, 14.847591558000033 ], [ -90.667757070999983, 14.847309389000031 ], [ -90.666916004999962, 14.846866051000063 ], [ -90.666202748999979, 14.846684886000048 ], [ -90.665260011999976, 14.846627876000071 ], [ -90.664441805999957, 14.846327058000043 ], [ -90.66378647199997, 14.845996274000072 ], [ -90.663344077999966, 14.846323803000075 ], [ -90.663115115999972, 14.847156061000021 ], [ -90.662988205999966, 14.847621190000041 ], [ -90.662785252999981, 14.84835546100004 ], [ -90.662717827999984, 14.849335046000022 ], [ -90.662661236999952, 14.850062899000022 ], [ -90.662378401999945, 14.850613401000032 ], [ -90.661795633999986, 14.851145037000038 ], [ -90.661519242999987, 14.851905661000046 ], [ -90.661619275999954, 14.852428436000025 ], [ -90.662002535999989, 14.853065900000047 ], [ -90.662701375999973, 14.853887274000044 ], [ -90.663166248999971, 14.854493945000058 ], [ -90.663166893999971, 14.855189630000041 ], [ -90.663021596999954, 14.855852206000066 ], [ -90.662799743999983, 14.856831349000061 ], [ -90.662711585999944, 14.857470792000072 ], [ -90.66250436699994, 14.858600285000023 ], [ -90.662308344999985, 14.859444169000028 ], [ -90.662008973999946, 14.860019346000058 ], [ -90.661240464999935, 14.860383070000069 ], [ -90.66063745699995, 14.860527129000047 ], [ -90.660131729999989, 14.860640556000021 ], [ -90.659324371999958, 14.860837865000065 ], [ -90.658615302999976, 14.860965026000031 ], [ -90.657776438999974, 14.861122482000042 ], [ -90.657269762999988, 14.861323981000055 ], [ -90.656189178999966, 14.861984907000021 ], [ -90.655607914999962, 14.862318905000052 ], [ -90.655011165999952, 14.862581592000026 ], [ -90.654204294999943, 14.86278679000003 ], [ -90.653634996999983, 14.862765162000073 ], [ -90.65305740499997, 14.86275925700005 ], [ -90.652448309999954, 14.862713499000051 ], [ -90.651676954999971, 14.862587029000053 ], [ -90.65080028899996, 14.862427856000068 ], [ -90.650046046999989, 14.862222502000066 ], [ -90.649543136999966, 14.862075056000037 ], [ -90.648991706999936, 14.86195873500003 ], [ -90.648057133999941, 14.861893823000059 ], [ -90.647348743999942, 14.861957712000049 ], [ -90.646696557999974, 14.86208541700006 ], [ -90.645837340999947, 14.86256673500003 ], [ -90.644474564999939, 14.86376339900005 ], [ -90.643800628999941, 14.864396813000042 ], [ -90.643291615999942, 14.86481169800004 ], [ -90.642743076999977, 14.865177613000071 ], [ -90.64230080599998, 14.865433947000042 ], [ -90.641647643999988, 14.865703919000055 ], [ -90.640897233999965, 14.865893841000059 ], [ -90.640358982999942, 14.866006886000037 ], [ -90.639568965999956, 14.866101529000048 ], [ -90.639024114999984, 14.86612754600003 ], [ -90.637860708999938, 14.866123479000066 ], [ -90.636885322999944, 14.866073909000022 ], [ -90.636315918999969, 14.86611547800004 ], [ -90.63568713799998, 14.866331477000074 ], [ -90.635292997999954, 14.866698963000033 ], [ -90.634879780999938, 14.867271790000075 ], [ -90.634541402999957, 14.867742619000069 ], [ -90.634006005999936, 14.868339027000047 ], [ -90.633283265999978, 14.868971901000066 ], [ -90.632681276999961, 14.869604887000037 ], [ -90.632165233999956, 14.870076137000069 ], [ -90.631372530999954, 14.870415785000034 ], [ -90.630541949999952, 14.870502070000043 ], [ -90.62980177899999, 14.870549763000042 ], [ -90.629215529999954, 14.87059113600003 ], [ -90.628710204999948, 14.870664966000049 ], [ -90.627853601999959, 14.87090117200006 ], [ -90.627184672999988, 14.87112350700005 ], [ -90.626407942999947, 14.871488147000036 ], [ -90.625825974999941, 14.871880774000033 ], [ -90.625233568999988, 14.872484473000043 ], [ -90.624887297999976, 14.872931485000038 ], [ -90.624285992999944, 14.873605109000039 ], [ -90.623931750999986, 14.874037353000062 ], [ -90.623615816999973, 14.874682309000036 ], [ -90.623362154999938, 14.875525540000069 ], [ -90.623159430999976, 14.876223612000047 ], [ -90.622728916999961, 14.876939654000068 ], [ -90.622033876999978, 14.877264466000042 ], [ -90.621293278999985, 14.877296313000045 ], [ -90.620577841999989, 14.87725726900004 ], [ -90.619936479999978, 14.877187372000037 ], [ -90.619194839999977, 14.877049802000045 ], [ -90.618558683999936, 14.876558723000073 ], [ -90.618097241999976, 14.876389049000068 ], [ -90.617273528999988, 14.876270949000059 ], [ -90.616742950999935, 14.876211229000035 ], [ -90.61605425099998, 14.876170192000075 ], [ -90.615546051999956, 14.876187496000057 ], [ -90.614550063999957, 14.876319432000059 ], [ -90.613551401999985, 14.876694134000047 ], [ -90.611833625999964, 14.877786363000041 ], [ -90.611024695999959, 14.878382116000068 ], [ -90.610284775999958, 14.878879205000032 ], [ -90.609659156999953, 14.879225028000064 ], [ -90.60911307799995, 14.87957054900005 ], [ -90.608466003999979, 14.879860808000046 ], [ -90.607706212999972, 14.880105846000049 ], [ -90.606915177999952, 14.88013034100004 ], [ -90.605744688999948, 14.879711572000076 ], [ -90.604655948999948, 14.879040688000032 ], [ -90.603154460999974, 14.877893437000068 ], [ -90.601440976999982, 14.87654520500007 ], [ -90.600991542999964, 14.876288670000065 ], [ -90.600383799999975, 14.876067745000057 ], [ -90.599697771999956, 14.875786145000063 ], [ -90.599224957999979, 14.875649069000076 ], [ -90.598471389999986, 14.875332879000041 ], [ -90.597933447999935, 14.874943286000075 ], [ -90.597518555999955, 14.874609184000064 ], [ -90.596826008999983, 14.873920963000046 ], [ -90.596144385999935, 14.873243018000039 ], [ -90.59565250299994, 14.872731939000062 ], [ -90.595058877999975, 14.872286419000034 ], [ -90.594260888999941, 14.871894090000069 ], [ -90.592716582999969, 14.871580884000025 ], [ -90.591971626999964, 14.871484980000048 ], [ -90.591135841999971, 14.871464914000057 ], [ -90.59031007499999, 14.871588367000072 ], [ -90.58988726199999, 14.871969015000047 ], [ -90.589730639999971, 14.872845960000063 ], [ -90.589769808999961, 14.873396336000042 ], [ -90.589716966999958, 14.874076744000035 ], [ -90.589337936999982, 14.874644181000065 ], [ -90.58882466099999, 14.875066787000037 ], [ -90.588177585999972, 14.875356987000032 ], [ -90.587468213999955, 14.875140607000048 ], [ -90.586885140999982, 14.874739222000073 ], [ -90.585160427999938, 14.873369311000033 ], [ -90.583209676999957, 14.872019593000061 ], [ -90.581432069999948, 14.870555370000034 ], [ -90.580902945999981, 14.870160187000067 ], [ -90.580283939999958, 14.869911994000063 ], [ -90.579674228999977, 14.869871684000032 ], [ -90.578973788999974, 14.869898171000045 ], [ -90.578223090999984, 14.870318247000057 ], [ -90.57775434499996, 14.870807924000076 ], [ -90.577307868999981, 14.871330583000031 ], [ -90.576400860999968, 14.871606713000062 ], [ -90.575553563999961, 14.871630507000077 ], [ -90.573982, 14.871734725000067 ], [ -90.57288419799994, 14.871887989000072 ], [ -90.571331212999951, 14.872354883000071 ], [ -90.570489799999962, 14.872786391000034 ], [ -90.569582671999967, 14.873435150000034 ] ] ] ] } },
{ "type": "Feature", "properties": { "Codigo": 912, "datos_finales_color_riesgo": "620D00" }, "geometry": { "type": "MultiPolygon", "coordinates": [ [ [ [ -91.596563277999962, 14.82711021700004 ], [ -91.593777657999965, 14.826002883000058 ], [ -91.593316166999955, 14.825343607000036 ], [ -91.589180058999943, 14.823481117000028 ], [ -91.587592930999961, 14.822496306000062 ], [ -91.58598779099998, 14.821425502000068 ], [ -91.584816125999964, 14.819959639000047 ], [ -91.583175270999959, 14.81751016000004 ], [ -91.582736671999953, 14.811551919000067 ], [ -91.584310486999982, 14.805807167000069 ], [ -91.586168683999972, 14.802757755000073 ], [ -91.587340463999965, 14.799621635000051 ], [ -91.588362279999956, 14.791835157000037 ], [ -91.588083496999957, 14.788255142000025 ], [ -91.591218621999985, 14.784970555000029 ], [ -91.594050178999964, 14.78201738100006 ], [ -91.597996653999985, 14.778667574000053 ], [ -91.604514159999951, 14.767093013000022 ], [ -91.607779499999936, 14.763420259000043 ], [ -91.609359690999952, 14.76225243500005 ], [ -91.611454220999974, 14.760905779000041 ], [ -91.613037126999984, 14.760678012000028 ], [ -91.615273180999964, 14.760355846000039 ], [ -91.617311927999936, 14.760478784000043 ], [ -91.621345952999945, 14.762097165000057 ], [ -91.624982889999956, 14.762705254000025 ], [ -91.628017384999964, 14.762453248000043 ], [ -91.630350274999955, 14.761131556000066 ], [ -91.638649893999968, 14.757154781000054 ], [ -91.640768554999966, 14.755628329000047 ], [ -91.643014402999938, 14.753715046000025 ], [ -91.643973713999969, 14.752177233000054 ], [ -91.64482222099997, 14.750342728000078 ], [ -91.644948498999952, 14.74607244200007 ], [ -91.644804484999952, 14.744671649000054 ], [ -91.64493216599999, 14.743645318000063 ], [ -91.645424626999954, 14.74314765400004 ], [ -91.646076566999966, 14.742864477000069 ], [ -91.647215461999963, 14.742691485000023 ], [ -91.648574187999941, 14.742831627000044 ], [ -91.652321732999951, 14.744772070000067 ], [ -91.653838622999956, 14.74543963900004 ], [ -91.65532815399996, 14.745836990000043 ], [ -91.656881616999954, 14.745749975000024 ], [ -91.658797837999941, 14.745011968000028 ], [ -91.662400713999943, 14.742621609000025 ], [ -91.663569348999943, 14.74223515500006 ], [ -91.66483494199997, 14.742132862000062 ], [ -91.665534434999984, 14.741758379000032 ], [ -91.666233830999943, 14.741113843000051 ], [ -91.66689347099998, 14.740514272000041 ], [ -91.667140942999936, 14.739818543000069 ], [ -91.667051726999944, 14.721645656000021 ], [ -91.667546259999938, 14.714289376000067 ], [ -91.669533384999966, 14.714251078000075 ], [ -91.670076759999972, 14.714239507000059 ], [ -91.672251352999979, 14.716603331000044 ], [ -91.673358941999936, 14.719376841000042 ], [ -91.672955137999963, 14.722606086000042 ], [ -91.671549408999965, 14.727559480000025 ], [ -91.671316049999973, 14.730529815000068 ], [ -91.669488648999959, 14.733494377000056 ], [ -91.669513300999938, 14.736223258000052 ], [ -91.671027876999972, 14.738804773000027 ], [ -91.675065200999938, 14.742100160000064 ], [ -91.680540389999976, 14.747846572000071 ], [ -91.685844479999957, 14.74935696700004 ], [ -91.68884030199996, 14.748841782000056 ], [ -91.691020811999977, 14.747390892000055 ], [ -91.691920086999971, 14.746903334000024 ], [ -91.69484883299998, 14.742244265000068 ], [ -91.69629779, 14.739228763000028 ], [ -91.697905582999965, 14.733898928000031 ], [ -91.700243259999979, 14.731654477000063 ], [ -91.705950065999957, 14.730697767000038 ], [ -91.710564425999962, 14.731697514000075 ], [ -91.713982636999958, 14.733745884000029 ], [ -91.716607235999959, 14.736902792000024 ], [ -91.719544354999982, 14.738251252000055 ], [ -91.724324884999987, 14.738869744000056 ], [ -91.725979797999969, 14.739899193000042 ], [ -91.726130196999975, 14.740990408000073 ], [ -91.724713036999958, 14.742598405000024 ], [ -91.724557827999945, 14.74333200600006 ], [ -91.72202750799994, 14.745774513000072 ], [ -91.72058347899997, 14.746604938000075 ], [ -91.718297444999962, 14.749551568000072 ], [ -91.717881171999977, 14.753320968000025 ], [ -91.718159954999976, 14.755978980000066 ], [ -91.718275928999958, 14.758084681000071 ], [ -91.716875240999968, 14.759131131000061 ], [ -91.715494289999981, 14.759186735000071 ], [ -91.714590817999976, 14.759794132000025 ], [ -91.713861402999953, 14.762001343000065 ], [ -91.713746667999942, 14.765518168000028 ], [ -91.715621742999986, 14.774260680000054 ], [ -91.716247923999958, 14.779552222000063 ], [ -91.716543064999939, 14.781004691000078 ], [ -91.718424331999984, 14.782985738000036 ], [ -91.723908354999935, 14.783812733000048 ], [ -91.72685764199997, 14.784979295000028 ], [ -91.729410475999941, 14.786527815000056 ], [ -91.731026405999955, 14.788733296000032 ], [ -91.731452011999977, 14.791135613000051 ], [ -91.731255527999963, 14.793570664000072 ], [ -91.729338625999958, 14.796179288000076 ], [ -91.728447745999972, 14.800583361000065 ], [ -91.726819578999937, 14.803053438000063 ], [ -91.725114751999968, 14.809491382000033 ], [ -91.72512216199999, 14.812196468000025 ], [ -91.724597162999942, 14.812994680000031 ], [ -91.722593402999962, 14.823340476000055 ], [ -91.722880252999971, 14.82919055900004 ], [ -91.72287331299998, 14.830373552000026 ], [ -91.723313728999983, 14.832718330000034 ], [ -91.723714811999969, 14.834045958000047 ], [ -91.724477388999958, 14.835729256000036 ], [ -91.725377685999945, 14.837104845000056 ], [ -91.7261915, 14.837678837000055 ], [ -91.72516303399999, 14.838848260000077 ], [ -91.722188119999942, 14.840344715000072 ], [ -91.719938225999954, 14.842396570000062 ], [ -91.718768858999965, 14.842924508000067 ], [ -91.717092522999963, 14.84294679900006 ], [ -91.714334230999953, 14.84177548200006 ], [ -91.710771439999974, 14.842291112000055 ], [ -91.708249032999959, 14.843363934000024 ], [ -91.705799683999942, 14.845039385000064 ], [ -91.702065826999956, 14.846082711000065 ], [ -91.696110131999944, 14.84899920600003 ], [ -91.690286385999968, 14.853319632000023 ], [ -91.688902918999986, 14.85388686500005 ], [ -91.687575289999984, 14.854439721000062 ], [ -91.685099992999938, 14.854214272000036 ], [ -91.677900054999952, 14.850296248000063 ], [ -91.675495642999977, 14.849601070000062 ], [ -91.672159444999977, 14.849790847000065 ], [ -91.666449734999958, 14.850882035000041 ], [ -91.661960724999972, 14.851806185000044 ], [ -91.658057922999944, 14.853828538000073 ], [ -91.654724757999986, 14.853893786000071 ], [ -91.653022987999975, 14.854637455000045 ], [ -91.651577768999971, 14.851849435000076 ], [ -91.649987723999971, 14.850315871000078 ], [ -91.649263131999987, 14.848404353000035 ], [ -91.646998237999981, 14.845656688000076 ], [ -91.645198714999935, 14.842240593000042 ], [ -91.64523639, 14.841413733000024 ], [ -91.643950019999977, 14.839724869000065 ], [ -91.643530454999961, 14.838738259000024 ], [ -91.640573957999948, 14.836281364000058 ], [ -91.638305625999976, 14.835234094000043 ], [ -91.633122293999975, 14.834397740000043 ], [ -91.631236222999974, 14.833248724000043 ], [ -91.62884663799997, 14.828598567000029 ], [ -91.627499874999955, 14.823807725000052 ], [ -91.625093713999945, 14.821534721000035 ], [ -91.623825377999935, 14.820987058000071 ], [ -91.619402805999982, 14.821314230000041 ], [ -91.615623122999978, 14.822824780000076 ], [ -91.612937197999941, 14.823379200000034 ], [ -91.609731541999963, 14.825201564000054 ], [ -91.604776511999944, 14.82677261300006 ], [ -91.599814210999966, 14.827478023000026 ], [ -91.596563277999962, 14.82711021700004 ] ] ] ] } },
{ "type": "Feature", "properties": { "Codigo": 1201, "datos_finales_color_riesgo": "620D00" }, "geometry": { "type": "MultiPolygon", "coordinates": [ [ [ [ -91.813045430999978, 15.078712430000053 ], [ -91.813340881999977, 15.076498174000051 ], [ -91.813026940999976, 15.073869431000048 ], [ -91.813298630999952, 15.072582727000054 ], [ -91.812970574999952, 15.072080449000055 ], [ -91.813097421999942, 15.070176042000071 ], [ -91.811921469999959, 15.068446731000051 ], [ -91.810327495999957, 15.067553638000049 ], [ -91.808279227999947, 15.067116898000052 ], [ -91.80666781299999, 15.065602223000042 ], [ -91.806008647999988, 15.062338897000075 ], [ -91.806033749999983, 15.057730029000027 ], [ -91.805639380999935, 15.057344904000047 ], [ -91.805450319999977, 15.054443368000022 ], [ -91.804662759999985, 15.053673128000071 ], [ -91.80448178499995, 15.052659754000047 ], [ -91.803203007999969, 15.051673362000031 ], [ -91.801515575999986, 15.050991020000026 ], [ -91.797512357999949, 15.050544997000031 ], [ -91.795114690999981, 15.049623819000033 ], [ -91.79361967599999, 15.048436232000029 ], [ -91.79295547299995, 15.046625945000073 ], [ -91.792465108999977, 15.045951029000037 ], [ -91.792451623999966, 15.045145317000049 ], [ -91.791587000999982, 15.043930561000025 ], [ -91.790786729999979, 15.039861943000062 ], [ -91.792930626999976, 15.036473382000054 ], [ -91.793147658999942, 15.034371732000068 ], [ -91.79182835499995, 15.032041584000069 ], [ -91.790276522999989, 15.031057068000052 ], [ -91.789222807999977, 15.027923809000072 ], [ -91.78892192699999, 15.021489507000069 ], [ -91.793345082999963, 15.018791011000076 ], [ -91.795781622999982, 15.018315792000067 ], [ -91.796082103999936, 15.017909475000067 ], [ -91.80040464199999, 15.01675491900005 ], [ -91.80613155399999, 15.013816699000074 ], [ -91.806986802999972, 15.013469774000043 ], [ -91.81485128199995, 15.008562858000062 ], [ -91.815810041999953, 15.006935081000051 ], [ -91.81581684799994, 15.004220996000072 ], [ -91.816260127999954, 15.00172612700004 ], [ -91.816379519999941, 15.000732398000025 ], [ -91.81649803199997, 14.999792901000035 ], [ -91.8166044, 14.999053341000035 ], [ -91.816779106999945, 14.998358203000066 ], [ -91.817034134999972, 14.997431844000062 ], [ -91.817188198999986, 14.996262022000053 ], [ -91.817191477999984, 14.995665429000042 ], [ -91.816846366999982, 14.994370981000031 ], [ -91.816072400999985, 14.99253193100003 ], [ -91.815397658999984, 14.991147632000036 ], [ -91.813726300999974, 14.989205602000027 ], [ -91.812099798999952, 14.987145152000039 ], [ -91.810869983999964, 14.985666423000055 ], [ -91.808916951999947, 14.983281088000069 ], [ -91.806758719999948, 14.981015567000043 ], [ -91.804837432999989, 14.979104942000049 ], [ -91.803899360999935, 14.97806386600007 ], [ -91.802203343999963, 14.976517115000036 ], [ -91.800302214999988, 14.975070966000033 ], [ -91.798537903999943, 14.973482024000077 ], [ -91.796615274999965, 14.971836868000025 ], [ -91.795710218999943, 14.971036613000024 ], [ -91.795078371999978, 14.97022650100007 ], [ -91.79326098599995, 14.968062104000069 ], [ -91.791701400999955, 14.965841430000069 ], [ -91.790837579999959, 14.964224434000073 ], [ -91.790494506999948, 14.963119798000037 ], [ -91.788944824999987, 14.959249453000041 ], [ -91.786576452999952, 14.953508099000032 ], [ -91.783943956999963, 14.944436524000025 ], [ -91.783097251999948, 14.943517897000049 ], [ -91.782269425999971, 14.943066031000058 ], [ -91.781173219999971, 14.942805952000072 ], [ -91.779216155999961, 14.942902848000074 ], [ -91.77602329399997, 14.942662041000062 ], [ -91.774246352999967, 14.942044612000075 ], [ -91.773724159999972, 14.941600007000034 ], [ -91.773508582999966, 14.940985296000065 ], [ -91.773820953999973, 14.939903367000056 ], [ -91.774153059999946, 14.939131142000065 ], [ -91.774700479999979, 14.938815436000027 ], [ -91.775487271999964, 14.938607226000045 ], [ -91.776022443999977, 14.938196536000078 ], [ -91.776299402999939, 14.937721187000022 ], [ -91.776368248999972, 14.93715884900007 ], [ -91.776438789999986, 14.936194262000072 ], [ -91.776317803999973, 14.935497574000067 ], [ -91.774944176999952, 14.934265367000023 ], [ -91.77381421299998, 14.933410730000048 ], [ -91.772895829999982, 14.932339145000071 ], [ -91.77253656399995, 14.931653606000054 ], [ -91.772477210999966, 14.930645387000027 ], [ -91.772410531999981, 14.927038280000033 ], [ -91.771634626999969, 14.925336952000066 ], [ -91.770942272999946, 14.924272226000028 ], [ -91.770024449999937, 14.922497816000032 ], [ -91.771799949999945, 14.922315265000066 ], [ -91.773010469999974, 14.92124945300003 ], [ -91.774213200999952, 14.920530481000071 ], [ -91.775288302999968, 14.919775791000063 ], [ -91.776372389999949, 14.919382723000069 ], [ -91.778432535999968, 14.919410679000066 ], [ -91.780816007999988, 14.919081018000043 ], [ -91.783855020999965, 14.917586460000052 ], [ -91.785042246999978, 14.916825538000069 ], [ -91.788009467999984, 14.915897770000072 ], [ -91.79165291399994, 14.915083135000032 ], [ -91.79255782599995, 14.914096951000033 ], [ -91.79324110899995, 14.912948011000026 ], [ -91.793825468999955, 14.910886686000026 ], [ -91.794475443999943, 14.909247169000025 ], [ -91.795036441999969, 14.907829783000068 ], [ -91.796143386999972, 14.906339557000024 ], [ -91.797191287999965, 14.904912293000052 ], [ -91.79883721799996, 14.903970647000051 ], [ -91.801666988999955, 14.905793383000059 ], [ -91.805188482999938, 14.910406152000064 ], [ -91.808904316999985, 14.913094453000042 ], [ -91.81232724399996, 14.916977796000026 ], [ -91.809972653999978, 14.919354276000035 ], [ -91.80901877299999, 14.920484911000074 ], [ -91.807917571999951, 14.922304042000064 ], [ -91.806991478999976, 14.924081143000024 ], [ -91.805630306999944, 14.925516981000044 ], [ -91.803690763999953, 14.928985949000037 ], [ -91.801816968999958, 14.933266539000044 ], [ -91.801777775999938, 14.936248258000035 ], [ -91.802426340999943, 14.939168041000073 ], [ -91.804222949999939, 14.94170400400003 ], [ -91.805881041999953, 14.94334092500003 ], [ -91.808574469999897, 14.945646515000021 ], [ -91.813455530999988, 14.949379273000034 ], [ -91.816818116999968, 14.950493897000058 ], [ -91.818843647999984, 14.951385741000024 ], [ -91.820582778999949, 14.952583435000065 ], [ -91.824541913999951, 14.95493719600006 ], [ -91.826543768999954, 14.95613620000006 ], [ -91.827630830999965, 14.95682088600006 ], [ -91.82906681299994, 14.957676848000062 ], [ -91.830564119999963, 14.95847887900004 ], [ -91.835247166999977, 14.961018097000021 ], [ -91.839210055999956, 14.96273547800007 ], [ -91.840951678999943, 14.96350817900003 ], [ -91.847890165999956, 14.963925237000069 ], [ -91.850658832999954, 14.962608106000062 ], [ -91.853274527999986, 14.960981691000029 ], [ -91.855289771999935, 14.959591784000054 ], [ -91.859574644999952, 14.958255017000056 ], [ -91.866229546999989, 14.954448542000023 ], [ -91.870043460999966, 14.951241394000022 ], [ -91.872412628999939, 14.948919720000049 ], [ -91.873815160999982, 14.947192138000048 ], [ -91.874917136999954, 14.945707139000035 ], [ -91.876224478999973, 14.944620891000056 ], [ -91.87832762499994, 14.944598456000051 ], [ -91.880249019999951, 14.944438386000058 ], [ -91.882563668999978, 14.944195473000036 ], [ -91.885229489999972, 14.943466105000027 ], [ -91.88759033299999, 14.942713748000074 ], [ -91.889384455999959, 14.941873862000023 ], [ -91.890609425999969, 14.94130691600003 ], [ -91.891569493999953, 14.941290106000054 ], [ -91.89274489, 14.941890169000033 ], [ -91.893570522999937, 14.94259362400004 ], [ -91.894115760999966, 14.946988476000058 ], [ -91.894972008999957, 14.951138499000024 ], [ -91.896045061999985, 14.953809300000046 ], [ -91.895825940999941, 14.962446896000074 ], [ -91.893888406999963, 14.965723478000029 ], [ -91.893311195999956, 14.967897006000044 ], [ -91.893914293999956, 14.96928753800006 ], [ -91.894999699999971, 14.970353843000055 ], [ -91.896684471999947, 14.971503271000074 ], [ -91.899127667999949, 14.972433742000021 ], [ -91.901390613999979, 14.973498921000044 ], [ -91.900292348999983, 14.976082398000074 ], [ -91.898957269999983, 14.97734717700007 ], [ -91.896487390999937, 14.978212098000029 ], [ -91.894474814999967, 14.979093896000052 ], [ -91.891590364999956, 14.979759006000052 ], [ -91.88822416499994, 14.980633032000071 ], [ -91.877836333999937, 14.980284961000052 ], [ -91.874079544999972, 14.980818991000035 ], [ -91.871320686999979, 14.982459616000028 ], [ -91.867599915999961, 14.98486719400006 ], [ -91.858988699999941, 14.991218690000039 ], [ -91.853635895999957, 14.996177189000036 ], [ -91.851928280999971, 14.997252216000049 ], [ -91.85070309799994, 14.998651702000075 ], [ -91.849861494999971, 15.001143525000032 ], [ -91.849586587999966, 15.001790729000049 ], [ -91.849855196999954, 15.004713019000064 ], [ -91.851170638999974, 15.006120806000069 ], [ -91.853137107999942, 15.007858425000052 ], [ -91.855006321999952, 15.009308529000066 ], [ -91.856775219999975, 15.011045126000056 ], [ -91.85972732, 15.013172956000062 ], [ -91.862090211999941, 15.014720398000065 ], [ -91.862482430999989, 15.015298637000058 ], [ -91.863019330999975, 15.015230134000035 ], [ -91.865927222999971, 15.017716998000026 ], [ -91.866764148999948, 15.017855634000057 ], [ -91.868875322999941, 15.019645828000023 ], [ -91.872707220999985, 15.024759845000062 ], [ -91.873197804999961, 15.025434603000065 ], [ -91.87446732899997, 15.028225114000065 ], [ -91.875279176999982, 15.030496965000054 ], [ -91.876228495999953, 15.031498285000055 ], [ -91.877499425999986, 15.035256038000057 ], [ -91.881323743999985, 15.038345004000064 ], [ -91.886830638999982, 15.038188999000056 ], [ -91.888648236999984, 15.037128950000067 ], [ -91.889539600999967, 15.036653072000036 ], [ -91.89068468499994, 15.035902718000045 ], [ -91.892838510999979, 15.03569740000006 ], [ -91.895409315999984, 15.037044403000039 ], [ -91.897463391999963, 15.037472466000054 ], [ -91.899114302999976, 15.038523433000023 ], [ -91.900285563999944, 15.039127989000065 ], [ -91.900614343999962, 15.039521679000075 ], [ -91.900665042999947, 15.041427051000028 ], [ -91.90083160599994, 15.043866329000025 ], [ -91.900304631999973, 15.044707863000042 ], [ -91.898595401999955, 15.045719941000073 ], [ -91.89201686399997, 15.046765927000024 ], [ -91.890965937999965, 15.047509962000049 ], [ -91.890257905999988, 15.047490683000035 ], [ -91.885538380999947, 15.050251798000033 ], [ -91.882978038999966, 15.052348852000023 ], [ -91.882414687999983, 15.052343820000033 ], [ -91.879370347999952, 15.054481386000077 ], [ -91.878474229999938, 15.055514263000077 ], [ -91.876190992999966, 15.057518814000048 ], [ -91.872308679999946, 15.06297306700003 ], [ -91.871596751999959, 15.063684789000035 ], [ -91.870306122999978, 15.06795637700003 ], [ -91.866213378999987, 15.066855718000056 ], [ -91.864472022999962, 15.065530612000032 ], [ -91.861916564999945, 15.066089560000023 ], [ -91.85825338799998, 15.065680187000055 ], [ -91.855490046999989, 15.066729543000065 ], [ -91.85301246299997, 15.068157712000072 ], [ -91.851505083999939, 15.068320707000055 ], [ -91.848549743999968, 15.071111381000037 ], [ -91.847292688999971, 15.072293698000067 ], [ -91.846752543999969, 15.073800561000041 ], [ -91.844277142999942, 15.073291910000023 ], [ -91.841378336999981, 15.071194625000032 ], [ -91.838097090999952, 15.070366534000073 ], [ -91.836844741999982, 15.070780454000044 ], [ -91.833913584999948, 15.073148447000051 ], [ -91.832625534999977, 15.073814133000042 ], [ -91.832591073999936, 15.076187965000031 ], [ -91.833463492999954, 15.07721166400006 ], [ -91.83329790199997, 15.079321544000038 ], [ -91.831006855999988, 15.080718773000058 ], [ -91.828715972999987, 15.081125022000037 ], [ -91.827153521999946, 15.080602817000056 ], [ -91.825380603999974, 15.079442228000062 ], [ -91.819959061999953, 15.077012947000071 ], [ -91.818814309999937, 15.076251057000036 ], [ -91.817112769999937, 15.07639359500007 ], [ -91.816302417999964, 15.076884277000033 ], [ -91.815786230999947, 15.077593441000033 ], [ -91.815319944999942, 15.078005689000065 ], [ -91.81463531299994, 15.078156911000065 ], [ -91.814000171999965, 15.078295960000048 ], [ -91.813045430999978, 15.078712430000053 ] ] ] ] } },
{ "type": "Feature", "properties": { "Codigo": 1301, "datos_finales_color_riesgo": "620D00" }, "geometry": { "type": "MultiPolygon", "coordinates": [ [ [ [ -91.374771679999981, 15.354425114000037 ], [ -91.367839077999975, 15.348898706000057 ], [ -91.36319838199995, 15.34690236800003 ], [ -91.359088114999963, 15.346688024000059 ], [ -91.352507315999958, 15.347604284000056 ], [ -91.340290103999962, 15.347331817000054 ], [ -91.331652520999967, 15.345927542000027 ], [ -91.325357430999986, 15.342473187000053 ], [ -91.322455469999966, 15.342001763000042 ], [ -91.315641851999942, 15.341984315000047 ], [ -91.311062079999942, 15.34234960200007 ], [ -91.306810429999985, 15.34244615800003 ], [ -91.304880994999962, 15.342646147000039 ], [ -91.303140123999981, 15.342993283000055 ], [ -91.292350325999962, 15.347712108000053 ], [ -91.290372184999967, 15.348311499000033 ], [ -91.289135471999941, 15.348499709000066 ], [ -91.28840252699996, 15.348583331000043 ], [ -91.287369205999937, 15.348455651000052 ], [ -91.286896685999977, 15.348082615000067 ], [ -91.286783817999947, 15.347290972000053 ], [ -91.286660964999953, 15.346082399000068 ], [ -91.286812316999942, 15.34458221400007 ], [ -91.28778896099999, 15.342448965000074 ], [ -91.289036249999981, 15.339171157000067 ], [ -91.289255930999957, 15.335995042000036 ], [ -91.288533824999945, 15.334324352000067 ], [ -91.286886533999962, 15.332480496000073 ], [ -91.283253183999989, 15.330018119000044 ], [ -91.282748226999956, 15.329275424000059 ], [ -91.282457176999969, 15.328495965000059 ], [ -91.282209429999966, 15.327118108000036 ], [ -91.28182799199999, 15.274983683000073 ], [ -91.283173420999958, 15.274252925000042 ], [ -91.284612347999939, 15.274044791000051 ], [ -91.285390396999958, 15.274536515000023 ], [ -91.285980049999978, 15.275370217000045 ], [ -91.285970597999949, 15.277536888000043 ], [ -91.286480195999957, 15.278341734000037 ], [ -91.287265447999971, 15.278952124000057 ], [ -91.288513031999969, 15.279453080000053 ], [ -91.289839229999984, 15.279301666000038 ], [ -91.291607172999989, 15.277845436000064 ], [ -91.293707277999943, 15.276541966000025 ], [ -91.295000610999978, 15.275126147000037 ], [ -91.295126244999949, 15.272971649000056 ], [ -91.294878781999955, 15.272343916000068 ], [ -91.294692834999978, 15.271232012000041 ], [ -91.294800481999971, 15.270655560000023 ], [ -91.295134020999967, 15.270279652000056 ], [ -91.297117286999935, 15.26952654300004 ], [ -91.29979885299997, 15.267608352000025 ], [ -91.304228851999937, 15.266850003000059 ], [ -91.306341779999968, 15.267769741000052 ], [ -91.30940241799999, 15.271399988000042 ], [ -91.309847155999989, 15.272757855000066 ], [ -91.310110365999947, 15.273604855000031 ], [ -91.310316029999967, 15.274226613000053 ], [ -91.311100376999946, 15.27473976400006 ], [ -91.31204220699999, 15.274842886000044 ], [ -91.312864135999973, 15.274367828000038 ], [ -91.313340056999948, 15.273793005000073 ], [ -91.313718970999957, 15.272905653000066 ], [ -91.313921033999975, 15.272449645000052 ], [ -91.314571101999945, 15.271780104000072 ], [ -91.315442854999958, 15.27133026000007 ], [ -91.316559788999939, 15.271145477000061 ], [ -91.317528150999976, 15.270984426000041 ], [ -91.317917847999979, 15.270420241000068 ], [ -91.317901709999944, 15.269597695000073 ], [ -91.31776969699996, 15.268931309000038 ], [ -91.318093652999949, 15.268511231000048 ], [ -91.319143139999937, 15.268829775000029 ], [ -91.319575470999951, 15.269122223000068 ], [ -91.320528457999956, 15.269429869000078 ], [ -91.321113184999945, 15.26921734900003 ], [ -91.321561841999937, 15.268920208000054 ], [ -91.322197737999943, 15.268492293000065 ], [ -91.322670356999936, 15.26825520500006 ], [ -91.323787089999939, 15.26816640800007 ], [ -91.324494020999964, 15.268171695000035 ], [ -91.325275034999947, 15.268153809000069 ], [ -91.325969640999972, 15.268099126000038 ], [ -91.326272982999967, 15.267414528000074 ], [ -91.325893728999972, 15.266738390000057 ], [ -91.325363251999988, 15.266421496000078 ], [ -91.324758111999984, 15.266127767000057 ], [ -91.324153640999953, 15.265750444000048 ], [ -91.32365972299999, 15.265446249000036 ], [ -91.323216332999948, 15.265081423000026 ], [ -91.32276148599999, 15.264620488000048 ], [ -91.322420442999942, 15.263823752000064 ], [ -91.32256126599998, 15.263089367000077 ], [ -91.323720271999946, 15.260896236000065 ], [ -91.323740565999969, 15.25899847900007 ], [ -91.320992792999959, 15.255594445000042 ], [ -91.319090808999988, 15.252224966000028 ], [ -91.320083797999985, 15.251150146000043 ], [ -91.321451322999962, 15.248994735000053 ], [ -91.323180681999986, 15.247209173000044 ], [ -91.324295917999962, 15.245019090000028 ], [ -91.325617421999937, 15.242786481000053 ], [ -91.327166788999989, 15.238515298000038 ], [ -91.328840659999969, 15.238434002000076 ], [ -91.33061076499996, 15.236552642000049 ], [ -91.334324212999945, 15.236120434000043 ], [ -91.335161557999982, 15.235435258000052 ], [ -91.336272792999978, 15.235209644000065 ], [ -91.339226387999986, 15.235447290000025 ], [ -91.341412255999956, 15.237512760000072 ], [ -91.342114481999943, 15.236918066000044 ], [ -91.342773192999971, 15.236381794000067 ], [ -91.345703363999974, 15.236866593000059 ], [ -91.34618829499999, 15.236604680000028 ], [ -91.346584035999967, 15.236216712000044 ], [ -91.347540724999988, 15.233877323000058 ], [ -91.34911327399999, 15.23402784700005 ], [ -91.349829688999989, 15.23369871500006 ], [ -91.350277285999937, 15.233000446000062 ], [ -91.350344462999942, 15.231397861000062 ], [ -91.350872297999956, 15.230779261000066 ], [ -91.353301354999985, 15.230910058000063 ], [ -91.356826406999971, 15.231950375000054 ], [ -91.357653495999955, 15.23190106800007 ], [ -91.358706388999963, 15.230867157000034 ], [ -91.360110090999967, 15.230808500000023 ], [ -91.360801437999953, 15.230332282000063 ], [ -91.361202777999949, 15.228614633000063 ], [ -91.361753674999989, 15.228319274000057 ], [ -91.362314665999975, 15.228222819000052 ], [ -91.36277729699998, 15.227604841000073 ], [ -91.362666388999969, 15.227126156000054 ], [ -91.362500650999948, 15.226666278000039 ], [ -91.362729728999966, 15.225630855000077 ], [ -91.363173488999962, 15.225120060000052 ], [ -91.363740099999973, 15.22474685800006 ], [ -91.365109598999936, 15.224667580000073 ], [ -91.36586534099996, 15.224361274000046 ], [ -91.366578280999988, 15.222966719000055 ], [ -91.371898431999966, 15.229553279000072 ], [ -91.373963235999952, 15.233481643000061 ], [ -91.375204131999965, 15.237657093000053 ], [ -91.376212454999973, 15.239771346000055 ], [ -91.37697607199999, 15.241553944000032 ], [ -91.377819361999968, 15.24493569200007 ], [ -91.378871938999964, 15.248266985000043 ], [ -91.379436295999938, 15.254265445000044 ], [ -91.379882874999964, 15.256275083000048 ], [ -91.380169011999953, 15.259177183000077 ], [ -91.380701152999961, 15.262854928000024 ], [ -91.381276488999958, 15.269552769000029 ], [ -91.384134468999946, 15.27460411800007 ], [ -91.385284389999981, 15.279765141000041 ], [ -91.385531908999951, 15.283464553000044 ], [ -91.385924900999953, 15.285721211000066 ], [ -91.386076105999962, 15.288927362000038 ], [ -91.386339355999951, 15.291409031000057 ], [ -91.386612026999956, 15.297905850000063 ], [ -91.387722481999958, 15.308011433000047 ], [ -91.387849552999967, 15.314446190000069 ], [ -91.38880801199997, 15.316818768000076 ], [ -91.391485982999939, 15.319167579000066 ], [ -91.39889038299998, 15.32179205500006 ], [ -91.407159499999977, 15.323394406000034 ], [ -91.41582223599994, 15.323451501000022 ], [ -91.421135754999966, 15.324845955000058 ], [ -91.427881196999977, 15.324685669000075 ], [ -91.440625115999978, 15.326356678000025 ], [ -91.443529235999961, 15.325934072000052 ], [ -91.447320985999966, 15.323934807000057 ], [ -91.451781810999989, 15.322360379000031 ], [ -91.459716405999984, 15.320684434000043 ], [ -91.467022322999981, 15.320122354000034 ], [ -91.472469221999972, 15.32099456900005 ], [ -91.475482914999986, 15.321903159000044 ], [ -91.484560488999989, 15.324515972000029 ], [ -91.49910132299999, 15.325629843000058 ], [ -91.500129915999935, 15.325619806000077 ], [ -91.522598442999936, 15.325062329000048 ], [ -91.532007488999966, 15.327264214000024 ], [ -91.540145429999939, 15.327879077000034 ], [ -91.541748332999987, 15.328658947000065 ], [ -91.539926832999981, 15.333875770000077 ], [ -91.539945859999989, 15.335242956000059 ], [ -91.539423025999952, 15.33584398000005 ], [ -91.539513329999977, 15.337089613000046 ], [ -91.538666453999952, 15.339502974000027 ], [ -91.536896353999964, 15.342494385000066 ], [ -91.535677654999972, 15.346379677000073 ], [ -91.535065172999964, 15.349394478000022 ], [ -91.534058046999974, 15.351731063000045 ], [ -91.533931898999981, 15.353289355000072 ], [ -91.531607639999947, 15.355328033000035 ], [ -91.530253466999966, 15.358413617000053 ], [ -91.52861919899999, 15.36590128000006 ], [ -91.528406221999944, 15.369620288000021 ], [ -91.527792461999979, 15.370797999000047 ], [ -91.527527318999944, 15.376137906000054 ], [ -91.526178545999983, 15.377512977000038 ], [ -91.525147737999987, 15.377717426000061 ], [ -91.52289254499999, 15.379321463000053 ], [ -91.519982757999969, 15.379625258000033 ], [ -91.517351192999968, 15.379199893000077 ], [ -91.515663697999969, 15.378406836000067 ], [ -91.512482482999985, 15.377990176000026 ], [ -91.50006627, 15.375928627000064 ], [ -91.497933291999971, 15.37597525800004 ], [ -91.495674154999961, 15.375429009000072 ], [ -91.492710889999955, 15.374270154000044 ], [ -91.490037797999946, 15.372679395000034 ], [ -91.476585326999952, 15.365570771000023 ], [ -91.473370450999937, 15.363743394000039 ], [ -91.46962594699994, 15.36102659900007 ], [ -91.466078058999983, 15.358503161000044 ], [ -91.46548710799999, 15.358113845000048 ], [ -91.463058296999975, 15.356294003000073 ], [ -91.458976084999961, 15.354416395000044 ], [ -91.452955530999986, 15.351972826000065 ], [ -91.450999101999969, 15.35195585300005 ], [ -91.446283968999978, 15.353036990000078 ], [ -91.443209209999964, 15.354124962000071 ], [ -91.439125052999941, 15.355517638000038 ], [ -91.435821111999985, 15.356650217000038 ], [ -91.429162474999941, 15.358139853000068 ], [ -91.418038788999979, 15.358071347000077 ], [ -91.40915696199994, 15.359925301000033 ], [ -91.40457599299998, 15.360469852000051 ], [ -91.398502089999965, 15.361434010000039 ], [ -91.393351825999957, 15.360978935000048 ], [ -91.38958071199994, 15.359990314000072 ], [ -91.38003970699998, 15.355882393000059 ], [ -91.376333362999958, 15.354670345000045 ], [ -91.374771679999981, 15.354425114000037 ] ] ] ] } },
{ "type": "Feature", "properties": { "Codigo": 1316, "datos_finales_color_riesgo": "620D00" }, "geometry": { "type": "MultiPolygon", "coordinates": [ [ [ [ -91.575875022999981, 15.500452194000047 ], [ -91.577490538999939, 15.498915898000064 ], [ -91.584108712999978, 15.493934143000047 ], [ -91.590187671999956, 15.48732631200005 ], [ -91.593558148999989, 15.481225320000021 ], [ -91.59498887699999, 15.475523202000034 ], [ -91.595192494999935, 15.472627657000032 ], [ -91.595610356999941, 15.472337688000039 ], [ -91.596009994999974, 15.468962074000046 ], [ -91.595861344999946, 15.461719032000076 ], [ -91.593730090999941, 15.45670947800005 ], [ -91.593117740999958, 15.452075617000048 ], [ -91.593637011999988, 15.43976053800003 ], [ -91.594534943999975, 15.437965304000045 ], [ -91.597140752999962, 15.433181200000035 ], [ -91.598615262999942, 15.431374908000066 ], [ -91.602460577999977, 15.429054768000071 ], [ -91.605700098999989, 15.426130836000027 ], [ -91.611076257999969, 15.421363900000074 ], [ -91.613465625999936, 15.419267191000074 ], [ -91.619370508999964, 15.414188108000076 ], [ -91.620626729999969, 15.413555305000045 ], [ -91.622537634999958, 15.411132380000026 ], [ -91.627529072999948, 15.413316719000022 ], [ -91.634409035999965, 15.414901341000075 ], [ -91.637397899999939, 15.414684685000054 ], [ -91.642605776999972, 15.412725785000077 ], [ -91.64499350899996, 15.41082076500004 ], [ -91.645675680999943, 15.409973029000071 ], [ -91.64776528799996, 15.408774562000076 ], [ -91.649852245999966, 15.408796291000044 ], [ -91.64983861799999, 15.409824365000077 ], [ -91.649056784999971, 15.411679328000048 ], [ -91.647807164999961, 15.418237228000066 ], [ -91.647542369999897, 15.42819627700004 ], [ -91.648115076999943, 15.434191300000066 ], [ -91.651792847999957, 15.449446162000072 ], [ -91.654754281999942, 15.456810362000056 ], [ -91.655869802999973, 15.458603406000066 ], [ -91.656280752999976, 15.460362796000027 ], [ -91.657043816999987, 15.460722192000048 ], [ -91.657133557999941, 15.462163282000063 ], [ -91.659123442999942, 15.46622016200007 ], [ -91.657363860999965, 15.469631777000075 ], [ -91.655891787999963, 15.47749443500004 ], [ -91.656965140999944, 15.481414702000052 ], [ -91.660385453999936, 15.490066274000071 ], [ -91.660999952999987, 15.492797407000069 ], [ -91.661317344999986, 15.504846785000041 ], [ -91.658887187999937, 15.513708043000065 ], [ -91.65733664399994, 15.516525470000033 ], [ -91.653270715999952, 15.521597385000064 ], [ -91.65206927, 15.524471120000044 ], [ -91.651862808999965, 15.526562304000038 ], [ -91.65084387, 15.529407774000049 ], [ -91.650830944999939, 15.531036907000043 ], [ -91.649630956999943, 15.534655192000059 ], [ -91.649616202999937, 15.537367814000049 ], [ -91.641600767999989, 15.53743836600006 ], [ -91.640146295999955, 15.536915343000032 ], [ -91.637740125999983, 15.534643095000035 ], [ -91.632199279999952, 15.526704583000026 ], [ -91.625287858999968, 15.520354983000061 ], [ -91.616974897999967, 15.511229511000067 ], [ -91.612261636999961, 15.507989006000059 ], [ -91.609821271999976, 15.507092417000024 ], [ -91.60504470699999, 15.506455603000063 ], [ -91.593449013999987, 15.506834032000029 ], [ -91.587002490999964, 15.50616020700005 ], [ -91.57908975099997, 15.502828515000033 ], [ -91.575875022999981, 15.500452194000047 ] ] ] ] } },
{ "type": "Feature", "properties": { "Codigo": 1409, "datos_finales_color_riesgo": "620D00" }, "geometry": { "type": "MultiPolygon", "coordinates": [ [ [ [ -91.142477394999958, 15.219339225000056 ], [ -91.139768360999938, 15.215377846000024 ], [ -91.139522686999953, 15.214208920000033 ], [ -91.138085825999951, 15.206210647000034 ], [ -91.134258863999946, 15.202012915000068 ], [ -91.132232718999944, 15.198678427000061 ], [ -91.130906972999981, 15.191637842000034 ], [ -91.129875100999982, 15.189734912000063 ], [ -91.127105599999936, 15.187615328000049 ], [ -91.121087011999975, 15.185408756000072 ], [ -91.11720337, 15.183418708000033 ], [ -91.112542893999944, 15.181158891000052 ], [ -91.103336604999981, 15.178423602000066 ], [ -91.094975010999974, 15.176401102000057 ], [ -91.091228838999939, 15.176378427000031 ], [ -91.088608939999972, 15.176766254000029 ], [ -91.083795490999989, 15.179079419000061 ], [ -91.07557989299994, 15.186387801000024 ], [ -91.075045431999968, 15.186836194000023 ], [ -91.073778743999981, 15.187734672000033 ], [ -91.071642620999967, 15.187796584000068 ], [ -91.070122627999979, 15.187000760000046 ], [ -91.06935012799994, 15.185675919000062 ], [ -91.068577063999953, 15.184349943000029 ], [ -91.067356921999988, 15.18089991100004 ], [ -91.065434645999972, 15.176134667000042 ], [ -91.063802424999949, 15.172413378000044 ], [ -91.06261101299998, 15.167739119000032 ], [ -91.062614888999974, 15.166101269000023 ], [ -91.063666758999943, 15.163812748000055 ], [ -91.066152037999984, 15.160498439000037 ], [ -91.067804734999982, 15.158186802000046 ], [ -91.070306546999973, 15.152585169000076 ], [ -91.071821203999946, 15.144957623000039 ], [ -91.071683978999943, 15.144187206000026 ], [ -91.070858165999937, 15.14343236600007 ], [ -91.069939792999946, 15.143267501000025 ], [ -91.066616900999975, 15.14414950400004 ], [ -91.06126848699995, 15.14410362600006 ], [ -91.057651352999983, 15.143582293000065 ], [ -91.051020802999972, 15.141447854000035 ], [ -91.044636137999987, 15.140033770000059 ], [ -91.033576092999965, 15.139079235000054 ], [ -91.032227888999955, 15.139000844000066 ], [ -91.030284276999964, 15.139050539000038 ], [ -91.02611002399999, 15.139380058000029 ], [ -91.022659102999967, 15.139831050000055 ], [ -91.017132498999956, 15.14133909800006 ], [ -91.01018167699999, 15.144550232000029 ], [ -91.006714226999975, 15.146633011000063 ], [ -91.002390215999981, 15.148407693000024 ], [ -90.998544988999981, 15.150211378000051 ], [ -90.992487121999943, 15.151720832000024 ], [ -90.990623982999978, 15.151860120000038 ], [ -90.989420355999982, 15.147675770000035 ], [ -90.989416204999941, 15.144975016000046 ], [ -90.990635768999937, 15.141123997000022 ], [ -90.99357394499998, 15.134494895000046 ], [ -90.994705958999987, 15.129798164000022 ], [ -90.998984423999957, 15.118093386000055 ], [ -90.999039717999949, 15.110833176000028 ], [ -90.998738323999987, 15.108876399000053 ], [ -90.998479560999954, 15.107209162000061 ], [ -90.998076568999977, 15.103874575000077 ], [ -90.997913039999958, 15.102653221000025 ], [ -91.001212190999979, 15.101396967000028 ], [ -91.008113654999988, 15.101272580000057 ], [ -91.016243049999957, 15.103259721000029 ], [ -91.020424566999964, 15.104828025000074 ], [ -91.028654856999935, 15.10517550700007 ], [ -91.030187622999961, 15.105011516000047 ], [ -91.039701992999937, 15.104048181000053 ], [ -91.050896573999978, 15.103447954000046 ], [ -91.052885619999984, 15.103354383000067 ], [ -91.062324672999978, 15.102611952000075 ], [ -91.066869359999941, 15.101870284000029 ], [ -91.068533255999967, 15.101667615000054 ], [ -91.069770914999935, 15.101348336000058 ], [ -91.07013901, 15.101014860000078 ], [ -91.070373070999949, 15.100395584000069 ], [ -91.071353125999963, 15.098151542000039 ], [ -91.072960352999985, 15.098169751000057 ], [ -91.078700505999961, 15.099780776000046 ], [ -91.083194846999959, 15.102114222000068 ], [ -91.08701655699997, 15.105108364000046 ], [ -91.091382893999935, 15.110663327000054 ], [ -91.09294879, 15.11115548600003 ], [ -91.094207558999983, 15.111275668000076 ], [ -91.098156742999947, 15.110701191000032 ], [ -91.101320237999971, 15.109499893000077 ], [ -91.10442891699995, 15.107855283000049 ], [ -91.106177545999969, 15.106559588000039 ], [ -91.107210045999977, 15.106101700000067 ], [ -91.108378150999954, 15.105823423000061 ], [ -91.110592378999968, 15.106108513000038 ], [ -91.115903217999971, 15.107751208000025 ], [ -91.118484509999973, 15.107950042000027 ], [ -91.122479391999946, 15.108516418000022 ], [ -91.131709606999948, 15.10848892100006 ], [ -91.138058844999989, 15.107091968000077 ], [ -91.142270589999953, 15.104726140000025 ], [ -91.144917859999964, 15.102619643000025 ], [ -91.14524937799996, 15.097046514000056 ], [ -91.146530223999946, 15.087982691000036 ], [ -91.148623223999948, 15.085943881000048 ], [ -91.148788995999951, 15.090162151000072 ], [ -91.149172464999936, 15.091126602000031 ], [ -91.150725364999971, 15.092655256000057 ], [ -91.154094148999945, 15.094080104000057 ], [ -91.159483998999974, 15.096557226000073 ], [ -91.162930657999937, 15.097054026000023 ], [ -91.17692595699998, 15.096551524000063 ], [ -91.183857238999963, 15.095833434000042 ], [ -91.193544566999947, 15.096097341000075 ], [ -91.196829965999939, 15.096910908000041 ], [ -91.203741024999943, 15.099844233000056 ], [ -91.207236227999942, 15.10081860300005 ], [ -91.211246439999968, 15.101253627000062 ], [ -91.213398965999943, 15.101989101000072 ], [ -91.212674822999986, 15.10404163100003 ], [ -91.209585917999959, 15.109377459000029 ], [ -91.208953778999955, 15.109880804000056 ], [ -91.206123495999975, 15.110503408000056 ], [ -91.20556057899995, 15.111416228000053 ], [ -91.205827276999969, 15.112681305000024 ], [ -91.208054836999963, 15.115777293000065 ], [ -91.209769270999971, 15.116422357000033 ], [ -91.214177139999947, 15.116897786000038 ], [ -91.216067901999963, 15.117667330000074 ], [ -91.218222312999956, 15.118964233000042 ], [ -91.219824749999987, 15.119451318000074 ], [ -91.221418640999957, 15.120197017000066 ], [ -91.223026533999985, 15.121985505000055 ], [ -91.223943893999945, 15.122493158000054 ], [ -91.225327322999988, 15.122891502000073 ], [ -91.226789986999961, 15.122992226000065 ], [ -91.227857203999974, 15.123800405000054 ], [ -91.228603024999984, 15.124871533000032 ], [ -91.230032163999965, 15.127191781000022 ], [ -91.231338944999948, 15.128424319000032 ], [ -91.233180195999978, 15.129716388000077 ], [ -91.234605786999964, 15.131702202000042 ], [ -91.235374676999982, 15.132452666000063 ], [ -91.235888880999937, 15.133203398000035 ], [ -91.236271743999964, 15.134437733000027 ], [ -91.23626876899999, 15.137677616000076 ], [ -91.236433425999962, 15.138157884000066 ], [ -91.23678741699996, 15.138525533000063 ], [ -91.23801670499995, 15.139156451000076 ], [ -91.239027422999982, 15.139568761000078 ], [ -91.240084315999979, 15.14072701200007 ], [ -91.240759207999986, 15.141669903000036 ], [ -91.240744562999964, 15.142387133000057 ], [ -91.240625461999969, 15.143007527000066 ], [ -91.240323740999941, 15.14356097700005 ], [ -91.240304278999986, 15.144227332000071 ], [ -91.240609905999975, 15.144679328000052 ], [ -91.241365935999966, 15.14495295100005 ], [ -91.242509051999946, 15.144687344000033 ], [ -91.243339123999988, 15.144374108000022 ], [ -91.248492623999937, 15.144779044000074 ], [ -91.24975062499999, 15.145322012000065 ], [ -91.25091673899999, 15.146078901000067 ], [ -91.253172766999967, 15.148094781000054 ], [ -91.253290238999966, 15.14859049100005 ], [ -91.253239018999977, 15.149234013000068 ], [ -91.253096538999955, 15.149943482000026 ], [ -91.252909361999968, 15.150997154000038 ], [ -91.252918728999987, 15.152052351000066 ], [ -91.253279774999953, 15.152771363000056 ], [ -91.257158058999948, 15.156673914000066 ], [ -91.258902712999941, 15.158022675000041 ], [ -91.25959755699995, 15.161021704000063 ], [ -91.259882173999983, 15.161632801000053 ], [ -91.26047631299997, 15.162085870000055 ], [ -91.261818160999951, 15.162490479000041 ], [ -91.263179604999948, 15.16313133500006 ], [ -91.263336484999968, 15.164145871000073 ], [ -91.263723561999939, 15.165102307000041 ], [ -91.264173347999986, 15.165429992000043 ], [ -91.265481794999971, 15.165298852000035 ], [ -91.266430239999977, 15.164669003000029 ], [ -91.267627797999978, 15.163656971000023 ], [ -91.267955054999959, 15.16274895600003 ], [ -91.268352892999985, 15.162029012000062 ], [ -91.26928155, 15.16132669700005 ], [ -91.27018600599996, 15.16081059000004 ], [ -91.27098228899996, 15.160795233000044 ], [ -91.27188412199996, 15.161746568000069 ], [ -91.272359951999988, 15.162306021000063 ], [ -91.273087918999977, 15.162539797000022 ], [ -91.27446605099999, 15.161988891000021 ], [ -91.275787528999956, 15.161323443000072 ], [ -91.276772415999972, 15.161717327000076 ], [ -91.278186031999951, 15.162816021000026 ], [ -91.279439559999958, 15.164079552000032 ], [ -91.280869759999973, 15.164569452000023 ], [ -91.282469857999956, 15.164834700000029 ], [ -91.28394613599994, 15.165814093000051 ], [ -91.284329776999982, 15.166415753000024 ], [ -91.285003703999962, 15.166936024000051 ], [ -91.285559914999965, 15.16698092200005 ], [ -91.286132468999938, 15.166874567000036 ], [ -91.28705931199994, 15.166610483000056 ], [ -91.287776392999945, 15.166900616000078 ], [ -91.288183015999948, 15.16775549700003 ], [ -91.288608376999946, 15.168883906000076 ], [ -91.291378185999974, 15.172828369000058 ], [ -91.291099386999974, 15.174663147000047 ], [ -91.291186287999949, 15.175284012000077 ], [ -91.291538677999938, 15.175870739000061 ], [ -91.292140034999989, 15.176091070000041 ], [ -91.292922443999942, 15.176073278000047 ], [ -91.293697658999974, 15.17579220500005 ], [ -91.29455805799995, 15.175115250000033 ], [ -91.295278991999965, 15.175292421000051 ], [ -91.295929242999989, 15.175943529000051 ], [ -91.29628551899998, 15.176917769000056 ], [ -91.296630876999984, 15.180632580000065 ], [ -91.297141618999945, 15.180622886000037 ], [ -91.299406422999937, 15.183751199000028 ], [ -91.299660906999975, 15.184874917000059 ], [ -91.299587943999938, 15.18585156000006 ], [ -91.299052991999986, 15.18655810100006 ], [ -91.298735466999972, 15.187495614000056 ], [ -91.299036630999979, 15.188600480000048 ], [ -91.299547206999989, 15.189195170000062 ], [ -91.301618393999945, 15.19007502900007 ], [ -91.30400741599999, 15.191435130000059 ], [ -91.304561194999962, 15.192594990000032 ], [ -91.305551395999942, 15.193587550000075 ], [ -91.306882345999952, 15.194011040000078 ], [ -91.308239930999946, 15.194669700000077 ], [ -91.309392767999952, 15.19642489000006 ], [ -91.309599398999978, 15.197429622000072 ], [ -91.309664793999957, 15.198785761000067 ], [ -91.309241551999946, 15.199269484000069 ], [ -91.308599439999966, 15.199553863000062 ], [ -91.30816265499999, 15.199838654000075 ], [ -91.307769448999977, 15.200420884000039 ], [ -91.307750046999956, 15.202050904000032 ], [ -91.30795640599996, 15.202724631000024 ], [ -91.308407568999939, 15.203117773000031 ], [ -91.309119428999963, 15.203133292000075 ], [ -91.309985392999977, 15.202789592000045 ], [ -91.310519362999969, 15.202499879000072 ], [ -91.311155140999972, 15.202354402000026 ], [ -91.311977826999964, 15.202404637000029 ], [ -91.31292558399997, 15.20260040900007 ], [ -91.314436562999958, 15.202411777000066 ], [ -91.316199781999956, 15.202103015000034 ], [ -91.319708812999977, 15.202359715000057 ], [ -91.319757547999984, 15.203330501000039 ], [ -91.319555512999955, 15.204161590000069 ], [ -91.319070085999954, 15.204712651000023 ], [ -91.318403299999943, 15.205393400000048 ], [ -91.318380653999952, 15.206342187000075 ], [ -91.318495270999961, 15.207072837000055 ], [ -91.318596619999937, 15.207569540000065 ], [ -91.318214957999942, 15.208311164000065 ], [ -91.317610266999964, 15.208715594000068 ], [ -91.317186579999941, 15.209034392000035 ], [ -91.316685202999963, 15.209760431000063 ], [ -91.316527595999958, 15.210634777000053 ], [ -91.316702354999961, 15.211336505000077 ], [ -91.317163874999949, 15.211894647000065 ], [ -91.31768890699999, 15.21207368000006 ], [ -91.31866566399998, 15.212139732000026 ], [ -91.319565995999938, 15.212306884000043 ], [ -91.320076022999956, 15.212471114000039 ], [ -91.320673659999954, 15.212957966000033 ], [ -91.320994909999968, 15.214188360000037 ], [ -91.320921034999969, 15.214848691000043 ], [ -91.321248240999978, 15.215401304000068 ], [ -91.322031826999989, 15.216062387000022 ], [ -91.322298502999956, 15.216545636000035 ], [ -91.322804724999969, 15.217192220000072 ], [ -91.323369254999989, 15.21804258700007 ], [ -91.323379523999961, 15.218656097000064 ], [ -91.322893378999936, 15.219294146000038 ], [ -91.322186378999959, 15.219318240000064 ], [ -91.321587790999956, 15.218948874000034 ], [ -91.320915553999953, 15.218477282000038 ], [ -91.320164803999944, 15.21829656500006 ], [ -91.31923130399997, 15.218494064000026 ], [ -91.318354126999964, 15.219143861000077 ], [ -91.317792919999988, 15.219782465000037 ], [ -91.317682769999976, 15.220393943000033 ], [ -91.31763183299995, 15.221167411000067 ], [ -91.317629911999973, 15.223313844000074 ], [ -91.317863088999957, 15.22420580000005 ], [ -91.318217721999986, 15.224967620000029 ], [ -91.318496626999945, 15.225815860000068 ], [ -91.318582962999983, 15.226298890000066 ], [ -91.318609390999939, 15.226780345000066 ], [ -91.318604753999978, 15.227364369000043 ], [ -91.318449222999959, 15.228048939000075 ], [ -91.31797757399994, 15.228688211000076 ], [ -91.317597837999983, 15.229181308000022 ], [ -91.317266572999984, 15.229724475000069 ], [ -91.317068521999943, 15.230195210000034 ], [ -91.316396258999987, 15.230967409000073 ], [ -91.31572020699997, 15.231484263000027 ], [ -91.31530898799997, 15.232130760000075 ], [ -91.315508098999942, 15.232989700000076 ], [ -91.31590427399999, 15.234234220000076 ], [ -91.31600492199999, 15.234819033000065 ], [ -91.315951885999937, 15.235781147000068 ], [ -91.315582141999982, 15.236917116000029 ], [ -91.315367708999986, 15.237397891000057 ], [ -91.314987022999958, 15.238007335000077 ], [ -91.314425747999962, 15.238645923000036 ], [ -91.313600168999983, 15.23908708600004 ], [ -91.312607044999936, 15.23908865900006 ], [ -91.309799476999956, 15.234555500000056 ], [ -91.306819799999971, 15.232788787000061 ], [ -91.302973274999943, 15.230740974000071 ], [ -91.298974502999954, 15.229550517000064 ], [ -91.291741772999956, 15.228149023000071 ], [ -91.285959283999944, 15.227918567000074 ], [ -91.282413160999965, 15.227317593000066 ], [ -91.276018336999982, 15.225920883000072 ], [ -91.260710791999941, 15.225452677000021 ], [ -91.254201581999951, 15.224273636000078 ], [ -91.233783376999952, 15.223867761000065 ], [ -91.228714671999967, 15.223606439000037 ], [ -91.223751023999966, 15.22372314200004 ], [ -91.209157173999984, 15.223270639000077 ], [ -91.20624608299994, 15.222880279000037 ], [ -91.204691526999966, 15.222150534000036 ], [ -91.203621682999938, 15.221542138000075 ], [ -91.202482643999986, 15.220999834000054 ], [ -91.199811129999944, 15.220557088000078 ], [ -91.17883778099997, 15.220898666000039 ], [ -91.169547008999984, 15.221555170000045 ], [ -91.161357080999949, 15.221910774000037 ], [ -91.159206696999945, 15.222026462000031 ], [ -91.152102740999965, 15.222056253000062 ], [ -91.147688831999972, 15.221257412000057 ], [ -91.14343181199996, 15.220018103000029 ], [ -91.142477394999958, 15.219339225000056 ] ] ] ] } },
{ "type": "Feature", "properties": { "Codigo": 1410, "datos_finales_color_riesgo": "620D00" }, "geometry": { "type": "MultiPolygon", "coordinates": [ [ [ [ -90.887397237999949, 15.419631214000049 ], [ -90.887161052999943, 15.416274507000026 ], [ -90.887229299999944, 15.391365163000046 ], [ -90.888663878999978, 15.385041437000041 ], [ -90.889767150999944, 15.379989697000042 ], [ -90.89014027099995, 15.377733201000069 ], [ -90.890487035999968, 15.372137786000053 ], [ -90.891683617999945, 15.361841716000072 ], [ -90.892390047999982, 15.355770796000058 ], [ -90.893169569999941, 15.352384148000056 ], [ -90.893930500999943, 15.348237193000045 ], [ -90.895121266999979, 15.345386389000055 ], [ -90.897634367999956, 15.33920370900006 ], [ -90.903922919999957, 15.339606237000055 ], [ -90.907129202999954, 15.339280560000077 ], [ -90.912345153999979, 15.339285380000035 ], [ -90.914718782999955, 15.339123475000065 ], [ -90.922827616999939, 15.338894165000056 ], [ -90.925937045999945, 15.338652018000062 ], [ -90.926967943999955, 15.338861518000044 ], [ -90.929868152999973, 15.340953138000032 ], [ -90.932778907999989, 15.344226263000053 ], [ -90.934905643999969, 15.344558833000065 ], [ -90.93593081099999, 15.344230606000053 ], [ -90.938432563999982, 15.342228578000061 ], [ -90.940081948999989, 15.339488996000057 ], [ -90.941968931999952, 15.337916092000057 ], [ -90.94206404, 15.337415477000036 ], [ -90.944526940999936, 15.335266169000022 ], [ -90.946010377999983, 15.33466538700003 ], [ -90.949192221999965, 15.333497386000033 ], [ -90.954256291999968, 15.332961044000058 ], [ -90.970690672999979, 15.333121249000044 ], [ -90.984605914999975, 15.330370468000069 ], [ -90.993577229999971, 15.330247976000067 ], [ -90.997447210999951, 15.32823038500004 ], [ -91.001652913999976, 15.32676241300004 ], [ -91.002846914999964, 15.326287400000069 ], [ -91.008130103999974, 15.325946037000051 ], [ -91.011634060999938, 15.327229920000036 ], [ -91.016428295999958, 15.332455998000057 ], [ -91.017800826999974, 15.333353746000057 ], [ -91.019667122999977, 15.333113910000066 ], [ -91.021375534999947, 15.331964511000024 ], [ -91.026000519999968, 15.329162411000027 ], [ -91.028439340999967, 15.327689580000026 ], [ -91.034331878999978, 15.325794204000033 ], [ -91.038261636999948, 15.325685313000065 ], [ -91.043772109999964, 15.326000232000069 ], [ -91.047090383999944, 15.325940046000028 ], [ -91.049929651999946, 15.325698286000033 ], [ -91.052083291999963, 15.325339815000063 ], [ -91.070097650999969, 15.324968734000038 ], [ -91.073291169999948, 15.324616776000028 ], [ -91.08301295199999, 15.32236449100003 ], [ -91.085235228999977, 15.323218311000062 ], [ -91.089743932999966, 15.326391500000057 ], [ -91.093450923999967, 15.330386876000034 ], [ -91.096937167999954, 15.332295117000058 ], [ -91.099648748999982, 15.332540748000042 ], [ -91.105106926999952, 15.331604415000072 ], [ -91.119677886999966, 15.33111539600003 ], [ -91.123326970999983, 15.331766253000069 ], [ -91.126563216999955, 15.333226896000042 ], [ -91.132527407999987, 15.333568317000072 ], [ -91.135273379999944, 15.332639022000023 ], [ -91.139947302999985, 15.330020060000038 ], [ -91.146676504999959, 15.323789755000064 ], [ -91.153114184999936, 15.321421199000042 ], [ -91.160254241999951, 15.320508658000051 ], [ -91.168837612999937, 15.320792687000051 ], [ -91.174284899999975, 15.32179859200005 ], [ -91.17878696799994, 15.324434619000044 ], [ -91.180170982999982, 15.325303288000043 ], [ -91.179137594999986, 15.327360953000039 ], [ -91.176951391999978, 15.332689629000072 ], [ -91.174133737999966, 15.343222922000052 ], [ -91.166994388999967, 15.35276725500006 ], [ -91.162803272999952, 15.357186828000067 ], [ -91.160148932999959, 15.359785637000073 ], [ -91.157967208999935, 15.362513699000033 ], [ -91.159053581999956, 15.366205215000036 ], [ -91.15730509399998, 15.368309909000061 ], [ -91.155601708999939, 15.370510975000059 ], [ -91.154658274999974, 15.37128597800006 ], [ -91.153874965999989, 15.371856717000071 ], [ -91.152841777999981, 15.372180254000057 ], [ -91.144295646999979, 15.373052419000032 ], [ -91.137805774999947, 15.374942280000027 ], [ -91.135830876999989, 15.375702916000023 ], [ -91.133536808999963, 15.376350159000026 ], [ -91.124888932999966, 15.37751439300007 ], [ -91.114944217999948, 15.381699111000046 ], [ -91.114253560999941, 15.381727147000049 ], [ -91.113591552999935, 15.381547582000053 ], [ -91.112909719999948, 15.380983786000058 ], [ -91.112327547999939, 15.380084216000057 ], [ -91.111432509999986, 15.37986087400003 ], [ -91.110456205999981, 15.379935049000039 ], [ -91.105954201999964, 15.382754625000075 ], [ -91.099979198999961, 15.384620583000071 ], [ -91.093836916999976, 15.385923539000032 ], [ -91.083068537999964, 15.389749496000036 ], [ -91.077436576999958, 15.391814307000061 ], [ -91.073110560999964, 15.395429875000048 ], [ -91.071913041999949, 15.396380751000038 ], [ -91.069941903999961, 15.398522237000066 ], [ -91.063521819999949, 15.403995586000065 ], [ -91.062654386999952, 15.404497455000069 ], [ -91.061984385999949, 15.40486549600007 ], [ -91.057942535999985, 15.405972191000046 ], [ -91.052270323999949, 15.406227529000034 ], [ -91.048470098999985, 15.406327477000048 ], [ -91.04034612099997, 15.406234526000048 ], [ -91.029737667999939, 15.406677256000023 ], [ -91.027672480999968, 15.40707121500003 ], [ -91.025954159999969, 15.408215986000073 ], [ -91.024399858999971, 15.409190514000045 ], [ -91.023068621999982, 15.409599988000025 ], [ -91.021337130999939, 15.410101901000075 ], [ -91.020203835999951, 15.410018385000058 ], [ -91.018466959999955, 15.409736334000058 ], [ -91.016231650999941, 15.408789045000049 ], [ -91.013914300999943, 15.407165547000034 ], [ -91.012065130999986, 15.405471667000029 ], [ -91.011312025999985, 15.404591807000031 ], [ -91.010340700999961, 15.403030018000038 ], [ -91.008939961999943, 15.401936520000049 ], [ -91.007892176999974, 15.401438048000045 ], [ -91.005813061999959, 15.400670534000028 ], [ -91.002590891999944, 15.400546725000027 ], [ -90.998884049999958, 15.400214066000046 ], [ -90.99616294499998, 15.40041319900007 ], [ -90.990647924999962, 15.401360778000026 ], [ -90.987668932999952, 15.401800317000038 ], [ -90.985999134999986, 15.402244906000021 ], [ -90.983902316999945, 15.403143057000023 ], [ -90.976317781999967, 15.407447570000045 ], [ -90.97581962199996, 15.407731054000067 ], [ -90.970030492999967, 15.409605168000041 ], [ -90.96688095899998, 15.410147897000058 ], [ -90.961530074999985, 15.410290879000058 ], [ -90.953230450999968, 15.409434095000051 ], [ -90.950878424999985, 15.409802089000038 ], [ -90.948944726999969, 15.410847095000065 ], [ -90.94775040199994, 15.41141323100004 ], [ -90.943000776999952, 15.414940727000044 ], [ -90.939773334999984, 15.416052720000039 ], [ -90.935858005999989, 15.416017495000062 ], [ -90.933559718999959, 15.415416701000026 ], [ -90.928127307999944, 15.412384281000072 ], [ -90.922705810999958, 15.410497130000067 ], [ -90.918439905999946, 15.410371363000024 ], [ -90.914275031999978, 15.412024240000051 ], [ -90.905322419999948, 15.418618495000032 ], [ -90.901644791999956, 15.419901848000052 ], [ -90.894949720999989, 15.420666365000045 ], [ -90.889423034999936, 15.419760036000071 ], [ -90.887397237999949, 15.419631214000049 ] ] ] ] } },
{ "type": "Feature", "properties": { "Codigo": 705, "datos_finales_color_riesgo": "620D00" }, "geometry": { "type": "MultiPolygon", "coordinates": [ [ [ [ -91.262781774999951, 14.844956085000035 ], [ -91.262085255999978, 14.841499540000029 ], [ -91.259641294999938, 14.835814409000022 ], [ -91.258487985999977, 14.83444550300004 ], [ -91.256707183999936, 14.831529782000075 ], [ -91.24924361099994, 14.823908563000032 ], [ -91.246550816999957, 14.821715633000053 ], [ -91.240686091999976, 14.817868291000025 ], [ -91.238981741999964, 14.816960534000032 ], [ -91.237066245999983, 14.816675877000023 ], [ -91.235132919999955, 14.815224081000054 ], [ -91.232517830999939, 14.814005411000039 ], [ -91.224887355999954, 14.806882714000039 ], [ -91.223201316999962, 14.803676062000022 ], [ -91.223508426999956, 14.799614908000024 ], [ -91.22629331, 14.799630710000031 ], [ -91.229002875999981, 14.79898389400006 ], [ -91.233333636999987, 14.79622676300005 ], [ -91.235047005999945, 14.800016489000029 ], [ -91.235641715999975, 14.805374708000045 ], [ -91.237023929999964, 14.807048216000055 ], [ -91.241470044999971, 14.808572281000068 ], [ -91.249983956999984, 14.809953233000044 ], [ -91.253065908999986, 14.810957220000034 ], [ -91.255938905999983, 14.812972939000076 ], [ -91.258227099999942, 14.816825639000058 ], [ -91.260371047999968, 14.818537552000066 ], [ -91.262318550999964, 14.81940406700005 ], [ -91.265861004999977, 14.820062295000071 ], [ -91.27080409499996, 14.819610311000076 ], [ -91.272845427999982, 14.818976045000056 ], [ -91.276736232999951, 14.815826161000075 ], [ -91.281906750999951, 14.81148145800006 ], [ -91.286649803999978, 14.809713745000067 ], [ -91.289704086999961, 14.809017933000064 ], [ -91.292620804999956, 14.808388845000025 ], [ -91.301133396999944, 14.807099487000073 ], [ -91.304189174999976, 14.805531328000029 ], [ -91.304525620999982, 14.804973455000038 ], [ -91.304654595999978, 14.803021082000043 ], [ -91.304669822999983, 14.801211351000063 ], [ -91.30313197199996, 14.796936396000035 ], [ -91.302486201999955, 14.794493663000026 ], [ -91.301893864999954, 14.792721260000064 ], [ -91.301150606999954, 14.790946612000027 ], [ -91.299953363999975, 14.789021754000032 ], [ -91.299381841999946, 14.787860687000034 ], [ -91.297923279999964, 14.784831268000062 ], [ -91.297002517999942, 14.778129646000025 ], [ -91.297357000999966, 14.777115496000022 ], [ -91.301253348999978, 14.773779841000078 ], [ -91.306886354999961, 14.771360641000058 ], [ -91.307861068999955, 14.773832890000051 ], [ -91.312820764999969, 14.778612997000039 ], [ -91.315469638999957, 14.780287427000076 ], [ -91.32050428299999, 14.784573116000047 ], [ -91.321299461999956, 14.784748365000041 ], [ -91.325479719999976, 14.787747736000028 ], [ -91.326781651999966, 14.789754587000061 ], [ -91.326349105999952, 14.793240122000043 ], [ -91.323478914999953, 14.800466617000041 ], [ -91.322793074999936, 14.803657687000054 ], [ -91.322153104999984, 14.807674934000033 ], [ -91.322230238999964, 14.817718956000022 ], [ -91.323906032999957, 14.821184803000051 ], [ -91.32742336299998, 14.825004088000071 ], [ -91.329867560999958, 14.826648679000073 ], [ -91.334316410999975, 14.826457237000056 ], [ -91.33844039, 14.825083898000059 ], [ -91.34062780499994, 14.823023189000025 ], [ -91.344938984999942, 14.821454495000069 ], [ -91.348652349999952, 14.81930750600003 ], [ -91.353655014999958, 14.819346725000059 ], [ -91.356664605999981, 14.818804478000061 ], [ -91.360030235999943, 14.819019410000067 ], [ -91.362514838999971, 14.819257400000026 ], [ -91.363669619999939, 14.819973976000028 ], [ -91.36641644599996, 14.820401332000074 ], [ -91.368635187999985, 14.820244212000034 ], [ -91.369785730999979, 14.820987844000058 ], [ -91.372558485999946, 14.821213083000032 ], [ -91.374668697999937, 14.820582892000061 ], [ -91.37567086699994, 14.819034269000042 ], [ -91.378894249999973, 14.814570650000064 ], [ -91.380966918999945, 14.812574229000063 ], [ -91.381807238999954, 14.810445984000069 ], [ -91.383930918999965, 14.807120138000073 ], [ -91.387197648999972, 14.803420402000029 ], [ -91.391457969999976, 14.795982313000025 ], [ -91.391700840999988, 14.791388046000066 ], [ -91.392350101999966, 14.789317157000028 ], [ -91.395401203999938, 14.784720968000045 ], [ -91.396254390999957, 14.783096619000048 ], [ -91.398575026999936, 14.78110623200007 ], [ -91.401158919999943, 14.777487357000041 ], [ -91.403045950999967, 14.774916589000043 ], [ -91.406116504999943, 14.771970974000055 ], [ -91.41677141699995, 14.761532640000041 ], [ -91.422965214999977, 14.75409458300004 ], [ -91.425471821999963, 14.751271344000031 ], [ -91.425448206999988, 14.750761640000064 ], [ -91.425958278999985, 14.75038323900003 ], [ -91.42621774, 14.747397804000059 ], [ -91.424132438999948, 14.745569135000039 ], [ -91.421352210999942, 14.741664782000043 ], [ -91.41996816599999, 14.735414303000027 ], [ -91.419575294999959, 14.719696052000074 ], [ -91.420698421999987, 14.71388521800003 ], [ -91.422216589999948, 14.709949146000042 ], [ -91.425157722999984, 14.700758955000026 ], [ -91.425861332999943, 14.699109692000036 ], [ -91.42620726199999, 14.698375403000057 ], [ -91.426670103999982, 14.697199022000063 ], [ -91.428211579999981, 14.693377156000054 ], [ -91.42913430599998, 14.691431092000073 ], [ -91.42932875799994, 14.69069464100005 ], [ -91.429714484999977, 14.689665736000052 ], [ -91.429988363999939, 14.688451910000026 ], [ -91.430358199999944, 14.684363361000067 ], [ -91.430244662999939, 14.680268154000032 ], [ -91.429353196999955, 14.675486407000051 ], [ -91.428168334999953, 14.671895756000026 ], [ -91.426332350999985, 14.668560549000063 ], [ -91.42261806199997, 14.663932518000024 ], [ -91.416574299999979, 14.658727069000065 ], [ -91.416203724999946, 14.656114688000059 ], [ -91.41719001499996, 14.655162197000038 ], [ -91.419582957999978, 14.654106280000065 ], [ -91.423088922999966, 14.65335390000007 ], [ -91.426803655999947, 14.651883182000063 ], [ -91.431231160999971, 14.651431783000078 ], [ -91.432640122999942, 14.650593921000052 ], [ -91.434917899999959, 14.650052257000027 ], [ -91.439271471999973, 14.646842312000047 ], [ -91.439544384999977, 14.64607473500007 ], [ -91.439589659999967, 14.645006228000057 ], [ -91.43954628099999, 14.64416648100007 ], [ -91.439789877999942, 14.643441640000049 ], [ -91.440322974999958, 14.642966169000033 ], [ -91.440796463999959, 14.642715131000045 ], [ -91.447905481999953, 14.641445274000034 ], [ -91.45568444, 14.640942272000075 ], [ -91.457595276999939, 14.64024992800006 ], [ -91.46023013699994, 14.638736454000025 ], [ -91.464357432999975, 14.628687865000074 ], [ -91.465432824999937, 14.626889478000066 ], [ -91.468322477999948, 14.624243212000067 ], [ -91.472100417999968, 14.620320363000076 ], [ -91.474475216999963, 14.615669683000021 ], [ -91.482788771999935, 14.607302085000072 ], [ -91.485513694999952, 14.601871679000055 ], [ -91.488728695999953, 14.601023672000053 ], [ -91.490195551999989, 14.599445732000049 ], [ -91.491860346999943, 14.594441097000072 ], [ -91.494326225999941, 14.594459273000041 ], [ -91.496248082999955, 14.59360732500005 ], [ -91.498231291999957, 14.594655037000052 ], [ -91.499214257999938, 14.595726810000031 ], [ -91.500047514999949, 14.59637844100007 ], [ -91.500084646999937, 14.598603360000027 ], [ -91.50181693799999, 14.59919184000006 ], [ -91.505509635999942, 14.600010936000047 ], [ -91.506488707999949, 14.600121149000074 ], [ -91.506247088999942, 14.60076588000004 ], [ -91.50519677599999, 14.602956722000044 ], [ -91.504798957999981, 14.603707787000076 ], [ -91.504545120999978, 14.604184087000021 ], [ -91.502137514999959, 14.60719438700005 ], [ -91.500949467999988, 14.608810353000024 ], [ -91.50070498299999, 14.609446018000028 ], [ -91.500504588999945, 14.610080838000044 ], [ -91.500105215999952, 14.610714375000043 ], [ -91.49563268899999, 14.616115621000063 ], [ -91.49467294499999, 14.618099089000054 ], [ -91.492719047999969, 14.621148348000077 ], [ -91.491186164999988, 14.624387868000042 ], [ -91.490572680999946, 14.625526169000068 ], [ -91.489718677999974, 14.627050444000076 ], [ -91.48778611399996, 14.630435350000027 ], [ -91.484647780999978, 14.63577153600005 ], [ -91.482822841999962, 14.642466388000059 ], [ -91.481646350999938, 14.644882222000035 ], [ -91.48346184199994, 14.660999932000038 ], [ -91.485619164999946, 14.667518483000038 ], [ -91.488228725999988, 14.681460756000035 ], [ -91.489175223999951, 14.691432102000022 ], [ -91.488753237999958, 14.698194829000045 ], [ -91.488913623999963, 14.704156902000022 ], [ -91.489146695999978, 14.705204650000042 ], [ -91.490071880999949, 14.706211713000073 ], [ -91.488543062999952, 14.709172094000053 ], [ -91.48732055399995, 14.711894934000043 ], [ -91.485971012999983, 14.717209906000051 ], [ -91.485448104999989, 14.717707004000033 ], [ -91.484998842999971, 14.718885875000069 ], [ -91.483219704999954, 14.720584799000051 ], [ -91.480362697999965, 14.722196422000025 ], [ -91.47976371499999, 14.722611659000052 ], [ -91.475858835999986, 14.724158717000023 ], [ -91.472292750999941, 14.726141793000068 ], [ -91.469789455999944, 14.728699008000035 ], [ -91.466973965999955, 14.733144319000075 ], [ -91.465583021999976, 14.735241095000049 ], [ -91.46230847399994, 14.738571543000035 ], [ -91.45960450299998, 14.739829124000039 ], [ -91.45822342699995, 14.739929517000064 ], [ -91.455093361999957, 14.741020377000041 ], [ -91.449016624999956, 14.741638396000042 ], [ -91.448292311999978, 14.741948757000046 ], [ -91.446638874999962, 14.744110292000073 ], [ -91.446110932999943, 14.744641149000074 ], [ -91.445535910999979, 14.746734218000029 ], [ -91.445521480999957, 14.749175650000041 ], [ -91.444617456999936, 14.76137380800003 ], [ -91.444209179999973, 14.763764001000027 ], [ -91.443439006999938, 14.764878456000076 ], [ -91.438591724999981, 14.769322042000056 ], [ -91.422338835999938, 14.786437638000052 ], [ -91.409141714999976, 14.799629973000037 ], [ -91.408102, 14.801117508000061 ], [ -91.40631812099997, 14.808931234000056 ], [ -91.405738549999967, 14.81378644800003 ], [ -91.404105744999981, 14.819969766000042 ], [ -91.404228819999958, 14.822747638000067 ], [ -91.373532099999977, 14.841986301000077 ], [ -91.370168647999947, 14.84445136100004 ], [ -91.365562157999989, 14.847559404000037 ], [ -91.363202126999965, 14.849090383000032 ], [ -91.361753657999941, 14.850259535000077 ], [ -91.362048464999987, 14.851366548000044 ], [ -91.363058293999984, 14.854000446000043 ], [ -91.363530906999983, 14.855636324000045 ], [ -91.360030212999959, 14.858158972000069 ], [ -91.347562545999949, 14.867448839000076 ], [ -91.337267209999936, 14.875603591000072 ], [ -91.328700696999988, 14.87525438800003 ], [ -91.307314578999978, 14.875834179000037 ], [ -91.306458301999953, 14.874442805000058 ], [ -91.305152119999946, 14.866182710000032 ], [ -91.303106462999949, 14.85720993800004 ], [ -91.301950197999986, 14.855871695000076 ], [ -91.295265957999959, 14.860149048000039 ], [ -91.289259567999977, 14.861949223000067 ], [ -91.281774528999961, 14.86322866200004 ], [ -91.275777804999962, 14.862327376000053 ], [ -91.272044527999981, 14.86001501800007 ], [ -91.268499645999952, 14.85659012900004 ], [ -91.266021660999968, 14.852438935000066 ], [ -91.26423239199994, 14.846700028000043 ], [ -91.262781774999951, 14.844956085000035 ] ] ] ] } },
{ "type": "Feature", "properties": { "Codigo": 707, "datos_finales_color_riesgo": "620D00" }, "geometry": { "type": "MultiPolygon", "coordinates": [ [ [ [ -91.289920845999973, 14.744159213000046 ], [ -91.289363777999938, 14.742949661000068 ], [ -91.289371605999975, 14.721790850000048 ], [ -91.286385566999968, 14.715915601000063 ], [ -91.288155168999936, 14.714643041000045 ], [ -91.290237282999954, 14.714003166000055 ], [ -91.291607028999977, 14.71287336000006 ], [ -91.294890998999961, 14.70954899000003 ], [ -91.296361074999936, 14.707748823000031 ], [ -91.296506793999981, 14.706994093000048 ], [ -91.301233158999935, 14.701364229000035 ], [ -91.303215471999977, 14.699274021000065 ], [ -91.306969414999969, 14.696137026000031 ], [ -91.310351603999948, 14.694617316000063 ], [ -91.31738362499999, 14.692986221000069 ], [ -91.323709676999954, 14.692830918000027 ], [ -91.323414752999952, 14.693455805000042 ], [ -91.32260172299999, 14.695509479000066 ], [ -91.32117703199998, 14.697484157000076 ], [ -91.320584373999964, 14.69955297100006 ], [ -91.318329079999955, 14.702828736000072 ], [ -91.314084309999942, 14.709350478000033 ], [ -91.311767080999971, 14.712351178000063 ], [ -91.309235439999952, 14.714020566000045 ], [ -91.307847516999971, 14.715484758000059 ], [ -91.307237489999977, 14.717222375000063 ], [ -91.305890904999956, 14.719266412000025 ], [ -91.305181222999977, 14.722030232000066 ], [ -91.30662813899994, 14.724810959000024 ], [ -91.310265603999937, 14.728562318000058 ], [ -91.311218699999984, 14.729081050000048 ], [ -91.319544838999946, 14.729364205000024 ], [ -91.323133387999974, 14.730521114000055 ], [ -91.324792190999972, 14.731967916000031 ], [ -91.327216117999967, 14.734542089000058 ], [ -91.327311703999953, 14.735326832000055 ], [ -91.329096164999953, 14.737657988000024 ], [ -91.326417856999967, 14.740720607000071 ], [ -91.323924190999946, 14.742703347000031 ], [ -91.322034168999949, 14.745441724000045 ], [ -91.32022969799999, 14.747387616000026 ], [ -91.319189347999952, 14.746048079000047 ], [ -91.317826113999956, 14.745258636000074 ], [ -91.314269460999981, 14.744607985000073 ], [ -91.305936695999947, 14.74398448200003 ], [ -91.299551184999984, 14.744510398000045 ], [ -91.296233572999938, 14.744108646000029 ], [ -91.289920845999973, 14.744159213000046 ] ] ] ] } },
{ "type": "Feature", "properties": { "Codigo": 1209, "datos_finales_color_riesgo": "620D00" }, "geometry": { "type": "MultiPolygon", "coordinates": [ [ [ [ -91.870306122999978, 15.06795637700003 ], [ -91.871596751999959, 15.063684789000035 ], [ -91.872308679999946, 15.06297306700003 ], [ -91.876190992999966, 15.057518814000048 ], [ -91.878474229999938, 15.055514263000077 ], [ -91.879370347999952, 15.054481386000077 ], [ -91.882414687999983, 15.052343820000033 ], [ -91.882978038999966, 15.052348852000023 ], [ -91.885538380999947, 15.050251798000033 ], [ -91.890257905999988, 15.047490683000035 ], [ -91.890965937999965, 15.047509962000049 ], [ -91.89201686399997, 15.046765927000024 ], [ -91.898595401999955, 15.045719941000073 ], [ -91.900304631999973, 15.044707863000042 ], [ -91.90083160599994, 15.043866329000025 ], [ -91.900665042999947, 15.041427051000028 ], [ -91.900614343999962, 15.039521679000075 ], [ -91.900285563999944, 15.039127989000065 ], [ -91.900987819999955, 15.037886161000074 ], [ -91.901102114999958, 15.036229050000031 ], [ -91.901998783999943, 15.034710185000051 ], [ -91.903493444999981, 15.032207739000057 ], [ -91.909746451999979, 15.026138229000026 ], [ -91.91187929299997, 15.023054579000075 ], [ -91.913735046999989, 15.018539033000025 ], [ -91.914148707999971, 15.014903620000041 ], [ -91.914541304999943, 15.014515651000067 ], [ -91.914355357999966, 15.012429959000031 ], [ -91.915162411999972, 15.010659747000034 ], [ -91.915370756999948, 15.009113802000059 ], [ -91.916063294999958, 15.008262840000043 ], [ -91.916541959999961, 15.005787078000026 ], [ -91.91756573899994, 15.004141053000069 ], [ -91.919449865999979, 15.002710411000066 ], [ -91.922163916999978, 15.001648665000062 ], [ -91.925864740999941, 15.002254872000037 ], [ -91.929111927999941, 15.004666857000075 ], [ -91.931712661999939, 15.00804190100007 ], [ -91.936736565999979, 15.008077855000067 ], [ -91.94194158099998, 15.007103204000032 ], [ -91.947083214999964, 15.007549661000041 ], [ -91.950453892999974, 15.005927876000044 ], [ -91.951048663999984, 15.00554642000003 ], [ -91.951967655999965, 15.00519244700007 ], [ -91.955182064999974, 15.001981104000038 ], [ -91.956785159999981, 15.000316067000028 ], [ -91.959775737999962, 14.996722816000045 ], [ -91.96062776399998, 14.994457681000029 ], [ -91.960710096999946, 14.990407035000032 ], [ -91.96059468499999, 14.987223320000055 ], [ -91.961737314999937, 14.985552749000021 ], [ -91.963204231999953, 14.984731140000065 ], [ -91.96425525899997, 14.983972042000062 ], [ -91.964852340999983, 14.983213139000043 ], [ -91.966111198999954, 14.974750669000059 ], [ -91.966814775999978, 14.973714260000065 ], [ -91.967779241999949, 14.972933280000063 ], [ -91.96886366199999, 14.972468106000065 ], [ -91.970641545999968, 14.972225276000074 ], [ -91.972208377999948, 14.972363420000022 ], [ -91.973693481999987, 14.97306618600004 ], [ -91.974862204999965, 14.973937020000051 ], [ -91.975670629999968, 14.974921492000021 ], [ -91.97614350899994, 14.975947394000059 ], [ -91.976096799999937, 14.977215043000058 ], [ -91.975499956999954, 14.981602405000046 ], [ -91.975851943999942, 14.982752063000078 ], [ -91.976613244999953, 14.983263983000029 ], [ -91.977271805999976, 14.983625147000055 ], [ -91.977833005999969, 14.98392711300005 ], [ -91.978578322999965, 14.984011816000077 ], [ -91.980364991999977, 14.983896643000037 ], [ -91.982421708999937, 14.983459485000026 ], [ -91.984782119999977, 14.982219099000076 ], [ -91.986665537999954, 14.980932495000047 ], [ -91.987912027999982, 14.980611464000049 ], [ -91.990244624999946, 14.98107606700006 ], [ -91.992488393999963, 14.98201937500005 ], [ -91.993523059999973, 14.98262397700006 ], [ -91.994031177999943, 14.983469203000027 ], [ -91.994213205999984, 14.984318638000047 ], [ -91.992912045999958, 14.989490567000075 ], [ -91.992093599999976, 14.991735650000066 ], [ -91.991366182999968, 14.993281663000062 ], [ -91.990345461999937, 14.996757545000037 ], [ -91.989031651999937, 15.001984750000076 ], [ -91.988336064999942, 15.003671009000072 ], [ -91.987078839999981, 15.009451015000025 ], [ -91.987072793999971, 15.012708774000032 ], [ -91.987887650999937, 15.017305843000031 ], [ -91.989514241999984, 15.018778681000072 ], [ -91.990201034999984, 15.019839410000031 ], [ -91.990618160999986, 15.022123860000022 ], [ -91.988977051999939, 15.025951783000039 ], [ -91.988973571999963, 15.028667150000047 ], [ -91.989775813999984, 15.029289956000071 ], [ -91.991379222999967, 15.029036047000034 ], [ -91.996010622999961, 15.023993020000034 ], [ -91.999066403999961, 15.022567999000046 ], [ -92.000378221999938, 15.022374888000058 ], [ -92.006440495999982, 15.022610505000046 ], [ -92.017195440999956, 15.021689953000077 ], [ -92.021760301999961, 15.020628215000045 ], [ -92.025080441999989, 15.018166620000045 ], [ -92.027868136999984, 15.014264196000056 ], [ -92.029181861999973, 15.010672980000038 ], [ -92.031085216999941, 15.001868128000069 ], [ -92.032917706999967, 14.998703971000054 ], [ -92.03432270899998, 14.996231813000065 ], [ -92.040077789999941, 14.990520176000075 ], [ -92.041363949999948, 14.989382015000047 ], [ -92.043273343999942, 14.990566387000058 ], [ -92.053638799999987, 14.992450477000034 ], [ -92.061688938999964, 14.994541543000025 ], [ -92.062662394999961, 14.994848396000066 ], [ -92.06370635799999, 14.995250458000044 ], [ -92.064585576999946, 14.995574995000027 ], [ -92.066028126999981, 14.995883760000027 ], [ -92.067334698999957, 14.996049579000044 ], [ -92.068125260999977, 14.995909299000061 ], [ -92.069320654999956, 14.99543957700007 ], [ -92.069867512999963, 14.995198855000069 ], [ -92.070578246999958, 14.995102315000054 ], [ -92.071612782999978, 14.995133653000039 ], [ -92.072310723999976, 14.995308261000048 ], [ -92.07276968299999, 14.995635578000076 ], [ -92.073131580999984, 14.996095840000066 ], [ -92.073424723999949, 14.996594243000061 ], [ -92.073621677999938, 14.997157796000067 ], [ -92.073640801999943, 14.997981664000065 ], [ -92.073574218999966, 14.998865071000068 ], [ -92.073321130999943, 14.999592909000057 ], [ -92.073119047999967, 15.000354853000033 ], [ -92.072831209999947, 15.001187638000033 ], [ -92.072605882999937, 15.00208169900003 ], [ -92.07178216799997, 15.004511286000024 ], [ -92.07141504399999, 15.006740454000067 ], [ -92.07125139499999, 15.007483342000057 ], [ -92.070816071999957, 15.008272583000064 ], [ -92.069476839999936, 15.009993786000052 ], [ -92.068808589999946, 15.010470182000063 ], [ -92.068027902999972, 15.011270434000039 ], [ -92.067530469999951, 15.012167893000026 ], [ -92.067575200999954, 15.013247247000038 ], [ -92.067881580999938, 15.013644009000075 ], [ -92.068582841999955, 15.014138440000067 ], [ -92.069469277999985, 15.014561306000076 ], [ -92.070676487999947, 15.014878127000031 ], [ -92.072711278999975, 15.015114693000044 ], [ -92.07558460499996, 15.015293629000041 ], [ -92.077139055999965, 15.015299940000034 ], [ -92.078570522999939, 15.015245851000032 ], [ -92.080593773999965, 15.015194143000031 ], [ -92.081630115999985, 15.015234490000068 ], [ -92.082467939999958, 15.015477435000037 ], [ -92.083182114999943, 15.015815932000066 ], [ -92.083560687999977, 15.016740689000073 ], [ -92.083495316999972, 15.017483982000044 ], [ -92.083295429999964, 15.018143111000029 ], [ -92.082758791999936, 15.019519581000054 ], [ -92.082324319999941, 15.020248954000067 ], [ -92.081849904999956, 15.021482156000047 ], [ -92.081193147999954, 15.022259222000059 ], [ -92.080463345999988, 15.022579459000042 ], [ -92.079573681999989, 15.023032388000047 ], [ -92.078361970999936, 15.023615093000046 ], [ -92.077878457999986, 15.024115994000056 ], [ -92.077270612999939, 15.024869514000045 ], [ -92.076734856999963, 15.026162347000025 ], [ -92.076604809999935, 15.027743852000071 ], [ -92.076785711999946, 15.028667815000063 ], [ -92.077214253999955, 15.02946170000007 ], [ -92.078272866999953, 15.030017447000034 ], [ -92.079715979999946, 15.030525023000052 ], [ -92.079290604999983, 15.031700786000044 ], [ -92.07911734399994, 15.032245886000055 ], [ -92.079005176999942, 15.032778802000053 ], [ -92.078976326999964, 15.033811526000022 ], [ -92.079278036999938, 15.03463088500007 ], [ -92.079434361999972, 15.035188618000063 ], [ -92.07926028299994, 15.035923560000072 ], [ -92.078745752999964, 15.03646614400003 ], [ -92.078559711999958, 15.037142275000065 ], [ -92.078507620999972, 15.037900307000029 ], [ -92.078595105999966, 15.040272579000032 ], [ -92.078273338999963, 15.041279253000027 ], [ -92.077966117999949, 15.04174131700006 ], [ -92.077683419999971, 15.042178616000058 ], [ -92.07752163899994, 15.042889874000025 ], [ -92.077481716999955, 15.043790338000065 ], [ -92.077587396999945, 15.044633764000025 ], [ -92.078023925999958, 15.045335020000039 ], [ -92.07769172199994, 15.045926932000043 ], [ -92.076885971999957, 15.046041181000078 ], [ -92.07638609299994, 15.045874166000033 ], [ -92.075046396999937, 15.045227991000047 ], [ -92.073877483999979, 15.044618666000076 ], [ -92.07321953, 15.044437440000024 ], [ -92.072645074999969, 15.044577478000065 ], [ -92.072229306999986, 15.044860543000027 ], [ -92.071555069999988, 15.045486080000046 ], [ -92.071015714999987, 15.046112166000057 ], [ -92.070256053999969, 15.046726048000039 ], [ -92.070069054999976, 15.04761460800006 ], [ -92.06995275, 15.049227798000061 ], [ -92.069949921999978, 15.049879806000035 ], [ -92.069908767999948, 15.05092264600006 ], [ -92.069747722999978, 15.051456485000074 ], [ -92.069292670999971, 15.052212863000022 ], [ -92.069034409999972, 15.052638949000027 ], [ -92.068750491999936, 15.053349697000044 ], [ -92.068687500999943, 15.053930267000055 ], [ -92.068658596999967, 15.054961856000034 ], [ -92.068983511999988, 15.055923704000065 ], [ -92.069323536999946, 15.056352246000074 ], [ -92.069663565999974, 15.056780788000026 ], [ -92.070294666999985, 15.057530314000076 ], [ -92.070965374999957, 15.05772855500004 ], [ -92.071648149999987, 15.057826272000057 ], [ -92.072281225999973, 15.058256006000022 ], [ -92.072339556999964, 15.058884535000061 ], [ -92.072334679999983, 15.060011143000054 ], [ -92.072636787999954, 15.060605639000073 ], [ -92.072999759999959, 15.061377794000066 ], [ -92.07244813899996, 15.061873878000029 ], [ -92.071592707999969, 15.062167575000046 ], [ -92.070932698999968, 15.062448506000067 ], [ -92.070088272999953, 15.062884624000048 ], [ -92.069805801999962, 15.063393106000035 ], [ -92.069583745999978, 15.063914262000026 ], [ -92.069349429999988, 15.064446669000063 ], [ -92.069004750999966, 15.065085976000034 ], [ -92.068465438999965, 15.065688321000039 ], [ -92.068060788999958, 15.066077644000075 ], [ -92.067497344999936, 15.066478744000051 ], [ -92.067057207999937, 15.066737967000051 ], [ -92.066249184999947, 15.067221679000056 ], [ -92.065611758999978, 15.067918535000047 ], [ -92.065219360999947, 15.068296602000032 ], [ -92.064815696999972, 15.068591004000041 ], [ -92.064020444999983, 15.068943678000039 ], [ -92.063360607999982, 15.069178256000043 ], [ -92.062675973999944, 15.069365269000059 ], [ -92.061968282999942, 15.069373644000052 ], [ -92.061126945999945, 15.069227780000062 ], [ -92.060345978999976, 15.069105895000064 ], [ -92.059845448999965, 15.069211171000063 ], [ -92.059389498999963, 15.069492915000069 ], [ -92.058936331999973, 15.070463977000031 ], [ -92.05856782699999, 15.071090733000062 ], [ -92.058126565999942, 15.071468587000027 ], [ -92.055026705999978, 15.074101049000035 ], [ -92.054524409999942, 15.074602940000034 ], [ -92.054033036999954, 15.075264207000032 ], [ -92.053773926999952, 15.075868811000078 ], [ -92.053454660999989, 15.076400844000034 ], [ -92.052915061999954, 15.076920657000073 ], [ -92.051898969999968, 15.077627186000029 ], [ -92.05115319, 15.077826336000044 ], [ -92.050469522999947, 15.07791839500004 ], [ -92.049907596999958, 15.077963500000067 ], [ -92.048906121999948, 15.078125413000066 ], [ -92.048049652999964, 15.078631451000035 ], [ -92.047425454999939, 15.078948621000052 ], [ -92.046619721999946, 15.079028854000057 ], [ -92.045337858999972, 15.079082219000043 ], [ -92.044556391999947, 15.079197578000048 ], [ -92.043724223999959, 15.079597482000054 ], [ -92.043332401999976, 15.079963080000027 ], [ -92.042865507999977, 15.080601824000041 ], [ -92.041490715999942, 15.082315884000025 ], [ -92.040830126999936, 15.082704073000059 ], [ -92.040168842999947, 15.083117116000039 ], [ -92.039642734999973, 15.08347083700005 ], [ -92.039213894999989, 15.083788813000069 ], [ -92.038772205999976, 15.084249112000066 ], [ -92.038378553999962, 15.085018105000074 ], [ -92.038254248999976, 15.085504610000044 ], [ -92.038091018999978, 15.086499455000023 ], [ -92.038100080999982, 15.087200095000071 ], [ -92.038301600999944, 15.088552438000022 ], [ -92.038481682999986, 15.089241377000064 ], [ -92.038855299999966, 15.090214769000056 ], [ -92.038911877999965, 15.091211673000032 ], [ -92.03884729899994, 15.091994495000051 ], [ -92.038539974999935, 15.09244293200004 ], [ -92.037868150999941, 15.092606188000047 ], [ -92.037027223999985, 15.092354013000033 ], [ -92.036308750999979, 15.091900086000066 ], [ -92.035578378999958, 15.091505996000024 ], [ -92.034907743999952, 15.091277137000077 ], [ -92.03412702899999, 15.091215049000027 ], [ -92.033173742999963, 15.091507042000046 ], [ -92.032658106999975, 15.092109392000054 ], [ -92.032436086999951, 15.092595475000053 ], [ -92.03226222, 15.093235446000051 ], [ -92.032088773999988, 15.093910447000042 ], [ -92.031901349999941, 15.094846418000031 ], [ -92.031725869999946, 15.095841201000042 ], [ -92.031393561999948, 15.09640930200004 ], [ -92.030526861999988, 15.096453052000072 ], [ -92.029759432999981, 15.096022625000046 ], [ -92.028614438999966, 15.095496785000023 ], [ -92.027688466999962, 15.09514815700004 ], [ -92.02715171599999, 15.09514585200003 ], [ -92.026455246999944, 15.095226479000075 ], [ -92.025673661999974, 15.095353067000076 ], [ -92.024513276999983, 15.095526613000061 ], [ -92.023071098999935, 15.095898945000044 ], [ -92.022092974999964, 15.096274401000073 ], [ -92.02113808699994, 15.096781036000039 ], [ -92.020416576999935, 15.097121436000066 ], [ -92.019647193999958, 15.097248056000069 ], [ -92.018841950999956, 15.097078457000066 ], [ -92.01818209399994, 15.097289166000053 ], [ -92.017887198999972, 15.097679998000046 ], [ -92.017394184999944, 15.098662087000037 ], [ -92.016769595999961, 15.099169004000032 ], [ -92.01601035799996, 15.099616576000074 ], [ -92.015423384999963, 15.099910082000065 ], [ -92.015054716999941, 15.100406808000059 ], [ -92.01500297199999, 15.101034863000052 ], [ -92.015024990999962, 15.101557017000061 ], [ -92.014776472999984, 15.102481405000049 ], [ -92.014090583999973, 15.103035505000037 ], [ -92.013758056999961, 15.103638605000071 ], [ -92.013473879999935, 15.104349266000042 ], [ -92.013271721999956, 15.105055762000063 ], [ -92.013935982999953, 15.107298313000058 ], [ -92.013518701999942, 15.109502248000069 ], [ -92.013263336999955, 15.111275230000047 ], [ -92.013326749999976, 15.113662060000024 ], [ -92.013585902999978, 15.116229412000052 ], [ -92.01365552499999, 15.117272701000047 ], [ -92.013873258999979, 15.118233019000058 ], [ -92.013894808999964, 15.118855740000072 ], [ -92.013621094999962, 15.119311065000034 ], [ -92.013002363999988, 15.119667704000051 ], [ -92.012235846999943, 15.120036124000023 ], [ -92.011851714999978, 15.12034632600006 ], [ -92.011601872999961, 15.120920402000024 ], [ -92.011562619999907, 15.121484097000064 ], [ -92.011856265999938, 15.122000659000037 ], [ -92.012249115999964, 15.122446462000028 ], [ -92.012640361999956, 15.123239169000044 ], [ -92.012167925999961, 15.124028101000022 ], [ -92.011647689999961, 15.124337707000052 ], [ -92.010671305999949, 15.124681472000077 ], [ -92.009854529999984, 15.125097124000035 ], [ -92.009542545999977, 15.125899184000048 ], [ -92.009758485999953, 15.126992834000077 ], [ -92.008477073999984, 15.126887775000057 ], [ -92.002504495999972, 15.126242258000048 ], [ -91.997613618999935, 15.127238739000063 ], [ -91.994897938999941, 15.127009721000036 ], [ -91.993025111999941, 15.127995775000045 ], [ -91.991734159999965, 15.129541492000044 ], [ -91.990728049999973, 15.130747219000057 ], [ -91.990578148999987, 15.131450530000052 ], [ -91.988515655999947, 15.131578036000064 ], [ -91.984727517999943, 15.131814161000023 ], [ -91.982937566999965, 15.131382366000025 ], [ -91.979305376999946, 15.131361466000044 ], [ -91.975088361999951, 15.132489308000061 ], [ -91.971202404999985, 15.13479262900006 ], [ -91.970774868999968, 15.135160185000075 ], [ -91.970206800999961, 15.13584236500003 ], [ -91.968488119999961, 15.138231212000051 ], [ -91.967958634999945, 15.138869492000026 ], [ -91.967037442999981, 15.140999812000075 ], [ -91.966092712999966, 15.142583111000022 ], [ -91.964071052999941, 15.143979538000053 ], [ -91.961994311999945, 15.144379051000044 ], [ -91.956271113999946, 15.143353765000029 ], [ -91.952638700999955, 15.143342592000067 ], [ -91.952517807999982, 15.129241064000041 ], [ -91.953321290999952, 15.12681759700007 ], [ -91.953348162999987, 15.121933959000046 ], [ -91.952146134999964, 15.11989217200005 ], [ -91.949803060999955, 15.118556969000053 ], [ -91.948076894999986, 15.117613324000047 ], [ -91.946021307999956, 15.11719357000004 ], [ -91.93537622599996, 15.117721120000056 ], [ -91.931777747999945, 15.117296229000033 ], [ -91.926051822999966, 15.11826461000004 ], [ -91.923405634999938, 15.119872400000077 ], [ -91.922809514999983, 15.120445844000074 ], [ -91.92103958499996, 15.123464585000022 ], [ -91.91799679899998, 15.125843308000071 ], [ -91.916844061999939, 15.12733047200004 ], [ -91.915057141999966, 15.128858652000076 ], [ -91.91147069699997, 15.130495670000073 ], [ -91.90743600199994, 15.130838915000027 ], [ -91.903283533999968, 15.131009759000051 ], [ -91.902000249999958, 15.130716517000053 ], [ -91.900641790999941, 15.130001426000035 ], [ -91.897056649999968, 15.130802045000053 ], [ -91.89518030399995, 15.130587225000056 ], [ -91.894294523999974, 15.129910567000024 ], [ -91.891858328999945, 15.128085052000074 ], [ -91.89016260599999, 15.127478982000071 ], [ -91.888280485999985, 15.127264079000042 ], [ -91.887005538999972, 15.127611481000031 ], [ -91.886494517999949, 15.128239478000069 ], [ -91.879672675999984, 15.128493896000066 ], [ -91.879053027999987, 15.127985735000038 ], [ -91.87722372199994, 15.127683995000041 ], [ -91.875269969999977, 15.125726243000031 ], [ -91.875242388999936, 15.12511141300007 ], [ -91.874094218999971, 15.124358799000049 ], [ -91.87357183499995, 15.123278222000067 ], [ -91.871415608999939, 15.119810948000065 ], [ -91.870346450999989, 15.11644513400006 ], [ -91.870331523999937, 15.115639404000035 ], [ -91.86926882299997, 15.11413464900005 ], [ -91.868604889999972, 15.111680465000063 ], [ -91.867905456999949, 15.11076848600004 ], [ -91.867818751999948, 15.107049384000049 ], [ -91.868818104999946, 15.10645211700006 ], [ -91.870303981999939, 15.105787220000025 ], [ -91.872092006999935, 15.104067311000051 ], [ -91.872707920999972, 15.103504274000045 ], [ -91.873289886999942, 15.101769304000072 ], [ -91.873889108999947, 15.100619735000066 ], [ -91.874390966999954, 15.09973747600003 ], [ -91.87484367899998, 15.096370203000049 ], [ -91.87462441699995, 15.094277568000052 ], [ -91.873833260999959, 15.092457797000066 ], [ -91.870521296999982, 15.089208506000034 ], [ -91.869711093999967, 15.086491447000071 ], [ -91.869775030999961, 15.074829510000029 ], [ -91.87019298499996, 15.073639491000051 ], [ -91.869952829999988, 15.070998719000045 ], [ -91.870306122999978, 15.06795637700003 ] ] ] ] } },
{ "type": "Feature", "properties": { "Codigo": 1419, "datos_finales_color_riesgo": "620D00" }, "geometry": { "type": "MultiPolygon", "coordinates": [ [ [ [ -90.635537101999944, 15.590420790000053 ], [ -90.636902789999965, 15.589947633000065 ], [ -90.638343242999952, 15.589252801000043 ], [ -90.639785212999982, 15.58842472300006 ], [ -90.640742931999966, 15.587812776000021 ], [ -90.641263444999936, 15.587429891000056 ], [ -90.641688654999939, 15.586311960000046 ], [ -90.641753084999948, 15.585668965000025 ], [ -90.641776528999969, 15.584635935000051 ], [ -90.641640732999974, 15.582447084000023 ], [ -90.640944150999985, 15.581261784000048 ], [ -90.640471662999971, 15.580501234000053 ], [ -90.639440718999936, 15.579469312000072 ], [ -90.638362132999987, 15.578580293000073 ], [ -90.637484168999947, 15.578181268000037 ], [ -90.636150801999975, 15.577567306000049 ], [ -90.63558282799994, 15.577161440000054 ], [ -90.63486745199998, 15.576554110000075 ], [ -90.634324742999979, 15.575926051000067 ], [ -90.633904535999989, 15.575588400000072 ], [ -90.632809705999989, 15.575155406000022 ], [ -90.63197549099999, 15.574956713000063 ], [ -90.630716098999983, 15.574855072000048 ], [ -90.62910048699996, 15.574881709000067 ], [ -90.627323229999945, 15.574984511000025 ], [ -90.626189222999983, 15.574972279000065 ], [ -90.625285254999937, 15.574863151000045 ], [ -90.62375620499995, 15.574302340000031 ], [ -90.622868498999935, 15.573792490000073 ], [ -90.621803203999946, 15.572770294000065 ], [ -90.620898852999971, 15.571683207000035 ], [ -90.62014705699994, 15.570298515000047 ], [ -90.619688617999941, 15.569338206000054 ], [ -90.619370249999974, 15.568101615000046 ], [ -90.619112856999948, 15.566577725000059 ], [ -90.618815361999964, 15.565552530000048 ], [ -90.618527848999975, 15.564671988000043 ], [ -90.618203732999973, 15.563935595000032 ], [ -90.617720430999952, 15.563163601000042 ], [ -90.617042717999936, 15.562278836000075 ], [ -90.616271726999969, 15.561604230000057 ], [ -90.615469502999986, 15.560607449000031 ], [ -90.615133061999984, 15.559981587000038 ], [ -90.614813383999945, 15.558912108000072 ], [ -90.614618994999944, 15.557888029000026 ], [ -90.614281586999937, 15.557296034000046 ], [ -90.61378756199997, 15.556446 ], [ -90.613454909999973, 15.555997470000023 ], [ -90.61327657399994, 15.555249102000062 ], [ -90.61365058199999, 15.554585766000059 ], [ -90.61406085699997, 15.55380763900007 ], [ -90.614002247999963, 15.552929572000039 ], [ -90.613665429999969, 15.552337584000043 ], [ -90.613348960999986, 15.551900523000029 ], [ -90.612773292999975, 15.551161401000059 ], [ -90.612632019999978, 15.550482319000025 ], [ -90.612686474999975, 15.549750024000048 ], [ -90.612958149999898, 15.549020081000037 ], [ -90.61336694299996, 15.548369543000035 ], [ -90.613840124999967, 15.547589836000043 ], [ -90.613459521999971, 15.546097358000054 ], [ -90.61318298499998, 15.545228227000052 ], [ -90.612891416999958, 15.544703353000045 ], [ -90.612519497999983, 15.544176482000069 ], [ -90.611849146999987, 15.543670090000035 ], [ -90.610823137999944, 15.543247923000024 ], [ -90.610021131999986, 15.542239839000047 ], [ -90.609131811999987, 15.540875095000047 ], [ -90.608505137999941, 15.539613700000075 ], [ -90.607959803999961, 15.538218807000021 ], [ -90.607817008999973, 15.53767295800003 ], [ -90.60760533399997, 15.536182312000051 ], [ -90.607418024999959, 15.534548513000061 ], [ -90.60722126099995, 15.532724896000047 ], [ -90.607059973999981, 15.529845818000069 ], [ -90.607196904999967, 15.527871115000039 ], [ -90.607233147999978, 15.526749032000055 ], [ -90.607006690999981, 15.525530373000038 ], [ -90.606737921999979, 15.524950410000031 ], [ -90.606166187999975, 15.523878196000055 ], [ -90.605748525999957, 15.522374022000065 ], [ -90.605306806999977, 15.520936210000059 ], [ -90.604674708999937, 15.519141750000074 ], [ -90.604326086999947, 15.51756040500004 ], [ -90.604311315999951, 15.516872531000047 ], [ -90.604375015999949, 15.515339703000052 ], [ -90.604491653999958, 15.514164289000064 ], [ -90.604741480999962, 15.513356198000054 ], [ -90.605178428999977, 15.512228300000061 ], [ -90.605292374999976, 15.511285482000062 ], [ -90.605242805999978, 15.510584809000022 ], [ -90.60488720099994, 15.509659483000064 ], [ -90.604529362999983, 15.508877550000022 ], [ -90.60423018299997, 15.50800816800006 ], [ -90.604195135999987, 15.507108906000042 ], [ -90.604142191999983, 15.505741938000028 ], [ -90.604228496999951, 15.505175991000044 ], [ -90.604533124999989, 15.504613539000047 ], [ -90.604928015999974, 15.504151440000044 ], [ -90.605561637999983, 15.503791303000071 ], [ -90.608629987999961, 15.502914358000055 ], [ -90.609813936999956, 15.502548868000076 ], [ -90.610895452999955, 15.502128060000075 ], [ -90.611451851999959, 15.501544605000049 ], [ -90.611870993999958, 15.499983987000064 ], [ -90.611917853999955, 15.498895889000039 ], [ -90.612385701999983, 15.498061906000032 ], [ -90.612880034999989, 15.497912538000037 ], [ -90.613727288999939, 15.497910397000055 ], [ -90.614583258999971, 15.498163557000055 ], [ -90.615860276999967, 15.498666305000029 ], [ -90.618147995999948, 15.499945582000066 ], [ -90.618623271999979, 15.500138162000042 ], [ -90.619586260999938, 15.500048034000031 ], [ -90.620371381999973, 15.499523478000071 ], [ -90.620993392999935, 15.498241687000075 ], [ -90.621581469999967, 15.496871444000021 ], [ -90.622370901999943, 15.495968623000067 ], [ -90.622868206999954, 15.495507584000052 ], [ -90.623757876999946, 15.494850885000062 ], [ -90.62480143199997, 15.494740138000054 ], [ -90.625365098999964, 15.494535022000036 ], [ -90.626129437999964, 15.49378775200006 ], [ -90.627169046999938, 15.492032739000024 ], [ -90.627593411999953, 15.490971265000042 ], [ -90.627971276999972, 15.489953330000048 ], [ -90.628482803999987, 15.489315135000027 ], [ -90.629108567999936, 15.488666869000042 ], [ -90.630182531999935, 15.487877729000047 ], [ -90.631382376999966, 15.487180273000035 ], [ -90.63216304599996, 15.486988751000069 ], [ -90.633322526999962, 15.486767403000044 ], [ -90.634171588999948, 15.486654526000052 ], [ -90.634768932999975, 15.486506205000069 ], [ -90.635263799999962, 15.486255152000069 ], [ -90.635819018999939, 15.485817283000074 ], [ -90.63628954, 15.485197823000021 ], [ -90.637607790999937, 15.48458177200007 ], [ -90.638263033999976, 15.484410345000072 ], [ -90.63891718299999, 15.484284074000072 ], [ -90.639433418999943, 15.48420150000004 ], [ -90.640009746999965, 15.483851928000036 ], [ -90.64060535599998, 15.482880327000032 ], [ -90.640947778999987, 15.481951196000068 ], [ -90.641240251999989, 15.481370479000077 ], [ -90.641660363999961, 15.480726750000031 ], [ -90.641920382999956, 15.480029369000022 ], [ -90.641869798999949, 15.479406598000025 ], [ -90.641773293999961, 15.47882850600007 ], [ -90.641618668999968, 15.477778887000056 ], [ -90.641679586999942, 15.477027437000061 ], [ -90.64184622, 15.476452152000036 ], [ -90.642069236999987, 15.475988134000033 ], [ -90.642429769999978, 15.475514292000071 ], [ -90.642829554999935, 15.475070226000071 ], [ -90.64313711899996, 15.474491922000027 ], [ -90.643535485999962, 15.473915714000043 ], [ -90.643861281999989, 15.473475375000078 ], [ -90.644728274999977, 15.472750570000073 ], [ -90.645408300999975, 15.472391918000028 ], [ -90.646258354999986, 15.472134448000077 ], [ -90.647212911999986, 15.471800165000047 ], [ -90.64814518899999, 15.471376429000031 ], [ -90.649136230999943, 15.470852803000071 ], [ -90.649760739999977, 15.470304956000064 ], [ -90.650365357999988, 15.469662035000056 ], [ -90.650770465999983, 15.469105081000066 ], [ -90.651091243999986, 15.468075186000021 ], [ -90.651088955999967, 15.466264916000057 ], [ -90.651125566999951, 15.465032123000071 ], [ -90.651241249999941, 15.463911969000037 ], [ -90.651326098999959, 15.462479802000075 ], [ -90.651290328999949, 15.461624552000046 ], [ -90.651114348999954, 15.459934402000044 ], [ -90.650775861999989, 15.458509040000024 ], [ -90.650375907999944, 15.457372123000027 ], [ -90.649963111999966, 15.456445117000044 ], [ -90.649607966999952, 15.455413698000029 ], [ -90.649539664999963, 15.454397745000051 ], [ -90.649245647999976, 15.453005604000055 ], [ -90.649106468999946, 15.452183135000041 ], [ -90.649114363999956, 15.451483061000033 ], [ -90.649218650999956, 15.450340199000038 ], [ -90.649362397999937, 15.449518474000058 ], [ -90.649463770999944, 15.44894361300004 ], [ -90.649892360999957, 15.448106838000058 ], [ -90.650453555999945, 15.446971078000047 ], [ -90.651657831999955, 15.445697581000047 ], [ -90.653910047999943, 15.443537379000077 ], [ -90.65573690399998, 15.441874058000053 ], [ -90.659012331999975, 15.438893447000055 ], [ -90.65970908099996, 15.438017693000063 ], [ -90.661236065999958, 15.436612017000073 ], [ -90.662785567999947, 15.435273193000057 ], [ -90.663937942999951, 15.434619046000023 ], [ -90.664856596999982, 15.434406247000027 ], [ -90.665680796999936, 15.434414921000041 ], [ -90.667006574999959, 15.434651341000063 ], [ -90.668146028999956, 15.435152308000056 ], [ -90.669567479999955, 15.436049233000062 ], [ -90.67715048499997, 15.440904614000033 ], [ -90.677766762999966, 15.441133542000046 ], [ -90.679184736999957, 15.44130423200005 ], [ -90.680079103999958, 15.441340696000054 ], [ -90.680638298999952, 15.441363485000068 ], [ -90.68201338099999, 15.441255899000055 ], [ -90.68343630399994, 15.440981665000038 ], [ -90.684094891999962, 15.440808983000068 ], [ -90.684975360999942, 15.440576503000045 ], [ -90.685709447999955, 15.440472365000062 ], [ -90.687025626999969, 15.440531270000065 ], [ -90.688167889999988, 15.440787113000056 ], [ -90.689674534999938, 15.441257929000074 ], [ -90.691217774999984, 15.441473892000033 ], [ -90.692098266999949, 15.441502255000046 ], [ -90.692843184999958, 15.441524690000051 ], [ -90.69421811699999, 15.44148365500007 ], [ -90.694973437999977, 15.441512965000072 ], [ -90.695590635999963, 15.441608596000037 ], [ -90.696970869999973, 15.442089344000067 ], [ -90.69813107899995, 15.442778986000064 ], [ -90.69885917, 15.443219073000023 ], [ -90.70001261499999, 15.443520148000061 ], [ -90.700825074999955, 15.443595206000055 ], [ -90.70165153399995, 15.44340388300003 ], [ -90.702078363999988, 15.443130494000059 ], [ -90.70281388799998, 15.441839392000077 ], [ -90.703606720999971, 15.440206695000029 ], [ -90.703903363999984, 15.439595415000042 ], [ -90.705618398999945, 15.436736769000049 ], [ -90.706830303999936, 15.434788790000027 ], [ -90.707411242999967, 15.434050565000064 ], [ -90.708537579999984, 15.432629086000077 ], [ -90.709069226999986, 15.432190749000029 ], [ -90.709496545999968, 15.431816836000053 ], [ -90.709879884999964, 15.431365672000027 ], [ -90.710233414999948, 15.430447788000038 ], [ -90.710327164999967, 15.429171482000072 ], [ -90.710421009999948, 15.427939220000042 ], [ -90.710748424999963, 15.427331632000062 ], [ -90.711524340999972, 15.42654006600003 ], [ -90.713410242999942, 15.424749182000028 ], [ -90.714386800999989, 15.424026305000041 ], [ -90.715245979999963, 15.423390299000062 ], [ -90.715871761999949, 15.422697680000056 ], [ -90.716219787999989, 15.422278891000076 ], [ -90.717196805999947, 15.420872752000037 ], [ -90.717592498999977, 15.420299731000057 ], [ -90.717769789999977, 15.419789963000028 ], [ -90.717778522999936, 15.418990482000027 ], [ -90.71787229399996, 15.417600102000051 ], [ -90.717803510999943, 15.416702703000055 ], [ -90.716486462999967, 15.414656358000059 ], [ -90.715772511999944, 15.413938664000057 ], [ -90.71529843799999, 15.413322817000051 ], [ -90.715051766999977, 15.412831278000056 ], [ -90.714748197999938, 15.412060207000025 ], [ -90.714735913999959, 15.411373444000048 ], [ -90.714779845999942, 15.410496403000025 ], [ -90.714908199999968, 15.409830286000044 ], [ -90.715582365999978, 15.407581935000053 ], [ -90.716141886999935, 15.406502394000029 ], [ -90.716620754999951, 15.405505595000022 ], [ -90.716805169999986, 15.404342014000065 ], [ -90.71675616899995, 15.403552104000028 ], [ -90.716241949999983, 15.402402801000051 ], [ -90.715749071999937, 15.40143215300003 ], [ -90.715323090999959, 15.400571738000053 ], [ -90.715138316999969, 15.400062766000076 ], [ -90.714489651999941, 15.398275133000027 ], [ -90.714215320999983, 15.397173468000062 ], [ -90.713915136999958, 15.394282670000052 ], [ -90.713856900999986, 15.389116487000024 ], [ -90.713389549999988, 15.387889742000027 ], [ -90.712971340999957, 15.387386276000029 ], [ -90.712019063999946, 15.386543033000066 ], [ -90.711007481999957, 15.385855024000023 ], [ -90.710167666999951, 15.38521395600003 ], [ -90.709430166999937, 15.384584099000051 ], [ -90.709002621999957, 15.383924684000021 ], [ -90.708804523999959, 15.383199871000045 ], [ -90.708718035999937, 15.382699815000024 ], [ -90.708657025999969, 15.381999 ], [ -90.708551837999948, 15.381187055000055 ], [ -90.70827342199999, 15.380462544000068 ], [ -90.707494322999935, 15.379487809000068 ], [ -90.707109017999983, 15.379117936000057 ], [ -90.706607754999936, 15.37886770700004 ], [ -90.705293990999962, 15.378621521000071 ], [ -90.704015665999975, 15.378275186000053 ], [ -90.703367715999946, 15.377868718000059 ], [ -90.701959745999943, 15.376820847000033 ], [ -90.700690584999961, 15.375641144000042 ], [ -90.699526988999935, 15.374229885000034 ], [ -90.699121580999986, 15.373626022000053 ], [ -90.698865291999937, 15.372957069000051 ], [ -90.698913863999962, 15.372137678000058 ], [ -90.699215359999982, 15.371338971000057 ], [ -90.699131189999946, 15.370683091000046 ], [ -90.698281333999944, 15.369852157000025 ], [ -90.697873134999952, 15.369503493000025 ], [ -90.69760299699999, 15.369089625000072 ], [ -90.69723266599999, 15.368419492000044 ], [ -90.696866119999981, 15.367404954000051 ], [ -90.696291144999975, 15.36661073700003 ], [ -90.695335518999968, 15.366033928000036 ], [ -90.694158450999964, 15.365855736000071 ], [ -90.692631592999987, 15.36578684400007 ], [ -90.691320762999965, 15.365759709000031 ], [ -90.690394932999936, 15.36564960000004 ], [ -90.689630092999948, 15.365453071000047 ], [ -90.688295346999951, 15.365062028000068 ], [ -90.686942847999944, 15.364170505000061 ], [ -90.685352627999976, 15.363042736000068 ], [ -90.684671169999945, 15.362569245000032 ], [ -90.684137728999985, 15.362130041000057 ], [ -90.683455900999945, 15.361690423000027 ], [ -90.68271485799994, 15.361448949000078 ], [ -90.681799112999954, 15.361429256000065 ], [ -90.680819372999963, 15.361460844000021 ], [ -90.679706859999953, 15.361185 ], [ -90.67913803, 15.360842539000032 ], [ -90.678537325999969, 15.360593478000055 ], [ -90.677391718999957, 15.360416658000076 ], [ -90.676212871999951, 15.360404366000068 ], [ -90.675469004999968, 15.360419191000062 ], [ -90.674841158999982, 15.360256795000055 ], [ -90.67435063299996, 15.360095830000034 ], [ -90.67364089199998, 15.360077127000068 ], [ -90.672793424999952, 15.360146200000031 ], [ -90.672095432999981, 15.360117451000065 ], [ -90.671581605999961, 15.360011573000065 ], [ -90.670966506999946, 15.359749919000024 ], [ -90.670135649999963, 15.359318870000038 ], [ -90.669532475999972, 15.358979417000057 ], [ -90.668895307999946, 15.358662192000054 ], [ -90.667927522999946, 15.358195824000063 ], [ -90.66721716099994, 15.358233561000077 ], [ -90.666755791999947, 15.358539289000078 ], [ -90.66616626299998, 15.359014198000068 ], [ -90.665539747999958, 15.359518082000022 ], [ -90.665092500999947, 15.359809274000042 ], [ -90.664072382999962, 15.359966847000067 ], [ -90.662985983999988, 15.359910282000044 ], [ -90.662370179999982, 15.359243177000053 ], [ -90.661823485999946, 15.358432250000021 ], [ -90.661155259999987, 15.357770239000047 ], [ -90.659154823999984, 15.356084644000077 ], [ -90.657324226999947, 15.354408723000063 ], [ -90.65508413799995, 15.353085342000043 ], [ -90.65313765799999, 15.352099306000071 ], [ -90.65184947299997, 15.35161934000007 ], [ -90.650148617999946, 15.351201643000024 ], [ -90.648502273999952, 15.351061190000053 ], [ -90.647839653999938, 15.350943529000062 ], [ -90.647259692999967, 15.350615559000062 ], [ -90.64655584799999, 15.350075103000052 ], [ -90.645770561999939, 15.349688498000035 ], [ -90.644948442999976, 15.34952510100004 ], [ -90.643024677999961, 15.349581562000026 ], [ -90.641653202999976, 15.349423638000076 ], [ -90.64066047099999, 15.349168076000069 ], [ -90.640057385999967, 15.348828554000022 ], [ -90.639546847999952, 15.348434673000042 ], [ -90.638874741999985, 15.34812716600004 ], [ -90.636850579999987, 15.348006343000065 ], [ -90.633622663999972, 15.348027439000077 ], [ -90.631711042999939, 15.348041020000039 ], [ -90.630849312999942, 15.348038641000073 ], [ -90.629970795999952, 15.347873463000042 ], [ -90.62900719299995, 15.347256793000042 ], [ -90.627514788999974, 15.346629978000067 ], [ -90.626419485999975, 15.346340516000055 ], [ -90.625185251999937, 15.346194121000053 ], [ -90.623914232999937, 15.346213327000044 ], [ -90.62298603399995, 15.346326527000031 ], [ -90.622338706999983, 15.346300426000028 ], [ -90.621648451999988, 15.346211757000049 ], [ -90.621078982999961, 15.345939172000044 ], [ -90.620491416999982, 15.345569278000028 ], [ -90.61937464, 15.344866240000044 ], [ -90.618428222999967, 15.344534291000059 ], [ -90.616441541999961, 15.344090718000075 ], [ -90.61439509, 15.343890409000039 ], [ -90.613238388999946, 15.343989830000055 ], [ -90.612395928999945, 15.343932252000059 ], [ -90.61152620699994, 15.343560444000047 ], [ -90.610959486999946, 15.343099277000022 ], [ -90.610096297999974, 15.342511843000068 ], [ -90.609492905999957, 15.342206121000061 ], [ -90.608945478999942, 15.342044414000043 ], [ -90.60825973599998, 15.341970434000075 ], [ -90.607741193999971, 15.342286714000068 ], [ -90.606986209999945, 15.343233972000064 ], [ -90.606329604999985, 15.34361539300005 ], [ -90.60481183099995, 15.343233215000055 ], [ -90.602189105999969, 15.342394221000063 ], [ -90.601164101999984, 15.341916811000033 ], [ -90.600641865999989, 15.341588225000066 ], [ -90.600245328999961, 15.341206785000054 ], [ -90.599566951999975, 15.340489180000077 ], [ -90.598787778999963, 15.340547420000064 ], [ -90.598348120999958, 15.340986486000077 ], [ -90.598107520999974, 15.341572239000072 ], [ -90.597806506999973, 15.342301887000076 ], [ -90.597662464999985, 15.342889808000052 ], [ -90.597633305999977, 15.343455253000059 ], [ -90.596950234999952, 15.344114157000035 ], [ -90.596250816999941, 15.344218416000047 ], [ -90.59471037899999, 15.344090008000023 ], [ -90.593851049999955, 15.343931675000022 ], [ -90.593008443999963, 15.343532990000028 ], [ -90.592419899999982, 15.342949586000032 ], [ -90.591908343999989, 15.342654974000027 ], [ -90.591050600999949, 15.342612961000043 ], [ -90.589184925999973, 15.342636843000037 ], [ -90.587293555999963, 15.342871600000024 ], [ -90.586202262999961, 15.343204213000035 ], [ -90.584606575999942, 15.343631860000073 ], [ -90.58370683399994, 15.343750845000045 ], [ -90.58297900299999, 15.343846849000045 ], [ -90.581865016999984, 15.343673291000073 ], [ -90.581017506999956, 15.343248536000033 ], [ -90.580346296999949, 15.342874248000044 ], [ -90.579823502999943, 15.342546739000056 ], [ -90.579277253999976, 15.34228560300005 ], [ -90.578729599999974, 15.34214640700003 ], [ -90.577589493999938, 15.341767020000077 ], [ -90.57540841299999, 15.34134356800007 ], [ -90.573819798999978, 15.341159164000032 ], [ -90.572958227999948, 15.341450169000041 ], [ -90.572529953999947, 15.341856552000024 ], [ -90.571808445999977, 15.342463004000024 ], [ -90.571192351999969, 15.34270811500005 ], [ -90.570390618999966, 15.342754715000069 ], [ -90.569305822999979, 15.342725955000049 ], [ -90.567909696999948, 15.34255038200007 ], [ -90.567089265999982, 15.342252349000034 ], [ -90.565631073999953, 15.341659398000047 ], [ -90.564573927999959, 15.341003062000027 ], [ -90.563609916999951, 15.340293536000047 ], [ -90.563008816999968, 15.339798012000074 ], [ -90.562050468999985, 15.339553787000057 ], [ -90.560389235999935, 15.339714044000061 ], [ -90.558794913999975, 15.339974391000055 ], [ -90.557256965999954, 15.340390048000074 ], [ -90.555573762999984, 15.340887665000025 ], [ -90.554948179999897, 15.341097620000028 ], [ -90.554077800999949, 15.341144537000048 ], [ -90.553117844999974, 15.341039154000043 ], [ -90.551806643999953, 15.340619371000059 ], [ -90.55106763699996, 15.340177637000068 ], [ -90.550111115999982, 15.339778678000073 ], [ -90.549277279999956, 15.339636269000039 ], [ -90.548488137999982, 15.339652440000066 ], [ -90.547848188999978, 15.33964766500003 ], [ -90.546113771999956, 15.340046401000052 ], [ -90.543745241999943, 15.340985814000078 ], [ -90.542524631999981, 15.341627317000075 ], [ -90.54074865299998, 15.341797449000069 ], [ -90.539079557999969, 15.34163449600004 ], [ -90.537297745999979, 15.341359625000052 ], [ -90.535424033999959, 15.341082596000035 ], [ -90.531329201999938, 15.340882606000037 ], [ -90.529338156999984, 15.340837975000056 ], [ -90.527749107999966, 15.340698413000041 ], [ -90.526253630999975, 15.340370170000028 ], [ -90.525491858999942, 15.339940524000042 ], [ -90.524684208999986, 15.339553279000029 ], [ -90.523900541999978, 15.339056764000077 ], [ -90.523124013999961, 15.338892313000031 ], [ -90.521673718999978, 15.338632296000071 ], [ -90.520256190999987, 15.338504750000027 ], [ -90.519011450999983, 15.338279748000048 ], [ -90.517813663999959, 15.337922014000071 ], [ -90.516288935999967, 15.337217362000047 ], [ -90.515561267999942, 15.336809520000031 ], [ -90.51478620499995, 15.336523105000026 ], [ -90.513930392999953, 15.336324993000062 ], [ -90.512753931999953, 15.336133468000071 ], [ -90.51171567099999, 15.335866691000035 ], [ -90.510889133999967, 15.335113328000034 ], [ -90.510415467999962, 15.334531025000047 ], [ -90.510009539999942, 15.33402626000003 ], [ -90.508903186999987, 15.333713545000023 ], [ -90.508251206999944, 15.333696101000044 ], [ -90.507666445999973, 15.333652309000058 ], [ -90.506727548999947, 15.333789743000068 ], [ -90.506173396999941, 15.334059074000038 ], [ -90.50521983499999, 15.334549774000038 ], [ -90.504289146999952, 15.334828439000034 ], [ -90.503192720999948, 15.334660343000053 ], [ -90.502121611999939, 15.334271204000061 ], [ -90.500810538999986, 15.333758549000038 ], [ -90.499812445999964, 15.333101471000077 ], [ -90.499304376999987, 15.332528925000076 ], [ -90.498591303999945, 15.331877297000062 ], [ -90.497048070999938, 15.330782747000057 ], [ -90.496255003999977, 15.330107631000033 ], [ -90.495622178999952, 15.329411727000036 ], [ -90.494776220999938, 15.328391612000075 ], [ -90.49410987899995, 15.327628707000031 ], [ -90.493349430999956, 15.327098483000043 ], [ -90.49246386599998, 15.326522818000058 ], [ -90.491644575999942, 15.326146627000071 ], [ -90.490698266999971, 15.32583562700006 ], [ -90.48984517599996, 15.325416145000077 ], [ -90.48844128199994, 15.325132738000036 ], [ -90.487335804999987, 15.324754443000074 ], [ -90.486653484999977, 15.324358324000059 ], [ -90.485720812999944, 15.32388147100005 ], [ -90.485324482999943, 15.323554062000028 ], [ -90.484899287999951, 15.322818694000034 ], [ -90.485086341999988, 15.322111677000066 ], [ -90.485138260999975, 15.321613165000031 ], [ -90.485158400999978, 15.320902008000076 ], [ -90.485120805999941, 15.320202625000036 ], [ -90.485119544999975, 15.317437250000069 ], [ -90.48500222199999, 15.316691801000047 ], [ -90.484636011999953, 15.315743683000051 ], [ -90.483543319999967, 15.313377039000045 ], [ -90.48324536299998, 15.312462434000054 ], [ -90.48301311099999, 15.311793602000023 ], [ -90.482077905999972, 15.31056129500007 ], [ -90.481752421999943, 15.310003201000029 ], [ -90.481439695999939, 15.309400083000071 ], [ -90.481205871999975, 15.308863348000045 ], [ -90.480966778999971, 15.307794710000053 ], [ -90.48088450299997, 15.307038363000061 ], [ -90.480852400999936, 15.303984707000041 ], [ -90.480882661999942, 15.303351580000026 ], [ -90.481039118999945, 15.302721004000034 ], [ -90.481675946999985, 15.302050671000075 ], [ -90.482012302999976, 15.301698771000076 ], [ -90.482355104999954, 15.300758640000026 ], [ -90.482353609999961, 15.299959164000029 ], [ -90.482165007999981, 15.299435360000075 ], [ -90.481964692999952, 15.298966751000023 ], [ -90.481880560999969, 15.298365082000032 ], [ -90.481946977999939, 15.297577663000027 ], [ -90.482310109999958, 15.296882792000076 ], [ -90.483598584999982, 15.295319832000075 ], [ -90.484061868999959, 15.294858692000048 ], [ -90.484477347999984, 15.294552841000041 ], [ -90.485088196999982, 15.294204021000041 ], [ -90.486170582999989, 15.293627885000035 ], [ -90.487160681999967, 15.293083455000044 ], [ -90.487898209999969, 15.292646842000067 ], [ -90.48863612599996, 15.292177484000035 ], [ -90.489097926999989, 15.291839396000057 ], [ -90.489562458999956, 15.291272115000027 ], [ -90.490307572999939, 15.290197589000059 ], [ -90.490658637999957, 15.289535307000051 ], [ -90.490849184999945, 15.288871225000037 ], [ -90.491163215999961, 15.287508431000049 ], [ -90.491262451999944, 15.286843324000074 ], [ -90.49126051199994, 15.286077715000033 ], [ -90.49105661499999, 15.284931562000054 ], [ -90.490972530999954, 15.284274564000043 ], [ -90.49091169799999, 15.283618954000076 ], [ -90.490869765999946, 15.282352665000076 ], [ -90.490910419999977, 15.28182014600003 ], [ -90.491058407999958, 15.281163489000051 ], [ -90.491316662999964, 15.280380471000058 ], [ -90.49179927099999, 15.279219427000044 ], [ -90.492101894999962, 15.277835048000043 ], [ -90.492436986999962, 15.276605729000039 ], [ -90.492801097999973, 15.275821634000067 ], [ -90.493767875999936, 15.275322064000022 ], [ -90.49437332399998, 15.275372880000077 ], [ -90.495358644999953, 15.275417781000044 ], [ -90.495964445999959, 15.275340997000058 ], [ -90.496528829999988, 15.274980320000054 ], [ -90.497323312999981, 15.274589469000034 ], [ -90.497907391999945, 15.274529374000053 ], [ -90.498564681999937, 15.27437750200005 ], [ -90.498902296999972, 15.27356938500003 ], [ -90.499045068999976, 15.273104621000073 ], [ -90.499123967999935, 15.272238284000025 ], [ -90.498983703999954, 15.27155920000007 ], [ -90.498394839999946, 15.271042227000066 ], [ -90.497986539999943, 15.270748595000043 ], [ -90.49757862599995, 15.270422217000032 ], [ -90.49709139, 15.270017039000038 ], [ -90.49642307299996, 15.269432551000023 ], [ -90.495726844999979, 15.268357683000033 ], [ -90.495394139999974, 15.267477710000037 ], [ -90.49539002399996, 15.26684418800005 ], [ -90.495844611999985, 15.266127718000064 ], [ -90.496649063999939, 15.265825050000046 ], [ -90.497678192999956, 15.265605064000056 ], [ -90.498491065999985, 15.265622047000022 ], [ -90.499394162999977, 15.26587829500005 ], [ -90.500317774999985, 15.266121216000045 ], [ -90.501276273999963, 15.266315969000061 ], [ -90.502045087999988, 15.266124674000025 ], [ -90.50268073699999, 15.265587491000076 ], [ -90.502859776999969, 15.264956007000023 ], [ -90.502859357999967, 15.264057161000039 ], [ -90.502753932999951, 15.263283615000034 ], [ -90.502648675999978, 15.261561547000042 ], [ -90.502711473999966, 15.260726642000066 ], [ -90.502870298999937, 15.26023043500004 ], [ -90.503277596999965, 15.259624077000069 ], [ -90.503716100999952, 15.259329725000043 ], [ -90.504254599999967, 15.259235224000065 ], [ -90.504851054999961, 15.259108620000063 ], [ -90.505548997999938, 15.259105099000067 ], [ -90.506723586999954, 15.259418536000055 ], [ -90.507564564999939, 15.25986150500006 ], [ -90.508452880999982, 15.260236116000044 ], [ -90.50930372, 15.26013942700007 ], [ -90.509956991999957, 15.259732272000065 ], [ -90.510592732999953, 15.259183766000035 ], [ -90.51147124299996, 15.258416631000046 ], [ -90.51289432699997, 15.256099492000033 ], [ -90.513451888999953, 15.254384770000058 ], [ -90.513633426999945, 15.252598120000073 ], [ -90.513723456999969, 15.250778839000077 ], [ -90.51395962, 15.249192664000077 ], [ -90.514182130999984, 15.248717479000049 ], [ -90.514899636999985, 15.248036613000068 ], [ -90.515557738999973, 15.247510920000025 ], [ -90.516019530999984, 15.247161465000033 ], [ -90.517158326999947, 15.246607213000061 ], [ -90.519158278999953, 15.245864868000069 ], [ -90.52013736899994, 15.245241079000039 ], [ -90.520622357999969, 15.244846701000029 ], [ -90.521109684999942, 15.244252476000042 ], [ -90.521316007999985, 15.243221528000049 ], [ -90.521248456999956, 15.242187551000029 ], [ -90.521301088999962, 15.241567066000073 ], [ -90.521457237999982, 15.240946596000072 ], [ -90.521797971999945, 15.240206207000028 ], [ -90.522365472999979, 15.239567696000051 ], [ -90.523082258999978, 15.238943250000034 ], [ -90.523566578999976, 15.238604186000032 ], [ -90.524267710999936, 15.238322844000038 ], [ -90.524968447999981, 15.238075371000036 ], [ -90.525936400999967, 15.237752928000077 ], [ -90.526566340999977, 15.237392876000058 ], [ -90.527109835999966, 15.236865876000024 ], [ -90.527643309999974, 15.236250685000073 ], [ -90.527917489999936, 15.235331134000035 ], [ -90.527884523999944, 15.234220752000056 ], [ -90.527781139999945, 15.233264294000037 ], [ -90.527641964999987, 15.232733159000077 ], [ -90.527398176999952, 15.231798870000034 ], [ -90.52708699499999, 15.230013536000058 ], [ -90.526995239999962, 15.229057207000039 ], [ -90.527081058999954, 15.228580493000038 ], [ -90.527237554999942, 15.227927271000055 ], [ -90.527519772999938, 15.227264140000045 ], [ -90.527823106999961, 15.226734489000023 ], [ -90.528310880999982, 15.226096205000033 ], [ -90.528915275999964, 15.225280786000042 ], [ -90.529754053999966, 15.224012865000077 ], [ -90.530653235999978, 15.222401195000032 ], [ -90.531484506999959, 15.22077747700007 ], [ -90.532597502999977, 15.218479319000039 ], [ -90.533356504999972, 15.217166463000069 ], [ -90.53425077899999, 15.216021082000054 ], [ -90.534959344999947, 15.215393105000032 ], [ -90.536411193999982, 15.21415107100006 ], [ -90.537115412999981, 15.213345747000062 ], [ -90.538276031999942, 15.212694480000039 ], [ -90.539078439999969, 15.212295617000052 ], [ -90.540156685999989, 15.211726997000028 ], [ -90.540983421999954, 15.211435671000061 ], [ -90.541457884999943, 15.211236471000063 ], [ -90.542822795999939, 15.210165078000045 ], [ -90.543439701999944, 15.209464921000063 ], [ -90.543709808999949, 15.20853512900004 ], [ -90.543977617999985, 15.207753239000056 ], [ -90.544370255999979, 15.207137580000051 ], [ -90.545183777999966, 15.207232288000057 ], [ -90.545946647999983, 15.20843760300005 ], [ -90.546324283999979, 15.209067321000077 ], [ -90.54647586599998, 15.209685537000041 ], [ -90.546427565999977, 15.214559908000069 ], [ -90.547337764999952, 15.218360682000025 ], [ -90.547955712999965, 15.220685745000026 ], [ -90.547955539999975, 15.221504437000021 ], [ -90.549176788999944, 15.225413622000076 ], [ -90.550577828999963, 15.231427404000044 ], [ -90.552205749999985, 15.236282808000055 ], [ -90.553035275999946, 15.24018207000006 ], [ -90.554118643999971, 15.242852106000043 ], [ -90.555582718999972, 15.247152389000064 ], [ -90.556005631999938, 15.247494639000024 ], [ -90.559635194999942, 15.247597403000043 ], [ -90.589356231999943, 15.248660769000026 ], [ -90.598499465999964, 15.248499137000067 ], [ -90.612194675999945, 15.249281161000056 ], [ -90.614547333999951, 15.248860135000029 ], [ -90.629483634999985, 15.249614784000073 ], [ -90.630410223999945, 15.250228747000051 ], [ -90.631663685999968, 15.272677600000065 ], [ -90.632403011999941, 15.278325090000067 ], [ -90.632820404999961, 15.291922757000066 ], [ -90.633231953999939, 15.292571936000058 ], [ -90.633361086999969, 15.297648327000047 ], [ -90.634095559999935, 15.302488326000059 ], [ -90.634196203999977, 15.311082146000047 ], [ -90.636254340999983, 15.313584976000072 ], [ -90.639779127999986, 15.317081264000024 ], [ -90.641543128999956, 15.318637995000074 ], [ -90.643893102999982, 15.320967687000064 ], [ -90.656726836999951, 15.333112859000039 ], [ -90.674442554999985, 15.350121573000024 ], [ -90.677213201999962, 15.351678421000031 ], [ -90.677531699999975, 15.350977047000072 ], [ -90.677722162999942, 15.350434703000076 ], [ -90.679536172999974, 15.347571578000043 ], [ -90.684164331999966, 15.339993398000047 ], [ -90.685978128999977, 15.338030261000029 ], [ -90.689005338999948, 15.341808737000065 ], [ -90.690574830999935, 15.343170020000059 ], [ -90.692624323999951, 15.344432364000056 ], [ -90.69618983, 15.345256369000026 ], [ -90.70600191599999, 15.344866263000029 ], [ -90.709922047999953, 15.344181522000042 ], [ -90.716516389999981, 15.343672047000041 ], [ -90.721464425999955, 15.343012299000065 ], [ -90.726431720999983, 15.34180828500007 ], [ -90.72762604799999, 15.341244486000051 ], [ -90.737177223999936, 15.338546430000065 ], [ -90.755054779999966, 15.337392139000031 ], [ -90.764151985999945, 15.336526913000057 ], [ -90.765963610999961, 15.336180272000036 ], [ -90.776438821999989, 15.335303478000071 ], [ -90.787543855999957, 15.333243178000032 ], [ -90.791347883999947, 15.332614517000025 ], [ -90.795470971999976, 15.332078162000073 ], [ -90.812252337999951, 15.331000951000021 ], [ -90.818706071999941, 15.331678519000036 ], [ -90.819814654999959, 15.331784220000031 ], [ -90.821688539999968, 15.331935789000056 ], [ -90.828808429999981, 15.33364847100006 ], [ -90.834611472999939, 15.335090655000045 ], [ -90.839155373999972, 15.337548282000057 ], [ -90.844168299999978, 15.341152215000022 ], [ -90.846055227999955, 15.342144010000027 ], [ -90.848617979999972, 15.342721033000032 ], [ -90.849897466999948, 15.342910694000068 ], [ -90.856364564999978, 15.342967294000061 ], [ -90.858700256999953, 15.343502494000063 ], [ -90.860669229999985, 15.344790877000037 ], [ -90.862510024999949, 15.347068535000062 ], [ -90.862735792999956, 15.349701160000052 ], [ -90.862281859999939, 15.351701558000059 ], [ -90.86047866399997, 15.354924614000026 ], [ -90.857710984999983, 15.357470880000051 ], [ -90.856471841999962, 15.358563549000053 ], [ -90.848942724999972, 15.361742621000076 ], [ -90.845919058999982, 15.362501746000078 ], [ -90.839543445999936, 15.363227217000031 ], [ -90.832299895999938, 15.365489098000069 ], [ -90.829217684999946, 15.367172403000041 ], [ -90.82829133599995, 15.368165163000072 ], [ -90.827638814999943, 15.36924190700006 ], [ -90.82688402499997, 15.371480944000041 ], [ -90.826550542999939, 15.373725222000076 ], [ -90.825190447999944, 15.375905258000046 ], [ -90.823493092999968, 15.377939678000075 ], [ -90.819747078999967, 15.380912887000022 ], [ -90.818223155999988, 15.381431031000034 ], [ -90.816156603999957, 15.381853488000047 ], [ -90.81428442899994, 15.381608097000026 ], [ -90.812693666999962, 15.380666356000063 ], [ -90.811806948999958, 15.379523719000076 ], [ -90.810721760999968, 15.377155984000069 ], [ -90.810157673999981, 15.371707848000028 ], [ -90.809580968999967, 15.369975319000048 ], [ -90.80872672299995, 15.368960617000027 ], [ -90.807842861999973, 15.368663920000074 ], [ -90.806268508999949, 15.369280882000055 ], [ -90.804704553999954, 15.370182542000066 ], [ -90.80273103799999, 15.370622741000034 ], [ -90.800949019999962, 15.370561104000046 ], [ -90.799484979999988, 15.370369326000059 ], [ -90.798049871999979, 15.370082955000044 ], [ -90.797068804999981, 15.36945660300006 ], [ -90.796250044999965, 15.368837499000051 ], [ -90.79411847199998, 15.367208142000038 ], [ -90.791658393999967, 15.365828494000027 ], [ -90.789471559999981, 15.365252271000031 ], [ -90.787195335999968, 15.365041062000046 ], [ -90.783523192999951, 15.365193159000057 ], [ -90.78028696299998, 15.365729011000042 ], [ -90.776044179999985, 15.367116483000075 ], [ -90.772089604999962, 15.368597101000034 ], [ -90.771491380999976, 15.368975104000071 ], [ -90.770120199999951, 15.369907794000028 ], [ -90.768628535999937, 15.371660323000071 ], [ -90.767841628999975, 15.372540125000057 ], [ -90.767168908999963, 15.374063681000052 ], [ -90.76654804399999, 15.376836839000077 ], [ -90.766398344999971, 15.37914151800004 ], [ -90.76668829, 15.381915909000043 ], [ -90.76731104299995, 15.384919514000046 ], [ -90.770933345999936, 15.393470192000052 ], [ -90.77218751099997, 15.395726829000068 ], [ -90.775431241999968, 15.399677117000067 ], [ -90.778507070999979, 15.40618373600006 ], [ -90.778472800999964, 15.411326582000072 ], [ -90.777781872999981, 15.413294951000069 ], [ -90.77675076, 15.414572122000038 ], [ -90.772814470999947, 15.420420111000055 ], [ -90.772586130999969, 15.42332708400005 ], [ -90.77381952099995, 15.426673369000071 ], [ -90.777621763999946, 15.430588622000073 ], [ -90.780556134999983, 15.431820781000056 ], [ -90.785623554999972, 15.432454172000064 ], [ -90.792522227999939, 15.430968885000027 ], [ -90.795523620999973, 15.429945006000025 ], [ -90.797401468999965, 15.428806030000032 ], [ -90.798924685999964, 15.427950382000063 ], [ -90.801592076999952, 15.425965376000022 ], [ -90.804589339999893, 15.423496825000029 ], [ -90.806992810999986, 15.421022357000027 ], [ -90.808181760999958, 15.420391472000063 ], [ -90.809749355999941, 15.42023527300006 ], [ -90.810936109999943, 15.420812806000072 ], [ -90.812915178999958, 15.423001887000055 ], [ -90.813557006999986, 15.42503096400003 ], [ -90.813845649999962, 15.426765178000039 ], [ -90.813023115999954, 15.431650760000025 ], [ -90.811998114999938, 15.434908004000022 ], [ -90.810494278999954, 15.437743763000071 ], [ -90.809396308999965, 15.440346344000034 ], [ -90.80856193599999, 15.441407638000044 ], [ -90.806692447999978, 15.442851721000068 ], [ -90.805246915999987, 15.445389844000033 ], [ -90.805394715999967, 15.452367565000031 ], [ -90.80448286099994, 15.461826220000034 ], [ -90.80580846, 15.465658957000073 ], [ -90.808690542999955, 15.468549378000034 ], [ -90.812771469999973, 15.47450324600004 ], [ -90.813864372999944, 15.476726529000075 ], [ -90.813577139999893, 15.479900679000025 ], [ -90.810181500999988, 15.485562626000046 ], [ -90.804781061999961, 15.494441427000027 ], [ -90.80310859399998, 15.498515452000049 ], [ -90.801852789999941, 15.503712822000068 ], [ -90.802090505999956, 15.510141387000033 ], [ -90.806276493999974, 15.516997729000025 ], [ -90.808020428999953, 15.521059389000072 ], [ -90.80821236, 15.521636153000031 ], [ -90.809179903999961, 15.524656707000076 ], [ -90.80915291499997, 15.527101565000066 ], [ -90.807624364999981, 15.530374029000029 ], [ -90.805443779999962, 15.532510602000059 ], [ -90.80451968899996, 15.533255836000023 ], [ -90.803790832999937, 15.533715015000041 ], [ -90.80267818599998, 15.53416924000004 ], [ -90.800655197999959, 15.53494868000007 ], [ -90.798170550999941, 15.536034068000049 ], [ -90.796790576999967, 15.537579960000073 ], [ -90.796924002999958, 15.539220023000041 ], [ -90.797858933999976, 15.539707088000057 ], [ -90.798802273999968, 15.540060968000034 ], [ -90.799717124999972, 15.541068472000063 ], [ -90.799483862999978, 15.543178087000058 ], [ -90.79867616599995, 15.544474457000035 ], [ -90.797353120999958, 15.545645958000023 ], [ -90.792624370999988, 15.547624751000058 ], [ -90.78831721499995, 15.548735788000045 ], [ -90.767669238999986, 15.548507267000048 ], [ -90.76024285599999, 15.549395255000036 ], [ -90.755419924999956, 15.550519578000035 ], [ -90.750260931999946, 15.550832873000047 ], [ -90.742369552999946, 15.552583952000077 ], [ -90.739979967999943, 15.553404199000056 ], [ -90.738968109999973, 15.553837647000023 ], [ -90.738313044999984, 15.55413584300004 ], [ -90.73789618099994, 15.554490694000037 ], [ -90.737446490999957, 15.554917483000054 ], [ -90.736920252999937, 15.555579516000023 ], [ -90.736535799999956, 15.556858494000039 ], [ -90.736540221999974, 15.557413044000043 ], [ -90.736444638999956, 15.558429593000028 ], [ -90.736301849999961, 15.558916001000057 ], [ -90.735926267999957, 15.559755755000026 ], [ -90.735415165999939, 15.56041680900006 ], [ -90.733467139999959, 15.562661083000023 ], [ -90.730600020999987, 15.564677903000074 ], [ -90.729358180999952, 15.56504116800005 ], [ -90.725721371999953, 15.565001369000072 ], [ -90.720294516999957, 15.563849796000056 ], [ -90.715343799999971, 15.56331738800003 ], [ -90.71262593299997, 15.563517294000064 ], [ -90.704799677999972, 15.568055878000052 ], [ -90.703754287999971, 15.568611891000046 ], [ -90.69641078799998, 15.571041096000044 ], [ -90.688658593999946, 15.571142765000047 ], [ -90.68611464199995, 15.571722469000065 ], [ -90.681307333999939, 15.574037752000038 ], [ -90.678584209999897, 15.576562378000062 ], [ -90.677903606999962, 15.576943674000063 ], [ -90.676231813999948, 15.577454532000047 ], [ -90.673489580999956, 15.578769407000038 ], [ -90.664969571999961, 15.583032535000029 ], [ -90.65727925799996, 15.58864232600007 ], [ -90.653259424999987, 15.590554234000024 ], [ -90.646229750999964, 15.591055006000033 ], [ -90.640566582999952, 15.592183412000054 ], [ -90.637105143999975, 15.591711463000024 ], [ -90.635537101999944, 15.590420790000053 ] ] ] ] } },
{ "type": "Feature", "properties": { "Codigo": 1705, "datos_finales_color_riesgo": "620D00" }, "geometry": { "type": "MultiPolygon", "coordinates": [ [ [ [ -90.182858112999952, 17.109983572000033 ], [ -90.182851007999943, 17.083419520000064 ], [ -90.182517369999971, 17.064731025000071 ], [ -90.182850728999938, 17.063983877000055 ], [ -90.182348474999969, 17.063005004000047 ], [ -90.182974718999958, 17.056113355000036 ], [ -90.182867011999974, 17.052028991000043 ], [ -90.182718094999984, 17.05147381200004 ], [ -90.182526078999956, 17.050858209000069 ], [ -90.182787017999942, 17.047035199000049 ], [ -90.182760684999948, 17.001275465000049 ], [ -90.182521018999978, 17.00023929200006 ], [ -90.182649350999952, 16.965026860000023 ], [ -90.18337341199998, 16.836044053000023 ], [ -90.175368936999973, 16.835847130000047 ], [ -90.162757374999956, 16.836132600000042 ], [ -90.154606810999951, 16.835838029000058 ], [ -90.133873476999952, 16.836506747000044 ], [ -90.122377698999969, 16.836153995000075 ], [ -90.117627337999977, 16.836458697000069 ], [ -90.109195822999936, 16.836162893000051 ], [ -90.048215994999964, 16.836440545000073 ], [ -90.046281348999969, 16.836795339000048 ], [ -90.035320516999946, 16.836542478000069 ], [ -90.026630514999965, 16.836891932000071 ], [ -90.014502488999938, 16.836531876000038 ], [ -90.014633983999943, 16.834985245000041 ], [ -90.015092295999978, 16.833523502000048 ], [ -90.015758661999939, 16.832694584000023 ], [ -90.017296198999986, 16.831877193000025 ], [ -90.01914689099999, 16.831904077000047 ], [ -90.022635844999968, 16.831640940000057 ], [ -90.024823290999962, 16.831042848000038 ], [ -90.026464249999947, 16.830541785000037 ], [ -90.029314701999965, 16.829324565000036 ], [ -90.031495549999988, 16.829147302000024 ], [ -90.033031369999946, 16.828434725000022 ], [ -90.035341829999936, 16.826894701000072 ], [ -90.036672714999952, 16.825341638000054 ], [ -90.038445984999953, 16.823373939000078 ], [ -90.039780097999937, 16.821609829000067 ], [ -90.040678901999968, 16.81984056400006 ], [ -90.041673063999951, 16.818910162000066 ], [ -90.043538894999983, 16.817993430000058 ], [ -90.046385239999907, 16.816985808000027 ], [ -90.049005074999968, 16.816603577000024 ], [ -90.056188530999975, 16.816811609000069 ], [ -90.063918480999973, 16.816922231000035 ], [ -90.06632140499994, 16.816432834000068 ], [ -90.067629412999963, 16.816346537000072 ], [ -90.069374302999961, 16.816161491000059 ], [ -90.071899659999985, 16.814833997000051 ], [ -90.074206473999936, 16.813503355000023 ], [ -90.077690359999963, 16.81355293300004 ], [ -90.078894802999969, 16.813150171000075 ], [ -90.084171671999968, 16.809869383000034 ], [ -90.087580189999983, 16.807715539000071 ], [ -90.094634113999973, 16.802151318000028 ], [ -90.102197453999963, 16.795269940000026 ], [ -90.10906589199999, 16.789283707000038 ], [ -90.114133840999955, 16.785369188000061 ], [ -90.119646294999939, 16.780830879000064 ], [ -90.121526677999952, 16.778864902000066 ], [ -90.122915787999943, 16.776995885000076 ], [ -90.125432570999976, 16.772521582000024 ], [ -90.128242073999957, 16.766686619000041 ], [ -90.135929738999948, 16.751323649000028 ], [ -90.139059041999985, 16.745912791000023 ], [ -90.140960002999975, 16.742530207000073 ], [ -90.144398763999959, 16.738225217000036 ], [ -90.147677890999944, 16.733654932000036 ], [ -90.15012939199994, 16.729861045000064 ], [ -90.151423706999935, 16.726993698000058 ], [ -90.151954548999981, 16.724221913000065 ], [ -90.152410522999958, 16.719193744000052 ], [ -90.153489586999967, 16.705126793000034 ], [ -90.153979635999974, 16.701462670000069 ], [ -90.155307020999942, 16.696341486000051 ], [ -90.156612582999969, 16.692688562000058 ], [ -90.157980294999959, 16.688511578000032 ], [ -90.159674192999944, 16.687030250000078 ], [ -90.215333366999971, 16.686888921000048 ], [ -90.217777785999942, 16.713611137000044 ], [ -90.235555536999982, 16.713888878000034 ], [ -90.235000018999983, 16.733055570000033 ], [ -90.230555525999989, 16.733055513000068 ], [ -90.229722210999967, 16.749444446000041 ], [ -90.22611115699999, 16.749444475000075 ], [ -90.225833290999958, 16.764722260000042 ], [ -90.242222242999958, 16.765833369000063 ], [ -90.241388914999959, 16.767083347000039 ], [ -90.279444399999988, 16.768055583000034 ], [ -90.281666659999985, 16.768611068000041 ], [ -90.282222261999948, 16.772777760000054 ], [ -90.284722215999977, 16.773055591000059 ], [ -90.28500003299996, 16.771944401000042 ], [ -90.289166689999945, 16.773333310000055 ], [ -90.305555592999951, 16.773611072000051 ], [ -90.30833335599999, 16.780000031000043 ], [ -90.313333354999941, 16.780555573000072 ], [ -90.312499960999958, 16.786388865000049 ], [ -90.321944489999964, 16.790277755000034 ], [ -90.321944410999947, 16.792777816000068 ], [ -90.329166676999989, 16.795000026000025 ], [ -90.329444443999989, 16.792222190000075 ], [ -90.335626188999981, 16.791829430000064 ], [ -90.33527775899995, 16.795555595000053 ], [ -90.338055538999981, 16.795833364000032 ], [ -90.338888898999983, 16.787499995000076 ], [ -90.378830715999982, 16.79329339700007 ], [ -90.378104874999963, 16.798752496000077 ], [ -90.417777822999938, 16.798472267000022 ], [ -90.418055547999984, 16.79083335200005 ], [ -90.418973071999972, 16.73721891100007 ], [ -90.508055511999942, 16.737777766000022 ], [ -90.591388880999943, 16.744999995000057 ], [ -90.588611143999969, 16.74666663000005 ], [ -90.588055582999971, 16.760000012000035 ], [ -90.587500043999967, 16.759999977000064 ], [ -90.585833291999961, 16.787500030000047 ], [ -90.605277748999981, 16.787777781000045 ], [ -90.605277742999988, 16.781805525000038 ], [ -90.614444422999952, 16.781805516000077 ], [ -90.613611071999969, 16.771944430000076 ], [ -90.614999993999959, 16.772083295000073 ], [ -90.616111079999939, 16.729583365000053 ], [ -90.624166663999972, 16.741111112000056 ], [ -90.62500001899997, 16.743611138000063 ], [ -90.62777773199997, 16.746111141000029 ], [ -90.639166623999984, 16.761944474000074 ], [ -90.637777750999987, 16.765833342000064 ], [ -90.642083308999986, 16.769444413000031 ], [ -90.645833317999973, 16.765000018000023 ], [ -90.648055571999976, 16.759722184000054 ], [ -90.651388889999964, 16.76055559100007 ], [ -90.658750038999983, 16.76555552700006 ], [ -90.657777816999953, 16.775277816000028 ], [ -90.678611108999974, 16.785833343000036 ], [ -90.724444463999987, 16.798055590000047 ], [ -90.729444414999989, 16.799444438000023 ], [ -90.730000002999986, 16.805000019000033 ], [ -90.72805554599995, 16.805000014000029 ], [ -90.716111128999955, 16.824444466000045 ], [ -90.72222220499998, 16.82749996900003 ], [ -90.731944429999942, 16.838611084000036 ], [ -90.773333305999984, 16.839444430000071 ], [ -90.770277820999979, 16.882777756000053 ], [ -90.845000019999986, 16.895277775000068 ], [ -90.856369652999945, 16.910100981000028 ], [ -90.865324202999943, 16.920651701000054 ], [ -90.87495755399999, 16.929551210000056 ], [ -90.886803037999982, 16.938059175000035 ], [ -90.895773295999959, 16.942505919000041 ], [ -90.897024594999948, 16.941163424000024 ], [ -90.897756571999935, 16.94051754000003 ], [ -90.898423087999959, 16.940721072000031 ], [ -90.899098366999965, 16.940927278000061 ], [ -90.89982857199999, 16.942083435000029 ], [ -90.900132823999968, 16.943361294000056 ], [ -90.900802177999935, 16.942752790000043 ], [ -90.901228130999982, 16.941779183000051 ], [ -90.90238428899994, 16.941109829000027 ], [ -90.903098327999942, 16.94054185300007 ], [ -90.903479595999954, 16.939892821000058 ], [ -90.903732045999959, 16.939627155000039 ], [ -90.904148950999968, 16.939649419000034 ], [ -90.904434574999982, 16.939908166000066 ], [ -90.904818304999935, 16.939892821000058 ], [ -90.904996598999958, 16.939533484000037 ], [ -90.90494976299999, 16.938737284000069 ], [ -90.90519716099999, 16.938543395000067 ], [ -90.905582039999956, 16.938643613000067 ], [ -90.906190898999967, 16.938948043000039 ], [ -90.906940263999957, 16.939720825000052 ], [ -90.907783298999959, 16.940048672000046 ], [ -90.908111145999953, 16.939955002000033 ], [ -90.908298486999968, 16.939603737000027 ], [ -90.908228233999978, 16.938713866000057 ], [ -90.90832190499998, 16.938175260000037 ], [ -90.908626333999962, 16.937730325000075 ], [ -90.909328863999974, 16.937379060000069 ], [ -90.90996114, 16.937215137000067 ], [ -90.910312404999956, 16.936793619000071 ], [ -90.910312404999956, 16.93639551900003 ], [ -90.910242151999967, 16.936067672000036 ], [ -90.910530616999949, 16.935823066000069 ], [ -90.911202275999983, 16.935341725000058 ], [ -90.911506704999965, 16.935154383000054 ], [ -90.911740881999947, 16.934873372000027 ], [ -90.911834551999959, 16.934217677000049 ], [ -90.912209234999978, 16.933702489000041 ], [ -90.912864928999966, 16.933491730000071 ], [ -90.913380116999974, 16.933561983000061 ], [ -90.91401239399994, 16.933866413000032 ], [ -90.914527581999948, 16.933913248000067 ], [ -90.914785175999953, 16.933444895000036 ], [ -90.914738340999975, 16.932742365000024 ], [ -90.91469150599994, 16.932320848000074 ], [ -90.913544040999966, 16.93241451800003 ], [ -90.913075687999935, 16.932297430000062 ], [ -90.913005434999945, 16.931430977000048 ], [ -90.912701005999963, 16.930587942000045 ], [ -90.913075687999935, 16.930119589000071 ], [ -90.91319277599996, 16.929534147000027 ], [ -90.913707963999968, 16.928855036000073 ], [ -90.913848469999948, 16.92815250600006 ], [ -90.914387075999969, 16.927449977000038 ], [ -90.914761758999987, 16.92693478800004 ], [ -90.915323781999973, 16.926466435000066 ], [ -90.915865229999952, 16.926167147000058 ], [ -90.916400993999957, 16.925436059000049 ], [ -90.91696301799999, 16.925037959000065 ], [ -90.917696440999975, 16.924656077000066 ], [ -90.918438329999958, 16.924546188000022 ], [ -90.91867250599995, 16.924358847000065 ], [ -90.918297823999978, 16.923843658000067 ], [ -90.918227570999989, 16.923586064000062 ], [ -90.919140858999981, 16.92356264700004 ], [ -90.919819970999981, 16.923398723000048 ], [ -90.920381994999957, 16.92342214100006 ], [ -90.921107941999935, 16.923328470000058 ], [ -90.921857306999982, 16.922977205000052 ], [ -90.922489582999958, 16.923024041000076 ], [ -90.922957935999989, 16.922625941000035 ], [ -90.923356035999973, 16.922532270000033 ], [ -90.924035147999973, 16.922532270000033 ], [ -90.924784512999963, 16.922391764000054 ], [ -90.925768053999946, 16.92206391700006 ], [ -90.926470583999958, 16.921923411000023 ], [ -90.926821847999975, 16.921267717000035 ], [ -90.926845265999987, 16.920518352000045 ], [ -90.927196530999936, 16.920049999000071 ], [ -90.927266783999983, 16.919558229000074 ], [ -90.927875329999949, 16.919253033000075 ], [ -90.928835765999963, 16.919230381000034 ], [ -90.929646637999952, 16.918739425000069 ], [ -90.930240824999942, 16.918668358000048 ], [ -90.930779430999962, 16.918246840000052 ], [ -90.93136487299995, 16.918082917000049 ], [ -90.932278160999942, 16.917918993000058 ], [ -90.932648496999946, 16.917400699000041 ], [ -90.933055578999983, 16.916111089000026 ], [ -91.006111122999982, 16.923055542000043 ], [ -91.094166712999936, 16.986666688000071 ], [ -91.196388894999984, 17.069166697000071 ], [ -91.238888845999952, 17.165277740000022 ], [ -91.254166711999972, 17.179166699000064 ], [ -91.346064408999951, 17.251149069000064 ], [ -91.180186034999963, 17.251595294000026 ], [ -90.987261151999974, 17.251322913000024 ], [ -90.987298761999966, 17.278573093000034 ], [ -90.987018989999967, 17.278589615000044 ], [ -90.984863728999983, 17.27826645500005 ], [ -90.98314615399994, 17.277852808000034 ], [ -90.982254973999943, 17.277490371000056 ], [ -90.981664009999974, 17.276977359000057 ], [ -90.981394642999987, 17.276400949000049 ], [ -90.98130824499998, 17.27591559800004 ], [ -90.981291451999937, 17.275353020000068 ], [ -90.980493713999977, 17.270624392000059 ], [ -90.979467026999941, 17.267923997000025 ], [ -90.978495412999962, 17.266481097000053 ], [ -90.976479991999952, 17.263968369000054 ], [ -90.974459797999941, 17.26189714700007 ], [ -90.973251381999944, 17.261156541000048 ], [ -90.972355959999959, 17.261191547000067 ], [ -90.971893645999955, 17.261496316000034 ], [ -90.971587181999951, 17.262220508000041 ], [ -90.971581870999955, 17.262706065000032 ], [ -90.971215086999962, 17.264753219000056 ], [ -90.970905472999959, 17.265764227000034 ], [ -90.969948006999971, 17.267276882000033 ], [ -90.969415004999973, 17.267755973000078 ], [ -90.968929412999955, 17.268037912000068 ], [ -90.967393350999942, 17.267912823000074 ], [ -90.966804301999957, 17.267178447000049 ], [ -90.96665451399997, 17.266206842000031 ], [ -90.96650197699995, 17.265432838000038 ], [ -90.96618910799998, 17.264702386000067 ], [ -90.965620806999937, 17.264166978000048 ], [ -90.964486006999948, 17.262986631000047 ], [ -90.963552493999941, 17.262315385000022 ], [ -90.96275187399999, 17.262065593000045 ], [ -90.961652040999979, 17.261877132000052 ], [ -90.960711267999955, 17.261867583000026 ], [ -90.958851567999943, 17.261892737000039 ], [ -90.957566456999984, 17.261879674000056 ], [ -90.95663030299994, 17.261451176000037 ], [ -90.955423562999954, 17.260512858000027 ], [ -90.954126009999982, 17.259551019000071 ], [ -90.95307747399994, 17.258923731000039 ], [ -90.95209055, 17.258891087000052 ], [ -90.95073451799999, 17.25907601800003 ], [ -90.949102558999982, 17.259235538000041 ], [ -90.948530181999956, 17.259074980000037 ], [ -90.947937912999976, 17.258693998000069 ], [ -90.946914911999954, 17.257780096000033 ], [ -90.945189984999956, 17.256041391000053 ], [ -90.943730783999968, 17.255144468000026 ], [ -90.940286002999983, 17.253234533000068 ], [ -90.937856357999976, 17.252945357000044 ], [ -90.936092697999982, 17.252640408000048 ], [ -90.934857670999975, 17.252252792000036 ], [ -90.933422940999947, 17.251223926000023 ], [ -90.932196536999982, 17.25006393600006 ], [ -90.93012086799996, 17.248917784000071 ], [ -90.926938378999978, 17.248223216000042 ], [ -90.92492139899997, 17.247982189000027 ], [ -90.922111363999988, 17.246828379000021 ], [ -90.919803094999963, 17.245945109000047 ], [ -90.917812795999964, 17.245372279000037 ], [ -90.914734098999986, 17.24564979400003 ], [ -90.913326388999963, 17.246362454000064 ], [ -90.912534706999963, 17.247369470000024 ], [ -90.912154834999967, 17.248490301000061 ], [ -90.911398062999979, 17.250466607000078 ], [ -90.911067972999945, 17.251235612000073 ], [ -90.909798688999956, 17.251861593000058 ], [ -90.908833337999965, 17.252006264000045 ], [ -90.906884494999986, 17.251819971000032 ], [ -90.90392551399998, 17.251634418000037 ], [ -90.90124343399998, 17.251386215000025 ], [ -90.899130490999937, 17.251474810000047 ], [ -90.898394289999942, 17.251621822000061 ], [ -90.897952576999955, 17.252124252000044 ], [ -90.897803517999989, 17.252625225000031 ], [ -90.897738276999974, 17.253197091000061 ], [ -90.897835859999986, 17.254127511000036 ], [ -90.89794651599999, 17.254682019000029 ], [ -90.898480412999959, 17.256209879000039 ], [ -90.898722992999978, 17.257050346000028 ], [ -90.898618090999946, 17.258218057000022 ], [ -90.898356935999971, 17.258965171000057 ], [ -90.897618051999984, 17.259397860000036 ], [ -90.896519084999966, 17.259143560000041 ], [ -90.895995686999981, 17.258763158000022 ], [ -90.895287125999971, 17.258491484000047 ], [ -90.894595224999989, 17.258771071000069 ], [ -90.894428803999972, 17.259298959000034 ], [ -90.894320539999967, 17.260708299000044 ], [ -90.894281096999975, 17.262163530000066 ], [ -90.894199576999938, 17.263287439000067 ], [ -90.893867888999978, 17.264188514000068 ], [ -90.893496880999976, 17.264515502000052 ], [ -90.892634130999966, 17.26457195100005 ], [ -90.891937565999967, 17.264432514000077 ], [ -90.891552406999949, 17.263988051000069 ], [ -90.891396798999949, 17.26351212000003 ], [ -90.889680781999971, 17.260830129000055 ], [ -90.88904262899996, 17.260620155000026 ], [ -90.888233145999948, 17.260696342000074 ], [ -90.887342502999957, 17.260778449000043 ], [ -90.886237254999969, 17.261076241000069 ], [ -90.88545015599999, 17.261663086000056 ], [ -90.884155543999952, 17.262487376000024 ], [ -90.882678514999952, 17.263177608000035 ], [ -90.881112325999936, 17.263646679000033 ], [ -90.87982500399994, 17.263830717000076 ], [ -90.878818544999945, 17.263555840000038 ], [ -90.878226850999965, 17.263086589000068 ], [ -90.87726497899996, 17.262921716000051 ], [ -90.87652795799994, 17.263135262000048 ], [ -90.876061990999972, 17.263746917000049 ], [ -90.875958193999963, 17.264805074000037 ], [ -90.875892833999956, 17.266457634000062 ], [ -90.875644958999942, 17.268087938000065 ], [ -90.875318996999965, 17.268480861000057 ], [ -90.874441928999943, 17.268913122000072 ], [ -90.873524089999989, 17.268903404000071 ], [ -90.872748310999953, 17.268497686000046 ], [ -90.872297917999958, 17.267699037000057 ], [ -90.872177631999989, 17.266198096000039 ], [ -90.871967701999949, 17.264520037000068 ], [ -90.87165388599999, 17.263854963000028 ], [ -90.870737001999942, 17.263713119000045 ], [ -90.870091472999945, 17.263993107000033 ], [ -90.869715876999976, 17.264716373000056 ], [ -90.869154661999971, 17.265636418000042 ], [ -90.868092161999982, 17.266198806000034 ], [ -90.867539039999897, 17.266414270000041 ], [ -90.866300747999958, 17.266267863000053 ], [ -90.865573435999977, 17.265687598000056 ], [ -90.86508233099994, 17.264446963000069 ], [ -90.865100103999964, 17.262903448000031 ], [ -90.86507153499997, 17.261403483000038 ], [ -90.864955868999971, 17.259506219000059 ], [ -90.864739335999957, 17.258356585000058 ], [ -90.864105249999966, 17.257644055000071 ], [ -90.863332583999977, 17.256974090000028 ], [ -90.862418788999946, 17.256568 ], [ -90.859899719999987, 17.256099643000027 ], [ -90.859078693999948, 17.255650484000057 ], [ -90.858579078999981, 17.255203617000063 ], [ -90.85821898599994, 17.254582074000041 ], [ -90.858317265999972, 17.254009457000052 ], [ -90.858874918999959, 17.253398823000055 ], [ -90.859934822999946, 17.253056656000069 ], [ -90.860716612999965, 17.252932858000065 ], [ -90.86145460299997, 17.252632423000023 ], [ -90.862059603999967, 17.25188902900004 ], [ -90.862203780999948, 17.251360939000051 ], [ -90.861934829999939, 17.25078441200003 ], [ -90.861297133999983, 17.250337214000069 ], [ -90.860106388999952, 17.250103206000063 ], [ -90.857445848999987, 17.24998677800005 ], [ -90.855837991999977, 17.25010175400007 ], [ -90.853450900999974, 17.250120315000061 ], [ -90.85129703299998, 17.249789011000075 ], [ -90.848820337999939, 17.249630396000043 ], [ -90.847166148999975, 17.249788848000037 ], [ -90.84610164899999, 17.250527265000073 ], [ -90.844752437999944, 17.252100531000053 ], [ -90.843502042999944, 17.253057143000035 ], [ -90.841626081999948, 17.253991220000046 ], [ -90.84073805099996, 17.254003135000062 ], [ -90.84015050499994, 17.253996821000044 ], [ -90.83943513, 17.253916859000071 ], [ -90.838794491999977, 17.253827533000049 ], [ -90.837752531999968, 17.253484325000045 ], [ -90.83664248599996, 17.253034229000036 ], [ -90.835063985999966, 17.25239388600005 ], [ -90.831233826999949, 17.250191212000061 ], [ -90.826281201999961, 17.245903052000074 ], [ -90.824693542999967, 17.244298167000068 ], [ -90.823704291999945, 17.242523586000061 ], [ -90.822748030999946, 17.241895539000041 ], [ -90.822061546999976, 17.241711943000041 ], [ -90.82119021699998, 17.241658461000043 ], [ -90.820364191999943, 17.241649508000023 ], [ -90.819308975999945, 17.241594028000065 ], [ -90.818304254999987, 17.241141597000023 ], [ -90.817577731999961, 17.240516018000051 ], [ -90.816860994999956, 17.239008613000067 ], [ -90.816325996999979, 17.23763642800003 ], [ -90.815848316999961, 17.235337762000029 ], [ -90.814548190999972, 17.232830288000059 ], [ -90.813807810999947, 17.232637048000072 ], [ -90.813124419999951, 17.232793359000027 ], [ -90.812321624999981, 17.233160665000071 ], [ -90.811831317999975, 17.233485067000061 ], [ -90.810807938999972, 17.234621234000031 ], [ -90.809647158999951, 17.235798805000059 ], [ -90.80820919599995, 17.237062559000037 ], [ -90.806540536999989, 17.238455905000023 ], [ -90.804319747999955, 17.239931283000033 ], [ -90.801794288999986, 17.241032920000066 ], [ -90.801259193999954, 17.241067719000057 ], [ -90.800548540999955, 17.240595837000058 ], [ -90.800448277999976, 17.240082069000039 ], [ -90.800378834999947, 17.239446685000075 ], [ -90.800260624999964, 17.23776962200003 ], [ -90.800052923999942, 17.235959459000071 ], [ -90.799788365999973, 17.235030599000027 ], [ -90.799113443999943, 17.23387592000006 ], [ -90.797376052999937, 17.232292928000049 ], [ -90.796856283999944, 17.231978956000034 ], [ -90.796035317999952, 17.231796064000036 ], [ -90.795192087999965, 17.231806019000032 ], [ -90.794153214999938, 17.231964015000074 ], [ -90.792343222999989, 17.232145158000037 ], [ -90.790462682999987, 17.231885117000047 ], [ -90.788957209999978, 17.231162813000026 ], [ -90.787684997999975, 17.230045580000024 ], [ -90.786826349999956, 17.228934018000075 ], [ -90.786009336999939, 17.228175230000033 ], [ -90.78194492099999, 17.226498747000051 ], [ -90.780571141999985, 17.226218232000065 ], [ -90.779468699999939, 17.226339317000054 ], [ -90.778129151999963, 17.22702915900004 ], [ -90.777378110999962, 17.227635157000066 ], [ -90.776829125999939, 17.228294196000036 ], [ -90.776075299999945, 17.229917576000048 ], [ -90.77547270499997, 17.230440513000076 ], [ -90.774869517999946, 17.230963444000054 ], [ -90.773793571999988, 17.231861683000034 ], [ -90.773083220999979, 17.232060466000064 ], [ -90.772566111999936, 17.232018605000064 ], [ -90.771996640999987, 17.231492862000039 ], [ -90.771907503999955, 17.23040105900003 ], [ -90.771347645999981, 17.229368408000028 ], [ -90.770850464999967, 17.229331281000043 ], [ -90.769379280999942, 17.229579209000065 ], [ -90.766524712999967, 17.230297332000077 ], [ -90.765279428999975, 17.230813099000045 ], [ -90.764585176999958, 17.231333853000024 ], [ -90.764117303999967, 17.232034406000025 ], [ -90.763467788999947, 17.23264486100004 ], [ -90.762682343999984, 17.233077644000048 ], [ -90.761990670999978, 17.233334183000068 ], [ -90.760704328999964, 17.233451982000076 ], [ -90.759600737999961, 17.233615848000056 ], [ -90.758830591999981, 17.233948288000022 ], [ -90.758670800999937, 17.234628543000042 ], [ -90.758663987999967, 17.235193068000058 ], [ -90.758837164999989, 17.236032865000027 ], [ -90.759198467999965, 17.236522445000048 ], [ -90.759744176999959, 17.236970044000032 ], [ -90.760066791999975, 17.237793436000061 ], [ -90.759855318999939, 17.238520544000039 ], [ -90.759070587999986, 17.238891211000066 ], [ -90.758435932999987, 17.238851392000072 ], [ -90.757382443999973, 17.238707529000067 ], [ -90.756375253999977, 17.23847610100006 ], [ -90.755044648999956, 17.238461251000047 ], [ -90.754258110999956, 17.23898093300005 ], [ -90.753683045999935, 17.244796645000065 ], [ -90.753655292999952, 17.247089729000038 ], [ -90.754349212999955, 17.249177463000024 ], [ -90.754871158999947, 17.250231188000043 ], [ -90.755161494999982, 17.25095372800007 ], [ -90.755484637999984, 17.251635985000064 ], [ -90.755567872999961, 17.252138279000064 ], [ -90.75562539799995, 17.253065992000074 ], [ -90.755584889999966, 17.25369450200003 ], [ -90.755497502999958, 17.254166657000042 ], [ -90.754986556999938, 17.254824918000054 ], [ -90.754414358999952, 17.25530069000007 ], [ -90.753896482999949, 17.255560262000074 ], [ -90.753410985999949, 17.255863102000035 ], [ -90.751796162999938, 17.256550787000037 ], [ -90.750780920999944, 17.257024975000036 ], [ -90.749664883999969, 17.258202646000029 ], [ -90.748413477999975, 17.259203767000031 ], [ -90.746749572999988, 17.260155083000029 ], [ -90.743662658999938, 17.261090406000051 ], [ -90.739470374999939, 17.262366672000041 ], [ -90.73481966899999, 17.263549601000022 ], [ -90.732454665999967, 17.264114602000063 ], [ -90.727803439999946, 17.262984796000069 ], [ -90.726929695999956, 17.262838277000071 ], [ -90.725559289999978, 17.262607091000064 ], [ -90.725053523999975, 17.262689438000052 ], [ -90.724500262999982, 17.262859322000054 ], [ -90.723520848999954, 17.263662358000033 ], [ -90.72282821899995, 17.264031650000049 ], [ -90.722316732999957, 17.264148928000054 ], [ -90.721515910999983, 17.264236953000022 ], [ -90.720630470999936, 17.264325144000054 ], [ -90.720120168999983, 17.264441302000023 ], [ -90.718876720999958, 17.264780612000038 ], [ -90.718139056999973, 17.265036457000065 ], [ -90.716336405999982, 17.266073997000035 ], [ -90.71361486, 17.267146225000033 ], [ -90.712783894999973, 17.267533100000037 ], [ -90.710874237999974, 17.269760636000058 ], [ -90.709376535999979, 17.272124963000067 ], [ -90.708998416999975, 17.273002525000038 ], [ -90.708329449999951, 17.275112071000024 ], [ -90.707277964999946, 17.278451418000031 ], [ -90.705585833999976, 17.281652445000077 ], [ -90.703682539999988, 17.283394421000025 ], [ -90.700482071999943, 17.286047416000031 ], [ -90.69626703299997, 17.289042127000073 ], [ -90.693579170999953, 17.290771584000026 ], [ -90.692671614999938, 17.291775124000026 ], [ -90.692214816999979, 17.292542207000054 ], [ -90.691407140999956, 17.293829175000042 ], [ -90.690870564999955, 17.294489196000029 ], [ -90.68991792099996, 17.295382673000063 ], [ -90.689523227999985, 17.295786876000022 ], [ -90.689104115999953, 17.296216769000068 ], [ -90.687971679999976, 17.296869909000065 ], [ -90.686668875999942, 17.297329126000022 ], [ -90.683933334999949, 17.297639672000059 ], [ -90.680423037999958, 17.297868953000034 ], [ -90.677572464999969, 17.29872797400003 ], [ -90.674285921999967, 17.299529951000068 ], [ -90.671938370999953, 17.299502702000041 ], [ -90.670302728999957, 17.299273680000056 ], [ -90.669101633999958, 17.29925971800003 ], [ -90.667762961999983, 17.299529819000043 ], [ -90.66438614499998, 17.30138067200005 ], [ -90.66286596499998, 17.302107049000028 ], [ -90.656684014999939, 17.304504271000042 ], [ -90.653720680999982, 17.306454600000052 ], [ -90.650077010999951, 17.307779272000062 ], [ -90.648284824999962, 17.307934389000025 ], [ -90.644243162999942, 17.308063055000048 ], [ -90.642919576999986, 17.308019263000062 ], [ -90.64214962899996, 17.308067788000074 ], [ -90.641527739999958, 17.308258064000029 ], [ -90.640938506999987, 17.308560506000049 ], [ -90.640231716999949, 17.309047864000036 ], [ -90.639654103999987, 17.309360602000027 ], [ -90.638490764999972, 17.309700306000025 ], [ -90.637918054999943, 17.309582900000066 ], [ -90.637962577999986, 17.308812242000045 ], [ -90.638242942999966, 17.308396645000073 ], [ -90.638535514999944, 17.307991353000034 ], [ -90.638898775999962, 17.307389301000057 ], [ -90.639111534999984, 17.306928869000046 ], [ -90.639256490999969, 17.306346825000048 ], [ -90.639273997999965, 17.305850222000061 ], [ -90.639224306999949, 17.305277174000025 ], [ -90.638887423999961, 17.304688325000029 ], [ -90.638456337999969, 17.304297088000055 ], [ -90.637871901999972, 17.304224711000074 ], [ -90.637271920999979, 17.30444910600005 ], [ -90.63669192399999, 17.304949240000042 ], [ -90.63624688799996, 17.305649686000038 ], [ -90.635812593999958, 17.306383005000043 ], [ -90.635160439999936, 17.307147622000059 ], [ -90.63430693, 17.307434502000035 ], [ -90.633310522999977, 17.307268050000062 ], [ -90.63207072299997, 17.307016288000057 ], [ -90.629660054999988, 17.306684057000041 ], [ -90.627972856999975, 17.306719418000057 ], [ -90.625216251999973, 17.30687419800006 ], [ -90.624574545999963, 17.306822558000022 ], [ -90.621571795999955, 17.306466276000037 ], [ -90.618927273999986, 17.30595048400005 ], [ -90.616981630999987, 17.305519752000066 ], [ -90.615001930999938, 17.305087465000042 ], [ -90.614354345999971, 17.305036852000057 ], [ -90.613511260999985, 17.304970360000027 ], [ -90.610461599999951, 17.304702556000052 ], [ -90.607905822999953, 17.304419146000043 ], [ -90.606303725999965, 17.304057903000057 ], [ -90.605276432999972, 17.303649318000055 ], [ -90.604478321999977, 17.303242339000064 ], [ -90.603763830999981, 17.30255070000004 ], [ -90.602723070999957, 17.301413678000074 ], [ -90.59956430699998, 17.297197117000053 ], [ -90.598125126999946, 17.295791102000067 ], [ -90.596384769999986, 17.294590350000078 ], [ -90.595006943999977, 17.293757498000048 ], [ -90.59396798299997, 17.293348726000033 ], [ -90.592858563999982, 17.293026041000076 ], [ -90.591541475999975, 17.292856669000059 ], [ -90.589927347999947, 17.292527909000057 ], [ -90.588385413999958, 17.291980960000046 ], [ -90.586956503999943, 17.291555042000027 ], [ -90.586249990999988, 17.291161523000028 ], [ -90.585705044999941, 17.290680749000046 ], [ -90.585264102999986, 17.290201227000068 ], [ -90.584914082999944, 17.289734091000071 ], [ -90.583791147999989, 17.28873939600004 ], [ -90.582624641999985, 17.288427263000074 ], [ -90.579632301999936, 17.287354683000046 ], [ -90.578229099999987, 17.286720139000067 ], [ -90.576868117999936, 17.286362723000025 ], [ -90.575515439999947, 17.286224438000033 ], [ -90.574883697999951, 17.286272125000039 ], [ -90.574399743999948, 17.28643224800004 ], [ -90.57345520399997, 17.286717770000052 ], [ -90.572455096999988, 17.286849061000055 ], [ -90.571719219999977, 17.286950801000046 ], [ -90.571065142999942, 17.286954173000026 ], [ -90.570560584999953, 17.286892739000052 ], [ -90.569805278999979, 17.286728906000064 ], [ -90.569017203999977, 17.286465315000044 ], [ -90.568331651999983, 17.286225547000072 ], [ -90.567623897999965, 17.285931312000059 ], [ -90.566996226999947, 17.285669658000074 ], [ -90.566264282999953, 17.285517388000073 ], [ -90.565473448999967, 17.285419724000064 ], [ -90.56390281299997, 17.285323880000078 ], [ -90.56225097, 17.285237198000061 ], [ -90.560679908999987, 17.285174067000071 ], [ -90.557723579999958, 17.284862603000022 ], [ -90.555283259999953, 17.284546098000078 ], [ -90.553348371999959, 17.284224435000056 ], [ -90.551916410999979, 17.284042123000063 ], [ -90.550531013999944, 17.283805047000044 ], [ -90.549512976999949, 17.283515995000073 ], [ -90.548497699999984, 17.283063260000063 ], [ -90.547917497999947, 17.282681321000041 ], [ -90.546740033999981, 17.281475775000047 ], [ -90.545436845999973, 17.280269816000043 ], [ -90.543719052999961, 17.279135548000056 ], [ -90.542841891999956, 17.278639315000078 ], [ -90.540671052999983, 17.277951100000053 ], [ -90.539126805999956, 17.277557322000064 ], [ -90.537731355999938, 17.277242136000041 ], [ -90.536874342999965, 17.276956133000056 ], [ -90.53550723799998, 17.276233693000052 ], [ -90.534102687999962, 17.275720789000047 ], [ -90.532401763999985, 17.275049553000031 ], [ -90.531051134999984, 17.274768746000063 ], [ -90.529367275999959, 17.274582057000032 ], [ -90.528027082999984, 17.274400713000034 ], [ -90.526814977999948, 17.274087713000029 ], [ -90.525867981999966, 17.273678619000066 ], [ -90.525060059999987, 17.273151559000041 ], [ -90.523406990999945, 17.27149858000007 ], [ -90.522673718999954, 17.270575012000052 ], [ -90.52214606299998, 17.26969801000007 ], [ -90.521544423999956, 17.268334611000057 ], [ -90.521045456999957, 17.267070703000059 ], [ -90.52066997299994, 17.26597541700005 ], [ -90.520469533999972, 17.265498747000038 ], [ -90.519914865999965, 17.264929636000033 ], [ -90.519024462999937, 17.264599120000071 ], [ -90.518164747999947, 17.264521883000043 ], [ -90.517327641999941, 17.264511535000054 ], [ -90.516624158999946, 17.264745579000078 ], [ -90.515511252999943, 17.264753263000046 ], [ -90.514985498999977, 17.264614659000074 ], [ -90.514544071999978, 17.264146293000067 ], [ -90.514450430999943, 17.263418038000054 ], [ -90.514619074999985, 17.262846576000072 ], [ -90.515016367999976, 17.262311814000043 ], [ -90.515115995999963, 17.261716918000047 ], [ -90.514953333999983, 17.261009260000037 ], [ -90.514376076999952, 17.260418407000031 ], [ -90.513577055999974, 17.260110452000049 ], [ -90.512772998999935, 17.26017839900004 ], [ -90.51217544299999, 17.260269225000059 ], [ -90.511202674999936, 17.26008104400006 ], [ -90.510843959999988, 17.259448857000052 ], [ -90.510829929999943, 17.258787071000029 ], [ -90.510838066999952, 17.258180884000069 ], [ -90.510906741999975, 17.257310123000025 ], [ -90.510700644999986, 17.25642579600003 ], [ -90.510400396999955, 17.255727721000028 ], [ -90.50998590599994, 17.255005649000054 ], [ -90.509556418999978, 17.254482102000054 ], [ -90.508854978999977, 17.253779052000027 ], [ -90.508342635999952, 17.25347576300004 ], [ -90.507736598999941, 17.253324860000077 ], [ -90.506991338999967, 17.25326029200005 ], [ -90.506120818999989, 17.25316142500003 ], [ -90.505319765999957, 17.253008094000052 ], [ -90.504668221999964, 17.252834035000035 ], [ -90.50393722199999, 17.252583343000026 ], [ -90.503253980999943, 17.252232760000027 ], [ -90.502354598999943, 17.251703359000032 ], [ -90.501478575999954, 17.251141504000032 ], [ -90.499614236999946, 17.249850421000076 ], [ -90.498253892999969, 17.248653660000059 ], [ -90.497687004999989, 17.248128382000061 ], [ -90.497395443999949, 17.247661851000032 ], [ -90.497195077999947, 17.247185167000055 ], [ -90.49700229299998, 17.246190358000035 ], [ -90.496620298999972, 17.245590606000064 ], [ -90.496213176999959, 17.245155376000071 ], [ -90.495600034999939, 17.244663389000038 ], [ -90.494543638999971, 17.243889263000028 ], [ -90.493976921999945, 17.243396722000057 ], [ -90.493556264999938, 17.24309454400003 ], [ -90.492677336999975, 17.242752780000046 ], [ -90.491828749999968, 17.242730903000052 ], [ -90.491243293999958, 17.242756339000039 ], [ -90.490656937999972, 17.242848375000051 ], [ -90.490093639999941, 17.24292940600003 ], [ -90.489314063999984, 17.242886929000065 ], [ -90.488479608999967, 17.242689088000077 ], [ -90.487736944999938, 17.242437069000061 ], [ -90.486186762999978, 17.241690605000031 ], [ -90.485311441999954, 17.241127569000071 ], [ -90.484644215999936, 17.240424880000035 ], [ -90.484377250999955, 17.239793808000059 ], [ -90.484121744999982, 17.239184332000036 ], [ -90.483763618999944, 17.238518248000048 ], [ -90.483427053999947, 17.237951788000032 ], [ -90.478691310999977, 17.232700144000034 ], [ -90.478181631999973, 17.232252312000071 ], [ -90.477737385999944, 17.232004004000032 ], [ -90.476824481999984, 17.231661754000072 ], [ -90.475709920999975, 17.230943268000033 ], [ -90.474949746999982, 17.230299225000067 ], [ -90.473549591999983, 17.228682969000033 ], [ -90.471937727999943, 17.226568414000042 ], [ -90.470528724999951, 17.224743167000042 ], [ -90.468874315999983, 17.223255786000038 ], [ -90.467284738999979, 17.222055977000025 ], [ -90.465689592999979, 17.220404487000053 ], [ -90.46405105599996, 17.218620348000059 ], [ -90.462828594999962, 17.217425135000042 ], [ -90.46181001299999, 17.216398454000057 ], [ -90.461200837999968, 17.215629825000065 ], [ -90.460751818999938, 17.214918538000063 ], [ -90.460511631999964, 17.214055211000073 ], [ -90.460338337999985, 17.212465652000049 ], [ -90.460141707999981, 17.211724807000053 ], [ -90.459765619999985, 17.210706221000066 ], [ -90.459376277999979, 17.209841013000073 ], [ -90.459141973999976, 17.208504710000057 ], [ -90.45905638399995, 17.207203025000069 ], [ -90.459049901999947, 17.206000562000042 ], [ -90.458674261999988, 17.204132973000071 ], [ -90.458349423999948, 17.202717629000063 ], [ -90.458199518999947, 17.201910761000022 ], [ -90.458139091999954, 17.201303728000028 ], [ -90.45848437799998, 17.200404885000069 ], [ -90.459212230999981, 17.200005370000042 ], [ -90.459948496999971, 17.199849819000065 ], [ -90.460700892999967, 17.199329804000058 ], [ -90.46078162699996, 17.198449073000063 ], [ -90.460387476999983, 17.197937184000068 ], [ -90.459876142999974, 17.197577362000061 ], [ -90.459387249999963, 17.197251691000076 ], [ -90.458693297999957, 17.196846660000062 ], [ -90.458366813999987, 17.196412395000038 ], [ -90.457952951999971, 17.195624777000035 ], [ -90.457803033999937, 17.194861942000045 ], [ -90.457685666999964, 17.194210159000022 ], [ -90.457428490999973, 17.193732732000058 ], [ -90.457124173999944, 17.19331003700006 ], [ -90.456497283999965, 17.192210383000031 ], [ -90.456446663999941, 17.19170282400006 ], [ -90.456504815999949, 17.190799233000064 ], [ -90.45679420099998, 17.189777753000044 ], [ -90.457224897999936, 17.188471293000077 ], [ -90.457684807999954, 17.187562605000039 ], [ -90.458108867999954, 17.186741523000023 ], [ -90.458446781999953, 17.186337087000027 ], [ -90.459210711999958, 17.185828505000075 ], [ -90.460446296999976, 17.185227639000061 ], [ -90.461127682999972, 17.184871556000076 ], [ -90.462118488999977, 17.184520491000058 ], [ -90.463172872999962, 17.18458908100007 ], [ -90.46367500499997, 17.184760233000077 ], [ -90.464278820999937, 17.185054596000043 ], [ -90.465704742999947, 17.185613319000026 ], [ -90.467443419999938, 17.18597612700006 ], [ -90.468588968999939, 17.186035675000028 ], [ -90.469438176999972, 17.186035046000029 ], [ -90.470554024999956, 17.185773571000027 ], [ -90.471444764999944, 17.18522249800003 ], [ -90.472217135999983, 17.184911546000023 ], [ -90.472824706999972, 17.184930454000039 ], [ -90.475072249999982, 17.184969903000024 ], [ -90.476108241999952, 17.184663365000063 ], [ -90.476721347999955, 17.184273626000049 ], [ -90.477338762999977, 17.183565559000044 ], [ -90.477816404999942, 17.183030737000024 ], [ -90.478227740999955, 17.182274925000058 ], [ -90.478574074999983, 17.181287982000072 ], [ -90.478605482999967, 17.18065951400007 ], [ -90.47836866099999, 17.179499313000065 ], [ -90.477966186999936, 17.178733326000042 ], [ -90.477400846999956, 17.177895299000056 ], [ -90.47577789099995, 17.174931658000048 ], [ -90.475348499999939, 17.174463388000049 ], [ -90.474655347999942, 17.174001977000046 ], [ -90.473810068999967, 17.173759947000065 ], [ -90.472960914999987, 17.173760602000073 ], [ -90.472283936999986, 17.173796150000044 ], [ -90.471697494999944, 17.17391073400006 ], [ -90.471178360999943, 17.174431475000063 ], [ -90.470584656999961, 17.174691607000057 ], [ -90.47006358499999, 17.174662493000028 ], [ -90.46938180099994, 17.174576038000055 ], [ -90.467438729999969, 17.174395850000053 ], [ -90.466408460999958, 17.174371621000034 ], [ -90.464295943999957, 17.174690554000051 ], [ -90.463399372999959, 17.175068786000054 ], [ -90.462240172999941, 17.175154686000042 ], [ -90.46057316699995, 17.175099837000062 ], [ -90.457949092999968, 17.17477776000004 ], [ -90.456783328999961, 17.174484203000077 ], [ -90.456092540999975, 17.174197760000027 ], [ -90.45564604499998, 17.173825203000035 ], [ -90.455280898999945, 17.173429964000036 ], [ -90.455186868999988, 17.172661059000063 ], [ -90.455594046999977, 17.171697514000073 ], [ -90.455859284999974, 17.170893626000066 ], [ -90.456018522999955, 17.170283716000029 ], [ -90.456049013999973, 17.169727503000047 ], [ -90.45576147099996, 17.168766487000028 ], [ -90.454892774999962, 17.167921202000059 ], [ -90.453945405999946, 17.167763609000076 ], [ -90.453376606999939, 17.16783433300003 ], [ -90.452888646999952, 17.167962525000064 ], [ -90.452408632999948, 17.168368548000046 ], [ -90.452101520999975, 17.168798204000041 ], [ -90.451979319999964, 17.169275355000025 ], [ -90.452002252999989, 17.170132554000077 ], [ -90.452155318999985, 17.170791562000034 ], [ -90.452310668999985, 17.171283508000045 ], [ -90.452384843999937, 17.171785720000059 ], [ -90.452338493999946, 17.172642042000064 ], [ -90.451840336999965, 17.173515239000039 ], [ -90.450550162999946, 17.175535643000046 ], [ -90.450076708999973, 17.176275923000048 ], [ -90.449859146999984, 17.176940408000064 ], [ -90.44961165699999, 17.178118207000068 ], [ -90.449486134999972, 17.179652050000072 ], [ -90.449394630999961, 17.182990454000048 ], [ -90.449302501999966, 17.18461503900005 ], [ -90.449109325999984, 17.185213219000048 ], [ -90.448681600999976, 17.185999231000039 ], [ -90.448072164999985, 17.186502950000033 ], [ -90.447386847999951, 17.186672653000073 ], [ -90.446496010999965, 17.186583472000052 ], [ -90.445501711999952, 17.186459104000051 ], [ -90.444530746999988, 17.186346318000062 ], [ -90.443673609999962, 17.18636932000004 ], [ -90.443218563999949, 17.186619830000041 ], [ -90.442888360999973, 17.187016433000053 ], [ -90.442936866999958, 17.187718150000023 ], [ -90.443368705999944, 17.188302798000052 ], [ -90.443743778999988, 17.188830277000022 ], [ -90.44408985299998, 17.189759306000042 ], [ -90.444114083999978, 17.190561195000043 ], [ -90.443618837999963, 17.191172473000051 ], [ -90.443059244999972, 17.191465683000047 ], [ -90.442570333999981, 17.191615280000065 ], [ -90.441898116999937, 17.19168465000007 ], [ -90.441233720999946, 17.191142206000052 ], [ -90.44086049799995, 17.190480396000055 ], [ -90.440382727999975, 17.189862419000065 ], [ -90.439713453999957, 17.189675540000053 ], [ -90.439128680999943, 17.190091480000035 ], [ -90.439081945999988, 17.190970364000066 ], [ -90.439016274999972, 17.192371730000048 ], [ -90.438914308999983, 17.193038792000038 ], [ -90.438269385999945, 17.193642505000071 ], [ -90.437537371999952, 17.19378899700007 ], [ -90.436008935999951, 17.193769556000063 ], [ -90.434527958999979, 17.193672807000041 ], [ -90.433336154999949, 17.193602311000063 ], [ -90.432047748999935, 17.193808306000051 ], [ -90.431421326999953, 17.19387822300007 ], [ -90.43090065199999, 17.193860295000036 ], [ -90.430078619999961, 17.193805784000062 ], [ -90.428198189999989, 17.193291818000034 ], [ -90.425490915999944, 17.192266008000047 ], [ -90.424013689999981, 17.191857638000045 ], [ -90.421498071999963, 17.191202274000034 ], [ -90.420216467999978, 17.190918307000061 ], [ -90.418713407999974, 17.190765843000065 ], [ -90.417841905999978, 17.190977086000032 ], [ -90.414978728999984, 17.192009515000052 ], [ -90.414408005999974, 17.192213312000035 ], [ -90.413570667999977, 17.192458842000065 ], [ -90.412561667999967, 17.192590396000071 ], [ -90.410332644999983, 17.192951258000051 ], [ -90.409157860999983, 17.193348228000048 ], [ -90.405454127999974, 17.195103526000025 ], [ -90.40499596899997, 17.195320031000051 ], [ -90.403657585999952, 17.195781468000064 ], [ -90.402517127999943, 17.196157390000053 ], [ -90.400902875999975, 17.196480905000044 ], [ -90.398976568999956, 17.196734898000045 ], [ -90.39718864799994, 17.197045980000041 ], [ -90.394226062999962, 17.197741504000078 ], [ -90.392410895999944, 17.198319748000074 ], [ -90.391155812999955, 17.198659118000023 ], [ -90.390285033999987, 17.198814925000022 ], [ -90.389679629999989, 17.199018194000075 ], [ -90.389070740999955, 17.199511557000051 ], [ -90.388352183999984, 17.200370403000022 ], [ -90.387747726999976, 17.201342489000069 ], [ -90.38732285399999, 17.201904840000054 ], [ -90.386756167999977, 17.20265388100006 ], [ -90.385921593999967, 17.203533790000051 ], [ -90.385230093999951, 17.204136701000039 ], [ -90.384527463999973, 17.204695436000065 ], [ -90.383836763999966, 17.205199004000065 ], [ -90.383019384999955, 17.205689636000045 ], [ -90.381964007999954, 17.206565524000041 ], [ -90.381599591999986, 17.206961559000035 ], [ -90.38115088099994, 17.207546160000049 ], [ -90.380878917999951, 17.207965976000025 ], [ -90.380379600999959, 17.208849085000054 ], [ -90.380012343999965, 17.209446033000063 ], [ -90.379669718999935, 17.209920244000045 ], [ -90.37914180599995, 17.210414620000051 ], [ -90.378522219999979, 17.210828778000064 ], [ -90.377813452999987, 17.210986631000026 ], [ -90.376747506999948, 17.21098403600007 ], [ -90.375601113999949, 17.210980383000049 ], [ -90.374375585999985, 17.210841352000045 ], [ -90.373670115999971, 17.210765543000036 ], [ -90.372245230999965, 17.210769528000071 ], [ -90.371210600999973, 17.211045029000047 ], [ -90.368569696999941, 17.211857228000042 ], [ -90.366554598999983, 17.212687738000056 ], [ -90.363059524999983, 17.214133298000036 ], [ -90.36127305399998, 17.215156402000048 ], [ -90.360454834999985, 17.215658206000057 ], [ -90.359042871999975, 17.217231465000054 ], [ -90.357304738999972, 17.218899777000047 ], [ -90.355464190999953, 17.220457216000057 ], [ -90.352445767999939, 17.221741747000067 ], [ -90.349688627999967, 17.222617614000058 ], [ -90.347538177999979, 17.223124383000027 ], [ -90.346288907999963, 17.223041304000049 ], [ -90.345013660999939, 17.223091087000057 ], [ -90.343025557999965, 17.223621395000066 ], [ -90.34044064699998, 17.224566007000078 ], [ -90.338785056999939, 17.225335480000069 ], [ -90.336710947999961, 17.226208897000049 ], [ -90.335064901999942, 17.227089093000075 ], [ -90.334571273999984, 17.227352363000023 ], [ -90.333383527999956, 17.228138142000034 ], [ -90.331382854999958, 17.228843136000023 ], [ -90.330899770999963, 17.228535310000041 ], [ -90.330253230999972, 17.228076300000055 ], [ -90.329270622999957, 17.227338502000066 ], [ -90.326312922999989, 17.224998521000032 ], [ -90.324601251999979, 17.223581577000061 ], [ -90.323961231999988, 17.223039099000061 ], [ -90.321788364999975, 17.221023333000062 ], [ -90.313910142999987, 17.214792973000044 ], [ -90.301699040999949, 17.205233985000064 ], [ -90.298938807999946, 17.203297080000027 ], [ -90.295990340999936, 17.200577564000071 ], [ -90.294765089999942, 17.199543995000056 ], [ -90.290088683999954, 17.195521057000065 ], [ -90.286219277999976, 17.19271002000005 ], [ -90.285251100999972, 17.191974504000029 ], [ -90.282750516999954, 17.189815145000068 ], [ -90.281890534999945, 17.189031404000048 ], [ -90.278625799999986, 17.186409023000067 ], [ -90.27767810499995, 17.186164810000037 ], [ -90.267940890999967, 17.177897407000046 ], [ -90.265066636999961, 17.175621056000068 ], [ -90.262132943999973, 17.173319034000031 ], [ -90.260262599999976, 17.171858869000062 ], [ -90.251698929999975, 17.165137505000075 ], [ -90.241658761999986, 17.157343612000034 ], [ -90.236943143999952, 17.153067441000076 ], [ -90.236148325999977, 17.152863532000026 ], [ -90.227400000999978, 17.145374612000069 ], [ -90.220506634999936, 17.140302897000026 ], [ -90.215988046999939, 17.13622095900007 ], [ -90.210673849999978, 17.132127969000067 ], [ -90.202999427999941, 17.126086637000071 ], [ -90.201035179999963, 17.124336895000056 ], [ -90.19442234, 17.119017763000045 ], [ -90.193176371999982, 17.118070343000056 ], [ -90.185596139999973, 17.111775821000037 ], [ -90.182858112999952, 17.109983572000033 ] ] ] ] } },
{ "type": "Feature", "properties": { "Codigo": 1709, "datos_finales_color_riesgo": "620D00" }, "geometry": { "type": "MultiPolygon", "coordinates": [ [ [ [ -89.202802747999954, 16.267511330000048 ], [ -89.202975648999939, 16.259132871000077 ], [ -89.204182049999986, 16.242355274000033 ], [ -89.204496462999941, 16.241942452000046 ], [ -89.20523204899996, 16.228408158000036 ], [ -89.20585943399999, 16.227258759000051 ], [ -89.205649328999982, 16.223209134000058 ], [ -89.207397068999967, 16.199925047000022 ], [ -89.20766410899995, 16.195120336000059 ], [ -89.209389248999969, 16.172251907000032 ], [ -89.209878445999948, 16.158514523000065 ], [ -89.211691008999935, 16.13452856300006 ], [ -89.211562025999967, 16.131557543000042 ], [ -89.212362852999945, 16.124640609000039 ], [ -89.212480615999937, 16.119184615000052 ], [ -89.21287029399997, 16.115074563000064 ], [ -89.21330618799999, 16.111846249000052 ], [ -89.213025786999935, 16.111343848000047 ], [ -89.216507252999975, 16.064117722000049 ], [ -89.219642255999986, 16.002190029000076 ], [ -89.219654065999976, 16.00054116900003 ], [ -89.219807809999963, 15.992436152000039 ], [ -89.221327618999965, 15.974368248000076 ], [ -89.22129825899998, 15.969507369000041 ], [ -89.222296603999951, 15.959928254000033 ], [ -89.22205970899995, 15.957237298000052 ], [ -89.224721242999976, 15.919713873000035 ], [ -89.224612920999959, 15.915658078000035 ], [ -89.225793488999955, 15.896611630000052 ], [ -89.226542032999987, 15.897471820000078 ], [ -89.227123724999956, 15.897873393000054 ], [ -89.227792912999973, 15.897896371000058 ], [ -89.228710254999953, 15.897643946000073 ], [ -89.229219095999952, 15.897608845000036 ], [ -89.229944086999978, 15.897733180000046 ], [ -89.230307996999954, 15.898063264000029 ], [ -89.230575137999949, 15.898582285000032 ], [ -89.230679872999985, 15.899153740000031 ], [ -89.230548680999959, 15.900000811000041 ], [ -89.230324435999989, 15.900868815000024 ], [ -89.230103036999935, 15.902239942000051 ], [ -89.230194643999937, 15.902890126000045 ], [ -89.230506125999966, 15.903531741000052 ], [ -89.231217172999948, 15.904404806000059 ], [ -89.231516355999986, 15.905081175000078 ], [ -89.23193506299998, 15.906161190000034 ], [ -89.232407258999956, 15.906873292000057 ], [ -89.23300692, 15.907532350000054 ], [ -89.233687776999943, 15.908181544000058 ], [ -89.234602701999961, 15.908655474000057 ], [ -89.23530167399997, 15.908958694000034 ], [ -89.235841573999949, 15.909135056000025 ], [ -89.236431256999936, 15.909704824000073 ], [ -89.23678083599998, 15.910180162000074 ], [ -89.237347031999946, 15.910759669000072 ], [ -89.237973973999942, 15.911207134000051 ], [ -89.238753758999962, 15.911521906000075 ], [ -89.239365106999969, 15.911555126000053 ], [ -89.240163815999949, 15.911479943000074 ], [ -89.24087908499996, 15.911503692000053 ], [ -89.241531023999983, 15.911861344000044 ], [ -89.242786617999968, 15.912666044000048 ], [ -89.249056641999971, 15.91653027600006 ], [ -89.249574345999974, 15.916617115000065 ], [ -89.250590294999938, 15.916646066000055 ], [ -89.251448991999951, 15.916448935000062 ], [ -89.252303172999973, 15.91646378400003 ], [ -89.252843113999973, 15.916640113000028 ], [ -89.253474050999955, 15.916875547000075 ], [ -89.254635188999941, 15.917152907000059 ], [ -89.25547727899999, 15.917222806000041 ], [ -89.256009319999976, 15.917165494000074 ], [ -89.256648377999966, 15.916963399000053 ], [ -89.25725405899999, 15.91670657800006 ], [ -89.257730923999986, 15.916512944000033 ], [ -89.258933863999971, 15.916422148000038 ], [ -89.26106596599999, 15.918560605000039 ], [ -89.261829000999967, 15.919154760000026 ], [ -89.262514553999949, 15.919558064000057 ], [ -89.263455807999947, 15.919876687000055 ], [ -89.264296878999971, 15.920002938000039 ], [ -89.265035713999964, 15.920015741000043 ], [ -89.265960929999949, 15.919941528000038 ], [ -89.266586878999988, 15.919818138000039 ], [ -89.267053281999949, 15.919591589000049 ], [ -89.267717901999958, 15.919268078000073 ], [ -89.268313433999936, 15.918898250000041 ], [ -89.268958870999938, 15.918351054000027 ], [ -89.26958283099998, 15.917735806000053 ], [ -89.270350253999936, 15.916832009000075 ], [ -89.270984858999952, 15.916239498000039 ], [ -89.27158177199999, 15.91582568900003 ], [ -89.272689913999955, 15.915218798000069 ], [ -89.273269608999954, 15.915105865000044 ], [ -89.273881206999988, 15.915127716000029 ], [ -89.274594227999955, 15.91530698300005 ], [ -89.275341819999937, 15.915476693000073 ], [ -89.275940911999953, 15.915576154000064 ], [ -89.276494827999954, 15.915597001000037 ], [ -89.277256964999935, 15.915610161000075 ], [ -89.277962228999968, 15.915578346000075 ], [ -89.279147977999969, 15.915788319000058 ], [ -89.279954694999958, 15.915881201000047 ], [ -89.280808879999938, 15.915928648000033 ], [ -89.28142171199994, 15.915883945000076 ], [ -89.282140291999951, 15.915762102000031 ], [ -89.282791424999971, 15.915504858000077 ], [ -89.283409382999935, 15.915213200000039 ], [ -89.284118550999949, 15.914969360000043 ], [ -89.284767209999984, 15.914846302000058 ], [ -89.285451619999947, 15.914712577000046 ], [ -89.286455347999947, 15.914773860000025 ], [ -89.28720027899999, 15.915089001000069 ], [ -89.288166769999975, 15.915273717000048 ], [ -89.289138384999944, 15.91521147800006 ], [ -89.289615793999985, 15.915018904000021 ], [ -89.290233161999936, 15.914727213000049 ], [ -89.291300712999941, 15.914455672000031 ], [ -89.291832529999965, 15.914442257000076 ], [ -89.292524924999952, 15.914476725000043 ], [ -89.29303035099997, 15.914630932000023 ], [ -89.294073767999976, 15.915039169000067 ], [ -89.295083594999937, 15.915403959000059 ], [ -89.295842064999988, 15.915617779000058 ], [ -89.296533660999955, 15.915696214000036 ], [ -89.297319722999987, 15.915677003000042 ], [ -89.298394858999984, 15.915627778000044 ], [ -89.298914239999988, 15.915625415000022 ], [ -89.299708485999986, 15.915795845000048 ], [ -89.300351388999957, 15.916018951000069 ], [ -89.300958295999976, 15.916297838000048 ], [ -89.301485001999936, 15.916564068000071 ], [ -89.302263755999945, 15.916912456000034 ], [ -89.302952882999989, 15.917126194000048 ], [ -89.303550378999944, 15.917314672000032 ], [ -89.30417141099997, 15.917459557000029 ], [ -89.305080050999948, 15.917654492000054 ], [ -89.305967411999973, 15.917770095000037 ], [ -89.307098003999954, 15.917844738000042 ], [ -89.308161264999967, 15.917840385000034 ], [ -89.309120441999937, 15.917790255000057 ], [ -89.309700146999944, 15.917677219000041 ], [ -89.31039644399999, 15.917499623000026 ], [ -89.311095415999944, 15.91717542300006 ], [ -89.311957573999962, 15.916788584000074 ], [ -89.31279419699996, 15.916523134000045 ], [ -89.313511791999986, 15.916423728000041 ], [ -89.314551947999973, 15.916407666000055 ], [ -89.315252955999938, 15.91661029100004 ], [ -89.315683375999981, 15.917075639000075 ], [ -89.31580001399999, 15.91764730400007 ], [ -89.31609360899995, 15.918647274000023 ], [ -89.316605029999948, 15.919114006000029 ], [ -89.317355766999981, 15.919115551000061 ], [ -89.317912374999935, 15.918990819000044 ], [ -89.318854534999957, 15.918627879000042 ], [ -89.320905366999966, 15.917656651000073 ], [ -89.322053075999975, 15.916792954000073 ], [ -89.323340467999969, 15.915876356000069 ], [ -89.32400605, 15.915496262000033 ], [ -89.324762279999959, 15.915195551000068 ], [ -89.326004921999981, 15.914815133000047 ], [ -89.326514064999969, 15.914767402000052 ], [ -89.327034042999969, 15.914764981000076 ], [ -89.327874775999987, 15.914913541000033 ], [ -89.328707118999944, 15.914882590000047 ], [ -89.329298892999986, 15.914714427000035 ], [ -89.330135496999958, 15.914448905000029 ], [ -89.330748548999964, 15.91439278100006 ], [ -89.331430314999977, 15.914404381000054 ], [ -89.332442090999962, 15.914667511000061 ], [ -89.334310136999989, 15.916118405000077 ], [ -89.335099808999985, 15.916511994000075 ], [ -89.335563024999942, 15.917068116000053 ], [ -89.33587001699999, 15.917978055000049 ], [ -89.335957477999955, 15.918907957000044 ], [ -89.336464085999978, 15.919643052000026 ], [ -89.337080704999948, 15.920033696000075 ], [ -89.338034982999943, 15.920319521000067 ], [ -89.338795657999981, 15.920352747000038 ], [ -89.339665019999984, 15.92021070800007 ], [ -89.340595127999961, 15.919868895000036 ], [ -89.341081981999935, 15.919765477000055 ], [ -89.34226814799996, 15.919350163000047 ], [ -89.343612702999962, 15.919104486000037 ], [ -89.344570707999935, 15.919120732000067 ], [ -89.345861734999971, 15.919288144000063 ], [ -89.349117213999989, 15.919421138000075 ], [ -89.349738922999961, 15.919532067000034 ], [ -89.350496877999944, 15.919780672000059 ], [ -89.351381706999973, 15.920040449000055 ], [ -89.352047621999986, 15.920253649000074 ], [ -89.352795967999953, 15.920389274000058 ], [ -89.353580295999961, 15.920469101000037 ], [ -89.35423780299999, 15.920502785000053 ], [ -89.355046468999944, 15.920493897000028 ], [ -89.35563783799995, 15.920380932000057 ], [ -89.358007756999939, 15.919650486000023 ], [ -89.358991918999948, 15.919510304000028 ], [ -89.360545327999944, 15.919222920000038 ], [ -89.36225008699995, 15.918850084000042 ], [ -89.363807107999946, 15.91836193000006 ], [ -89.364986044999966, 15.917666587000042 ], [ -89.366224465999949, 15.916904549000037 ], [ -89.367419060999964, 15.915986084000053 ], [ -89.369845614999974, 15.914014382000062 ], [ -89.37046307199995, 15.913097457000049 ], [ -89.37101463, 15.911954925000032 ], [ -89.371399107999935, 15.91115704200007 ], [ -89.372045341999979, 15.910519244000056 ], [ -89.372615960999951, 15.910294191000048 ], [ -89.373080879999975, 15.910112483000034 ], [ -89.373888085999965, 15.909566505000043 ], [ -89.374335093999946, 15.909116001000029 ], [ -89.375134062999962, 15.908346508000022 ], [ -89.376805890999947, 15.906586509000022 ], [ -89.377526931999967, 15.905675807000023 ], [ -89.377630650999947, 15.902458993000039 ], [ -89.377664974999959, 15.901844737000033 ], [ -89.377770439999949, 15.901131274000022 ], [ -89.378423573999953, 15.89948726700004 ], [ -89.378713566999977, 15.898754335000035 ], [ -89.378855807999969, 15.897907237000027 ], [ -89.379142926999975, 15.896716235000042 ], [ -89.379455815999961, 15.89600624600007 ], [ -89.380025333999981, 15.895188876000077 ], [ -89.380572084999983, 15.894568543000048 ], [ -89.380689670999971, 15.893567604000054 ], [ -89.380919959999972, 15.892945351000037 ], [ -89.381021808999947, 15.892432628000051 ], [ -89.381001844999957, 15.891594089000023 ], [ -89.380688654999972, 15.891019132000054 ], [ -89.379776883999966, 15.889695213000039 ], [ -89.379650199999958, 15.889022978000071 ], [ -89.379770504999954, 15.888130383000032 ], [ -89.379998386999944, 15.887642338000035 ], [ -89.380413952999959, 15.887023189000047 ], [ -89.380966194999985, 15.886485297000036 ], [ -89.381669363999947, 15.885916088000045 ], [ -89.382234866999966, 15.885288164000031 ], [ -89.38273540099999, 15.88444706100006 ], [ -89.383107949999953, 15.883625246000065 ], [ -89.383756605999963, 15.882876869000029 ], [ -89.384491931999946, 15.88246386700007 ], [ -89.386651639999968, 15.882444722000059 ], [ -89.387720692999949, 15.88272997100006 ], [ -89.388378485999965, 15.882774813000026 ], [ -89.389075648999949, 15.882540531000075 ], [ -89.389614010999935, 15.882158064000066 ], [ -89.389881988999946, 15.881380737000029 ], [ -89.389815767999949, 15.880551573000048 ], [ -89.389332108999952, 15.879828247000034 ], [ -89.388302352999972, 15.878615205000074 ], [ -89.387920597999937, 15.878027830000065 ], [ -89.387528021999969, 15.877361305000022 ], [ -89.386795418999952, 15.87700271600005 ], [ -89.38612758499994, 15.876868583000032 ], [ -89.384803345999956, 15.876645624000048 ], [ -89.383938761999957, 15.876563471000054 ], [ -89.383350911999969, 15.876487073000021 ], [ -89.382546409999975, 15.87627167200003 ], [ -89.382149439999978, 15.875852128000076 ], [ -89.382105746999969, 15.875068469000041 ], [ -89.382334789999959, 15.874546592000058 ], [ -89.383503545999986, 15.873130031000073 ], [ -89.384079240999938, 15.872581234000052 ], [ -89.384478713999954, 15.872207733000039 ], [ -89.385074146999955, 15.871826228000032 ], [ -89.385780525999962, 15.871726353000042 ], [ -89.386362971999972, 15.872104992000061 ], [ -89.386702065999941, 15.872502128000065 ], [ -89.38698068299999, 15.873087776000034 ], [ -89.387364598999966, 15.87358606500004 ], [ -89.387888791999956, 15.873963729000025 ], [ -89.388359087999959, 15.874161115000049 ], [ -89.38932319099996, 15.874479566000048 ], [ -89.390246838999985, 15.874517556000058 ], [ -89.390975549999951, 15.874440603000039 ], [ -89.391725080999947, 15.873882275000028 ], [ -89.391772799999956, 15.87313398200007 ], [ -89.39140329899999, 15.872480258000053 ], [ -89.388240872999972, 15.869777429000067 ], [ -89.388115766999988, 15.86901497100007 ], [ -89.388219744999958, 15.868380435000063 ], [ -89.38859987799998, 15.867783228000064 ], [ -89.389435264999975, 15.867572678000045 ], [ -89.390078381999956, 15.867751510000062 ], [ -89.390831476999949, 15.868267238000044 ], [ -89.391796241999941, 15.86858004100003 ], [ -89.392387455999938, 15.868466940000076 ], [ -89.392696460999957, 15.867968942000061 ], [ -89.392757028999938, 15.86715317200003 ], [ -89.392777817999956, 15.866640213000039 ], [ -89.392698135999979, 15.865911227000026 ], [ -89.392356122999956, 15.865023308000048 ], [ -89.392111064999938, 15.864516065000032 ], [ -89.391697755999985, 15.863737517000061 ], [ -89.391467928999987, 15.863029718000064 ], [ -89.391488739999943, 15.862515631000065 ], [ -89.391915476999941, 15.861885345000076 ], [ -89.392579772999966, 15.861561366000046 ], [ -89.39348187, 15.861464724000029 ], [ -89.394059221999953, 15.861474350000037 ], [ -89.39454253599996, 15.861594093000065 ], [ -89.395298433999983, 15.861919191000027 ], [ -89.395777175999967, 15.862296075000074 ], [ -89.396411124999986, 15.863023016000056 ], [ -89.397444007999979, 15.864682816000027 ], [ -89.398846206999963, 15.867008734000024 ], [ -89.399379679999981, 15.867520776000049 ], [ -89.400185164999982, 15.867713565000031 ], [ -89.401041064999959, 15.867627408000033 ], [ -89.402040998999951, 15.867241297000078 ], [ -89.402541552999935, 15.867014969000024 ], [ -89.403354451999974, 15.866133862000027 ], [ -89.403456037999945, 15.865598548000037 ], [ -89.403514540999936, 15.864929393000068 ], [ -89.403612797999983, 15.863924709000059 ], [ -89.404030998999986, 15.863149846000056 ], [ -89.404430420999972, 15.86277629600005 ], [ -89.405224916999941, 15.862241216000029 ], [ -89.405917064999983, 15.861660434000044 ], [ -89.406241039999941, 15.860973126000033 ], [ -89.40648387799996, 15.859635774000026 ], [ -89.406874614999936, 15.859093976000054 ], [ -89.40775322799999, 15.858382031000076 ], [ -89.410420555999963, 15.857098452000059 ], [ -89.412295559999961, 15.856195429000024 ], [ -89.414800212999978, 15.859361986000067 ], [ -89.415622029999952, 15.859421860000054 ], [ -89.417054164999968, 15.858649094000043 ], [ -89.418807120999986, 15.859705889000054 ], [ -89.42082633199999, 15.85892024900005 ], [ -89.426671511999984, 15.858924369000022 ], [ -89.42805683399996, 15.85819361800003 ], [ -89.429446151999969, 15.856474632000072 ], [ -89.433215357999984, 15.855590249000045 ], [ -89.434317871999951, 15.854369664000046 ], [ -89.437897375999967, 15.854096929000036 ], [ -89.438999372999945, 15.851111805000073 ], [ -89.440203015999941, 15.849969558000055 ], [ -89.442836614999976, 15.848601478000035 ], [ -89.44589885299996, 15.849774343000036 ], [ -89.447854683999935, 15.850002758000073 ], [ -89.449946527999941, 15.848920152000062 ], [ -89.455289849999986, 15.847821967000073 ], [ -89.458520456999963, 15.848702957000057 ], [ -89.460016757999938, 15.84991883500004 ], [ -89.461211341999956, 15.853631039000049 ], [ -89.462500235999983, 15.855046597000069 ], [ -89.464057476999983, 15.855712879000066 ], [ -89.464341658999956, 15.856427178000047 ], [ -89.463919812999961, 15.857991901000048 ], [ -89.464015658999983, 15.860715871000025 ], [ -89.465081556999962, 15.861854749000031 ], [ -89.467290833999982, 15.862097308000045 ], [ -89.471888472999979, 15.860533031000045 ], [ -89.474310532999937, 15.861141152000073 ], [ -89.477656576999948, 15.860832372000061 ], [ -89.478430919999937, 15.859201136000024 ], [ -89.481600844999946, 15.857621276000032 ], [ -89.481757319999986, 15.855523031000075 ], [ -89.482747425999946, 15.854216827000073 ], [ -89.48382798199998, 15.854012123000075 ], [ -89.486608263999983, 15.853689472000042 ], [ -89.487807968999959, 15.854378 ], [ -89.488980969999943, 15.855161988000077 ], [ -89.49016876099995, 15.853678428000023 ], [ -89.491868531999955, 15.852850774000046 ], [ -89.492975812999987, 15.849448980000034 ], [ -89.495428475999972, 15.848386398000059 ], [ -89.499981476999949, 15.84441862500006 ], [ -89.500056786999949, 15.866759424000065 ], [ -89.500423933999969, 15.918200468000066 ], [ -89.500141801999973, 15.924687883000047 ], [ -89.500460447999956, 15.928736732000061 ], [ -89.500088160999951, 15.935777776000066 ], [ -89.500563649999947, 15.941000306000035 ], [ -89.500455507999959, 16.002063068000041 ], [ -89.50136951199994, 16.010089698000058 ], [ -89.501524072999985, 16.035262398000043 ], [ -89.501277415999937, 16.039097808000065 ], [ -89.500903849999986, 16.039845377000063 ], [ -89.500740825999969, 16.040528687000062 ], [ -89.500816060999966, 16.041564523000034 ], [ -89.500932779999971, 16.042195996000032 ], [ -89.501029382999945, 16.043311156000073 ], [ -89.501132282999947, 16.044099229000039 ], [ -89.501297608999948, 16.044619796000063 ], [ -89.501740342999938, 16.045222749000061 ], [ -89.502407443999971, 16.045638689000043 ], [ -89.50339478099994, 16.045722512000054 ], [ -89.503845694999939, 16.045189443000027 ], [ -89.504269249999936, 16.044252011000026 ], [ -89.504564292999987, 16.043357611000033 ], [ -89.504425619999907, 16.042612954000049 ], [ -89.504066895999983, 16.041842143000054 ], [ -89.503788245999942, 16.041162898000039 ], [ -89.503940287999967, 16.040439914000046 ], [ -89.504919067999936, 16.040344192000077 ], [ -89.505649990999984, 16.040445251000051 ], [ -89.506647991999955, 16.040551795000056 ], [ -89.507444475999989, 16.040238720000048 ], [ -89.507720405999976, 16.039736632000029 ], [ -89.507858113999987, 16.039165724000043 ], [ -89.507974451999985, 16.038515487000041 ], [ -89.508020021999982, 16.037909227000057 ], [ -89.508029833999956, 16.037346387000071 ], [ -89.508369538999943, 16.036531681000042 ], [ -89.509032221999973, 16.036531199000024 ], [ -89.509602768999969, 16.036495368000033 ], [ -89.51013773699998, 16.036492801000065 ], [ -89.510787969999967, 16.036537242000065 ], [ -89.511838209999951, 16.036993242000051 ], [ -89.51179265199994, 16.03759950500006 ], [ -89.511545677999948, 16.038449575000072 ], [ -89.511417489999985, 16.039110907000065 ], [ -89.51130036699999, 16.039840111000046 ], [ -89.51124351499999, 16.040424753000025 ], [ -89.511066912999979, 16.041219556000044 ], [ -89.510790792999956, 16.041732929000034 ], [ -89.510382847999949, 16.042446110000071 ], [ -89.510141544999954, 16.042936355000052 ], [ -89.510459122999976, 16.043391708000058 ], [ -89.511231216999988, 16.043809334000059 ], [ -89.511921862999941, 16.044214350000061 ], [ -89.512473518999968, 16.044594536000034 ], [ -89.512921380999956, 16.044905332000042 ], [ -89.513453052999978, 16.04509338500003 ], [ -89.514385419999897, 16.044984457000055 ], [ -89.515079669999977, 16.044512861000044 ], [ -89.515771382999958, 16.044186769000078 ], [ -89.516573670999946, 16.044211104000055 ], [ -89.517154538999989, 16.044220554000049 ], [ -89.51776010399999, 16.044185275000075 ], [ -89.518747066999936, 16.044257737000066 ], [ -89.519363647999967, 16.044931183000074 ], [ -89.519576661999963, 16.04539611000007 ], [ -89.519872840999938, 16.04641298100006 ], [ -89.519974839999975, 16.047223609000071 ], [ -89.520009182999956, 16.047932720000063 ], [ -89.520244549999973, 16.048454423000067 ], [ -89.520947484999965, 16.048825767000039 ], [ -89.52180167399996, 16.049188284000024 ], [ -89.522249173999967, 16.049521624000022 ], [ -89.522543871999972, 16.049952900000051 ], [ -89.52305334, 16.050782559000027 ], [ -89.523265196999944, 16.051281311000025 ], [ -89.523372671999937, 16.051811089000068 ], [ -89.523628269999961, 16.052478667000059 ], [ -89.524099300999978, 16.052801106000061 ], [ -89.524704698999983, 16.052777090000063 ], [ -89.525741923999988, 16.051973675000056 ], [ -89.526429562999965, 16.05188329200007 ], [ -89.527011198999958, 16.052556157000026 ], [ -89.527247958999965, 16.052998899000045 ], [ -89.527839347999986, 16.053076192000049 ], [ -89.528115644999957, 16.052585361000069 ], [ -89.52833829299999, 16.051823999000078 ], [ -89.528498505999949, 16.051298564000035 ], [ -89.528905046999967, 16.050664295000047 ], [ -89.529758338999955, 16.050407346000043 ], [ -89.530717566999954, 16.05006297500006 ], [ -89.531107176999967, 16.049731932000043 ], [ -89.531486077999944, 16.049345432000052 ], [ -89.531911264999962, 16.04898111600005 ], [ -89.532665402999953, 16.048419038000077 ], [ -89.533178238999938, 16.048349494000036 ], [ -89.533713445999979, 16.048335594000037 ], [ -89.534528995999949, 16.048235970000064 ], [ -89.53510950499998, 16.047627068000054 ], [ -89.53557746499996, 16.046779402000027 ], [ -89.535854687999972, 16.046233283000049 ], [ -89.536656423999943, 16.045582822000029 ], [ -89.537321689999942, 16.045469471000047 ], [ -89.537991810999983, 16.045716122000044 ], [ -89.538492000999952, 16.045702772000027 ], [ -89.53947182099995, 16.045515519000048 ], [ -89.540099743999974, 16.04486223300006 ], [ -89.540424586999961, 16.044226613000035 ], [ -89.540782858999989, 16.043681797000033 ], [ -89.541316502999962, 16.043082266000056 ], [ -89.541993795999986, 16.042913808000037 ], [ -89.542820210999935, 16.042893304000074 ], [ -89.543581097999947, 16.042613359000029 ], [ -89.544072166999968, 16.042452039000068 ], [ -89.544706718999976, 16.042731944000025 ], [ -89.545441382999968, 16.043295532000059 ], [ -89.546141438999939, 16.043160147000037 ], [ -89.546695558999943, 16.042725666000024 ], [ -89.547388012999988, 16.042354337000063 ], [ -89.548137425999982, 16.042062908000048 ], [ -89.548498203999941, 16.04137143500003 ], [ -89.548631512999975, 16.037020604000077 ], [ -89.548594728999944, 16.036446835000049 ], [ -89.54846424699997, 16.035927972000025 ], [ -89.547964793999938, 16.035222636000071 ], [ -89.547298960999967, 16.03469401600006 ], [ -89.54672078499999, 16.033852012000068 ], [ -89.5468819, 16.033270152000057 ], [ -89.547650542999975, 16.03318099300003 ], [ -89.548499665999941, 16.033194674000072 ], [ -89.549082444999954, 16.033092359000022 ], [ -89.549024272999986, 16.03243926600004 ], [ -89.548670061999985, 16.032073633000039 ], [ -89.548235953999949, 16.03160516500003 ], [ -89.547836839999945, 16.031171110000059 ], [ -89.54735567299997, 16.030725576000066 ], [ -89.546916495999938, 16.029908382000031 ], [ -89.547322927999971, 16.029274057000066 ], [ -89.548097990999963, 16.029488509000032 ], [ -89.54854686699997, 16.029776685000058 ], [ -89.549028208999971, 16.030178215000035 ], [ -89.54946425899999, 16.030533881000053 ], [ -89.549982345999979, 16.030834454000058 ], [ -89.55050254799994, 16.031012074000046 ], [ -89.551470238999968, 16.030847122000068 ], [ -89.551952115999939, 16.030540081000026 ], [ -89.552584840999941, 16.030280597000058 ], [ -89.553671087999987, 16.030005839000069 ], [ -89.55465320199994, 16.030358997000064 ], [ -89.556006564999961, 16.032123988000023 ], [ -89.556702706999943, 16.032248005000042 ], [ -89.557072592999987, 16.031668359000037 ], [ -89.557213820999948, 16.030918046000068 ], [ -89.557327687999987, 16.030368134000071 ], [ -89.557864966999944, 16.030231213000036 ], [ -89.558744641999965, 16.030469874000062 ], [ -89.559205201999987, 16.030758219000063 ], [ -89.559711643999947, 16.03105858400005 ], [ -89.560642495999957, 16.031680560000041 ], [ -89.561151246999941, 16.031846690000066 ], [ -89.561757178999983, 16.031788716000051 ], [ -89.562113628999953, 16.03134536500005 ], [ -89.562308549999955, 16.030830598000023 ], [ -89.562493718999974, 16.030203970000059 ], [ -89.562836102999938, 16.029219931000057 ], [ -89.563588159999938, 16.028770509000026 ], [ -89.564261162999969, 16.028849001000026 ], [ -89.564715562999936, 16.029497167000045 ], [ -89.564791720999949, 16.030465355000047 ], [ -89.56536525599995, 16.030936031000067 ], [ -89.565844236999965, 16.030797026000073 ], [ -89.566436077999981, 16.030199476000064 ], [ -89.566946847999986, 16.02956677700007 ], [ -89.568159608999963, 16.028000911000049 ], [ -89.568572639999957, 16.027658875000043 ], [ -89.569125823999968, 16.027273947000026 ], [ -89.569608441999947, 16.026921738000055 ], [ -89.570248842999945, 16.026212119000036 ], [ -89.57034260599994, 16.025471182000047 ], [ -89.570097940999972, 16.024837664000074 ], [ -89.569456721999984, 16.024231649000058 ], [ -89.568847433999963, 16.023839397000074 ], [ -89.568241230999945, 16.023232810000025 ], [ -89.568290642999955, 16.022390746000042 ], [ -89.568843809999976, 16.022005816000046 ], [ -89.571636008999974, 16.021915089000061 ], [ -89.572172103999947, 16.021845808000023 ], [ -89.572755839999957, 16.021719741000027 ], [ -89.573248559999968, 16.021457948000034 ], [ -89.573709185999974, 16.021060240000054 ], [ -89.574076309999953, 16.020672321000063 ], [ -89.574466368999936, 16.020273486000065 ], [ -89.574939982999979, 16.019798127000058 ], [ -89.575363683999967, 16.019512659000043 ], [ -89.575927430999968, 16.019156085000077 ], [ -89.576567826999963, 16.01776041200003 ], [ -89.576688517999969, 16.016806644000042 ], [ -89.576783018999947, 16.016054428000075 ], [ -89.577418751999971, 16.01558052300004 ], [ -89.578092301999959, 16.015625121000028 ], [ -89.579126058999975, 16.01572059700004 ], [ -89.579921217999981, 16.015441040000042 ], [ -89.580423290999988, 16.015313647000028 ], [ -89.580891897999948, 16.015130429000067 ], [ -89.581612510999946, 16.014467172000025 ], [ -89.581620756999939, 16.013983250000024 ], [ -89.581634555999983, 16.013173324000036 ], [ -89.581642972999987, 16.012679250000076 ], [ -89.581690414999969, 16.011948844000074 ], [ -89.581896509999979, 16.011424067000064 ], [ -89.582577914999945, 16.011041135000028 ], [ -89.583445127999937, 16.011324623000064 ], [ -89.583916010999985, 16.011658210000064 ], [ -89.584316154999954, 16.012069655000062 ], [ -89.584635042999935, 16.012457239000071 ], [ -89.585372268999947, 16.012872923000032 ], [ -89.586758746999976, 16.013390331000039 ], [ -89.587358694999978, 16.013646984000047 ], [ -89.587742409999976, 16.014339118000066 ], [ -89.587692301999937, 16.015227455000058 ], [ -89.587538015999939, 16.016101720000052 ], [ -89.587413158999937, 16.01661764000005 ], [ -89.587400914999989, 16.017337327000064 ], [ -89.587649088999967, 16.017767789000061 ], [ -89.588351717999956, 16.018161476000046 ], [ -89.589392571999952, 16.018492841000068 ], [ -89.590041097999972, 16.018672405000075 ], [ -89.590606082999955, 16.018962349000049 ], [ -89.591039510999963, 16.019442015000038 ], [ -89.591392284999984, 16.019896703000029 ], [ -89.592045207999945, 16.020470128000056 ], [ -89.592852079999943, 16.020909467000024 ], [ -89.593814170999963, 16.021071439000025 ], [ -89.594383555999968, 16.021103050000022 ], [ -89.595047582999939, 16.021023328000069 ], [ -89.595648682999979, 16.020561225000051 ], [ -89.595895121999945, 16.019754985000077 ], [ -89.595336998999983, 16.019060087000071 ], [ -89.594865502999937, 16.018760358000065 ], [ -89.59422097199996, 16.018345046000036 ], [ -89.593323486999964, 16.017780155000025 ], [ -89.592853340999966, 16.017401462000066 ], [ -89.592237788999967, 16.016688721000037 ], [ -89.591828818999943, 16.01542186000006 ], [ -89.59155769299997, 16.014968471000032 ], [ -89.590867303999971, 16.014541140000063 ], [ -89.590152442999965, 16.014181118000067 ], [ -89.58976260299994, 16.01384882900004 ], [ -89.589654387999985, 16.013351766000028 ], [ -89.589702376999981, 16.012587512000039 ], [ -89.589924899999971, 16.01181587800005 ], [ -89.590062922999948, 16.011211024000033 ], [ -89.590165406999972, 16.010672176000071 ], [ -89.590379327999983, 16.009719870000026 ], [ -89.590631497999937, 16.009228535000034 ], [ -89.591100467999979, 16.009022730000027 ], [ -89.591614185999958, 16.008895492000022 ], [ -89.59215255, 16.008690786000045 ], [ -89.592656113999965, 16.008474245000059 ], [ -89.593182259999935, 16.008302063000031 ], [ -89.593950654999958, 16.00811906000007 ], [ -89.594406232999972, 16.008805557000073 ], [ -89.594343175999938, 16.009771550000039 ], [ -89.594178200999977, 16.010590368000067 ], [ -89.593967550999935, 16.011350914000047 ], [ -89.59385974099996, 16.012238339000078 ], [ -89.593907181999953, 16.01287999300007 ], [ -89.59444999599998, 16.013754053000071 ], [ -89.59504958399998, 16.014067100000034 ], [ -89.59576558599997, 16.014360552000028 ], [ -89.596529028999953, 16.014608492000036 ], [ -89.597178309999947, 16.014709064000044 ], [ -89.597678082999948, 16.014716993000036 ], [ -89.598412068999949, 16.014638366000042 ], [ -89.599086935999935, 16.013917897000056 ], [ -89.599294340999961, 16.013347983000074 ], [ -89.599442110999973, 16.012854979000053 ], [ -89.599590250999938, 16.012374394000062 ], [ -89.599961881999945, 16.011716812000031 ], [ -89.600616701999968, 16.011490237000032 ], [ -89.601513930999943, 16.011381464000067 ], [ -89.602212343999952, 16.011336108000023 ], [ -89.602746908999961, 16.011355859000048 ], [ -89.603543805999948, 16.011660723000034 ], [ -89.604188342999976, 16.012076006000029 ], [ -89.60444840699995, 16.012495358000024 ], [ -89.604626627999949, 16.012959677000026 ], [ -89.604982901999961, 16.013898469000026 ], [ -89.605568748999985, 16.014335390000042 ], [ -89.606320455999935, 16.013864348000027 ], [ -89.606828236999945, 16.013433449000047 ], [ -89.607784755999944, 16.013234191000038 ], [ -89.608517767999956, 16.013213060000055 ], [ -89.609262461999947, 16.013190983000072 ], [ -89.609762046999947, 16.013210164000043 ], [ -89.610283833999972, 16.013296266000054 ], [ -89.61082494499999, 16.013619630000051 ], [ -89.611980174999985, 16.014054249000026 ], [ -89.612671311999975, 16.013784203000057 ], [ -89.613038356999937, 16.013396199000056 ], [ -89.613399432999984, 16.012670718000038 ], [ -89.613977322999972, 16.012163050000026 ], [ -89.614822534999973, 16.011714888000029 ], [ -89.615501034999966, 16.011467198000048 ], [ -89.616062167999985, 16.011295511000071 ], [ -89.617059434999987, 16.011446647000071 ], [ -89.61749219699999, 16.012004115000025 ], [ -89.617723638999962, 16.012738947000059 ], [ -89.617748664999965, 16.013330608000047 ], [ -89.617693303999943, 16.013846530000023 ], [ -89.617275074999952, 16.014537266000048 ], [ -89.616803061999974, 16.014923622000026 ], [ -89.616605840999966, 16.015583991000028 ], [ -89.616898277999951, 16.016195667000034 ], [ -89.617918806999967, 16.017044502000033 ], [ -89.618806426999981, 16.017507590000037 ], [ -89.619006098999989, 16.018051228000047 ], [ -89.619408049999947, 16.018361097000025 ], [ -89.620318502999964, 16.01816218600004 ], [ -89.62106178199997, 16.017532985000059 ], [ -89.621651748999966, 16.017035640000074 ], [ -89.622342687999947, 16.016742990000068 ], [ -89.623458893999953, 16.016726716000051 ], [ -89.624089072999936, 16.016612518000045 ], [ -89.624718271999939, 16.016521996000051 ], [ -89.625716368999974, 16.016660695000041 ], [ -89.626212366999937, 16.016894175000061 ], [ -89.627713909999954, 16.018177063000053 ], [ -89.628301915999941, 16.018489845000033 ], [ -89.629119816999946, 16.018244304000063 ], [ -89.629377027999965, 16.017483303000063 ], [ -89.630034104999936, 16.017122394000069 ], [ -89.630881527999975, 16.017237263000027 ], [ -89.631459943999971, 16.017391912000051 ], [ -89.632340451999937, 16.017586282000025 ], [ -89.633064121999951, 16.017428389000031 ], [ -89.633743007999954, 16.017158077000033 ], [ -89.634198280999954, 16.016377611000053 ], [ -89.634638762999941, 16.015783092000049 ], [ -89.635206472999982, 16.015184927000064 ], [ -89.635954387999959, 16.014972112000066 ], [ -89.636493711999947, 16.014709756000059 ], [ -89.637106760999984, 16.014225135000061 ], [ -89.637761737999938, 16.013988286000028 ], [ -89.638259674999972, 16.013410457000077 ], [ -89.638413570999944, 16.012581244000046 ], [ -89.638523623999959, 16.011548234000031 ], [ -89.638568417999977, 16.010267083000031 ], [ -89.638393701999973, 16.009588440000073 ], [ -89.638101784999947, 16.008976791000066 ], [ -89.637555366999948, 16.008270884000069 ], [ -89.636827819999951, 16.007269883000049 ], [ -89.63639481499996, 16.006723725000029 ], [ -89.636105550999957, 16.005954144000043 ], [ -89.636116098999935, 16.005324669000061 ], [ -89.636155623999969, 16.004358258000025 ], [ -89.636285243999964, 16.003550107000024 ], [ -89.636267824999948, 16.002570391000063 ], [ -89.63627988199994, 16.001850667000042 ], [ -89.636751205999985, 16.000735305000035 ], [ -89.637587452999981, 16.000329773000033 ], [ -89.638505304999967, 16.000380258000064 ], [ -89.63937074599994, 16.000530346000062 ], [ -89.640020730999936, 16.000589041000069 ], [ -89.64028319199997, 16.000137278000068 ], [ -89.640092300999981, 15.999344416000042 ], [ -89.639831658999981, 15.998920574000067 ], [ -89.639716802999942, 15.998150341000041 ], [ -89.639730750999945, 15.997316677000072 ], [ -89.639947794999955, 15.996545995000076 ], [ -89.640722943999947, 15.995990544000051 ], [ -89.641206866999937, 15.995270300000072 ], [ -89.640770711999949, 15.994633833000023 ], [ -89.64067898199994, 15.994015166000054 ], [ -89.641315243999941, 15.993358236000063 ], [ -89.64228123, 15.992830586000025 ], [ -89.643142071999989, 15.992486343000053 ], [ -89.643642173999979, 15.992332798000064 ], [ -89.644260018999944, 15.992009577000033 ], [ -89.64480559499998, 15.991438104000053 ], [ -89.645296348999977, 15.991075656000078 ], [ -89.646163834999982, 15.991101617000027 ], [ -89.646657946999937, 15.991306803000043 ], [ -89.647473702999946, 15.991356776000032 ], [ -89.647424144999945, 15.990516473000071 ], [ -89.647111349999989, 15.990141473000051 ], [ -89.646712443999945, 15.989578945000062 ], [ -89.64641639599995, 15.988969499000063 ], [ -89.646298575999936, 15.988375250000047 ], [ -89.646284023999954, 15.987709266000024 ], [ -89.646530052999935, 15.986737040000037 ], [ -89.647278867999944, 15.986218381000072 ], [ -89.647792796999966, 15.986004107000042 ], [ -89.648212282999964, 15.985332482000047 ], [ -89.648272660999965, 15.984789533000026 ], [ -89.64845272299999, 15.982385460000046 ], [ -89.648685054999987, 15.981463793000046 ], [ -89.648991513999988, 15.980678691000037 ], [ -89.649222618999943, 15.979830350000043 ], [ -89.649391799999989, 15.978882871000053 ], [ -89.649532032999957, 15.978132413000026 ], [ -89.649761081999941, 15.977407035000056 ], [ -89.650134991999948, 15.976388270000029 ], [ -89.650532901999952, 15.975469178000026 ], [ -89.65086088299995, 15.974931527000024 ], [ -89.651518587999988, 15.974522006000029 ], [ -89.652360349999981, 15.974547529000063 ], [ -89.653005120999978, 15.974915274000068 ], [ -89.653330155999981, 15.975290452000024 ], [ -89.654796794999982, 15.976880642000026 ], [ -89.65520023, 15.97717128000005 ], [ -89.656098997999948, 15.977592621000042 ], [ -89.656912010999974, 15.977839978000077 ], [ -89.657393076999938, 15.978057345000025 ], [ -89.657795505999957, 15.978408899000044 ], [ -89.65815392199994, 15.979092649000052 ], [ -89.658807834999948, 15.979683948000059 ], [ -89.659302147999938, 15.979876692000062 ], [ -89.659884456999976, 15.980144152000037 ], [ -89.660179476999986, 15.980852867000067 ], [ -89.660438109999973, 15.98139965300004 ], [ -89.660900832999971, 15.98194961300004 ], [ -89.66171121299999, 15.982357150000041 ], [ -89.662220402999935, 15.982427123000036 ], [ -89.663471005999952, 15.982421721000037 ], [ -89.664099203999967, 15.982209177000072 ], [ -89.664452412999935, 15.981696715000055 ], [ -89.664626178999981, 15.981242403000067 ], [ -89.664779427999974, 15.980442477000054 ], [ -89.665081962999977, 15.97915174700006 ], [ -89.665715687999977, 15.978605268000024 ], [ -89.666292959999964, 15.977664095000023 ], [ -89.666353061999985, 15.977134668000076 ], [ -89.66628796599997, 15.976417111000046 ], [ -89.666097363999938, 15.975600564000047 ], [ -89.665991712999983, 15.975042613000028 ], [ -89.666208881999978, 15.974256088000061 ], [ -89.666990987999952, 15.974045917000069 ], [ -89.667985533999968, 15.974073747000034 ], [ -89.66875072, 15.974110432000032 ], [ -89.669499603999952, 15.974356748000048 ], [ -89.670005515999947, 15.974624123000069 ], [ -89.671105133999959, 15.975245990000076 ], [ -89.671844280999949, 15.975305959000025 ], [ -89.67253515499999, 15.97518124100003 ], [ -89.673100967999972, 15.974930461000042 ], [ -89.674091257999976, 15.974440250000043 ], [ -89.676293007999959, 15.973239800000044 ], [ -89.677793268999949, 15.972805974000039 ], [ -89.678453364999939, 15.973026062000031 ], [ -89.678822631999935, 15.973834085000021 ], [ -89.678877621999959, 15.974354014000028 ], [ -89.679116517999944, 15.975357495000026 ], [ -89.679447919999973, 15.97612769400007 ], [ -89.679821650999941, 15.976701068000068 ], [ -89.680257951999977, 15.97730023500003 ], [ -89.681867, 15.978794306000054 ], [ -89.68289846, 15.979698308000025 ], [ -89.683819188999962, 15.98017291900004 ], [ -89.684701445999963, 15.980894063000051 ], [ -89.685371256999986, 15.981376084000033 ], [ -89.686149377999982, 15.981833818000041 ], [ -89.687045908999949, 15.981689660000029 ], [ -89.68810517899999, 15.981049238000026 ], [ -89.688853159999951, 15.980716589000053 ], [ -89.689285149999989, 15.980056336000075 ], [ -89.689434410999979, 15.979528266000045 ], [ -89.689893289999986, 15.978757838000035 ], [ -89.690474360999985, 15.978359416000046 ], [ -89.69132389899994, 15.977915476000078 ], [ -89.691913758999988, 15.977727078000044 ], [ -89.692538856999988, 15.977736699000047 ], [ -89.693188001999943, 15.97784486300003 ], [ -89.693964652999966, 15.977931287000047 ], [ -89.694472807999944, 15.977284603000044 ], [ -89.695362837999937, 15.976718267000024 ], [ -89.695979368999986, 15.976468202000035 ], [ -89.696489388999964, 15.976488454000048 ], [ -89.697109004999959, 15.976831998000023 ], [ -89.697873227999935, 15.976929501000029 ], [ -89.69841784099998, 15.976370257000042 ], [ -89.698568092999949, 15.975780126000075 ], [ -89.698641985999984, 15.975151585000049 ], [ -89.698714420999977, 15.974647152000045 ], [ -89.698850840999967, 15.974117746000047 ], [ -89.698973802999944, 15.973626499000034 ], [ -89.699265828999955, 15.972926828000027 ], [ -89.699751513999956, 15.972083430000055 ], [ -89.701851118999969, 15.969313695000039 ], [ -89.701999856999976, 15.968031792000033 ], [ -89.70184577699996, 15.967326402000026 ], [ -89.70158687299994, 15.966753689000029 ], [ -89.701303286999973, 15.966156901000033 ], [ -89.701094458999989, 15.965660562000039 ], [ -89.700963428999955, 15.965114636000067 ], [ -89.700987165999948, 15.964449214000069 ], [ -89.701111970999989, 15.963809035000054 ], [ -89.701365456999952, 15.963146005000056 ], [ -89.701628515999971, 15.962681731000032 ], [ -89.701969404999943, 15.962094517000025 ], [ -89.70229481399997, 15.961704546000021 ], [ -89.703224046999935, 15.961089110000046 ], [ -89.703749307999942, 15.960924505000037 ], [ -89.704744815999959, 15.960927342000048 ], [ -89.705533655999943, 15.961050012000044 ], [ -89.706052631999967, 15.961305092000032 ], [ -89.70643725299999, 15.961965488000033 ], [ -89.706581725999968, 15.962510490000057 ], [ -89.70676511399995, 15.962994021000043 ], [ -89.707101225999963, 15.963518259000068 ], [ -89.707743504999939, 15.964008816000046 ], [ -89.708836017999943, 15.964322321000054 ], [ -89.709332374999974, 15.964391979000027 ], [ -89.710197796999978, 15.964540635000048 ], [ -89.710612738999941, 15.964917116000038 ], [ -89.711120635999976, 15.965851353000062 ], [ -89.711439132999942, 15.966633735000073 ], [ -89.712106860999938, 15.967174324000041 ], [ -89.712583817999985, 15.966861132000076 ], [ -89.712910839999907, 15.966371862000074 ], [ -89.713293797999938, 15.96560020000004 ], [ -89.713648506999959, 15.964951109000026 ], [ -89.714179787999967, 15.964453671000058 ], [ -89.714795050999953, 15.964278001000025 ], [ -89.715732834999983, 15.964674875000071 ], [ -89.715732977999949, 15.965452391000042 ], [ -89.716170776999945, 15.966001869000024 ], [ -89.716792633999944, 15.966208847000075 ], [ -89.717377202999955, 15.966341901000078 ], [ -89.717924903999972, 15.96641119800006 ], [ -89.718422084999986, 15.966431198000066 ], [ -89.718996435999941, 15.966439961000049 ], [ -89.719608283999946, 15.966474121000033 ], [ -89.720318757999962, 15.96671967900005 ], [ -89.721056099999942, 15.96689116500005 ], [ -89.721630274999939, 15.966875091000077 ], [ -89.722130067999956, 15.966734880000047 ], [ -89.722948612999971, 15.96661193500006 ], [ -89.72386899299994, 15.966539066000053 ], [ -89.724649660999944, 15.966378297000063 ], [ -89.725470625999947, 15.966106424000031 ], [ -89.726036959999988, 15.965819383000053 ], [ -89.726913460999981, 15.965252685000053 ], [ -89.727684497999974, 15.964930386000049 ], [ -89.728617303999954, 15.964846399000066 ], [ -89.72935344299998, 15.965092318000075 ], [ -89.729730145999952, 15.965455774000077 ], [ -89.73026381599999, 15.965599305000069 ], [ -89.730791862999979, 15.965299257000027 ], [ -89.731338559999983, 15.964640632000055 ], [ -89.731628041999954, 15.964089815000023 ], [ -89.731947391999938, 15.963279902000068 ], [ -89.732138234999979, 15.962517687000059 ], [ -89.73292567499999, 15.961974433000023 ], [ -89.733676855999988, 15.962084017000052 ], [ -89.73452144099997, 15.961936595000054 ], [ -89.735243543999957, 15.961465690000068 ], [ -89.735784821999971, 15.961103760000071 ], [ -89.736364762999983, 15.960767239000063 ], [ -89.736942932999966, 15.96050404500005 ], [ -89.737687261999952, 15.960244494000051 ], [ -89.738329968999949, 15.959957445000043 ], [ -89.738883644999987, 15.959657760000027 ], [ -89.739733808999972, 15.959201192000023 ], [ -89.740300530999946, 15.958852044000025 ], [ -89.740843180999946, 15.958440465000024 ], [ -89.741335521999986, 15.957966055000043 ], [ -89.741699743999959, 15.957551771000055 ], [ -89.742024676999961, 15.95718654500007 ], [ -89.742631077999988, 15.956763511000077 ], [ -89.743380988999945, 15.956157575000077 ], [ -89.745124697999984, 15.954036421000069 ], [ -89.746606588999953, 15.95234350800007 ], [ -89.74692188299997, 15.951779508000072 ], [ -89.747008812999979, 15.951163532000066 ], [ -89.746738119999975, 15.950518453000029 ], [ -89.746349176999956, 15.950117600000056 ], [ -89.744447642999944, 15.948582307000038 ], [ -89.743063577999976, 15.947326796000027 ], [ -89.742524678999985, 15.94675101100006 ], [ -89.742205083999977, 15.945993467000051 ], [ -89.742178181999975, 15.945276465000063 ], [ -89.742239063999989, 15.944684926000036 ], [ -89.742323209999938, 15.944205459000045 ], [ -89.742694381999968, 15.943359059000045 ], [ -89.743174831999966, 15.942823519000058 ], [ -89.743662331999985, 15.942645815000049 ], [ -89.744261681999944, 15.942692118000025 ], [ -89.744648021999978, 15.943253181000046 ], [ -89.745188523999957, 15.943729676000032 ], [ -89.745981687999972, 15.943655898000031 ], [ -89.74644353399998, 15.943477802000075 ], [ -89.74726895799995, 15.942958747000034 ], [ -89.74765393399997, 15.942014362000066 ], [ -89.747548029999962, 15.941457541000034 ], [ -89.747300411999959, 15.941009172000065 ], [ -89.747116162999987, 15.940536932000043 ], [ -89.747168367999961, 15.939686831000074 ], [ -89.747596489999978, 15.939248666000026 ], [ -89.748263368999972, 15.939048833000072 ], [ -89.748806363999961, 15.938575158000049 ], [ -89.748967250999954, 15.938109257000065 ], [ -89.749297020999961, 15.936644923000074 ], [ -89.74968237, 15.935675709000066 ], [ -89.750208423999936, 15.934696204000034 ], [ -89.751196875999938, 15.933538593000037 ], [ -89.752006236999989, 15.93318064500005 ], [ -89.75289057599997, 15.932946830000049 ], [ -89.753457398999956, 15.932585219000032 ], [ -89.753965627999946, 15.93195075400007 ], [ -89.75452041599999, 15.931539306000047 ], [ -89.755288296999936, 15.931403035000073 ], [ -89.755975461999981, 15.931499146000021 ], [ -89.756509459999961, 15.931618907000029 ], [ -89.757165076999968, 15.931319562000056 ], [ -89.757353002999935, 15.930729921000022 ], [ -89.757340840999973, 15.929890126000032 ], [ -89.757171159999984, 15.92934475800007 ], [ -89.756888818999983, 15.928661145000035 ], [ -89.756937215999983, 15.928044578000026 ], [ -89.757200114999989, 15.927542960000039 ], [ -89.757615960999942, 15.927067341000054 ], [ -89.758122779999951, 15.926482495000073 ], [ -89.758512355999983, 15.926080961000025 ], [ -89.758919716999969, 15.925334367000062 ], [ -89.758979151999938, 15.924792446000026 ], [ -89.759037538999962, 15.923553087000073 ], [ -89.759303397999986, 15.922902545000056 ], [ -89.759618977999935, 15.922314817000029 ], [ -89.760342851999951, 15.921720811000057 ], [ -89.761380276999944, 15.921464423000032 ], [ -89.762131541999963, 15.921525361000022 ], [ -89.763177431999964, 15.921541065000042 ], [ -89.763803596999935, 15.921475981000071 ], [ -89.764417312999967, 15.921387011000036 ], [ -89.765213985999935, 15.921052508000059 ], [ -89.765921455999944, 15.920680552000022 ], [ -89.767088715999989, 15.920290660000035 ], [ -89.767669084999966, 15.920681929000068 ], [ -89.768236814999966, 15.921097835000069 ], [ -89.768745146999947, 15.921217178000063 ], [ -89.769775056999947, 15.921430101000055 ], [ -89.770303920999936, 15.921870248000062 ], [ -89.770572502999983, 15.922614585000076 ], [ -89.77067688599999, 15.923270692000074 ], [ -89.770940523999968, 15.924324169000045 ], [ -89.771519736999949, 15.924788769000031 ], [ -89.772334350999984, 15.924937517000046 ], [ -89.772845475999986, 15.924883102000024 ], [ -89.773578204999978, 15.924536325000076 ], [ -89.774325357999942, 15.924053210000068 ], [ -89.774764036999954, 15.92375168600006 ], [ -89.775432833999957, 15.923427644000071 ], [ -89.776099640999973, 15.923191598000074 ], [ -89.776790735999953, 15.923077792000072 ], [ -89.77744333399994, 15.922964538000031 ], [ -89.778221263999967, 15.922963750000065 ], [ -89.778884725999944, 15.92297366300005 ], [ -89.779699566999966, 15.923071603000039 ], [ -89.780312101999982, 15.923057051000058 ], [ -89.78103970899997, 15.923030676000053 ], [ -89.781564447999983, 15.922926784000026 ], [ -89.782321625999941, 15.922654822000027 ], [ -89.782875174999958, 15.922316623000029 ], [ -89.783469327999967, 15.921881972000051 ], [ -89.785553002999961, 15.920813849000069 ], [ -89.786069812999983, 15.920401736000031 ], [ -89.786301810999987, 15.919454962000032 ], [ -89.786309855999946, 15.918949495000049 ], [ -89.786285131999989, 15.918084665000038 ], [ -89.787004798999988, 15.917750056000045 ], [ -89.787831468999968, 15.917910208000023 ], [ -89.788476731999936, 15.917450344000031 ], [ -89.789053936999949, 15.917236616000025 ], [ -89.789703573999986, 15.917308357000024 ], [ -89.790491956999972, 15.917492757000048 ], [ -89.791129963999936, 15.917452595000043 ], [ -89.79183836499999, 15.917055729000026 ], [ -89.792176351999956, 15.916629651000051 ], [ -89.792504282999971, 15.916065740000022 ], [ -89.792878893999955, 15.914985651000052 ], [ -89.79315580399998, 15.91359488300003 ], [ -89.793693843999961, 15.911071548000052 ], [ -89.794097422999982, 15.909744730000057 ], [ -89.794869333999941, 15.90934879200006 ], [ -89.795671299999981, 15.909447602000057 ], [ -89.796512349999944, 15.909508617000029 ], [ -89.797533922999946, 15.909438013000056 ], [ -89.798147819999897, 15.909335396000074 ], [ -89.799066779999976, 15.909300505000033 ], [ -89.800106981999988, 15.90967368400004 ], [ -89.800944518999984, 15.909956955000041 ], [ -89.801636522999956, 15.909746019000067 ], [ -89.802088372999947, 15.909418663000054 ], [ -89.802502904999983, 15.90901739800006 ], [ -89.803096594999943, 15.908570258000054 ], [ -89.803863226999965, 15.908507129000043 ], [ -89.804411417999972, 15.908540077000055 ], [ -89.805450843999949, 15.908962877000022 ], [ -89.805748329999972, 15.909510119000061 ], [ -89.80627395099998, 15.91012280700005 ], [ -89.807018251999978, 15.909849426000051 ], [ -89.807728747999988, 15.909279859000037 ], [ -89.808290749999969, 15.909250930000042 ], [ -89.808993237999971, 15.909187965000058 ], [ -89.810080316999972, 15.909031366000022 ], [ -89.810793118999982, 15.909127675000036 ], [ -89.811513869999942, 15.909533324000051 ], [ -89.812249195999982, 15.909828588000039 ], [ -89.812986871999954, 15.909974912000052 ], [ -89.813612227999954, 15.909959319000052 ], [ -89.814302287999965, 15.90987132500004 ], [ -89.815463214999966, 15.909876048000058 ], [ -89.816166104999979, 15.910601934000056 ], [ -89.816827599999954, 15.910698593000063 ], [ -89.817326258999969, 15.910656292000056 ], [ -89.817929467999988, 15.910418034000031 ], [ -89.818549571999938, 15.909921578000024 ], [ -89.819162103999986, 15.909905780000031 ], [ -89.819949141999984, 15.910139710000067 ], [ -89.820795663999945, 15.910670201000073 ], [ -89.821301310999957, 15.910962050000023 ], [ -89.821794913999952, 15.911204065000049 ], [ -89.82239171399999, 15.911410358000069 ], [ -89.82305497499999, 15.91139529700007 ], [ -89.823557521999987, 15.911105881000026 ], [ -89.823964234999949, 15.910383936000073 ], [ -89.824049137999964, 15.909842341000058 ], [ -89.824166266999953, 15.908066557000041 ], [ -89.824341359999949, 15.905867281000042 ], [ -89.826003826999965, 15.907204274000037 ], [ -89.826772621999964, 15.907820498000035 ], [ -89.827331331999972, 15.908001385000034 ], [ -89.828035184999976, 15.90785147400004 ], [ -89.82878158799997, 15.907442613000057 ], [ -89.82962342799999, 15.907454982000047 ], [ -89.830499868999937, 15.907677773000046 ], [ -89.831174016999967, 15.907823103000055 ], [ -89.831785188999959, 15.907894149000072 ], [ -89.832512376999944, 15.907892410000045 ], [ -89.83310079499995, 15.907778031000078 ], [ -89.833942835999949, 15.907777972000076 ], [ -89.834281976999989, 15.908128294000051 ], [ -89.83470179699998, 15.908986535000054 ], [ -89.835545397999965, 15.908887180000022 ], [ -89.836152828999957, 15.908378064000033 ], [ -89.836621310999988, 15.90780483900005 ], [ -89.837246670999946, 15.907789176000051 ], [ -89.837676749999957, 15.908030226000051 ], [ -89.83850345899998, 15.908190184000034 ], [ -89.839223225999945, 15.907842965000043 ], [ -89.839673860999937, 15.90758998900003 ], [ -89.840593337999962, 15.907560567000075 ], [ -89.840558209999983, 15.91059032000004 ], [ -89.840856754999947, 15.911076600000058 ], [ -89.841511836999985, 15.910764544000074 ], [ -89.842343183999958, 15.910628865000035 ], [ -89.84291088699996, 15.911057009000046 ], [ -89.843714275999957, 15.91106876300006 ], [ -89.844296258999975, 15.910582951000038 ], [ -89.84480029599996, 15.910159201000056 ], [ -89.845666084999948, 15.910245218000057 ], [ -89.846253174999958, 15.910253800000078 ], [ -89.84707188699997, 15.910105505000047 ], [ -89.847546429999966, 15.909927349000043 ], [ -89.848020971999972, 15.909786435000058 ], [ -89.848646730999974, 15.909745917000066 ], [ -89.849388873999942, 15.909608906000074 ], [ -89.849739007999972, 15.909219009000026 ], [ -89.850319619999937, 15.908820060000039 ], [ -89.850632626999982, 15.908379960000048 ], [ -89.850719972999968, 15.907676987000059 ], [ -89.850734391999936, 15.906751744000076 ], [ -89.851181223999959, 15.905918585000052 ], [ -89.851808693999942, 15.90576747800003 ], [ -89.852753238999981, 15.905738368000073 ], [ -89.853719688999945, 15.90591272000006 ], [ -89.854447078999954, 15.905898494000041 ], [ -89.855124886999988, 15.905810181000049 ], [ -89.855957757999988, 15.90557515100005 ], [ -89.85682891099998, 15.905315848000043 ], [ -89.857629991999943, 15.905512604000023 ], [ -89.857530037999936, 15.90620298500005 ], [ -89.857445027999972, 15.906719777000035 ], [ -89.857654027999956, 15.907229566000069 ], [ -89.858084134999956, 15.907470579000062 ], [ -89.858990125999981, 15.907446523000033 ], [ -89.859602090999942, 15.907467844000053 ], [ -89.86009596599996, 15.907733483000072 ], [ -89.860413687999937, 15.908602621000057 ], [ -89.861058579999963, 15.90898218600006 ], [ -89.861683569999968, 15.908991277000041 ], [ -89.863303954999935, 15.908965180000052 ], [ -89.863914583999986, 15.909110617000067 ], [ -89.864108674999954, 15.909755618000077 ], [ -89.86370438199998, 15.910292606000041 ], [ -89.86335197599999, 15.910830345000022 ], [ -89.863646570999947, 15.911574999000038 ], [ -89.864200536999988, 15.91202772500003 ], [ -89.864406109999948, 15.912759797000035 ], [ -89.86448382399999, 15.913501296000049 ], [ -89.865299677999985, 15.913537982000037 ], [ -89.866032263999955, 15.913190856000028 ], [ -89.866918588999965, 15.912819999000021 ], [ -89.867723137999974, 15.912758323000048 ], [ -89.868371504999971, 15.912915583000029 ], [ -89.868748236999977, 15.913291238000056 ], [ -89.868918235999956, 15.913873816000034 ], [ -89.868983893999939, 15.914566612000044 ], [ -89.869150443999956, 15.915334231000031 ], [ -89.869406583999989, 15.916078323000022 ], [ -89.870053626999947, 15.917149742000049 ], [ -89.870553646999952, 15.917811596000035 ], [ -89.871566542999972, 15.919134361000033 ], [ -89.871579767999947, 15.91993700300003 ], [ -89.871084919999987, 15.920596838000051 ], [ -89.869226480999941, 15.921940006000057 ], [ -89.868540374999952, 15.922597056000029 ], [ -89.868046472999936, 15.923194820000049 ], [ -89.867600613999969, 15.923965960000032 ], [ -89.867627218999985, 15.924694303000024 ], [ -89.867806790999964, 15.925486944000056 ], [ -89.868062160999955, 15.926280684000062 ], [ -89.869857059999958, 15.933924921000028 ], [ -89.870167783999989, 15.93445988600007 ], [ -89.870610213999953, 15.934738306000042 ], [ -89.871582977999935, 15.934553796000046 ], [ -89.872023866999939, 15.934104234000074 ], [ -89.872336305999966, 15.933701338000049 ], [ -89.872894941999959, 15.933030016000032 ], [ -89.873727153999937, 15.932844583000076 ], [ -89.874309534999952, 15.93316227400004 ], [ -89.876273060999949, 15.934869007000032 ], [ -89.876827509999941, 15.935334137000041 ], [ -89.877174065999952, 15.936042293000071 ], [ -89.877380455999969, 15.936687471000027 ], [ -89.877700397999945, 15.937457314000028 ], [ -89.878049037999972, 15.938031194000075 ], [ -89.878576704999944, 15.938569294000047 ], [ -89.879247936999946, 15.93887584600003 ], [ -89.879757214999984, 15.93894417000007 ], [ -89.880613188999973, 15.938883204000035 ], [ -89.881214163999971, 15.938792588000069 ], [ -89.881981305999943, 15.938705501000072 ], [ -89.883441323999989, 15.938355310000077 ], [ -89.884350885999936, 15.93811000900007 ], [ -89.885233298999935, 15.937998621000077 ], [ -89.886328790999983, 15.938101360000076 ], [ -89.886973446999946, 15.938505699000075 ], [ -89.887055051999937, 15.939000089000047 ], [ -89.886774432999971, 15.939798493000069 ], [ -89.886333738999951, 15.940274047000059 ], [ -89.885839031999978, 15.940545669000073 ], [ -89.885253010999975, 15.940838541000062 ], [ -89.883915342999956, 15.941535873000078 ], [ -89.883436719999963, 15.941936383000041 ], [ -89.883428137999942, 15.942491544000063 ], [ -89.88365007499999, 15.943000382000037 ], [ -89.884271582999986, 15.943544345000078 ], [ -89.885251644999983, 15.944249241000023 ], [ -89.886465011999974, 15.944992497000044 ], [ -89.888820830999975, 15.946124705000045 ], [ -89.889962743999945, 15.946548639000071 ], [ -89.890991485999962, 15.946860324000056 ], [ -89.891805603999956, 15.947019930000067 ], [ -89.892672923999953, 15.947020033000058 ], [ -89.893530662999979, 15.946847310000066 ], [ -89.89405584299999, 15.946718322000038 ], [ -89.894570048999981, 15.946658021000076 ], [ -89.895558739999956, 15.946806585000047 ], [ -89.896190130999969, 15.947317932000033 ], [ -89.896360415999936, 15.947888092000028 ], [ -89.896300549999978, 15.948442519000025 ], [ -89.896000953999987, 15.948845641000048 ], [ -89.895364972999971, 15.949540742000067 ], [ -89.894336751999958, 15.950858832000051 ], [ -89.893545492999976, 15.951674709000031 ], [ -89.892488470999979, 15.952362595000068 ], [ -89.891897813999947, 15.952613651000036 ], [ -89.890423921999968, 15.95302463400003 ], [ -89.888437480999983, 15.953576045000034 ], [ -89.887752642999942, 15.954146260000073 ], [ -89.887579381999956, 15.954600851000066 ], [ -89.887424936999935, 15.955536511000048 ], [ -89.887749887999973, 15.955985891000068 ], [ -89.888188389999982, 15.956485445000055 ], [ -89.888664991999974, 15.95704875000007 ], [ -89.888989190999951, 15.957509405000053 ], [ -89.889261321999982, 15.958093458000064 ], [ -89.889393648999942, 15.958589710000069 ], [ -89.889460712999949, 15.959232874000065 ], [ -89.889536605999979, 15.960097375000032 ], [ -89.889598884999941, 15.961012468000035 ], [ -89.889696812999944, 15.962112042000058 ], [ -89.889836638999952, 15.962953768000034 ], [ -89.890297569999973, 15.963701944000036 ], [ -89.891010324999968, 15.964650139000071 ], [ -89.89163767499997, 15.965349930000059 ], [ -89.892368027999964, 15.965990261000059 ], [ -89.893173250999951, 15.966730992000066 ], [ -89.893893274999982, 15.967209776000061 ], [ -89.894462755999939, 15.967502416000059 ], [ -89.895022672999971, 15.967621106000024 ], [ -89.895532018999972, 15.967690534000042 ], [ -89.896246058999964, 15.96772566900006 ], [ -89.896782212999938, 15.967720991000022 ], [ -89.897319323999966, 15.967654249000077 ], [ -89.898218103999966, 15.967284604000042 ], [ -89.898669965999943, 15.966958169000065 ], [ -89.899086010999952, 15.966457410000032 ], [ -89.899449952999987, 15.966006685000025 ], [ -89.899673940999946, 15.965552813000045 ], [ -89.899857250999958, 15.964444871000069 ], [ -89.899817535999944, 15.963690365000048 ], [ -89.899717467999949, 15.962726190000069 ], [ -89.899508878999939, 15.962180308000029 ], [ -89.899248994999937, 15.961669802000074 ], [ -89.897716527999989, 15.959252736000053 ], [ -89.897108081999988, 15.958158211000068 ], [ -89.897210048999966, 15.957332389000044 ], [ -89.897564786999965, 15.956682889000035 ], [ -89.899653868999962, 15.954428624000059 ], [ -89.900452609999945, 15.953922079000051 ], [ -89.901360739999973, 15.953812133000042 ], [ -89.902023054999972, 15.953870197000072 ], [ -89.902712356999984, 15.95388011700004 ], [ -89.903349565999974, 15.953901700000074 ], [ -89.904190324999945, 15.954000701000041 ], [ -89.904801887999952, 15.954059156000028 ], [ -89.905254039999988, 15.954546463000042 ], [ -89.905294923999975, 15.955226497000069 ], [ -89.905260544999976, 15.955793711000069 ], [ -89.904941012999984, 15.956659305000073 ], [ -89.904688353999973, 15.957310286000052 ], [ -89.904499271999953, 15.957999427000061 ], [ -89.904438673999948, 15.958602381000048 ], [ -89.904471956999942, 15.959776653000063 ], [ -89.904624503999969, 15.960629847000064 ], [ -89.905197535999946, 15.961564710000061 ], [ -89.905877181999983, 15.962167024000053 ], [ -89.906958110999938, 15.962392495000074 ], [ -89.907534271999964, 15.962289041000076 ], [ -89.908073069999944, 15.962111686000071 ], [ -89.908932937999964, 15.961766261000037 ], [ -89.909370434999971, 15.961537786000065 ], [ -89.909925088999955, 15.961163141000043 ], [ -89.911652593999975, 15.960002857000063 ], [ -89.912166305999961, 15.95982513000007 ], [ -89.91293183099998, 15.959811284000068 ], [ -89.913629809999975, 15.960056057000031 ], [ -89.914259885999968, 15.960583145000044 ], [ -89.914546418999976, 15.961031947000038 ], [ -89.91480730699999, 15.961517622000031 ], [ -89.914836137999941, 15.962110581000047 ], [ -89.914561170999946, 15.965094189000069 ], [ -89.914368704999958, 15.965967265000074 ], [ -89.914333595999949, 15.966621381000039 ], [ -89.914386752999974, 15.967301594000048 ], [ -89.914566128999979, 15.968081812000037 ], [ -89.914914177999947, 15.968704179000042 ], [ -89.915291664999984, 15.969042548000061 ], [ -89.915836875999958, 15.969285128000024 ], [ -89.916513016999943, 15.969282408000026 ], [ -89.917013146999977, 15.969116892000045 ], [ -89.917480654999963, 15.968605541000045 ], [ -89.917797435999944, 15.967918213000075 ], [ -89.91812609499999, 15.967293132000066 ], [ -89.918541151999989, 15.966854387000069 ], [ -89.918942234999975, 15.966489930000023 ], [ -89.919481169999983, 15.966189526000051 ], [ -89.920556570999963, 15.96609318700007 ], [ -89.921321365999972, 15.966128965000053 ], [ -89.922301817999937, 15.966290850000064 ], [ -89.923176402999957, 15.966662278000058 ], [ -89.923631457999988, 15.96696449500007 ], [ -89.924258926999983, 15.967665340000053 ], [ -89.924558891999936, 15.968077079000068 ], [ -89.924769075999961, 15.96852364800003 ], [ -89.925398206999944, 15.969574402000035 ], [ -89.927618443999961, 15.972478589000048 ], [ -89.928169332999971, 15.973153502000059 ], [ -89.928661185999943, 15.973530731000039 ], [ -89.929560562999939, 15.974000686000068 ], [ -89.930133539999986, 15.974069817000043 ], [ -89.93069802299999, 15.973892775000024 ], [ -89.931229468999959, 15.973357469000064 ], [ -89.931493377999971, 15.972768684000073 ], [ -89.931564881999975, 15.972287762000065 ], [ -89.931652571999962, 15.971548605000066 ], [ -89.931553864999955, 15.970485118000056 ], [ -89.931367989999956, 15.969284948000052 ], [ -89.931382663999955, 15.968322400000034 ], [ -89.931420935999938, 15.967495632000066 ], [ -89.931598799999961, 15.966695683000069 ], [ -89.932122288999949, 15.965838588000054 ], [ -89.93311590799999, 15.965137178000077 ], [ -89.933857694999972, 15.965037143000075 ], [ -89.936600389999967, 15.965087506000032 ], [ -89.937451628999952, 15.965346806000071 ], [ -89.937687296999968, 15.965807275000031 ], [ -89.93769922599995, 15.966672011000071 ], [ -89.93745669599997, 15.967544411000063 ], [ -89.937244857999985, 15.968048170000031 ], [ -89.936674059999973, 15.969484745000045 ], [ -89.936725419999959, 15.970287966000058 ], [ -89.93683243299995, 15.970807551000064 ], [ -89.937042818999942, 15.971242830000051 ], [ -89.937454900999967, 15.971841255000072 ], [ -89.938147898999944, 15.972418847000029 ], [ -89.939101423999944, 15.972667188000059 ], [ -89.939817594999965, 15.972565641000074 ], [ -89.940329799999972, 15.972449905000076 ], [ -89.941266674999952, 15.972105443000032 ], [ -89.941717191999942, 15.971864670000059 ], [ -89.942479532999982, 15.971258121000062 ], [ -89.942816621999953, 15.970880292000061 ], [ -89.945751679999944, 15.967564164000066 ], [ -89.946483282999964, 15.967290122000065 ], [ -89.947285841999985, 15.967376008000031 ], [ -89.947939992999977, 15.967977853000036 ], [ -89.94797934099995, 15.968768490000059 ], [ -89.947376877999943, 15.969797200000073 ], [ -89.94694455199999, 15.970531481000023 ], [ -89.946805026999982, 15.971307163000063 ], [ -89.946804178999969, 15.972208972000033 ], [ -89.946768948999988, 15.976183696000078 ], [ -89.94692712799997, 15.976716423000028 ], [ -89.947362292999969, 15.977487852000024 ], [ -89.947686273999977, 15.97797440100004 ], [ -89.948112532999971, 15.978487230000042 ], [ -89.948667298999965, 15.97895109600006 ], [ -89.949617127999943, 15.979446526000061 ], [ -89.950138057999936, 15.979564531000051 ], [ -89.951095574999954, 15.979553284000076 ], [ -89.951696286999947, 15.979488438000033 ], [ -89.95251568399999, 15.979352199000061 ], [ -89.95693773499994, 15.97893289700005 ], [ -89.957920541999954, 15.978946808000046 ], [ -89.959065806999945, 15.979135703000054 ], [ -89.959880546999955, 15.97930750200004 ], [ -89.96079565399998, 15.979555212000037 ], [ -89.961467744999936, 15.979824314000041 ], [ -89.962074405999942, 15.980215517000033 ], [ -89.962322244999939, 15.980724678000058 ], [ -89.962350834999938, 15.981342479000034 ], [ -89.962291328999981, 15.981921789000069 ], [ -89.961971295999945, 15.98283151000004 ], [ -89.961682536999945, 15.983370330000071 ], [ -89.959238641999946, 15.987150751000058 ], [ -89.95882175, 15.987712582000029 ], [ -89.958239350999975, 15.988223537000067 ], [ -89.957519020999939, 15.988595966000048 ], [ -89.956840367999973, 15.988759043000073 ], [ -89.955987686999947, 15.988971571000036 ], [ -89.955237016999945, 15.989266809000071 ], [ -89.954541031999952, 15.989726478000023 ], [ -89.954193700999951, 15.990239624000026 ], [ -89.953842890999965, 15.991136472000051 ], [ -89.953961466999942, 15.991743130000032 ], [ -89.954491914999949, 15.992120861000046 ], [ -89.955166647999988, 15.992217337000056 ], [ -89.955831202999946, 15.992177093000066 ], [ -89.956651763999957, 15.991929122000045 ], [ -89.957113814999957, 15.991738147000035 ], [ -89.957613734999939, 15.991627845000039 ], [ -89.958520361999945, 15.991591021000033 ], [ -89.959290714999952, 15.991306211000051 ], [ -89.959742544999983, 15.990942395000047 ], [ -89.960636030999979, 15.990115288000027 ], [ -89.963428313999941, 15.987759681000057 ], [ -89.964019969999981, 15.987446362000071 ], [ -89.964814110999953, 15.987284892000048 ], [ -89.965629414999967, 15.98738331900006 ], [ -89.966362722999975, 15.987850798000068 ], [ -89.966592535999951, 15.98870508300007 ], [ -89.966592491999961, 15.989520003000052 ], [ -89.966415831999939, 15.990246650000074 ], [ -89.966034089999937, 15.991031350000071 ], [ -89.965742133999981, 15.99174282000007 ], [ -89.965450741999973, 15.992455428000028 ], [ -89.965211782999972, 15.993057036000039 ], [ -89.965049462999957, 15.993683428000054 ], [ -89.964889673999949, 15.994953213000031 ], [ -89.964752977999979, 15.995543847000022 ], [ -89.964246641999978, 15.996116842000049 ], [ -89.963343307999935, 15.996783546000074 ], [ -89.961040301999958, 15.998836794000056 ], [ -89.960711318999984, 15.999486780000041 ], [ -89.960600037999939, 16.000401705000058 ], [ -89.960970980999946, 16.001027738000062 ], [ -89.96160340199998, 16.001725193000027 ], [ -89.961872693999965, 16.00235994600007 ], [ -89.962613905999945, 16.003349014000037 ], [ -89.963118021999946, 16.003850515000067 ], [ -89.963623149999989, 16.004285437000021 ], [ -89.964371846999938, 16.004780237000034 ], [ -89.964961547999962, 16.005024476000074 ], [ -89.965805732999968, 16.00534003000007 ], [ -89.966592268999989, 16.00560962000003 ], [ -89.967692722999971, 16.005917502000045 ], [ -89.968782007999948, 16.006192490000046 ], [ -89.96967389699995, 16.00644098500004 ], [ -89.970601130999967, 16.006667398000047 ], [ -89.971944421999979, 16.007046411000033 ], [ -89.972708550999982, 16.007294220000063 ], [ -89.975200054999959, 16.007137469000043 ], [ -89.976014522999947, 16.00710379800006 ], [ -89.976805292999984, 16.007171375000041 ], [ -89.977650685999947, 16.007409024000026 ], [ -89.97820541599998, 16.007652735000022 ], [ -89.978752519999944, 16.008403129000044 ], [ -89.978948923999951, 16.009271613000067 ], [ -89.978959141999951, 16.010104746000025 ], [ -89.979058051999971, 16.011286770000027 ], [ -89.97907781899994, 16.01229950100003 ], [ -89.979090411999948, 16.012974646000032 ], [ -89.979414730999963, 16.013834775000078 ], [ -89.979840700999944, 16.014144397000052 ], [ -89.980418273999987, 16.014422288000048 ], [ -89.980997287999969, 16.014565882000056 ], [ -89.981567084999938, 16.014585187000023 ], [ -89.98254527499995, 16.014531226000031 ], [ -89.983341173999975, 16.014182359000074 ], [ -89.983787263999943, 16.013930155000025 ], [ -89.984141877999946, 16.013552507000043 ], [ -89.98481779299999, 16.012683868000067 ], [ -89.985377420999953, 16.011826006000035 ], [ -89.985797295999987, 16.010987626000031 ], [ -89.98627507399999, 16.010139898000034 ], [ -89.98713814499996, 16.009201637000047 ], [ -89.987737157999959, 16.008050854000032 ], [ -89.98768115699994, 16.007116617000065 ], [ -89.987039229999937, 16.00650035600006 ], [ -89.986144779999961, 16.006420075000051 ], [ -89.985621332999983, 16.006424012000025 ], [ -89.985086218999982, 16.006427784000039 ], [ -89.98446783199995, 16.006575987000076 ], [ -89.983686253999963, 16.006711737000046 ], [ -89.982884130999935, 16.006700462000026 ], [ -89.982050133999962, 16.006441548000055 ], [ -89.981754044999946, 16.006032176000076 ], [ -89.981599581999944, 16.005478064000044 ], [ -89.981609725999988, 16.004803237000033 ], [ -89.981619360999957, 16.004162263000069 ], [ -89.981712284999958, 16.003375728000037 ], [ -89.98182658199994, 16.002758801000027 ], [ -89.982081918999938, 16.001997122000034 ], [ -89.98229349199994, 16.000497779000057 ], [ -89.982353625999963, 15.999912821000066 ], [ -89.982311478999975, 15.999300466000022 ], [ -89.98207642899996, 15.998828745000026 ], [ -89.98176979499999, 15.998422615000038 ], [ -89.981411624999964, 15.998029302000077 ], [ -89.980800876999979, 15.99747667500003 ], [ -89.98026262799999, 15.996759148000024 ], [ -89.979727435999962, 15.995838493000065 ], [ -89.97959771, 15.995114293000029 ], [ -89.979601962999936, 15.994404394000071 ], [ -89.97972615499998, 15.993788734000077 ], [ -89.979953445999968, 15.993106802000057 ], [ -89.980636644999947, 15.991826288000027 ], [ -89.981108813999981, 15.991388212000061 ], [ -89.981912325999986, 15.990992037000069 ], [ -89.982651190999945, 15.991132219000065 ], [ -89.983000514999958, 15.991686810000033 ], [ -89.983264392999956, 15.992375645000038 ], [ -89.983342799999946, 15.993099126000061 ], [ -89.98342500199999, 15.995279828000037 ], [ -89.98410225799995, 15.995677619000048 ], [ -89.985064321999971, 15.995758850000072 ], [ -89.985627086999955, 15.995699027000057 ], [ -89.986158413999988, 15.995595871000035 ], [ -89.986978039999897, 15.99540984600003 ], [ -89.988006499999983, 15.995148865000033 ], [ -89.988517202999958, 15.995015552000041 ], [ -89.988833867999972, 15.995823764000022 ], [ -89.988925921999964, 15.99709589400004 ], [ -89.989149503999954, 15.999105675000067 ], [ -89.989508880999949, 16.000175671000022 ], [ -89.990593153999953, 16.000970884000026 ], [ -89.991915680999966, 16.001523212000052 ], [ -89.993868154999973, 16.001055976000032 ], [ -89.995456333999982, 15.999958742000047 ], [ -89.997735961999979, 15.998705832000041 ], [ -89.999159734999978, 15.998315951000052 ], [ -89.99970288899999, 15.998411073000057 ], [ -90.000297479999972, 15.998515201000032 ], [ -90.002611584999954, 15.999739500000032 ], [ -90.004196411999942, 15.999979084000074 ], [ -90.004798895999954, 15.999641005000058 ], [ -90.005661897999971, 15.999156733000063 ], [ -90.007171010999969, 15.997115539000049 ], [ -90.00762010699998, 15.996493586000042 ], [ -90.008843367999987, 15.994799464000039 ], [ -90.010636870999974, 15.992798213000071 ], [ -90.011574115999963, 15.99185665400006 ], [ -90.012713266999981, 15.99146603500003 ], [ -90.014297472999942, 15.991941465000025 ], [ -90.015352951999944, 15.992533653000066 ], [ -90.016112146999944, 15.993246075000059 ], [ -90.016758577999951, 15.994239526000058 ], [ -90.016840448999972, 15.995009013000072 ], [ -90.016665191999948, 15.995647162000068 ], [ -90.016629302999945, 15.995777842000052 ], [ -90.015873588999966, 15.996707403000073 ], [ -90.014741176999962, 15.997615867000036 ], [ -90.013337154999988, 15.998321261000058 ], [ -90.012779110999986, 15.998618864000036 ], [ -90.012295138999946, 15.998876964000033 ], [ -90.011282714999936, 15.999673001000076 ], [ -90.010610781999958, 16.000562243000047 ], [ -90.010270866999974, 16.00262643800005 ], [ -90.010288985999978, 16.003780433000031 ], [ -90.010662434999972, 16.005137685000022 ], [ -90.011431260999984, 16.007447342000034 ], [ -90.012598338999965, 16.009535207000056 ], [ -90.013518036999983, 16.010063656000057 ], [ -90.014982589999988, 16.010330151000062 ], [ -90.016050914999937, 16.009988399000065 ], [ -90.017538394999974, 16.009424891000037 ], [ -90.018711414999984, 16.009063117000039 ], [ -90.019800561999944, 16.008761882000044 ], [ -90.020251135999956, 16.008548139000027 ], [ -90.021372181999936, 16.008016332000068 ], [ -90.02321546099995, 16.007453576000046 ], [ -90.024911351999947, 16.007254885000066 ], [ -90.024970295999935, 16.007263261000048 ], [ -90.026648052999974, 16.007501657000034 ], [ -90.027800496999987, 16.007868600000052 ], [ -90.029221390999965, 16.008904206000068 ], [ -90.030620233999969, 16.010425630000043 ], [ -90.031663449999897, 16.011865291000049 ], [ -90.032832177999978, 16.013345709000077 ], [ -90.03397933299999, 16.015109503000076 ], [ -90.034669004999955, 16.015576630000055 ], [ -90.035527071999979, 16.015639222000061 ], [ -90.036177082999984, 16.015154751000068 ], [ -90.036330241999963, 16.015037545000041 ], [ -90.03699487199998, 16.014528926000025 ], [ -90.037624549999975, 16.01378122400007 ], [ -90.038590850999981, 16.012285183000074 ], [ -90.039158463999968, 16.011213425000051 ], [ -90.039077152999937, 16.010160518000077 ], [ -90.038766064999948, 16.00890466900006 ], [ -90.038267576999942, 16.007223274000069 ], [ -90.037853703999986, 16.005157409000049 ], [ -90.03775338, 16.003274420000025 ], [ -90.037948914999959, 16.002241654000045 ], [ -90.038477622999949, 16.001001484000028 ], [ -90.03869302399994, 16.00047341800007 ], [ -90.040124830999957, 15.998549326000045 ], [ -90.040947757999959, 15.997443438000062 ], [ -90.041018219999955, 15.997348747000046 ], [ -90.041183213999943, 15.997067493000031 ], [ -90.041583827999943, 15.996384590000048 ], [ -90.041939775999936, 15.995591258000047 ], [ -90.042039265999961, 15.99431469700005 ], [ -90.0423789, 15.993614752000042 ], [ -90.042824738999968, 15.993031592000023 ], [ -90.043234587999962, 15.992495502000054 ], [ -90.044008935999955, 15.991749766000055 ], [ -90.04462233199996, 15.991363180000064 ], [ -90.045555541999988, 15.991111078000074 ], [ -90.046796872999948, 15.991560818000039 ], [ -90.047028869999963, 15.991783053000063 ], [ -90.047401141999956, 15.992139217000044 ], [ -90.047774605999962, 15.992533776000073 ], [ -90.048237881999967, 15.993050349000043 ], [ -90.04863181099995, 15.993600959000048 ], [ -90.049236263999944, 15.994675953000069 ], [ -90.049522070999956, 15.99555693800005 ], [ -90.049662115999979, 15.996192104000045 ], [ -90.049848973999985, 15.996738738000033 ], [ -90.050093901999958, 15.997264725000036 ], [ -90.050316575999943, 15.997756544000026 ], [ -90.050325341999951, 16.001014302000044 ], [ -90.049834241999974, 16.003184959000066 ], [ -90.049562603999959, 16.006025732000069 ], [ -90.04995680199994, 16.010451422000074 ], [ -90.04997741599999, 16.012185501000033 ], [ -90.04967484299999, 16.015580071000045 ], [ -90.048685942999953, 16.017232536000051 ], [ -90.047964347999937, 16.017889710000077 ], [ -90.047334361999958, 16.018547010000077 ], [ -90.046798911999986, 16.019005822000054 ], [ -90.046139618999973, 16.020107452000047 ], [ -90.04599275399994, 16.020728507000058 ], [ -90.04593915099997, 16.021237973000041 ], [ -90.046294936999971, 16.022043171000064 ], [ -90.046820657999945, 16.022206181000058 ], [ -90.047575608999978, 16.022416366000073 ], [ -90.048149322999961, 16.022490862000041 ], [ -90.049071579999975, 16.022237167000071 ], [ -90.049717806999979, 16.022023690000026 ], [ -90.051133937999964, 16.021043075000023 ], [ -90.052360780999948, 16.02039396400005 ], [ -90.053635349999979, 16.019633753000051 ], [ -90.054674816999977, 16.019225867000046 ], [ -90.055504479999968, 16.019037467000032 ], [ -90.05757519299999, 16.018820938000033 ], [ -90.058793475999948, 16.018793626000047 ], [ -90.060146268999972, 16.018945369000051 ], [ -90.061267178999969, 16.019271144000072 ], [ -90.062356609999938, 16.020152971000073 ], [ -90.062876750999976, 16.020738032000054 ], [ -90.063388842999984, 16.021833193000077 ], [ -90.063644971999963, 16.023192368000025 ], [ -90.063397856999984, 16.024366305000058 ], [ -90.062731135999968, 16.025979233000044 ], [ -90.06190533299997, 16.027455650000036 ], [ -90.060318312999982, 16.02914512500007 ], [ -90.059109614999954, 16.030106070000045 ], [ -90.058205506999968, 16.030671596000047 ], [ -90.057157829999937, 16.031634736000058 ], [ -90.05638489599994, 16.032645665000075 ], [ -90.055077276999953, 16.03564943300006 ], [ -90.054168797999978, 16.038058165000052 ], [ -90.053579939999963, 16.039050162000024 ], [ -90.053198610999971, 16.03997841100005 ], [ -90.05288156499995, 16.041217958000061 ], [ -90.052326379999954, 16.043053602000043 ], [ -90.051845647999983, 16.044469240000069 ], [ -90.051622072999976, 16.045622022000032 ], [ -90.051585258999978, 16.046576456000025 ], [ -90.052007342999957, 16.047559783000054 ], [ -90.052524960999961, 16.048278035000067 ], [ -90.053763261999961, 16.048885424000048 ], [ -90.054352677999987, 16.048969161000059 ], [ -90.055849830999989, 16.048723360000054 ], [ -90.057143433999954, 16.048229806000052 ], [ -90.058018655999945, 16.048087190000047 ], [ -90.05904458599997, 16.048611491000031 ], [ -90.05929039099999, 16.049082179000038 ], [ -90.059416306999935, 16.049927105000052 ], [ -90.059573364999949, 16.051751110000055 ], [ -90.060032527999965, 16.05331287100006 ], [ -90.06047702799998, 16.054363095000042 ], [ -90.061085979999973, 16.055105162000075 ], [ -90.062587686999962, 16.056103298000039 ], [ -90.06404682499999, 16.056901046000064 ], [ -90.065294908999988, 16.057962286000077 ], [ -90.06567847499997, 16.058433734000062 ], [ -90.065900899999974, 16.058948122000061 ], [ -90.066000945999974, 16.059927019000042 ], [ -90.066283132999956, 16.061063056000023 ], [ -90.066797829999985, 16.062026191000029 ], [ -90.067342531999941, 16.062455821000071 ], [ -90.068051498999978, 16.062709356000028 ], [ -90.068829704999985, 16.062898365000024 ], [ -90.070263627999964, 16.063828934000071 ], [ -90.071035016999986, 16.064484033000042 ], [ -90.071508532999985, 16.065112475000035 ], [ -90.071569926999985, 16.06562352800006 ], [ -90.071800824999968, 16.067115558000069 ], [ -90.07255349199994, 16.070884720000038 ], [ -90.072362188999989, 16.071392314000036 ], [ -90.072259238999948, 16.072124616000053 ], [ -90.072150704999956, 16.073277878000056 ], [ -90.07232412799999, 16.073991389000071 ], [ -90.072319070999981, 16.075891068000033 ], [ -90.072218975999988, 16.07802197500007 ], [ -90.07179112099999, 16.079016219000039 ], [ -90.070986859999948, 16.080560666000054 ], [ -90.070101377999947, 16.08139286100004 ], [ -90.069173629999966, 16.082002103000036 ], [ -90.068046831999936, 16.082053247000033 ], [ -90.06678752, 16.081747001000053 ], [ -90.065645144999962, 16.081309156000032 ], [ -90.06514624, 16.080858695000074 ], [ -90.063123435999955, 16.079319479000048 ], [ -90.062463732999959, 16.078888251000024 ], [ -90.06159685199998, 16.078454174000058 ], [ -90.061116807999952, 16.078270358000054 ], [ -90.060544824999965, 16.078106723000076 ], [ -90.059718178999958, 16.07807278100006 ], [ -90.059142590999954, 16.078154036000058 ], [ -90.058656671999984, 16.078369719000023 ], [ -90.058212938999986, 16.078852374000064 ], [ -90.057833165999966, 16.079668893000076 ], [ -90.057475751999959, 16.080552318000059 ], [ -90.057025793999969, 16.081457045000036 ], [ -90.056513493999944, 16.081917301000033 ], [ -90.055682911999952, 16.082149676000029 ], [ -90.05485525499995, 16.08218342400005 ], [ -90.053819446999967, 16.082279767000045 ], [ -90.05319801, 16.08238182100007 ], [ -90.052434373999972, 16.08270540500007 ], [ -90.051900302999968, 16.083097624000061 ], [ -90.051591977999976, 16.083737896000059 ], [ -90.050901154999963, 16.085415873000045 ], [ -90.050605419999954, 16.086744865000071 ], [ -90.050497705999987, 16.087832639000055 ], [ -90.050479988999939, 16.089032273000043 ], [ -90.050581514999976, 16.089944589000027 ], [ -90.051094629999966, 16.090973207000047 ], [ -90.05170749499996, 16.091492995000067 ], [ -90.05248285, 16.091880704000062 ], [ -90.053421243999935, 16.092138594000062 ], [ -90.054499031999967, 16.092286653000031 ], [ -90.055915869999978, 16.092838965000055 ], [ -90.057302816999936, 16.093835593000051 ], [ -90.05782702, 16.094154355000057 ], [ -90.058489381999948, 16.094407292000028 ], [ -90.059701579999967, 16.094824699000071 ], [ -90.061128652999969, 16.09464454600004 ], [ -90.062605106999968, 16.094242693000069 ], [ -90.063713453999981, 16.093902369000034 ], [ -90.064889108999978, 16.093629560000068 ], [ -90.066314155999976, 16.093626560000075 ], [ -90.067183398999987, 16.093904891000022 ], [ -90.067837936999979, 16.094691606000026 ], [ -90.068093787999942, 16.096072233000029 ], [ -90.068338284999982, 16.09818640900005 ], [ -90.068428468999969, 16.099876305000066 ], [ -90.068457602999956, 16.101032576000023 ], [ -90.068769100999987, 16.101725411000075 ], [ -90.070196754999984, 16.103099546000067 ], [ -90.07244824899999, 16.104708472000027 ], [ -90.075974549999955, 16.107134029000065 ], [ -90.077181033999977, 16.107949737000069 ], [ -90.078141671999958, 16.108251858000074 ], [ -90.079243639999959, 16.108312094000041 ], [ -90.080922530999942, 16.108245889000045 ], [ -90.08311275799997, 16.107787065000025 ], [ -90.08555450099999, 16.107375676000061 ], [ -90.087027397999975, 16.107262586000047 ], [ -90.088726450999957, 16.107374942000035 ], [ -90.090715043999978, 16.108090624000056 ], [ -90.092968418999988, 16.109587642000065 ], [ -90.094351098999937, 16.110939588000065 ], [ -90.095298852999974, 16.112129831000061 ], [ -90.095836243999941, 16.113114691000078 ], [ -90.096096231999979, 16.114184949000048 ], [ -90.096196023999937, 16.11523045000007 ], [ -90.095877732999952, 16.116559235000068 ], [ -90.095459592999987, 16.116886538000074 ], [ -90.094636695999952, 16.116542337000055 ], [ -90.094231187999981, 16.116002891000051 ], [ -90.093939435999971, 16.11551014500003 ], [ -90.093509922999942, 16.115015522000022 ], [ -90.093029368999964, 16.114898353000058 ], [ -90.092314041999941, 16.115065827000024 ], [ -90.09124652099996, 16.115762420000067 ], [ -90.090595451999945, 16.116287463000049 ], [ -90.090266035999946, 16.116815763000034 ], [ -90.089789115999963, 16.118009169000061 ], [ -90.089506288999985, 16.118505370000037 ], [ -90.088950758999943, 16.118764184000042 ], [ -90.087650952999979, 16.11961222900004 ], [ -90.086805221999953, 16.119312836000063 ], [ -90.086537495999949, 16.118775260000064 ], [ -90.086524538999981, 16.118063941000059 ], [ -90.086646991999942, 16.117555397000046 ], [ -90.086929346999966, 16.11709193300004 ], [ -90.087777263999953, 16.115682355000047 ], [ -90.088345111999956, 16.114579369000069 ], [ -90.088897981999935, 16.112942256000053 ], [ -90.089000320999958, 16.112211061000039 ], [ -90.088900566999939, 16.111165562000053 ], [ -90.08845221699994, 16.11040315200006 ], [ -90.087746551999942, 16.109949905000065 ], [ -90.086831084999972, 16.10967101600005 ], [ -90.085911414999941, 16.109679907000043 ], [ -90.085034535999966, 16.109956903000068 ], [ -90.08290634399998, 16.110882781000043 ], [ -90.081698141999937, 16.111777198000027 ], [ -90.080513923999945, 16.112627909000025 ], [ -90.079374248999954, 16.113545822000049 ], [ -90.078447721999964, 16.114021902000047 ], [ -90.077963942999986, 16.114125900000033 ], [ -90.077067983999939, 16.114069603000075 ], [ -90.076250293999976, 16.113413864000051 ], [ -90.075797423999973, 16.112962916000072 ], [ -90.075134075999983, 16.112731453000038 ], [ -90.074260749999951, 16.112764630000072 ], [ -90.073201346999952, 16.112905873000045 ], [ -90.06790612399999, 16.115077189000033 ], [ -90.066559764999965, 16.115991052000027 ], [ -90.065678986999956, 16.116490275000046 ], [ -90.064344708999954, 16.116582538000046 ], [ -90.063795380999977, 16.116419207000035 ], [ -90.063320737999959, 16.115902468000058 ], [ -90.063031696999985, 16.115231381000058 ], [ -90.062835848999953, 16.114496111000051 ], [ -90.062134835999984, 16.113731309000059 ], [ -90.061246764999964, 16.113141146000032 ], [ -90.060287457999948, 16.112749793000035 ], [ -90.058845408999957, 16.112352910000027 ], [ -90.057491345999949, 16.11224506700006 ], [ -90.056455046999986, 16.112363969000057 ], [ -90.055554135999955, 16.112684528000045 ], [ -90.054557710999973, 16.113226128000065 ], [ -90.053579042999957, 16.114146107000067 ], [ -90.052814226999942, 16.114580278000062 ], [ -90.052212230999942, 16.114860925000073 ], [ -90.051335970999958, 16.11509262900006 ], [ -90.050572799999941, 16.115415065000036 ], [ -90.050060069999972, 16.115896732000067 ], [ -90.049566481999989, 16.116623602000061 ], [ -90.049419852999961, 16.117220948000067 ], [ -90.049218221999979, 16.118418034000058 ], [ -90.048818836999942, 16.119011882000052 ], [ -90.04803458899994, 16.119179373000065 ], [ -90.047371851999969, 16.11894783300005 ], [ -90.046871611999961, 16.118585348000067 ], [ -90.046329206999985, 16.117955891000065 ], [ -90.045516560999943, 16.116967131000024 ], [ -90.044694033999974, 16.11664532900005 ], [ -90.043226048999941, 16.116424068000072 ], [ -90.042031502999976, 16.116386062000061 ], [ -90.040859987999966, 16.116369814000052 ], [ -90.039869783999961, 16.116489270000045 ], [ -90.038924047999956, 16.116719956000054 ], [ -90.038068210999938, 16.117108780000024 ], [ -90.037442773999942, 16.117433079000023 ], [ -90.036165488999984, 16.118326238000066 ], [ -90.035947289999967, 16.119100917000026 ], [ -90.035865539999975, 16.119965533000027 ], [ -90.035466503999942, 16.12049388500003 ], [ -90.034863075999965, 16.120907650000049 ], [ -90.034053751999977, 16.121229377000077 ], [ -90.033337304999975, 16.121508372000051 ], [ -90.03170408699998, 16.123129104000043 ], [ -90.030185407999966, 16.124819138000078 ], [ -90.029035877999945, 16.126379981000071 ], [ -90.027784483999937, 16.128583909000042 ], [ -90.026832182999954, 16.130814570000041 ], [ -90.026192092999963, 16.132116112000062 ], [ -90.025810388999957, 16.133044256000062 ], [ -90.025292248999961, 16.133881323000026 ], [ -90.024638662999962, 16.134560730000032 ], [ -90.023895822999975, 16.135039103000054 ], [ -90.02315555499996, 16.135384315000067 ], [ -90.020505900999979, 16.135813455000061 ], [ -90.018711164999957, 16.135922673000039 ], [ -90.016322179999975, 16.135866661000023 ], [ -90.014944020999963, 16.135802212000044 ], [ -90.01370161799997, 16.135873974000049 ], [ -90.013323523999986, 16.136557200000027 ], [ -90.013702716999944, 16.137318764000042 ], [ -90.015067583999951, 16.138270222000074 ], [ -90.017713084999968, 16.139640303000022 ], [ -90.018372430999989, 16.140138273000048 ], [ -90.01944674799995, 16.140531431000056 ], [ -90.02052607, 16.140590551000059 ], [ -90.02179259199994, 16.140431049000028 ], [ -90.023087122999982, 16.139960397000038 ], [ -90.024221202999968, 16.139442347000056 ], [ -90.024916273999963, 16.139075055000035 ], [ -90.025515798999947, 16.138927660000036 ], [ -90.026136683999937, 16.138913751000075 ], [ -90.02687165399999, 16.13892400800006 ], [ -90.027514223999958, 16.139022146000059 ], [ -90.028605027999959, 16.139837639000064 ], [ -90.029831231999935, 16.140853678000042 ], [ -90.030416667999987, 16.141650832000039 ], [ -90.03070396399994, 16.142432541000062 ], [ -90.031177813999989, 16.143038510000054 ], [ -90.031896647999986, 16.143348775000049 ], [ -90.032710632999965, 16.143504594000035 ], [ -90.03397221299997, 16.14367793200006 ], [ -90.035212361999982, 16.143761793000067 ], [ -90.036271926999973, 16.14362077100003 ], [ -90.037265985999966, 16.143212447000053 ], [ -90.037688814999967, 16.142618962000029 ], [ -90.037791385999981, 16.141886700000043 ], [ -90.037619721999988, 16.141062582000075 ], [ -90.037330345999976, 16.140458060000071 ], [ -90.036833710999986, 16.139851786000065 ], [ -90.036105761999977, 16.139330337000047 ], [ -90.034273731999974, 16.138882692000038 ], [ -90.033615334999979, 16.138318181000045 ], [ -90.033531619999962, 16.13778424700007 ], [ -90.033564325999976, 16.137117612000054 ], [ -90.033985499999972, 16.136634728000047 ], [ -90.034473643999945, 16.136241944000062 ], [ -90.035049398999945, 16.136160785000072 ], [ -90.035784276999948, 16.136216159000071 ], [ -90.036465777999979, 16.136758408000048 ], [ -90.040207174999978, 16.140187640000022 ], [ -90.042642639999897, 16.143331184000033 ], [ -90.044541901999935, 16.145468320000077 ], [ -90.045964997999988, 16.147154111000077 ], [ -90.046816930999967, 16.14861073700007 ], [ -90.047284915999967, 16.149616178000031 ], [ -90.047522213999969, 16.150663570000063 ], [ -90.047511324999959, 16.15139711300003 ], [ -90.047247320999986, 16.152148594000039 ], [ -90.046689996999987, 16.152518997000072 ], [ -90.043707514999937, 16.153677472000027 ], [ -90.042899380999984, 16.153910059000054 ], [ -90.042116897999961, 16.153988359000039 ], [ -90.041303806999963, 16.154553854000028 ], [ -90.040600754999957, 16.155454985000063 ], [ -90.040191323999977, 16.156715753000071 ], [ -90.040106218999938, 16.157803816000069 ], [ -90.040181348999965, 16.158915553000043 ], [ -90.04059657199997, 16.160365001000059 ], [ -90.04103754199997, 16.161615020000056 ], [ -90.040965875999973, 16.163369232000036 ], [ -90.04028488099999, 16.16431581300003 ], [ -90.039258765999989, 16.165300483000067 ], [ -90.038603429999966, 16.166091644000062 ], [ -90.037880204999965, 16.166814135000038 ], [ -90.03720416699997, 16.167426661000036 ], [ -90.036591286999965, 16.168463347000056 ], [ -90.036488768999959, 16.169150455000022 ], [ -90.036455390999947, 16.169861099000059 ], [ -90.036769813999967, 16.170354229000054 ], [ -90.037314956999978, 16.170805422000058 ], [ -90.038229326999954, 16.171129692000022 ], [ -90.04050037799999, 16.171450266000022 ], [ -90.042107553999983, 16.171605818000046 ], [ -90.042793483999958, 16.171859167000036 ], [ -90.044211192999967, 16.172346179000044 ], [ -90.046140775999959, 16.172461031000068 ], [ -90.047178454999937, 16.172231630000056 ], [ -90.048108967999951, 16.171510855000065 ], [ -90.048716170999967, 16.170853314000055 ], [ -90.049413976999972, 16.170307647000072 ], [ -90.050524758999984, 16.169834299000058 ], [ -90.051486287999978, 16.170091444000036 ], [ -90.051887393999948, 16.170963891000042 ], [ -90.051635919999967, 16.172404093000068 ], [ -90.050850408999963, 16.174215020000076 ], [ -90.04940137799997, 16.175794372000041 ], [ -90.045435468999983, 16.179671883000026 ], [ -90.044063770999969, 16.180719488000022 ], [ -90.04207641499994, 16.181380382000043 ], [ -90.041107905999979, 16.18158926600006 ], [ -90.040302963999977, 16.181599506000055 ], [ -90.039087583999958, 16.181405366000035 ], [ -90.037509331999956, 16.18087205300003 ], [ -90.035500620999983, 16.179911705000052 ], [ -90.033361451999951, 16.178459642000064 ], [ -90.032103972999948, 16.177997367000046 ], [ -90.031119768999986, 16.177694666000036 ], [ -90.030131564999976, 16.177659419000065 ], [ -90.029211866999958, 16.177690592000033 ], [ -90.028467860999967, 16.178235534000066 ], [ -90.027930452999954, 16.178828511000063 ], [ -90.027357403999986, 16.180241582000065 ], [ -90.027358220999986, 16.181707827000025 ], [ -90.027441825999972, 16.182286911000062 ], [ -90.027868932999979, 16.182937395000067 ], [ -90.02852653399998, 16.18352337400006 ], [ -90.029455644999985, 16.18442581000005 ], [ -90.030470722999951, 16.185750466000059 ], [ -90.03139521099996, 16.186963235000064 ], [ -90.032914923999954, 16.189850340000078 ], [ -90.033363108999936, 16.190655750000076 ], [ -90.033989487999975, 16.191809042000045 ], [ -90.034934466999971, 16.193177856000034 ], [ -90.035590038999942, 16.193942136000032 ], [ -90.036205131999964, 16.194327721000036 ], [ -90.036800177999964, 16.19449178900004 ], [ -90.037742658999946, 16.194504935000055 ], [ -90.03857441699995, 16.19422757600006 ], [ -90.039274646999957, 16.193527353000036 ], [ -90.039558233999969, 16.192997407000064 ], [ -90.039820359999965, 16.192379120000055 ], [ -90.040085463999958, 16.191561084000057 ], [ -90.040143851999972, 16.190740168000048 ], [ -90.04020325, 16.189851538000028 ], [ -90.039982885999962, 16.187671111000043 ], [ -90.040084494999974, 16.187006563000068 ], [ -90.04018900799997, 16.186186289000034 ], [ -90.040608059999954, 16.185813994000057 ], [ -90.041115718999947, 16.185687870000038 ], [ -90.042658077999988, 16.185576148000052 ], [ -90.043779831999984, 16.185902162000048 ], [ -90.045758004999982, 16.187351902000046 ], [ -90.047689013999957, 16.188911589000043 ], [ -90.048759363999977, 16.189593557000023 ], [ -90.049650344999975, 16.190005510000049 ], [ -90.051050393999958, 16.19015814200003 ], [ -90.052152792999948, 16.190217460000042 ], [ -90.053134794999949, 16.190675815000077 ], [ -90.053673423999953, 16.191571621000037 ], [ -90.053776647999939, 16.192329322000035 ], [ -90.053413644999978, 16.193568183000025 ], [ -90.052827169999944, 16.194359210000073 ], [ -90.051151115999971, 16.195758185000045 ], [ -90.048097721999966, 16.197004809000077 ], [ -90.045573784999988, 16.198191027000064 ], [ -90.043353435999961, 16.199071029000038 ], [ -90.040207370999951, 16.200337679000029 ], [ -90.037812982999981, 16.200549231000025 ], [ -90.036111836999964, 16.200569512000072 ], [ -90.034801434999963, 16.200551217000054 ], [ -90.034109114999978, 16.200719891000062 ], [ -90.033527862999961, 16.201155368000059 ], [ -90.033355713999981, 16.201886643000023 ], [ -90.033524039999975, 16.202933085000041 ], [ -90.034239235999962, 16.204320143000075 ], [ -90.03484537199995, 16.205306102000065 ], [ -90.036156319999975, 16.20681322400003 ], [ -90.036467138999967, 16.207550120000064 ], [ -90.036754171999974, 16.208354408000048 ], [ -90.036847704999957, 16.209755357000063 ], [ -90.036468747999947, 16.210527772000034 ], [ -90.036139076999973, 16.21101191300005 ], [ -90.035489541999937, 16.211402418000034 ], [ -90.034634683999968, 16.211656857000037 ], [ -90.034389714999975, 16.211164689000043 ], [ -90.033338092999941, 16.210750414000074 ], [ -90.032733017999988, 16.211253275000047 ], [ -90.032335761999946, 16.211647296000024 ], [ -90.031404911999971, 16.212411977000045 ], [ -90.030484806999937, 16.212420549000058 ], [ -90.029632503999949, 16.212542940000048 ], [ -90.029077636999943, 16.212734960000034 ], [ -90.02845653199995, 16.212747709000041 ], [ -90.02742494499995, 16.212556049000057 ], [ -90.026411138999947, 16.212697610000077 ], [ -90.025604403999978, 16.212819495000076 ], [ -90.025176255999952, 16.212235580000026 ], [ -90.02467986399995, 16.211606689000064 ], [ -90.023966400999939, 16.211663277000071 ], [ -90.02278741799995, 16.212068887000044 ], [ -90.02229611599995, 16.212617331000047 ], [ -90.022265335999975, 16.213149661000045 ], [ -90.022395131999986, 16.213685372000043 ], [ -90.022917560999986, 16.21413629500006 ], [ -90.023467508999943, 16.214233180000065 ], [ -90.024198659999968, 16.214554966000037 ], [ -90.024393391999979, 16.215356842000062 ], [ -90.024378708999961, 16.216334119000066 ], [ -90.024302114999955, 16.216844362000074 ], [ -90.023906414999942, 16.217171786000051 ], [ -90.023077546999957, 16.217249329000026 ], [ -90.022548687999972, 16.21726448000004 ], [ -90.021764708999967, 16.217386667000028 ], [ -90.02098499799996, 16.217263974000048 ], [ -90.020578292999971, 16.216769523000039 ], [ -90.020057450999957, 16.216252021000059 ], [ -90.019370433999939, 16.216064029000052 ], [ -90.019175339999947, 16.214511544000061 ], [ -90.01902451899997, 16.21382090000003 ], [ -90.018768572999988, 16.213284544000032 ], [ -90.018239595999944, 16.212532149000026 ], [ -90.016352317999974, 16.210362168000074 ], [ -90.01532096699998, 16.209381474000054 ], [ -90.014396892999969, 16.208879740000043 ], [ -90.013870406999956, 16.208739143000059 ], [ -90.013449176999984, 16.209210667000036 ], [ -90.013690997999959, 16.209946611000078 ], [ -90.014282454999943, 16.210388365000028 ], [ -90.014528276999954, 16.210859115000062 ], [ -90.014460901999939, 16.212267947000043 ], [ -90.014311685999985, 16.213022093000063 ], [ -90.014132045999986, 16.213508302000037 ], [ -90.013404399999956, 16.21373058000006 ], [ -90.012409809999951, 16.21337231800004 ], [ -90.011780863999945, 16.213130943000067 ], [ -90.011208249999981, 16.212988560000042 ], [ -90.010585299999946, 16.213124262000065 ], [ -90.010052433999988, 16.213405708000039 ], [ -90.009462759999963, 16.213619756000071 ], [ -90.008729789999961, 16.213420927000072 ], [ -90.008380102999979, 16.21298256700004 ], [ -90.008156729999939, 16.212534702000028 ], [ -90.008023583999943, 16.211488759000076 ], [ -90.007945561999975, 16.210544049000077 ], [ -90.007745722999971, 16.210085230000061 ], [ -90.007452591999936, 16.209692816000029 ], [ -90.00686375, 16.209117895000077 ], [ -90.006373321999945, 16.20883331400006 ], [ -90.005704961999982, 16.208727944000032 ], [ -90.005167512999947, 16.208772281000051 ], [ -90.004391221999981, 16.209160891000067 ], [ -90.003970636999952, 16.209588383000039 ], [ -90.003408465999939, 16.210301696000045 ], [ -90.002917122999975, 16.210850085000061 ], [ -90.001959208999949, 16.211081487000058 ], [ -90.001033570999937, 16.210724148000054 ], [ -90.000817102999974, 16.209821505000036 ], [ -90.000732815999982, 16.209331579000036 ], [ -90.00037888199995, 16.208712558000059 ], [ -89.999876700999948, 16.209050845000036 ], [ -89.999359797999944, 16.209358449000035 ], [ -89.99884188599998, 16.209539620000044 ], [ -89.998127851999982, 16.209789126000032 ], [ -89.997585963999938, 16.210241975000031 ], [ -89.99684285799998, 16.210906430000023 ], [ -89.996430816999975, 16.211192935000042 ], [ -89.995915683999954, 16.211421543000029 ], [ -89.995146052999985, 16.211523517000046 ], [ -89.994389059999946, 16.211524085000065 ], [ -89.993440046999979, 16.211207017000049 ], [ -89.992966199999955, 16.210985849000053 ], [ -89.992222328999958, 16.210930159000043 ], [ -89.991965686999947, 16.211714358000052 ], [ -89.991955114999939, 16.212410620000071 ], [ -89.991759677999937, 16.213048954000044 ], [ -89.991232273999969, 16.213277378000043 ], [ -89.990429637999966, 16.213244547000045 ], [ -89.989838382999949, 16.213100717000032 ], [ -89.989053541999965, 16.213050077000048 ], [ -89.988340261999952, 16.213287141000023 ], [ -89.987766875999966, 16.213504740000076 ], [ -89.987114495999947, 16.213539498000046 ], [ -89.98634605899997, 16.213562446000026 ], [ -89.985540525999966, 16.213720308000063 ], [ -89.984884707999981, 16.213980750000076 ], [ -89.984226743999955, 16.214420621000045 ], [ -89.983846969999945, 16.214888148000057 ], [ -89.983676170999956, 16.215402663000077 ], [ -89.983712267999977, 16.216100711000024 ], [ -89.983961578999981, 16.217296163000071 ], [ -89.983907331999944, 16.217789760000073 ], [ -89.983379461999959, 16.218085875000043 ], [ -89.982513635999965, 16.218365894000044 ], [ -89.982031034999977, 16.218719083000053 ], [ -89.981664216999945, 16.219140509000056 ], [ -89.981377862999977, 16.219609358000071 ], [ -89.980868647999955, 16.220175489000042 ], [ -89.980316649999963, 16.220482537000066 ], [ -89.97934188499994, 16.22108718000004 ], [ -89.978881444999956, 16.221518556000035 ], [ -89.978373077999947, 16.222028255000055 ], [ -89.97798372799997, 16.222394048000069 ], [ -89.977419008999959, 16.22276862700005 ], [ -89.976870685999984, 16.222872552000069 ], [ -89.976359040999967, 16.222831398000039 ], [ -89.975920562999988, 16.22258924700003 ], [ -89.975141962999942, 16.221746299000074 ], [ -89.974720494999985, 16.221155625000051 ], [ -89.974368524999988, 16.220565944000043 ], [ -89.974004943999944, 16.220009957000059 ], [ -89.973652977999961, 16.219420273000026 ], [ -89.973334499999964, 16.218932650000056 ], [ -89.972659503999978, 16.218191629000046 ], [ -89.971967608999989, 16.217753981000044 ], [ -89.971215831999984, 16.217450917000065 ], [ -89.970311600999935, 16.21722468300004 ], [ -89.969792487999939, 16.216947513000036 ], [ -89.969311786999981, 16.21641242100003 ], [ -89.968659041999956, 16.216470816000026 ], [ -89.968210447999979, 16.216891049000026 ], [ -89.96766874399998, 16.217288503000077 ], [ -89.966990126999974, 16.217548556000054 ], [ -89.966058411999938, 16.217591668000068 ], [ -89.965129293999951, 16.217465509000021 ], [ -89.963462205999974, 16.216136898000059 ], [ -89.962615218999986, 16.215226345000076 ], [ -89.962171657999988, 16.214556329000061 ], [ -89.961856158999979, 16.213876861000074 ], [ -89.961149857999942, 16.213619565000045 ], [ -89.960565310999982, 16.213801940000053 ], [ -89.960165422999978, 16.216337993000025 ], [ -89.960184875999971, 16.218114811000078 ], [ -89.960989345999963, 16.221072187000061 ], [ -89.961144341999955, 16.221591344000046 ], [ -89.961118855999985, 16.22249053400003 ], [ -89.960932691999972, 16.223240695000072 ], [ -89.960631679999949, 16.223900043000071 ], [ -89.960461331999966, 16.224380675000077 ], [ -89.960228768999968, 16.225108725000041 ], [ -89.960334098999965, 16.225819044000048 ], [ -89.960571894999987, 16.226271666000059 ], [ -89.961342533999982, 16.226868497000055 ], [ -89.962128148999966, 16.22725108800006 ], [ -89.962470075999988, 16.227693916000078 ], [ -89.962691867999979, 16.228428477000023 ], [ -89.962764073999949, 16.22901416600007 ], [ -89.963113434999968, 16.229772001000072 ], [ -89.963710861999971, 16.230276048000064 ], [ -89.963958379999951, 16.230819103000044 ], [ -89.963796420999984, 16.231514307000054 ], [ -89.963348122999946, 16.231911954000054 ], [ -89.962832151999976, 16.232151742000042 ], [ -89.962243456999943, 16.231839690000072 ], [ -89.961634158999971, 16.231347883000069 ], [ -89.961129064999966, 16.231678116000069 ], [ -89.96101669899997, 16.232148294000069 ], [ -89.960614231999955, 16.232604151000032 ], [ -89.960050903999957, 16.232922261000056 ], [ -89.960107449999953, 16.233766193000065 ], [ -89.960295077999945, 16.23444270400006 ], [ -89.960319228999936, 16.235151859000041 ], [ -89.959688615999937, 16.236806480000041 ], [ -89.95930511499995, 16.237509788000068 ], [ -89.958834804999981, 16.237817938000035 ], [ -89.95790620799994, 16.238411833000043 ], [ -89.957605500999989, 16.239048603000072 ], [ -89.957525035999936, 16.239722394000069 ], [ -89.957142814999941, 16.240379436000069 ], [ -89.956327044999966, 16.240435441000045 ], [ -89.955603333999989, 16.240583055000059 ], [ -89.955277184999943, 16.241353766000032 ], [ -89.955093903999966, 16.241913210000064 ], [ -89.954618033999964, 16.242581315000052 ], [ -89.953968225999972, 16.243201770000042 ], [ -89.953521099999989, 16.243520398000044 ], [ -89.952189457999964, 16.244980927000029 ], [ -89.951064789999975, 16.245330428000045 ], [ -89.949666881999974, 16.245139871000049 ], [ -89.948641246999955, 16.244333906000065 ], [ -89.947436984999968, 16.244503911000038 ], [ -89.946953272999963, 16.244996939000032 ], [ -89.944781311999975, 16.243485945000032 ], [ -89.944352709999976, 16.243058771000051 ], [ -89.943673543999978, 16.242629112000031 ], [ -89.94287821599994, 16.24310070100006 ], [ -89.94005417599999, 16.244547498000031 ], [ -89.936739407999937, 16.244146317000059 ], [ -89.934383213999979, 16.247289387000023 ], [ -89.93384821099994, 16.247885471000075 ], [ -89.931985983999937, 16.248404766000021 ], [ -89.930214251999985, 16.246670316000063 ], [ -89.927873126999941, 16.245829388000061 ], [ -89.927008468999986, 16.245008734000066 ], [ -89.926418350999938, 16.244339915000069 ], [ -89.925708327999985, 16.243906369000058 ], [ -89.924910608999937, 16.244078759000047 ], [ -89.924674129999971, 16.244635131000052 ], [ -89.92423673899998, 16.245564425000055 ], [ -89.924299668999936, 16.251392525000028 ], [ -89.924413794999964, 16.252054440000052 ], [ -89.924358942999959, 16.252913669000066 ], [ -89.923711462999961, 16.253264299000023 ], [ -89.92317140199998, 16.253356900000028 ], [ -89.922407323999948, 16.253204713000059 ], [ -89.921804262999956, 16.252016517000072 ], [ -89.921461720999957, 16.251430286000073 ], [ -89.921180786999969, 16.250826893000067 ], [ -89.920814725999946, 16.250400588000048 ], [ -89.920334165999975, 16.250236717000064 ], [ -89.917007533999936, 16.250558502000047 ], [ -89.911903751999944, 16.249204259000066 ], [ -89.905076632999965, 16.243756030000043 ], [ -89.901267995999945, 16.241631580000046 ], [ -89.899115154999947, 16.241128316000072 ], [ -89.896650626999985, 16.241392439000037 ], [ -89.895663394999985, 16.240427680000039 ], [ -89.894273214999942, 16.237857758000075 ], [ -89.894089356999984, 16.236546996000072 ], [ -89.894592430999978, 16.235905416000037 ], [ -89.894635678999975, 16.234006587000067 ], [ -89.892669657999988, 16.232214871000053 ], [ -89.891658746999951, 16.233355750000044 ], [ -89.891535723999937, 16.234976894000056 ], [ -89.890157845999966, 16.235939699000028 ], [ -89.889384752999945, 16.240192250000064 ], [ -89.887945274999936, 16.241465628000071 ], [ -89.885460643999977, 16.242004703000077 ], [ -89.884957221999969, 16.243406934000063 ], [ -89.883687094999971, 16.244643261000022 ], [ -89.88333490499997, 16.245677526000065 ], [ -89.88328265399997, 16.248657406000063 ], [ -89.883963698999935, 16.249810708000041 ], [ -89.883665411999971, 16.254907617000072 ], [ -89.88424297399996, 16.255474780000043 ], [ -89.886766038999951, 16.255510772000036 ], [ -89.888703009999972, 16.257448861000057 ], [ -89.889073784999937, 16.258610007000073 ], [ -89.888642636999975, 16.261280733000035 ], [ -89.888042218999942, 16.262087890000032 ], [ -89.888791179999942, 16.263754572000039 ], [ -89.888673431999962, 16.265591347000054 ], [ -89.881430535999982, 16.265772502000061 ], [ -89.805359865999947, 16.265768281000078 ], [ -89.804364995999947, 16.266059088000077 ], [ -89.797213503999956, 16.266032191000022 ], [ -89.750559797999983, 16.266484181000067 ], [ -89.745521318999977, 16.266217140000037 ], [ -89.742478317999939, 16.266549468000051 ], [ -89.68658396099994, 16.26645204700003 ], [ -89.681004058999974, 16.266933289000065 ], [ -89.658921318999944, 16.266596917000072 ], [ -89.658269048999955, 16.267346021000037 ], [ -89.64548776, 16.26676907500007 ], [ -89.596040236999954, 16.267114194000044 ], [ -89.584026197999947, 16.26673545500006 ], [ -89.541555799999969, 16.267381150000062 ], [ -89.506696945999977, 16.266979743000036 ], [ -89.506263473999979, 16.267283977000034 ], [ -89.49644908099998, 16.267217518000052 ], [ -89.454164979999973, 16.267279976000054 ], [ -89.450541371999975, 16.267601643000035 ], [ -89.427976518999969, 16.267196888000058 ], [ -89.426742016999981, 16.26767919200006 ], [ -89.424891351999975, 16.267359105000025 ], [ -89.414552923999963, 16.267378118000067 ], [ -89.393838082999935, 16.267497448000029 ], [ -89.389570555999967, 16.267335511000056 ], [ -89.387830124999937, 16.26734865700007 ], [ -89.37608671299995, 16.267386897000051 ], [ -89.372890674999951, 16.267455068000061 ], [ -89.365775545999952, 16.267441205000068 ], [ -89.354061782999963, 16.267309509000029 ], [ -89.342589461999978, 16.267863824000074 ], [ -89.339000606999946, 16.267423818000054 ], [ -89.332067631999962, 16.267549590000044 ], [ -89.327309420999939, 16.26753919600003 ], [ -89.320746647999954, 16.267261543000075 ], [ -89.319477400999972, 16.267564333000053 ], [ -89.314633778999962, 16.267346863000057 ], [ -89.31392434199995, 16.267658244000074 ], [ -89.266506531999937, 16.267113982000069 ], [ -89.251137682999968, 16.267413948000069 ], [ -89.237992155999962, 16.266992107000021 ], [ -89.227191421999976, 16.267467413000077 ], [ -89.213510078999946, 16.267572509000047 ], [ -89.208351358999948, 16.267802649000032 ], [ -89.20756262399999, 16.267405011000051 ], [ -89.202802747999954, 16.267511330000048 ] ] ] ] } },
{ "type": "Feature", "properties": { "Codigo": 513, "datos_finales_color_riesgo": "620D00" }, "geometry": { "type": "MultiPolygon", "coordinates": [ [ [ [ -91.178932505999967, 14.201339572000052 ], [ -91.17858401699999, 14.200896327000066 ], [ -91.17800669899998, 14.200830929000062 ], [ -91.177436348999947, 14.201414043000057 ], [ -91.176719380999941, 14.201506866000045 ], [ -91.176461891999963, 14.200690374000033 ], [ -91.176216519999969, 14.19995192500005 ], [ -91.17592018, 14.199287648000052 ], [ -91.175272604999975, 14.198596971000029 ], [ -91.17464778499999, 14.198101906000034 ], [ -91.17442926199999, 14.197193072000061 ], [ -91.174434375999965, 14.196554818000038 ], [ -91.174541603999955, 14.195673320000026 ], [ -91.17482619499998, 14.19469489100004 ], [ -91.175109419999956, 14.193814734000057 ], [ -91.17549258799994, 14.193105930000058 ], [ -91.175622343999976, 14.192591764000042 ], [ -91.175677233999977, 14.191955017000055 ], [ -91.175611581999988, 14.190753620000066 ], [ -91.175189823999972, 14.190063534000046 ], [ -91.174817259999941, 14.189520688000073 ], [ -91.174447636999957, 14.188610703000052 ], [ -91.174478418999968, 14.187875486000053 ], [ -91.174483321999958, 14.187263212000062 ], [ -91.174465102999989, 14.186429339000028 ], [ -91.174505107999948, 14.184541874000047 ], [ -91.174695431999965, 14.182752710000045 ], [ -91.174858296999957, 14.181283050000047 ], [ -91.174896333999982, 14.179640719000076 ], [ -91.174902415999952, 14.178880461000062 ], [ -91.174582183999973, 14.178093992000072 ], [ -91.174283908999939, 14.177674853000042 ], [ -91.173509223999986, 14.177104087000032 ], [ -91.172431732999939, 14.176753569000027 ], [ -91.171778748999941, 14.176674027000047 ], [ -91.171303708999972, 14.176351821000026 ], [ -91.171182604999956, 14.175787166000077 ], [ -91.171438942999941, 14.175225390000037 ], [ -91.171793672999968, 14.174811227000077 ], [ -91.17214976799994, 14.174298787000055 ], [ -91.172431003999975, 14.173663769000029 ], [ -91.172488829999963, 14.172732188000055 ], [ -91.172442781999962, 14.17219295700005 ], [ -91.172174501999962, 14.171210313000074 ], [ -91.172079863999954, 14.170449285000075 ], [ -91.172361870999964, 14.16978941800005 ], [ -91.172791834999941, 14.169449258000043 ], [ -91.173473423999951, 14.169062435000058 ], [ -91.173928866999972, 14.168649035000044 ], [ -91.174613981999983, 14.167820513000038 ], [ -91.175729047999937, 14.166651824000041 ], [ -91.177100030999952, 14.164896483000064 ], [ -91.180847619999952, 14.161296241000059 ], [ -91.183934344999955, 14.158671534000064 ], [ -91.186614408999958, 14.156583720000071 ], [ -91.187931001999971, 14.155318194000074 ], [ -91.189475651999942, 14.15383408200006 ], [ -91.190944059999936, 14.152472524000075 ], [ -91.192389703999936, 14.150766214000043 ], [ -91.193279813999936, 14.149400282000045 ], [ -91.194046818999936, 14.147714834000055 ], [ -91.194791642999974, 14.145684643000038 ], [ -91.195436502999939, 14.143556542000056 ], [ -91.195805063999956, 14.141450088000056 ], [ -91.196320810999964, 14.139762740000037 ], [ -91.196729658999971, 14.138932060000059 ], [ -91.198638794999965, 14.135758249000048 ], [ -91.199530152999955, 14.134294005000072 ], [ -91.200215063999963, 14.133391951000021 ], [ -91.201251684999988, 14.132590814000025 ], [ -91.202059880999968, 14.132056842000054 ], [ -91.20347213299999, 14.131405372000074 ], [ -91.205235519999974, 14.130854799000076 ], [ -91.206744810999965, 14.130597182000031 ], [ -91.208404408999968, 14.130437834000077 ], [ -91.209484637999935, 14.130421027000068 ], [ -91.211119724999946, 14.130212899000071 ], [ -91.212228101999983, 14.129852845000073 ], [ -91.212984374999962, 14.129515023000067 ], [ -91.213842695999972, 14.12900623400003 ], [ -91.215182331999983, 14.127937270000075 ], [ -91.216801669999938, 14.126478348000035 ], [ -91.217715091999935, 14.125357625000049 ], [ -91.218783186999985, 14.123698023000031 ], [ -91.21903376099999, 14.123258145000023 ], [ -91.219547244999944, 14.12235475500006 ], [ -91.220260176999943, 14.12118395400006 ], [ -91.220897674999947, 14.119961756000066 ], [ -91.221207398999979, 14.118909985000073 ], [ -91.22141907799994, 14.117514042000039 ], [ -91.221428019999962, 14.11636175600006 ], [ -91.221565594999959, 14.114818397000022 ], [ -91.221757281999942, 14.113760103000061 ], [ -91.221854605999965, 14.113226446000056 ], [ -91.222063038999977, 14.112247359000037 ], [ -91.222344430999954, 14.111562544000037 ], [ -91.222826657999974, 14.110952647000033 ], [ -91.22325719, 14.110515220000025 ], [ -91.223888169999952, 14.110127852000062 ], [ -91.224970603999964, 14.109889547000023 ], [ -91.225523309999971, 14.109893622000072 ], [ -91.226075438999942, 14.109972256000049 ], [ -91.226976417999936, 14.110370919000047 ], [ -91.22777879299997, 14.110572277000074 ], [ -91.228306990999954, 14.110527584000067 ], [ -91.228887612999984, 14.110139831000026 ], [ -91.229397733999974, 14.109138095000048 ], [ -91.22945206199995, 14.108623323000074 ], [ -91.229535811999938, 14.107521294000037 ], [ -91.229545089999988, 14.106319295000048 ], [ -91.229529096999954, 14.105166823000047 ], [ -91.229462946999945, 14.103989124000066 ], [ -91.229595341999982, 14.103107754000064 ], [ -91.229954775999943, 14.102129762000061 ], [ -91.231023791999974, 14.100323219000074 ], [ -91.231912514999976, 14.099079096000025 ], [ -91.233002234999958, 14.09781158800007 ], [ -91.234218287999965, 14.096521274000054 ], [ -91.235337214999959, 14.094763650000061 ], [ -91.236298666999971, 14.093839762000073 ], [ -91.23723335599999, 14.093159702000037 ], [ -91.23761443699999, 14.092672170000071 ], [ -91.237818829999981, 14.092207071000075 ], [ -91.237898762999976, 14.091595322000046 ], [ -91.237902715999951, 14.091080176000048 ], [ -91.237757704999979, 14.090368494000074 ], [ -91.237786350999954, 14.089878384000031 ], [ -91.238450054999987, 14.088534294000056 ], [ -91.23939147499999, 14.086971923000021 ], [ -91.240234287999954, 14.085437072000047 ], [ -91.240693823999948, 14.084602137000047 ], [ -91.241225832999987, 14.083673958000077 ], [ -91.241805148999958, 14.082839893000028 ], [ -91.24281647, 14.081589831000031 ], [ -91.243467843999952, 14.080639919000077 ], [ -91.244021767999982, 14.07994575400005 ], [ -91.244526288999964, 14.079506555000023 ], [ -91.245148944999983, 14.079208307000044 ], [ -91.245840645999976, 14.07918961200005 ], [ -91.246532211999977, 14.079264687000034 ], [ -91.247271410999986, 14.079316380000023 ], [ -91.248129457999937, 14.079416386000048 ], [ -91.249082056999953, 14.079563394000047 ], [ -91.249798770999973, 14.079452228000036 ], [ -91.25037645499998, 14.078827134000051 ], [ -91.250546657999962, 14.078362901000048 ], [ -91.250743114999977, 14.077642400000059 ], [ -91.250989326999957, 14.076619479000044 ], [ -91.251402419999977, 14.075644088000047 ], [ -91.251883316999965, 14.075112058000059 ], [ -91.252387450999947, 14.074720289000027 ], [ -91.25296188499999, 14.074444266000057 ], [ -91.253487971999959, 14.074285387000032 ], [ -91.254157038999949, 14.074197587000072 ], [ -91.255040752999946, 14.074040161000028 ], [ -91.255876475999969, 14.073953562000042 ], [ -91.256568866999942, 14.073842198000023 ], [ -91.25759643899994, 14.073639481000043 ], [ -91.258244726999976, 14.073086050000029 ], [ -91.258466555999973, 14.072144285000036 ], [ -91.258424702999946, 14.071328283000071 ], [ -91.258309555999972, 14.070791936000035 ], [ -91.257601029999989, 14.069902204000073 ], [ -91.257104851999941, 14.06924674000004 ], [ -91.25658459899995, 14.068637422000052 ], [ -91.256183371999953, 14.068052687000034 ], [ -91.255901349999988, 14.067468813000062 ], [ -91.255744590999939, 14.066162786000064 ], [ -91.255773787999942, 14.065441068000041 ], [ -91.255948074999935, 14.064511391000053 ], [ -91.256218667999974, 14.063395993000029 ], [ -91.256629765999946, 14.062677032000067 ], [ -91.257038747999957, 14.062237112000048 ], [ -91.257566748999977, 14.061821774000066 ], [ -91.258617989999948, 14.061619218000033 ], [ -91.259739513999989, 14.061534660000063 ], [ -91.260623167999938, 14.061378337000065 ], [ -91.26134035299998, 14.061197089000075 ], [ -91.261963288999937, 14.060852470000043 ], [ -91.262347254999952, 14.060504999000045 ], [ -91.26261716199997, 14.059552276000034 ], [ -91.262576871999954, 14.058527271000059 ], [ -91.262463641999943, 14.057735609000076 ], [ -91.262349891999975, 14.057012860000043 ], [ -91.262353933999975, 14.056477371000028 ], [ -91.262453099999959, 14.055988890000037 ], [ -91.262936439999976, 14.05520038700007 ], [ -91.263417086999937, 14.054692050000028 ], [ -91.264017515999967, 14.054183444000046 ], [ -91.264736905999939, 14.053629369000078 ], [ -91.265553918999956, 14.052866981000022 ], [ -91.266346623999937, 14.052104416000077 ], [ -91.266804238999953, 14.051502132000053 ], [ -91.267263302999936, 14.050783491000061 ], [ -91.267625788999965, 14.050134204000074 ], [ -91.267990727999972, 14.04915842500003 ], [ -91.268186044999936, 14.04857798300003 ], [ -91.26826147099996, 14.048089327000071 ], [ -91.26826549599997, 14.047553836000077 ], [ -91.268246146999957, 14.046971857000074 ], [ -91.268108425999969, 14.046202615000027 ], [ -91.267921920999981, 14.045688356000028 ], [ -91.26771268899995, 14.044964923000066 ], [ -91.267622297999935, 14.044288663000032 ], [ -91.267628421999973, 14.043474131000039 ], [ -91.267658971999936, 14.042566002000058 ], [ -91.267711137999981, 14.041938214000027 ], [ -91.26798222299999, 14.040821667000046 ], [ -91.26824869699999, 14.040241735000052 ], [ -91.268561967999972, 14.039824826000029 ], [ -91.268898781999951, 14.039431812000032 ], [ -91.269619216999956, 14.038807676000033 ], [ -91.270506102999946, 14.038208453000038 ], [ -91.271128783999984, 14.037887525000031 ], [ -91.27179821499999, 14.037659573000042 ], [ -91.272804856999983, 14.037061194000046 ], [ -91.273572716999979, 14.036437383000077 ], [ -91.274726265999959, 14.035304524000026 ], [ -91.275425497999947, 14.034262194000064 ], [ -91.275503687999958, 14.033400721000078 ], [ -91.275293741999974, 14.032769930000029 ], [ -91.274868269999956, 14.032255101000032 ], [ -91.274441928999977, 14.031856632000029 ], [ -91.273755194999978, 14.031152395000049 ], [ -91.273353451999981, 14.030637733000049 ], [ -91.272952987999986, 14.030029308000053 ], [ -91.272622767999962, 14.029467703000023 ], [ -91.27238893399999, 14.028860467000072 ], [ -91.272393814999987, 14.02820861400005 ], [ -91.27280426599998, 14.027559652000036 ], [ -91.273452553999959, 14.026982437000072 ], [ -91.273930855999936, 14.02677570700007 ], [ -91.274648447999937, 14.026524361000043 ], [ -91.275509802999977, 14.026158796000061 ], [ -91.276299478999988, 14.025861636000059 ], [ -91.27723199799999, 14.025495443000068 ], [ -91.277903700999957, 14.025034747000063 ], [ -91.27891282, 14.024017201000049 ], [ -91.279778505999957, 14.023068678000072 ], [ -91.280887398999937, 14.021469985000067 ], [ -91.281660902999988, 14.020077917000037 ], [ -91.282265347999953, 14.019011159000058 ], [ -91.282652729999938, 14.018268240000054 ], [ -91.282919998999944, 14.017571921000069 ], [ -91.283189409999977, 14.016665473000046 ], [ -91.283313432999989, 14.016014460000065 ], [ -91.28339047899999, 14.015223017000039 ], [ -91.283376281999949, 14.013941727000031 ], [ -91.283357575999958, 14.013267104000022 ], [ -91.283459959999959, 14.012335747000066 ], [ -91.283534920999955, 14.01182447900004 ], [ -91.283610813999985, 14.011265767000054 ], [ -91.284000017999972, 14.010805541000025 ], [ -91.284123516999955, 14.010791709000046 ], [ -91.284739681999952, 14.010722700000031 ], [ -91.285500398999943, 14.010505352000052 ], [ -91.286623361999943, 14.010686475000057 ], [ -91.288036120999948, 14.01083137300003 ], [ -91.289014185999974, 14.010505352000052 ], [ -91.289521329999957, 14.009708411000076 ], [ -91.289521330999946, 14.008404325000072 ], [ -91.288615714999935, 14.007027790000052 ], [ -91.288615714999935, 14.00657609600006 ], [ -91.288615715999981, 14.005868602000078 ], [ -91.289448880999942, 14.005180335000034 ], [ -91.291151437999986, 14.004673190000062 ], [ -91.291956457999959, 14.004282879000073 ], [ -91.292346849999944, 14.004093597000065 ], [ -91.292962668999962, 14.003079307000064 ], [ -91.292600421999964, 14.002282366000031 ], [ -91.291586132999953, 14.000869606000037 ], [ -91.291513683999938, 13.999855317000026 ], [ -91.291948379999951, 13.998696130000042 ], [ -91.292036262999943, 13.998618012000065 ], [ -91.292763432999948, 13.997971638000024 ], [ -91.294103743999983, 13.998152760000039 ], [ -91.295065543999954, 13.998382758000048 ], [ -91.29577007499995, 13.998551231000022 ], [ -91.296820589999982, 13.997754290000046 ], [ -91.297653754999942, 13.995725712000024 ], [ -91.298812942999973, 13.993878257000063 ], [ -91.300587948999976, 13.992356824000069 ], [ -91.301493563999941, 13.991125187000023 ], [ -91.301276215999962, 13.989712427000029 ], [ -91.300877745999969, 13.987973645000068 ], [ -91.30089585799999, 13.987104255000077 ], [ -91.300968306999948, 13.985510372000022 ], [ -91.301801472999955, 13.983952714000054 ], [ -91.302562189999946, 13.98239505600003 ], [ -91.301910146999944, 13.979895557000077 ], [ -91.301040755999963, 13.977685856000051 ], [ -91.301040756999953, 13.976744017000044 ], [ -91.30146466299999, 13.97627023900003 ], [ -91.301656574999981, 13.976055749000068 ], [ -91.302344842999958, 13.976055749000068 ], [ -91.303019783999957, 13.976730692000046 ], [ -91.303359130999979, 13.977070038000022 ], [ -91.30437342, 13.977649632000066 ], [ -91.305677505999938, 13.977359835000073 ], [ -91.30672802, 13.975947075000022 ], [ -91.307923431999939, 13.973628700000063 ], [ -91.308443800999953, 13.971894142000053 ], [ -91.308575474999941, 13.971455224000067 ], [ -91.310857625999972, 13.968883277000032 ], [ -91.311853801999973, 13.968195009000056 ], [ -91.312502174999963, 13.967546641000069 ], [ -91.313628807999976, 13.966420003000053 ], [ -91.313864655999964, 13.965461877000052 ], [ -91.314208401999963, 13.964065404000053 ], [ -91.314461973999983, 13.961602130000074 ], [ -91.314063503999989, 13.959537328000067 ], [ -91.312976764999974, 13.957291402000067 ], [ -91.311708903999943, 13.955806193000058 ], [ -91.310875737999936, 13.953668941000046 ], [ -91.31033236899998, 13.952872 ], [ -91.31017007, 13.952437736000036 ], [ -91.311357597999972, 13.952910340000074 ], [ -91.313192904999937, 13.95362582100006 ], [ -91.315051690999951, 13.954216044000077 ], [ -91.316820586999938, 13.954760436000072 ], [ -91.318668447999983, 13.955264690000035 ], [ -91.320994304999942, 13.955899903000045 ], [ -91.323214699999937, 13.95680326300004 ], [ -91.324256593999962, 13.957342592000032 ], [ -91.325160125999957, 13.958059478000052 ], [ -91.325975037999967, 13.958553174000031 ], [ -91.326745222999989, 13.958913239000026 ], [ -91.327924331999952, 13.959277246000056 ], [ -91.329103455999984, 13.959640119000028 ], [ -91.333499403999951, 13.961511912000049 ], [ -91.339166193999972, 13.963637491000043 ], [ -91.346011652999948, 13.966214998000055 ], [ -91.350907232999987, 13.968068433000042 ], [ -91.353669516999958, 13.969596628000033 ], [ -91.355617127999949, 13.970585999000036 ], [ -91.357839352999974, 13.971355761000041 ], [ -91.360107343999971, 13.97203655800007 ], [ -91.362602049999964, 13.972808121000071 ], [ -91.364958067999964, 13.973889433000068 ], [ -91.368309720999946, 13.975621425000043 ], [ -91.370894021999959, 13.976660153000068 ], [ -91.380819582999948, 13.980899070000078 ], [ -91.389567050999972, 13.984730966000029 ], [ -91.397817782999937, 13.988159322000058 ], [ -91.407901380999988, 13.992708982000067 ], [ -91.409057662999942, 13.993160604000025 ], [ -91.410915985999964, 13.993994196000074 ], [ -91.412638707999974, 13.994693562000066 ], [ -91.41386418799999, 13.995012292000069 ], [ -91.414998079999975, 13.995442274000027 ], [ -91.416267022999989, 13.996005327000034 ], [ -91.41735401599999, 13.996611249000068 ], [ -91.418485985999951, 13.997240063000049 ], [ -91.420830659999979, 13.998454129000038 ], [ -91.424935027999936, 13.999967730000037 ], [ -91.426282242999946, 14.000599037000029 ], [ -91.426896817999989, 14.001002999000036 ], [ -91.427506189999974, 14.001406925000026 ], [ -91.428162371999974, 14.001819063000028 ], [ -91.428863288999935, 14.002289114000064 ], [ -91.42950459299999, 14.002677426000048 ], [ -91.430563144999951, 14.003051489000029 ], [ -91.431337524999947, 14.003184177000037 ], [ -91.431825996999976, 14.003246091000051 ], [ -91.432480645999988, 14.00345935200005 ], [ -91.432944030999977, 14.003637476000051 ], [ -91.433752149999975, 14.004085610000061 ], [ -91.434465131999957, 14.004485671000054 ], [ -91.434952190999979, 14.004756597000039 ], [ -91.436209584999972, 14.00516129600004 ], [ -91.434623002999956, 14.007572376000041 ], [ -91.42894681699994, 14.012043835000043 ], [ -91.426053711999941, 14.014274628000067 ], [ -91.425081810999984, 14.015526986000054 ], [ -91.425500245999956, 14.018480923000027 ], [ -91.427400747999968, 14.022250087000032 ], [ -91.428532884999981, 14.030012863000024 ], [ -91.428487728999983, 14.035705980000046 ], [ -91.427985224999986, 14.03658966100005 ], [ -91.427011877999973, 14.037106461000064 ], [ -91.426319064999973, 14.038148214000046 ], [ -91.426243343999943, 14.039492263000056 ], [ -91.424907703999963, 14.041708276000065 ], [ -91.424886876999949, 14.047125849000054 ], [ -91.42389902299999, 14.04865602700005 ], [ -91.423511161999954, 14.050791202000028 ], [ -91.422945219999974, 14.076543881000077 ], [ -91.422027070999945, 14.077845127000046 ], [ -91.41941600399997, 14.081677469000056 ], [ -91.413797304999946, 14.088478482000028 ], [ -91.410048144999962, 14.094222824000042 ], [ -91.408498188999943, 14.09580229900007 ], [ -91.40619978899997, 14.099803734000034 ], [ -91.403311764999955, 14.103100722000022 ], [ -91.400275533999945, 14.107551387000058 ], [ -91.399388321999936, 14.108197413000028 ], [ -91.396360821999963, 14.112950871000066 ], [ -91.389956186999939, 14.121083660000068 ], [ -91.386685613999987, 14.121747562000053 ], [ -91.382070588999966, 14.123770613000033 ], [ -91.377471101999959, 14.124161061000052 ], [ -91.376000758999965, 14.125391696000065 ], [ -91.374643941999977, 14.126284138000074 ], [ -91.373216764999938, 14.128849381000066 ], [ -91.370507308999947, 14.130687348000038 ], [ -91.3703558, 14.133105291000049 ], [ -91.369375224999942, 14.133098641000061 ], [ -91.367529994999984, 14.134282607000046 ], [ -91.367215315999943, 14.134736922000059 ], [ -91.36777697499997, 14.136259229000075 ], [ -91.367615485999977, 14.13706822100005 ], [ -91.366583377999973, 14.137304122000046 ], [ -91.364427214999978, 14.139381898000067 ], [ -91.362018473999967, 14.140427527000043 ], [ -91.359596083999975, 14.142889840000066 ], [ -91.356070600999942, 14.146268770000063 ], [ -91.355285108999965, 14.146578613000031 ], [ -91.350893693999978, 14.145989239000073 ], [ -91.346232961999988, 14.146702872000049 ], [ -91.343822313999965, 14.147272636000025 ], [ -91.338713153999947, 14.149464215000023 ], [ -91.337872405999974, 14.150442463000047 ], [ -91.338239008999949, 14.152572441000075 ], [ -91.338830639999969, 14.153452143000038 ], [ -91.338708599999961, 14.156144773000051 ], [ -91.338236796999979, 14.156698506000055 ], [ -91.33817720199994, 14.16178790400005 ], [ -91.337491308999972, 14.161687118000032 ], [ -91.336404154999968, 14.162547279000023 ], [ -91.33669155299998, 14.163786414000072 ], [ -91.336816196999962, 14.167181235000044 ], [ -91.334609607999937, 14.168238113000029 ], [ -91.335367338999959, 14.170796749000033 ], [ -91.335373737999987, 14.172698265000065 ], [ -91.334259471999985, 14.174488053000061 ], [ -91.333583244999943, 14.175833477000026 ], [ -91.333548911999969, 14.177997954000034 ], [ -91.333108362999951, 14.178703280000036 ], [ -91.331203743999936, 14.178827863000038 ], [ -91.329841865999981, 14.179632967000032 ], [ -91.328454309999984, 14.182202643000039 ], [ -91.326250713999968, 14.183141945000045 ], [ -91.325384037999982, 14.18376180100006 ], [ -91.323935320999965, 14.183140449000064 ], [ -91.32085015499996, 14.183965068000077 ], [ -91.318773970999985, 14.186151363000022 ], [ -91.318957633999958, 14.18747 ], [ -91.318310425999982, 14.188003242000036 ], [ -91.317713176999973, 14.188043109000034 ], [ -91.317733895999936, 14.188609285000041 ], [ -91.319033511999976, 14.190842988000043 ], [ -91.318973643999982, 14.19150237100007 ], [ -91.318827354999939, 14.192181486000038 ], [ -91.315920708999954, 14.195940239000038 ], [ -91.315362231999984, 14.197468317000073 ], [ -91.315800488999969, 14.199279079000064 ], [ -91.317388152999968, 14.201166842000077 ], [ -91.318550782999978, 14.202354524000043 ], [ -91.31883892799999, 14.203952955000034 ], [ -91.31920973199999, 14.206826381000042 ], [ -91.320175407999955, 14.207087369000021 ], [ -91.321373304999952, 14.208209760000045 ], [ -91.321946116999982, 14.211570418000065 ], [ -91.320740469999976, 14.214242971000033 ], [ -91.32019631199995, 14.21774943500003 ], [ -91.317762690999984, 14.219202190000033 ], [ -91.317840605999947, 14.222682515000031 ], [ -91.316855202999989, 14.223122978000049 ], [ -91.315419030999976, 14.222343468000076 ], [ -91.31436165599996, 14.222493053000051 ], [ -91.309089751999977, 14.224731215000077 ], [ -91.307899334999945, 14.225870659000066 ], [ -91.307873355999959, 14.227416030000029 ], [ -91.309420879999948, 14.229886544000067 ], [ -91.309432783999966, 14.231244640000057 ], [ -91.306112905999953, 14.234406001000025 ], [ -91.306239004999952, 14.235436134000054 ], [ -91.306945201999952, 14.236257979000072 ], [ -91.307022814999982, 14.237888819000034 ], [ -91.305373395999936, 14.23921591800007 ], [ -91.301718771999958, 14.240494854000076 ], [ -91.300337560999935, 14.240568628000062 ], [ -91.298136932999967, 14.241716628000063 ], [ -91.296596152999939, 14.243529110000054 ], [ -91.296841722999943, 14.246383570000035 ], [ -91.298676456999942, 14.250326051000059 ], [ -91.298271773999943, 14.253549832000033 ], [ -91.296971982999935, 14.255188910000072 ], [ -91.293167427999947, 14.26034289100005 ], [ -91.290237673999968, 14.263371175000032 ], [ -91.288242175999983, 14.268151633000059 ], [ -91.282913554999936, 14.271739877000073 ], [ -91.281775781999954, 14.272989112000062 ], [ -91.281964591999952, 14.274060370000029 ], [ -91.283383613999945, 14.275978792000046 ], [ -91.281734857999936, 14.285025429000029 ], [ -91.28003337499996, 14.287115648000054 ], [ -91.277263199999936, 14.286914850000073 ], [ -91.276360243999989, 14.287511610000024 ], [ -91.276022341999976, 14.288222048000023 ], [ -91.276393621999944, 14.290354354000044 ], [ -91.276572317999978, 14.292294334000076 ], [ -91.274784521999948, 14.295510256000057 ], [ -91.273562252999966, 14.296726058000047 ], [ -91.271103825999944, 14.29786282300006 ], [ -91.270253428999979, 14.299759168000037 ], [ -91.267433388999962, 14.301815145000035 ], [ -91.267248692999942, 14.305581563000032 ], [ -91.244906621999974, 14.301853293000022 ], [ -91.244259052999951, 14.301397740000027 ], [ -91.234906414999955, 14.300168249000023 ], [ -91.199629201999983, 14.29361345500007 ], [ -91.200068525999939, 14.290304414000047 ], [ -91.200610392999977, 14.289686029000052 ], [ -91.201497704999952, 14.286561125000048 ], [ -91.202060083999982, 14.282264488000067 ], [ -91.205107406999957, 14.268512644000054 ], [ -91.205890958999987, 14.26683975900005 ], [ -91.206776370999989, 14.261220343000048 ], [ -91.20859772099999, 14.254708677000053 ], [ -91.209797458999958, 14.246664912000028 ], [ -91.210445306999986, 14.245514049000064 ], [ -91.214897932999975, 14.224614406000057 ], [ -91.215701971999977, 14.222659174000057 ], [ -91.217137846999947, 14.214115463000041 ], [ -91.218307348999986, 14.210290953000026 ], [ -91.218189978999987, 14.208123224000076 ], [ -91.217008180999983, 14.207531472000028 ], [ -91.200850516999935, 14.205032399000061 ], [ -91.197198541999967, 14.204023169000038 ], [ -91.189778969999963, 14.203015916000027 ], [ -91.188858373999949, 14.20250283200005 ], [ -91.178932505999967, 14.201339572000052 ] ] ] ] } },
{ "type": "Feature", "properties": { "Codigo": 908, "datos_finales_color_riesgo": "620D00" }, "geometry": { "type": "MultiPolygon", "coordinates": [ [ [ [ -91.575274760999946, 14.922124952000047 ], [ -91.574343443999965, 14.920977996000033 ], [ -91.57354666399999, 14.919694035000077 ], [ -91.573357192999936, 14.918383351000045 ], [ -91.573494760999949, 14.917344740000033 ], [ -91.573785531999988, 14.916243813000051 ], [ -91.574535791999949, 14.914975139000035 ], [ -91.575327796999943, 14.913982406000059 ], [ -91.578152498999941, 14.912472402000049 ], [ -91.578788204999967, 14.912009718000036 ], [ -91.579467338999962, 14.911568769000041 ], [ -91.580095803999939, 14.910526419000064 ], [ -91.580264451999938, 14.909791927000072 ], [ -91.580445545999964, 14.908753578000074 ], [ -91.580344299999979, 14.907271704000038 ], [ -91.579475780999985, 14.90523483100003 ], [ -91.580148230999953, 14.902885502000061 ], [ -91.580411436999952, 14.899599241000033 ], [ -91.58037236499996, 14.898026232000063 ], [ -91.579807977999963, 14.897718803000032 ], [ -91.580500318999952, 14.897116357000073 ], [ -91.581332033999956, 14.896697810000035 ], [ -91.583080111999948, 14.896240865000038 ], [ -91.586317730999951, 14.894882428000074 ], [ -91.591529761999936, 14.891837897000073 ], [ -91.592668018999973, 14.891261880000059 ], [ -91.593893477999984, 14.890675089000069 ], [ -91.595098396999958, 14.889940154000044 ], [ -91.596521554999981, 14.88914214700003 ], [ -91.597333503999948, 14.888447727000027 ], [ -91.597783656999979, 14.887916053000026 ], [ -91.597978566999984, 14.886520727000061 ], [ -91.597731055999986, 14.885270709000054 ], [ -91.59475189799997, 14.879404271000055 ], [ -91.594330337999963, 14.877676379000036 ], [ -91.596145216999957, 14.878089727000031 ], [ -91.598176210999952, 14.879488497000068 ], [ -91.600001128999963, 14.880420488000027 ], [ -91.600744131999988, 14.880501853000055 ], [ -91.601689155999964, 14.880422876000068 ], [ -91.603520941999989, 14.879479295000067 ], [ -91.605093056999976, 14.878897937000033 ], [ -91.606380538999986, 14.879219868000064 ], [ -91.607227934999969, 14.879960562000065 ], [ -91.608679326999948, 14.881355725000049 ], [ -91.609578308999971, 14.88275092300006 ], [ -91.609640858999967, 14.884501477000072 ], [ -91.60945238499994, 14.885720599000024 ], [ -91.609562298999947, 14.886516696000058 ], [ -91.609922907999987, 14.886990041000047 ], [ -91.612697208999975, 14.887820356000077 ], [ -91.614851311999985, 14.890167704000078 ], [ -91.616461550999986, 14.89117623900006 ], [ -91.618098788999987, 14.89105052900004 ], [ -91.621624938999958, 14.890502303000062 ], [ -91.624304269999982, 14.89175900500004 ], [ -91.628414601999964, 14.895469311000056 ], [ -91.629493464999939, 14.897477915000024 ], [ -91.629269540999985, 14.900182642000061 ], [ -91.627858610999965, 14.904557 ], [ -91.627133531999959, 14.905389897000077 ], [ -91.625485576999949, 14.909474691000071 ], [ -91.622988727999939, 14.912649332000058 ], [ -91.621297422999987, 14.915035619000037 ], [ -91.620499263999989, 14.916203623000058 ], [ -91.620153616999971, 14.916653488000065 ], [ -91.619172065999976, 14.917697221000026 ], [ -91.618305925999948, 14.918134905000045 ], [ -91.616917773999944, 14.918434974000036 ], [ -91.615918068999974, 14.918407462000062 ], [ -91.615260391999982, 14.918226094000033 ], [ -91.614647740999942, 14.918090190000044 ], [ -91.614034807999985, 14.917998348000026 ], [ -91.613125881999963, 14.917948778000039 ], [ -91.612375738999958, 14.918053828000041 ], [ -91.611692267999956, 14.918271138000023 ], [ -91.610803033999957, 14.918774183000039 ], [ -91.60971043699999, 14.919098600000041 ], [ -91.607688527999983, 14.919019644000059 ], [ -91.605782193999971, 14.918676984000058 ], [ -91.604966333999982, 14.918340960000023 ], [ -91.604058977999955, 14.918048441000053 ], [ -91.602992318999952, 14.917864543000064 ], [ -91.601583344999938, 14.917878534000067 ], [ -91.600512830999946, 14.918291171000021 ], [ -91.599920844999986, 14.918464938000056 ], [ -91.59901107099995, 14.918547499000056 ], [ -91.59733178, 14.918227628000068 ], [ -91.596558675999972, 14.917840993000027 ], [ -91.595090611999979, 14.917560819000073 ], [ -91.591243353999971, 14.917740542000047 ], [ -91.587727226999959, 14.918369670000061 ], [ -91.584253712999953, 14.920297217000041 ], [ -91.582697917999951, 14.921348522000073 ], [ -91.57967161299996, 14.922578249000026 ], [ -91.577124263999963, 14.922798559000057 ], [ -91.575274760999946, 14.922124952000047 ] ] ] ] } },
{ "type": "Feature", "properties": { "Codigo": 1327, "datos_finales_color_riesgo": "620D00" }, "geometry": { "type": "MultiPolygon", "coordinates": [ [ [ [ -91.171275539999954, 15.386463914000046 ], [ -91.169889438999974, 15.384329970000067 ], [ -91.167550450999954, 15.379860036000025 ], [ -91.163326317999974, 15.373233924000033 ], [ -91.161659345999965, 15.370222176000027 ], [ -91.159053581999956, 15.366205215000036 ], [ -91.157967208999935, 15.362513699000033 ], [ -91.160148932999959, 15.359785637000073 ], [ -91.162803272999952, 15.357186828000067 ], [ -91.166994388999967, 15.35276725500006 ], [ -91.174133737999966, 15.343222922000052 ], [ -91.176951391999978, 15.332689629000072 ], [ -91.179137594999986, 15.327360953000039 ], [ -91.180170982999982, 15.325303288000043 ], [ -91.181037941999989, 15.323577503000024 ], [ -91.181625554999982, 15.321849438000072 ], [ -91.182248398999945, 15.318534529000033 ], [ -91.182752193999988, 15.305411198000058 ], [ -91.184604942999954, 15.296107916000039 ], [ -91.186759748999975, 15.288938664000057 ], [ -91.18822789099994, 15.285413667000057 ], [ -91.191639374999966, 15.286035445000039 ], [ -91.19522290499998, 15.285254419000069 ], [ -91.199723337999956, 15.282579522000049 ], [ -91.202365368999949, 15.281246310000029 ], [ -91.204840917999945, 15.280327438000029 ], [ -91.206260947999965, 15.280433710000068 ], [ -91.208080432999964, 15.281670556000051 ], [ -91.208796741999947, 15.283518742000069 ], [ -91.209226285999989, 15.28412202100003 ], [ -91.20984770299998, 15.284605962000057 ], [ -91.21066224499998, 15.284754811000028 ], [ -91.214095838999981, 15.284494171000063 ], [ -91.218234560999974, 15.284660453000072 ], [ -91.224742201999959, 15.285722071000066 ], [ -91.231107745999964, 15.284934262000036 ], [ -91.232587007999939, 15.283742859000029 ], [ -91.233349874999988, 15.281587842000022 ], [ -91.238029104999953, 15.281552419000036 ], [ -91.24122956299999, 15.27867999700004 ], [ -91.242750325999964, 15.277314875000059 ], [ -91.24384758399998, 15.276145241000052 ], [ -91.246094123999967, 15.275243298000078 ], [ -91.249478704999945, 15.271754247000047 ], [ -91.250466340999935, 15.27130670400004 ], [ -91.254773956999941, 15.270942662000039 ], [ -91.257743467999944, 15.269217040000058 ], [ -91.265038690999972, 15.269866731000036 ], [ -91.270054693999953, 15.268544256000041 ], [ -91.273055711999973, 15.268356157000028 ], [ -91.273591558999954, 15.268361415000072 ], [ -91.274024000999987, 15.268631351000067 ], [ -91.274517665999952, 15.269099453000024 ], [ -91.274607731999936, 15.269968873000039 ], [ -91.274140394999961, 15.271119808000037 ], [ -91.274341644999936, 15.271698627000035 ], [ -91.274727464999955, 15.272049541000058 ], [ -91.275410888999943, 15.272438894000061 ], [ -91.276222103999942, 15.272641703000033 ], [ -91.279222453999978, 15.272828576000052 ], [ -91.279841292999947, 15.273362022000072 ], [ -91.280351743999972, 15.273914968000042 ], [ -91.28182799199999, 15.274983683000073 ], [ -91.282209429999966, 15.327118108000036 ], [ -91.282457176999969, 15.328495965000059 ], [ -91.282748226999956, 15.329275424000059 ], [ -91.283253183999989, 15.330018119000044 ], [ -91.286886533999962, 15.332480496000073 ], [ -91.288533824999945, 15.334324352000067 ], [ -91.289255930999957, 15.335995042000036 ], [ -91.289036249999981, 15.339171157000067 ], [ -91.28778896099999, 15.342448965000074 ], [ -91.286812316999942, 15.34458221400007 ], [ -91.286660964999953, 15.346082399000068 ], [ -91.286783817999947, 15.347290972000053 ], [ -91.286896685999977, 15.348082615000067 ], [ -91.287369205999937, 15.348455651000052 ], [ -91.28840252699996, 15.348583331000043 ], [ -91.289135471999941, 15.348499709000066 ], [ -91.290372184999967, 15.348311499000033 ], [ -91.292350325999962, 15.347712108000053 ], [ -91.303140123999981, 15.342993283000055 ], [ -91.304880994999962, 15.342646147000039 ], [ -91.306810429999985, 15.34244615800003 ], [ -91.311062079999942, 15.34234960200007 ], [ -91.315641851999942, 15.341984315000047 ], [ -91.322455469999966, 15.342001763000042 ], [ -91.325357430999986, 15.342473187000053 ], [ -91.331652520999967, 15.345927542000027 ], [ -91.340290103999962, 15.347331817000054 ], [ -91.352507315999958, 15.347604284000056 ], [ -91.359088114999963, 15.346688024000059 ], [ -91.36319838199995, 15.34690236800003 ], [ -91.367839077999975, 15.348898706000057 ], [ -91.374771679999981, 15.354425114000037 ], [ -91.374907243999985, 15.355637165000076 ], [ -91.375545177999982, 15.358053778000055 ], [ -91.378183245999935, 15.36409894600007 ], [ -91.38147178, 15.373456659000055 ], [ -91.381223614999953, 15.379884124000057 ], [ -91.378882239999939, 15.387681385000064 ], [ -91.37462401099998, 15.394419608000078 ], [ -91.370883815999946, 15.397776879000048 ], [ -91.368225172999985, 15.400332013000025 ], [ -91.364475839999955, 15.402969462000044 ], [ -91.356915382999944, 15.409626453000044 ], [ -91.35440399099997, 15.412223146000031 ], [ -91.351315537999938, 15.414887823000072 ], [ -91.347943062999946, 15.418703766000021 ], [ -91.345127279999986, 15.421841456000038 ], [ -91.341522749999967, 15.426619186000039 ], [ -91.339821582999946, 15.431848281000043 ], [ -91.339527389999944, 15.435011499000041 ], [ -91.339897358999963, 15.443261074000077 ], [ -91.341424372999938, 15.451309183000035 ], [ -91.341410697999947, 15.454566003000025 ], [ -91.340773517999935, 15.459473163000041 ], [ -91.33822405699999, 15.467539293000073 ], [ -91.336920616999976, 15.471838168000033 ], [ -91.335873478999986, 15.473940569000035 ], [ -91.335126422999963, 15.475733426000033 ], [ -91.334794373999955, 15.477196141000036 ], [ -91.334293036999952, 15.47972401100003 ], [ -91.335038345999976, 15.484413327000027 ], [ -91.336225901999967, 15.487122227000043 ], [ -91.337844641999936, 15.490909835000025 ], [ -91.339078564999966, 15.494093545000055 ], [ -91.34026708, 15.497278041000072 ], [ -91.340678941999954, 15.501214728000036 ], [ -91.340611859999967, 15.503925492000064 ], [ -91.338361204999956, 15.510958992000042 ], [ -91.338147902999935, 15.51359069800003 ], [ -91.335929304999979, 15.517688326000041 ], [ -91.335530420999987, 15.519700689000047 ], [ -91.334420749999936, 15.521716723000054 ], [ -91.331012490999967, 15.527821796000069 ], [ -91.32480557599996, 15.533946230000026 ], [ -91.319628836999982, 15.537713883000038 ], [ -91.319528427999956, 15.463392350000049 ], [ -91.318919860999983, 15.461436762000062 ], [ -91.318100528999935, 15.459763126000041 ], [ -91.317344290999984, 15.458138543000075 ], [ -91.316355099999953, 15.455866007000054 ], [ -91.313990995999973, 15.449478866000049 ], [ -91.31334616099997, 15.44798503800007 ], [ -91.309196297999961, 15.438345466000044 ], [ -91.308155042999942, 15.435978747000036 ], [ -91.305241708999972, 15.428651983000066 ], [ -91.291752420999956, 15.418265127000041 ], [ -91.27836111199997, 15.408166394000034 ], [ -91.254013978999978, 15.389187934000063 ], [ -91.240460861999964, 15.379325460000075 ], [ -91.231111511999984, 15.380144915000074 ], [ -91.227057388999981, 15.380556612000078 ], [ -91.224262356999986, 15.38091163200005 ], [ -91.202591344999973, 15.383257899000057 ], [ -91.199659086999986, 15.383588900000063 ], [ -91.171275539999954, 15.386463914000046 ] ] ] ] } },
{ "type": "Feature", "properties": { "Codigo": 1501, "datos_finales_color_riesgo": "620D00" }, "geometry": { "type": "MultiPolygon", "coordinates": [ [ [ [ -89.997155954999982, 15.139881798000033 ], [ -89.999513276999949, 15.138477335000061 ], [ -90.000165599999946, 15.138119151000069 ], [ -90.021468623999965, 15.128376353000021 ], [ -90.027460799999972, 15.124037121000072 ], [ -90.029857294999942, 15.122340425000061 ], [ -90.039439700999935, 15.115742914000066 ], [ -90.041254188999972, 15.114357898000037 ], [ -90.043195009999977, 15.112784872000077 ], [ -90.044635290999963, 15.11177759900005 ], [ -90.046332962999941, 15.110474536000027 ], [ -90.049347630999989, 15.108419913000034 ], [ -90.056504880999967, 15.110303566000027 ], [ -90.059763029999942, 15.110516424000025 ], [ -90.064323243999979, 15.11106335900007 ], [ -90.06834639799996, 15.112855143000047 ], [ -90.070987558999946, 15.113409790000048 ], [ -90.074655357999973, 15.112821748000044 ], [ -90.076638649999893, 15.113730179000072 ], [ -90.088187455999957, 15.114785758000039 ], [ -90.093879424999955, 15.114418765000039 ], [ -90.097305675999962, 15.114418771000032 ], [ -90.102281717999972, 15.114659863000043 ], [ -90.105447767999976, 15.117009015000065 ], [ -90.106902166999987, 15.117559348000043 ], [ -90.108933612999977, 15.117504068000073 ], [ -90.11041038799999, 15.116661615000055 ], [ -90.114928875999965, 15.113539251000077 ], [ -90.11964227499999, 15.111506387000077 ], [ -90.121909432999985, 15.110944852000046 ], [ -90.127414678999969, 15.110765391000029 ], [ -90.131152703999987, 15.111389737000025 ], [ -90.133788523999954, 15.111670407000076 ], [ -90.141360935999955, 15.112935862000029 ], [ -90.14984468099999, 15.113408775000039 ], [ -90.152009561999989, 15.114370818000054 ], [ -90.154150146999939, 15.116110368000022 ], [ -90.155279568999958, 15.117819114000042 ], [ -90.156082679999898, 15.119249420000074 ], [ -90.157248850999963, 15.120731708000051 ], [ -90.160201792999942, 15.122738835000064 ], [ -90.163293287999977, 15.123290218000022 ], [ -90.175300486999959, 15.126803824000035 ], [ -90.186754401999963, 15.127499983000064 ], [ -90.187973689999978, 15.127091809000035 ], [ -90.191374001999975, 15.124596221000047 ], [ -90.192786680999973, 15.122694549000073 ], [ -90.19475883299998, 15.120842710000034 ], [ -90.196498431999942, 15.120014194000078 ], [ -90.197878769999988, 15.119815684000059 ], [ -90.199388164999959, 15.119701181000039 ], [ -90.20172996299999, 15.120050826000067 ], [ -90.206395377999968, 15.119878250000056 ], [ -90.209831032999944, 15.118344653000065 ], [ -90.214567131999956, 15.115072594000026 ], [ -90.21807827799995, 15.113889766000057 ], [ -90.219896995999989, 15.113713442000062 ], [ -90.223445817999959, 15.112757911000074 ], [ -90.227241006999975, 15.113812690000032 ], [ -90.234060333999935, 15.11351012700004 ], [ -90.237610728999982, 15.112700024000048 ], [ -90.23970892899996, 15.111491658000034 ], [ -90.241404429999989, 15.109654016000036 ], [ -90.243452088999959, 15.103897354000026 ], [ -90.245426368999972, 15.103052075000051 ], [ -90.247747149999952, 15.104399010000066 ], [ -90.249884649999956, 15.104279371000075 ], [ -90.255197615999975, 15.098103851000076 ], [ -90.257498258999988, 15.096496934000072 ], [ -90.259758060999957, 15.095896578000065 ], [ -90.26186291, 15.096369153000069 ], [ -90.263617379999971, 15.097296984000025 ], [ -90.264842209999983, 15.097977919000073 ], [ -90.267047218999949, 15.099208107000038 ], [ -90.271619093999959, 15.099557969000045 ], [ -90.275931794999963, 15.098909943000024 ], [ -90.280538239999942, 15.099103107000076 ], [ -90.283079143999942, 15.098056534000023 ], [ -90.286078568999983, 15.095402030000059 ], [ -90.287012655999945, 15.093270310000037 ], [ -90.28711614599996, 15.091572342000063 ], [ -90.284521026999982, 15.087291511000046 ], [ -90.283745293999971, 15.084050894000029 ], [ -90.283789635999938, 15.081612697000025 ], [ -90.284392195999942, 15.079412649000062 ], [ -90.28592013299999, 15.076765296000076 ], [ -90.287220955999942, 15.073881492000055 ], [ -90.288280411999949, 15.069960585000047 ], [ -90.288509029999943, 15.061820644000022 ], [ -90.289002669999945, 15.058897802000047 ], [ -90.28975305099999, 15.057353201000069 ], [ -90.290786006999951, 15.055145835000076 ], [ -90.29153467399999, 15.053734434000035 ], [ -90.292472460999988, 15.051837535000061 ], [ -90.293487436999953, 15.04976090200006 ], [ -90.294183822999969, 15.042410049000068 ], [ -90.292313331999935, 15.039096563000044 ], [ -90.289823546999969, 15.035792617000027 ], [ -90.287756078999962, 15.033273867000048 ], [ -90.28346609, 15.028611581000064 ], [ -90.280737784999985, 15.025310363000074 ], [ -90.279374244999985, 15.022536924000065 ], [ -90.278503997999962, 15.020577779000064 ], [ -90.277996839999958, 15.01733136200005 ], [ -90.276482782999949, 15.014295305000076 ], [ -90.274927414999979, 15.013328278000074 ], [ -90.27241688099997, 15.013301565000063 ], [ -90.263572642999975, 15.014773688000048 ], [ -90.259970214999953, 15.014562080000076 ], [ -90.257490584999971, 15.014299607000055 ], [ -90.250749955999936, 15.013053058000025 ], [ -90.249268034999943, 15.012440144000038 ], [ -90.246687392999945, 15.009640567000076 ], [ -90.244041164999942, 15.001588006000077 ], [ -90.242928564999943, 14.998812961000056 ], [ -90.24162845799998, 14.995625812000071 ], [ -90.237190809999959, 14.989665022000054 ], [ -90.235137088999977, 14.985660343000063 ], [ -90.23392071699999, 14.982161459000054 ], [ -90.23148750699994, 14.978730210000037 ], [ -90.231525912999984, 14.977956179000046 ], [ -90.230050293999966, 14.975747979000062 ], [ -90.23065493699994, 14.974608257000057 ], [ -90.242575829999964, 14.966141793000077 ], [ -90.246067555999957, 14.964178851000042 ], [ -90.262322241999982, 14.952164067000069 ], [ -90.282764886999985, 14.938032168000063 ], [ -90.288839383999971, 14.933448119000047 ], [ -90.293978042999981, 14.930227984000055 ], [ -90.297583162999956, 14.927197331000059 ], [ -90.298374599999988, 14.927004584000031 ], [ -90.302373725999985, 14.923935588000063 ], [ -90.304078951999941, 14.92328051800007 ], [ -90.317498246999946, 14.913347762000058 ], [ -90.318288219999943, 14.912050678000071 ], [ -90.318972339999959, 14.91086186900003 ], [ -90.319250128999954, 14.910370586000056 ], [ -90.319651423999971, 14.90965718800004 ], [ -90.32041086199996, 14.908385703000022 ], [ -90.320691838999949, 14.907870744000036 ], [ -90.320875107999939, 14.907416739000041 ], [ -90.321045992999984, 14.906556119000072 ], [ -90.321067719999974, 14.905738916000075 ], [ -90.320763519999957, 14.904894189000061 ], [ -90.320420007999985, 14.904411437000022 ], [ -90.319799261999947, 14.903719943000056 ], [ -90.319415981999953, 14.90321414400006 ], [ -90.319025871999941, 14.902369539000063 ], [ -90.319057224999938, 14.901712779000036 ], [ -90.319424418999972, 14.900704292000057 ], [ -90.319649311999967, 14.900123187000077 ], [ -90.319602258999964, 14.899281470000062 ], [ -90.319470686999978, 14.898795552000024 ], [ -90.318545311999969, 14.898187434000022 ], [ -90.317678159999957, 14.897987593000039 ], [ -90.31667164299995, 14.897931765000067 ], [ -90.315986926999983, 14.897766800000056 ], [ -90.31538339299999, 14.897515844000054 ], [ -90.314962850999962, 14.89725461300003 ], [ -90.314521324999987, 14.896859903000063 ], [ -90.313764928999944, 14.896015512000076 ], [ -90.313084482999955, 14.895507348000024 ], [ -90.311988765999956, 14.895249482000054 ], [ -90.311176585999988, 14.895206076000022 ], [ -90.310571270999958, 14.895099610000045 ], [ -90.310082422999983, 14.894870313000069 ], [ -90.30929867499998, 14.894360924000068 ], [ -90.308719196999959, 14.893997329000058 ], [ -90.30810784, 14.893489965000072 ], [ -90.307575189999966, 14.893049013000052 ], [ -90.307179258999952, 14.892677408000054 ], [ -90.306681684999944, 14.892170251000039 ], [ -90.305939700999943, 14.891104714000051 ], [ -90.305445179999936, 14.890352581000059 ], [ -90.304867816999945, 14.889867061000075 ], [ -90.304207561999988, 14.889558961000034 ], [ -90.303571492999936, 14.889173237000023 ], [ -90.303315354999938, 14.888624882000045 ], [ -90.303289956999947, 14.887866975000065 ], [ -90.303517567999961, 14.88706914200003 ], [ -90.303882166999983, 14.886271792000059 ], [ -90.303812512999968, 14.885664659000042 ], [ -90.304328385999952, 14.885352332000025 ], [ -90.305240945999969, 14.884462064000047 ], [ -90.305659833999982, 14.883779383000046 ], [ -90.30582633299997, 14.883226966000052 ], [ -90.305994469999973, 14.882542465000029 ], [ -90.306139403999964, 14.881856562000053 ], [ -90.306308928999954, 14.881060300000058 ], [ -90.306475420999959, 14.880507881000028 ], [ -90.30682746399998, 14.879691179000076 ], [ -90.307268140999952, 14.879075365000062 ], [ -90.308118887999967, 14.878532109000048 ], [ -90.308735748999936, 14.878406119000033 ], [ -90.309603632999938, 14.878305656000066 ], [ -90.310902264999982, 14.878342344000032 ], [ -90.311677112999973, 14.87839546400005 ], [ -90.312361618999944, 14.878338004000057 ], [ -90.312775530999943, 14.878053811000029 ], [ -90.313286872999981, 14.877261545000067 ], [ -90.313566273999982, 14.876777055000048 ], [ -90.314234735999946, 14.876186474000065 ], [ -90.314716289999978, 14.875970814000027 ], [ -90.315401982999958, 14.875863675000062 ], [ -90.316130897999983, 14.875875596000071 ], [ -90.316836418999969, 14.87599563200007 ], [ -90.318585740999936, 14.876481278000028 ], [ -90.319904297999983, 14.876784609000026 ], [ -90.320927911999945, 14.876952385000038 ], [ -90.321952945999953, 14.87705242800007 ], [ -90.322771931999966, 14.877151192000042 ], [ -90.323592319999989, 14.877183351000042 ], [ -90.324162537999939, 14.877167425000039 ], [ -90.324848202999988, 14.877109938000046 ], [ -90.325533518999976, 14.876939538000045 ], [ -90.326491005999969, 14.876963124000042 ], [ -90.32771338799995, 14.877629988000024 ], [ -90.329006333999985, 14.878176856000039 ], [ -90.329845543999966, 14.87851971300006 ], [ -90.330526524999982, 14.87874894600003 ], [ -90.331504894999966, 14.878916150000066 ], [ -90.33225626699999, 14.878991512000027 ], [ -90.332963189999987, 14.878999737000072 ], [ -90.33364663499998, 14.879029139000068 ], [ -90.33464982299995, 14.879019351000068 ], [ -90.33535892499998, 14.878850326000077 ], [ -90.335840486999984, 14.878633491000073 ], [ -90.336602204999963, 14.877866650000044 ], [ -90.336997229999952, 14.877227651000055 ], [ -90.337486394999985, 14.876391025000032 ], [ -90.337811872999964, 14.875884450000058 ], [ -90.338526906999959, 14.875183676000063 ], [ -90.339043765999975, 14.874927721000063 ], [ -90.33996018, 14.874561235000044 ], [ -90.340463392999936, 14.87442367400007 ], [ -90.341114395999966, 14.874304764000044 ], [ -90.341752243999963, 14.874312158000066 ], [ -90.342343741999969, 14.87440708400004 ], [ -90.343367421999972, 14.874618797000039 ], [ -90.343935193999982, 14.874802643000066 ], [ -90.34468624699997, 14.87495135100005 ], [ -90.345280386999946, 14.874878061000061 ], [ -90.34627915499999, 14.874327326000071 ], [ -90.34707020899998, 14.87386338500005 ], [ -90.347621034999975, 14.87358183300006 ], [ -90.348445774999959, 14.87325828400003 ], [ -90.349107376999939, 14.873221895000029 ], [ -90.349609191999946, 14.873245760000032 ], [ -90.350246721999952, 14.873279098000069 ], [ -90.350747682999952, 14.873372956000026 ], [ -90.351611682999987, 14.873494715000049 ], [ -90.353889831999936, 14.873654248000037 ], [ -90.354790614999956, 14.873663511000075 ], [ -90.355441147999954, 14.873582942000041 ], [ -90.356173353999964, 14.873326040000052 ], [ -90.357135594999988, 14.872960006000028 ], [ -90.35814391599996, 14.872527882000043 ], [ -90.35883112099998, 14.87224787100007 ], [ -90.359289739999952, 14.872053298000026 ], [ -90.359862114999942, 14.871860035000054 ], [ -90.360364644999947, 14.871777747000067 ], [ -90.361049212999944, 14.871761912000068 ], [ -90.361864706999938, 14.872149548000039 ], [ -90.363016185999982, 14.873071732000028 ], [ -90.363796888999957, 14.873600103000058 ], [ -90.364396839999984, 14.873908474000075 ], [ -90.365171135999958, 14.873961406000035 ], [ -90.365790174999972, 14.873702045000073 ], [ -90.366593562999981, 14.873223489000054 ], [ -90.367097984999987, 14.872985390000053 ], [ -90.367990917999975, 14.872685130000036 ], [ -90.36924376799999, 14.87276612200003 ], [ -90.369905647999985, 14.872707095000067 ], [ -90.37043511, 14.872270550000053 ], [ -90.371102364999956, 14.871767833000035 ], [ -90.371583063999935, 14.871618651000063 ], [ -90.372608409999941, 14.871695889000023 ], [ -90.373449837999942, 14.87186134500007 ], [ -90.374379987999987, 14.872226540000042 ], [ -90.375695427999972, 14.872796 ], [ -90.376670891999936, 14.873206871000036 ], [ -90.377239507999946, 14.87332402800007 ], [ -90.378285845999983, 14.873490683000057 ], [ -90.379080422999948, 14.873787694000043 ], [ -90.380174484999941, 14.873800194000069 ], [ -90.380699961999937, 14.873740706000035 ], [ -90.381180900999937, 14.873523759000022 ], [ -90.381753800999945, 14.873286407000023 ], [ -90.382279821999987, 14.873181757000054 ], [ -90.383237179999981, 14.87317009800006 ], [ -90.384923070999946, 14.873301112000036 ], [ -90.385858599999949, 14.873222576000046 ], [ -90.387203127999953, 14.873260479000066 ], [ -90.387975615999949, 14.87351317200006 ], [ -90.388699946999964, 14.873908715000027 ], [ -90.389746613999989, 14.874097907000078 ], [ -90.390502015999971, 14.873841153000058 ], [ -90.391372829999966, 14.873496511000042 ], [ -90.391852959999937, 14.873346150000032 ], [ -90.392741076999982, 14.873445450000077 ], [ -90.393716870999981, 14.873832546000074 ], [ -90.394349993999981, 14.874283495000043 ], [ -90.394753917999935, 14.874630213000046 ], [ -90.395612211999946, 14.875473273000068 ], [ -90.395971127999985, 14.87594255700003 ], [ -90.396307450999984, 14.876456748000066 ], [ -90.396415356999967, 14.876945766000063 ], [ -90.396599225999978, 14.878699158000074 ], [ -90.396657862999973, 14.879520714000023 ], [ -90.396786860999953, 14.880187245000059 ], [ -90.397078404999945, 14.880611728000076 ], [ -90.397984138999959, 14.881132383000022 ], [ -90.398506142999963, 14.881315586000028 ], [ -90.399182445999941, 14.881944291000025 ], [ -90.39978499099999, 14.883059949000028 ], [ -90.400118095999972, 14.883795417000044 ], [ -90.40058628, 14.884643071000028 ], [ -90.400897807999968, 14.885290220000059 ], [ -90.401588575999938, 14.886650773000042 ], [ -90.401966219999963, 14.887497400000029 ], [ -90.402355029999967, 14.889253121000024 ], [ -90.402454235999983, 14.890517764000037 ], [ -90.402422284999943, 14.891294256000037 ], [ -90.402347942999938, 14.891781205000029 ], [ -90.402016192999952, 14.892819649000046 ], [ -90.401918681999973, 14.893350373000033 ], [ -90.401797410999961, 14.89392599100006 ], [ -90.401945611999963, 14.894880674000035 ], [ -90.402099661999955, 14.89534763100005 ], [ -90.402797891999967, 14.896088368000051 ], [ -90.403295972999956, 14.896381950000034 ], [ -90.403833211999938, 14.897186349000037 ], [ -90.404098172999966, 14.897942494000063 ], [ -90.404479763999973, 14.898413161000065 ], [ -90.404839839999966, 14.898838414000068 ], [ -90.405246251999984, 14.899176118000071 ], [ -90.406150768999964, 14.899806271000045 ], [ -90.406758905999936, 14.900412739000046 ], [ -90.40722958799995, 14.901104595000049 ], [ -90.407833011999969, 14.902153635000047 ], [ -90.408008111999948, 14.902755197000033 ], [ -90.408068648999972, 14.903420955000058 ], [ -90.407992714999978, 14.904041129000063 ], [ -90.407870663999972, 14.904682235000053 ], [ -90.407743607999976, 14.905789623000032 ], [ -90.407749520999971, 14.907186452000076 ], [ -90.407850601999939, 14.908296427000039 ], [ -90.408048287999975, 14.908951314000035 ], [ -90.408359929999961, 14.909544263000043 ], [ -90.40879388899998, 14.91010471900006 ], [ -90.409111818999975, 14.911094070000047 ], [ -90.413559500999952, 14.911360057000024 ], [ -90.416222850999986, 14.912126356000044 ], [ -90.42034556499999, 14.91218755400007 ], [ -90.422591114999989, 14.914497157000028 ], [ -90.424466963999976, 14.914701208000054 ], [ -90.42512170599997, 14.914326921000054 ], [ -90.426498925999965, 14.913496670000029 ], [ -90.427181041999972, 14.913163334000046 ], [ -90.428001427999959, 14.91257861400004 ], [ -90.428405249999969, 14.911869519000049 ], [ -90.428513108999937, 14.911343412000065 ], [ -90.428996069999982, 14.910667948000025 ], [ -90.429586833999963, 14.91039906900005 ], [ -90.43016440599996, 14.910263281000027 ], [ -90.430756914999961, 14.910189763000062 ], [ -90.43130806399995, 14.910078516000056 ], [ -90.431805906999955, 14.910007319000044 ], [ -90.432498347999967, 14.909829905000038 ], [ -90.43310756599999, 14.912165092000066 ], [ -90.435508762999973, 14.915121092000049 ], [ -90.43588065199998, 14.916076026000042 ], [ -90.437245492999978, 14.917415843000072 ], [ -90.448934617999953, 14.927705769000056 ], [ -90.450002153999947, 14.928960910000058 ], [ -90.451842277999958, 14.931373044000054 ], [ -90.453583783999989, 14.933878922000076 ], [ -90.455788348999988, 14.938781568000024 ], [ -90.456147604999956, 14.941607409000028 ], [ -90.455730503999973, 14.947829098000057 ], [ -90.45449574099996, 14.956653467000024 ], [ -90.453684111999962, 14.958748080000078 ], [ -90.452109047999954, 14.964947779000056 ], [ -90.450594593999938, 14.970383671000036 ], [ -90.448821288999966, 14.974471789000063 ], [ -90.447127378999937, 14.980674592000071 ], [ -90.446243361999962, 14.98204905700004 ], [ -90.445417803999987, 14.984907909000071 ], [ -90.445564841999953, 14.988423553000075 ], [ -90.446238394999966, 14.98927234100006 ], [ -90.451485361999971, 14.994878777000054 ], [ -90.452462953999941, 14.995513024000047 ], [ -90.449703265999972, 14.995816363000074 ], [ -90.442001781999977, 14.998024435000048 ], [ -90.44035658699994, 14.999021065000022 ], [ -90.43963568099997, 15.000783496000054 ], [ -90.439167871999985, 15.002265349000027 ], [ -90.438820336999981, 15.004182155000024 ], [ -90.438239659999965, 15.005239294000035 ], [ -90.437507252999978, 15.00693947600007 ], [ -90.437032004999935, 15.008701272000053 ], [ -90.436401949999947, 15.009415709000052 ], [ -90.435282421999943, 15.010015098000054 ], [ -90.43430405099997, 15.009981479000032 ], [ -90.433638876999964, 15.009841864000066 ], [ -90.433021875999941, 15.009510830000067 ], [ -90.430782121999982, 15.007997309000075 ], [ -90.428374691999977, 15.005790825000076 ], [ -90.426639530999978, 15.004783192000048 ], [ -90.426696192999941, 15.002330169000061 ], [ -90.426419282999973, 15.000909942000021 ], [ -90.425571359999935, 14.998329256000034 ], [ -90.424045477999982, 14.997167026000056 ], [ -90.416102598999942, 14.995908331000066 ], [ -90.409020829999974, 14.993524382000032 ], [ -90.402740707999953, 14.992395952000038 ], [ -90.399167429999977, 14.992693907000046 ], [ -90.39420150899997, 14.996144223000044 ], [ -90.39251623499996, 14.99717615000003 ], [ -90.390627101999939, 14.998780451000073 ], [ -90.390099822999957, 15.001738377000038 ], [ -90.390663982999968, 15.001867921000041 ], [ -90.389254254999969, 15.003832247000048 ], [ -90.387583703999951, 15.00598777700003 ], [ -90.386379888999954, 15.007350357000064 ], [ -90.385406469999964, 15.008537177000051 ], [ -90.384293807999939, 15.009900790000074 ], [ -90.383727226999952, 15.010922906000076 ], [ -90.383242909999979, 15.011819505000062 ], [ -90.382482781999954, 15.013088928000059 ], [ -90.382075676999989, 15.013892695000038 ], [ -90.381329364999942, 15.015171301000066 ], [ -90.380460901999982, 15.017653273000064 ], [ -90.37830242299998, 15.021931470000027 ], [ -90.376752501999988, 15.023843251000073 ], [ -90.375731424999969, 15.024783310000032 ], [ -90.374889572999962, 15.02560236000005 ], [ -90.373105724999959, 15.026925393000056 ], [ -90.371996388999946, 15.027670202000024 ], [ -90.371448486999952, 15.028106476000062 ], [ -90.369705192999959, 15.028676828000073 ], [ -90.367748492999965, 15.028648521000036 ], [ -90.364457149999964, 15.027937414000064 ], [ -90.363113701999964, 15.028018931000076 ], [ -90.362031441999989, 15.02835413400004 ], [ -90.360996272999955, 15.028827626000066 ], [ -90.359959574999948, 15.029661282000063 ], [ -90.358944477999955, 15.03105183100007 ], [ -90.35832131899997, 15.032926802000077 ], [ -90.357843980999974, 15.034564096000054 ], [ -90.357161718999976, 15.043259281000076 ], [ -90.356932581999956, 15.050251397000068 ], [ -90.357471362999945, 15.054894894000029 ], [ -90.357157288999986, 15.080093882000028 ], [ -90.357682623999949, 15.088360504000036 ], [ -90.35738663799998, 15.091808704000073 ], [ -90.356802898999945, 15.093011151000042 ], [ -90.35623906699999, 15.094247701000029 ], [ -90.355793233999975, 15.094963985000049 ], [ -90.355540961999964, 15.096238047000043 ], [ -90.355869193999979, 15.103940064000028 ], [ -90.356219010999951, 15.106943034000039 ], [ -90.356391685999938, 15.109938288000023 ], [ -90.356533345999935, 15.111074685000062 ], [ -90.356922730999941, 15.112854180000056 ], [ -90.357197754999959, 15.116453568000054 ], [ -90.357642824999971, 15.120727887000044 ], [ -90.358747600999948, 15.124150678000035 ], [ -90.358919607999951, 15.124996125000052 ], [ -90.359225485999957, 15.126153638000062 ], [ -90.359577778999949, 15.127223625000056 ], [ -90.359833907999985, 15.128691058000072 ], [ -90.360128762999977, 15.13069187900004 ], [ -90.360449593999988, 15.133176259000038 ], [ -90.360782793999988, 15.136914080000054 ], [ -90.361631134999982, 15.140589051000063 ], [ -90.363724545999958, 15.145570264000071 ], [ -90.366300742999954, 15.148415202000024 ], [ -90.367827574999978, 15.149687456000038 ], [ -90.368515560999981, 15.150125671000069 ], [ -90.369861662999938, 15.151068366000061 ], [ -90.373630680999952, 15.153021607000028 ], [ -90.375217973999952, 15.15401676700003 ], [ -90.376903744999936, 15.155087585000047 ], [ -90.377939074999972, 15.155690151000044 ], [ -90.380523312999969, 15.158049546000029 ], [ -90.381483628999945, 15.159600811000075 ], [ -90.38124352899996, 15.163851386000033 ], [ -90.38004430699999, 15.167204456000036 ], [ -90.379519691999974, 15.16836021000006 ], [ -90.37821620599999, 15.170311953000066 ], [ -90.374977828999988, 15.173842218000061 ], [ -90.37433290499996, 15.174381187000051 ], [ -90.372989881999956, 15.175527374000069 ], [ -90.371967837999989, 15.176617455000041 ], [ -90.370383463999985, 15.178145827000037 ], [ -90.36389434199998, 15.182969102000072 ], [ -90.359778158999973, 15.187819997000076 ], [ -90.358366225999987, 15.189818857000034 ], [ -90.355945557999974, 15.192057636000072 ], [ -90.353746054999988, 15.193759281000041 ], [ -90.350973898999939, 15.195786106000071 ], [ -90.34782830599994, 15.199127255000064 ], [ -90.344770693999976, 15.202398249000055 ], [ -90.342185743999948, 15.204409081000051 ], [ -90.340611908999961, 15.205944078000073 ], [ -90.337927520999983, 15.208598373000029 ], [ -90.334984710999947, 15.212055716000066 ], [ -90.334322487999941, 15.213721144000033 ], [ -90.333610399999941, 15.223501730000066 ], [ -90.333613656999944, 15.231089113000053 ], [ -90.330280712999979, 15.232667448000029 ], [ -90.326864550999971, 15.232867276000036 ], [ -90.325242940999942, 15.23208358100004 ], [ -90.320865194999953, 15.229428889000076 ], [ -90.319070435999947, 15.228548248000038 ], [ -90.316842926999982, 15.227545002000056 ], [ -90.314152886999977, 15.226979923000044 ], [ -90.312359409999942, 15.226048444000071 ], [ -90.311091733999945, 15.225056636000033 ], [ -90.309153914999968, 15.222858870000039 ], [ -90.306437937999988, 15.220546763000073 ], [ -90.305031889999952, 15.219879565000042 ], [ -90.30312767199996, 15.218658791000053 ], [ -90.300605660999963, 15.217467842000076 ], [ -90.298451799999953, 15.217226301000039 ], [ -90.29598849499996, 15.218089734000046 ], [ -90.293795602999978, 15.219037684000057 ], [ -90.29203946399997, 15.220655880000038 ], [ -90.290416448999963, 15.222455181000043 ], [ -90.28903152099997, 15.223548307000044 ], [ -90.28786648199997, 15.225266175000058 ], [ -90.287465140999984, 15.227729390000036 ], [ -90.286640567999939, 15.229599262000022 ], [ -90.28334560799999, 15.231960854000022 ], [ -90.28064546, 15.232235249000041 ], [ -90.276882074999946, 15.23177301100003 ], [ -90.269702177999989, 15.230061126000066 ], [ -90.266183456999954, 15.229974267000046 ], [ -90.263258400999973, 15.229884430000027 ], [ -90.262666474999946, 15.229708990000063 ], [ -90.262039603999938, 15.22944844500006 ], [ -90.26135269699995, 15.228570727000033 ], [ -90.260474368999951, 15.226042319000044 ], [ -90.259776156999976, 15.224557054000059 ], [ -90.25795846599999, 15.218966593000061 ], [ -90.255738297999983, 15.215953254000055 ], [ -90.252939469999944, 15.213723134000077 ], [ -90.249852339999961, 15.212971836000065 ], [ -90.244715821999989, 15.214110163000043 ], [ -90.236790782999947, 15.213623332000054 ], [ -90.23446224199995, 15.21359693900007 ], [ -90.228837908999935, 15.211404019000042 ], [ -90.22593487499995, 15.210991119000028 ], [ -90.223980748999963, 15.210965859000055 ], [ -90.221482261999938, 15.211800905000075 ], [ -90.219608622999942, 15.213173146000031 ], [ -90.21485642, 15.219210745000055 ], [ -90.211860915999978, 15.222417111000027 ], [ -90.209050001999969, 15.223301172000049 ], [ -90.206573528999968, 15.223026521000065 ], [ -90.204638833999979, 15.222448124000039 ], [ -90.19811684299998, 15.221944610000037 ], [ -90.195115878999957, 15.222164550000059 ], [ -90.17944941799999, 15.220782929000052 ], [ -90.174822888999984, 15.220754127000077 ], [ -90.174064925999971, 15.220267049000029 ], [ -90.173569261999944, 15.219727953000074 ], [ -90.173057531999973, 15.218694179000067 ], [ -90.171645291999937, 15.212699806000046 ], [ -90.169273273999977, 15.207713907000027 ], [ -90.167933054999935, 15.205388352000057 ], [ -90.167510909999976, 15.204745185000036 ], [ -90.166607500999987, 15.202663335000068 ], [ -90.165458282999964, 15.199055454000074 ], [ -90.164450235999936, 15.195846737000068 ], [ -90.163841803999958, 15.193487499000071 ], [ -90.162386422999987, 15.187830134000023 ], [ -90.161537037999949, 15.184714860000042 ], [ -90.160896393999963, 15.181377565000048 ], [ -90.160500971999966, 15.180174781000062 ], [ -90.159423281999977, 15.177792691000036 ], [ -90.156772825999951, 15.175933760000078 ], [ -90.154349010999965, 15.176119897000035 ], [ -90.150041251999937, 15.178359384000032 ], [ -90.146920277999982, 15.180900562000033 ], [ -90.145716135999976, 15.182229839000058 ], [ -90.14213349299996, 15.185984305000034 ], [ -90.13945926699995, 15.18779384000004 ], [ -90.13628930499999, 15.187399042000038 ], [ -90.13268422699997, 15.185612359000061 ], [ -90.129293770999936, 15.185753146000025 ], [ -90.124978923999947, 15.18694210700005 ], [ -90.121849457999986, 15.188709465000045 ], [ -90.117340870999953, 15.190077538000025 ], [ -90.108415757999978, 15.19568644900005 ], [ -90.106623093999985, 15.196077694000053 ], [ -90.105024408999952, 15.195841503000054 ], [ -90.104282300999955, 15.195618590000038 ], [ -90.103027423999947, 15.19416988200004 ], [ -90.102499680999983, 15.19259394200003 ], [ -90.102149554999983, 15.190184917000067 ], [ -90.103678596999941, 15.184235085000068 ], [ -90.103544488999944, 15.177535705000025 ], [ -90.102570390999972, 15.174043959000073 ], [ -90.10142990199995, 15.170524108000052 ], [ -90.100341222999987, 15.166148105000048 ], [ -90.100065430999962, 15.163360737000062 ], [ -90.099275802999955, 15.157130449000022 ], [ -90.098185839999985, 15.154514354000071 ], [ -90.096777114999952, 15.153200267000045 ], [ -90.095413028999985, 15.152490697000076 ], [ -90.091563156999939, 15.151680211000041 ], [ -90.089588713999945, 15.150009970000042 ], [ -90.088913114999968, 15.148379061000071 ], [ -90.088985461999982, 15.142962541000031 ], [ -90.08860773899994, 15.141221462000033 ], [ -90.086408388999985, 15.138414925000063 ], [ -90.084519864999947, 15.136973805000025 ], [ -90.082537781999974, 15.136340860000075 ], [ -90.078449775999957, 15.137328791000073 ], [ -90.076499528999989, 15.138314994000041 ], [ -90.075302632999978, 15.139068241000075 ], [ -90.07323889099996, 15.138882314000057 ], [ -90.069972932999974, 15.137344198000051 ], [ -90.065019432999975, 15.136157752000031 ], [ -90.057268569999962, 15.132969436000053 ], [ -90.052037008999946, 15.131402078000065 ], [ -90.045357880999973, 15.131280897000067 ], [ -90.04038853899999, 15.132850349000023 ], [ -90.039189841999985, 15.133519831000058 ], [ -90.034959245999971, 15.134023067000044 ], [ -90.032454104999943, 15.135085103000051 ], [ -90.03058376499996, 15.136249154000041 ], [ -90.026845997999942, 15.13977942300005 ], [ -90.022050005999972, 15.14281025400004 ], [ -90.016900840999938, 15.144621690000065 ], [ -90.015777588999981, 15.145040296000047 ], [ -90.013109713999938, 15.145428287000072 ], [ -90.009279260999961, 15.145848241000067 ], [ -90.006087918999981, 15.145569986000055 ], [ -90.003148182999951, 15.144590658000027 ], [ -90.000407160999941, 15.143284335000033 ], [ -89.998635341999943, 15.141897186000051 ], [ -89.997155954999982, 15.139881798000033 ] ] ] ] } },
{ "type": "Feature", "properties": { "Codigo": 1903, "datos_finales_color_riesgo": "620D00" }, "geometry": { "type": "MultiPolygon", "coordinates": [ [ [ [ -89.469027646999962, 15.076735618000043 ], [ -89.470066845999952, 15.075685599000053 ], [ -89.47110255299998, 15.074635516000058 ], [ -89.471936346999939, 15.07396364300007 ], [ -89.472747570999957, 15.073462911000036 ], [ -89.473593926999968, 15.073190636000049 ], [ -89.477566684999942, 15.072149 ], [ -89.479000706999955, 15.071905023000056 ], [ -89.48066178299996, 15.071587842000042 ], [ -89.481527849999964, 15.071245886000042 ], [ -89.482785957999965, 15.070648249000044 ], [ -89.484492114999966, 15.069883804000028 ], [ -89.485654222999983, 15.069014996000021 ], [ -89.487660562999963, 15.067116725000062 ], [ -89.488068424999938, 15.066710089000026 ], [ -89.488650210999936, 15.066212501000052 ], [ -89.48970706099999, 15.065068986000028 ], [ -89.490122689999964, 15.064789965000045 ], [ -89.490772781999965, 15.064551807000043 ], [ -89.491478932999939, 15.06450632800005 ], [ -89.492280777999952, 15.064537925000025 ], [ -89.493081965999977, 15.064645103000032 ], [ -89.494193778999943, 15.064928590000022 ], [ -89.495054204999974, 15.064999444000023 ], [ -89.495720908999942, 15.064952215000062 ], [ -89.496426500999974, 15.064905582000051 ], [ -89.496996349999961, 15.064781252000046 ], [ -89.497587482999961, 15.064562473000024 ], [ -89.498178927999959, 15.064324515000067 ], [ -89.49894905299999, 15.063917812000057 ], [ -89.499601002999952, 15.063565698000048 ], [ -89.500156360999938, 15.06315567200005 ], [ -89.50061365199997, 15.062706895000076 ], [ -89.500955859999976, 15.062159306000069 ], [ -89.501179904999958, 15.06163020200006 ], [ -89.501363541999979, 15.061158018000071 ], [ -89.501687244999971, 15.060534544000063 ], [ -89.502067375999957, 15.060046209000063 ], [ -89.502504893999969, 15.059634356000061 ], [ -89.50337402599996, 15.059171616000071 ], [ -89.504118757999947, 15.059144742000058 ], [ -89.504744412999969, 15.059192753000048 ], [ -89.505668801999946, 15.059185569000022 ], [ -89.506240007999963, 15.059083800000053 ], [ -89.506705099999976, 15.05868928700005 ], [ -89.507126508999988, 15.058160956000052 ], [ -89.50745655899999, 15.057609782000043 ], [ -89.507649434999962, 15.057032795000055 ], [ -89.507890698999972, 15.056300848000035 ], [ -89.508038803999966, 15.055656603000045 ], [ -89.508318021999969, 15.054875590000051 ], [ -89.508631231999971, 15.054395235000072 ], [ -89.509326303999956, 15.053816955000059 ], [ -89.509856358999969, 15.053710027000022 ], [ -89.510385117999988, 15.053718166000067 ], [ -89.510912938999979, 15.053783832000022 ], [ -89.511832274999961, 15.053836340000032 ], [ -89.512341298999957, 15.053844171000037 ], [ -89.513203264999959, 15.053819066000074 ], [ -89.514029426999969, 15.053603848000023 ], [ -89.515924001999963, 15.052699840000059 ], [ -89.517340667999974, 15.052265757000043 ], [ -89.518109447999962, 15.051972916000068 ], [ -89.518956937999974, 15.051623732000053 ], [ -89.519766143999959, 15.051236723000045 ], [ -89.52041769899995, 15.050904838000065 ], [ -89.52100724099995, 15.050780739000061 ], [ -89.521694915999944, 15.050619781000023 ], [ -89.522556562999966, 15.050613813000041 ], [ -89.523104433999947, 15.050660576000041 ], [ -89.52384640799994, 15.050766733000046 ], [ -89.524371157999951, 15.051021882000043 ], [ -89.525719316999982, 15.05119486600006 ], [ -89.526349555999957, 15.050995780000051 ], [ -89.527276617999973, 15.050572181000064 ], [ -89.528403279999964, 15.04990452800007 ], [ -89.529889922999985, 15.048804578000045 ], [ -89.53107270299995, 15.048327329000074 ], [ -89.53165977399999, 15.048355488000027 ], [ -89.532246531999988, 15.04840282300006 ], [ -89.53289099899996, 15.048507458000074 ], [ -89.533787225999959, 15.048768265000035 ], [ -89.534800659999974, 15.04906922300006 ], [ -89.535756387999982, 15.049312880000059 ], [ -89.536753799999985, 15.049384529000065 ], [ -89.537714146999974, 15.04934277600006 ], [ -89.538320996999971, 15.049332856000035 ], [ -89.53887257699995, 15.049150584000074 ], [ -89.539683940999964, 15.048592016000043 ], [ -89.540419984999971, 15.047879970000054 ], [ -89.54111897599995, 15.047053390000031 ], [ -89.541978079999978, 15.045982137000067 ], [ -89.543236017999959, 15.044479155000033 ], [ -89.546734997999977, 15.04120264900007 ], [ -89.548958721999952, 15.039313747000051 ], [ -89.550091067999972, 15.038322207000022 ], [ -89.550907227999971, 15.037497363000057 ], [ -89.552090978999956, 15.035726886000077 ], [ -89.553368858999988, 15.034166576000075 ], [ -89.554783343999986, 15.032665876000067 ], [ -89.555695277999973, 15.031586321000077 ], [ -89.556365117999974, 15.031700293000029 ], [ -89.557222730999968, 15.031942360000073 ], [ -89.557963744999938, 15.032143162000068 ], [ -89.55853136199994, 15.032151767000073 ], [ -89.55945187399999, 15.032128482000076 ], [ -89.560021936999988, 15.031984790000024 ], [ -89.560596848999978, 15.031574872000022 ], [ -89.561249532999966, 15.031166130000031 ], [ -89.56197935099999, 15.030834155000036 ], [ -89.562663284999985, 15.030902058000038 ], [ -89.563284044999989, 15.031253353000068 ], [ -89.563687603999938, 15.031754822000039 ], [ -89.563776884999982, 15.032269585000051 ], [ -89.563799881999955, 15.03329788700006 ], [ -89.56375036299994, 15.033924518000049 ], [ -89.563585990999968, 15.034436571000072 ], [ -89.56338158799997, 15.034946888000036 ], [ -89.56325275599994, 15.035668230000056 ], [ -89.563202925999974, 15.036314037000068 ], [ -89.563461901999972, 15.037288365000052 ], [ -89.563867022999943, 15.037656708000043 ], [ -89.56446864899999, 15.038007716000038 ], [ -89.565188115999945, 15.038323268000056 ], [ -89.566122918999952, 15.038642078000066 ], [ -89.567975849999982, 15.039088738000032 ], [ -89.569947551999974, 15.039442394000048 ], [ -89.571648939999989, 15.039601254000047 ], [ -89.57270618299998, 15.039598040000044 ], [ -89.573393783999961, 15.03947527300005 ], [ -89.57406350299999, 15.039199902000064 ], [ -89.575760356999979, 15.038407428000028 ], [ -89.577871483999957, 15.037411304000045 ], [ -89.581510274999971, 15.035453079000035 ], [ -89.583717890999935, 15.034264256000029 ], [ -89.585214876999942, 15.033696625000061 ], [ -89.586549348999938, 15.033527123000056 ], [ -89.587175609999974, 15.033536539000067 ], [ -89.587684036999974, 15.033581419000029 ], [ -89.588308770999959, 15.033686724000063 ], [ -89.58899181299995, 15.033849322000037 ], [ -89.589577070999951, 15.033991267000033 ], [ -89.590318765999939, 15.034116377000032 ], [ -89.591004231999989, 15.03412667200007 ], [ -89.592144666999957, 15.033819942000036 ], [ -89.592619336999974, 15.033541580000076 ], [ -89.593135615999984, 15.033092322000073 ], [ -89.59375332799999, 15.032397463000052 ], [ -89.594195763999949, 15.031662734000065 ], [ -89.594543430999977, 15.030753935000064 ], [ -89.594815166999979, 15.029654424000057 ], [ -89.595042584999987, 15.028896155000041 ], [ -89.595428499999969, 15.028027421000047 ], [ -89.595969631999935, 15.027254671000037 ], [ -89.600914043999978, 15.022895170000027 ], [ -89.601683569999977, 15.022544462000042 ], [ -89.60235169699996, 15.022364881000044 ], [ -89.602997970999979, 15.022355362000042 ], [ -89.603582019999976, 15.022572853000042 ], [ -89.604458532999956, 15.022871447000057 ], [ -89.605490542999974, 15.023249096000029 ], [ -89.606524098999955, 15.023492479000026 ], [ -89.607268164999937, 15.023503593000044 ], [ -89.608169852999936, 15.023422270000026 ], [ -89.609369117999961, 15.023135500000024 ], [ -89.610391939999943, 15.022846088000051 ], [ -89.611456053999973, 15.022404949000077 ], [ -89.612149298999952, 15.021921036000037 ], [ -89.61277082, 15.020979036000028 ], [ -89.612819597999987, 15.020389593000061 ], [ -89.612850163999951, 15.019666726000025 ], [ -89.613151406999975, 15.017977441000028 ], [ -89.613582430999941, 15.016708735000066 ], [ -89.615500403999988, 15.012845339000023 ], [ -89.617727637999963, 15.008359102000043 ], [ -89.61828805, 15.007606870000075 ], [ -89.619102368999961, 15.006876467000041 ], [ -89.620030611999937, 15.006357644000047 ], [ -89.620837428999948, 15.006103324000037 ], [ -89.621739368999954, 15.006001623000031 ], [ -89.622659812999984, 15.006015295000054 ], [ -89.623814420999963, 15.006051625000055 ], [ -89.625321583999948, 15.006112363000057 ], [ -89.629626660999975, 15.006251817000077 ], [ -89.632429917999957, 15.006027035000045 ], [ -89.635690090999958, 15.005390318000025 ], [ -89.638993965999987, 15.004631194000069 ], [ -89.641571308999971, 15.003669454000033 ], [ -89.643603818999964, 15.002653372000054 ], [ -89.644989031999955, 15.001974160000032 ], [ -89.645451159999936, 15.001747385000044 ], [ -89.645995788999983, 15.001367224000035 ], [ -89.648729600999957, 14.999823147000029 ], [ -89.64989621899997, 14.999349446000053 ], [ -89.651016879999986, 14.998919071000046 ], [ -89.652111528999967, 14.998667736000073 ], [ -89.653252042999952, 14.998415940000029 ], [ -89.654140257999984, 14.998150270000053 ], [ -89.655386143999976, 14.997766851000051 ], [ -89.656410513999958, 14.997592324000038 ], [ -89.658818533999977, 14.997058945000049 ], [ -89.660641847999955, 14.99646053400005 ], [ -89.662409082999943, 14.995772135000038 ], [ -89.663736593999943, 14.995289426000056 ], [ -89.666750556999943, 14.994909285000062 ], [ -89.66830624399995, 14.994647687000054 ], [ -89.671122325999988, 14.994337938000058 ], [ -89.673029547999988, 14.99409160600004 ], [ -89.673803564999957, 14.993964116000029 ], [ -89.674888148999969, 14.993610948000025 ], [ -89.675744268999949, 14.993166414000029 ], [ -89.676451485999962, 14.992741143000046 ], [ -89.678396021999959, 14.991543979000028 ], [ -89.679588883999941, 14.991056946000072 ], [ -89.68061063, 14.991050407000046 ], [ -89.681414083999982, 14.991083564000064 ], [ -89.682192930999975, 14.991206641000076 ], [ -89.682918561999941, 14.991317654000056 ], [ -89.683441070999947, 14.99142570500004 ], [ -89.684380623999971, 14.991517259000034 ], [ -89.685609233999969, 14.991535153000029 ], [ -89.686633053999969, 14.991394326000034 ], [ -89.687095816999943, 14.990972229000022 ], [ -89.692618610999943, 14.990515373000051 ], [ -89.694646406999937, 14.991902432000074 ], [ -89.69652436299998, 14.994807414000036 ], [ -89.704078286999959, 15.009918411000058 ], [ -89.706205208999961, 15.011482900000033 ], [ -89.708607325999935, 15.014071548000061 ], [ -89.713949557999968, 15.021547501000043 ], [ -89.714561775999982, 15.02350081700007 ], [ -89.717630632999942, 15.026962385000047 ], [ -89.717756437999981, 15.027999070000021 ], [ -89.719613127999935, 15.030357453000022 ], [ -89.720309055999962, 15.032573796000065 ], [ -89.723338333999948, 15.036093440000059 ], [ -89.72367079199995, 15.037894874000074 ], [ -89.724365944999988, 15.038227670000026 ], [ -89.726897899999983, 15.041699483000059 ], [ -89.728387254999973, 15.046794899000076 ], [ -89.728367634999984, 15.048155639000072 ], [ -89.729607708999936, 15.05041368600007 ], [ -89.730913086999976, 15.058702493000055 ], [ -89.730635567999968, 15.067099387000042 ], [ -89.731184387999974, 15.068540559000041 ], [ -89.731615225999974, 15.08073958500006 ], [ -89.733179555999982, 15.083185153000045 ], [ -89.73519109199998, 15.08361706900007 ], [ -89.736981457999946, 15.084879776000037 ], [ -89.738870123999959, 15.085259104000045 ], [ -89.741233467999962, 15.087149614000054 ], [ -89.743115926999963, 15.087595407000038 ], [ -89.746182158999943, 15.089786034000042 ], [ -89.746354530999952, 15.092386457000032 ], [ -89.745394244999943, 15.09632711200004 ], [ -89.746160442999951, 15.099900996000031 ], [ -89.747602055999948, 15.102451966000046 ], [ -89.750072650999982, 15.104601287000037 ], [ -89.751146400999971, 15.107780081000044 ], [ -89.755031813999949, 15.111279152000066 ], [ -89.757159719999947, 15.114088231000039 ], [ -89.757111006999935, 15.116260027000067 ], [ -89.755311645999939, 15.118884065000032 ], [ -89.75469893099995, 15.121242991000031 ], [ -89.754868127999941, 15.122834443000045 ], [ -89.755428578999954, 15.123718263000058 ], [ -89.754956468999978, 15.127751744000022 ], [ -89.753620671999954, 15.130670192000025 ], [ -89.752642006999963, 15.131422407000059 ], [ -89.746076906999974, 15.137985211000057 ], [ -89.742068004999965, 15.141212575000054 ], [ -89.740159628999947, 15.143188182000074 ], [ -89.739129296999977, 15.145106492000025 ], [ -89.738398037999957, 15.145173788000022 ], [ -89.734958715999937, 15.147497351000027 ], [ -89.73426879499999, 15.148579789000053 ], [ -89.732345251999959, 15.149529238000071 ], [ -89.730441902999985, 15.149806351000052 ], [ -89.729798874999972, 15.150330824000037 ], [ -89.727022053999974, 15.15009980800005 ], [ -89.722747908999963, 15.149018655000077 ], [ -89.721012824999946, 15.148141389000045 ], [ -89.71641488399996, 15.144182190000038 ], [ -89.714221492999968, 15.140974579000044 ], [ -89.710764496999957, 15.138420008000026 ], [ -89.706215626999949, 15.137247696000031 ], [ -89.694250641999986, 15.137161864000063 ], [ -89.692284425999958, 15.136334067000064 ], [ -89.691528964999975, 15.135531910000054 ], [ -89.690849432999983, 15.132385839000051 ], [ -89.689855491999936, 15.131119757000022 ], [ -89.689814025999965, 15.130050458000028 ], [ -89.68599335, 15.123798944000043 ], [ -89.681226835999951, 15.119292832000042 ], [ -89.674981192999951, 15.118137939000064 ], [ -89.671698738999964, 15.118673023000042 ], [ -89.670189738999966, 15.119380913000043 ], [ -89.669081576999986, 15.120827082000062 ], [ -89.668710413999975, 15.122128389000068 ], [ -89.66946257799998, 15.123801738000054 ], [ -89.669509470999969, 15.125409386000058 ], [ -89.670542487999967, 15.126915348000068 ], [ -89.670945137999979, 15.13121854700006 ], [ -89.67135095499998, 15.131863252000073 ], [ -89.670924771999978, 15.134824875000049 ], [ -89.670114674999979, 15.135888366000074 ], [ -89.670274374999963, 15.138044991000072 ], [ -89.673282135999955, 15.143917983000051 ], [ -89.67317905799996, 15.146349473000043 ], [ -89.672815362999984, 15.149212712000065 ], [ -89.670992750999972, 15.151273499000069 ], [ -89.66578746, 15.154480435000039 ], [ -89.657618629999945, 15.160501692000025 ], [ -89.655205810999973, 15.163911088000077 ], [ -89.654578755999978, 15.16595445300004 ], [ -89.653084301999968, 15.167188228000043 ], [ -89.648360081999954, 15.167222919000039 ], [ -89.643414501999985, 15.166487991000054 ], [ -89.636363120999988, 15.163071935000062 ], [ -89.628472212999952, 15.161473460000025 ], [ -89.626826751999943, 15.161528951000037 ], [ -89.616967274999979, 15.160153384000068 ], [ -89.613094914999976, 15.160519493000038 ], [ -89.603160528999979, 15.164573268000026 ], [ -89.600221156999964, 15.165296239000043 ], [ -89.59854151899998, 15.16665204800006 ], [ -89.591470092999941, 15.169942750000075 ], [ -89.585309238999969, 15.172121989000061 ], [ -89.583924923999973, 15.172120171000074 ], [ -89.583007484999939, 15.172707682000066 ], [ -89.577633467999988, 15.173925952000047 ], [ -89.574229366999987, 15.175538538000069 ], [ -89.568579133999947, 15.179463850000047 ], [ -89.566184575999955, 15.180680948000031 ], [ -89.563495528999965, 15.181355285000052 ], [ -89.560657362999962, 15.180584123000074 ], [ -89.551970333999975, 15.17445282400007 ], [ -89.549335484999972, 15.173584237000057 ], [ -89.544705678999946, 15.17265341500007 ], [ -89.535398878999956, 15.174015590000067 ], [ -89.532925151999962, 15.175132922000046 ], [ -89.519170428999985, 15.178399264000063 ], [ -89.51066309, 15.181153751000068 ], [ -89.509661093999966, 15.182102919000044 ], [ -89.508567590999974, 15.182222477000039 ], [ -89.508094783999979, 15.182889871000043 ], [ -89.507030185999952, 15.183017770000049 ], [ -89.505257670999981, 15.184331805000056 ], [ -89.502885142999958, 15.185040747000073 ], [ -89.498654741999985, 15.187338736000072 ], [ -89.495024831999956, 15.188412757000037 ], [ -89.494183668999938, 15.18911498600005 ], [ -89.490648248999946, 15.189812420000067 ], [ -89.485032204999982, 15.192036573000053 ], [ -89.472892201999969, 15.194926665000025 ], [ -89.464508418999969, 15.197704778000059 ], [ -89.464225411999962, 15.195272296000041 ], [ -89.462976087999948, 15.193864878000056 ], [ -89.46258190399999, 15.191481424000074 ], [ -89.461356817999956, 15.190015714000026 ], [ -89.461305230999983, 15.188685808000059 ], [ -89.459188658999949, 15.183833690000029 ], [ -89.457094231999974, 15.181382854000049 ], [ -89.456594701999961, 15.177623527000037 ], [ -89.452632665999943, 15.172091327000032 ], [ -89.44855797799994, 15.168374934000042 ], [ -89.447388505999982, 15.167590404000066 ], [ -89.445059761999971, 15.165448342000047 ], [ -89.444539359999965, 15.165308121000066 ], [ -89.442586000999938, 15.162812058000043 ], [ -89.442309570999953, 15.159028071000023 ], [ -89.443353195999975, 15.156604152000057 ], [ -89.443509036999956, 15.154475353000066 ], [ -89.442368102999978, 15.153274943000042 ], [ -89.440799355999957, 15.152824827000074 ], [ -89.440084082999988, 15.151976373000025 ], [ -89.440173319999985, 15.146298205000051 ], [ -89.440795540999943, 15.141182413000024 ], [ -89.441246356999955, 15.140548684000066 ], [ -89.441283259999977, 15.13792496800005 ], [ -89.442055191999941, 15.132845368000062 ], [ -89.443425331999947, 15.128175713000076 ], [ -89.444401008999989, 15.127268178000065 ], [ -89.446299842999963, 15.126615488000027 ], [ -89.453172936999977, 15.126046632000055 ], [ -89.454102014999989, 15.125493714000072 ], [ -89.458744101999969, 15.124705714000072 ], [ -89.461536799999976, 15.122644157000025 ], [ -89.463193124999975, 15.120573784000044 ], [ -89.465869297999973, 15.114396643000077 ], [ -89.466219050999939, 15.107097672000066 ], [ -89.466779198999973, 15.104445961000067 ], [ -89.468418056999951, 15.102049163000061 ], [ -89.471673631999977, 15.09918452200003 ], [ -89.471644138999977, 15.097315629000036 ], [ -89.469773686999986, 15.094726373000071 ], [ -89.467450116999942, 15.092784436000045 ], [ -89.467289429999937, 15.090072934000034 ], [ -89.469059302999938, 15.086590494000063 ], [ -89.472947010999974, 15.081959730000051 ], [ -89.473806774999957, 15.080595491000054 ], [ -89.473481876999983, 15.079384295000068 ], [ -89.469027646999962, 15.076735618000043 ] ] ] ] } },
{ "type": "Feature", "properties": { "Codigo": 1802, "datos_finales_color_riesgo": "620D00" }, "geometry": { "type": "MultiPolygon", "coordinates": [ [ [ [ -88.724035418999961, 15.810265450000031 ], [ -88.723723709999945, 15.809722672000078 ], [ -88.72282101199994, 15.808766890000072 ], [ -88.71728643099999, 15.804211302000056 ], [ -88.716490694999948, 15.80368038000006 ], [ -88.710004951999963, 15.799353906000022 ], [ -88.709193859999971, 15.798421322000024 ], [ -88.707666741999958, 15.797542214000032 ], [ -88.703954088999978, 15.795234321000066 ], [ -88.702279076999957, 15.794799814000044 ], [ -88.69918540399999, 15.792683367000052 ], [ -88.695199874999958, 15.790213256000072 ], [ -88.69325837699995, 15.789280762000033 ], [ -88.692597340999953, 15.78891027700007 ], [ -88.691871789999936, 15.788315301000068 ], [ -88.691355277999946, 15.787635412000043 ], [ -88.690676204999988, 15.787017682000055 ], [ -88.68980649599996, 15.786688143000049 ], [ -88.688887528999942, 15.786513197000033 ], [ -88.688315132999946, 15.786301163000076 ], [ -88.687088260999985, 15.785382819000063 ], [ -88.685475940999936, 15.784167090000039 ], [ -88.683653195999966, 15.783102738000025 ], [ -88.681160725999973, 15.782026185000063 ], [ -88.680593008999949, 15.78173193300006 ], [ -88.680971961999944, 15.780908636000049 ], [ -88.681927468999959, 15.779029227000024 ], [ -88.687347468999974, 15.774408901000072 ], [ -88.690075005999972, 15.771499271000039 ], [ -88.694897898999955, 15.76721404400007 ], [ -88.698227444999986, 15.765804280000054 ], [ -88.701298834999989, 15.763689268000064 ], [ -88.706932659999893, 15.761618049000049 ], [ -88.708503203999953, 15.760505917000046 ], [ -88.715608796999959, 15.759134262000032 ], [ -88.716472145999944, 15.758517692000055 ], [ -88.720632788999978, 15.758488007000039 ], [ -88.724088527999982, 15.759931392000055 ], [ -88.727021448999949, 15.761327255000026 ], [ -88.72912658499996, 15.761005603000058 ], [ -88.72980520699997, 15.760425930000054 ], [ -88.730816024999967, 15.759298102000059 ], [ -88.732565773999966, 15.753760896000074 ], [ -88.734176623999986, 15.752299831000073 ], [ -88.734676454999942, 15.747518220000075 ], [ -88.733075260999954, 15.741698806000045 ], [ -88.730834194999943, 15.737870219000058 ], [ -88.729864007999936, 15.735140955000077 ], [ -88.729332549999981, 15.732250061000059 ], [ -88.727238620999969, 15.727793028000065 ], [ -88.723600651999959, 15.721813043000054 ], [ -88.722885370999961, 15.720925285000021 ], [ -88.722845756999959, 15.719591947000026 ], [ -88.72181502899997, 15.717621352000037 ], [ -88.721812316999944, 15.716554802000076 ], [ -88.720534144999988, 15.713672941000027 ], [ -88.718008203999943, 15.710853384000075 ], [ -88.715573376999942, 15.710327547000077 ], [ -88.702920879999965, 15.710844027000064 ], [ -88.698001846999944, 15.709990571000048 ], [ -88.695785815999955, 15.710078736000071 ], [ -88.693153251999945, 15.709166588000073 ], [ -88.691944947999957, 15.707438181000043 ], [ -88.690827410999987, 15.706761117000042 ], [ -88.683321902999978, 15.706329717000074 ], [ -88.67864392599995, 15.704298075000054 ], [ -88.676828314999966, 15.703064879000067 ], [ -88.674552684999981, 15.702537272000029 ], [ -88.673972705999972, 15.701951966000024 ], [ -88.671246719999942, 15.698700827000039 ], [ -88.670389045999968, 15.692839820000074 ], [ -88.670722282999975, 15.689901889000055 ], [ -88.672701148999977, 15.687393396000061 ], [ -88.678836292999961, 15.683323530000052 ], [ -88.679143400999976, 15.677366063000022 ], [ -88.679459945999952, 15.67631489200005 ], [ -88.68087597799996, 15.674744347000058 ], [ -88.683981459999984, 15.67364682300007 ], [ -88.686789156999964, 15.672073272000034 ], [ -88.691150295999989, 15.670634025000027 ], [ -88.692987887999948, 15.669041242000048 ], [ -88.696406164999985, 15.667781694000041 ], [ -88.698610978999966, 15.666263718000039 ], [ -88.69939803799997, 15.666157451000061 ], [ -88.704273039999975, 15.662146351000047 ], [ -88.70512922599994, 15.659875763000059 ], [ -88.706344090999949, 15.658395724000059 ], [ -88.708729505999941, 15.650203779000037 ], [ -88.709422967999956, 15.644297590000065 ], [ -88.708572622999952, 15.638133405000076 ], [ -88.711457382999981, 15.623011056000053 ], [ -88.712896409999985, 15.618712370000026 ], [ -88.713648155999977, 15.614202934000048 ], [ -88.714240392999955, 15.613638424000044 ], [ -88.715921399999957, 15.608547362000024 ], [ -88.717482322999956, 15.606402013000036 ], [ -88.71755843599999, 15.605342639000071 ], [ -88.718159884999977, 15.604780546000029 ], [ -88.718883392999942, 15.602626718000067 ], [ -88.721019775999935, 15.599512858000026 ], [ -88.721965073999968, 15.596757930000024 ], [ -88.722800990999986, 15.592545410000071 ], [ -88.725070304999974, 15.589742964000038 ], [ -88.725303116999953, 15.588275129000067 ], [ -88.729569307999952, 15.586801218000062 ], [ -88.734865203999959, 15.583622287000026 ], [ -88.736656435999976, 15.582891559000075 ], [ -88.737880138999969, 15.581790160000025 ], [ -88.740249525999957, 15.580857536000053 ], [ -88.741323097999953, 15.580604391000065 ], [ -88.743295708999938, 15.579113857000038 ], [ -88.749572831999956, 15.577916316000028 ], [ -88.75138554099999, 15.576675139000031 ], [ -88.753180044999965, 15.575752649000037 ], [ -88.755648666999946, 15.574796939000066 ], [ -88.758331557999952, 15.574705558000062 ], [ -88.759220729999981, 15.574056408000047 ], [ -88.763058128999944, 15.573535143000072 ], [ -88.769191725999974, 15.573289148000072 ], [ -88.776100483999983, 15.574185328000056 ], [ -88.780132388999959, 15.573169156000063 ], [ -88.781439274999968, 15.573620426000048 ], [ -88.788114869999959, 15.573837538000078 ], [ -88.79120838099999, 15.573520231000032 ], [ -88.793077566999955, 15.573036255000034 ], [ -88.797002953999936, 15.570250949000069 ], [ -88.800237323999966, 15.569068031000029 ], [ -88.808199767999952, 15.570011510000029 ], [ -88.81178063599998, 15.571816112000022 ], [ -88.815105621999976, 15.572446577000051 ], [ -88.817886880999936, 15.572184944000071 ], [ -88.819271131999983, 15.571378053000046 ], [ -88.824007370999936, 15.568429447000028 ], [ -88.826804263999975, 15.568543443000067 ], [ -88.827895482999963, 15.569342142000039 ], [ -88.830085159999953, 15.571100900000033 ], [ -88.831679286999986, 15.571506602000056 ], [ -88.836691205999955, 15.571899259000077 ], [ -88.847790138999983, 15.571058344000051 ], [ -88.848468858999979, 15.570596468000076 ], [ -88.855893279999975, 15.57044565800004 ], [ -88.857050323999943, 15.569768385000032 ], [ -88.865419079999981, 15.569949627000028 ], [ -88.86703425099995, 15.569513187000041 ], [ -88.874076749999972, 15.563095408000038 ], [ -88.880338294999945, 15.559859368000048 ], [ -88.881746994999958, 15.55854279600004 ], [ -88.889557337999975, 15.55365643600004 ], [ -88.89459879399999, 15.551535951000062 ], [ -88.903697513999987, 15.550227207000034 ], [ -88.90530516299998, 15.55116034100007 ], [ -88.908771040999966, 15.554679817000022 ], [ -88.91651733599997, 15.555157492000035 ], [ -88.935870418999968, 15.560168501000078 ], [ -88.943905775999951, 15.561087010000051 ], [ -88.947060380999972, 15.56047645600006 ], [ -88.950296599999945, 15.559321566000051 ], [ -88.962810692999938, 15.551847276000046 ], [ -88.967197650999935, 15.551086455000075 ], [ -88.976679046999948, 15.550807783000039 ], [ -88.98029696499998, 15.551070109000023 ], [ -88.985874928999976, 15.552776644000062 ], [ -88.986031002999937, 15.553515886000071 ], [ -88.986307450999959, 15.554706150000072 ], [ -88.986633334999965, 15.555716884000049 ], [ -88.986812148999945, 15.556603142000029 ], [ -88.987016391999987, 15.557378221000022 ], [ -88.987156722999941, 15.557849908000037 ], [ -88.987393759999975, 15.558703398000034 ], [ -88.98766634399999, 15.559523703000025 ], [ -88.989596072999973, 15.564632470000049 ], [ -88.98997389799996, 15.565935103000072 ], [ -88.99057649699995, 15.567555338000034 ], [ -88.991328324999984, 15.568620076000059 ], [ -88.991781805999949, 15.569621860000041 ], [ -88.99199278399999, 15.57062035000007 ], [ -88.992360942999937, 15.571252945000026 ], [ -88.993120448999946, 15.571323175000032 ], [ -88.993892679999988, 15.571337249000067 ], [ -88.99594472199999, 15.571318250000047 ], [ -88.997166235999941, 15.571351771000025 ], [ -88.998186006999958, 15.571650013000067 ], [ -88.998972855999966, 15.572110915000053 ], [ -88.999958274999983, 15.573011854000072 ], [ -89.000261369999976, 15.573431245000052 ], [ -89.000394959999937, 15.574282853000057 ], [ -89.000261943999988, 15.575173590000077 ], [ -88.999980694999977, 15.576028927000038 ], [ -88.99971930199996, 15.577030098000023 ], [ -88.999801003999949, 15.57755710400005 ], [ -89.000398626999981, 15.57823785000005 ], [ -89.001012136999975, 15.578729428000031 ], [ -89.00142822, 15.579262519000054 ], [ -89.001579564999986, 15.579768238000042 ], [ -89.002109571999938, 15.582168663000061 ], [ -89.00243394499995, 15.583292143000051 ], [ -89.003306195999983, 15.585263492000024 ], [ -89.004220006999958, 15.587492722000036 ], [ -89.004971504999958, 15.589752830000066 ], [ -89.005043429999944, 15.590815331000044 ], [ -89.005047870999988, 15.591787514000032 ], [ -89.005029267999987, 15.592748 ], [ -89.004589839999937, 15.593388449000031 ], [ -89.003808793999951, 15.593854647000057 ], [ -89.003375847999962, 15.594160274000046 ], [ -89.002909193999983, 15.594464158000051 ], [ -89.002218352999989, 15.59498837600006 ], [ -89.001817010999957, 15.595494183000028 ], [ -89.001371270999982, 15.596459290000041 ], [ -89.000830349999944, 15.597622270000045 ], [ -89.00058820199996, 15.598198636000063 ], [ -89.000392359999978, 15.598787122000033 ], [ -89.000279302999957, 15.599276750000058 ], [ -89.000269547999949, 15.599779537000074 ], [ -89.000255899999956, 15.600482988000067 ], [ -89.000245487999962, 15.601019594000036 ], [ -89.000310075999948, 15.601858669000023 ], [ -89.000611471999946, 15.602367127000036 ], [ -89.001532787999963, 15.603009802000031 ], [ -89.002108205999946, 15.603668729000049 ], [ -89.002554309999937, 15.604425667000044 ], [ -89.002833249999981, 15.604922437000027 ], [ -89.003233436999949, 15.605677411000045 ], [ -89.003577748999987, 15.60634340200005 ], [ -89.003897655999936, 15.607098041000029 ], [ -89.00402416299994, 15.607714955000063 ], [ -89.003925981999942, 15.608607455000026 ], [ -89.003430709999975, 15.609184850000076 ], [ -89.000466978999953, 15.609811977000049 ], [ -88.999621049999973, 15.610019839000074 ], [ -88.998731321999969, 15.610116383000047 ], [ -88.998019565999982, 15.609946643000058 ], [ -88.997147580999979, 15.609728871000073 ], [ -88.995441503999984, 15.609709008000038 ], [ -88.994898053999975, 15.609800580000069 ], [ -88.994016520999935, 15.610074304000022 ], [ -88.993449387999988, 15.610186868000028 ], [ -88.992846801999974, 15.609729284000025 ], [ -88.99236822599994, 15.608848819000059 ], [ -88.991590464999945, 15.608543656000052 ], [ -88.99118694799995, 15.609128333000058 ], [ -88.991038523999975, 15.609639857000047 ], [ -88.990740186999972, 15.610171195000078 ], [ -88.989188535999972, 15.612858351000057 ], [ -88.988736003999975, 15.613598874000047 ], [ -88.988079683999956, 15.614167636000047 ], [ -88.987439538999979, 15.613876254000047 ], [ -88.986824175999971, 15.613507508000055 ], [ -88.986145203999968, 15.613417272000049 ], [ -88.985422283999981, 15.613850608000064 ], [ -88.985045059999948, 15.614278996000053 ], [ -88.982830535999938, 15.617267446000028 ], [ -88.982552690999967, 15.617909657000041 ], [ -88.982389985999987, 15.618555101000027 ], [ -88.982227639999962, 15.619211832000076 ], [ -88.982110238999951, 15.61989081300004 ], [ -88.982018642999947, 15.620469898000067 ], [ -88.981756318999942, 15.620912787000066 ], [ -88.98142502099995, 15.621342006000077 ], [ -88.981008051999936, 15.622016620000068 ], [ -88.98092008499998, 15.622975805000067 ], [ -88.980944086999955, 15.623534456000073 ], [ -88.981001963999972, 15.624116283000035 ], [ -88.981193750999978, 15.624902424000027 ], [ -88.98238663099994, 15.627013925000028 ], [ -88.983905984999979, 15.629511444000059 ], [ -88.984703973999956, 15.631168006000053 ], [ -88.985472505999951, 15.632545486000026 ], [ -88.986592461999976, 15.634253053000066 ], [ -88.987485336999953, 15.635163684000077 ], [ -88.988117691999946, 15.635857531000056 ], [ -88.988606528999981, 15.636212689000047 ], [ -88.989027609999937, 15.636521500000072 ], [ -88.989586748999955, 15.636822689000041 ], [ -88.990216428999986, 15.63705750500003 ], [ -88.990856722999979, 15.637315069000067 ], [ -88.991644388999987, 15.637714035000045 ], [ -88.991652258999977, 15.638265630000035 ], [ -88.991734604999976, 15.63875769200007 ], [ -88.99216622299997, 15.639601227000071 ], [ -88.992663470999958, 15.640033220000078 ], [ -88.993162016999975, 15.640398701000038 ], [ -88.993980215999954, 15.641471466000041 ], [ -88.99404567199997, 15.64226319200003 ], [ -88.994058802999973, 15.642753987000049 ], [ -88.994243400999949, 15.643314455000052 ], [ -88.994497958999943, 15.643808541000055 ], [ -88.994847162999974, 15.64419384100006 ], [ -88.995562911999968, 15.645209474000069 ], [ -88.995775555999955, 15.646092982000027 ], [ -88.995980233999944, 15.646788015000027 ], [ -88.996163542999966, 15.647414996000066 ], [ -88.996321212999987, 15.648163301000068 ], [ -88.996273863999988, 15.64883117100004 ], [ -88.995969799999955, 15.649682671000051 ], [ -88.995939710999949, 15.650629403000039 ], [ -88.996555203999947, 15.650907931000063 ], [ -88.997206976999962, 15.65108675700003 ], [ -88.997507482999936, 15.651582810000036 ], [ -88.99763348, 15.653389463000053 ], [ -88.997666651999964, 15.654046402000063 ], [ -88.997732827999982, 15.654771608000033 ], [ -88.99776185099995, 15.655641607000064 ], [ -88.99775058099999, 15.656219920000069 ], [ -88.997660083999961, 15.656742652000048 ], [ -88.997476615999972, 15.657317814000066 ], [ -88.997060600999987, 15.658000365000078 ], [ -88.996581782999954, 15.658381791000068 ], [ -88.995970519999958, 15.658482247000052 ], [ -88.995520061999969, 15.658005999000068 ], [ -88.99547413099998, 15.657436791000066 ], [ -88.995486287999938, 15.656813387000057 ], [ -88.995476031999942, 15.65614559100004 ], [ -88.994902377999949, 15.655511463000039 ], [ -88.994428136999943, 15.655658407000033 ], [ -88.99399701599998, 15.65595161300007 ], [ -88.993537135999986, 15.656555538000077 ], [ -88.99310578099994, 15.657427253000037 ], [ -88.992852996999943, 15.658034969000028 ], [ -88.992600923999987, 15.658576163000077 ], [ -88.992303532999983, 15.659083824000049 ], [ -88.991983690999973, 15.659578665000026 ], [ -88.991840783999976, 15.66040040300004 ], [ -88.992078197999945, 15.661206555000035 ], [ -88.992484428999944, 15.661592911000071 ], [ -88.992890663999958, 15.66197926500007 ], [ -88.993109386999947, 15.662550513000042 ], [ -88.993093961999989, 15.663340754000046 ], [ -88.99276062399997, 15.664526638000041 ], [ -88.992055544999971, 15.66588388200006 ], [ -88.991341284999976, 15.665982432000021 ], [ -88.990781617999971, 15.665793991000044 ], [ -88.990243558999964, 15.66566120400006 ], [ -88.989523989999952, 15.665435997000031 ], [ -88.988962585999957, 15.665336610000054 ], [ -88.987988409999957, 15.66518566700006 ], [ -88.987322595999956, 15.665128340000024 ], [ -88.986556275999988, 15.665538291000075 ], [ -88.98639349299998, 15.666214183000022 ], [ -88.986316958999964, 15.667181474000074 ], [ -88.986001514999941, 15.66804514100005 ], [ -88.985346383999968, 15.668601473000024 ], [ -88.984301709999954, 15.669138242000031 ], [ -88.983397349999962, 15.669523089000052 ], [ -88.982663607999939, 15.670021580000025 ], [ -88.98189027799998, 15.670164114000045 ], [ -88.981335648999959, 15.669718627000066 ], [ -88.980768199999943, 15.669363120000071 ], [ -88.980255305999947, 15.669698763000042 ], [ -88.979983100999959, 15.670106494000038 ], [ -88.979642128999956, 15.670489278000048 ], [ -88.978726925999979, 15.670862625000041 ], [ -88.976612689999968, 15.67139207200006 ], [ -88.976093351999964, 15.671580987000027 ], [ -88.975593927999967, 15.671763500000054 ], [ -88.974716613999988, 15.671925517000034 ], [ -88.974224662999973, 15.671816092000029 ], [ -88.973369635999973, 15.671465418000025 ], [ -88.97300828799996, 15.671136242000046 ], [ -88.972614667999949, 15.670672277000051 ], [ -88.971812357999966, 15.669978625000056 ], [ -88.971141461999935, 15.669587360000037 ], [ -88.970525687999952, 15.669352726000056 ], [ -88.96966680099996, 15.66916999700004 ], [ -88.968759701999943, 15.669130715000051 ], [ -88.968193062999944, 15.669298440000034 ], [ -88.967738389999965, 15.669602419000057 ], [ -88.967208955999979, 15.670216260000075 ], [ -88.966833220999945, 15.671211834000076 ], [ -88.96662768799996, 15.671720009000069 ], [ -88.965926262999972, 15.672319393000066 ], [ -88.965324844999941, 15.672509018000028 ], [ -88.964713321999966, 15.672620644000062 ], [ -88.963635403999945, 15.672477823000065 ], [ -88.962913666999953, 15.672364129000073 ], [ -88.962146505999954, 15.672784110000066 ], [ -88.961851216999946, 15.673180106000075 ], [ -88.961465254999951, 15.673540596000066 ], [ -88.96084013799998, 15.673751195000023 ], [ -88.959615775999964, 15.674040928000068 ], [ -88.958506175999958, 15.67435419800006 ], [ -88.957743380999943, 15.674552092000056 ], [ -88.957178477999946, 15.674630727000022 ], [ -88.956527366999978, 15.674417955000024 ], [ -88.956347472999937, 15.673624134000022 ], [ -88.956340360999945, 15.672833507000064 ], [ -88.955854802999966, 15.672400520000053 ], [ -88.955191833999947, 15.672789698000031 ], [ -88.954464700999949, 15.672920582000074 ], [ -88.95371837, 15.672874062000062 ], [ -88.953254179999988, 15.673098894000077 ], [ -88.952767497999957, 15.673313158000042 ], [ -88.95219536899998, 15.673168370000042 ], [ -88.951933231999988, 15.672473385000046 ], [ -88.951896727999952, 15.671993454000074 ], [ -88.951459828999987, 15.671395594000046 ], [ -88.951231287999974, 15.670767763000072 ], [ -88.951412492999964, 15.670314417000043 ], [ -88.951686280999979, 15.669828955000071 ], [ -88.951704851999978, 15.668887701000074 ], [ -88.950998271999936, 15.66859721000003 ], [ -88.95046793299997, 15.668665196000063 ], [ -88.950060229999963, 15.668947451000065 ], [ -88.949768749999976, 15.669709986000044 ], [ -88.949876231999951, 15.670691914000031 ], [ -88.949877827999956, 15.67117120000006 ], [ -88.949785908999957, 15.671759261000034 ], [ -88.949490821999973, 15.672143964000043 ], [ -88.949087933999976, 15.672771367000053 ], [ -88.948894216999975, 15.673268458000052 ], [ -88.948824511999987, 15.673880611000072 ], [ -88.948676306999971, 15.674401097000043 ], [ -88.948560662999967, 15.675011271000074 ], [ -88.948523455999975, 15.675745815000028 ], [ -88.948512900999958, 15.676280127000041 ], [ -88.948456831999977, 15.676791044000026 ], [ -88.948318337999979, 15.67737937000004 ], [ -88.947927065999977, 15.678006984000035 ], [ -88.947494979999988, 15.678344031000051 ], [ -88.947040508999976, 15.678635558000053 ], [ -88.946699002999935, 15.679041946000041 ], [ -88.946384486999989, 15.679849149000063 ], [ -88.946444959999951, 15.680852756000036 ], [ -88.946291007999946, 15.681662938000045 ], [ -88.945937188999949, 15.682691557000055 ], [ -88.946427662999952, 15.683464082000057 ], [ -88.946492680999938, 15.684267053000042 ], [ -88.94628576599996, 15.68484169900006 ], [ -88.94584460599998, 15.685636400000021 ], [ -88.945514514999957, 15.686053142000048 ], [ -88.944754941999975, 15.686673906000067 ], [ -88.944130001999952, 15.686873170000069 ], [ -88.943719151999971, 15.687312089000045 ], [ -88.943359934999989, 15.688023729000065 ], [ -88.943174514999953, 15.688687854000023 ], [ -88.942950768999935, 15.689553114000034 ], [ -88.942700083999966, 15.690015304000042 ], [ -88.942053984999973, 15.690694545000042 ], [ -88.941385415999946, 15.690803903000074 ], [ -88.940646314999981, 15.690389846000073 ], [ -88.939996235999956, 15.690711542000031 ], [ -88.939585679999936, 15.691105349000054 ], [ -88.939111512999943, 15.691830627000058 ], [ -88.938871983999945, 15.692316696000034 ], [ -88.938601893999987, 15.693169810000029 ], [ -88.93826891399999, 15.693730818000063 ], [ -88.937815990999979, 15.694294107000076 ], [ -88.936995587999945, 15.694927232000055 ], [ -88.936240227999974, 15.695215378000057 ], [ -88.935743207999963, 15.695272654000064 ], [ -88.931775838999954, 15.694673262000038 ], [ -88.931039209999938, 15.694604277000053 ], [ -88.930458554999973, 15.694213438000077 ], [ -88.929790412999978, 15.69359769600004 ], [ -88.929180646999953, 15.693529945000023 ], [ -88.928634178999971, 15.693732875000023 ], [ -88.92818833199999, 15.694114720000073 ], [ -88.927497765999988, 15.694627311000033 ], [ -88.926878225999985, 15.695051017000026 ], [ -88.926213236999956, 15.695418618000076 ], [ -88.9253976, 15.695839785000032 ], [ -88.924596358999963, 15.696093200000064 ], [ -88.924028558999964, 15.696226934000038 ], [ -88.923359172999938, 15.696259535000024 ], [ -88.922481857999969, 15.696299528000054 ], [ -88.921513387999937, 15.696270155000036 ], [ -88.920789299999967, 15.696156264000024 ], [ -88.92017079499999, 15.69594285900007 ], [ -88.919610538999962, 15.695697840000037 ], [ -88.91893850799994, 15.695250013000077 ], [ -88.918380054999943, 15.69491481700004 ], [ -88.917588741999964, 15.694699301000071 ], [ -88.916757424999957, 15.694739003000052 ], [ -88.916202117999944, 15.694830099000058 ], [ -88.91534885499999, 15.694802856000024 ], [ -88.91457971899996, 15.694643 ], [ -88.913598021999974, 15.694110429000034 ], [ -88.913109917999975, 15.693721284000048 ], [ -88.912149703999944, 15.693279322000024 ], [ -88.911608736999938, 15.693235362000053 ], [ -88.910885348999955, 15.693087626000022 ], [ -88.909298115999945, 15.691694608000034 ], [ -88.90769314299996, 15.690637274000039 ], [ -88.906985731999953, 15.690244011000061 ], [ -88.906269274999943, 15.689750217000039 ], [ -88.90477126899998, 15.688525734000052 ], [ -88.904077513999937, 15.688032363000048 ], [ -88.903105293999943, 15.688193410000054 ], [ -88.902648447999979, 15.688542289000054 ], [ -88.90193986, 15.688819911000053 ], [ -88.901383338999949, 15.688943649000066 ], [ -88.900886118999949, 15.689012120000029 ], [ -88.900330404999977, 15.689124593000031 ], [ -88.899810794999951, 15.689148663000026 ], [ -88.898997622999957, 15.688865023000062 ], [ -88.898873151999965, 15.687611051000033 ], [ -88.898527888999979, 15.686978751000026 ], [ -88.898146074999943, 15.686457394000058 ], [ -88.897848461999956, 15.685770737000041 ], [ -88.897668068999963, 15.684984796000037 ], [ -88.897461627999974, 15.68436637800005 ], [ -88.896832425999946, 15.683528031000037 ], [ -88.895887993999963, 15.683465181000031 ], [ -88.895007845999942, 15.68365047900005 ], [ -88.894378673999938, 15.683973547000051 ], [ -88.893748371999948, 15.684352973000045 ], [ -88.893223853999984, 15.684622750000074 ], [ -88.892421448999983, 15.684965107000039 ], [ -88.891379140999959, 15.685168762000046 ], [ -88.890350249999983, 15.685283584000047 ], [ -88.889431092999985, 15.685701533000042 ], [ -88.88886897399999, 15.686104776000036 ], [ -88.888546772999973, 15.686645587000044 ], [ -88.888377540999954, 15.687625655000033 ], [ -88.888222053999982, 15.688471798000023 ], [ -88.887906075999979, 15.689282219000063 ], [ -88.88754266899997, 15.690135719000068 ], [ -88.88713196499998, 15.691054854000072 ], [ -88.88668648, 15.691995886000029 ], [ -88.88631535799999, 15.692682354000056 ], [ -88.885852887999988, 15.693309594000027 ], [ -88.88509410599994, 15.694346196000026 ], [ -88.884219793999989, 15.695368212000062 ], [ -88.882477036999944, 15.697726931000034 ], [ -88.882177838999951, 15.698279435000074 ], [ -88.882048576999978, 15.698947903000033 ], [ -88.881998974999988, 15.699706955000067 ], [ -88.881996237999942, 15.700421787000039 ], [ -88.882043948999979, 15.70091431000003 ], [ -88.882328310999981, 15.701678535000042 ], [ -88.882652727999982, 15.702187557000059 ], [ -88.883157515999983, 15.702901818000043 ], [ -88.88310712599997, 15.703671003000068 ], [ -88.88272591499998, 15.704278339000041 ], [ -88.882534686999975, 15.70519144900004 ], [ -88.882400625999935, 15.706127062000064 ], [ -88.881748932999983, 15.706986374000053 ], [ -88.881284136999966, 15.707726308000076 ], [ -88.88076489499997, 15.70830847700006 ], [ -88.880015986999979, 15.708271780000075 ], [ -88.879499265999982, 15.708150388000035 ], [ -88.87875182199997, 15.70792540900004 ], [ -88.877671842999973, 15.707826068000031 ], [ -88.877141240999947, 15.707816039000022 ], [ -88.876339857999938, 15.708101949000024 ], [ -88.875627465999969, 15.708534993000058 ], [ -88.874807441999963, 15.709167835000073 ], [ -88.874086475999945, 15.710025804000054 ], [ -88.872914938999941, 15.712070460000064 ], [ -88.872357591999958, 15.71280861300005 ], [ -88.871981287999972, 15.713170202000072 ], [ -88.871430840999949, 15.713595019000024 ], [ -88.87067673599995, 15.713815270000055 ], [ -88.869985847999942, 15.713758210000037 ], [ -88.869345454999973, 15.713477718000036 ], [ -88.868878975999962, 15.713145269000051 ], [ -88.868068498999946, 15.712727372000074 ], [ -88.867357113999958, 15.713137851000056 ], [ -88.866593385999977, 15.713805545000071 ], [ -88.863998677999973, 15.716080225000042 ], [ -88.863598065999952, 15.717067127000064 ], [ -88.864262059999987, 15.717302981000046 ], [ -88.864849819999961, 15.717336682000052 ], [ -88.865322611999943, 15.717903790000037 ], [ -88.865404274999946, 15.718442057000061 ], [ -88.865177375999963, 15.719387152000024 ], [ -88.864821378999977, 15.719894564000072 ], [ -88.864386635999949, 15.720266301000038 ], [ -88.863722525999947, 15.720611131000055 ], [ -88.86297944599994, 15.720831557000054 ], [ -88.862228708999965, 15.720883830000048 ], [ -88.861109754999973, 15.720896408000044 ], [ -88.860058466999988, 15.720988068000054 ], [ -88.859279023999989, 15.721308141000065 ], [ -88.858982516999959, 15.721693765000055 ], [ -88.858717745999968, 15.722236722000048 ], [ -88.858547080999983, 15.722702538000021 ], [ -88.858419433999984, 15.723314625000057 ], [ -88.858408792999967, 15.723839858000076 ], [ -88.858430904999977, 15.724443516000065 ], [ -88.858465688999956, 15.725024864000034 ], [ -88.858519866999984, 15.72574075700004 ], [ -88.858689498999979, 15.726503949000062 ], [ -88.858584309999969, 15.727127736000057 ], [ -88.858085279999955, 15.72785566400006 ], [ -88.85780865199996, 15.728408538000053 ], [ -88.857531996999967, 15.728962541000044 ], [ -88.857188160999954, 15.72941378400003 ], [ -88.856449788999953, 15.730002975000048 ], [ -88.855509133999988, 15.730319959000042 ], [ -88.854866755999979, 15.730710267000063 ], [ -88.854418426999985, 15.731204618000049 ], [ -88.853899731999945, 15.731752878000066 ], [ -88.853425628999958, 15.732369636000044 ], [ -88.853108746999965, 15.733212640000033 ], [ -88.853075784999987, 15.734262879000028 ], [ -88.853059241999972, 15.735077774000047 ], [ -88.853137127999958, 15.735771568000075 ], [ -88.853223819999982, 15.736633530000063 ], [ -88.85322094899999, 15.737348336000025 ], [ -88.852619749999974, 15.737973944000032 ], [ -88.851857293999956, 15.738027070000044 ], [ -88.851191632999985, 15.738415789000044 ], [ -88.850770396999962, 15.738721215000055 ], [ -88.850006358999963, 15.738852104000046 ], [ -88.849109518999967, 15.738700830000028 ], [ -88.848426588999985, 15.738821984000026 ], [ -88.847887080999953, 15.739246923000053 ], [ -88.847400531999938, 15.739929947000064 ], [ -88.846774804999939, 15.740644141000075 ], [ -88.846187946999976, 15.741135822000047 ], [ -88.84520321299999, 15.741899534000027 ], [ -88.84473178799999, 15.74238213600006 ], [ -88.844330642999978, 15.742843530000073 ], [ -88.843948876999946, 15.74343946700003 ], [ -88.843440658999953, 15.744613666000078 ], [ -88.843197930999963, 15.745213384000067 ], [ -88.84309405, 15.745769524000025 ], [ -88.843059995999965, 15.746326999000075 ], [ -88.843271300999959, 15.747270267000033 ], [ -88.843515914999955, 15.747721439000031 ], [ -88.844145881999964, 15.748515976000022 ], [ -88.844598570999949, 15.748926022000035 ], [ -88.845280870999943, 15.749409231000072 ], [ -88.846278420999965, 15.750277308000022 ], [ -88.847159408999971, 15.751209680000045 ], [ -88.847529337999958, 15.752311576000068 ], [ -88.847922506999964, 15.754531298000074 ], [ -88.847861073999979, 15.755290081000055 ], [ -88.847234798999978, 15.755456275000029 ], [ -88.846456738999962, 15.755129091000072 ], [ -88.845587655999964, 15.754755067000076 ], [ -88.844861182999978, 15.754181937000055 ], [ -88.844499385999939, 15.753796175000048 ], [ -88.844166475999941, 15.753164038000023 ], [ -88.843785200999946, 15.752620051000065 ], [ -88.843105605999938, 15.752003839000054 ], [ -88.842288439999948, 15.751339895000058 ], [ -88.841366131999962, 15.751322266000045 ], [ -88.840709291999985, 15.751846410000041 ], [ -88.840167661999942, 15.752372754000078 ], [ -88.839379292999979, 15.752580925000075 ], [ -88.838889681999945, 15.752839910000034 ], [ -88.838692338999977, 15.753439359000026 ], [ -88.838815358999966, 15.754200535000052 ], [ -88.839381083999967, 15.754748057000029 ], [ -88.840075705999936, 15.75462716800007 ], [ -88.840841387999944, 15.754418560000033 ], [ -88.841576510999971, 15.754566791000059 ], [ -88.842049865999968, 15.755133967000063 ], [ -88.842105444999959, 15.755805906000035 ], [ -88.841945559999942, 15.75685257300006 ], [ -88.841590722999968, 15.758409666000034 ], [ -88.841461829999957, 15.759078077000026 ], [ -88.840808151999966, 15.759445551000056 ], [ -88.840027841999984, 15.759228798000038 ], [ -88.839514016999942, 15.759532417000059 ], [ -88.83938375699995, 15.760267323000051 ], [ -88.839002975999961, 15.760840711000071 ], [ -88.838464632999944, 15.761232932000041 ], [ -88.837887947999945, 15.761221894000073 ], [ -88.837015690999976, 15.761003369000036 ], [ -88.836401105999983, 15.760567655000045 ], [ -88.836157884999977, 15.760048849000043 ], [ -88.835983448999968, 15.759553912000058 ], [ -88.835537164999948, 15.758830519000071 ], [ -88.835012834999986, 15.758508154000026 ], [ -88.834192967999968, 15.759117095000022 ], [ -88.833644001999971, 15.760000695000031 ], [ -88.833179026999971, 15.760192483000026 ], [ -88.833306438999955, 15.760709071000065 ], [ -88.833945504999974, 15.761057316000063 ], [ -88.834426023999981, 15.761244668000074 ], [ -88.835229631999937, 15.761460761000023 ], [ -88.835918337999942, 15.761630678000074 ], [ -88.836673554999948, 15.761936040000023 ], [ -88.837212374999979, 15.76266120400004 ], [ -88.837314364999941, 15.763311481000073 ], [ -88.837277876999963, 15.763957977000075 ], [ -88.837011383999936, 15.764578647000064 ], [ -88.836375940999972, 15.765192248000062 ], [ -88.835313696999947, 15.765239550000047 ], [ -88.834741584999961, 15.765004214000044 ], [ -88.834239599999989, 15.764727373000028 ], [ -88.83355636899995, 15.764289205000068 ], [ -88.832889554999952, 15.764187351000032 ], [ -88.832289587999981, 15.764175850000072 ], [ -88.831361311999956, 15.764447821000033 ], [ -88.831001810999965, 15.765089246000059 ], [ -88.831658237999989, 15.765727602000027 ], [ -88.831669644999977, 15.766308490000029 ], [ -88.831495536999967, 15.766908369000078 ], [ -88.830928402999973, 15.767568360000041 ], [ -88.830282913999952, 15.767533428000036 ], [ -88.829526770999962, 15.767273123000052 ], [ -88.828731047999952, 15.766699738000057 ], [ -88.827928038999971, 15.766482502000031 ], [ -88.826983764999966, 15.766397852000068 ], [ -88.826316830999986, 15.76627342300003 ], [ -88.825557515999947, 15.766168643000071 ], [ -88.825071043999969, 15.766272050000055 ], [ -88.824367240999948, 15.766839193000067 ], [ -88.824582583999984, 15.767580716000055 ], [ -88.825193336999973, 15.768174241000054 ], [ -88.825574572999983, 15.768718255000067 ], [ -88.825787755999954, 15.769593910000026 ], [ -88.826027307999937, 15.770290800000055 ], [ -88.826810719999969, 15.770328395000035 ], [ -88.82754240099996, 15.76953740600004 ], [ -88.827808953999977, 15.768915629000048 ], [ -88.828531346999966, 15.768549526000072 ], [ -88.829244240999969, 15.768675959000063 ], [ -88.829971183999987, 15.769225475000042 ], [ -88.830165677999958, 15.769877526000073 ], [ -88.830268538999974, 15.770483844000069 ], [ -88.82992819399999, 15.771326328000043 ], [ -88.829188924999983, 15.771378663000064 ], [ -88.828358029999947, 15.771385262000024 ], [ -88.827479774999972, 15.771458602000052 ], [ -88.827077041999985, 15.771963882000023 ], [ -88.826523151999936, 15.771975796000049 ], [ -88.825969720999979, 15.77196516500004 ], [ -88.825134254999966, 15.772194909000063 ], [ -88.824867707999942, 15.772815553000044 ], [ -88.824673161999954, 15.773303404000046 ], [ -88.824429890999966, 15.773924494000028 ], [ -88.824002943999972, 15.774474401000077 ], [ -88.822992512999974, 15.775371635000056 ], [ -88.822341508999955, 15.775604911000073 ], [ -88.821562431999951, 15.775553849000062 ], [ -88.821318414999951, 15.775103792000039 ], [ -88.821150495999973, 15.774321461000056 ], [ -88.820419492999974, 15.774084156000072 ], [ -88.819906009999954, 15.774453117000064 ], [ -88.819439866999971, 15.774756463000074 ], [ -88.818722887999968, 15.774942233000047 ], [ -88.81819459799999, 15.774954613000034 ], [ -88.817208027999982, 15.774490262000029 ], [ -88.816481128999953, 15.774053456000047 ], [ -88.815755159999981, 15.773571566000044 ], [ -88.815210676999982, 15.773182244000054 ], [ -88.814459262999947, 15.772834032000048 ], [ -88.813936231999946, 15.772534192000023 ], [ -88.813458711999942, 15.77225777600006 ], [ -88.812807034999935, 15.771532647000072 ], [ -88.812105607999968, 15.770962151000049 ], [ -88.811503842999969, 15.771151246000045 ], [ -88.810902538999983, 15.771317796000062 ], [ -88.810027227999967, 15.771389992000024 ], [ -88.809220588999949, 15.771463508000068 ], [ -88.808414410999944, 15.771514480000064 ], [ -88.807722528999989, 15.771612751000077 ], [ -88.807030645999987, 15.771711023000023 ], [ -88.806271811999977, 15.771696378000058 ], [ -88.805329085999972, 15.771678182000073 ], [ -88.804593528999987, 15.771663981000074 ], [ -88.803490195999984, 15.771642675000066 ], [ -88.802925456999958, 15.771814419000066 ], [ -88.802599635999968, 15.772427108000045 ], [ -88.802587700999936, 15.773006401000032 ], [ -88.802549888999977, 15.773739656000032 ], [ -88.802375041999937, 15.774427420000052 ], [ -88.80187598699996, 15.77519686200003 ], [ -88.801286237999989, 15.775875479000035 ], [ -88.800444013999936, 15.776572888000032 ], [ -88.799858042999972, 15.777095981000059 ], [ -88.799271745999988, 15.777663036000035 ], [ -88.79880190099999, 15.778144399000041 ], [ -88.798329772999978, 15.778736207000065 ], [ -88.798066977999952, 15.779199023000047 ], [ -88.797502435999945, 15.779811591000055 ], [ -88.796850522999989, 15.780200355000034 ], [ -88.795828419999964, 15.780669892000049 ], [ -88.794666671999948, 15.781248337000022 ], [ -88.793485293999936, 15.781649383000058 ], [ -88.79195711899996, 15.782154195000032 ], [ -88.790870010999981, 15.78244430500007 ], [ -88.789669610999965, 15.782666820000031 ], [ -88.788725947999978, 15.782692494000059 ], [ -88.788059036999982, 15.78267955900003 ], [ -88.787277014999972, 15.78268693800004 ], [ -88.786173180999981, 15.782688068000027 ], [ -88.785462141999972, 15.782585201000074 ], [ -88.784412123999971, 15.78220854500006 ], [ -88.783957007999959, 15.781976475000022 ], [ -88.783276626999964, 15.781517920000056 ], [ -88.782557652999969, 15.780702342000041 ], [ -88.782200352999951, 15.780160991000059 ], [ -88.781779122999978, 15.779417715000022 ], [ -88.781448788999967, 15.778698752000025 ], [ -88.781143136999958, 15.777912619000062 ], [ -88.780685026999947, 15.776701861000049 ], [ -88.780405197999983, 15.774669275000065 ], [ -88.780254720999949, 15.774177042000076 ], [ -88.77955340599999, 15.773606461000043 ], [ -88.778956248999975, 15.773572309000031 ], [ -88.778010323999979, 15.773709516000054 ], [ -88.777384912999935, 15.773943145000032 ], [ -88.77680213299999, 15.774310640000067 ], [ -88.776403703999961, 15.774659166000049 ], [ -88.776118201999964, 15.775120375000029 ], [ -88.775872638999942, 15.775873242000046 ], [ -88.775793805999967, 15.776362146000054 ], [ -88.775751620999984, 15.777273426000022 ], [ -88.77571368599996, 15.778007779000063 ], [ -88.775671474999967, 15.77892018600005 ], [ -88.775522007999939, 15.779474235000066 ], [ -88.775303406999967, 15.780049489000078 ], [ -88.774872585999958, 15.780864138000027 ], [ -88.774626425999941, 15.781616989000042 ], [ -88.774463106999974, 15.782838209000033 ], [ -88.774419148999982, 15.783862197000076 ], [ -88.774404832999949, 15.78455191300003 ], [ -88.774390959999948, 15.785220215000038 ], [ -88.774375238999937, 15.785977546000026 ], [ -88.774192329999948, 15.787020250000069 ], [ -88.77229172899996, 15.78883111500005 ], [ -88.771582212999988, 15.789775616000043 ], [ -88.771545184999979, 15.790464886000052 ], [ -88.771920878999936, 15.791184744000077 ], [ -88.772208905999946, 15.791724760000022 ], [ -88.772793164999939, 15.792382162000024 ], [ -88.773378339999965, 15.792995611000038 ], [ -88.774149290999958, 15.793522481000025 ], [ -88.774804662999941, 15.794092197000055 ], [ -88.77550695299999, 15.794617727000059 ], [ -88.776030304999949, 15.794872571000042 ], [ -88.776804614999946, 15.795266462000029 ], [ -88.777444111999955, 15.795479592000049 ], [ -88.778056195999966, 15.795891743000027 ], [ -88.778599252999982, 15.796347651000076 ], [ -88.779027411999948, 15.796757351000053 ], [ -88.779431494999983, 15.797233100000028 ], [ -88.779854721999982, 15.797908781000046 ], [ -88.780072119999943, 15.798515064000071 ], [ -88.780198965999944, 15.799051942000062 ], [ -88.780227848999971, 15.799876667000035 ], [ -88.780188878999979, 15.800632424000071 ], [ -88.77982955799996, 15.801337982000064 ], [ -88.779245308999975, 15.80177195400006 ], [ -88.77850456799996, 15.802003323000065 ], [ -88.777791625999953, 15.801989447000039 ], [ -88.777219981999963, 15.801844153000047 ], [ -88.776624591999962, 15.801720944000067 ], [ -88.77598170899995, 15.801641907000032 ], [ -88.77540819799998, 15.801586769000039 ], [ -88.774902914999984, 15.801554377000059 ], [ -88.774052044999962, 15.801537802000041 ], [ -88.772970377999968, 15.80156069800006 ], [ -88.770594392999953, 15.801893201000041 ], [ -88.766761041999985, 15.802620024000078 ], [ -88.765789727999959, 15.802879541000038 ], [ -88.764696443999981, 15.803460242000028 ], [ -88.763764855999966, 15.804020417000061 ], [ -88.762879689999977, 15.804560074000051 ], [ -88.761923404999948, 15.805187402000058 ], [ -88.761200266999936, 15.805662570000038 ], [ -88.760383292999961, 15.806226094000067 ], [ -88.759749417999956, 15.806859712000062 ], [ -88.758973310999977, 15.807668678000027 ], [ -88.758408101999976, 15.808303636000062 ], [ -88.757748158999959, 15.809069770000065 ], [ -88.757113685999968, 15.809703365000075 ], [ -88.756242350999969, 15.810666036000043 ], [ -88.75509200099998, 15.811801369000023 ], [ -88.754203866999944, 15.812452533000055 ], [ -88.753433901999983, 15.812993266000035 ], [ -88.752595929999984, 15.813444722000042 ], [ -88.752039994999961, 15.813634508000064 ], [ -88.751391179999985, 15.813866441000073 ], [ -88.750747007999962, 15.813876361000041 ], [ -88.750243104999981, 15.813777418000029 ], [ -88.749673197999982, 15.813521595000054 ], [ -88.749082482999938, 15.813175171000069 ], [ -88.748222382999984, 15.812513427000056 ], [ -88.747084943999937, 15.81188908200005 ], [ -88.745494359999952, 15.810967223000034 ], [ -88.744811208999977, 15.810642654000048 ], [ -88.743599052999969, 15.810306568000044 ], [ -88.742590337999957, 15.810153728000046 ], [ -88.74146594199999, 15.810020035000036 ], [ -88.740936913999974, 15.810009643000058 ], [ -88.740103255999941, 15.810283005000031 ], [ -88.739656037999964, 15.810786054000062 ], [ -88.739071698999965, 15.811219890000075 ], [ -88.738584911999965, 15.811388451000028 ], [ -88.73809965199996, 15.811511944000074 ], [ -88.737589797999988, 15.811669902000062 ], [ -88.736984621999966, 15.812014257000044 ], [ -88.73612078299999, 15.812643262000051 ], [ -88.735211324999966, 15.813226271000076 ], [ -88.730906295999944, 15.816772831000037 ], [ -88.730151777999936, 15.816797424000072 ], [ -88.729003869999985, 15.816507615000035 ], [ -88.727834713999982, 15.816148612000063 ], [ -88.726671657999987, 15.815499989000045 ], [ -88.725968597999952, 15.814905525000029 ], [ -88.72516064499996, 15.813817456000038 ], [ -88.724671956999941, 15.812913810000055 ], [ -88.724502027999961, 15.812218248000022 ], [ -88.724250376999976, 15.811006993000035 ], [ -88.724035418999961, 15.810265450000031 ] ] ], [ [ [ -89.344570707999935, 15.919120732000067 ], [ -89.343612702999962, 15.919104486000037 ], [ -89.34226814799996, 15.919350163000047 ], [ -89.341081981999935, 15.919765477000055 ], [ -89.340595127999961, 15.919868895000036 ], [ -89.339665019999984, 15.92021070800007 ], [ -89.338795657999981, 15.920352747000038 ], [ -89.338034982999943, 15.920319521000067 ], [ -89.337080704999948, 15.920033696000075 ], [ -89.336464085999978, 15.919643052000026 ], [ -89.335957477999955, 15.918907957000044 ], [ -89.33587001699999, 15.917978055000049 ], [ -89.335563024999942, 15.917068116000053 ], [ -89.335099808999985, 15.916511994000075 ], [ -89.334310136999989, 15.916118405000077 ], [ -89.332442090999962, 15.914667511000061 ], [ -89.331430314999977, 15.914404381000054 ], [ -89.330748548999964, 15.91439278100006 ], [ -89.330135496999958, 15.914448905000029 ], [ -89.329298892999986, 15.914714427000035 ], [ -89.328707118999944, 15.914882590000047 ], [ -89.327874775999987, 15.914913541000033 ], [ -89.327034042999969, 15.914764981000076 ], [ -89.326514064999969, 15.914767402000052 ], [ -89.326004921999981, 15.914815133000047 ], [ -89.324762279999959, 15.915195551000068 ], [ -89.32400605, 15.915496262000033 ], [ -89.323340467999969, 15.915876356000069 ], [ -89.322053075999975, 15.916792954000073 ], [ -89.320905366999966, 15.917656651000073 ], [ -89.318854534999957, 15.918627879000042 ], [ -89.317912374999935, 15.918990819000044 ], [ -89.317355766999981, 15.919115551000061 ], [ -89.316605029999948, 15.919114006000029 ], [ -89.31609360899995, 15.918647274000023 ], [ -89.31580001399999, 15.91764730400007 ], [ -89.315683375999981, 15.917075639000075 ], [ -89.315252955999938, 15.91661029100004 ], [ -89.314551947999973, 15.916407666000055 ], [ -89.313511791999986, 15.916423728000041 ], [ -89.31279419699996, 15.916523134000045 ], [ -89.311957573999962, 15.916788584000074 ], [ -89.311095415999944, 15.91717542300006 ], [ -89.31039644399999, 15.917499623000026 ], [ -89.309700146999944, 15.917677219000041 ], [ -89.309120441999937, 15.917790255000057 ], [ -89.308161264999967, 15.917840385000034 ], [ -89.307098003999954, 15.917844738000042 ], [ -89.305967411999973, 15.917770095000037 ], [ -89.305080050999948, 15.917654492000054 ], [ -89.30417141099997, 15.917459557000029 ], [ -89.303550378999944, 15.917314672000032 ], [ -89.302952882999989, 15.917126194000048 ], [ -89.302263755999945, 15.916912456000034 ], [ -89.301485001999936, 15.916564068000071 ], [ -89.300958295999976, 15.916297838000048 ], [ -89.300351388999957, 15.916018951000069 ], [ -89.299708485999986, 15.915795845000048 ], [ -89.298914239999988, 15.915625415000022 ], [ -89.298394858999984, 15.915627778000044 ], [ -89.297319722999987, 15.915677003000042 ], [ -89.296533660999955, 15.915696214000036 ], [ -89.295842064999988, 15.915617779000058 ], [ -89.295083594999937, 15.915403959000059 ], [ -89.294073767999976, 15.915039169000067 ], [ -89.29303035099997, 15.914630932000023 ], [ -89.292524924999952, 15.914476725000043 ], [ -89.291832529999965, 15.914442257000076 ], [ -89.291300712999941, 15.914455672000031 ], [ -89.290233161999936, 15.914727213000049 ], [ -89.289615793999985, 15.915018904000021 ], [ -89.289138384999944, 15.91521147800006 ], [ -89.288166769999975, 15.915273717000048 ], [ -89.28720027899999, 15.915089001000069 ], [ -89.286455347999947, 15.914773860000025 ], [ -89.285451619999947, 15.914712577000046 ], [ -89.284767209999984, 15.914846302000058 ], [ -89.284118550999949, 15.914969360000043 ], [ -89.283409382999935, 15.915213200000039 ], [ -89.282791424999971, 15.915504858000077 ], [ -89.282140291999951, 15.915762102000031 ], [ -89.28142171199994, 15.915883945000076 ], [ -89.280808879999938, 15.915928648000033 ], [ -89.279954694999958, 15.915881201000047 ], [ -89.279147977999969, 15.915788319000058 ], [ -89.277962228999968, 15.915578346000075 ], [ -89.277256964999935, 15.915610161000075 ], [ -89.276494827999954, 15.915597001000037 ], [ -89.275940911999953, 15.915576154000064 ], [ -89.275341819999937, 15.915476693000073 ], [ -89.274594227999955, 15.91530698300005 ], [ -89.273881206999988, 15.915127716000029 ], [ -89.273269608999954, 15.915105865000044 ], [ -89.272689913999955, 15.915218798000069 ], [ -89.27158177199999, 15.91582568900003 ], [ -89.270984858999952, 15.916239498000039 ], [ -89.270350253999936, 15.916832009000075 ], [ -89.26958283099998, 15.917735806000053 ], [ -89.268958870999938, 15.918351054000027 ], [ -89.268313433999936, 15.918898250000041 ], [ -89.267717901999958, 15.919268078000073 ], [ -89.267053281999949, 15.919591589000049 ], [ -89.266586878999988, 15.919818138000039 ], [ -89.265960929999949, 15.919941528000038 ], [ -89.265035713999964, 15.920015741000043 ], [ -89.264296878999971, 15.920002938000039 ], [ -89.263455807999947, 15.919876687000055 ], [ -89.262514553999949, 15.919558064000057 ], [ -89.261829000999967, 15.919154760000026 ], [ -89.26106596599999, 15.918560605000039 ], [ -89.258933863999971, 15.916422148000038 ], [ -89.257730923999986, 15.916512944000033 ], [ -89.25725405899999, 15.91670657800006 ], [ -89.256648377999966, 15.916963399000053 ], [ -89.256009319999976, 15.917165494000074 ], [ -89.25547727899999, 15.917222806000041 ], [ -89.254635188999941, 15.917152907000059 ], [ -89.253474050999955, 15.916875547000075 ], [ -89.252843113999973, 15.916640113000028 ], [ -89.252303172999973, 15.91646378400003 ], [ -89.251448991999951, 15.916448935000062 ], [ -89.250590294999938, 15.916646066000055 ], [ -89.249574345999974, 15.916617115000065 ], [ -89.249056641999971, 15.91653027600006 ], [ -89.242786617999968, 15.912666044000048 ], [ -89.241531023999983, 15.911861344000044 ], [ -89.24087908499996, 15.911503692000053 ], [ -89.240163815999949, 15.911479943000074 ], [ -89.239365106999969, 15.911555126000053 ], [ -89.238753758999962, 15.911521906000075 ], [ -89.237973973999942, 15.911207134000051 ], [ -89.237347031999946, 15.910759669000072 ], [ -89.23678083599998, 15.910180162000074 ], [ -89.236431256999936, 15.909704824000073 ], [ -89.235841573999949, 15.909135056000025 ], [ -89.23530167399997, 15.908958694000034 ], [ -89.234602701999961, 15.908655474000057 ], [ -89.233687776999943, 15.908181544000058 ], [ -89.23300692, 15.907532350000054 ], [ -89.232407258999956, 15.906873292000057 ], [ -89.23193506299998, 15.906161190000034 ], [ -89.231516355999986, 15.905081175000078 ], [ -89.231217172999948, 15.904404806000059 ], [ -89.230506125999966, 15.903531741000052 ], [ -89.230194643999937, 15.902890126000045 ], [ -89.230103036999935, 15.902239942000051 ], [ -89.230324435999989, 15.900868815000024 ], [ -89.230548680999959, 15.900000811000041 ], [ -89.230679872999985, 15.899153740000031 ], [ -89.230575137999949, 15.898582285000032 ], [ -89.230307996999954, 15.898063264000029 ], [ -89.229944086999978, 15.897733180000046 ], [ -89.229219095999952, 15.897608845000036 ], [ -89.228710254999953, 15.897643946000073 ], [ -89.227792912999973, 15.897896371000058 ], [ -89.227123724999956, 15.897873393000054 ], [ -89.226542032999987, 15.897471820000078 ], [ -89.225793488999955, 15.896611630000052 ], [ -89.22533114, 15.896154612000032 ], [ -89.224606618999985, 15.895381693000047 ], [ -89.224296217999949, 15.894683695000026 ], [ -89.22416186199996, 15.89136174500004 ], [ -89.224117536999984, 15.890645842000026 ], [ -89.224149436999937, 15.890154607000056 ], [ -89.224177815999951, 15.888634609000064 ], [ -89.224060815999962, 15.888096780000069 ], [ -89.222424552999939, 15.886687535000021 ], [ -89.221772943999952, 15.88631857300004 ], [ -89.22112860499999, 15.886184350000065 ], [ -89.220549841999969, 15.886252052000032 ], [ -89.219579377999935, 15.886917482000058 ], [ -89.218810104999989, 15.887294287000032 ], [ -89.217386697999984, 15.887437424000041 ], [ -89.216831233999983, 15.887505523000073 ], [ -89.216353422999987, 15.887721614000043 ], [ -89.215797900999974, 15.888415723000037 ], [ -89.215568405999988, 15.889562216000058 ], [ -89.215397413999938, 15.890073567000059 ], [ -89.214994513999955, 15.890614688000028 ], [ -89.214465877999942, 15.891085928000052 ], [ -89.213862502999973, 15.891253566000046 ], [ -89.212773199999958, 15.891447643000049 ], [ -89.212588455999935, 15.892070415000035 ], [ -89.21331732799996, 15.892607697000074 ], [ -89.213994166999953, 15.892842902000041 ], [ -89.214523711999959, 15.893568439000035 ], [ -89.214509502999988, 15.894327304000058 ], [ -89.214286872999935, 15.895106197000075 ], [ -89.213626824999949, 15.89580974200004 ], [ -89.212924089999944, 15.896334318000072 ], [ -89.211511371999961, 15.897147592000067 ], [ -89.210285836999958, 15.897829916000035 ], [ -89.20912126099995, 15.898368926000046 ], [ -89.208181027999956, 15.898598299000071 ], [ -89.207510819999982, 15.898630513000057 ], [ -89.20671422199996, 15.89862779300006 ], [ -89.205964739999956, 15.898536789000048 ], [ -89.205193544999986, 15.898422842000059 ], [ -89.204577323999956, 15.898031889000038 ], [ -89.203757059999987, 15.898017462000041 ], [ -89.203225931999953, 15.898029549000057 ], [ -89.202538165999954, 15.898376134000046 ], [ -89.202034268999967, 15.898768813000061 ], [ -89.201062070999967, 15.899489372000062 ], [ -89.199928334999981, 15.900184523000064 ], [ -89.19926260799997, 15.900598029000037 ], [ -89.198830106999935, 15.900881417000051 ], [ -89.19833495599994, 15.901397186000054 ], [ -89.197757706999937, 15.902001737000035 ], [ -89.197286253999948, 15.902496486000075 ], [ -89.196749429999954, 15.902810743000032 ], [ -89.196108106999986, 15.90263926800003 ], [ -89.195621220999953, 15.902003556000068 ], [ -89.194615520999946, 15.901437646000034 ], [ -89.190624811999953, 15.899948297000037 ], [ -89.190099394999947, 15.899626587000057 ], [ -89.189587544999938, 15.899203600000021 ], [ -89.188965602999986, 15.898500073000037 ], [ -89.188163455999984, 15.898267087000022 ], [ -89.187652542999956, 15.898320098000056 ], [ -89.186894606999942, 15.898709375000067 ], [ -89.186346029999982, 15.899615555000025 ], [ -89.186172635999981, 15.900249765000069 ], [ -89.186032782999973, 15.900928559000022 ], [ -89.185977993999984, 15.90197881000006 ], [ -89.186204794999981, 15.903424305000044 ], [ -89.186275644999967, 15.903962447000026 ], [ -89.18645954499999, 15.904624403000071 ], [ -89.186688404999984, 15.905343552000033 ], [ -89.18691494699999, 15.90618560200005 ], [ -89.187107519999984, 15.907005619000074 ], [ -89.187186444999952, 15.907733397000072 ], [ -89.187232095999946, 15.908371480000028 ], [ -89.18697519899996, 15.909137309000073 ], [ -89.186481656999945, 15.909565088000022 ], [ -89.185480054999971, 15.910016590000055 ], [ -89.183212606999973, 15.910222360000034 ], [ -89.182297938999966, 15.910329112000056 ], [ -89.181671193999989, 15.910496226000078 ], [ -89.181147489999944, 15.910700129000077 ], [ -89.180494629999941, 15.911046118000058 ], [ -89.179699991999939, 15.911523811000052 ], [ -89.178810139999939, 15.912166746000025 ], [ -89.17741584099997, 15.913227084000027 ], [ -89.176469615999963, 15.913768621000031 ], [ -89.175830137999981, 15.913991886000076 ], [ -89.175148863999937, 15.913991081000063 ], [ -89.174515090999989, 15.913913291000028 ], [ -89.17377, 15.913620351000077 ], [ -89.170214630999965, 15.911701831000073 ], [ -89.169258821999961, 15.910935927000025 ], [ -89.16881695099994, 15.910481428000026 ], [ -89.168402643999968, 15.909802967000076 ], [ -89.168205004999948, 15.90867042800005 ], [ -89.168193151999958, 15.907452085000045 ], [ -89.168078001999959, 15.906825183000024 ], [ -89.16757000299998, 15.906201451000072 ], [ -89.167135796999958, 15.905958006000048 ], [ -89.16540652499998, 15.90520090800004 ], [ -89.164431469999954, 15.904837308000026 ], [ -89.163723078999965, 15.904455890000065 ], [ -89.163213815999939, 15.903899803000058 ], [ -89.162971273999972, 15.903292066000063 ], [ -89.162835832999974, 15.90250689800007 ], [ -89.162771564999957, 15.901656452000054 ], [ -89.16249049299995, 15.900622812000051 ], [ -89.16197484099996, 15.899820732000023 ], [ -89.161519667999983, 15.899455094000075 ], [ -89.160653266999986, 15.899294182000062 ], [ -89.160076264999987, 15.899451971000076 ], [ -89.159116921999953, 15.899490164000042 ], [ -89.158263957999964, 15.899419714000032 ], [ -89.157584712999949, 15.89928468100004 ], [ -89.156861532999983, 15.899069911000026 ], [ -89.156321989999981, 15.898882094000044 ], [ -89.155540283999983, 15.898711394000031 ], [ -89.15474315099999, 15.898708469000042 ], [ -89.154049025999939, 15.898773925000057 ], [ -89.152756794999959, 15.898728331000029 ], [ -89.151988480999989, 15.898436047000075 ], [ -89.151297803999967, 15.897708652000063 ], [ -89.15098173199999, 15.897322920000022 ], [ -89.150489661999984, 15.897090822000052 ], [ -89.149776650999968, 15.896955165000065 ], [ -89.14899034299998, 15.896996401000024 ], [ -89.148410494999951, 15.897120271000063 ], [ -89.147864953999942, 15.897278588000063 ], [ -89.147352514999966, 15.897504039000069 ], [ -89.146710307999967, 15.897872668000048 ], [ -89.145380727999964, 15.898563998000043 ], [ -89.14392165199996, 15.899353382000072 ], [ -89.142233086999966, 15.900105944000074 ], [ -89.139863801999979, 15.900801198000067 ], [ -89.139350699999966, 15.901060451000035 ], [ -89.13841544099995, 15.901668552000046 ], [ -89.137911421999945, 15.90206217900004 ], [ -89.137523176999935, 15.902435321000041 ], [ -89.13703398499996, 15.903242010000042 ], [ -89.136866096999938, 15.904189794000047 ], [ -89.136830850999957, 15.904814 ], [ -89.136594560999981, 15.905681608000066 ], [ -89.136143283999957, 15.906333324000059 ], [ -89.135660847999986, 15.906816432000028 ], [ -89.135273450999989, 15.907144466000034 ], [ -89.134539434999965, 15.907466288000023 ], [ -89.133600765999972, 15.907641199000068 ], [ -89.132768812999984, 15.907660121000049 ], [ -89.132157779999943, 15.90761532700003 ], [ -89.131296598999938, 15.907365287000061 ], [ -89.130512303999978, 15.906691422000051 ], [ -89.130130940999948, 15.906126292000067 ], [ -89.129784685999937, 15.905492990000027 ], [ -89.12963530899998, 15.904864351000072 ], [ -89.129598338999983, 15.904360663000034 ], [ -89.129521312999941, 15.902358462000052 ], [ -89.129396945999986, 15.901641169000072 ], [ -89.129165367999974, 15.901044891000026 ], [ -89.128671743999973, 15.900287137000078 ], [ -89.128182491999951, 15.899909550000075 ], [ -89.127019643999972, 15.899743190000038 ], [ -89.126475214999971, 15.899812365000059 ], [ -89.125740720999943, 15.900190545000044 ], [ -89.124694613999964, 15.901138329000048 ], [ -89.12323569299997, 15.902553513000043 ], [ -89.122707917999946, 15.902969226000039 ], [ -89.12224103599999, 15.903217984000037 ], [ -89.121775796999941, 15.903411507000044 ], [ -89.121194436999986, 15.903613089000032 ], [ -89.120327558999975, 15.903631337000036 ], [ -89.119625008999947, 15.90352847500003 ], [ -89.119039856999962, 15.903351027000042 ], [ -89.118605498999955, 15.903119901000025 ], [ -89.118196460999968, 15.902753886000028 ], [ -89.117734171999984, 15.902187286000071 ], [ -89.117288539999947, 15.90133 ], [ -89.116824267999959, 15.900260345000049 ], [ -89.11631472199997, 15.899121076000029 ], [ -89.115928652999969, 15.898197192000055 ], [ -89.115504190999957, 15.897451944000068 ], [ -89.114923635999958, 15.89700614700007 ], [ -89.114300132999972, 15.897006200000021 ], [ -89.113801256999977, 15.897131430000059 ], [ -89.113195104999988, 15.897532175000038 ], [ -89.112832538999953, 15.898265507000076 ], [ -89.11273823099998, 15.898957427000028 ], [ -89.11273999299999, 15.899471754000047 ], [ -89.112810838999962, 15.89996928000005 ], [ -89.113223354999946, 15.900759429000061 ], [ -89.114947190999942, 15.902388626000061 ], [ -89.116148582999983, 15.903550504000066 ], [ -89.116563936999967, 15.904194085000029 ], [ -89.116896633999943, 15.904893695000055 ], [ -89.116878168999961, 15.905854286000022 ], [ -89.116504386999964, 15.906685544000027 ], [ -89.11577684599996, 15.907275838000032 ], [ -89.115115187999947, 15.907470316000058 ], [ -89.114169189999984, 15.907420567000031 ], [ -89.110543168999982, 15.906795804000069 ], [ -89.109665218999965, 15.906813806000059 ], [ -89.109154229999945, 15.906961356000068 ], [ -89.108607153999969, 15.907197355000051 ], [ -89.108152336999979, 15.907423738000034 ], [ -89.107684802999984, 15.907705154000041 ], [ -89.10721228899996, 15.90824475200003 ], [ -89.106927391999989, 15.908664801000043 ], [ -89.10662834499999, 15.909183843000051 ], [ -89.106353593999984, 15.909681897000041 ], [ -89.105935745999943, 15.910378116000061 ], [ -89.10533170299999, 15.91114992100006 ], [ -89.104613617999973, 15.911851994000074 ], [ -89.104167194999945, 15.912246563000053 ], [ -89.103443428999981, 15.912668827000061 ], [ -89.102609325999936, 15.912799242000062 ], [ -89.10210091, 15.912812607000035 ], [ -89.100992104999989, 15.912803838000059 ], [ -89.100369869999952, 15.912736193000057 ], [ -89.099540081999976, 15.912643366000054 ], [ -89.098999234999951, 15.912555761000021 ], [ -89.098446979999949, 15.912455544000068 ], [ -89.097930159999976, 15.912300702000039 ], [ -89.097311153999954, 15.912066192000054 ], [ -89.095990670999981, 15.911673492000034 ], [ -89.093363566999983, 15.911347340000077 ], [ -89.089957607999963, 15.910737491000077 ], [ -89.088451257999964, 15.910375213000066 ], [ -89.087361422999948, 15.91002048200005 ], [ -89.086550259999967, 15.909569303000069 ], [ -89.085583213999939, 15.908802888000025 ], [ -89.08452824699998, 15.907822848000023 ], [ -89.083651204999967, 15.906622729000048 ], [ -89.082732777999979, 15.905153442000028 ], [ -89.081536503999985, 15.903108437000071 ], [ -89.080948930999966, 15.901857183000061 ], [ -89.080450135999968, 15.900775583000041 ], [ -89.080237444999966, 15.899844666000035 ], [ -89.080092417999936, 15.898970241000029 ], [ -89.07995551099998, 15.89830799200007 ], [ -89.079483723999942, 15.897606953000036 ], [ -89.07874882599998, 15.897403001000043 ], [ -89.077964215999941, 15.897959408000077 ], [ -89.077548844999967, 15.898555230000056 ], [ -89.077140423999936, 15.899363204000053 ], [ -89.076928715999941, 15.900153322000051 ], [ -89.076825263999979, 15.900709703000075 ], [ -89.076791274999948, 15.901289898000073 ], [ -89.076713763999976, 15.902880937000077 ], [ -89.076552052999943, 15.904666681000037 ], [ -89.076211131999969, 15.906168343000047 ], [ -89.075938692999955, 15.907114118000038 ], [ -89.075635803999944, 15.907857463000028 ], [ -89.075347901999976, 15.90839920600007 ], [ -89.074991041999965, 15.908950969000045 ], [ -89.07454285099999, 15.909434529000066 ], [ -89.073981271999969, 15.909815651000031 ], [ -89.073230844999955, 15.909779431000061 ], [ -89.072695250999971, 15.909423447000052 ], [ -89.072344096999984, 15.909082098000056 ], [ -89.071925435999958, 15.908616588000029 ], [ -89.071530458999973, 15.908161660000076 ], [ -89.07083999799994, 15.907439704000069 ], [ -89.068781061999971, 15.905234579000023 ], [ -89.067475068999954, 15.904104416000052 ], [ -89.066899586999966, 15.903434169000036 ], [ -89.066361799999981, 15.902563864000058 ], [ -89.066028179999989, 15.901921710000067 ], [ -89.065736914999945, 15.901468669000053 ], [ -89.065193909999948, 15.900866681000025 ], [ -89.064760963999959, 15.900567815000045 ], [ -89.064233786999978, 15.900380011000038 ], [ -89.063447083999961, 15.900443475000031 ], [ -89.062861339999984, 15.900869238000041 ], [ -89.062633160999951, 15.901903760000039 ], [ -89.062700416999974, 15.902608722000025 ], [ -89.062917406999986, 15.903344612000069 ], [ -89.063686132999976, 15.905370601000072 ], [ -89.063858152999956, 15.906022215000064 ], [ -89.063702534999948, 15.906891150000035 ], [ -89.063253031999977, 15.907441197000026 ], [ -89.062389354999937, 15.907894586000054 ], [ -89.061483273999954, 15.908191565000038 ], [ -89.060342898999977, 15.908639891000064 ], [ -89.059686727999974, 15.909119615000066 ], [ -89.059376704999977, 15.909628215000055 ], [ -89.059016164999946, 15.910336637000057 ], [ -89.058908877999954, 15.911116225000058 ], [ -89.059006326999963, 15.912034885000025 ], [ -89.059024001999944, 15.91348778400004 ], [ -89.058983248999937, 15.914381366000043 ], [ -89.058949195999958, 15.914961546000029 ], [ -89.058659918999979, 15.915570896000077 ], [ -89.057980998999938, 15.916050191000068 ], [ -89.056885269999952, 15.916566970000076 ], [ -89.055837760999964, 15.916971851000028 ], [ -89.055003133999946, 15.917158448000066 ], [ -89.054265671999985, 15.91705472700005 ], [ -89.053349135999952, 15.916691725000078 ], [ -89.052712588999952, 15.916165807000027 ], [ -89.052148406999947, 15.915485582000031 ], [ -89.051616724999974, 15.914335673000039 ], [ -89.051093997999942, 15.912728053000023 ], [ -89.050896168999941, 15.911014737000073 ], [ -89.051072812999962, 15.909073703000047 ], [ -89.051365115999943, 15.907117869000047 ], [ -89.051719046999949, 15.904363574000058 ], [ -89.05164294299999, 15.903546807000055 ], [ -89.051387598999952, 15.903016593000075 ], [ -89.051002849999975, 15.902608065000038 ], [ -89.050482037999984, 15.902095547000044 ], [ -89.049839431999942, 15.901881912000022 ], [ -89.049111914999969, 15.901868591000039 ], [ -89.048567863999949, 15.901948849000064 ], [ -89.048045249999973, 15.902094907000048 ], [ -89.047520209999959, 15.902364972000044 ], [ -89.04700463599994, 15.902746860000036 ], [ -89.046252923999987, 15.903404102000025 ], [ -89.045686760999956, 15.904018504000078 ], [ -89.045367252999938, 15.904415257000039 ], [ -89.045126603999961, 15.904891271000054 ], [ -89.044835929999977, 15.905600941000046 ], [ -89.043852074999961, 15.910433384000044 ], [ -89.043482735999987, 15.91158819900005 ], [ -89.042998613999941, 15.91274203100005 ], [ -89.042612665999968, 15.91358414900003 ], [ -89.042175910999958, 15.91404527800006 ], [ -89.041683372999955, 15.914438844000074 ], [ -89.040960459999951, 15.91478306700003 ], [ -89.040219649999983, 15.914881109000078 ], [ -89.039699606999989, 15.914894111000024 ], [ -89.038825203999977, 15.914732568000034 ], [ -89.038148211999953, 15.914518258000044 ], [ -89.037416607999944, 15.914147316000026 ], [ -89.033481509999945, 15.912220940000054 ], [ -89.031395739999937, 15.911433737000038 ], [ -89.030463336999958, 15.91125981600004 ], [ -89.029288316999953, 15.91112653600004 ], [ -89.028540705999944, 15.910978567000029 ], [ -89.026926411999966, 15.910871014000065 ], [ -89.023391427999968, 15.910917497000071 ], [ -89.021361188999947, 15.910834936000072 ], [ -89.020796546999975, 15.91074670200004 ], [ -89.02017615599999, 15.910589777000041 ], [ -89.019479117999936, 15.910241975000076 ], [ -89.018988215999968, 15.909930682000038 ], [ -89.018364761999976, 15.909338390000073 ], [ -89.017814315999942, 15.907998636000059 ], [ -89.01766276799998, 15.906878260000042 ], [ -89.017709607999961, 15.906275790000052 ], [ -89.017947774999982, 15.905308086000048 ], [ -89.018334678999963, 15.904420939000033 ], [ -89.018684126999972, 15.903689855000039 ], [ -89.01905782099999, 15.902881405000073 ], [ -89.019628191999971, 15.901494671000023 ], [ -89.020617802999936, 15.899322872000027 ], [ -89.021000508999975, 15.898055593000038 ], [ -89.021094430999938, 15.897398730000077 ], [ -89.021133798999983, 15.896582978000026 ], [ -89.021066909999945, 15.895866762000026 ], [ -89.020548241999961, 15.895221160000062 ], [ -89.019968285999937, 15.894581190000054 ], [ -89.015848025999958, 15.89575243400003 ], [ -89.010804836999966, 15.897040728000036 ], [ -89.007757765999941, 15.89747380700004 ], [ -89.005638542999975, 15.897568787000068 ], [ -89.004115162999938, 15.897762742000054 ], [ -89.002910905999954, 15.898141903000067 ], [ -89.00174915499997, 15.898698894000063 ], [ -89.000818333999973, 15.899216176000039 ], [ -88.998848173999988, 15.901051643000073 ], [ -88.998188118999963, 15.901841200000035 ], [ -88.997531587999958, 15.902452638000057 ], [ -88.997109541999976, 15.902845143000036 ], [ -88.996271898999964, 15.90327504000004 ], [ -88.995485249999945, 15.903483725000058 ], [ -88.994514860999971, 15.903643884000076 ], [ -88.993686625999942, 15.90362850300005 ], [ -88.991849056999968, 15.903416191000076 ], [ -88.99047840299994, 15.902900169000077 ], [ -88.989025735999974, 15.901849219000042 ], [ -88.983518763999939, 15.896356412000046 ], [ -88.982839221999939, 15.895809241000052 ], [ -88.981879205999974, 15.895478998000044 ], [ -88.980136433999974, 15.895134175000067 ], [ -88.97765394399994, 15.894954853000058 ], [ -88.971253541999943, 15.895057618000067 ], [ -88.970426690999943, 15.89497564800007 ], [ -88.968913991999955, 15.894636161000051 ], [ -88.96776820599996, 15.894391477000056 ], [ -88.967219643999954, 15.894203056000038 ], [ -88.966263208999976, 15.893695774000037 ], [ -88.958768481999982, 15.888654764000023 ], [ -88.957857548999982, 15.888147179000043 ], [ -88.956941837999977, 15.887907884000072 ], [ -88.955883667999956, 15.887888065000027 ], [ -88.954087018999985, 15.88794348700003 ], [ -88.952237817999958, 15.888354248000041 ], [ -88.950112889999957, 15.888714711000034 ], [ -88.947156821999954, 15.889238847000058 ], [ -88.94066152399995, 15.889473140000064 ], [ -88.935866386999976, 15.889873437000062 ], [ -88.930597126999942, 15.89026919500003 ], [ -88.930124113999966, 15.890961658000037 ], [ -88.929635979999944, 15.891131747000031 ], [ -88.928402995999988, 15.891577584000061 ], [ -88.927634521999948, 15.891897990000075 ], [ -88.926979990999939, 15.892288200000053 ], [ -88.926280815999974, 15.892609908000054 ], [ -88.925770743999976, 15.892711915000064 ], [ -88.925214213999936, 15.892835595000065 ], [ -88.924590175999981, 15.892868918000033 ], [ -88.923712681999973, 15.892874898000059 ], [ -88.922927226999946, 15.892881486000022 ], [ -88.922350231999985, 15.892893137000044 ], [ -88.921840162999956, 15.892995135000035 ], [ -88.921304544999941, 15.893208280000067 ], [ -88.920559787999935, 15.893507681000074 ], [ -88.919382252999981, 15.893485420000047 ], [ -88.917128496999965, 15.89459746700004 ], [ -88.912726588999988, 15.899316604000035 ], [ -88.912489507999965, 15.898652465000055 ], [ -88.912225491999948, 15.898023899000066 ], [ -88.911500448999959, 15.897002084000064 ], [ -88.910772385999962, 15.896907101000068 ], [ -88.909830057999955, 15.896575768000048 ], [ -88.909166226999957, 15.896272264000061 ], [ -88.908050661999937, 15.895491110000023 ], [ -88.906262596999966, 15.893713934000061 ], [ -88.902726899999948, 15.889289824000059 ], [ -88.900150955999948, 15.88537554100003 ], [ -88.896254905999967, 15.879402006000078 ], [ -88.893263383999965, 15.874362365000025 ], [ -88.890344060999951, 15.870306208000045 ], [ -88.888111831999936, 15.867672576000075 ], [ -88.886698768999963, 15.865634097000054 ], [ -88.885711122999965, 15.864274617000035 ], [ -88.88466860799997, 15.863294082000039 ], [ -88.883758456999942, 15.862650952000024 ], [ -88.882134085999951, 15.861927691000062 ], [ -88.88043636399999, 15.861403730000063 ], [ -88.878891311999951, 15.861306632000037 ], [ -88.87678494499994, 15.86160135700004 ], [ -88.87550201099998, 15.862247784000033 ], [ -88.874519840999938, 15.862854838000032 ], [ -88.873867194999946, 15.863154717000043 ], [ -88.873358562999954, 15.863190109000072 ], [ -88.872807584999975, 15.863045412000076 ], [ -88.872214263999979, 15.862720625000065 ], [ -88.870958175999988, 15.862049420000062 ], [ -88.869860661999951, 15.861514292000038 ], [ -88.868666610999981, 15.86120057100004 ], [ -88.86783666599996, 15.86114073400006 ], [ -88.867121687999941, 15.86112706800003 ], [ -88.866289947999974, 15.861155143000076 ], [ -88.865596296999968, 15.861209532000032 ], [ -88.864648817999978, 15.861257937000062 ], [ -88.86393415699996, 15.861200291000046 ], [ -88.863404668999976, 15.861145061000059 ], [ -88.862163141999986, 15.860875498000041 ], [ -88.861609904999966, 15.86084235900006 ], [ -88.861101284999961, 15.860877723000044 ], [ -88.860539364999966, 15.861269497000023 ], [ -88.85988535599995, 15.861635830000068 ], [ -88.859255968999946, 15.861937233000049 ], [ -88.857475354999963, 15.863221212000042 ], [ -88.855548838999937, 15.864859804000048 ], [ -88.854636364999976, 15.865445538000074 ], [ -88.853820108999969, 15.865854963000061 ], [ -88.852937770999972, 15.866106389000038 ], [ -88.852128729999947, 15.866134837000061 ], [ -88.85120817699999, 15.866005545000064 ], [ -88.850451652999936, 15.865745220000065 ], [ -88.849717959999964, 15.865507883000078 ], [ -88.848960516999966, 15.865292638000028 ], [ -88.848383527999943, 15.86528155600007 ], [ -88.847780037999939, 15.86542668900006 ], [ -88.84717715499994, 15.865570708000064 ], [ -88.846668525999974, 15.865606034000052 ], [ -88.845583836999936, 15.865585188000068 ], [ -88.843718569999965, 15.865370053000049 ], [ -88.841433460999951, 15.865348652000023 ], [ -88.840397068999948, 15.86521708500004 ], [ -88.839823304999982, 15.865049319000036 ], [ -88.839206743999966, 15.864725129000021 ], [ -88.838752063999948, 15.864402926000025 ], [ -88.837932705999947, 15.863829032000069 ], [ -88.836960095999984, 15.863967029000037 ], [ -88.836736628999972, 15.86472266800007 ], [ -88.836425315999975, 15.865274790000058 ], [ -88.834682287999954, 15.866961788000026 ], [ -88.832984299999964, 15.868694736000066 ], [ -88.832085402999951, 15.869749660000025 ], [ -88.831232607999937, 15.870828017000065 ], [ -88.830803105999962, 15.871489469000039 ], [ -88.830229618999965, 15.87243903500007 ], [ -88.829873971999973, 15.87287979000007 ], [ -88.829363031999947, 15.873026652000021 ], [ -88.828670754999962, 15.873013288000038 ], [ -88.827960833999953, 15.872753784000054 ], [ -88.827112226999986, 15.872469050000063 ], [ -88.826538931999949, 15.872278704000053 ], [ -88.825836384999945, 15.871661921000054 ], [ -88.825157016999981, 15.871023034000075 ], [ -88.824447899999939, 15.870697014000029 ], [ -88.823853159999942, 15.870417177000036 ], [ -88.822938171999965, 15.870019524000043 ], [ -88.822095703999935, 15.869466550000027 ], [ -88.821416215999989, 15.868806232000054 ], [ -88.820895493999956, 15.868327126000054 ], [ -88.819553542999984, 15.867339419000075 ], [ -88.817644413999972, 15.865895376000026 ], [ -88.816186871999946, 15.864950519000047 ], [ -88.815318715999979, 15.864487230000066 ], [ -88.814651605999984, 15.864385240000047 ], [ -88.813317298999948, 15.864157581000029 ], [ -88.810665485999948, 15.864017132000072 ], [ -88.808226611999942, 15.863634990000037 ], [ -88.804885844999944, 15.863324391000049 ], [ -88.802430213999969, 15.862628424000036 ], [ -88.798371205999956, 15.861343182000041 ], [ -88.794369841999981, 15.859500903000026 ], [ -88.790476354999953, 15.856899631000033 ], [ -88.785960575999979, 15.853170012000078 ], [ -88.779425664999962, 15.848864286000037 ], [ -88.774320734999947, 15.845703642000046 ], [ -88.765617945999963, 15.840216567000027 ], [ -88.761242835999951, 15.837516439000069 ], [ -88.758696317999977, 15.835679605000053 ], [ -88.755596326999978, 15.833830773000045 ], [ -88.753749735999975, 15.832722398000044 ], [ -88.751168977999953, 15.831442896000055 ], [ -88.749278795999942, 15.830222026000058 ], [ -88.748487869999963, 15.829424080000024 ], [ -88.747995763999938, 15.828677097000025 ], [ -88.747778265999955, 15.828024568000046 ], [ -88.747588361999988, 15.82719445400005 ], [ -88.747488447999956, 15.826432620000048 ], [ -88.747411452999984, 15.825716336000028 ], [ -88.747405944999969, 15.824867292000022 ], [ -88.747557238999946, 15.824260336000066 ], [ -88.749368822999941, 15.823670180000022 ], [ -88.75023185799995, 15.823108751000063 ], [ -88.750701450999941, 15.822650087000056 ], [ -88.751195267999947, 15.822146802000077 ], [ -88.751853894999954, 15.821447192000051 ], [ -88.752210102999982, 15.820897236000064 ], [ -88.752432198999941, 15.820189066000069 ], [ -88.752653715999941, 15.819480885000075 ], [ -88.752964045999988, 15.818952576000072 ], [ -88.753428956999983, 15.818717038000045 ], [ -88.754102011999976, 15.818440482000028 ], [ -88.754681579999954, 15.818207189000077 ], [ -88.755220883999982, 15.817727326000067 ], [ -88.755528872999946, 15.817310580000026 ], [ -88.755769462999979, 15.816803444000072 ], [ -88.75608105699996, 15.816186085000027 ], [ -88.756487522999976, 15.815458970000066 ], [ -88.756969180999988, 15.814421030000062 ], [ -88.758680652999942, 15.811759996000035 ], [ -88.759271927999976, 15.810992514000077 ], [ -88.759788835999984, 15.810468229000037 ], [ -88.760673122999947, 15.809972544000061 ], [ -88.76139627799995, 15.809497383000064 ], [ -88.76200466399996, 15.80899742400004 ], [ -88.762569393999968, 15.808384998000065 ], [ -88.763182562999987, 15.807683319000034 ], [ -88.7637709, 15.807027379000033 ], [ -88.764333765999936, 15.806503973000076 ], [ -88.765108464999969, 15.805761473000075 ], [ -88.765995490999956, 15.80513277700004 ], [ -88.766927214999953, 15.804594015000077 ], [ -88.768064937999952, 15.804060394000032 ], [ -88.76908352099997, 15.803767970000024 ], [ -88.77009919599999, 15.803587097000047 ], [ -88.770837602999961, 15.803468459000044 ], [ -88.771782751999979, 15.803375269000071 ], [ -88.772818004999976, 15.803372901000046 ], [ -88.773921910999945, 15.80337299200005 ], [ -88.774910720999969, 15.803392256000052 ], [ -88.775922229999935, 15.803411958000027 ], [ -88.777005317999965, 15.803321431000029 ], [ -88.77776412899999, 15.803313656000057 ], [ -88.778959899999961, 15.803348206000067 ], [ -88.780158108999956, 15.803237355000022 ], [ -88.780809190999946, 15.802893746000052 ], [ -88.781277852999949, 15.802502620000041 ], [ -88.781562043999941, 15.802106775000027 ], [ -88.782089959999951, 15.80104822100003 ], [ -88.782148862999975, 15.800425887000074 ], [ -88.782165481999982, 15.799624595000068 ], [ -88.781860614999971, 15.798771952000038 ], [ -88.781508483999971, 15.798008589000062 ], [ -88.780951150999954, 15.797173588000078 ], [ -88.780437373999973, 15.796428503000072 ], [ -88.77964680499997, 15.795723130000056 ], [ -88.778787590999968, 15.795015293000063 ], [ -88.77779043399994, 15.794305897000072 ], [ -88.776588421999975, 15.793480897000052 ], [ -88.775476050999941, 15.792769251000038 ], [ -88.774885322999978, 15.792422902000055 ], [ -88.774272230999941, 15.792032147000043 ], [ -88.773592764999989, 15.791529608000076 ], [ -88.773543989999951, 15.790570335000041 ], [ -88.774109541999962, 15.789913904000059 ], [ -88.774626352999974, 15.789389558000039 ], [ -88.775121869999964, 15.788797149000061 ], [ -88.77552345, 15.788270559000068 ], [ -88.775879633999978, 15.787743082000077 ], [ -88.776007211999968, 15.787122089000036 ], [ -88.776160383999979, 15.786389979000035 ], [ -88.776370140999973, 15.785147108000047 ], [ -88.776370077999957, 15.784055742000078 ], [ -88.776387168999975, 15.783231916000034 ], [ -88.776496182999949, 15.78241100200006 ], [ -88.776579181999978, 15.781721495000056 ], [ -88.776706862999959, 15.781123052000055 ], [ -88.776929269999982, 15.780392283000026 ], [ -88.777148778999958, 15.779773075000037 ], [ -88.777397102999942, 15.778887222000037 ], [ -88.777482966999969, 15.778087280000022 ], [ -88.777607769999975, 15.777599268000074 ], [ -88.777984773999947, 15.777161257000046 ], [ -88.778646121999941, 15.777441313000054 ], [ -88.778959166999982, 15.777870188000065 ], [ -88.779337748999978, 15.778479602000061 ], [ -88.779686609999942, 15.779399612000077 ], [ -88.780060480999964, 15.780208493000032 ], [ -88.780486911999958, 15.780728639000074 ], [ -88.781023827999945, 15.781451617000073 ], [ -88.781604877999939, 15.782264520000069 ], [ -88.782307598999978, 15.782768610000062 ], [ -88.782781857999964, 15.783200615000055 ], [ -88.783602475999942, 15.783550277000074 ], [ -88.784560991999967, 15.783903741000074 ], [ -88.785476783999968, 15.78409965700007 ], [ -88.786716819999981, 15.784212790000026 ], [ -88.789060124999935, 15.784324768000033 ], [ -88.789977768999961, 15.784431631000075 ], [ -88.791242353999962, 15.784456147000071 ], [ -88.792324882999935, 15.784388059000037 ], [ -88.793826236999962, 15.784083418000023 ], [ -88.794611479999958, 15.783920487000046 ], [ -88.795673500999953, 15.783717816000035 ], [ -88.796645525999963, 15.783446875000038 ], [ -88.797341098999937, 15.783171707000065 ], [ -88.798105157999942, 15.782963255000027 ], [ -88.798864814999945, 15.782911432000049 ], [ -88.799748886999964, 15.782416663000049 ], [ -88.800178860999949, 15.781667318000075 ], [ -88.800740196999982, 15.781210271000077 ], [ -88.801208654999982, 15.780796526000074 ], [ -88.803604733999975, 15.778347733000032 ], [ -88.806126165999956, 15.775434544000063 ], [ -88.807061658999942, 15.774673512000049 ], [ -88.807577453999954, 15.774193012000069 ], [ -88.808135064999988, 15.773915136000028 ], [ -88.808807461999947, 15.773660895000035 ], [ -88.809427804999984, 15.773672861000023 ], [ -88.810643183999957, 15.773851894000074 ], [ -88.811467964999963, 15.774000838000063 ], [ -88.812566414999935, 15.774289227000054 ], [ -88.813638836999985, 15.774711280000076 ], [ -88.814620120999962, 15.77506392500004 ], [ -88.815714463999939, 15.775552912000023 ], [ -88.816531483999938, 15.776080530000058 ], [ -88.817565136999974, 15.77643529900007 ], [ -88.818407736999973, 15.776851779000026 ], [ -88.818925182999976, 15.777396173000056 ], [ -88.819351266999945, 15.777938805000076 ], [ -88.819825151999964, 15.778393288000075 ], [ -88.820186079999985, 15.778735100000063 ], [ -88.820792757999982, 15.779414252000038 ], [ -88.821442780999973, 15.780250960000046 ], [ -88.822202438999966, 15.781334443000048 ], [ -88.823221414999978, 15.782122996000055 ], [ -88.823808602999975, 15.782646176000071 ], [ -88.824487285999965, 15.783193661000041 ], [ -88.825004884999942, 15.783760600000051 ], [ -88.825381830999959, 15.784457879000058 ], [ -88.82559800699994, 15.785130645000038 ], [ -88.825583631999962, 15.785831675000054 ], [ -88.82606790799997, 15.786888435000037 ], [ -88.826509420999969, 15.787787652000077 ], [ -88.827024308999967, 15.788487583000062 ], [ -88.827677451999989, 15.789146197000036 ], [ -88.828514650999978, 15.78982977000004 ], [ -88.829785586999947, 15.790656976000037 ], [ -88.830740325999955, 15.791231180000068 ], [ -88.831331183999964, 15.791577396000037 ], [ -88.831927078999968, 15.791677916000026 ], [ -88.832502100999989, 15.791688957000076 ], [ -88.833194523999964, 15.791568077000022 ], [ -88.83375492, 15.791156017000048 ], [ -88.834111445999952, 15.790605869000046 ], [ -88.83450879899999, 15.790279750000025 ], [ -88.835323279999955, 15.789827459000037 ], [ -88.83599878199999, 15.789395050000053 ], [ -88.836718119999944, 15.789096527000027 ], [ -88.837434714999972, 15.788932120000027 ], [ -88.838150846999952, 15.788790253000059 ], [ -88.839031252999973, 15.788473384000042 ], [ -88.839641268999969, 15.787882979000074 ], [ -88.84011968499999, 15.786979984000027 ], [ -88.840790752999965, 15.786792142000024 ], [ -88.841296507999971, 15.786801830000059 ], [ -88.842353998999954, 15.78682208400005 ], [ -88.843204421999985, 15.78686091700007 ], [ -88.844261478999954, 15.786902576000045 ], [ -88.845225638999977, 15.786988680000036 ], [ -88.845914996999966, 15.787045846000069 ], [ -88.846785844999943, 15.787196683000047 ], [ -88.847813383999949, 15.78757263600005 ], [ -88.84873113499998, 15.787679261000051 ], [ -88.849337037999987, 15.787289444000066 ], [ -88.849051516999964, 15.786615361000031 ], [ -88.848507040999948, 15.786248651000051 ], [ -88.847872863999953, 15.785769725000023 ], [ -88.847418533999985, 15.785493811000038 ], [ -88.846899958999984, 15.784970868000073 ], [ -88.847011892999944, 15.783993186000032 ], [ -88.847410717999935, 15.783621964000076 ], [ -88.847720351999953, 15.783227611000029 ], [ -88.848354860999962, 15.783147285000041 ], [ -88.849023112999987, 15.78318261000004 ], [ -88.849550695999937, 15.783349422000072 ], [ -88.849955642999987, 15.783848765000073 ], [ -88.850312919999965, 15.784458823000023 ], [ -88.850971161999951, 15.784985558000074 ], [ -88.85163760599994, 15.785109918000046 ], [ -88.852190315999962, 15.785187 ], [ -88.853112788999965, 15.785204619000069 ], [ -88.853905958999974, 15.784795813000073 ], [ -88.854626120999967, 15.784541208000064 ], [ -88.855667141999959, 15.784426903000053 ], [ -88.856475754999963, 15.784374682000077 ], [ -88.857427173999952, 15.784114331000069 ], [ -88.85921392299997, 15.783633122000026 ], [ -88.860011058999987, 15.78299998500006 ], [ -88.860429952999937, 15.782270555000025 ], [ -88.86071992899997, 15.781639019000067 ], [ -88.861364294999987, 15.78115968700007 ], [ -88.862002749999988, 15.780971149000038 ], [ -88.862793729999964, 15.780640062000032 ], [ -88.863295930999982, 15.780337296000027 ], [ -88.863727820999941, 15.779540451000059 ], [ -88.863391975999946, 15.779019892000065 ], [ -88.86289792599996, 15.778921407000041 ], [ -88.86212412499998, 15.778951770000049 ], [ -88.861482340999942, 15.778760262000048 ], [ -88.861297546999936, 15.778198606000046 ], [ -88.86172378599997, 15.777078050000057 ], [ -88.862900722999939, 15.774799141000074 ], [ -88.863387177999982, 15.773579373000075 ], [ -88.863219030999971, 15.772771102000036 ], [ -88.86258029399994, 15.77240150800003 ], [ -88.862104700999964, 15.771968492000042 ], [ -88.86237024799999, 15.771391735000066 ], [ -88.863003825999954, 15.770868212000039 ], [ -88.863361880999946, 15.770294339000031 ], [ -88.863534891999961, 15.76971581600003 ], [ -88.86387737199999, 15.768761662000031 ], [ -88.86453693499999, 15.768104447000042 ], [ -88.864981051999962, 15.767821987000048 ], [ -88.865631432999976, 15.767588555000032 ], [ -88.866235045999986, 15.767421881000075 ], [ -88.866770777999989, 15.767186264000031 ], [ -88.867242567999938, 15.766658517000053 ], [ -88.867370478999987, 15.766035157000033 ], [ -88.867361354999957, 15.765365215000031 ], [ -88.867429971999968, 15.764249112000073 ], [ -88.86770362599998, 15.763271087000078 ], [ -88.868136670999945, 15.762385165000069 ], [ -88.868516622999948, 15.761878219000039 ], [ -88.869128242999977, 15.761286597000037 ], [ -88.86957231699995, 15.761005251000029 ], [ -88.870435982999936, 15.760530041000038 ], [ -88.871038559999988, 15.76038475200005 ], [ -88.871762371999978, 15.759973406000029 ], [ -88.871845631999975, 15.759282665000057 ], [ -88.871390472999963, 15.758961688000056 ], [ -88.870153724999966, 15.758513116000074 ], [ -88.869051728999978, 15.758223827000052 ], [ -88.868510522999941, 15.757610302000046 ], [ -88.868525910999949, 15.756850620000023 ], [ -88.868930801999966, 15.756232518000047 ], [ -88.869310132999942, 15.755726683000034 ], [ -88.869983206999962, 15.754398797000022 ], [ -88.870589304999953, 15.752956880000056 ], [ -88.87091566099997, 15.751644957000053 ], [ -88.871746048999967, 15.749359364000043 ], [ -88.872225128999958, 15.748496849000048 ], [ -88.872532951999972, 15.748100149000038 ], [ -88.873379130999979, 15.747334795000029 ], [ -88.874009907999948, 15.746944216000031 ], [ -88.874756917999946, 15.746534415000042 ], [ -88.875471955999956, 15.746525418000033 ], [ -88.87650896599996, 15.746600321000074 ], [ -88.876914469999974, 15.745949505000056 ], [ -88.877269160999958, 15.745508580000035 ], [ -88.877737372999945, 15.745182561000036 ], [ -88.878506175999973, 15.744817131000048 ], [ -88.880086583999969, 15.744243803000074 ], [ -88.881216646999974, 15.744265192000057 ], [ -88.882629992999966, 15.743979595000042 ], [ -88.883120003999977, 15.743697951000058 ], [ -88.883657907999975, 15.743350684000063 ], [ -88.884550024999953, 15.742585016000078 ], [ -88.885279132999983, 15.741906468000025 ], [ -88.885820487999979, 15.741358547000061 ], [ -88.886731372999975, 15.74081648300006 ], [ -88.88694931699996, 15.741440770000054 ], [ -88.886385116999975, 15.741966836000074 ], [ -88.885848131999978, 15.742269027000077 ], [ -88.885004819999949, 15.742923995000069 ], [ -88.884529870999984, 15.74358479600005 ], [ -88.88481289899994, 15.744416661000059 ], [ -88.885528065999949, 15.744430182000031 ], [ -88.886062228999947, 15.744239570000047 ], [ -88.886506395999959, 15.743979602000024 ], [ -88.886999991999971, 15.743519857000024 ], [ -88.887407045999964, 15.742790111000033 ], [ -88.887745306999989, 15.742036511000038 ], [ -88.888511575999985, 15.741766837000057 ], [ -88.88908915199994, 15.741732642000045 ], [ -88.890076807999947, 15.741974553000034 ], [ -88.889923020999959, 15.742731642000024 ], [ -88.889335546999973, 15.743257277000055 ], [ -88.888215142999968, 15.743883345000029 ], [ -88.885930248999955, 15.74506923000007 ], [ -88.884142527999984, 15.745617257000049 ], [ -88.882264677999956, 15.746073356000068 ], [ -88.880877297999973, 15.74622525500007 ], [ -88.879859281999984, 15.746362718000057 ], [ -88.87918616099995, 15.74657323100007 ], [ -88.878483433999975, 15.747096645000056 ], [ -88.877545200999975, 15.747837728000036 ], [ -88.876536470999952, 15.748667672000067 ], [ -88.876244583999949, 15.749399568000058 ], [ -88.876111092999963, 15.751453720000029 ], [ -88.8757869, 15.752631519000033 ], [ -88.875473672999988, 15.753295355000034 ], [ -88.875570825999944, 15.754191355000046 ], [ -88.876308839999979, 15.754227900000046 ], [ -88.876935560999982, 15.754039074000048 ], [ -88.87791473499999, 15.753520909000031 ], [ -88.878666295999949, 15.752886797000031 ], [ -88.87913756599994, 15.752381552000031 ], [ -88.879850794999982, 15.751367845000061 ], [ -88.880725536999989, 15.750312089000033 ], [ -88.881269786999951, 15.749651487000051 ], [ -88.882341115999964, 15.749151953000023 ], [ -88.883360943999946, 15.748925439000061 ], [ -88.884799270999963, 15.748528678000071 ], [ -88.885755708999966, 15.748010038000075 ], [ -88.887109285999941, 15.74725421200003 ], [ -88.888981545999968, 15.745948896000073 ], [ -88.890183244999946, 15.744697424000037 ], [ -88.891901790999952, 15.742986622000046 ], [ -88.892906963999962, 15.742358355000022 ], [ -88.894329621999987, 15.741580096000064 ], [ -88.895794317999957, 15.741027006000024 ], [ -88.897457778999978, 15.740924179000046 ], [ -88.899143483999978, 15.740844311000046 ], [ -88.900138333999962, 15.740728864000062 ], [ -88.900950375999969, 15.740498341000034 ], [ -88.902042550999965, 15.74011635100004 ], [ -88.903205628999956, 15.739624056000025 ], [ -88.90386452499996, 15.738989210000057 ], [ -88.904058845999941, 15.738501233000022 ], [ -88.904306431999942, 15.737679360000072 ], [ -88.904247041999952, 15.737186607000069 ], [ -88.904003186999944, 15.736690386000078 ], [ -88.903621744999953, 15.736146473000076 ], [ -88.903615038999988, 15.735319817000061 ], [ -88.90381116399999, 15.734741664000069 ], [ -88.904075153999941, 15.734233569000025 ], [ -88.904392472999973, 15.73350434200006 ], [ -88.90479675499995, 15.732908678000058 ], [ -88.905368708999958, 15.73257325700007 ], [ -88.906101971999988, 15.732263420000038 ], [ -88.906646399999943, 15.732139468000071 ], [ -88.907168584999965, 15.731992543000047 ], [ -88.90778562, 15.731701939000061 ], [ -88.908771236999939, 15.730882643000029 ], [ -88.909563638999941, 15.730467908000037 ], [ -88.910652839999955, 15.730231263000064 ], [ -88.911285767999971, 15.730309674000068 ], [ -88.91182226899997, 15.730610669000043 ], [ -88.91239746299999, 15.731247287000031 ], [ -88.912700298999937, 15.731676952000043 ], [ -88.912939684999969, 15.732397478000053 ], [ -88.913399373999937, 15.733075906000067 ], [ -88.914190366999946, 15.73331401300004 ], [ -88.914858872999957, 15.733360382000058 ], [ -88.915389662999985, 15.733336510000072 ], [ -88.916545443999951, 15.733235274000037 ], [ -88.916871269999945, 15.732515199000034 ], [ -88.916801311999961, 15.731966992000025 ], [ -88.916800752999961, 15.73144151300005 ], [ -88.91735031199994, 15.731060531000026 ], [ -88.917889601999946, 15.731193550000057 ], [ -88.918678948999968, 15.731543243000033 ], [ -88.919557989999987, 15.732007378000048 ], [ -88.920975902999942, 15.732625941000038 ], [ -88.92200745699995, 15.733528185000068 ], [ -88.922236522999981, 15.734213559000068 ], [ -88.92229550799999, 15.734728861000065 ], [ -88.922382820999985, 15.73554576600003 ], [ -88.922868125999969, 15.736080327000025 ], [ -88.923766211999975, 15.736174945000073 ], [ -88.924435258999949, 15.736166044000072 ], [ -88.925316098999986, 15.735958132000064 ], [ -88.926007392999963, 15.735446720000027 ], [ -88.926383902999987, 15.735073753000052 ], [ -88.927224090999971, 15.734597820000033 ], [ -88.927702177999947, 15.734327110000038 ], [ -88.928563860999986, 15.733940658000051 ], [ -88.928889425999955, 15.733231825000075 ], [ -88.92888149199996, 15.732461504000071 ], [ -88.928642042999968, 15.731740983000066 ], [ -88.928274818999967, 15.731064305000075 ], [ -88.927952242999936, 15.730454993000023 ], [ -88.927655165999965, 15.729734523000047 ], [ -88.927493709999965, 15.729160922000062 ], [ -88.927241484999968, 15.72849767200006 ], [ -88.926695177999989, 15.727548143000035 ], [ -88.925720712999976, 15.726088813000047 ], [ -88.924374406999959, 15.724186136000071 ], [ -88.924339786999951, 15.723616037000056 ], [ -88.924377626999956, 15.722856724000053 ], [ -88.924759657999971, 15.722205335000069 ], [ -88.925445125999943, 15.721983606000038 ], [ -88.926902537999979, 15.72178645300005 ], [ -88.927907689999984, 15.721704878000025 ], [ -88.928692577999982, 15.721664286000077 ], [ -88.929702847999977, 15.721325698000044 ], [ -88.930193340999949, 15.721043930000064 ], [ -88.930847006999954, 15.720664845000044 ], [ -88.931865051999978, 15.719935100000043 ], [ -88.932592464999971, 15.719301414000029 ], [ -88.933144766999987, 15.71880879400004 ], [ -88.933745345999967, 15.718171606000055 ], [ -88.934404755999935, 15.717502814000056 ], [ -88.93484016299999, 15.717063261000021 ], [ -88.93564592499996, 15.716586633000077 ], [ -88.936442994999936, 15.716518047000022 ], [ -88.937075686999947, 15.716607648000036 ], [ -88.938154603999976, 15.716884855000046 ], [ -88.938992338999981, 15.717113588000075 ], [ -88.939889677999986, 15.717800125000053 ], [ -88.939886678999983, 15.718537549000075 ], [ -88.939790937999987, 15.719284522000066 ], [ -88.939723796999942, 15.719763649000072 ], [ -88.939755485999967, 15.720512994000046 ], [ -88.940115534999961, 15.720966249000071 ], [ -88.941068951999966, 15.721174579000035 ], [ -88.941534365999985, 15.720366832000025 ], [ -88.941813214999968, 15.719690924000076 ], [ -88.942604905999985, 15.719336922000025 ], [ -88.943402101999936, 15.719262677000074 ], [ -88.944064276999939, 15.719040449000033 ], [ -88.94430755799999, 15.718396576000032 ], [ -88.944167314999959, 15.717924864000054 ], [ -88.94357538, 15.717511279000064 ], [ -88.942760886999963, 15.717284122000024 ], [ -88.942051309999954, 15.716991257000075 ], [ -88.942131196999981, 15.716455984000049 ], [ -88.942707485999961, 15.715897247000044 ], [ -88.94317423199999, 15.715637553000022 ], [ -88.946164934999956, 15.714318577000029 ], [ -88.947456546999945, 15.713761845000022 ], [ -88.948491219999937, 15.713334524000061 ], [ -88.949379388999944, 15.712780432000045 ], [ -88.950015464999979, 15.712111141000037 ], [ -88.950301130999947, 15.711647341000059 ], [ -88.950606981999954, 15.710781341000029 ], [ -88.950661208999975, 15.709776477000048 ], [ -88.950626506999981, 15.709206365000057 ], [ -88.950464314999977, 15.708666588000028 ], [ -88.950221889999966, 15.70809261900007 ], [ -88.949934258999974, 15.707450152000035 ], [ -88.946084738999957, 15.699736530000052 ], [ -88.945635960999937, 15.69909106800003 ], [ -88.945063001999983, 15.698309108000046 ], [ -88.944329532999973, 15.697491462000073 ], [ -88.94388532499994, 15.69720355100003 ], [ -88.943279951999955, 15.69691264100004 ], [ -88.942563580999945, 15.696407667000074 ], [ -88.942358039999988, 15.695736278000027 ], [ -88.94265210399999, 15.694759563000048 ], [ -88.943311034999965, 15.693991475000075 ], [ -88.944106509999983, 15.693293582000024 ], [ -88.944726463999984, 15.692759317000025 ], [ -88.94541660499999, 15.692148545000066 ], [ -88.94594286399996, 15.691701619000071 ], [ -88.947401418999959, 15.69005300300006 ], [ -88.948049548999961, 15.689240716000029 ], [ -88.948972954999988, 15.687899024000046 ], [ -88.949883596999939, 15.686613470000054 ], [ -88.950389878999943, 15.68599813700007 ], [ -88.951001653999981, 15.685286649000034 ], [ -88.95151780399999, 15.684760579000056 ], [ -88.952204294999945, 15.68436170800004 ], [ -88.95308152199999, 15.684177240000054 ], [ -88.953711053999939, 15.684334374000059 ], [ -88.954662428999939, 15.684462508000024 ], [ -88.956259245999945, 15.684531549000042 ], [ -88.956764378999935, 15.684563453000067 ], [ -88.957689989999949, 15.684256947000051 ], [ -88.957964880999953, 15.683716244000038 ], [ -88.958204557999977, 15.683219993000023 ], [ -88.958559002999948, 15.682747293000034 ], [ -88.959026282999957, 15.682366893000051 ], [ -88.959698298999967, 15.68211093900004 ], [ -88.960261667999987, 15.682111208000038 ], [ -88.960985412999946, 15.682124592000037 ], [ -88.961502844999984, 15.682122884000023 ], [ -88.962101451999956, 15.682077566000032 ], [ -88.962787052999943, 15.681722616000059 ], [ -88.962991585999987, 15.681236988000023 ], [ -88.963036147999958, 15.68074727000004 ], [ -88.963011539999968, 15.680223577000049 ], [ -88.962923457999977, 15.679465278000066 ], [ -88.962853776999964, 15.678895642000043 ], [ -88.962812761999942, 15.678081831000043 ], [ -88.963269607999962, 15.677639201000034 ], [ -88.963779341999953, 15.677436617000069 ], [ -88.964942604999976, 15.67732503700006 ], [ -88.965637747999949, 15.677637837000077 ], [ -88.96587920199994, 15.678233198000044 ], [ -88.965990790999967, 15.678980654000043 ], [ -88.966086772999972, 15.679929676000029 ], [ -88.966319231999989, 15.680390678000037 ], [ -88.966887030999942, 15.680757508000056 ], [ -88.967749745999981, 15.680718178000063 ], [ -88.968724272999964, 15.680290729000035 ], [ -88.968996736999941, 15.679871749000029 ], [ -88.969168393999951, 15.679340396000043 ], [ -88.969236778999971, 15.67876315500007 ], [ -88.96932706399997, 15.678285556000048 ], [ -88.969738932999974, 15.677791335000052 ], [ -88.970300128999952, 15.677902050000057 ], [ -88.970851466999989, 15.678514402000076 ], [ -88.971503720999976, 15.678670773000022 ], [ -88.972043839999969, 15.678669456000023 ], [ -88.972508256999959, 15.67843330900007 ], [ -88.973160677999942, 15.677988621000054 ], [ -88.97423685199999, 15.677629551000052 ], [ -88.974897449999958, 15.677954091000061 ], [ -88.975300169999969, 15.678518588000031 ], [ -88.975861880999958, 15.679196529000023 ], [ -88.976576532999957, 15.679554764000045 ], [ -88.977187775999937, 15.679577298000027 ], [ -88.977819028999988, 15.679054394000048 ], [ -88.97817459099997, 15.678492584000026 ], [ -88.978333484999951, 15.678017365000073 ], [ -88.978446880999968, 15.677517630000068 ], [ -88.978866137999944, 15.676645746000077 ], [ -88.979488149999952, 15.675999746000059 ], [ -88.979974883999944, 15.675218186000052 ], [ -88.980599579999989, 15.675028947000044 ], [ -88.981116120999957, 15.675072278000073 ], [ -88.982075400999975, 15.67539101400007 ], [ -88.982701347999978, 15.675702491000038 ], [ -88.983217891999971, 15.675745818000053 ], [ -88.983461426999952, 15.675048864000075 ], [ -88.983189943999946, 15.674230803000057 ], [ -88.983154887999945, 15.673673075000067 ], [ -88.983819130999962, 15.673217290000025 ], [ -88.984511527999985, 15.673107092000066 ], [ -88.985355518999938, 15.672833905000061 ], [ -88.986560969999971, 15.672945135000077 ], [ -88.986872681999955, 15.673462836000056 ], [ -88.987115164999977, 15.67397926600006 ], [ -88.987311606999981, 15.674528681000027 ], [ -88.987499196999977, 15.67550082300005 ], [ -88.98784167499997, 15.676231098000073 ], [ -88.988446561999979, 15.675864423000064 ], [ -88.988722885999948, 15.675245874000041 ], [ -88.989037619999976, 15.674448726000037 ], [ -88.989623810999944, 15.673847138000042 ], [ -88.990322292999963, 15.673425788000031 ], [ -88.990681711999969, 15.672664412000074 ], [ -88.990762048999954, 15.672097522000058 ], [ -88.991207305999978, 15.671648967000067 ], [ -88.991984495999986, 15.671875229000023 ], [ -88.99260679799994, 15.671807702000024 ], [ -88.993260243999941, 15.671307699000067 ], [ -88.993755617999966, 15.671272800000054 ], [ -88.994431014999975, 15.671406971000067 ], [ -88.994925365999961, 15.671394604000056 ], [ -88.995794738999962, 15.671042897000063 ], [ -88.996639540999979, 15.67075727100007 ], [ -88.997666312999968, 15.669974269000022 ], [ -88.998097684999948, 15.669669788000022 ], [ -88.99880697399999, 15.669259878000048 ], [ -88.999421963999964, 15.668970033000051 ], [ -89.000156750999963, 15.668416237000031 ], [ -89.000569754999958, 15.667889253000055 ], [ -89.000809769999989, 15.66736925400005 ], [ -89.000915795999958, 15.666647197000032 ], [ -89.000827638999965, 15.665855054000076 ], [ -89.00072178299996, 15.665373835000025 ], [ -89.000347033999958, 15.664565172000039 ], [ -89.000310608999939, 15.664075075000028 ], [ -89.000543161999985, 15.662742980000075 ], [ -89.00096373599996, 15.66239431200006 ], [ -89.001954540999975, 15.662289508000072 ], [ -89.002651523999987, 15.661912055000073 ], [ -89.00300561499995, 15.661450523000042 ], [ -89.002865273999987, 15.660378877000028 ], [ -89.002162951999935, 15.659865331000049 ], [ -89.001329263999935, 15.659582820000026 ], [ -89.000366969999959, 15.65941975100003 ], [ -88.999900297999943, 15.659177778000071 ], [ -88.999427414999957, 15.658657145000063 ], [ -88.999450998999976, 15.658044096000026 ], [ -88.999779493999938, 15.657103947000053 ], [ -89.000532174999989, 15.655658440000025 ], [ -89.000935737999953, 15.654986929000074 ], [ -89.00107411099998, 15.654365828000039 ], [ -89.000800990999949, 15.653658265000047 ], [ -89.000456304999943, 15.653039613000033 ], [ -89.000390554999967, 15.652291860000048 ], [ -89.000763472999949, 15.651430332000075 ], [ -89.001595815999963, 15.651212103000034 ], [ -89.001770898999951, 15.650468751000062 ], [ -89.001373545999968, 15.649625847000038 ], [ -89.001051913999959, 15.64901889600003 ], [ -89.001006674999985, 15.648383161000027 ], [ -89.00108912799999, 15.647704652000073 ], [ -89.001302333999945, 15.646796220000056 ], [ -89.00158782599999, 15.646299598000041 ], [ -89.00197706199998, 15.645794723000051 ], [ -89.002423521999958, 15.645279613000071 ], [ -89.002847095999982, 15.644774234000067 ], [ -89.003200273999937, 15.644357786000057 ], [ -89.003615232999948, 15.643696620000071 ], [ -89.003890935999948, 15.643134408000037 ], [ -89.004079140999977, 15.642313476000027 ], [ -89.004082669999946, 15.641533155000047 ], [ -89.003661096999963, 15.640768756000057 ], [ -89.003253214999972, 15.640437655000028 ], [ -89.002661201999956, 15.640149428000029 ], [ -89.002023257999952, 15.639859232000049 ], [ -89.001158152999949, 15.63943069000004 ], [ -89.000500191999947, 15.638973222000061 ], [ -88.999885741999947, 15.638672175000067 ], [ -88.998489918999951, 15.638335423000058 ], [ -88.997995701999969, 15.638315114000022 ], [ -88.997432623999941, 15.638304823000055 ], [ -88.996664124999938, 15.638235518000045 ], [ -88.996101489999944, 15.638202678000027 ], [ -88.995345139999984, 15.638077203000023 ], [ -88.99466986799996, 15.637941933000036 ], [ -88.993873190999977, 15.637527021000039 ], [ -88.993664002999935, 15.636466528000028 ], [ -88.994111145999966, 15.636005578000038 ], [ -88.995163661999982, 15.635264745000029 ], [ -88.996160925999959, 15.634970601000077 ], [ -88.997320768999941, 15.63463431200006 ], [ -88.998599689999935, 15.634099459000026 ], [ -88.99997921399995, 15.633118729000046 ], [ -89.001083720999986, 15.632066431000055 ], [ -89.002072047999945, 15.631033431000048 ], [ -89.002820178999968, 15.630532839000068 ], [ -89.003821332999962, 15.630036862000054 ], [ -89.005169869999975, 15.629480674000035 ], [ -89.007446408999954, 15.628629009000065 ], [ -89.008791038999959, 15.628273460000059 ], [ -89.00980851099996, 15.628135237000038 ], [ -89.010938988999953, 15.628110710000044 ], [ -89.011699814999986, 15.62812456000006 ], [ -89.012483327999973, 15.628138820000061 ], [ -89.013567419999958, 15.628135992000068 ], [ -89.014927955999951, 15.628160740000055 ], [ -89.01679513199997, 15.628194690000043 ], [ -89.018636593999986, 15.628384913000048 ], [ -89.02136812699996, 15.629037873000073 ], [ -89.022661182999968, 15.628972257000044 ], [ -89.023474009999973, 15.628674623000052 ], [ -89.023939182999982, 15.628481198000031 ], [ -89.025166042999956, 15.628257606000034 ], [ -89.025695083999949, 15.628312313000038 ], [ -89.026317483999946, 15.628323601000034 ], [ -89.026941603999944, 15.628245827000057 ], [ -89.027844346999984, 15.628082880000022 ], [ -89.028287968999962, 15.62779996200004 ], [ -89.028827949999936, 15.627318046000028 ], [ -89.029258199999958, 15.626521752000031 ], [ -89.029042949999962, 15.625735189000068 ], [ -89.028406774999951, 15.625231961000054 ], [ -89.028020751999975, 15.624912576000042 ], [ -89.027475349999975, 15.624500082000054 ], [ -89.027023134999979, 15.624022740000044 ], [ -89.027223910999965, 15.623177182000063 ], [ -89.027805085999944, 15.62294186400004 ], [ -89.028689257999986, 15.622533850000025 ], [ -89.029833245999953, 15.621838448000062 ], [ -89.030719997999938, 15.621296268000037 ], [ -89.031164882999974, 15.620946822000064 ], [ -89.031939911999984, 15.620223298000042 ], [ -89.032502544999943, 15.619741779000037 ], [ -89.033578836999936, 15.618934606000039 ], [ -89.034133735999944, 15.618854423000073 ], [ -89.034757394999986, 15.618799165000041 ], [ -89.03540518799997, 15.618699231000051 ], [ -89.036192717999938, 15.618534158000045 ], [ -89.036911442999951, 15.618346409000026 ], [ -89.038051358999951, 15.617830194000078 ], [ -89.038631930999941, 15.617594831000076 ], [ -89.039514499999939, 15.617298382000058 ], [ -89.040208675999963, 15.617176715000028 ], [ -89.041038124999943, 15.617191693000052 ], [ -89.041659373999948, 15.617292005000024 ], [ -89.04214030299994, 15.61745744600006 ], [ -89.042733415999976, 15.617780546000063 ], [ -89.043186073999948, 15.618236439000043 ], [ -89.043800312999963, 15.618671568000025 ], [ -89.044531996999979, 15.619020846000069 ], [ -89.04517492299999, 15.61914409600007 ], [ -89.045705839999982, 15.619131115000073 ], [ -89.046933080999963, 15.618884836000063 ], [ -89.04876543499995, 15.618337060000044 ], [ -89.050694834999945, 15.617522605000033 ], [ -89.052047526999957, 15.616741729000069 ], [ -89.053100197999981, 15.615979125000024 ], [ -89.053850602999944, 15.615321598000037 ], [ -89.054769121999982, 15.614332140000045 ], [ -89.05521694, 15.613827052000033 ], [ -89.055786357999978, 15.612988071000075 ], [ -89.055798770999957, 15.612339816000031 ], [ -89.055741964999982, 15.611690316000022 ], [ -89.055477659999951, 15.611059641000054 ], [ -89.054710687999943, 15.610152638000045 ], [ -89.053912510999965, 15.609690549000049 ], [ -89.053109608999989, 15.609475361000023 ], [ -89.05241932399997, 15.60939527000005 ], [ -89.052226214999962, 15.608632797000041 ], [ -89.052559308999946, 15.608101966000049 ], [ -89.053075052999986, 15.607664644000067 ], [ -89.053681422999944, 15.607295488000034 ], [ -89.054310624999971, 15.606949295000049 ], [ -89.054914591999989, 15.606735729000036 ], [ -89.055548903999977, 15.606122339000024 ], [ -89.055768526999941, 15.605500364000022 ], [ -89.055917226999952, 15.604966210000043 ], [ -89.056370581999943, 15.604170245000034 ], [ -89.057114523999985, 15.603847533000078 ], [ -89.058082945999956, 15.603864932000022 ], [ -89.059003546999975, 15.60394913600004 ], [ -89.062080410999954, 15.60278635700007 ], [ -89.06282831499999, 15.60106748000004 ], [ -89.064971047999961, 15.601105910000058 ], [ -89.065388203999987, 15.597997278000037 ], [ -89.066836479999949, 15.596984527000075 ], [ -89.066856305999977, 15.595945050000068 ], [ -89.06689591199995, 15.593868348000058 ], [ -89.070136878999961, 15.592541438000069 ], [ -89.070156661999988, 15.591503083000077 ], [ -89.070559938999963, 15.589085516000068 ], [ -89.072204135999982, 15.588534105000065 ], [ -89.073196676999942, 15.588871026000049 ], [ -89.074118520999946, 15.588887506000049 ], [ -89.075572482999974, 15.588824393000039 ], [ -89.07737108799995, 15.58881141300003 ], [ -89.07836272899999, 15.58882912200005 ], [ -89.07935803, 15.588623583000071 ], [ -89.080311196999958, 15.588216537000051 ], [ -89.080731989999947, 15.587933070000076 ], [ -89.081136986999979, 15.587225259000036 ], [ -89.081616441999984, 15.586272912000027 ], [ -89.082766695999965, 15.585198312000045 ], [ -89.08332405799996, 15.584983815000044 ], [ -89.08392835099994, 15.584748723000075 ], [ -89.084554043999958, 15.584581679000053 ], [ -89.08506628799995, 15.584322386000053 ], [ -89.085602631999961, 15.584019538000064 ], [ -89.086183930999937, 15.583738914000037 ], [ -89.086857429999952, 15.583505048000063 ], [ -89.087713451999946, 15.583340968000073 ], [ -89.088361976999977, 15.583196876000045 ], [ -89.089771252999981, 15.583065194000028 ], [ -89.09081247499995, 15.582860413000049 ], [ -89.091694297999936, 15.582562564000057 ], [ -89.093254670999954, 15.581763615000057 ], [ -89.093957603999968, 15.581172722000076 ], [ -89.094761028999983, 15.580159546000061 ], [ -89.095047436999948, 15.579627784000024 ], [ -89.095286773999987, 15.57918541500004 ], [ -89.095527235999953, 15.578652838000039 ], [ -89.096067863999963, 15.578152660000057 ], [ -89.096693461999962, 15.577958506000073 ], [ -89.097618244999978, 15.577818161000039 ], [ -89.098622825999939, 15.57835029000006 ], [ -89.099343314999942, 15.578984521000052 ], [ -89.104710868999973, 15.587187816000039 ], [ -89.11266332699995, 15.597090286000025 ], [ -89.115699585999948, 15.601868626000055 ], [ -89.119180540999935, 15.605750275000048 ], [ -89.129367214999945, 15.620167349000042 ], [ -89.136252934999959, 15.628921604000027 ], [ -89.13637315699998, 15.62967827500006 ], [ -89.138234686999965, 15.631329601000061 ], [ -89.140218619999985, 15.634492182000031 ], [ -89.145505653999976, 15.640961237000056 ], [ -89.148356737999961, 15.645409059000031 ], [ -89.152818237999952, 15.650641999000072 ], [ -89.156022919999941, 15.655523470000048 ], [ -89.159935709999957, 15.659772193000038 ], [ -89.164527413999963, 15.66090170800004 ], [ -89.182081502999949, 15.661020452000059 ], [ -89.189327658999957, 15.661526925000032 ], [ -89.226120048999974, 15.662364479000075 ], [ -89.229993946999969, 15.662808032000044 ], [ -89.240240554999957, 15.662789265000072 ], [ -89.245804315999976, 15.663270610000041 ], [ -89.247417958999961, 15.662919294000062 ], [ -89.251847832999943, 15.663367495000045 ], [ -89.298582107999948, 15.66436305700006 ], [ -89.303318249999961, 15.664602216000048 ], [ -89.304371020999952, 15.664233082000067 ], [ -89.307428413999958, 15.661874038000065 ], [ -89.310795609999957, 15.661028393000038 ], [ -89.311473963999958, 15.660566041000038 ], [ -89.313871637999966, 15.660219525000059 ], [ -89.319216218999941, 15.659543546000066 ], [ -89.326712766999947, 15.660051965000036 ], [ -89.332783091999943, 15.660138013000051 ], [ -89.340419013999963, 15.659138902000052 ], [ -89.345139758999949, 15.659595731000024 ], [ -89.353222745999972, 15.659156401000075 ], [ -89.358479548999981, 15.659427844000049 ], [ -89.362518530999978, 15.658546275000049 ], [ -89.364282492999962, 15.659303240000042 ], [ -89.367742844999952, 15.663422 ], [ -89.373648995999986, 15.664088580000055 ], [ -89.380066497999962, 15.664385539000023 ], [ -89.384213365999983, 15.663895696000054 ], [ -89.386417618999985, 15.662800584000024 ], [ -89.390520925999965, 15.662071850000075 ], [ -89.397306589999971, 15.663521713000023 ], [ -89.401518917999965, 15.663017939000042 ], [ -89.404856721999977, 15.663248818000056 ], [ -89.410021820999987, 15.662196443000028 ], [ -89.416955499999972, 15.662886625000056 ], [ -89.419074425999952, 15.662203791000024 ], [ -89.422708668999974, 15.661831153000037 ], [ -89.425849062999987, 15.662436430000071 ], [ -89.426952203999974, 15.662244604000023 ], [ -89.427800443999956, 15.661544308000032 ], [ -89.430008290999979, 15.661237374000052 ], [ -89.433625175999964, 15.661428367000042 ], [ -89.439709476999951, 15.660580898000035 ], [ -89.443329343999949, 15.660803366000039 ], [ -89.446848968999973, 15.659955724000042 ], [ -89.449626680999984, 15.660161023000057 ], [ -89.452255008999941, 15.659274 ], [ -89.456980677999979, 15.659691301000066 ], [ -89.457563619999974, 15.660392345000048 ], [ -89.459187346999954, 15.661816506000036 ], [ -89.460047306999968, 15.663673955000036 ], [ -89.463839503999964, 15.668232441000043 ], [ -89.467146283999966, 15.673634868000022 ], [ -89.468863701999965, 15.675410259000046 ], [ -89.469261801999949, 15.676604729000076 ], [ -89.476203713999951, 15.685892791000072 ], [ -89.479312552999943, 15.690951218000066 ], [ -89.489455903999954, 15.705236933000037 ], [ -89.492387516999941, 15.708503008000037 ], [ -89.493557055999986, 15.710910340000055 ], [ -89.48878925799994, 15.720571662000054 ], [ -89.486212184999943, 15.724464374000036 ], [ -89.485722154999962, 15.726272968000046 ], [ -89.482990613999959, 15.730773510000063 ], [ -89.481694330999971, 15.734144106000031 ], [ -89.478191608999964, 15.739916037000057 ], [ -89.477370417999964, 15.742376999000044 ], [ -89.473141987999952, 15.749510122000061 ], [ -89.472677518999944, 15.751310036000064 ], [ -89.46992155099997, 15.755800869000041 ], [ -89.465867464999974, 15.764132497000048 ], [ -89.46367519599994, 15.767471399000044 ], [ -89.461845277999942, 15.771778540000071 ], [ -89.459812400999965, 15.774852578000036 ], [ -89.459121520999986, 15.77706392500005 ], [ -89.455523421999942, 15.782970175000059 ], [ -89.45472240099997, 15.785546369000031 ], [ -89.450534624999989, 15.79257558200004 ], [ -89.449993059999898, 15.794365102000029 ], [ -89.448154173999967, 15.797246942000072 ], [ -89.448066920999963, 15.798307161000025 ], [ -89.446845502999963, 15.799789946000033 ], [ -89.445877816999939, 15.802222318000076 ], [ -89.441393198999947, 15.809957128000065 ], [ -89.437766210999939, 15.817107922000048 ], [ -89.437355679999939, 15.817492661000074 ], [ -89.436526119999897, 15.818048770000075 ], [ -89.435790725999937, 15.818484577000049 ], [ -89.435179199999936, 15.819133390000047 ], [ -89.43469883299997, 15.820176971000024 ], [ -89.433448902999942, 15.821643373000029 ], [ -89.432718806999958, 15.821809616000053 ], [ -89.432119015999945, 15.821755744000029 ], [ -89.431420076999984, 15.82144188500007 ], [ -89.430906551999954, 15.821120921000045 ], [ -89.430336562999969, 15.820697492000022 ], [ -89.42958846199997, 15.820562198000061 ], [ -89.428709252999965, 15.82065940800004 ], [ -89.428045714999939, 15.820950831000061 ], [ -89.427243745999988, 15.82126140500003 ], [ -89.426290494999989, 15.821625893000032 ], [ -89.425520526999946, 15.82207124100006 ], [ -89.425396155999977, 15.822549799000058 ], [ -89.425558728999988, 15.823178622000057 ], [ -89.426148889999979, 15.823746807000077 ], [ -89.426697139999987, 15.824080762000051 ], [ -89.427106762999983, 15.824445152000067 ], [ -89.427487394999957, 15.825132850000045 ], [ -89.427569989999938, 15.825671229000022 ], [ -89.427291786999945, 15.82638191500007 ], [ -89.426625674999968, 15.826851541000053 ], [ -89.426018608999982, 15.827210448000073 ], [ -89.425473328999942, 15.827369554000029 ], [ -89.424755052999956, 15.827491959000042 ], [ -89.423248390999959, 15.827813448000029 ], [ -89.42146822899997, 15.828577173000042 ], [ -89.42088838899997, 15.82871313000004 ], [ -89.420056139999986, 15.828755793000028 ], [ -89.419326178999938, 15.828251847000047 ], [ -89.418819615999951, 15.828164503000039 ], [ -89.418229500999985, 15.828222441000037 ], [ -89.41684113599996, 15.828377739000075 ], [ -89.415698644999964, 15.828996264000068 ], [ -89.416303580999966, 15.829386465000027 ], [ -89.41704833099999, 15.829712414000028 ], [ -89.417667871999981, 15.829968601000076 ], [ -89.418757093999943, 15.830388239000058 ], [ -89.419324130999939, 15.830978621000042 ], [ -89.419518884999945, 15.831730951000054 ], [ -89.420203038999944, 15.832222861000048 ], [ -89.420832667999946, 15.83253561600003 ], [ -89.421100301999957, 15.833054486000037 ], [ -89.421100341999988, 15.833713346000025 ], [ -89.421068555999966, 15.834227269000053 ], [ -89.42077550099998, 15.835117076000074 ], [ -89.418639996999957, 15.837686742000074 ], [ -89.418267525999966, 15.838518818000068 ], [ -89.418811474999984, 15.839097543000037 ], [ -89.419149029999971, 15.839583730000072 ], [ -89.41925274, 15.84027814500007 ], [ -89.418966369999964, 15.840787860000034 ], [ -89.41745900899997, 15.841803106000043 ], [ -89.416942137999968, 15.842297720000033 ], [ -89.416917661999946, 15.843023861000063 ], [ -89.417056921999972, 15.843618458000037 ], [ -89.417182544999946, 15.844358363000026 ], [ -89.417136539999944, 15.845016456000053 ], [ -89.416961360999949, 15.845762666000041 ], [ -89.41630463599995, 15.846355370000026 ], [ -89.415713487999938, 15.846468553000022 ], [ -89.415215947999968, 15.846528007000074 ], [ -89.414441501999988, 15.846560306000072 ], [ -89.413701233999973, 15.846637171000054 ], [ -89.412492669999949, 15.847063899000034 ], [ -89.411947742999985, 15.847166557000037 ], [ -89.411291204999941, 15.847089112000049 ], [ -89.41093510799999, 15.846334103000061 ], [ -89.410995177999951, 15.845540869000047 ], [ -89.410842306999939, 15.845025016000022 ], [ -89.410294215999954, 15.845339715000023 ], [ -89.408724564999943, 15.847236077000048 ], [ -89.408471434999967, 15.847841089000042 ], [ -89.408635750999963, 15.84833569500006 ], [ -89.40906511899999, 15.848868544000027 ], [ -89.409832239999957, 15.84925018000007 ], [ -89.41064836399994, 15.849464530000034 ], [ -89.411285718999977, 15.850000827000031 ], [ -89.411368464999953, 15.850527925000051 ], [ -89.411425536999957, 15.851221569000074 ], [ -89.411447837999958, 15.851937196000051 ], [ -89.411786763999942, 15.852345573000036 ], [ -89.412403981999944, 15.852736 ], [ -89.412877036999987, 15.853402693000078 ], [ -89.413375155999972, 15.853970524000033 ], [ -89.413920895999979, 15.854448889000025 ], [ -89.413888894999957, 15.854940240000076 ], [ -89.41341620899999, 15.855569822000064 ], [ -89.413006763999988, 15.855852974000072 ], [ -89.412295559999961, 15.856195429000024 ], [ -89.410420555999963, 15.857098452000059 ], [ -89.40775322799999, 15.858382031000076 ], [ -89.406874614999936, 15.859093976000054 ], [ -89.40648387799996, 15.859635774000026 ], [ -89.406241039999941, 15.860973126000033 ], [ -89.405917064999983, 15.861660434000044 ], [ -89.405224916999941, 15.862241216000029 ], [ -89.404430420999972, 15.86277629600005 ], [ -89.404030998999986, 15.863149846000056 ], [ -89.403612797999983, 15.863924709000059 ], [ -89.403514540999936, 15.864929393000068 ], [ -89.403456037999945, 15.865598548000037 ], [ -89.403354451999974, 15.866133862000027 ], [ -89.402541552999935, 15.867014969000024 ], [ -89.402040998999951, 15.867241297000078 ], [ -89.401041064999959, 15.867627408000033 ], [ -89.400185164999982, 15.867713565000031 ], [ -89.399379679999981, 15.867520776000049 ], [ -89.398846206999963, 15.867008734000024 ], [ -89.397444007999979, 15.864682816000027 ], [ -89.396411124999986, 15.863023016000056 ], [ -89.395777175999967, 15.862296075000074 ], [ -89.395298433999983, 15.861919191000027 ], [ -89.39454253599996, 15.861594093000065 ], [ -89.394059221999953, 15.861474350000037 ], [ -89.39348187, 15.861464724000029 ], [ -89.392579772999966, 15.861561366000046 ], [ -89.391915476999941, 15.861885345000076 ], [ -89.391488739999943, 15.862515631000065 ], [ -89.391467928999987, 15.863029718000064 ], [ -89.391697755999985, 15.863737517000061 ], [ -89.392111064999938, 15.864516065000032 ], [ -89.392356122999956, 15.865023308000048 ], [ -89.392698135999979, 15.865911227000026 ], [ -89.392777817999956, 15.866640213000039 ], [ -89.392757028999938, 15.86715317200003 ], [ -89.392696460999957, 15.867968942000061 ], [ -89.392387455999938, 15.868466940000076 ], [ -89.391796241999941, 15.86858004100003 ], [ -89.390831476999949, 15.868267238000044 ], [ -89.390078381999956, 15.867751510000062 ], [ -89.389435264999975, 15.867572678000045 ], [ -89.38859987799998, 15.867783228000064 ], [ -89.388219744999958, 15.868380435000063 ], [ -89.388115766999988, 15.86901497100007 ], [ -89.388240872999972, 15.869777429000067 ], [ -89.39140329899999, 15.872480258000053 ], [ -89.391772799999956, 15.87313398200007 ], [ -89.391725080999947, 15.873882275000028 ], [ -89.390975549999951, 15.874440603000039 ], [ -89.390246838999985, 15.874517556000058 ], [ -89.38932319099996, 15.874479566000048 ], [ -89.388359087999959, 15.874161115000049 ], [ -89.387888791999956, 15.873963729000025 ], [ -89.387364598999966, 15.87358606500004 ], [ -89.38698068299999, 15.873087776000034 ], [ -89.386702065999941, 15.872502128000065 ], [ -89.386362971999972, 15.872104992000061 ], [ -89.385780525999962, 15.871726353000042 ], [ -89.385074146999955, 15.871826228000032 ], [ -89.384478713999954, 15.872207733000039 ], [ -89.384079240999938, 15.872581234000052 ], [ -89.383503545999986, 15.873130031000073 ], [ -89.382334789999959, 15.874546592000058 ], [ -89.382105746999969, 15.875068469000041 ], [ -89.382149439999978, 15.875852128000076 ], [ -89.382546409999975, 15.87627167200003 ], [ -89.383350911999969, 15.876487073000021 ], [ -89.383938761999957, 15.876563471000054 ], [ -89.384803345999956, 15.876645624000048 ], [ -89.38612758499994, 15.876868583000032 ], [ -89.386795418999952, 15.87700271600005 ], [ -89.387528021999969, 15.877361305000022 ], [ -89.387920597999937, 15.878027830000065 ], [ -89.388302352999972, 15.878615205000074 ], [ -89.389332108999952, 15.879828247000034 ], [ -89.389815767999949, 15.880551573000048 ], [ -89.389881988999946, 15.881380737000029 ], [ -89.389614010999935, 15.882158064000066 ], [ -89.389075648999949, 15.882540531000075 ], [ -89.388378485999965, 15.882774813000026 ], [ -89.387720692999949, 15.88272997100006 ], [ -89.386651639999968, 15.882444722000059 ], [ -89.384491931999946, 15.88246386700007 ], [ -89.383756605999963, 15.882876869000029 ], [ -89.383107949999953, 15.883625246000065 ], [ -89.38273540099999, 15.88444706100006 ], [ -89.382234866999966, 15.885288164000031 ], [ -89.381669363999947, 15.885916088000045 ], [ -89.380966194999985, 15.886485297000036 ], [ -89.380413952999959, 15.887023189000047 ], [ -89.379998386999944, 15.887642338000035 ], [ -89.379770504999954, 15.888130383000032 ], [ -89.379650199999958, 15.889022978000071 ], [ -89.379776883999966, 15.889695213000039 ], [ -89.380688654999972, 15.891019132000054 ], [ -89.381001844999957, 15.891594089000023 ], [ -89.381021808999947, 15.892432628000051 ], [ -89.380919959999972, 15.892945351000037 ], [ -89.380689670999971, 15.893567604000054 ], [ -89.380572084999983, 15.894568543000048 ], [ -89.380025333999981, 15.895188876000077 ], [ -89.379455815999961, 15.89600624600007 ], [ -89.379142926999975, 15.896716235000042 ], [ -89.378855807999969, 15.897907237000027 ], [ -89.378713566999977, 15.898754335000035 ], [ -89.378423573999953, 15.89948726700004 ], [ -89.377770439999949, 15.901131274000022 ], [ -89.377664974999959, 15.901844737000033 ], [ -89.377630650999947, 15.902458993000039 ], [ -89.377526931999967, 15.905675807000023 ], [ -89.376805890999947, 15.906586509000022 ], [ -89.375134062999962, 15.908346508000022 ], [ -89.374335093999946, 15.909116001000029 ], [ -89.373888085999965, 15.909566505000043 ], [ -89.373080879999975, 15.910112483000034 ], [ -89.372615960999951, 15.910294191000048 ], [ -89.372045341999979, 15.910519244000056 ], [ -89.371399107999935, 15.91115704200007 ], [ -89.37101463, 15.911954925000032 ], [ -89.37046307199995, 15.913097457000049 ], [ -89.369845614999974, 15.914014382000062 ], [ -89.367419060999964, 15.915986084000053 ], [ -89.366224465999949, 15.916904549000037 ], [ -89.364986044999966, 15.917666587000042 ], [ -89.363807107999946, 15.91836193000006 ], [ -89.36225008699995, 15.918850084000042 ], [ -89.360545327999944, 15.919222920000038 ], [ -89.358991918999948, 15.919510304000028 ], [ -89.358007756999939, 15.919650486000023 ], [ -89.35563783799995, 15.920380932000057 ], [ -89.355046468999944, 15.920493897000028 ], [ -89.35423780299999, 15.920502785000053 ], [ -89.353580295999961, 15.920469101000037 ], [ -89.352795967999953, 15.920389274000058 ], [ -89.352047621999986, 15.920253649000074 ], [ -89.351381706999973, 15.920040449000055 ], [ -89.350496877999944, 15.919780672000059 ], [ -89.349738922999961, 15.919532067000034 ], [ -89.349117213999989, 15.919421138000075 ], [ -89.345861734999971, 15.919288144000063 ], [ -89.344570707999935, 15.919120732000067 ] ] ] ] } },
{ "type": "Feature", "properties": { "Codigo": 1406, "datos_finales_color_riesgo": "620D00" }, "geometry": { "type": "MultiPolygon", "coordinates": [ [ [ [ -91.009496662999936, 14.976074637000067 ], [ -91.011283244999959, 14.974432031000049 ], [ -91.014454228999966, 14.972163260000059 ], [ -91.015729657999941, 14.971322670000063 ], [ -91.019225244999973, 14.967038111000022 ], [ -91.020837351999944, 14.964830243000051 ], [ -91.020932613999946, 14.963502695000045 ], [ -91.021428950999962, 14.962847332000024 ], [ -91.022754578999979, 14.957789311000056 ], [ -91.023350623999988, 14.957218391000026 ], [ -91.023786563999977, 14.95154720000005 ], [ -91.023085495999965, 14.945636860000036 ], [ -91.022005220999972, 14.94295042400006 ], [ -91.020257000999948, 14.940447965000033 ], [ -91.01778815199998, 14.936276522000071 ], [ -91.016246637999984, 14.934742748000076 ], [ -91.014324035999948, 14.932709774000045 ], [ -91.01485200799999, 14.931132964000028 ], [ -91.017151917999968, 14.924264808000032 ], [ -91.019955228999947, 14.919681570000023 ], [ -91.02113471399997, 14.917670969000028 ], [ -91.023640199999988, 14.914833672000043 ], [ -91.028018137999936, 14.909513853000021 ], [ -91.029087940999943, 14.906585033000056 ], [ -91.029348295999966, 14.903887581000049 ], [ -91.026992812999936, 14.899464201000058 ], [ -91.026521556999967, 14.894900036000024 ], [ -91.026707169999952, 14.891418013000077 ], [ -91.026205779999941, 14.884678017000056 ], [ -91.02497449399999, 14.880481197000051 ], [ -91.030988388999958, 14.87499796000003 ], [ -91.032877522999968, 14.872813737000058 ], [ -91.039190219999966, 14.864677133000043 ], [ -91.041168289999973, 14.861432897000043 ], [ -91.04194253199995, 14.859222116000069 ], [ -91.042737364999937, 14.858461900000066 ], [ -91.045211017999975, 14.846845905000066 ], [ -91.044868458999986, 14.843614611000078 ], [ -91.043207952999978, 14.839986912000029 ], [ -91.042246836999936, 14.837490237000054 ], [ -91.040741897999965, 14.834198214000025 ], [ -91.03992006499999, 14.832938493000029 ], [ -91.038211430999979, 14.831832740000038 ], [ -91.036016234999977, 14.830859503000056 ], [ -91.034637645999965, 14.830886134000025 ], [ -91.025718655999981, 14.832848650000074 ], [ -91.023502631999975, 14.83264097600005 ], [ -91.021851203999972, 14.830426353000064 ], [ -91.020228680999935, 14.827718344000061 ], [ -91.019832425999937, 14.825324744000056 ], [ -91.021093771999972, 14.823309127000073 ], [ -91.02369772899999, 14.822022318000052 ], [ -91.024370791999957, 14.821554801000048 ], [ -91.025786065999966, 14.821444951000046 ], [ -91.03012081199995, 14.818729291000068 ], [ -91.032195822999938, 14.817694263000021 ], [ -91.044243888999972, 14.812247233000051 ], [ -91.049775178999937, 14.809614735000025 ], [ -91.057069662999936, 14.807871281000075 ], [ -91.070395509999969, 14.806896613000049 ], [ -91.072331325999983, 14.805881483000064 ], [ -91.074878222999985, 14.80666640000004 ], [ -91.08033179399996, 14.811097086000075 ], [ -91.082625492999966, 14.814144701000032 ], [ -91.083805865999977, 14.815127127000039 ], [ -91.084582532999946, 14.815077110000061 ], [ -91.088971348999962, 14.810613167000042 ], [ -91.090059532999987, 14.808270317000051 ], [ -91.091616239999951, 14.806718691000071 ], [ -91.095438867999974, 14.800640178000037 ], [ -91.096181154999954, 14.79847065000007 ], [ -91.097942072999956, 14.796055359000036 ], [ -91.098590982999951, 14.793870362000064 ], [ -91.09933407699998, 14.793067674000042 ], [ -91.100619729999949, 14.787553245000026 ], [ -91.102982603999976, 14.783586220000075 ], [ -91.104504232999943, 14.782967264000035 ], [ -91.106205582999962, 14.783779887000037 ], [ -91.109264168999971, 14.783987978000027 ], [ -91.110785539999938, 14.783330567000064 ], [ -91.116727742999956, 14.785863232000054 ], [ -91.119256130999986, 14.787987254000029 ], [ -91.121187474999942, 14.788799394000023 ], [ -91.124758512999961, 14.792145097000059 ], [ -91.128392568999971, 14.794383082000024 ], [ -91.131422957999973, 14.796416176000037 ], [ -91.133470699999975, 14.798634452000044 ], [ -91.13604543699995, 14.801621750000038 ], [ -91.135876144999941, 14.805670173000067 ], [ -91.13190629799999, 14.806884018000062 ], [ -91.130836500999976, 14.807607350000069 ], [ -91.127980276999949, 14.810697456000071 ], [ -91.126257070999941, 14.813000340000031 ], [ -91.124256687999946, 14.817888960000062 ], [ -91.120089726999936, 14.822065136000049 ], [ -91.119127039999967, 14.823011813000051 ], [ -91.115747684999974, 14.824715902000037 ], [ -91.106211301999963, 14.826439376000053 ], [ -91.104227802999958, 14.827254448000076 ], [ -91.102088208999987, 14.829389879000075 ], [ -91.101430289999939, 14.831063076000078 ], [ -91.102540952999959, 14.836331790000031 ], [ -91.105187091999937, 14.840911663000043 ], [ -91.119976814999973, 14.851999606000049 ], [ -91.123053191999986, 14.854766392000045 ], [ -91.126469644999986, 14.857904185000052 ], [ -91.129190759999972, 14.861753592000071 ], [ -91.131993663999936, 14.86663726300003 ], [ -91.134813676999954, 14.870084145000021 ], [ -91.138661405999983, 14.869773104000046 ], [ -91.14369449899999, 14.867278944000077 ], [ -91.14606999099999, 14.866563872000029 ], [ -91.147526776999939, 14.867343797000046 ], [ -91.148776853999948, 14.868802095000035 ], [ -91.15142253, 14.870049094000024 ], [ -91.155992644999969, 14.873436422000054 ], [ -91.157248230999983, 14.873915317000069 ], [ -91.157545416999938, 14.874618088000034 ], [ -91.156668747999959, 14.882993083000031 ], [ -91.156813069999941, 14.886511985000027 ], [ -91.160070475999987, 14.891671306000035 ], [ -91.160210976999963, 14.892703810000057 ], [ -91.161928347999947, 14.894492281000055 ], [ -91.171777287999987, 14.896130007000068 ], [ -91.176498544999959, 14.896430845000054 ], [ -91.184509164999952, 14.905238092000047 ], [ -91.184899547999976, 14.906201405000047 ], [ -91.190437727999949, 14.912272031000043 ], [ -91.205165739999984, 14.930109239000046 ], [ -91.20953686699994, 14.935051965000071 ], [ -91.210624261999953, 14.936468061000028 ], [ -91.21188736, 14.938486515000022 ], [ -91.211116262999951, 14.939561584000046 ], [ -91.21000945899999, 14.939644421000025 ], [ -91.201648994999971, 14.944122322000055 ], [ -91.192739577999987, 14.943696167000041 ], [ -91.18474596599998, 14.944011230000058 ], [ -91.179464591999988, 14.943594153000049 ], [ -91.172821415999977, 14.944287821000046 ], [ -91.16614637899994, 14.944284039000024 ], [ -91.16203031799995, 14.94497506700003 ], [ -91.159817713999985, 14.944744878000051 ], [ -91.155300292999982, 14.94222886600005 ], [ -91.153273807999938, 14.941570855000066 ], [ -91.146077017999971, 14.941051677000075 ], [ -91.137590523999961, 14.944519557000035 ], [ -91.13200987099998, 14.948434490000068 ], [ -91.130874275999986, 14.949557093000067 ], [ -91.130787039999973, 14.950373102000071 ], [ -91.129491092999956, 14.951427735000038 ], [ -91.128327578999972, 14.95348881700005 ], [ -91.125156816999947, 14.955950245000054 ], [ -91.123767163999958, 14.957618588000059 ], [ -91.116231312999957, 14.963087161000033 ], [ -91.112849993999987, 14.964482545000067 ], [ -91.105886339999984, 14.967126887000063 ], [ -91.096993129999987, 14.969301931000075 ], [ -91.093499394999981, 14.970576325000025 ], [ -91.083832084999983, 14.971705117000056 ], [ -91.071841297999981, 14.971602921000056 ], [ -91.066141634999951, 14.971554661000027 ], [ -91.054760610999949, 14.972462073000031 ], [ -91.045609471999967, 14.975217951000047 ], [ -91.041591077999954, 14.977226881000036 ], [ -91.03890552699994, 14.979544282000063 ], [ -91.034311102999936, 14.984684939000033 ], [ -91.033758932999945, 14.984834927000065 ], [ -91.033741884999984, 14.985365681000076 ], [ -91.032029957999953, 14.987427059000026 ], [ -91.028313925999953, 14.99102311200005 ], [ -91.023800363999953, 14.993883599000071 ], [ -91.019702106999944, 14.994663548000062 ], [ -91.01728572899998, 14.994205380000039 ], [ -91.014996785999983, 14.991838210000026 ], [ -91.014197122999974, 14.989904206000062 ], [ -91.013653874999989, 14.982913124000049 ], [ -91.011627665999981, 14.979793678000021 ], [ -91.011710339999979, 14.97927141100007 ], [ -91.009496662999936, 14.976074637000067 ] ] ] ] } },
{ "type": "Feature", "properties": { "Codigo": 1801, "datos_finales_color_riesgo": "620D00" }, "geometry": { "type": "MultiPolygon", "coordinates": [ [ [ [ -88.489361525999982, 15.501929472000029 ], [ -88.490827442999944, 15.502108213000042 ], [ -88.492748641999981, 15.502598308000074 ], [ -88.49741256599998, 15.504021263000027 ], [ -88.500027588999956, 15.505135222000035 ], [ -88.507005825999954, 15.506137456000033 ], [ -88.50983251599996, 15.506982868000023 ], [ -88.511821201999965, 15.508469431000037 ], [ -88.514597887999969, 15.511494747000029 ], [ -88.515888621999977, 15.513732407000077 ], [ -88.515802414999939, 15.514251382000054 ], [ -88.517205651999973, 15.516421445000049 ], [ -88.517210957999964, 15.517224064000061 ], [ -88.518873076999967, 15.520460014000037 ], [ -88.522813474999964, 15.524248348000071 ], [ -88.525120724999965, 15.524857655000062 ], [ -88.52739395399999, 15.526397264000025 ], [ -88.529649328999938, 15.527203854000049 ], [ -88.537615532999951, 15.528159998000035 ], [ -88.542606427999942, 15.529620388000069 ], [ -88.543749382999977, 15.530397579000066 ], [ -88.544843403999948, 15.531612242000051 ], [ -88.545980208999936, 15.534864539000068 ], [ -88.546067377999975, 15.541617973000029 ], [ -88.54679613899998, 15.544410037000034 ], [ -88.549106216999974, 15.54636279500005 ], [ -88.552739706999944, 15.548116858000071 ], [ -88.555192144999978, 15.549888724000027 ], [ -88.556256056999985, 15.550049985000044 ], [ -88.560302468999964, 15.554159073000051 ], [ -88.563557754999977, 15.556589573000053 ], [ -88.564199156999962, 15.557450151000069 ], [ -88.564159854999957, 15.55825191200006 ], [ -88.564647156999968, 15.55884336400004 ], [ -88.564368876999936, 15.562354554000024 ], [ -88.562439120999954, 15.567933469000025 ], [ -88.560048646999974, 15.571055934000071 ], [ -88.555549492999944, 15.58048505000005 ], [ -88.553972916999953, 15.587053823000076 ], [ -88.554060417999949, 15.592192091000072 ], [ -88.554618269999935, 15.593719429000032 ], [ -88.556179240999938, 15.594516389000034 ], [ -88.557368284999939, 15.595708212000034 ], [ -88.559686420999981, 15.596638835000022 ], [ -88.56238402699995, 15.597312225000053 ], [ -88.567935194999961, 15.597845991000042 ], [ -88.57210282799997, 15.599065215000053 ], [ -88.57622847, 15.60343516000006 ], [ -88.576934700999971, 15.605427629000076 ], [ -88.57861834299996, 15.607238042000063 ], [ -88.579061445999969, 15.608458712000072 ], [ -88.580049961999975, 15.610035301000039 ], [ -88.58262749499994, 15.612416044000042 ], [ -88.588280581999982, 15.616661099000055 ], [ -88.593214216999968, 15.61880061100004 ], [ -88.60247712599994, 15.620678644000066 ], [ -88.607770631999983, 15.620986584000036 ], [ -88.609643797999979, 15.620476284000063 ], [ -88.61216374899999, 15.618572120000067 ], [ -88.617714458999956, 15.618656128000055 ], [ -88.622950817999936, 15.615828781000062 ], [ -88.625747685999954, 15.613585006000051 ], [ -88.627227617999949, 15.611294628000053 ], [ -88.628271088999952, 15.604082922000032 ], [ -88.630403580999939, 15.597395642000038 ], [ -88.632819870999981, 15.593279617000064 ], [ -88.634957524999948, 15.591167926000026 ], [ -88.636261134999984, 15.590901880000047 ], [ -88.637126432999935, 15.590215660000069 ], [ -88.644886248999967, 15.590939022000043 ], [ -88.647913100999972, 15.590445555000031 ], [ -88.660432091999951, 15.585989147000078 ], [ -88.662105346999965, 15.585925261000057 ], [ -88.665065764999952, 15.58823045400004 ], [ -88.667006298999979, 15.588317233000055 ], [ -88.671838458999957, 15.585402603000034 ], [ -88.677038362999951, 15.583748659000037 ], [ -88.680941992999976, 15.583621417000074 ], [ -88.684756497999956, 15.584864321000055 ], [ -88.691644747999987, 15.585736853000071 ], [ -88.704954413999985, 15.584473391000074 ], [ -88.711023903999944, 15.585352986000032 ], [ -88.716943009999966, 15.586841656000047 ], [ -88.722762190999958, 15.587517648000073 ], [ -88.725303116999953, 15.588275129000067 ], [ -88.725070304999974, 15.589742964000038 ], [ -88.722800990999986, 15.592545410000071 ], [ -88.721965073999968, 15.596757930000024 ], [ -88.721019775999935, 15.599512858000026 ], [ -88.718883392999942, 15.602626718000067 ], [ -88.718159884999977, 15.604780546000029 ], [ -88.71755843599999, 15.605342639000071 ], [ -88.717482322999956, 15.606402013000036 ], [ -88.715921399999957, 15.608547362000024 ], [ -88.714240392999955, 15.613638424000044 ], [ -88.713648155999977, 15.614202934000048 ], [ -88.712896409999985, 15.618712370000026 ], [ -88.711457382999981, 15.623011056000053 ], [ -88.708572622999952, 15.638133405000076 ], [ -88.709422967999956, 15.644297590000065 ], [ -88.708729505999941, 15.650203779000037 ], [ -88.706344090999949, 15.658395724000059 ], [ -88.70512922599994, 15.659875763000059 ], [ -88.704273039999975, 15.662146351000047 ], [ -88.69939803799997, 15.666157451000061 ], [ -88.698610978999966, 15.666263718000039 ], [ -88.696406164999985, 15.667781694000041 ], [ -88.692987887999948, 15.669041242000048 ], [ -88.691150295999989, 15.670634025000027 ], [ -88.686789156999964, 15.672073272000034 ], [ -88.683981459999984, 15.67364682300007 ], [ -88.68087597799996, 15.674744347000058 ], [ -88.679459945999952, 15.67631489200005 ], [ -88.679143400999976, 15.677366063000022 ], [ -88.678836292999961, 15.683323530000052 ], [ -88.672701148999977, 15.687393396000061 ], [ -88.670722282999975, 15.689901889000055 ], [ -88.670389045999968, 15.692839820000074 ], [ -88.671246719999942, 15.698700827000039 ], [ -88.673972705999972, 15.701951966000024 ], [ -88.674552684999981, 15.702537272000029 ], [ -88.676828314999966, 15.703064879000067 ], [ -88.67864392599995, 15.704298075000054 ], [ -88.683321902999978, 15.706329717000074 ], [ -88.690827410999987, 15.706761117000042 ], [ -88.691944947999957, 15.707438181000043 ], [ -88.693153251999945, 15.709166588000073 ], [ -88.695785815999955, 15.710078736000071 ], [ -88.698001846999944, 15.709990571000048 ], [ -88.702920879999965, 15.710844027000064 ], [ -88.715573376999942, 15.710327547000077 ], [ -88.718008203999943, 15.710853384000075 ], [ -88.720534144999988, 15.713672941000027 ], [ -88.721812316999944, 15.716554802000076 ], [ -88.72181502899997, 15.717621352000037 ], [ -88.722845756999959, 15.719591947000026 ], [ -88.722885370999961, 15.720925285000021 ], [ -88.723600651999959, 15.721813043000054 ], [ -88.727238620999969, 15.727793028000065 ], [ -88.729332549999981, 15.732250061000059 ], [ -88.729864007999936, 15.735140955000077 ], [ -88.730834194999943, 15.737870219000058 ], [ -88.733075260999954, 15.741698806000045 ], [ -88.734676454999942, 15.747518220000075 ], [ -88.734176623999986, 15.752299831000073 ], [ -88.732565773999966, 15.753760896000074 ], [ -88.730816024999967, 15.759298102000059 ], [ -88.72980520699997, 15.760425930000054 ], [ -88.72912658499996, 15.761005603000058 ], [ -88.727021448999949, 15.761327255000026 ], [ -88.724088527999982, 15.759931392000055 ], [ -88.720632788999978, 15.758488007000039 ], [ -88.716472145999944, 15.758517692000055 ], [ -88.715608796999959, 15.759134262000032 ], [ -88.708503203999953, 15.760505917000046 ], [ -88.706932659999893, 15.761618049000049 ], [ -88.701298834999989, 15.763689268000064 ], [ -88.698227444999986, 15.765804280000054 ], [ -88.694897898999955, 15.76721404400007 ], [ -88.690075005999972, 15.771499271000039 ], [ -88.687347468999974, 15.774408901000072 ], [ -88.681927468999959, 15.779029227000024 ], [ -88.680971961999944, 15.780908636000049 ], [ -88.680593008999949, 15.78173193300006 ], [ -88.679905533999943, 15.781375551000053 ], [ -88.679037791999974, 15.780955833000064 ], [ -88.678357799999958, 15.780384279000032 ], [ -88.678048623999985, 15.779729917000054 ], [ -88.677576839999972, 15.779139960000066 ], [ -88.676896883999973, 15.778567276000047 ], [ -88.675307958999952, 15.777351962000068 ], [ -88.671257152999942, 15.774724671000058 ], [ -88.668973094999956, 15.773628496000072 ], [ -88.666667761999975, 15.772466491000046 ], [ -88.665388106999956, 15.771904368000037 ], [ -88.664362966999988, 15.77128080600005 ], [ -88.662872302999972, 15.769776547000049 ], [ -88.661993737999978, 15.768776004000074 ], [ -88.660672429999977, 15.768012370000065 ], [ -88.658719008999981, 15.766566491000049 ], [ -88.651557200999946, 15.761642491000032 ], [ -88.649352183999952, 15.760101342000041 ], [ -88.647049078999942, 15.758849051000027 ], [ -88.644719996999982, 15.757751786000028 ], [ -88.64188304299995, 15.756645449000075 ], [ -88.638535029999957, 15.755706942000074 ], [ -88.635368707999987, 15.754928728000039 ], [ -88.633000590999984, 15.754546389000041 ], [ -88.631183461999967, 15.754308110000068 ], [ -88.6299414, 15.754149011000038 ], [ -88.628887087999942, 15.753838118000033 ], [ -88.628097775999947, 15.753382622000061 ], [ -88.627299566999966, 15.752554951000036 ], [ -88.625849379999977, 15.750269032000062 ], [ -88.62530951299999, 15.748549259000072 ], [ -88.624825029999954, 15.746418030000029 ], [ -88.624525822999942, 15.744222891000049 ], [ -88.624540678999949, 15.743529931000069 ], [ -88.62460049799995, 15.742884090000075 ], [ -88.624864191999961, 15.742419329000029 ], [ -88.62540953599995, 15.741738157000043 ], [ -88.62599269399999, 15.741437631000053 ], [ -88.626733168999976, 15.741318369000055 ], [ -88.62721475799998, 15.741439645000071 ], [ -88.627266770999938, 15.742244421000066 ], [ -88.627269474999935, 15.743204898000045 ], [ -88.627344631999961, 15.743988723000029 ], [ -88.627356408999958, 15.744525533000058 ], [ -88.627461063999988, 15.745019118000073 ], [ -88.627750702999947, 15.745516421000048 ], [ -88.628204255999947, 15.745860330000028 ], [ -88.628730970999982, 15.746049021000033 ], [ -88.629908050999973, 15.746006158000057 ], [ -88.630601165999963, 15.745952443000022 ], [ -88.631203307999954, 15.745852935000073 ], [ -88.631809644999976, 15.745530313000074 ], [ -88.632464421999941, 15.745119607000049 ], [ -88.632961335999937, 15.74452536900003 ], [ -88.633158637999941, 15.743926244000022 ], [ -88.633271187999981, 15.742990620000057 ], [ -88.633317381999973, 15.741919520000067 ], [ -88.633060538999985, 15.740976484000043 ], [ -88.632479913999987, 15.740070913000068 ], [ -88.631784215999971, 15.739185579000036 ], [ -88.631384647999937, 15.738440331000049 ], [ -88.63110513099997, 15.737496841000052 ], [ -88.629717017999951, 15.735547001000043 ], [ -88.626827997999953, 15.733657199000049 ], [ -88.626155247999975, 15.732762171000047 ], [ -88.625960519999978, 15.732154052000055 ], [ -88.625951682999982, 15.731506832000036 ], [ -88.626055073999964, 15.730972334000057 ], [ -88.626550124999937, 15.730490795000037 ], [ -88.627031689999967, 15.730612065000059 ], [ -88.627554991999943, 15.730958495000039 ], [ -88.628170222999984, 15.731305643000042 ], [ -88.628876397999989, 15.731699706000029 ], [ -88.630063789999951, 15.732258984000055 ], [ -88.630980120999936, 15.732568207000043 ], [ -88.631602040999951, 15.732603229000063 ], [ -88.632670570999949, 15.732244778000052 ], [ -88.633226617999981, 15.73212178600005 ], [ -88.634363881999946, 15.731787246000067 ], [ -88.634701502999974, 15.731101874000046 ], [ -88.634742923999966, 15.730252747000065 ], [ -88.634712692999983, 15.729516036000064 ], [ -88.634538798999984, 15.729021064000051 ], [ -88.63425011399994, 15.728478700000039 ], [ -88.63377331199996, 15.728134344000068 ], [ -88.633300822999956, 15.727588294000043 ], [ -88.633517433999941, 15.727146240000025 ], [ -88.634153282999989, 15.726555899000061 ], [ -88.63593294399999, 15.725295206000055 ], [ -88.637047381999935, 15.724937642000043 ], [ -88.637287828999945, 15.724496058000057 ], [ -88.637321001999965, 15.72400523400006 ], [ -88.637335312999937, 15.723334797000064 ], [ -88.637188959999946, 15.722639721000064 ], [ -88.636856221999949, 15.722007425000072 ], [ -88.636377815999936, 15.721302320000063 ], [ -88.636139265999986, 15.719938057000036 ], [ -88.636196281999958, 15.719447711000043 ], [ -88.636549886999944, 15.719074902000045 ], [ -88.637514031999956, 15.719295987000066 ], [ -88.637995127999943, 15.719438637000053 ], [ -88.638869654999951, 15.719523777000063 ], [ -88.639497742999936, 15.719268056000033 ], [ -88.64041555099999, 15.718415039000035 ], [ -88.640854175999948, 15.717329232000054 ], [ -88.641341901999965, 15.717160876000037 ], [ -88.643423315999939, 15.716889111000057 ], [ -88.644538180999973, 15.71650895700003 ], [ -88.645400001999974, 15.71612486600003 ], [ -88.64603712, 15.715444319000028 ], [ -88.646329192999985, 15.714735457000074 ], [ -88.646626390999984, 15.713758403000043 ], [ -88.646780962999969, 15.71300283000005 ], [ -88.646726619999981, 15.711236424000049 ], [ -88.647142301999963, 15.710105042000066 ], [ -88.647301155999969, 15.709147768000037 ], [ -88.647294629999976, 15.708387851000055 ], [ -88.647331665999957, 15.706646939000052 ], [ -88.647080940999956, 15.705413195000062 ], [ -88.646417897999982, 15.704059623000035 ], [ -88.646198030999983, 15.70356374000005 ], [ -88.64665309899999, 15.702767945000062 ], [ -88.647101500999952, 15.702285398000072 ], [ -88.64742096699996, 15.701353874000063 ], [ -88.647248479999973, 15.700791301000038 ], [ -88.646727546999955, 15.700334501000043 ], [ -88.646367363999957, 15.699924874000033 ], [ -88.64605265099999, 15.699538699000072 ], [ -88.645611861999953, 15.698569459000055 ], [ -88.645301998999969, 15.697982726000077 ], [ -88.644806256999971, 15.697436244000073 ], [ -88.644103823999956, 15.696841674000041 ], [ -88.643103288999953, 15.696174639000049 ], [ -88.64182178499999, 15.695724064000046 ], [ -88.640923131999955, 15.69568356700006 ], [ -88.640020664999952, 15.695822228000054 ], [ -88.639415819999954, 15.696055885000021 ], [ -88.638929563999966, 15.696157768000035 ], [ -88.638352251999947, 15.696191320000025 ], [ -88.637527104999947, 15.695950496000023 ], [ -88.637058448999937, 15.695226438000077 ], [ -88.636545266999974, 15.694434978000061 ], [ -88.636003888999937, 15.693683537000027 ], [ -88.635281297999938, 15.693135889000075 ], [ -88.634340515999952, 15.692916417000049 ], [ -88.633623383999975, 15.693013670000028 ], [ -88.632437548999974, 15.693481427000052 ], [ -88.631690595999942, 15.693912873000045 ], [ -88.630900432999965, 15.694187887000055 ], [ -88.63029378899995, 15.694533081000031 ], [ -88.629958150999983, 15.695129443000042 ], [ -88.62989113499998, 15.696088529000065 ], [ -88.629880168999989, 15.696602340000027 ], [ -88.629406206999988, 15.697218475000057 ], [ -88.628781532999938, 15.697317560000045 ], [ -88.627837907999947, 15.697231014000067 ], [ -88.627314171999956, 15.696908270000051 ], [ -88.626905614999941, 15.696586704000026 ], [ -88.62611422699996, 15.695856160000062 ], [ -88.625363059999984, 15.695394710000073 ], [ -88.624493421999944, 15.695086440000068 ], [ -88.623622344999944, 15.694845776000022 ], [ -88.622728006999978, 15.694604642000058 ], [ -88.621835214999976, 15.694318446000068 ], [ -88.621145153999976, 15.694238092000035 ], [ -88.620291055999985, 15.69426491300004 ], [ -88.61938, 15.694805741000039 ], [ -88.618006913999977, 15.695403791000047 ], [ -88.611881988999983, 15.698207009000043 ], [ -88.611158155999988, 15.698616289000029 ], [ -88.610138144999951, 15.698864048000075 ], [ -88.609490305999941, 15.698985151000045 ], [ -88.608283060999952, 15.699363273000074 ], [ -88.607413600999962, 15.700105522000058 ], [ -88.606443370999955, 15.70017503300005 ], [ -88.605871460999936, 15.699984284000038 ], [ -88.605163894999976, 15.699635243000046 ], [ -88.604431253999962, 15.699397291000025 ], [ -88.603717474999939, 15.69933781800006 ], [ -88.602538279999976, 15.69949328000007 ], [ -88.601884580999979, 15.699859977000074 ], [ -88.600928516999943, 15.700353584000027 ], [ -88.600408433999974, 15.700946158000022 ], [ -88.600047987999972, 15.701609584000039 ], [ -88.599467539999978, 15.702871636000054 ], [ -88.599407204999977, 15.703539988000045 ], [ -88.599484676999964, 15.704212247000044 ], [ -88.599724796999965, 15.70484269800005 ], [ -88.600205911999979, 15.705007961000035 ], [ -88.600826749999953, 15.705088119000038 ], [ -88.601794042999984, 15.70512904900005 ], [ -88.602508808999971, 15.705143464000059 ], [ -88.603174626999987, 15.705269609000027 ], [ -88.603554147999944, 15.705857783000056 ], [ -88.603497162999986, 15.706370650000054 ], [ -88.60318708899996, 15.706855867000058 ], [ -88.602700226999957, 15.706957646000035 ], [ -88.602143310999963, 15.707124514000043 ], [ -88.601171696999984, 15.707284144000027 ], [ -88.599903348999987, 15.707281099000056 ], [ -88.59874873199999, 15.707346846000064 ], [ -88.597706866999943, 15.707526459000064 ], [ -88.597220586999981, 15.707628233000037 ], [ -88.596731420999959, 15.707864090000044 ], [ -88.596188498999936, 15.708434768000075 ], [ -88.595898225999974, 15.709053383000025 ], [ -88.595791899999938, 15.709721928000022 ], [ -88.595957802999976, 15.712718037000059 ], [ -88.596365834999972, 15.713062190000073 ], [ -88.597256233999985, 15.713460050000037 ], [ -88.597803686999953, 15.713760801000035 ], [ -88.598371398999973, 15.714174683000067 ], [ -88.599367365999967, 15.71502104800004 ], [ -88.600450630999944, 15.71613744800004 ], [ -88.60150775599999, 15.717387458000076 ], [ -88.602207563999968, 15.718072281000047 ], [ -88.603793721999978, 15.719399468000063 ], [ -88.60415287699999, 15.71985309300004 ], [ -88.604484045999982, 15.720553020000068 ], [ -88.604656913999975, 15.721091940000065 ], [ -88.604668062999963, 15.721628724000027 ], [ -88.60471615099999, 15.722612637000054 ], [ -88.60383229699994, 15.727155556000071 ], [ -88.603817893999974, 15.727933051000036 ], [ -88.604196374999958, 15.728543756000022 ], [ -88.604980170999966, 15.729654111000059 ], [ -88.605170902999987, 15.73041771000004 ], [ -88.605386453999984, 15.731136723000077 ], [ -88.605698220999955, 15.731657031000054 ], [ -88.605935489999979, 15.732421570000042 ], [ -88.606101139999964, 15.733296260000031 ], [ -88.606110372999979, 15.733922059000065 ], [ -88.605837079999958, 15.734831851000024 ], [ -88.605549731999986, 15.735340067000038 ], [ -88.605055595999943, 15.735776474000033 ], [ -88.6044705, 15.736167081000076 ], [ -88.603629487999967, 15.736686656000074 ], [ -88.603181394999979, 15.737146531000064 ], [ -88.602798564999944, 15.737764406000053 ], [ -88.602578019999953, 15.73838556100003 ], [ -88.602331706999962, 15.739095242000076 ], [ -88.602065110999945, 15.739692919000049 ], [ -88.601614603999963, 15.740264336000052 ], [ -88.60112197699999, 15.740656797000042 ], [ -88.599653630999967, 15.741364315000055 ], [ -88.59758764899999, 15.742016897000042 ], [ -88.596774924999977, 15.742221389000065 ], [ -88.595894559999977, 15.742405344000076 ], [ -88.594930017999957, 15.742229140000063 ], [ -88.59431763799995, 15.741725277000057 ], [ -88.593474064999953, 15.74128323900004 ], [ -88.592210334999947, 15.741057004000027 ], [ -88.59133481899994, 15.741016724000076 ], [ -88.59031555599995, 15.741219262000072 ], [ -88.589287113999944, 15.741846562000035 ], [ -88.587771812999961, 15.74259812400004 ], [ -88.586486872999956, 15.743353219000028 ], [ -88.585801517999982, 15.744099049000056 ], [ -88.584811858999956, 15.745084431000066 ], [ -88.583282526999938, 15.746482680000042 ], [ -88.582752888999948, 15.746916042000066 ], [ -88.581896811999968, 15.747616681000068 ], [ -88.580981564999945, 15.748335277000024 ], [ -88.580123543999946, 15.749635535000039 ], [ -88.579323993999935, 15.751405888000022 ], [ -88.578527796999936, 15.75302074800004 ], [ -88.577684558999977, 15.754657190000046 ], [ -88.575768868999944, 15.756851181000059 ], [ -88.575529295999957, 15.75727125700007 ], [ -88.575445548999937, 15.757939102000023 ], [ -88.575572358999977, 15.758478223000054 ], [ -88.575971622999987, 15.759200986000053 ], [ -88.576783813999953, 15.760043741000061 ], [ -88.577443485999936, 15.760459569000034 ], [ -88.578177338999978, 15.760675137000078 ], [ -88.578776024999968, 15.760709857000052 ], [ -88.57965500499995, 15.760593597000025 ], [ -88.579967172999943, 15.760019442000043 ], [ -88.580009321999967, 15.759148979000031 ], [ -88.579882963999978, 15.758588448000069 ], [ -88.579805097999952, 15.757938728000056 ], [ -88.579633761999958, 15.757332197000039 ], [ -88.579604637999978, 15.756527919000064 ], [ -88.580120121999983, 15.756158533000075 ], [ -88.581021399999941, 15.756086675000063 ], [ -88.581500061999975, 15.756342132000043 ], [ -88.582115336999948, 15.756711954000025 ], [ -88.582910068999979, 15.757287191000046 ], [ -88.583763903999966, 15.758331412000075 ], [ -88.584048970999959, 15.759007885000074 ], [ -88.584236343999976, 15.759949520000077 ], [ -88.584118199999978, 15.761131806000037 ], [ -88.583817224999962, 15.762264161000076 ], [ -88.583124527999985, 15.763344594000046 ], [ -88.582313828999986, 15.764579305000041 ], [ -88.581739691999985, 15.765505460000043 ], [ -88.580892630999983, 15.767342472000053 ], [ -88.58007317299996, 15.768979397000066 ], [ -88.57931894699999, 15.76970123600006 ], [ -88.577465014999973, 15.771160413000075 ], [ -88.575954313999944, 15.772759569000073 ], [ -88.571639078999965, 15.778122691000021 ], [ -88.570361573999946, 15.779592406000063 ], [ -88.569403898999951, 15.781181351000043 ], [ -88.568300552999972, 15.783124628000053 ], [ -88.566272856999944, 15.78726053500003 ], [ -88.561558314999957, 15.795049842000026 ], [ -88.561119520999966, 15.79611280000006 ], [ -88.560795517999964, 15.797223193000036 ], [ -88.560455074999936, 15.798019895000039 ], [ -88.559831917999986, 15.79910161600003 ], [ -88.559207188999949, 15.80022838900004 ], [ -88.558409101999985, 15.801909556000055 ], [ -88.558116636999955, 15.802640730000064 ], [ -88.557778605999943, 15.80332588300007 ], [ -88.557480676999944, 15.804280123000069 ], [ -88.557020591999958, 15.805276123000056 ], [ -88.556439436999938, 15.806537905000027 ], [ -88.556049071999951, 15.807512788000054 ], [ -88.555721113999937, 15.808801170000038 ], [ -88.555488480999941, 15.80993595800004 ], [ -88.555166846999953, 15.810934788000054 ], [ -88.554704523999987, 15.811659086000077 ], [ -88.556950394999944, 15.814449772000046 ], [ -88.560006143999942, 15.819633106000026 ], [ -88.561445421999963, 15.820288174000041 ], [ -88.562489592999952, 15.82106927600006 ], [ -88.563387098999954, 15.822248642000034 ], [ -88.564139660999956, 15.823694430000046 ], [ -88.564808477999975, 15.825829462000058 ], [ -88.565316001999975, 15.827939775000061 ], [ -88.565677228999959, 15.830404403000045 ], [ -88.565547399999957, 15.83634419200007 ], [ -88.565333280999937, 15.852467354000055 ], [ -88.565247184999976, 15.853235446000042 ], [ -88.565095567999947, 15.853857914000059 ], [ -88.564647951999973, 15.854251135000027 ], [ -88.563884368999936, 15.854369604000055 ], [ -88.563210208999976, 15.854578950000075 ], [ -88.562720129999946, 15.854837159000056 ], [ -88.561956951999946, 15.854910541000038 ], [ -88.561268412999937, 15.854739732000041 ], [ -88.560888378999948, 15.854173985000045 ], [ -88.560785366999937, 15.853613922000022 ], [ -88.56062045799996, 15.852716697000062 ], [ -88.560343256999943, 15.851683032000039 ], [ -88.559808775999954, 15.850779347000071 ], [ -88.559184908999953, 15.849783651000052 ], [ -88.55727422199999, 15.847465296000053 ], [ -88.555254864999938, 15.845882989000074 ], [ -88.553520898999977, 15.843925556000045 ], [ -88.550631188999944, 15.842079615000046 ], [ -88.550736606999976, 15.841467485000067 ], [ -88.551282011999945, 15.840809170000057 ], [ -88.551823913999954, 15.840283786000043 ], [ -88.552395527999977, 15.839491875000022 ], [ -88.552708932999963, 15.838872744000071 ], [ -88.552890211999966, 15.837960095000028 ], [ -88.552900982999972, 15.83746887500007 ], [ -88.55273217599995, 15.836750793000022 ], [ -88.552252910999982, 15.836517766000043 ], [ -88.551571968999951, 15.837039170000025 ], [ -88.551308440999946, 15.837481234000052 ], [ -88.550904574999947, 15.838030871000058 ], [ -88.550526318999971, 15.838448032000031 ], [ -88.549939844999983, 15.838882324000053 ], [ -88.54940129199997, 15.839228557000069 ], [ -88.548256482999989, 15.839875663000043 ], [ -88.54717604199999, 15.840746134000028 ], [ -88.546457628999974, 15.841938521000031 ], [ -88.546419157999935, 15.842629799000065 ], [ -88.546545876999971, 15.843168928000068 ], [ -88.546812086999978, 15.843665842000064 ], [ -88.547046706999936, 15.844540828000049 ], [ -88.546869706999985, 15.845230379000043 ], [ -88.546030178999956, 15.846687403000033 ], [ -88.545529809999948, 15.847414252000021 ], [ -88.544988281999963, 15.847894534000034 ], [ -88.544222194999975, 15.848101927000073 ], [ -88.543464947999951, 15.84790711100004 ], [ -88.542596397999944, 15.847531912000022 ], [ -88.541677464999964, 15.847356302000037 ], [ -88.540618458999973, 15.847222885000065 ], [ -88.539908250999986, 15.847007612000027 ], [ -88.539021840999965, 15.846386316000064 ], [ -88.537119477999966, 15.84476120000005 ], [ -88.536393785999962, 15.844165757000042 ], [ -88.535802762999936, 15.843773718000023 ], [ -88.535299763999944, 15.843561583000053 ], [ -88.53443125199999, 15.843186359000072 ], [ -88.533838164999963, 15.842861901000049 ], [ -88.533133395999982, 15.842401009000071 ], [ -88.532339468999965, 15.841759062000051 ], [ -88.531340371999988, 15.841022706000047 ], [ -88.530334356999958, 15.840600671000061 ], [ -88.528594928999951, 15.839961725000023 ], [ -88.527608277999946, 15.839718166000068 ], [ -88.527032103999943, 15.839683714000046 ], [ -88.52624573199995, 15.839756502000057 ], [ -88.525572694999937, 15.839943214000073 ], [ -88.524920861999988, 15.840197989000046 ], [ -88.524294268999938, 15.840364242000078 ], [ -88.523509942999965, 15.840370559000064 ], [ -88.522501018999947, 15.840081432000034 ], [ -88.520305617999952, 15.839187280000033 ], [ -88.519228459999965, 15.838851642000066 ], [ -88.518308615999956, 15.838721013000054 ], [ -88.517573150999965, 15.838571655000067 ], [ -88.516979227999968, 15.83831364200006 ], [ -88.51629821399996, 15.837808117000066 ], [ -88.51522055099997, 15.837496120000026 ], [ -88.512441090999971, 15.836902006000059 ], [ -88.510970029999953, 15.836637063000069 ], [ -88.509588278999956, 15.836519359000022 ], [ -88.508392983999954, 15.836315348000028 ], [ -88.507564607999939, 15.836209116000077 ], [ -88.506787754999948, 15.835879658000067 ], [ -88.503622778999954, 15.837001885000063 ], [ -88.503415502999985, 15.837449541000069 ], [ -88.502311407999969, 15.83746491900007 ], [ -88.501381361999961, 15.836719746000028 ], [ -88.500651685999969, 15.835864899000057 ], [ -88.499930118999941, 15.835405827000045 ], [ -88.499248230999967, 15.835362344000032 ], [ -88.498318357999949, 15.835476003000053 ], [ -88.497610812999937, 15.835696846000076 ], [ -88.497029040999962, 15.835968768000043 ], [ -88.496287995999978, 15.836387273000071 ], [ -88.495407030999957, 15.836946005000073 ], [ -88.49447405699999, 15.837644534000049 ], [ -88.49404001399995, 15.838315123000029 ], [ -88.493217927999979, 15.839733899000066 ], [ -88.492770872999984, 15.840518050000071 ], [ -88.492302932999962, 15.84137727500007 ], [ -88.491995116999988, 15.842051615000059 ], [ -88.491866207999976, 15.842586543000039 ], [ -88.49172740299997, 15.843566459000044 ], [ -88.491594189999944, 15.845603685000071 ], [ -88.491256894999935, 15.849800635000065 ], [ -88.49172374599999, 15.851189906000059 ], [ -88.492292540999983, 15.851503818000026 ], [ -88.492765454999983, 15.851731201000064 ], [ -88.493252292999955, 15.852222609000023 ], [ -88.493593270999952, 15.852701958000068 ], [ -88.493888991999938, 15.853436212000076 ], [ -88.494306270999971, 15.853992667000057 ], [ -88.495082711999942, 15.85460394200004 ], [ -88.495796689999963, 15.854987372000039 ], [ -88.496198383999968, 15.855276382000056 ], [ -88.496995820999985, 15.855493613000021 ], [ -88.498437101999968, 15.85560928600006 ], [ -88.499846993999938, 15.855749091000064 ], [ -88.501211211999987, 15.855953308000039 ], [ -88.502095030999953, 15.856030306000036 ], [ -88.503156980999961, 15.856029856000077 ], [ -88.50472677099998, 15.85599600300003 ], [ -88.505996393999965, 15.855977314000029 ], [ -88.506875262999984, 15.855883998000024 ], [ -88.50812366599996, 15.855798359000062 ], [ -88.509040593999941, 15.856063112000072 ], [ -88.509773546999952, 15.856301503000054 ], [ -88.510316169999953, 15.856826730000023 ], [ -88.510580730999948, 15.857367593000049 ], [ -88.510954159999983, 15.858224054000061 ], [ -88.511323618999938, 15.859259641000051 ], [ -88.511446294999985, 15.859976767000035 ], [ -88.511523384999975, 15.860648991000062 ], [ -88.511455160999958, 15.861651820000077 ], [ -88.51130229499995, 15.862296727000057 ], [ -88.510844520999967, 15.863169737000078 ], [ -88.510392438999986, 15.863785884000038 ], [ -88.509962157999951, 15.864468983000052 ], [ -88.509834452999939, 15.865002827000069 ], [ -88.509747383999979, 15.865804638000043 ], [ -88.50975331799998, 15.866586964000078 ], [ -88.510027793999939, 15.867731036000066 ], [ -88.510147459999985, 15.868583354000066 ], [ -88.510459085999969, 15.869102660000067 ], [ -88.511157494999964, 15.86987683600006 ], [ -88.511683231999939, 15.870088383000052 ], [ -88.512256503999936, 15.870256961000052 ], [ -88.512808469999982, 15.870336053000074 ], [ -88.513750748999939, 15.87051116300006 ], [ -88.514649498999972, 15.870574911000062 ], [ -88.515363761999936, 15.870634823000046 ], [ -88.51616753199994, 15.870807050000053 ], [ -88.516785790999961, 15.871021634000044 ], [ -88.51747433099996, 15.871191463000059 ], [ -88.518141622999963, 15.871295476000057 ], [ -88.518948843999965, 15.871312223000075 ], [ -88.519893609999897, 15.871375778000072 ], [ -88.522004185999947, 15.871933505000072 ], [ -88.525313867999955, 15.872561141000062 ], [ -88.526894198999969, 15.873085299000024 ], [ -88.527874187999942, 15.873663516000022 ], [ -88.528783343999976, 15.874285349000047 ], [ -88.529672277999964, 15.874795174000042 ], [ -88.530976684999985, 15.875291053000069 ], [ -88.531871050999939, 15.875555272000042 ], [ -88.533084898999959, 15.875960225000028 ], [ -88.53448137, 15.876480532000073 ], [ -88.535884267999961, 15.876710167000056 ], [ -88.536602504999962, 15.876592011000071 ], [ -88.537372660999949, 15.876205541000047 ], [ -88.538139273999946, 15.875953124000034 ], [ -88.538721472999953, 15.875719436000054 ], [ -88.539412998999978, 15.875756264000074 ], [ -88.540195598999958, 15.875861470000075 ], [ -88.540859423999962, 15.876098350000063 ], [ -88.541446675999964, 15.876692078000076 ], [ -88.542011669999965, 15.877239133000046 ], [ -88.542829437999956, 15.877836492000029 ], [ -88.543602113999953, 15.878366413000037 ], [ -88.544461923999961, 15.879143851000038 ], [ -88.545139223999968, 15.879827349000038 ], [ -88.545590430999937, 15.880306676000032 ], [ -88.546104551999974, 15.881075849000069 ], [ -88.546745594999948, 15.881290831000058 ], [ -88.546965687999943, 15.880736308000053 ], [ -88.547427056999936, 15.87969645000004 ], [ -88.548239749999937, 15.879467489000035 ], [ -88.548742874999959, 15.879678494000075 ], [ -88.549129160999939, 15.880277083000067 ], [ -88.549249121999935, 15.880805934000023 ], [ -88.549429972999974, 15.883066213000063 ], [ -88.549511448999965, 15.888808456000049 ], [ -88.549756821999949, 15.892342617000054 ], [ -88.550509113999965, 15.894859274000055 ], [ -88.551097012999946, 15.896458425000048 ], [ -88.551653220999981, 15.897407685000076 ], [ -88.552124746999937, 15.897997892000035 ], [ -88.55257553499996, 15.898498624000069 ], [ -88.553442348999965, 15.898962849000043 ], [ -88.553502572999946, 15.898317104000057 ], [ -88.553328858999976, 15.89782208500003 ], [ -88.553110154999956, 15.897281053000029 ], [ -88.552960719999987, 15.896741448000057 ], [ -88.553233656999964, 15.895876912000062 ], [ -88.55385552599995, 15.895933688000071 ], [ -88.554543193999962, 15.896149623000042 ], [ -88.555318915999976, 15.896545457000059 ], [ -88.556161570999961, 15.897075675000053 ], [ -88.55702346399994, 15.897764088000031 ], [ -88.557875550999938, 15.898898652000071 ], [ -88.558656913999982, 15.900098258000071 ], [ -88.559375962999979, 15.901006904000042 ], [ -88.559936050999966, 15.901755599000069 ], [ -88.560636754999962, 15.902439559000072 ], [ -88.56140671199995, 15.903126070000042 ], [ -88.562054467999985, 15.904099744000064 ], [ -88.562723149999954, 15.908334736000029 ], [ -88.563226072999953, 15.909618785000077 ], [ -88.563581898999985, 15.910229142000048 ], [ -88.564143595999951, 15.910932782000032 ], [ -88.564729955999951, 15.911547882000036 ], [ -88.565342055999963, 15.912051922000046 ], [ -88.566372262999948, 15.912452973000029 ], [ -88.567564694999987, 15.912813396000047 ], [ -88.568318303999945, 15.91318620900006 ], [ -88.568792361999954, 15.913664857000072 ], [ -88.569267991999936, 15.914098455000044 ], [ -88.570040380999956, 15.91465086900007 ], [ -88.571345682999947, 15.91512405800006 ], [ -88.57267474799994, 15.915576315000067 ], [ -88.573726732999944, 15.916021744000034 ], [ -88.57431762899995, 15.916458829000078 ], [ -88.574905988999944, 15.916984905000049 ], [ -88.575465299999962, 15.917800070000055 ], [ -88.576002291999941, 15.918570818000035 ], [ -88.576929226999937, 15.919461161000072 ], [ -88.577818501999957, 15.919970868000064 ], [ -88.578686471999958, 15.920389961000069 ], [ -88.57978944599995, 15.920636906000027 ], [ -88.581765206999989, 15.921057297000061 ], [ -88.582935548999956, 15.921393530000046 ], [ -88.583949427999983, 15.921480821000046 ], [ -88.584579693999956, 15.921158965000075 ], [ -88.585252053999966, 15.921016064000071 ], [ -88.58608037, 15.921145757000033 ], [ -88.586815180999963, 15.921316364000063 ], [ -88.588254738999979, 15.921993989000043 ], [ -88.589304347999985, 15.92255202900003 ], [ -88.591165339999975, 15.924041963000036 ], [ -88.592900167999971, 15.925975675000075 ], [ -88.59480161, 15.928762704000064 ], [ -88.596164046999945, 15.930868014000055 ], [ -88.596901204999938, 15.932000154000036 ], [ -88.597420507999971, 15.932546196000033 ], [ -88.597874325999953, 15.932890257000054 ], [ -88.598675622999963, 15.933220005000067 ], [ -88.599272393999968, 15.933366343000046 ], [ -88.606074054999965, 15.933773555000073 ], [ -88.60872498699996, 15.933961786000054 ], [ -88.610033967999982, 15.93427818300006 ], [ -88.611680140999965, 15.935026407000066 ], [ -88.612609759999941, 15.935805109000057 ], [ -88.613645916999985, 15.936988399000029 ], [ -88.61427424499999, 15.937827464000065 ], [ -88.61478194099999, 15.938909805000037 ], [ -88.615460765999956, 15.940587428000072 ], [ -88.619186557999967, 15.947633007000036 ], [ -88.619757172999982, 15.948984911000025 ], [ -88.620056520999981, 15.950086681000073 ], [ -88.620160594999959, 15.952746826000066 ], [ -88.620164841999951, 15.953595720000067 ], [ -88.620241884999984, 15.954311958000062 ], [ -88.620456445999935, 15.955053541000041 ], [ -88.62073894699995, 15.955885559000023 ], [ -88.621085773999937, 15.956920664000052 ], [ -88.623250370999983, 15.961431995000055 ], [ -88.623371953999936, 15.962216776000048 ], [ -88.623337481999954, 15.962730094000051 ], [ -88.623067547999938, 15.963461811000059 ], [ -88.622549058999937, 15.963942729000053 ], [ -88.62179995799994, 15.964418945000034 ], [ -88.620538685999975, 15.965085368000075 ], [ -88.618795235999983, 15.965607814000066 ], [ -88.615875335999988, 15.966084825000053 ], [ -88.611597830999983, 15.966354841000054 ], [ -88.607700177999959, 15.966118524000024 ], [ -88.604250399999955, 15.965490008000074 ], [ -88.600023516999954, 15.964487082000062 ], [ -88.595882899999935, 15.96377779200003 ], [ -88.591037461999974, 15.96256138800004 ], [ -88.587440776999983, 15.961281477000057 ], [ -88.585630720999973, 15.960618717000045 ], [ -88.583570326999961, 15.95981666800003 ], [ -88.578363177999961, 15.957229819000077 ], [ -88.575325778999968, 15.955692977000069 ], [ -88.572707123999976, 15.95403058900007 ], [ -88.568205486999943, 15.951905568000029 ], [ -88.562660747999985, 15.948931616000039 ], [ -88.559446443999946, 15.947056189000023 ], [ -88.557753494999986, 15.946351703000062 ], [ -88.555965635999939, 15.945778249000057 ], [ -88.554914567999958, 15.945287638000025 ], [ -88.553458639999974, 15.944297218000031 ], [ -88.552006270999982, 15.943172731000061 ], [ -88.549287943999957, 15.940793469000027 ], [ -88.545839923999949, 15.938041782000028 ], [ -88.544568183999957, 15.937076551000075 ], [ -88.532700294999984, 15.925706952000041 ], [ -88.528157895999982, 15.921323993000044 ], [ -88.520646242999987, 15.913417922000065 ], [ -88.516629213999977, 15.909291468000049 ], [ -88.508255710999947, 15.901791037000066 ], [ -88.503980426999988, 15.897882243000026 ], [ -88.499924847999978, 15.895071252000037 ], [ -88.493056683999953, 15.889971003000028 ], [ -88.491080658999977, 15.888418319000039 ], [ -88.489424017999966, 15.887402021000071 ], [ -88.488847540999984, 15.887011278000045 ], [ -88.484444086999986, 15.883971921000068 ], [ -88.478312032999952, 15.879735439000058 ], [ -88.474811924999983, 15.87737532400007 ], [ -88.470273334999945, 15.874332944000059 ], [ -88.467569351999941, 15.872179920000065 ], [ -88.458374917999947, 15.865251666000063 ], [ -88.457337736999989, 15.86451194600005 ], [ -88.45655117299998, 15.863890198000036 ], [ -88.455861084999981, 15.863327953000066 ], [ -88.454861648999952, 15.862645371000042 ], [ -88.453992011999958, 15.862249527000074 ], [ -88.453355625999961, 15.861914938000041 ], [ -88.452662164999936, 15.861503636000066 ], [ -88.451012943999956, 15.860203287000047 ], [ -88.440304064999964, 15.853856872000051 ], [ -88.439421264999964, 15.853195862000064 ], [ -88.437673616999973, 15.851930560000028 ], [ -88.43544133499995, 15.850524292000046 ], [ -88.430583734999971, 15.847823987000027 ], [ -88.42919590799994, 15.847076771000047 ], [ -88.427807108999957, 15.846347558000048 ], [ -88.426226781999958, 15.845464400000026 ], [ -88.424971564999964, 15.844852949000028 ], [ -88.423581675999969, 15.844199201000038 ], [ -88.421533856999986, 15.843268936000072 ], [ -88.419253486999935, 15.842275129000029 ], [ -88.417884525999966, 15.841547415000036 ], [ -88.417089102999967, 15.841327714000045 ], [ -88.416303469999946, 15.841112722000048 ], [ -88.415424087999952, 15.84074473000004 ], [ -88.41408574799999, 15.839951155000051 ], [ -88.409599441999944, 15.837693380000076 ], [ -88.408013524999944, 15.837064698000063 ], [ -88.407368094999981, 15.836700518000043 ], [ -88.405830796999965, 15.83564799100003 ], [ -88.403861250999967, 15.834303412000054 ], [ -88.402062180999962, 15.833168676000071 ], [ -88.398142693999944, 15.831314946000077 ], [ -88.395749321999972, 15.830158522000033 ], [ -88.393345408999949, 15.828596154000024 ], [ -88.391346220999935, 15.827718545000039 ], [ -88.390260963999935, 15.827374266000049 ], [ -88.389330925999957, 15.827089632000025 ], [ -88.388809354999978, 15.826836236000076 ], [ -88.383420669999964, 15.823978466000028 ], [ -88.382376935999957, 15.823550520000026 ], [ -88.38141983, 15.823152591000053 ], [ -88.380849868999974, 15.822903782000026 ], [ -88.38013366499996, 15.822661994000043 ], [ -88.379466387999969, 15.822393075000036 ], [ -88.379014148999943, 15.822137756000075 ], [ -88.378591059999962, 15.821854888000075 ], [ -88.376382670999988, 15.820305572000052 ], [ -88.367499402999954, 15.815818873000069 ], [ -88.366330697999956, 15.815311566000048 ], [ -88.362069603999942, 15.812651065000068 ], [ -88.359548434999965, 15.811124237000058 ], [ -88.358799488999978, 15.810612363000075 ], [ -88.357840833999944, 15.80985484200005 ], [ -88.356748208999988, 15.809000918000038 ], [ -88.355906630999982, 15.808265056000039 ], [ -88.355040249999945, 15.807774326000072 ], [ -88.354438783999967, 15.807609304000039 ], [ -88.353840451999986, 15.807332788000053 ], [ -88.352974813999936, 15.806784596000057 ], [ -88.350325039999973, 15.804933774000062 ], [ -88.349303949999978, 15.804364206000059 ], [ -88.347820690999981, 15.803519901000072 ], [ -88.343184231999942, 15.800680933000024 ], [ -88.34268134499996, 15.800481945000058 ], [ -88.336618471999941, 15.796894419000068 ], [ -88.327427115999967, 15.79276838800007 ], [ -88.326828555999953, 15.792480542000021 ], [ -88.326348103999976, 15.792168196000034 ], [ -88.325447980999968, 15.791430997000077 ], [ -88.324537674999988, 15.790884016000064 ], [ -88.323754803999975, 15.790413025000078 ], [ -88.321317004999969, 15.788679216000048 ], [ -88.320299744999943, 15.787976667000066 ], [ -88.318637926999941, 15.787242180000078 ], [ -88.316305097999987, 15.786058242000024 ], [ -88.313399402999949, 15.784333430000061 ], [ -88.311899447999963, 15.783395061000022 ], [ -88.31119094099995, 15.782830990000036 ], [ -88.310773333999975, 15.782293486000071 ], [ -88.310399264999944, 15.781634096000062 ], [ -88.309798552999951, 15.781290958000056 ], [ -88.308679117999986, 15.78093547900005 ], [ -88.307791492999968, 15.780519653000056 ], [ -88.30729089099998, 15.780225998000049 ], [ -88.29718434099999, 15.771885232000045 ], [ -88.293670000999953, 15.768645031000062 ], [ -88.290760297999952, 15.765428047000057 ], [ -88.28874329699994, 15.76238027100004 ], [ -88.288137038999935, 15.761602028000027 ], [ -88.286807214999953, 15.760062154000025 ], [ -88.283456704999935, 15.756495280000024 ], [ -88.278796504999946, 15.751408081000022 ], [ -88.270832593999955, 15.743273214000055 ], [ -88.27014152199996, 15.74279621200003 ], [ -88.269602591999956, 15.742481390000023 ], [ -88.268929334999939, 15.742089280000073 ], [ -88.26747050099999, 15.741056977000028 ], [ -88.264936459999944, 15.739357884000071 ], [ -88.263127083999962, 15.738317933000076 ], [ -88.262401142999977, 15.737640718000023 ], [ -88.261408505999952, 15.736750371000028 ], [ -88.25952009699995, 15.735784171000034 ], [ -88.257571546999941, 15.734853830000077 ], [ -88.255670871999939, 15.733566215000053 ], [ -88.252723223999965, 15.732028152000055 ], [ -88.25192470099995, 15.731973552000056 ], [ -88.251128539999968, 15.731842383000071 ], [ -88.250101017999953, 15.73155517500004 ], [ -88.248222384999963, 15.731024040000023 ], [ -88.246031462999952, 15.73046578800006 ], [ -88.241594014999976, 15.729291677000049 ], [ -88.23684237599997, 15.728150049000021 ], [ -88.234672922999948, 15.72757301200005 ], [ -88.233123604999946, 15.727067 ], [ -88.231767551999951, 15.726679008000076 ], [ -88.230799540999953, 15.726412181000057 ], [ -88.230256765999968, 15.726267341000039 ], [ -88.229110401999947, 15.726091245000077 ], [ -88.228111896999962, 15.72625865200007 ], [ -88.227303745999961, 15.726618389000066 ], [ -88.226691655999957, 15.726926085000059 ], [ -88.225648619999959, 15.727356154000063 ], [ -88.224613504999979, 15.727447250000068 ], [ -88.223817112999939, 15.727278802000058 ], [ -88.223211592999974, 15.726509494000027 ], [ -88.223216688999969, 15.725470780000023 ], [ -88.222976608999943, 15.724917932000039 ], [ -88.22267560399996, 15.724458392000031 ], [ -88.222236402999954, 15.724013846000048 ], [ -88.221497531999944, 15.723525543000051 ], [ -88.223242228999936, 15.723383546000036 ], [ -88.22494472599999, 15.723230470000033 ], [ -88.227147120999973, 15.723140165000075 ], [ -88.229099360999953, 15.723027456000068 ], [ -88.230442558999982, 15.722918289000063 ], [ -88.233203016999937, 15.72266662800007 ], [ -88.23598029499999, 15.722467125000037 ], [ -88.237916938999945, 15.722250333000034 ], [ -88.239710370999944, 15.722064193000051 ], [ -88.241051975999937, 15.722023654000054 ], [ -88.243071307999969, 15.72210270000005 ], [ -88.246040478999987, 15.722080772000027 ], [ -88.247906821999948, 15.721861225000055 ], [ -88.249760812999966, 15.721347309000066 ], [ -88.250356312999941, 15.721101143000055 ], [ -88.250979056999938, 15.720508534000032 ], [ -88.251229702999979, 15.719734286000062 ], [ -88.251135610999938, 15.719177875000071 ], [ -88.250808636999977, 15.718581456000038 ], [ -88.250270949999958, 15.717841853000039 ], [ -88.249646733999953, 15.716996702000074 ], [ -88.24788700299996, 15.715009057000032 ], [ -88.246959425999989, 15.713378706000071 ], [ -88.246848759999978, 15.712735176000024 ], [ -88.246688831999961, 15.711933952000038 ], [ -88.246433932999935, 15.711340233000044 ], [ -88.245806524999978, 15.710633599000062 ], [ -88.245092952999983, 15.710531274000061 ], [ -88.244221308999954, 15.710373663000041 ], [ -88.242586506999942, 15.70987038800007 ], [ -88.242401902999973, 15.709380735000025 ], [ -88.242360105999978, 15.708877298000061 ], [ -88.242464533999964, 15.708238462000054 ], [ -88.243242457999941, 15.704747902000065 ], [ -88.244043573999988, 15.702634716000034 ], [ -88.244104814999957, 15.701526213000022 ], [ -88.244014118999985, 15.699273008000034 ], [ -88.244041101999983, 15.698111929000049 ], [ -88.2447395, 15.697313651000059 ], [ -88.247569425999984, 15.696335348000048 ], [ -88.248476279999977, 15.695800747000021 ], [ -88.248655380999935, 15.695024938000074 ], [ -88.248441747999948, 15.694206775000055 ], [ -88.247688335999953, 15.691989828000033 ], [ -88.247631715999944, 15.691347477000022 ], [ -88.247612725999943, 15.690637215000038 ], [ -88.24774016799995, 15.689756620000026 ], [ -88.248041594999961, 15.689122067000028 ], [ -88.24840932699999, 15.688662477000037 ], [ -88.249101846999963, 15.688140096000041 ], [ -88.249896129999968, 15.687793447000047 ], [ -88.250937486999987, 15.68762569300003 ], [ -88.251510244999963, 15.687603226000022 ], [ -88.252508169999942, 15.687728600000071 ], [ -88.253770387999964, 15.688068169000076 ], [ -88.254690176999986, 15.688503944000047 ], [ -88.255644229999973, 15.688992294000059 ], [ -88.256153472999983, 15.689402238000071 ], [ -88.25804173299997, 15.691261874000077 ], [ -88.259013800999981, 15.692530324000074 ], [ -88.25973528899999, 15.693846284000074 ], [ -88.26010000499997, 15.694269986000052 ], [ -88.260763316999942, 15.694959328000039 ], [ -88.261598008999954, 15.695254645000034 ], [ -88.26248125099994, 15.694909885000072 ], [ -88.26272817399996, 15.694292145000077 ], [ -88.262583770999981, 15.693596049000064 ], [ -88.262261949999981, 15.692826238000066 ], [ -88.261827550999953, 15.692297365000059 ], [ -88.260758543999941, 15.691346820000035 ], [ -88.258608742999968, 15.689152506000028 ], [ -88.257972704999986, 15.688064881000059 ], [ -88.257808314999977, 15.687453985000047 ], [ -88.257802151999954, 15.686137797000072 ], [ -88.257981556999937, 15.685396906000051 ], [ -88.258505487999969, 15.68436828800003 ], [ -88.259273682999947, 15.683640185000058 ], [ -88.260618052999973, 15.682716139000036 ], [ -88.261829587999955, 15.682154268000033 ], [ -88.262855942999977, 15.68182949900006 ], [ -88.26348255299996, 15.681791265000072 ], [ -88.264374887999963, 15.681880483000043 ], [ -88.264926608999986, 15.682013016000042 ], [ -88.265438483999958, 15.68228440200005 ], [ -88.265857257999983, 15.682709265000028 ], [ -88.266184674999977, 15.683287638000024 ], [ -88.266277207999963, 15.683913876000076 ], [ -88.266333893999956, 15.684556240000063 ], [ -88.266097000999935, 15.685521251000068 ], [ -88.265610171999981, 15.687260565000031 ], [ -88.265538515999935, 15.688020708000067 ], [ -88.265598626999974, 15.689269347000049 ], [ -88.26572097899998, 15.690190321000046 ], [ -88.265923852999947, 15.690697263000061 ], [ -88.266534093999951, 15.691368537000074 ], [ -88.267100856999946, 15.691606187000048 ], [ -88.268263011999977, 15.691648297000029 ], [ -88.268895868999948, 15.691316100000051 ], [ -88.269296986999962, 15.690995781000026 ], [ -88.269829894999987, 15.69038309900003 ], [ -88.27068920499994, 15.688756631000047 ], [ -88.271861694999984, 15.686788767000053 ], [ -88.272435602999963, 15.685935832000041 ], [ -88.27281932599999, 15.685562166000068 ], [ -88.27339884099996, 15.685297529000024 ], [ -88.273974384999974, 15.685154497000042 ], [ -88.275029178999944, 15.685160433000021 ], [ -88.275543887999959, 15.685310169000047 ], [ -88.275930231999951, 15.685629524000035 ], [ -88.27718817799996, 15.686939033000044 ], [ -88.278083909999964, 15.688396197000031 ], [ -88.279540830999963, 15.690334247000067 ], [ -88.280414843999949, 15.691271488000041 ], [ -88.281028949999893, 15.691752391000023 ], [ -88.281560284999955, 15.691989239000065 ], [ -88.282503393999946, 15.69220006300003 ], [ -88.283233428999949, 15.692319513000029 ], [ -88.284255225999971, 15.692219908000027 ], [ -88.285032065999985, 15.691872742000044 ], [ -88.285692277999942, 15.691160223000054 ], [ -88.285956595999949, 15.690541688000053 ], [ -88.286101675999987, 15.689696342000047 ], [ -88.286031068999989, 15.688898170000073 ], [ -88.285909838999942, 15.687924250000037 ], [ -88.285550634999936, 15.68725844100004 ], [ -88.284995410999954, 15.686518534000072 ], [ -88.28427560199998, 15.685879863000025 ], [ -88.282924675999936, 15.684741903000031 ], [ -88.281239888999949, 15.683354460000032 ], [ -88.280459471999961, 15.681535849000056 ], [ -88.280005193999955, 15.680277544000035 ], [ -88.279886095999984, 15.67928789900003 ], [ -88.279884251999988, 15.678559952000057 ], [ -88.279953680999938, 15.677868476000071 ], [ -88.280055147999974, 15.677351219000059 ], [ -88.280301208999958, 15.676767225000049 ], [ -88.280650223999942, 15.676358983000057 ], [ -88.281091131999972, 15.675849060000075 ], [ -88.281600952999952, 15.67542738800006 ], [ -88.282128371999988, 15.675074829000039 ], [ -88.282852246999937, 15.674726511000074 ], [ -88.283714753999959, 15.674519779000036 ], [ -88.284899458999973, 15.67433690200005 ], [ -88.285793432999981, 15.674304370000073 ], [ -88.286918044999936, 15.674433435000026 ], [ -88.288325918999988, 15.674636213000042 ], [ -88.289379268999937, 15.674728799000036 ], [ -88.290898664999986, 15.674709732000053 ], [ -88.291954618999966, 15.674714471000073 ], [ -88.293474989999936, 15.674678507000067 ], [ -88.294245580999984, 15.67462524900003 ], [ -88.295376432999944, 15.674407348000045 ], [ -88.296528260999935, 15.674086225000053 ], [ -88.299306461999947, 15.67303724900006 ], [ -88.302664150999988, 15.671670537000068 ], [ -88.303653164999957, 15.671449536000068 ], [ -88.304314039999952, 15.67146374400005 ], [ -88.305219889999989, 15.671725483000046 ], [ -88.305604652999989, 15.672115746000031 ], [ -88.305897351999988, 15.672615587000053 ], [ -88.30769811, 15.675980680000066 ], [ -88.308535219999953, 15.677696800000035 ], [ -88.309754404999978, 15.679108995000036 ], [ -88.310474320999958, 15.67969576400003 ], [ -88.311128285999985, 15.680038844000023 ], [ -88.311786414999972, 15.680174675000046 ], [ -88.312430685999971, 15.680153577000056 ], [ -88.312951751999947, 15.680077997000069 ], [ -88.313456173999953, 15.67991642000004 ], [ -88.313931132999983, 15.679440947000046 ], [ -88.31415730599997, 15.678960134000022 ], [ -88.316717550999954, 15.672587558000032 ], [ -88.317418994999969, 15.67161548100006 ], [ -88.318020244999957, 15.671108895000032 ], [ -88.318781128999944, 15.670691365000039 ], [ -88.319429310999965, 15.670497916000045 ], [ -88.320057712999983, 15.670406583000045 ], [ -88.321219043999974, 15.670483294000064 ], [ -88.321677748999946, 15.670718488000034 ], [ -88.322310511999945, 15.671200808000037 ], [ -88.322818550999955, 15.671644397000023 ], [ -88.323447948999956, 15.67242751200007 ], [ -88.32416425599996, 15.672613003000038 ], [ -88.324907590999942, 15.672225499000035 ], [ -88.325273168999956, 15.671214648000046 ], [ -88.325464601999954, 15.670317262000026 ], [ -88.325517642999955, 15.66906195200005 ], [ -88.325569061999943, 15.667877602000033 ], [ -88.325609672999974, 15.667167425000059 ], [ -88.325575322999953, 15.665459507000037 ], [ -88.325288156999989, 15.664102265000054 ], [ -88.325139933999935, 15.663104081000029 ], [ -88.324780743999952, 15.660594781000043 ], [ -88.324603799999977, 15.659785297000042 ], [ -88.324081774999968, 15.65906308600006 ], [ -88.323034004999954, 15.657807897000055 ], [ -88.322703550999961, 15.657279094000046 ], [ -88.322726240999941, 15.656283443000063 ], [ -88.323354800999937, 15.654447724000022 ], [ -88.323519117999979, 15.653692867000075 ], [ -88.323536384999954, 15.652934865000077 ], [ -88.323757083999965, 15.651848791000077 ], [ -88.324068352999973, 15.651049748000048 ], [ -88.324950780999984, 15.64883969400006 ], [ -88.326786217999938, 15.64560765300007 ], [ -88.330012549999935, 15.639275976000022 ], [ -88.333464488999937, 15.63377838200006 ], [ -88.340749774999949, 15.623216960000036 ], [ -88.343574502999957, 15.619483944000024 ], [ -88.346186139999986, 15.616504733000056 ], [ -88.352461270999981, 15.611611964000076 ], [ -88.400424068999939, 15.572614331000068 ], [ -88.442633760999968, 15.537513907000061 ], [ -88.463261313999965, 15.520299402000035 ], [ -88.471929827999986, 15.513079665000078 ], [ -88.476697150999939, 15.50976251700007 ], [ -88.485616893999975, 15.504444033000027 ], [ -88.489361525999982, 15.501929472000029 ] ] ] ] } },
{ "type": "Feature", "properties": { "Codigo": 801, "datos_finales_color_riesgo": "620D00" }, "geometry": { "type": "MultiPolygon", "coordinates": [ [ [ [ -91.241042529999959, 14.946713279000051 ], [ -91.236868495999943, 14.946327503000077 ], [ -91.236206458999959, 14.946721173000071 ], [ -91.233138858999951, 14.946872567000071 ], [ -91.219343149999986, 14.946946183000023 ], [ -91.217458170999976, 14.945366871000033 ], [ -91.214426682999942, 14.940803010000025 ], [ -91.21188736, 14.938486515000022 ], [ -91.210624261999953, 14.936468061000028 ], [ -91.20953686699994, 14.935051965000071 ], [ -91.205165739999984, 14.930109239000046 ], [ -91.190437727999949, 14.912272031000043 ], [ -91.184899547999976, 14.906201405000047 ], [ -91.184509164999952, 14.905238092000047 ], [ -91.176498544999959, 14.896430845000054 ], [ -91.185174951999954, 14.892325613000025 ], [ -91.187061385999982, 14.891913529000021 ], [ -91.206830808999939, 14.883520772000054 ], [ -91.211599662999959, 14.874649326000053 ], [ -91.21264808899997, 14.871600569000066 ], [ -91.21285504399998, 14.86889545400004 ], [ -91.211952921999966, 14.860810043000072 ], [ -91.212188994999963, 14.859786125000028 ], [ -91.215653372999952, 14.858757944000047 ], [ -91.235096325999962, 14.855247974000065 ], [ -91.236486128999957, 14.854445265000038 ], [ -91.239552368999966, 14.854299328000025 ], [ -91.245010708999985, 14.853206874000023 ], [ -91.247120977999941, 14.851920436000057 ], [ -91.25060956699997, 14.85074049900004 ], [ -91.262781774999951, 14.844956085000035 ], [ -91.26423239199994, 14.846700028000043 ], [ -91.266021660999968, 14.852438935000066 ], [ -91.268499645999952, 14.85659012900004 ], [ -91.272044527999981, 14.86001501800007 ], [ -91.275777804999962, 14.862327376000053 ], [ -91.281774528999961, 14.86322866200004 ], [ -91.289259567999977, 14.861949223000067 ], [ -91.295265957999959, 14.860149048000039 ], [ -91.301950197999986, 14.855871695000076 ], [ -91.303106462999949, 14.85720993800004 ], [ -91.305152119999946, 14.866182710000032 ], [ -91.306458301999953, 14.874442805000058 ], [ -91.307314578999978, 14.875834179000037 ], [ -91.328700696999988, 14.87525438800003 ], [ -91.337267209999936, 14.875603591000072 ], [ -91.347562545999949, 14.867448839000076 ], [ -91.360030212999959, 14.858158972000069 ], [ -91.363530906999983, 14.855636324000045 ], [ -91.363058293999984, 14.854000446000043 ], [ -91.362048464999987, 14.851366548000044 ], [ -91.361753657999941, 14.850259535000077 ], [ -91.363202126999965, 14.849090383000032 ], [ -91.365562157999989, 14.847559404000037 ], [ -91.370168647999947, 14.84445136100004 ], [ -91.373532099999977, 14.841986301000077 ], [ -91.404228819999958, 14.822747638000067 ], [ -91.406518506999987, 14.825517925000042 ], [ -91.415887944999952, 14.84068002600003 ], [ -91.419085480999968, 14.844752343000039 ], [ -91.41942622, 14.845972605000043 ], [ -91.422493434999978, 14.849055418000034 ], [ -91.428751729999988, 14.851940864000028 ], [ -91.432170171999985, 14.854269007000028 ], [ -91.438537354999937, 14.856914306000021 ], [ -91.439826911999944, 14.857854024000062 ], [ -91.443058153999971, 14.860076809000077 ], [ -91.445956298999988, 14.863000036000074 ], [ -91.445845758999951, 14.869194 ], [ -91.445448058999943, 14.87103740200007 ], [ -91.440493897999943, 14.878601695000043 ], [ -91.439638565999985, 14.88284731300007 ], [ -91.439295861999938, 14.890675611000063 ], [ -91.437574623999978, 14.890852561000031 ], [ -91.432484211999963, 14.893214099000033 ], [ -91.424877855999966, 14.897658516000035 ], [ -91.424469621999947, 14.901234885000065 ], [ -91.415034237999976, 14.908998073000078 ], [ -91.411676989999989, 14.912975369000037 ], [ -91.409391205999952, 14.917143078000038 ], [ -91.409455628999979, 14.919838054000024 ], [ -91.410194265999962, 14.920988786000066 ], [ -91.412962965999952, 14.920843059000049 ], [ -91.414568802999952, 14.921225893000042 ], [ -91.418926227999975, 14.923011734000056 ], [ -91.419886977999965, 14.923986599000045 ], [ -91.419955947999938, 14.924803912000073 ], [ -91.418769988999941, 14.926502820000053 ], [ -91.412778915999979, 14.931117154000049 ], [ -91.406529657999954, 14.940927614000032 ], [ -91.40595665699999, 14.942205914000056 ], [ -91.405618667999988, 14.943050889000062 ], [ -91.405474112999968, 14.943900603000031 ], [ -91.405560198999979, 14.944753056000025 ], [ -91.405924246999973, 14.945337430000052 ], [ -91.410126052999942, 14.950475574000052 ], [ -91.411038530999974, 14.951781169000071 ], [ -91.412072775999945, 14.952885380000055 ], [ -91.41508844399999, 14.956431248000058 ], [ -91.41656272299997, 14.959178938000036 ], [ -91.41709166399994, 14.961291907000032 ], [ -91.413565872999982, 14.96065169700006 ], [ -91.398231068999962, 14.960606727000027 ], [ -91.38490479799998, 14.959897093000052 ], [ -91.374334499999975, 14.957499261000066 ], [ -91.36838987699997, 14.955508017000056 ], [ -91.366278268999963, 14.95437671600007 ], [ -91.36516824499995, 14.954334878000054 ], [ -91.357994926999936, 14.949827654000046 ], [ -91.349732834999941, 14.942698129000064 ], [ -91.344488367999986, 14.940029007000078 ], [ -91.342087460999949, 14.939310026000044 ], [ -91.335403531999987, 14.939054695000038 ], [ -91.319059107999976, 14.94082962400006 ], [ -91.306258198999956, 14.940346470000065 ], [ -91.300625016999959, 14.938953494000032 ], [ -91.297800514999949, 14.937384750000035 ], [ -91.28987617599995, 14.935846790000028 ], [ -91.269291180999971, 14.936436327000024 ], [ -91.266916581999965, 14.936901850000027 ], [ -91.259638219999943, 14.937719805000029 ], [ -91.25559384, 14.938628883000035 ], [ -91.252113305999956, 14.940572486000065 ], [ -91.248478524999939, 14.941827991000025 ], [ -91.246618871999942, 14.943402081000045 ], [ -91.24344165499997, 14.944963767000047 ], [ -91.241042529999959, 14.946713279000051 ] ] ] ] } }
]
}
