{
"type": "FeatureCollection",
"name": "color_riesgo_bajo",
"crs": { "type": "name", "properties": { "name": "urn:ogc:def:crs:OGC:1.3:CRS84" } },
"features": [
{ "type": "Feature", "properties": { "Codigo": 1103, "datos_finales_color_riesgo": "fe9181" }, "geometry": { "type": "MultiPolygon", "coordinates": [ [ [ [ -91.588600068999938, 14.600450314000057 ], [ -91.588740013999939, 14.599974348000046 ], [ -91.588818611999955, 14.598383936000062 ], [ -91.588806628999976, 14.596715012000061 ], [ -91.588859566999986, 14.593688352000072 ], [ -91.589015884999981, 14.590551585000071 ], [ -91.589295353999944, 14.587659619000021 ], [ -91.589560198999948, 14.585240987000077 ], [ -91.589747947999967, 14.584270414000059 ], [ -91.590014954999958, 14.58333308300007 ], [ -91.590386426999942, 14.581931998000073 ], [ -91.590954367999984, 14.580101606000028 ], [ -91.591440989999967, 14.578469581000036 ], [ -91.591869026999973, 14.577201029000037 ], [ -91.592285170999958, 14.575977600000044 ], [ -91.592623453999977, 14.574499476000028 ], [ -91.592745118999972, 14.573152243000038 ], [ -91.592884340999944, 14.570866172000024 ], [ -91.592907158999935, 14.569098021000059 ], [ -91.592946284999982, 14.568325407000032 ], [ -91.593128709999974, 14.566359357000067 ], [ -91.593183615999976, 14.564835455000036 ], [ -91.593246833999956, 14.563830229000075 ], [ -91.593479357999968, 14.562926579000077 ], [ -91.593804281999951, 14.561812194000026 ], [ -91.594117178999966, 14.560764401000029 ], [ -91.594627178999986, 14.55900030500004 ], [ -91.595019105999938, 14.558019648000027 ], [ -91.595815233999986, 14.555858412000077 ], [ -91.596484488999977, 14.552294207000045 ], [ -91.596845455999983, 14.550793605000024 ], [ -91.59747243399994, 14.548499145000051 ], [ -91.598056733999954, 14.545796536000068 ], [ -91.598384228999976, 14.544173699000055 ], [ -91.598894448999943, 14.542453652000063 ], [ -91.599412891999975, 14.541175446000068 ], [ -91.600239773999988, 14.539545420000024 ], [ -91.601121603999957, 14.538214014000062 ], [ -91.601954969999952, 14.537301507000052 ], [ -91.602880622999976, 14.536191814000063 ], [ -91.604182906999938, 14.534674206000034 ], [ -91.606113131999962, 14.532532098000047 ], [ -91.608364033999976, 14.529926353000064 ], [ -91.609417417999964, 14.528320228000041 ], [ -91.609751765999988, 14.527437494000026 ], [ -91.610085272999981, 14.526689212000065 ], [ -91.610578926999949, 14.525741887000038 ], [ -91.611382772999946, 14.524155740000026 ], [ -91.611868261999973, 14.522655836000069 ], [ -91.612114736999956, 14.52135338000005 ], [ -91.612270095999975, 14.520061684000041 ], [ -91.612308648999942, 14.519365888000038 ], [ -91.612125731999981, 14.515962651000052 ], [ -91.612102825999955, 14.515450667000039 ], [ -91.612213593999968, 14.514892018000069 ], [ -91.612240263999979, 14.514148696000063 ], [ -91.612178698999969, 14.513512192000064 ], [ -91.611725930999967, 14.512744565000048 ], [ -91.611358953999968, 14.512169529000062 ], [ -91.611210416999938, 14.511531383000033 ], [ -91.611259070999949, 14.510703446000036 ], [ -91.611915906999968, 14.510177405000036 ], [ -91.612768528999936, 14.509779069000047 ], [ -91.613295683999979, 14.509123447000036 ], [ -91.61332075699994, 14.508635474000073 ], [ -91.613347368999939, 14.50780740600004 ], [ -91.613527987999987, 14.506832231000033 ], [ -91.614037455999949, 14.505475957000044 ], [ -91.614634469999942, 14.504121327000064 ], [ -91.615165166999986, 14.502892856000074 ], [ -91.615764223999975, 14.501113387000032 ], [ -91.616031149999969, 14.500243799000032 ], [ -91.616494380999939, 14.499418302000038 ], [ -91.61755078799996, 14.497662990000038 ], [ -91.617991045999986, 14.496986503000073 ], [ -91.618540525999947, 14.496182978000036 ], [ -91.619351441999981, 14.495486067000058 ], [ -91.619876694999959, 14.495128713000042 ], [ -91.620227288999956, 14.494790669000054 ], [ -91.620513719999963, 14.494325694000054 ], [ -91.621178228999952, 14.492546592000053 ], [ -91.621668517999979, 14.49080826900007 ], [ -91.621783557999947, 14.489832696000065 ], [ -91.621700596999972, 14.489088725000045 ], [ -91.621508551999966, 14.488450326000077 ], [ -91.621099274999949, 14.48768410200006 ], [ -91.620996305999938, 14.486706121000054 ], [ -91.621544491999941, 14.486199746000068 ], [ -91.622157872999935, 14.48565194400004 ], [ -91.622271203999958, 14.484952060000069 ], [ -91.622711029999948, 14.484338833000038 ], [ -91.62356308699998, 14.483918975000051 ], [ -91.623872259999985, 14.483241705000069 ], [ -91.624292921999938, 14.482161706000056 ], [ -91.626274499999965, 14.478818567000076 ], [ -91.626480590999961, 14.477269524000064 ], [ -91.626898092999966, 14.476699092000047 ], [ -91.627577997999936, 14.475981042000058 ], [ -91.628150202999961, 14.475049936000062 ], [ -91.627913952999961, 14.474432754000077 ], [ -91.627287250999984, 14.473665272000062 ], [ -91.626963643999943, 14.473110852000048 ], [ -91.627250885999956, 14.472411978000025 ], [ -91.628018715999985, 14.47163116400003 ], [ -91.628369907999968, 14.471186894000027 ], [ -91.628743518999954, 14.470679477000033 ], [ -91.62924732, 14.470215756000073 ], [ -91.629903402999958, 14.46987947100007 ], [ -91.630493644999945, 14.469500994000043 ], [ -91.630910863999986, 14.468972361000056 ], [ -91.631197498999938, 14.468464433000065 ], [ -91.631723057999977, 14.468043769000076 ], [ -91.63229249699998, 14.467557824000039 ], [ -91.63277483, 14.467093970000064 ], [ -91.63306100899996, 14.466564568000024 ], [ -91.633131458999969, 14.465758213000072 ], [ -91.63287907199998, 14.464270899000041 ], [ -91.632841690999953, 14.46327296000004 ], [ -91.632933202999936, 14.46253000300004 ], [ -91.633263044999978, 14.462065261000077 ], [ -91.633485450999956, 14.461344531000066 ], [ -91.633315225999979, 14.460642991000043 ], [ -91.632993173999978, 14.459834356000044 ], [ -91.633105932999968, 14.459219202000043 ], [ -91.633479250999983, 14.458754712000029 ], [ -91.633135748999962, 14.457945953000035 ], [ -91.632550027999969, 14.45749623100005 ], [ -91.632335808999983, 14.456879181000033 ], [ -91.632360956999946, 14.456369730000063 ], [ -91.632276661999981, 14.455838178000022 ], [ -91.632106629999953, 14.455201043000045 ], [ -91.632175905999986, 14.454585637000037 ], [ -91.63233487399998, 14.453524432000052 ], [ -91.632384974999979, 14.452442259000065 ], [ -91.632584040999973, 14.451933818000043 ], [ -91.633237275999988, 14.451959078000073 ], [ -91.633804003999956, 14.452004173000034 ], [ -91.634351358999936, 14.451519220000023 ], [ -91.634660831999952, 14.450778654000032 ], [ -91.635209414999963, 14.450186362000068 ], [ -91.635754302999942, 14.450104774000067 ], [ -91.636342732999935, 14.450108181000076 ], [ -91.636930708999955, 14.450091245000067 ], [ -91.637761025999964, 14.449692665000043 ], [ -91.637874802999988, 14.44890689500005 ], [ -91.63807585099994, 14.448165696000046 ], [ -91.638274901999978, 14.447657248000041 ], [ -91.638913651999985, 14.446535533000031 ], [ -91.640079495999942, 14.444631558000026 ], [ -91.640542638999989, 14.443784526000059 ], [ -91.641526934999945, 14.443132583000022 ], [ -91.642029359999981, 14.442880115000037 ], [ -91.642882183999973, 14.442396899000073 ], [ -91.643845211999974, 14.441617141000052 ], [ -91.644417511999961, 14.440643044000069 ], [ -91.644533052999975, 14.439561236000031 ], [ -91.64458385599994, 14.438351375000025 ], [ -91.644762327999956, 14.437694781000062 ], [ -91.645048184999951, 14.437207166000064 ], [ -91.64544372499995, 14.436699839000028 ], [ -91.64605716599999, 14.43610902000006 ], [ -91.646540422999976, 14.435475643000075 ], [ -91.646848423999984, 14.434967813000071 ], [ -91.647223469999972, 14.434205 ], [ -91.647814037999979, 14.433847938000042 ], [ -91.648816010999951, 14.433810745000073 ], [ -91.649624158999984, 14.433518201000027 ], [ -91.649932018999948, 14.433031834000076 ], [ -91.650502470999982, 14.432356009000046 ], [ -91.651115123999944, 14.431891723000035 ], [ -91.652164592999952, 14.431281908000074 ], [ -91.652558759999977, 14.430902243000048 ], [ -91.652823262999959, 14.430394155000045 ], [ -91.653046966999966, 14.429440637000027 ], [ -91.653272587999936, 14.428167362000067 ], [ -91.653409779999947, 14.427042731000029 ], [ -91.653566057999967, 14.426407469000026 ], [ -91.653853346999938, 14.425771825000027 ], [ -91.653946927999982, 14.424668412000074 ], [ -91.654084944999966, 14.423501977000058 ], [ -91.654349183999955, 14.423035692000042 ], [ -91.65470036399995, 14.422571032000064 ], [ -91.654900245999954, 14.421913419000077 ], [ -91.654841181999984, 14.42093681700004 ], [ -91.654473962999987, 14.420403653000051 ], [ -91.653649646999952, 14.419826077000039 ], [ -91.65350140299995, 14.419124671000077 ], [ -91.653177535999987, 14.418613224000069 ], [ -91.65278785299995, 14.418154506000064 ], [ -91.652313394999965, 14.417429769000023 ], [ -91.652034284999957, 14.41670614800006 ], [ -91.651953205999973, 14.415729420000048 ], [ -91.652163160999976, 14.413395045000073 ], [ -91.652341591999971, 14.412737311000058 ], [ -91.65278034399995, 14.412166936000062 ], [ -91.65332800799996, 14.411703397000053 ], [ -91.654770098999961, 14.410946651000074 ], [ -91.656124980999948, 14.410232335000046 ], [ -91.656543285999987, 14.409492346000036 ], [ -91.65691850199994, 14.408687705000034 ], [ -91.65727054499996, 14.408073890000026 ], [ -91.657819586999949, 14.407376449000026 ], [ -91.658390200999975, 14.406657660000064 ], [ -91.658806339999956, 14.406278104000023 ], [ -91.659286450999957, 14.406153147000055 ], [ -91.660116439999967, 14.405775937000044 ], [ -91.660227741999961, 14.405288435000045 ], [ -91.660971292999989, 14.404824855000072 ], [ -91.66171104099999, 14.404998539000076 ], [ -91.662406482999984, 14.405214905000037 ], [ -91.66316825199999, 14.405389838000076 ], [ -91.664127132999965, 14.405267578000064 ], [ -91.664716715999987, 14.405058483000062 ], [ -91.666156267999952, 14.404716332000078 ], [ -91.667028328999947, 14.404572103000078 ], [ -91.667489504999935, 14.404023294000069 ], [ -91.667733804999955, 14.403196422000065 ], [ -91.667846428999951, 14.402581238000039 ], [ -91.668025426999975, 14.401818408000054 ], [ -91.668181391999951, 14.401224937000052 ], [ -91.668359812999938, 14.400460972000076 ], [ -91.668560752999952, 14.399613517000034 ], [ -91.668848217999937, 14.398934909000047 ], [ -91.66961367, 14.398387807000063 ], [ -91.670180074999962, 14.398369526000067 ], [ -91.671858466999936, 14.398209473000065 ], [ -91.672318161999954, 14.397808663000035 ], [ -91.672605858999987, 14.397088245000077 ], [ -91.672783879999898, 14.396388681000076 ], [ -91.673094019999951, 14.39549889400007 ], [ -91.673818067999946, 14.394696177000071 ], [ -91.674276626999983, 14.394486318000077 ], [ -91.674735684999973, 14.394191718000059 ], [ -91.675132132999977, 14.393407496000066 ], [ -91.675222657999939, 14.392898399000046 ], [ -91.675687463999964, 14.391627552000045 ], [ -91.675890312999968, 14.390450155000053 ], [ -91.676091339999971, 14.389581220000025 ], [ -91.676161712999942, 14.388753364000024 ], [ -91.676123248999943, 14.387903430000051 ], [ -91.675865359999989, 14.387307633000034 ], [ -91.675476938999964, 14.386732576000043 ], [ -91.675021822999952, 14.386263357000075 ], [ -91.674566793999986, 14.38587775700006 ], [ -91.674090175999936, 14.385418586000071 ], [ -91.673789513999964, 14.384706166000058 ], [ -91.673771081999973, 14.384195326000054 ], [ -91.67379641399998, 14.383536709000055 ], [ -91.673887305999983, 14.382964337000033 ], [ -91.674043238999957, 14.382370858000058 ], [ -91.674549743999989, 14.381397423000067 ], [ -91.675275415999977, 14.380211652000071 ], [ -91.675584636999986, 14.379471007000063 ], [ -91.675763708999966, 14.378686696000045 ], [ -91.675766589999967, 14.378197446000058 ], [ -91.675509581999961, 14.377453632000027 ], [ -91.675076385999944, 14.377004879000026 ], [ -91.674360741999976, 14.376491264000038 ], [ -91.673841616999937, 14.375872536000031 ], [ -91.673716600999967, 14.374958837000065 ], [ -91.674328661999937, 14.374558875000048 ], [ -91.675200349999955, 14.374457541000027 ], [ -91.676009500999953, 14.373952460000055 ], [ -91.67588277499999, 14.373229714000047 ], [ -91.67547147199997, 14.372803683000029 ], [ -91.67525632, 14.37233468200003 ], [ -91.675156067999978, 14.370954453000024 ], [ -91.675798602999976, 14.365373843000043 ], [ -91.676715709999939, 14.364933769000061 ], [ -91.677176201999941, 14.364383795000037 ], [ -91.677331855999967, 14.363833250000027 ], [ -91.67779591599998, 14.362773688000061 ], [ -91.67845601, 14.361588662000031 ], [ -91.678940878999981, 14.360635430000059 ], [ -91.679053684999985, 14.359978427000044 ], [ -91.67925603599997, 14.35887559300005 ], [ -91.679521129999955, 14.358239778000041 ], [ -91.679788832999975, 14.357158776000063 ], [ -91.679860710999947, 14.355969339000069 ], [ -91.68014943899999, 14.355057946000045 ], [ -91.680545654999946, 14.354296304000059 ], [ -91.680527070999972, 14.353808062000041 ], [ -91.680311795999955, 14.353360534000046 ], [ -91.680012078999937, 14.352488803000028 ], [ -91.680124133999982, 14.351958348000039 ], [ -91.680434419999983, 14.351025605000075 ], [ -91.680638488999989, 14.34962560200006 ], [ -91.680228217999968, 14.349028963000023 ], [ -91.679904121999982, 14.348560489000022 ], [ -91.679887718999964, 14.347700503000056 ], [ -91.680391498999938, 14.347172229000023 ], [ -91.68063525299999, 14.346515955000029 ], [ -91.680667134999965, 14.344731937000063 ], [ -91.681174341999963, 14.343715540000062 ], [ -91.681743087999962, 14.343273501000056 ], [ -91.681682082999941, 14.342508184000053 ], [ -91.681423965999954, 14.341955331000065 ], [ -91.681341023999948, 14.341274638000073 ], [ -91.681452608999962, 14.340723842000045 ], [ -91.681716680999955, 14.340257507000047 ], [ -91.682309422999936, 14.339475483000058 ], [ -91.682793969999977, 14.338565172000074 ], [ -91.683341299999938, 14.33801679100003 ], [ -91.683975637999936, 14.337552510000023 ], [ -91.684914262999939, 14.33717579000006 ], [ -91.685394835999944, 14.336944552000034 ], [ -91.685853875999953, 14.336629579000032 ], [ -91.686269954999943, 14.336228489000064 ], [ -91.687297592999982, 14.33549066300003 ], [ -91.687865569999985, 14.335175156000048 ], [ -91.688480055999946, 14.334435042000052 ], [ -91.688398851999978, 14.333352094000077 ], [ -91.688401813999974, 14.332842501000073 ], [ -91.688579772999958, 14.33223330900006 ], [ -91.690990337999949, 14.329635283000073 ], [ -91.69153898199994, 14.328852987000062 ], [ -91.691650868999943, 14.328343991000054 ], [ -91.691700483999966, 14.327282103000073 ], [ -91.691750427999978, 14.326263155000049 ], [ -91.691886089999969, 14.325350897000021 ], [ -91.692195292999941, 14.324588748000053 ], [ -91.693137298999943, 14.323616519000041 ], [ -91.694187359999944, 14.322795165000059 ], [ -91.69478074899996, 14.321885418000022 ], [ -91.695198134999941, 14.321250415000065 ], [ -91.695744047999938, 14.320934765000061 ], [ -91.697794673999965, 14.320330186000035 ], [ -91.700192692999963, 14.319770429000073 ], [ -91.702550875999975, 14.318679346000067 ], [ -91.703555601999938, 14.318175219000068 ], [ -91.70466916099997, 14.317586931000051 ], [ -91.705349041999966, 14.316740904000028 ], [ -91.705941670999948, 14.31595315900006 ], [ -91.706362696999975, 14.315383687000065 ], [ -91.707192812999949, 14.314202872000067 ], [ -91.708815775999938, 14.312173235000046 ], [ -91.710435676999964, 14.310674655000071 ], [ -91.711399584999981, 14.309597373000031 ], [ -91.712100944999975, 14.308837316000051 ], [ -91.713150639999981, 14.308056543000077 ], [ -91.714876144999948, 14.307132524000053 ], [ -91.717172951999942, 14.30589744200006 ], [ -91.718306071999962, 14.305112572000041 ], [ -91.719890889999988, 14.30365101700005 ], [ -91.723230509999951, 14.300573977000056 ], [ -91.724521555999956, 14.299413639000022 ], [ -91.725346130999981, 14.298674537000068 ], [ -91.726359946999935, 14.297766949000049 ], [ -91.72751797899997, 14.29707256100005 ], [ -91.72856589099996, 14.296590016000039 ], [ -91.729178004999937, 14.296125475000053 ], [ -91.729703087999951, 14.295683069000063 ], [ -91.730449396999973, 14.298250970000026 ], [ -91.730443555999955, 14.299291647000075 ], [ -91.730627584999979, 14.301394386000027 ], [ -91.731407164999951, 14.306091337000055 ], [ -91.731892628999958, 14.308790049000038 ], [ -91.733136072999969, 14.31612231400004 ], [ -91.733617519999939, 14.319543057000033 ], [ -91.733930509999936, 14.322006944000066 ], [ -91.734098245999974, 14.323197701000026 ], [ -91.734312425999974, 14.323856489000036 ], [ -91.734695907999935, 14.325324111000043 ], [ -91.734822950999956, 14.325919156000054 ], [ -91.734861515999967, 14.326895659000058 ], [ -91.734356002999959, 14.331585751000034 ], [ -91.734270654999989, 14.332441817000074 ], [ -91.734101819999978, 14.334131359000025 ], [ -91.733945251999955, 14.334874047000028 ], [ -91.733505070999968, 14.335763249000024 ], [ -91.733131931999935, 14.336270875000025 ], [ -91.732824748999974, 14.33669410400006 ], [ -91.732538525999985, 14.337202195000032 ], [ -91.732352683999977, 14.337996703000044 ], [ -91.732096572999978, 14.338611170000036 ], [ -91.731545905999951, 14.339669272000037 ], [ -91.731019375999949, 14.34045291700005 ], [ -91.730536925999957, 14.341023230000076 ], [ -91.72994541099996, 14.34161443000005 ], [ -91.727887676999956, 14.343557124000029 ], [ -91.72604542299996, 14.345818476000034 ], [ -91.725780829999962, 14.346391080000046 ], [ -91.725092158999985, 14.348786306000022 ], [ -91.724738477999949, 14.349739227000043 ], [ -91.724256707999984, 14.350182974000063 ], [ -91.723753859999988, 14.350562195000066 ], [ -91.723251390999962, 14.35077192500006 ], [ -91.721745015999943, 14.35142257900003 ], [ -91.720129447999966, 14.352114442000072 ], [ -91.719582765999974, 14.352556697000068 ], [ -91.719209443999944, 14.353085766000049 ], [ -91.71885645399999, 14.353912123000043 ], [ -91.718392968999979, 14.354907379000053 ], [ -91.718083433999936, 14.355733969000028 ], [ -91.717948933999935, 14.356455290000042 ], [ -91.71798692699997, 14.361284970000042 ], [ -91.717742768999983, 14.362027168000054 ], [ -91.717151016999935, 14.362746012000059 ], [ -91.716275893999978, 14.36335710000003 ], [ -91.714984776999984, 14.364454075000026 ], [ -91.714044497999964, 14.365106612000034 ], [ -91.713506304999953, 14.365475446000062 ], [ -91.712076739999986, 14.36645526600006 ], [ -91.710959082999977, 14.367616437000038 ], [ -91.710106726999982, 14.36829429200003 ], [ -91.709429051999962, 14.368627330000038 ], [ -91.70746623499997, 14.369105896000065 ], [ -91.706394605999947, 14.369411912000032 ], [ -91.705677278999985, 14.369584266000061 ], [ -91.704915428999982, 14.369537163000075 ], [ -91.704022594999969, 14.369490469000027 ], [ -91.702888827999971, 14.369717034000075 ], [ -91.702407583999957, 14.370054515000049 ], [ -91.702013857999987, 14.37039134500003 ], [ -91.70153163399999, 14.370898311000076 ], [ -91.700830885999949, 14.371510295000064 ], [ -91.699147874999937, 14.372605022000073 ], [ -91.696921329999952, 14.373379226000054 ], [ -91.69592804499996, 14.373962463000055 ], [ -91.695435472999975, 14.374251279000077 ], [ -91.694384043999946, 14.375264702000038 ], [ -91.69229448499999, 14.377392169000075 ], [ -91.690847955999971, 14.378868932000046 ], [ -91.689409511999941, 14.380545729000062 ], [ -91.68779436799997, 14.382702895000023 ], [ -91.687125014999936, 14.383781676000069 ], [ -91.686685659999966, 14.384479807000048 ], [ -91.68642017799999, 14.385178903000053 ], [ -91.686219856999969, 14.38583542300006 ], [ -91.685952619999966, 14.386833945000035 ], [ -91.685686097999962, 14.387808740000025 ], [ -91.685463452999954, 14.388614289000031 ], [ -91.685248395999963, 14.389113661000067 ], [ -91.685044303999973, 14.389621004000048 ], [ -91.684169174999965, 14.391289593000067 ], [ -91.683815742999968, 14.392157686000076 ], [ -91.683637424999972, 14.392815454000072 ], [ -91.683523940999976, 14.393684883000049 ], [ -91.683474665999938, 14.394576140000026 ], [ -91.683415319999938, 14.396097849000057 ], [ -91.683323774999963, 14.396882654000024 ], [ -91.682883882999988, 14.397665517000064 ], [ -91.682573318999971, 14.398534978000043 ], [ -91.682437428999947, 14.399467557000037 ], [ -91.682536303999939, 14.401187890000074 ], [ -91.68270034599999, 14.402866778000032 ], [ -91.682888993999939, 14.404204557000071 ], [ -91.682927604999975, 14.405033024000033 ], [ -91.682540142999983, 14.407940481000026 ], [ -91.68238022, 14.409213039000065 ], [ -91.68226763199999, 14.409828233000042 ], [ -91.682043950999969, 14.410803258000044 ], [ -91.681844042999955, 14.411481241000047 ], [ -91.680866204999973, 14.414724377000027 ], [ -91.680776133999984, 14.415254950000076 ], [ -91.680750936999971, 14.415892097000039 ], [ -91.680769015999942, 14.416465082000059 ], [ -91.68093787, 14.41742196000007 ], [ -91.681368947999943, 14.418146404000026 ], [ -91.68131413399999, 14.41899016800005 ], [ -91.681073085999969, 14.420352666000042 ], [ -91.680870162999952, 14.421540234000076 ], [ -91.680561052999963, 14.422154325000065 ], [ -91.679925038999954, 14.422957551000025 ], [ -91.679246340999953, 14.423526634000041 ], [ -91.678590089999943, 14.423926351000034 ], [ -91.677761303999944, 14.424092330000065 ], [ -91.677129457999968, 14.424088789000052 ], [ -91.676402348999943, 14.424019174000023 ], [ -91.675798333999978, 14.424505052000029 ], [ -91.675577612999973, 14.424971608000021 ], [ -91.675486771999942, 14.42562872600007 ], [ -91.675460223999949, 14.426393548000021 ], [ -91.67543213099998, 14.427517684000065 ], [ -91.675338946999943, 14.428473093000036 ], [ -91.675269251999964, 14.429279480000048 ], [ -91.675263853999979, 14.430192443000067 ], [ -91.675281659999939, 14.43080836200005 ], [ -91.67551174, 14.432486490000031 ], [ -91.675976636999962, 14.434846160000063 ], [ -91.676037000999941, 14.435716554000066 ], [ -91.676033606999965, 14.436290546000066 ], [ -91.67594351799994, 14.436819983000078 ], [ -91.675699748999989, 14.437455902000067 ], [ -91.67525961199999, 14.438260210000067 ], [ -91.67477566299999, 14.439022460000047 ], [ -91.673940540999979, 14.440248269000051 ], [ -91.67339140699994, 14.44105195700007 ], [ -91.672663785999987, 14.442428648000032 ], [ -91.672198701999946, 14.443720941000038 ], [ -91.671932585999969, 14.444504750000021 ], [ -91.67181968899996, 14.445162869000058 ], [ -91.671746066999958, 14.446626854000044 ], [ -91.671782865999944, 14.447752484000034 ], [ -91.671609596999986, 14.451254318000053 ], [ -91.671579996999981, 14.452528723000057 ], [ -91.67170295599999, 14.453887602000066 ], [ -91.672129519999942, 14.455377010000063 ], [ -91.67255881799997, 14.456504849000055 ], [ -91.672903597999948, 14.457122608000077 ], [ -91.67327053799994, 14.457719024000028 ], [ -91.673702995999975, 14.458315810000045 ], [ -91.674547439999969, 14.459148810000045 ], [ -91.675000851999982, 14.459830457000066 ], [ -91.675017852999986, 14.460679137000056 ], [ -91.674988266999947, 14.461953541000071 ], [ -91.674804266999956, 14.463650805000043 ], [ -91.675016218999986, 14.464671204000069 ], [ -91.67732616, 14.468293227000061 ], [ -91.677473367999937, 14.469185576000029 ], [ -91.67746959499999, 14.469822841000052 ], [ -91.67742309199997, 14.47033218200005 ], [ -91.677113264999946, 14.471052472000054 ], [ -91.676410808999947, 14.471982981000053 ], [ -91.674392125999987, 14.474285728000041 ], [ -91.672219343999984, 14.476948035000078 ], [ -91.670722753999939, 14.479487587000051 ], [ -91.670327307999969, 14.479973486000063 ], [ -91.669494894999957, 14.480712274000041 ], [ -91.669036019999965, 14.480943575000026 ], [ -91.668424656999946, 14.481172879000042 ], [ -91.667026756999974, 14.481738965000034 ], [ -91.66669453899999, 14.482607130000076 ], [ -91.666468531999953, 14.483943691000036 ], [ -91.666200431999982, 14.485046116000035 ], [ -91.665935499999989, 14.485617488000059 ], [ -91.665606006999951, 14.48612521900003 ], [ -91.66508096299998, 14.486462347000042 ], [ -91.664295936999963, 14.486542632000067 ], [ -91.663751268999988, 14.486476260000074 ], [ -91.662922120999951, 14.486662502000058 ], [ -91.662743721999959, 14.487403853000046 ], [ -91.662718504999987, 14.487934779000057 ], [ -91.662693416999957, 14.488444235000031 ], [ -91.662625040999956, 14.489016722000031 ], [ -91.662445921999961, 14.489780667000048 ], [ -91.66200325599999, 14.490882090000071 ], [ -91.661692780999942, 14.491793305000044 ], [ -91.661362627999949, 14.492407238000055 ], [ -91.659717695999973, 14.49411761500005 ], [ -91.659278330999939, 14.494666513000027 ], [ -91.658639710999978, 14.495852685000045 ], [ -91.658460958999967, 14.496552219000023 ], [ -91.658434579999948, 14.497274094000034 ], [ -91.658692650999967, 14.497848443000066 ], [ -91.658907873999965, 14.498316333000048 ], [ -91.659122706999938, 14.498848628000076 ], [ -91.659269850999976, 14.499740982000048 ], [ -91.659070402999987, 14.500313848000076 ], [ -91.658740928999975, 14.500715351000053 ], [ -91.658302125999967, 14.50126424900003 ], [ -91.658100820999948, 14.502048399000046 ], [ -91.658075529999962, 14.502685535000069 ], [ -91.658115030999966, 14.504118510000069 ], [ -91.658171632999938, 14.504830690000063 ], [ -91.658255675999953, 14.505319299000064 ], [ -91.658317753999938, 14.50589252900005 ], [ -91.65835638599998, 14.506699519000051 ], [ -91.658287920999953, 14.507187256000066 ], [ -91.65819786899999, 14.507696341000042 ], [ -91.65799674699997, 14.508544896000046 ], [ -91.657925458999955, 14.509500409000054 ], [ -91.658094219999953, 14.514023346000045 ], [ -91.657936201999973, 14.514935425000033 ], [ -91.657604909999975, 14.515634086000034 ], [ -91.657318710999959, 14.516163513000038 ], [ -91.657052434999969, 14.51694728800004 ], [ -91.65629733899999, 14.519257056000072 ], [ -91.655901083999936, 14.519955338000045 ], [ -91.655614807999939, 14.520400020000068 ], [ -91.655220343999986, 14.520801142000039 ], [ -91.65455549699999, 14.52131935400007 ], [ -91.651294630999985, 14.524833899000043 ], [ -91.651159320999966, 14.52553367400003 ], [ -91.65110681699997, 14.527019222000035 ], [ -91.65108111, 14.527719627000067 ], [ -91.651033170999938, 14.528356629000029 ], [ -91.650985427999956, 14.52905690700004 ], [ -91.65067381099999, 14.530137578000051 ], [ -91.649289860999943, 14.531977034000022 ], [ -91.648916566999958, 14.532420071000047 ], [ -91.648302970999964, 14.532990532000042 ], [ -91.647929672999965, 14.533433568000078 ], [ -91.647577049999938, 14.534005534000073 ], [ -91.647224881999989, 14.53459784100005 ], [ -91.646913752999978, 14.535593764000055 ], [ -91.646645086999968, 14.536759423000035 ], [ -91.646379905999936, 14.537352229000021 ], [ -91.645144261999974, 14.539871589000029 ], [ -91.643115914999953, 14.543596492000063 ], [ -91.642785749999973, 14.544190047000029 ], [ -91.642453193999984, 14.545079624000039 ], [ -91.642186822999975, 14.545863376000057 ], [ -91.641853349999963, 14.546902097000043 ], [ -91.641519229999972, 14.548045893000051 ], [ -91.641405705999944, 14.548873466000032 ], [ -91.64135824799996, 14.549425719000055 ], [ -91.641218789999982, 14.55088928400005 ], [ -91.641244232999952, 14.553840777000062 ], [ -91.641150342999936, 14.554965632000062 ], [ -91.641056137999954, 14.556047543000034 ], [ -91.640942867999968, 14.556832180000072 ], [ -91.640540572999953, 14.558401557000025 ], [ -91.64031702699998, 14.559291761000054 ], [ -91.640051143999983, 14.559990765000066 ], [ -91.639764972999956, 14.560498695000035 ], [ -91.639456887999984, 14.560985026000026 ], [ -91.639149057999987, 14.56142955200005 ], [ -91.637918333999949, 14.563014442000053 ], [ -91.637522585999989, 14.563606471000071 ], [ -91.636480709999944, 14.566360782000061 ], [ -91.636389398999938, 14.567060797000067 ], [ -91.636297878999983, 14.571285011000043 ], [ -91.636032746999945, 14.571857462000025 ], [ -91.635153613999989, 14.573040999000057 ], [ -91.634297820999961, 14.574012247000041 ], [ -91.633989646999964, 14.574413825000022 ], [ -91.633747075999963, 14.574900528000057 ], [ -91.632241707999981, 14.578671281000027 ], [ -91.632085746999962, 14.579221764000067 ], [ -91.631993566999938, 14.579964706000055 ], [ -91.632248132999962, 14.584679057000073 ], [ -91.632266053999956, 14.585253157000068 ], [ -91.632130949999976, 14.585994715000027 ], [ -91.630951135999965, 14.589916501000062 ], [ -91.630486743999938, 14.590996232000066 ], [ -91.629786521999961, 14.591374034000069 ], [ -91.628282186999968, 14.59138666900003 ], [ -91.627671530999976, 14.591446355000073 ], [ -91.627169138999989, 14.591634358000022 ], [ -91.626644171999942, 14.591908098000033 ], [ -91.626138092999952, 14.592690407000077 ], [ -91.626199902999986, 14.593200358000047 ], [ -91.626523128999963, 14.593839528000046 ], [ -91.626890129999936, 14.594436019000057 ], [ -91.627213625999957, 14.595032252000067 ], [ -91.627295772999958, 14.595818024000039 ], [ -91.627225608999936, 14.596561090000023 ], [ -91.627405740999961, 14.597356474000037 ], [ -91.620783568999968, 14.59957724700007 ], [ -91.617769704999944, 14.600789880000036 ], [ -91.610102335999954, 14.602668560000041 ], [ -91.601415942999949, 14.603747680000026 ], [ -91.598617537999985, 14.603528637000068 ], [ -91.594816332999983, 14.602262892000056 ], [ -91.592763997999953, 14.601500274000045 ], [ -91.590611579999972, 14.600786750000054 ], [ -91.589224231999935, 14.600551259000042 ], [ -91.588600068999938, 14.600450314000057 ] ] ] ] } },
{ "type": "Feature", "properties": { "Codigo": 1322, "datos_finales_color_riesgo": "fe9181" }, "geometry": { "type": "MultiPolygon", "coordinates": [ [ [ [ -91.530622119999975, 15.671896424000067 ], [ -91.532112272999939, 15.657708633000027 ], [ -91.532363102999966, 15.649109385000031 ], [ -91.532867278999959, 15.648388580000073 ], [ -91.532976975999986, 15.646576033000031 ], [ -91.534292415999971, 15.643022666000036 ], [ -91.534602698999947, 15.641200162000075 ], [ -91.536176490999935, 15.638770368000053 ], [ -91.538841548999983, 15.639295405000041 ], [ -91.544664295999951, 15.641834322000022 ], [ -91.547870073999945, 15.643978426000047 ], [ -91.551453020999986, 15.644811047000076 ], [ -91.558883954999942, 15.643853394000075 ], [ -91.563086380999948, 15.643893407000064 ], [ -91.567597252999974, 15.643337693000035 ], [ -91.585705121999979, 15.643264317000046 ], [ -91.59768257799999, 15.641201419000026 ], [ -91.599286893999988, 15.641464751000058 ], [ -91.605120974999977, 15.641090691000045 ], [ -91.613499965999949, 15.641552819000026 ], [ -91.62391742799997, 15.640401648000022 ], [ -91.627953038999976, 15.64045744200007 ], [ -91.64063564099996, 15.63685907200005 ], [ -91.647339078999948, 15.633662840000056 ], [ -91.652165972999967, 15.627966518000051 ], [ -91.660688840999967, 15.620444081000073 ], [ -91.666787836999958, 15.614888713000028 ], [ -91.67156444799997, 15.610457815000075 ], [ -91.676138529999946, 15.603406297000049 ], [ -91.678923115999964, 15.599336092000044 ], [ -91.680030220999981, 15.597476258000029 ], [ -91.691736883999965, 15.589654679000034 ], [ -91.691611112999965, 15.589861112000051 ], [ -91.691583334999962, 15.603194446000032 ], [ -91.702805554999941, 15.619333337000057 ], [ -91.698555555999974, 15.624333333000038 ], [ -91.736972326999989, 15.637104679000061 ], [ -91.736936213999968, 15.637223323000057 ], [ -91.737339667999947, 15.641404962000024 ], [ -91.739982752999936, 15.646019806000027 ], [ -91.743211245999987, 15.649599643000045 ], [ -91.747318640999936, 15.655354917000068 ], [ -91.74871366299999, 15.658266610000055 ], [ -91.75026868599997, 15.661527217000071 ], [ -91.750481664999938, 15.663610751000022 ], [ -91.749358463999954, 15.66757351900003 ], [ -91.745638306999979, 15.670548613000051 ], [ -91.73848628099995, 15.671470139000064 ], [ -91.73669518, 15.672391936000054 ], [ -91.735252061999972, 15.670964515000037 ], [ -91.73299334799998, 15.669516547000057 ], [ -91.730241919999969, 15.668641924000042 ], [ -91.728922879999971, 15.667621922000023 ], [ -91.722492527999975, 15.664643516000069 ], [ -91.717525186999978, 15.663081280000029 ], [ -91.713126185999954, 15.662858884000059 ], [ -91.709289670999965, 15.663780855000027 ], [ -91.705258360999949, 15.664151368000034 ], [ -91.70132786299996, 15.665543780000064 ], [ -91.698298783999974, 15.66720586100007 ], [ -91.689704179999978, 15.676002304000065 ], [ -91.683932597999956, 15.680568336000022 ], [ -91.679726882999944, 15.683250058000056 ], [ -91.678057407999972, 15.68488274200007 ], [ -91.666645951999953, 15.688896643000078 ], [ -91.657725953999943, 15.68959340300006 ], [ -91.643844205999983, 15.693184161000033 ], [ -91.63313044299997, 15.69394559400007 ], [ -91.628395372999989, 15.694034559000045 ], [ -91.625842816999977, 15.693451369000059 ], [ -91.620984695999937, 15.691635691000045 ], [ -91.618337569999937, 15.689777401000072 ], [ -91.615178721999939, 15.688407306000045 ], [ -91.607397933999948, 15.686213537000071 ], [ -91.596513564999952, 15.680767278000076 ], [ -91.590580102999979, 15.679568839000069 ], [ -91.582717212999967, 15.676272164000068 ], [ -91.576781017999963, 15.675081250000062 ], [ -91.573345219999965, 15.673704273000055 ], [ -91.562507898999968, 15.671524057000056 ], [ -91.556025193999972, 15.669573198000023 ], [ -91.552189987999952, 15.669311741000058 ], [ -91.548999349999974, 15.669752696000046 ], [ -91.53952456199994, 15.669625291000045 ], [ -91.535506096999939, 15.670785831000046 ], [ -91.531734416999939, 15.671104012000058 ], [ -91.530622119999975, 15.671896424000067 ] ] ] ] } },
{ "type": "Feature", "properties": { "Codigo": 1332, "datos_finales_color_riesgo": "fe9181" }, "geometry": { "type": "MultiPolygon", "coordinates": [ [ [ [ -91.691611112999965, 15.589861112000051 ], [ -91.691736883999965, 15.589654679000034 ], [ -91.696583354999973, 15.581777798000076 ], [ -91.709333349999952, 15.568083364000074 ], [ -91.712296199999969, 15.567185522000045 ], [ -91.715750014999969, 15.566138846000058 ], [ -91.734055581999939, 15.556638861000067 ], [ -91.734936670999957, 15.55613670300005 ], [ -91.73508302, 15.556220031000066 ], [ -91.735375699999963, 15.556292889000076 ], [ -91.73566883699999, 15.556389480000064 ], [ -91.735851667999952, 15.556509160000076 ], [ -91.736021911999956, 15.556688654000027 ], [ -91.73624059499997, 15.556950914000026 ], [ -91.736434156999962, 15.557224311000027 ], [ -91.736592237999957, 15.557391304000078 ], [ -91.736872324999979, 15.557617761000074 ], [ -91.737067705999948, 15.557690058000048 ], [ -91.737520424999957, 15.557705084000077 ], [ -91.738143603999958, 15.557767409000064 ], [ -91.739670932999957, 15.558073300000046 ], [ -91.740342786999975, 15.558183353000061 ], [ -91.740745620999974, 15.55835174200007 ], [ -91.741013994999946, 15.558495640000046 ], [ -91.74154985399997, 15.558830875000069 ], [ -91.742049813999984, 15.559129759000029 ], [ -91.74230556599997, 15.559333459000072 ], [ -91.742487921999953, 15.559535620000077 ], [ -91.742572644999939, 15.559690898000042 ], [ -91.74274116, 15.560059067000054 ], [ -91.742911478999986, 15.560226126000032 ], [ -91.743167547999974, 15.560381243000052 ], [ -91.743448886999943, 15.560406589000024 ], [ -91.74359594699996, 15.560372394000069 ], [ -91.743939028999989, 15.560208255000077 ], [ -91.744221229999937, 15.560091231000058 ], [ -91.74458894299994, 15.559998418000077 ], [ -91.745286784999962, 15.559860029000049 ], [ -91.745654065999986, 15.559838398000068 ], [ -91.746033154999964, 15.559888001000047 ], [ -91.746289647999959, 15.559971959000052 ], [ -91.746765484999969, 15.560117021000053 ], [ -91.747217424999974, 15.560261956000033 ], [ -91.748169685999983, 15.560552097000027 ], [ -91.748817075999966, 15.560758015000033 ], [ -91.749133750999988, 15.560913479000021 ], [ -91.749279823999984, 15.561044242000037 ], [ -91.74942538199997, 15.561258611000028 ], [ -91.749607240999978, 15.561544371000025 ], [ -91.74974042599996, 15.561782392000055 ], [ -91.74987448, 15.56187807200007 ], [ -91.750033206999944, 15.561938848000068 ], [ -91.750338217999968, 15.561999335000053 ], [ -91.75060717599996, 15.562048316000073 ], [ -91.750704642999949, 15.562120046000075 ], [ -91.75080197599999, 15.562215508000065 ], [ -91.750874185999976, 15.562417038000035 ], [ -91.750946265999971, 15.562643410000078 ], [ -91.751054903999943, 15.562892610000063 ], [ -91.75116389599998, 15.563083038000059 ], [ -91.751322204999951, 15.563214989000073 ], [ -91.751516882999965, 15.563307624000061 ], [ -91.751969414999962, 15.563357643000074 ], [ -91.752323953999962, 15.563418408000075 ], [ -91.752812827999946, 15.563433598000074 ], [ -91.75376747599995, 15.563426580000055 ], [ -91.755051832999982, 15.563446265000039 ], [ -91.755283489999954, 15.563495029000023 ], [ -91.755417480999938, 15.563601997000035 ], [ -91.755478093999955, 15.563697240000067 ], [ -91.755549599999938, 15.564018526000041 ], [ -91.755572148999988, 15.564338417000045 ], [ -91.755654465999953, 15.564895900000067 ], [ -91.755763102999936, 15.565146209000034 ], [ -91.756383425999957, 15.565789220000056 ], [ -91.756748482999967, 15.566040986000075 ], [ -91.757017237999946, 15.566124982000076 ], [ -91.757567534999964, 15.566199264000034 ], [ -91.757835623999938, 15.566295696000054 ], [ -91.758103868999967, 15.566463297000041 ], [ -91.75828616299998, 15.566677866000077 ], [ -91.758394820999968, 15.566927055000065 ], [ -91.758552567999971, 15.567153908000023 ], [ -91.758783454999957, 15.567427517000056 ], [ -91.759343005999938, 15.567905211000038 ], [ -91.76020701799996, 15.56863319200005 ], [ -91.760693995999986, 15.569063018000065 ], [ -91.760950014999935, 15.569230556000036 ], [ -91.761255548999941, 15.56930346300004 ], [ -91.76157296699995, 15.569340272000034 ], [ -91.76180484799994, 15.569448908000027 ], [ -91.762048559999982, 15.569627667000077 ], [ -91.76271776599998, 15.570189586000026 ], [ -91.763936311999942, 15.571183941000072 ], [ -91.764276184999972, 15.571460397000067 ], [ -91.764580524999985, 15.571735543000045 ], [ -91.764702624999984, 15.571783683000035 ], [ -91.76493501899995, 15.571808710000028 ], [ -91.765362876999973, 15.57179867900004 ], [ -91.765986830999964, 15.571838331000038 ], [ -91.766231182999945, 15.571910888000048 ], [ -91.766498933999969, 15.572066045000042 ], [ -91.766766987999972, 15.572269797000047 ], [ -91.767181189999974, 15.572591872000032 ], [ -91.768607530999986, 15.573441605000028 ], [ -91.768984732999968, 15.573716023000031 ], [ -91.769166761999941, 15.573978029000045 ], [ -91.770062357999961, 15.575678976000063 ], [ -91.770486190999975, 15.576345706000041 ], [ -91.770668778999948, 15.57651282300003 ], [ -91.770839849999959, 15.576561234000053 ], [ -91.77140247899996, 15.576528221000046 ], [ -91.771757201999947, 15.576566354000022 ], [ -91.771928121999963, 15.576638486000036 ], [ -91.772000847999948, 15.576757525000062 ], [ -91.772024559999977, 15.576887592000048 ], [ -91.772096298999941, 15.577172722000057 ], [ -91.772215736999954, 15.577671662000057 ], [ -91.772420415999989, 15.578242255000077 ], [ -91.772541609999962, 15.578444062000074 ], [ -91.772723778999989, 15.578587434000042 ], [ -91.772955973999956, 15.578647485000033 ], [ -91.773115077999989, 15.578648372000032 ], [ -91.773274397999955, 15.578614236000021 ], [ -91.77343413899996, 15.578507786000046 ], [ -91.773692498999935, 15.57828438100006 ], [ -91.773912848999942, 15.578179397000042 ], [ -91.774096508999946, 15.578167999000073 ], [ -91.774279823999962, 15.578216466000072 ], [ -91.774487388999944, 15.578301239000041 ], [ -91.774744067999961, 15.578361416000064 ], [ -91.774988280999935, 15.578457695000054 ], [ -91.77524402399996, 15.578577751000068 ], [ -91.77542712199994, 15.578661250000039 ], [ -91.77583032299998, 15.578779868000026 ], [ -91.776196877999951, 15.578888109000047 ], [ -91.77630658299995, 15.578963303000023 ], [ -91.77640314599995, 15.579093774000057 ], [ -91.77642661699997, 15.579263372000071 ], [ -91.77642472499997, 15.579583126000045 ], [ -91.776348438999946, 15.580163455000047 ], [ -91.776346258999979, 15.580531782000037 ], [ -91.776417562999939, 15.580793186000051 ], [ -91.776539109999987, 15.580936218000033 ], [ -91.776685290999978, 15.581055664000075 ], [ -91.77690503499997, 15.581151795000039 ], [ -91.777381385999945, 15.581319402000076 ], [ -91.777746935999971, 15.581499962000066 ], [ -91.777941916999964, 15.581643401000065 ], [ -91.778087808999942, 15.581810308000058 ], [ -91.778172229999939, 15.582024320000073 ], [ -91.778207403999943, 15.582285523000053 ], [ -91.778302588999964, 15.582748172000038 ], [ -91.77840979299998, 15.583247042000039 ], [ -91.778450691999979, 15.583400852000068 ], [ -91.778529526999989, 15.583697387000029 ], [ -91.778843902999938, 15.584352203000037 ], [ -91.779182319999961, 15.584982290000028 ], [ -91.779547047999984, 15.585398979000047 ], [ -91.779973474999963, 15.585733531000074 ], [ -91.780375404999972, 15.585973025000044 ], [ -91.78083918499999, 15.586200451000025 ], [ -91.781180778999953, 15.586392155000055 ], [ -91.781533940999964, 15.586596363000069 ], [ -91.782492207999951, 15.587085254000044 ], [ -91.78211608, 15.58751251800004 ], [ -91.781869388999951, 15.587830907000068 ], [ -91.781757977999973, 15.588043834000075 ], [ -91.78171950899997, 15.588340782000046 ], [ -91.781754553999974, 15.588624578000065 ], [ -91.781826868999985, 15.588814799000033 ], [ -91.781911846999947, 15.588933903000054 ], [ -91.782485164999969, 15.589269263000062 ], [ -91.782667555999979, 15.589377605000038 ], [ -91.783021240999972, 15.589593115000071 ], [ -91.783350393999967, 15.589819772000055 ], [ -91.783642756999939, 15.590058674000034 ], [ -91.783812509999962, 15.590331904000038 ], [ -91.783859778999954, 15.590521996000064 ], [ -91.783881945999951, 15.590914181000073 ], [ -91.783821142999955, 15.593024448000051 ], [ -91.783744007999985, 15.593652230000032 ], [ -91.783605947999945, 15.594232220000038 ], [ -91.783433108999986, 15.594480970000063 ], [ -91.783248394999987, 15.594668631000047 ], [ -91.78284307499996, 15.594903663000025 ], [ -91.782549330999984, 15.594996947000027 ], [ -91.78202231099999, 15.59511266100003 ], [ -91.781629847999966, 15.595241560000034 ], [ -91.781323071999964, 15.595369794000078 ], [ -91.781114595999952, 15.595534727000029 ], [ -91.780978823999988, 15.595723785000075 ], [ -91.78090440699998, 15.595889470000031 ], [ -91.780829641999958, 15.596113900000034 ], [ -91.78081326399996, 15.596814334000044 ], [ -91.780784591999975, 15.597524863000046 ], [ -91.780781575999981, 15.598035542000048 ], [ -91.780754922999961, 15.598402614000065 ], [ -91.78066770099997, 15.598663128000055 ], [ -91.780581318999964, 15.598781282000061 ], [ -91.780279132999965, 15.598921971000038 ], [ -91.780090625999946, 15.598961604000067 ], [ -91.77982155899997, 15.599019988000066 ], [ -91.779490168999985, 15.599171805000026 ], [ -91.779318094999951, 15.599289492000025 ], [ -91.778911488999938, 15.599738052000077 ], [ -91.778800274999981, 15.59991595300005 ], [ -91.77871406, 15.600104165000062 ], [ -91.778688096999986, 15.600353727000027 ], [ -91.778661514999953, 15.600709488000064 ], [ -91.7785967, 15.601319258000046 ], [ -91.778508490999968, 15.601745854000058 ], [ -91.778446301999963, 15.601911597000026 ], [ -91.778359569999964, 15.602088513000069 ], [ -91.778186940999944, 15.602301097000066 ], [ -91.777571183999953, 15.602927018000059 ], [ -91.777103958999987, 15.603374099000064 ], [ -91.77691893399998, 15.60361034400006 ], [ -91.776795265999965, 15.603823199000033 ], [ -91.776744615999974, 15.604107647000035 ], [ -91.776616867999962, 15.605008571000042 ], [ -91.776500514999952, 15.606050795000044 ], [ -91.77637206199995, 15.607070349000026 ], [ -91.776076862999957, 15.609469683000043 ], [ -91.776112384999976, 15.609672133000061 ], [ -91.77613624199995, 15.609778467000069 ], [ -91.77628163199995, 15.609932944000036 ], [ -91.776440273999981, 15.610017436000078 ], [ -91.776586885999961, 15.610065698000028 ], [ -91.776819398999976, 15.610078294000061 ], [ -91.777223209999988, 15.610104275000026 ], [ -91.777577482999959, 15.61012996900007 ], [ -91.77769946799998, 15.610201826000036 ], [ -91.777784591999989, 15.610297219000074 ], [ -91.777820469999938, 15.610439783000061 ], [ -91.777806756999951, 15.610689403000038 ], [ -91.777780722999978, 15.61095025700007 ], [ -91.777705037999965, 15.61132834600005 ], [ -91.777654807999966, 15.611541610000074 ], [ -91.777555049999989, 15.611849516000063 ], [ -91.777468576999979, 15.611980090000031 ], [ -91.777321363999988, 15.612132946000031 ], [ -91.777148797999985, 15.612333097000032 ], [ -91.777025050999953, 15.612558372000024 ], [ -91.776949982999952, 15.612830263000035 ], [ -91.776862101999939, 15.613198111000031 ], [ -91.776749619999975, 15.613588417000074 ], [ -91.776649932999987, 15.613883884000074 ], [ -91.776563045999978, 15.61408565000005 ], [ -91.776402779999955, 15.61427457800005 ], [ -91.776144750999947, 15.614534138000067 ], [ -91.775676630999953, 15.615028662000043 ], [ -91.774678755999958, 15.61618573800007 ], [ -91.774344993999989, 15.616729603000067 ], [ -91.774269988999947, 15.616990190000024 ], [ -91.774218002999987, 15.617499464000048 ], [ -91.774216733999936, 15.617712999000048 ], [ -91.774274705999972, 15.618158494000056 ], [ -91.774307987999975, 15.61858118300006 ], [ -91.774131125999986, 15.618416960000047 ], [ -91.773969909999948, 15.618380452000054 ], [ -91.773777227999972, 15.618462699000077 ], [ -91.773520575999953, 15.61861396200004 ], [ -91.773220956999978, 15.618811605000076 ], [ -91.773109917999989, 15.61885348800007 ], [ -91.77296123299999, 15.618760740000027 ], [ -91.772824503999971, 15.618518149000067 ], [ -91.772764314999961, 15.618156541000076 ], [ -91.772672737999983, 15.617926169000043 ], [ -91.772677635999969, 15.617676515000028 ], [ -91.772773110999935, 15.617494983000029 ], [ -91.772810629999981, 15.617313787000057 ], [ -91.772795825999935, 15.617001841000047 ], [ -91.772672282999963, 15.616809097000043 ], [ -91.772686884999985, 15.616655839000032 ], [ -91.772547393999957, 15.616397939000024 ], [ -91.772410780999962, 15.616174068000078 ], [ -91.772266096999942, 15.615984162000075 ], [ -91.772111761999952, 15.615720234000037 ], [ -91.772083540999972, 15.615320996000037 ], [ -91.772117112999979, 15.615004061000036 ], [ -91.772125806999952, 15.614865185000042 ], [ -91.772105218999968, 15.614659364000033 ], [ -91.77186588699999, 15.614486012000043 ], [ -91.771497885999963, 15.614332126000022 ], [ -91.771265763999963, 15.614283545000035 ], [ -91.770673271999954, 15.614274493000039 ], [ -91.770299793999982, 15.614276654000037 ], [ -91.769944786999986, 15.614141413000027 ], [ -91.769719219999956, 15.614111513000068 ], [ -91.769236555999953, 15.613956307000024 ], [ -91.768995408999956, 15.613691333000077 ], [ -91.768755773999942, 15.613468055000055 ], [ -91.768457610999974, 15.613151504000029 ], [ -91.768191951999938, 15.612884690000044 ], [ -91.76788800199995, 15.612674263000031 ], [ -91.767623609999987, 15.612613383000053 ], [ -91.767128017999937, 15.612653687000034 ], [ -91.766632348999963, 15.612681508000037 ], [ -91.76636216899999, 15.612726751000025 ], [ -91.76610567099999, 15.612902968000071 ], [ -91.76589447799995, 15.613116367000032 ], [ -91.765901797999959, 15.613259860000028 ], [ -91.765818359999969, 15.613478315000066 ], [ -91.765697387999978, 15.613529386000039 ], [ -91.765472165999938, 15.613555646000066 ], [ -91.76531724099999, 15.613494133000074 ], [ -91.765064121999956, 15.613203750000025 ], [ -91.76502540599995, 15.613158818000045 ], [ -91.765024487999938, 15.613009048000038 ], [ -91.765135326999939, 15.612753056000031 ], [ -91.765234457999952, 15.612595956000064 ], [ -91.765310235999948, 15.612352133000059 ], [ -91.765230974999952, 15.612028076000058 ], [ -91.765190808999989, 15.611778681000033 ], [ -91.765054436999947, 15.611592248000022 ], [ -91.764898556999981, 15.61137472200005 ], [ -91.764658086999987, 15.611014148000038 ], [ -91.764413243999968, 15.610990596000022 ], [ -91.764162458999976, 15.611048205000031 ], [ -91.76397001, 15.611167885000043 ], [ -91.763836123999965, 15.611387079000053 ], [ -91.763702659999979, 15.611674916000027 ], [ -91.763408365999965, 15.611988642000028 ], [ -91.763183488999971, 15.612071064000077 ], [ -91.763034583999968, 15.611940866000054 ], [ -91.762859273999936, 15.611704730000042 ], [ -91.762664147999942, 15.611387578000063 ], [ -91.76249543099999, 15.611176365000063 ], [ -91.762282401999983, 15.611090220000051 ], [ -91.76192813099999, 15.61107353400007 ], [ -91.761535338999977, 15.611075790000029 ], [ -91.761355803999948, 15.611201634000054 ], [ -91.761041807999959, 15.611453064000045 ], [ -91.760789580999983, 15.611456717000067 ], [ -91.76069774299998, 15.611335492000023 ], [ -91.76069180199994, 15.611080633000029 ], [ -91.760400321999953, 15.610801476000063 ], [ -91.760135208999941, 15.610622018000072 ], [ -91.759935479999967, 15.610604441000078 ], [ -91.759839767999949, 15.610748526000066 ], [ -91.759822088999954, 15.61101697600003 ], [ -91.759825898999964, 15.611302052000042 ], [ -91.75970377499999, 15.611589405000075 ], [ -91.759491896999975, 15.611780231000068 ], [ -91.759254598999973, 15.611937608000062 ], [ -91.758939303999966, 15.611976859000038 ], [ -91.75857207599995, 15.611947760000078 ], [ -91.758191589999967, 15.611856330000023 ], [ -91.757830307999939, 15.61174606700007 ], [ -91.757340087999978, 15.611611579000055 ], [ -91.756972709999957, 15.611557516000062 ], [ -91.75658597499995, 15.611497322000048 ], [ -91.75633457899994, 15.611455075000038 ], [ -91.755922694999981, 15.611494875000062 ], [ -91.755723496999963, 15.611564661000045 ], [ -91.755507177999959, 15.611742253000045 ], [ -91.755229421999957, 15.611854556000026 ], [ -91.754972306999946, 15.611930913000037 ], [ -91.754605535999985, 15.611976693000031 ], [ -91.754328343999987, 15.611928351000074 ], [ -91.754037704999973, 15.611786475000031 ], [ -91.753509344999941, 15.611733324000056 ], [ -91.753013446999944, 15.611723673000029 ], [ -91.752672355999948, 15.611756822000075 ], [ -91.752022709999949, 15.611879099000078 ], [ -91.751533629999983, 15.611931812000023 ], [ -91.751296019999984, 15.612039257000049 ], [ -91.751032313999985, 15.612090684000066 ], [ -91.750729742999965, 15.612104889000022 ], [ -91.750503725999977, 15.612000084000044 ], [ -91.750315738999973, 15.611795212000061 ], [ -91.750050026999986, 15.611515894000036 ], [ -91.749785374999988, 15.611411308000072 ], [ -91.749514699999963, 15.611375404000057 ], [ -91.749264361999963, 15.611507881000023 ], [ -91.749046711999938, 15.611721303000024 ], [ -91.748958224999967, 15.611996396000052 ], [ -91.748992310999938, 15.612308237000036 ], [ -91.749077627999952, 15.61241760200005 ], [ -91.749154388999955, 15.612488295000048 ], [ -91.749161545999982, 15.612606827000036 ], [ -91.749106093999956, 15.612755364000066 ], [ -91.749046885999974, 15.612813422000045 ], [ -91.74882817699995, 15.612852110000063 ], [ -91.748454734999939, 15.612860473000069 ], [ -91.747900803999983, 15.612838659000033 ], [ -91.74761080899998, 15.612802862000024 ], [ -91.747043546999976, 15.61270623200005 ], [ -91.746708589999969, 15.612689412000066 ], [ -91.746179393999967, 15.612734548000049 ], [ -91.745813866999981, 15.61275065500007 ], [ -91.74546897099998, 15.612679251000031 ], [ -91.745013471999982, 15.612436918000071 ], [ -91.744671887999971, 15.612388929000076 ], [ -91.744098715999939, 15.612379695000072 ], [ -91.743506412999977, 15.612401771000066 ], [ -91.743203991999962, 15.612440927000023 ], [ -91.74290812199996, 15.612498767000034 ], [ -91.742566012999987, 15.612363408000022 ], [ -91.742327682999985, 15.612352275000035 ], [ -91.742012344999978, 15.612385261000043 ], [ -91.741761663999966, 15.612461568000072 ], [ -91.741504729999974, 15.612569112000074 ], [ -91.741261200999986, 15.612763950000044 ], [ -91.741050541999982, 15.613070935000053 ], [ -91.740866145999973, 15.613259251000045 ], [ -91.740743143999964, 15.613353503000042 ], [ -91.740511365999964, 15.613361053000062 ], [ -91.740340979999985, 15.613320634000047 ], [ -91.740150049999954, 15.613244520000023 ], [ -91.739808502999949, 15.61320276400005 ], [ -91.739583838999977, 15.613322605000064 ], [ -91.739135484999963, 15.613724540000078 ], [ -91.73873774399999, 15.613976412000056 ], [ -91.738319821999937, 15.614084861000038 ], [ -91.737849710999967, 15.614081270000042 ], [ -91.737360019999983, 15.614034104000041 ], [ -91.737037790999977, 15.613992235000069 ], [ -91.736832216999971, 15.614074522000067 ], [ -91.736743524999952, 15.614318408000031 ], [ -91.73666789899994, 15.614593426000056 ], [ -91.73657280399999, 15.614843590000078 ], [ -91.736419082999987, 15.614981751000073 ], [ -91.736226424999984, 15.615070205000052 ], [ -91.735788844999945, 15.61512259400007 ], [ -91.735427975999983, 15.615080940000041 ], [ -91.735073584999952, 15.615045489000067 ], [ -91.735000384999978, 15.615113074000021 ], [ -91.734766660999981, 15.615409176000071 ], [ -91.73444864399994, 15.615761629000076 ], [ -91.734029375999967, 15.615956263000044 ], [ -91.733586063999951, 15.616127252000069 ], [ -91.733186930999977, 15.616148216000056 ], [ -91.732883977999961, 15.616099992000045 ], [ -91.732522474999939, 15.615952244000027 ], [ -91.73226370399999, 15.615753993000055 ], [ -91.732024661999958, 15.615624279000031 ], [ -91.731793215999971, 15.615687984000033 ], [ -91.731400558999951, 15.615715150000028 ], [ -91.731013895999979, 15.615667392000034 ], [ -91.73076830299999, 15.615518991000044 ], [ -91.730464607999977, 15.61534595300003 ], [ -91.730264725999973, 15.615303388000029 ], [ -91.729987606999941, 15.615267496000058 ], [ -91.729761854999936, 15.61520635200003 ], [ -91.72949757899994, 15.61516414700003 ], [ -91.729245994999985, 15.615090667000061 ], [ -91.72870329899996, 15.614794149000033 ], [ -91.728315819999978, 15.614609095000048 ], [ -91.727941851999958, 15.614530057000024 ], [ -91.727574842999957, 15.614538349000043 ], [ -91.727105434999942, 15.614653306000037 ], [ -91.726699899999971, 15.614680534000058 ], [ -91.726204176999943, 15.614702025000042 ], [ -91.725779657999965, 15.614785524000069 ], [ -91.725368498999956, 15.61495007700006 ], [ -91.725150818999964, 15.615163477000067 ], [ -91.724658095999985, 15.615690447000077 ], [ -91.72432583799997, 15.616129151000052 ], [ -91.724018151999985, 15.616368014000045 ], [ -91.723632671999951, 15.616519940000046 ], [ -91.723227206999979, 15.616559644000063 ], [ -91.72300771, 15.616467255000032 ], [ -91.722743712999943, 15.616332957000054 ], [ -91.722619342999963, 15.616132418000063 ], [ -91.722270058999982, 15.615872251000042 ], [ -91.721876031999955, 15.615668500000027 ], [ -91.721494958999983, 15.615477157000043 ], [ -91.721108000999948, 15.615379457000074 ], [ -91.720811785999956, 15.615381104000051 ], [ -91.720348440999942, 15.615433605000078 ], [ -91.719988237999985, 15.615504255000076 ], [ -91.719511902999955, 15.615538104000052 ], [ -91.719041933999961, 15.615559436000069 ], [ -91.718680881999944, 15.61548655100006 ], [ -91.718403431999945, 15.615394479000031 ], [ -91.717868919999944, 15.615391204000048 ], [ -91.717558942999972, 15.615243144000033 ], [ -91.71722295, 15.61505154300005 ], [ -91.716958490999957, 15.614978120000046 ], [ -91.716546108999978, 15.61493672000006 ], [ -91.716262846999939, 15.614950770000064 ], [ -91.715986686999941, 15.61507711400003 ], [ -91.715735988999938, 15.615153392000025 ], [ -91.715240740999946, 15.615255985000033 ], [ -91.714816691999943, 15.615420590000042 ], [ -91.714419245999977, 15.615728586000046 ], [ -91.714034750999986, 15.616048990000024 ], [ -91.713662031999945, 15.616182106000053 ], [ -91.71314635899995, 15.616097585000034 ], [ -91.71238539899997, 15.615914565000026 ], [ -91.711811294999961, 15.615749233000031 ], [ -91.71126254699999, 15.615515112000026 ], [ -91.71097763399996, 15.615248330000043 ], [ -91.710745179999947, 15.614986799000064 ], [ -91.710614642999985, 15.614844682000069 ], [ -91.710347878999983, 15.614378095000063 ], [ -91.710177963999968, 15.613954659000058 ], [ -91.710091991999946, 15.613507947000073 ], [ -91.709946067999965, 15.612845081000046 ], [ -91.709710224999981, 15.612159896000037 ], [ -91.709430257999941, 15.611637214000041 ], [ -91.709273701999962, 15.611294833000045 ], [ -91.70912501, 15.611071689000028 ], [ -91.708884671999954, 15.610841399000037 ], [ -91.708748275999938, 15.610642445000053 ], [ -91.708734118999985, 15.610424422000051 ], [ -91.708733385999949, 15.610299285000053 ], [ -91.708667822999985, 15.610099941000044 ], [ -91.708499048999954, 15.609869961000072 ], [ -91.708319474999939, 15.609567178000077 ], [ -91.708037509999897, 15.609129848000066 ], [ -91.707843582999942, 15.608841443000074 ], [ -91.707667037999954, 15.608545252000056 ], [ -91.70765837, 15.608164613000042 ], [ -91.70769583699996, 15.607964702000061 ], [ -91.707841882999958, 15.607826886000055 ], [ -91.707900796999979, 15.60777635200003 ], [ -91.707815807999964, 15.607558392000044 ], [ -91.70766028099996, 15.607390747000068 ], [ -91.707511594999971, 15.607291711000073 ], [ -91.707291747999989, 15.607136900000057 ], [ -91.707038756999964, 15.606820011000025 ], [ -91.706670042999974, 15.606534960000033 ], [ -91.706392140999981, 15.606184505000044 ], [ -91.706105784999977, 15.605845333000048 ], [ -91.706103632999941, 15.605477138000026 ], [ -91.706082272999936, 15.60512777200006 ], [ -91.705906409999955, 15.604785495000044 ], [ -91.705704170999979, 15.604337269000041 ], [ -91.705670371999986, 15.604062860000056 ], [ -91.70558575199999, 15.603907304000074 ], [ -91.705404107999982, 15.603677392000066 ], [ -91.705222208999942, 15.603403796000066 ], [ -91.705207618999964, 15.603110560000061 ], [ -91.705257564999954, 15.602841932000047 ], [ -91.705371463999938, 15.602498064000031 ], [ -91.705452224999988, 15.602238438000029 ], [ -91.705433777999986, 15.602141998000036 ], [ -91.70532951399997, 15.601930383000024 ], [ -91.705095558999972, 15.601563460000023 ], [ -91.704836429999943, 15.601371933000053 ], [ -91.704649442999937, 15.601253867000025 ], [ -91.704628741999954, 15.601016830000049 ], [ -91.704671665999967, 15.600648389000071 ], [ -91.704735182999968, 15.600498263000077 ], [ -91.705041924999989, 15.600097171000073 ], [ -91.705163281999944, 15.599928005000038 ], [ -91.705163286999948, 15.599768167000036 ], [ -91.70512311799996, 15.599666112000023 ], [ -91.704993875999946, 15.599611690000074 ], [ -91.704813244999968, 15.599530513000047 ], [ -91.70469632399994, 15.599356412000077 ], [ -91.704608041999961, 15.59917445800005 ], [ -91.704591916999959, 15.599119835000067 ], [ -91.704453970999964, 15.599121005000029 ], [ -91.704276516999983, 15.599140286000022 ], [ -91.704102481999939, 15.599110035000024 ], [ -91.703931068999964, 15.599001041000065 ], [ -91.703868858999954, 15.598799275000033 ], [ -91.703732475999971, 15.598600317000034 ], [ -91.703545273999964, 15.598520212000039 ], [ -91.703255156999944, 15.598459392000052 ], [ -91.702977584999985, 15.59834802000006 ], [ -91.702700024999956, 15.598225281000055 ], [ -91.702602059999947, 15.597988666000049 ], [ -91.702607117999946, 15.597751489000075 ], [ -91.702708649999977, 15.597495061000075 ], [ -91.702725967999982, 15.597151723000025 ], [ -91.70267871499999, 15.596777535000058 ], [ -91.702644375999967, 15.596409516000051 ], [ -91.702726591999976, 15.596153194000067 ], [ -91.70271024499999, 15.595997880000027 ], [ -91.702608874999953, 15.595841798000038 ], [ -91.702434152999956, 15.595692975000077 ], [ -91.702266778999956, 15.595700131000058 ], [ -91.701901505999956, 15.596001686000022 ], [ -91.701317708999966, 15.596373084000049 ], [ -91.700611969999954, 15.59681379400007 ], [ -91.700393227999939, 15.596846193000033 ], [ -91.699818676999939, 15.59659345700004 ], [ -91.699398117999976, 15.596246267000026 ], [ -91.699216415999956, 15.596003868000025 ], [ -91.699169495999968, 15.595685843000069 ], [ -91.699177400999986, 15.595345505000068 ], [ -91.699198102999958, 15.595067848000042 ], [ -91.699139138999954, 15.594893427000045 ], [ -91.698835715999962, 15.594757784000024 ], [ -91.698584381999979, 15.594721710000044 ], [ -91.697798697999986, 15.594701029000078 ], [ -91.697482614999956, 15.594602897000073 ], [ -91.697321679999959, 15.594610014000068 ], [ -91.697122870999976, 15.594748394000078 ], [ -91.696936360999985, 15.594786855000052 ], [ -91.696678625999937, 15.59475705400007 ], [ -91.696433080999952, 15.594608611000069 ], [ -91.696315738999942, 15.594605523000041 ], [ -91.69614988, 15.594628874000023 ], [ -91.695891530999972, 15.594492982000077 ], [ -91.695761741999945, 15.594318945000055 ], [ -91.695780010999954, 15.594137862000025 ], [ -91.695843672999956, 15.59391800800006 ], [ -91.695861873999945, 15.593819136000036 ], [ -91.69579618399996, 15.593594825000025 ], [ -91.695582583999965, 15.593402522000076 ], [ -91.695388912999988, 15.593316203000029 ], [ -91.694898912999975, 15.593206532000067 ], [ -91.694280136999964, 15.593097560000047 ], [ -91.69387431499996, 15.592988916000024 ], [ -91.693725496999946, 15.592944550000027 ], [ -91.693531683999936, 15.592833268000049 ], [ -91.693324632999975, 15.59265965000003 ], [ -91.693207761999986, 15.592491782000025 ], [ -91.693206160999978, 15.592350163000049 ], [ -91.693212613999947, 15.592217160000075 ], [ -91.69324340199995, 15.591973602000053 ], [ -91.693165667999949, 15.591892892000033 ], [ -91.692985381999961, 15.591893871000025 ], [ -91.69266939399995, 15.591953284000056 ], [ -91.692515782999976, 15.591971308000041 ], [ -91.692283914999962, 15.59196008400005 ], [ -91.692173482999976, 15.591792180000027 ], [ -91.692243228999985, 15.591604578000045 ], [ -91.692480202999946, 15.591384864000077 ], [ -91.692820665999989, 15.591245720000074 ], [ -91.69301933, 15.591082381000035 ], [ -91.69304367899997, 15.590838858000041 ], [ -91.693035689999988, 15.590570546000038 ], [ -91.692939237999951, 15.590442176000067 ], [ -91.692763101999958, 15.590197576000037 ], [ -91.692523607999988, 15.589980447000073 ], [ -91.69231033799997, 15.589844305000042 ], [ -91.69203980399999, 15.589827049000064 ], [ -91.691611112999965, 15.589861112000051 ] ] ] ] } },
{ "type": "Feature", "properties": { "Codigo": 1614, "datos_finales_color_riesgo": "fe9181" }, "geometry": { "type": "MultiPolygon", "coordinates": [ [ [ [ -89.412295559999961, 15.856195429000024 ], [ -89.413006763999988, 15.855852974000072 ], [ -89.41341620899999, 15.855569822000064 ], [ -89.413888894999957, 15.854940240000076 ], [ -89.413920895999979, 15.854448889000025 ], [ -89.413375155999972, 15.853970524000033 ], [ -89.412877036999987, 15.853402693000078 ], [ -89.412403981999944, 15.852736 ], [ -89.411786763999942, 15.852345573000036 ], [ -89.411447837999958, 15.851937196000051 ], [ -89.411425536999957, 15.851221569000074 ], [ -89.411368464999953, 15.850527925000051 ], [ -89.411285718999977, 15.850000827000031 ], [ -89.41064836399994, 15.849464530000034 ], [ -89.409832239999957, 15.84925018000007 ], [ -89.40906511899999, 15.848868544000027 ], [ -89.408635750999963, 15.84833569500006 ], [ -89.408471434999967, 15.847841089000042 ], [ -89.408724564999943, 15.847236077000048 ], [ -89.410294215999954, 15.845339715000023 ], [ -89.410842306999939, 15.845025016000022 ], [ -89.410995177999951, 15.845540869000047 ], [ -89.41093510799999, 15.846334103000061 ], [ -89.411291204999941, 15.847089112000049 ], [ -89.411947742999985, 15.847166557000037 ], [ -89.412492669999949, 15.847063899000034 ], [ -89.413701233999973, 15.846637171000054 ], [ -89.414441501999988, 15.846560306000072 ], [ -89.415215947999968, 15.846528007000074 ], [ -89.415713487999938, 15.846468553000022 ], [ -89.41630463599995, 15.846355370000026 ], [ -89.416961360999949, 15.845762666000041 ], [ -89.417136539999944, 15.845016456000053 ], [ -89.417182544999946, 15.844358363000026 ], [ -89.417056921999972, 15.843618458000037 ], [ -89.416917661999946, 15.843023861000063 ], [ -89.416942137999968, 15.842297720000033 ], [ -89.41745900899997, 15.841803106000043 ], [ -89.418966369999964, 15.840787860000034 ], [ -89.41925274, 15.84027814500007 ], [ -89.419149029999971, 15.839583730000072 ], [ -89.418811474999984, 15.839097543000037 ], [ -89.418267525999966, 15.838518818000068 ], [ -89.418639996999957, 15.837686742000074 ], [ -89.42077550099998, 15.835117076000074 ], [ -89.421068555999966, 15.834227269000053 ], [ -89.421100341999988, 15.833713346000025 ], [ -89.421100301999957, 15.833054486000037 ], [ -89.420832667999946, 15.83253561600003 ], [ -89.420203038999944, 15.832222861000048 ], [ -89.419518884999945, 15.831730951000054 ], [ -89.419324130999939, 15.830978621000042 ], [ -89.418757093999943, 15.830388239000058 ], [ -89.417667871999981, 15.829968601000076 ], [ -89.41704833099999, 15.829712414000028 ], [ -89.416303580999966, 15.829386465000027 ], [ -89.415698644999964, 15.828996264000068 ], [ -89.41684113599996, 15.828377739000075 ], [ -89.418229500999985, 15.828222441000037 ], [ -89.418819615999951, 15.828164503000039 ], [ -89.419326178999938, 15.828251847000047 ], [ -89.420056139999986, 15.828755793000028 ], [ -89.42088838899997, 15.82871313000004 ], [ -89.42146822899997, 15.828577173000042 ], [ -89.423248390999959, 15.827813448000029 ], [ -89.424755052999956, 15.827491959000042 ], [ -89.425473328999942, 15.827369554000029 ], [ -89.426018608999982, 15.827210448000073 ], [ -89.426625674999968, 15.826851541000053 ], [ -89.427291786999945, 15.82638191500007 ], [ -89.427569989999938, 15.825671229000022 ], [ -89.427487394999957, 15.825132850000045 ], [ -89.427106762999983, 15.824445152000067 ], [ -89.426697139999987, 15.824080762000051 ], [ -89.426148889999979, 15.823746807000077 ], [ -89.425558728999988, 15.823178622000057 ], [ -89.425396155999977, 15.822549799000058 ], [ -89.425520526999946, 15.82207124100006 ], [ -89.426290494999989, 15.821625893000032 ], [ -89.427243745999988, 15.82126140500003 ], [ -89.428045714999939, 15.820950831000061 ], [ -89.428709252999965, 15.82065940800004 ], [ -89.42958846199997, 15.820562198000061 ], [ -89.430336562999969, 15.820697492000022 ], [ -89.430906551999954, 15.821120921000045 ], [ -89.431420076999984, 15.82144188500007 ], [ -89.432119015999945, 15.821755744000029 ], [ -89.432718806999958, 15.821809616000053 ], [ -89.433448902999942, 15.821643373000029 ], [ -89.43469883299997, 15.820176971000024 ], [ -89.435179199999936, 15.819133390000047 ], [ -89.435790725999937, 15.818484577000049 ], [ -89.436526119999897, 15.818048770000075 ], [ -89.437355679999939, 15.817492661000074 ], [ -89.437766210999939, 15.817107922000048 ], [ -89.441393198999947, 15.809957128000065 ], [ -89.445877816999939, 15.802222318000076 ], [ -89.446845502999963, 15.799789946000033 ], [ -89.448066920999963, 15.798307161000025 ], [ -89.448154173999967, 15.797246942000072 ], [ -89.449993059999898, 15.794365102000029 ], [ -89.450534624999989, 15.79257558200004 ], [ -89.45472240099997, 15.785546369000031 ], [ -89.455523421999942, 15.782970175000059 ], [ -89.459121520999986, 15.77706392500005 ], [ -89.459812400999965, 15.774852578000036 ], [ -89.461845277999942, 15.771778540000071 ], [ -89.46367519599994, 15.767471399000044 ], [ -89.465867464999974, 15.764132497000048 ], [ -89.46992155099997, 15.755800869000041 ], [ -89.472677518999944, 15.751310036000064 ], [ -89.473141987999952, 15.749510122000061 ], [ -89.477370417999964, 15.742376999000044 ], [ -89.478191608999964, 15.739916037000057 ], [ -89.481694330999971, 15.734144106000031 ], [ -89.482990613999959, 15.730773510000063 ], [ -89.485722154999962, 15.726272968000046 ], [ -89.486212184999943, 15.724464374000036 ], [ -89.48878925799994, 15.720571662000054 ], [ -89.493557055999986, 15.710910340000055 ], [ -89.494967043999964, 15.708902120000062 ], [ -89.49528186699996, 15.707317451000051 ], [ -89.496495340999957, 15.706240260000072 ], [ -89.497884434999946, 15.703100018000043 ], [ -89.49983180299995, 15.700241754000047 ], [ -89.500121950999983, 15.698938739000027 ], [ -89.504360968999947, 15.691802609000035 ], [ -89.504658184999982, 15.690491795000071 ], [ -89.508140761999982, 15.684599202000072 ], [ -89.50973666699997, 15.680849466000041 ], [ -89.512923199999989, 15.675874946000022 ], [ -89.513349153999968, 15.674144180000042 ], [ -89.517394917999979, 15.667213257000071 ], [ -89.517884625999955, 15.66549589400006 ], [ -89.524725061999959, 15.653388582000048 ], [ -89.528780296999969, 15.645084293000025 ], [ -89.53005006099994, 15.64346611600007 ], [ -89.532144949999974, 15.637695278000024 ], [ -89.533329410999954, 15.636435648000031 ], [ -89.536294639999937, 15.636291859000039 ], [ -89.547067938999987, 15.635791680000068 ], [ -89.54777704899999, 15.635480152000071 ], [ -89.550276778999944, 15.635703440000043 ], [ -89.551724238999952, 15.634967986000049 ], [ -89.555395416999943, 15.636023174000059 ], [ -89.557733262999989, 15.635484465000047 ], [ -89.561038824999969, 15.635915490000059 ], [ -89.563812243999962, 15.635581008000031 ], [ -89.569913172999975, 15.635865032000027 ], [ -89.572914429999969, 15.637127228000054 ], [ -89.574238096999977, 15.639103363000061 ], [ -89.57554442199995, 15.639779359000045 ], [ -89.576348756999948, 15.639237910000077 ], [ -89.578427925999961, 15.639796206000028 ], [ -89.579392809999945, 15.640068541000062 ], [ -89.579986990999942, 15.640435507000063 ], [ -89.580380525999942, 15.641034037000054 ], [ -89.581296939999959, 15.642121411000062 ], [ -89.581864864999943, 15.642667373000052 ], [ -89.58240161599997, 15.643022156000029 ], [ -89.583215783999947, 15.643325974000049 ], [ -89.585744670999986, 15.643208569000024 ], [ -89.586263317999965, 15.643216654000071 ], [ -89.587041669999962, 15.643609043000026 ], [ -89.58741215799995, 15.644229773000063 ], [ -89.587966816999938, 15.644874814000048 ], [ -89.588737806999973, 15.645009818000062 ], [ -89.58928326099999, 15.644806179000057 ], [ -89.58995286399994, 15.644805322000025 ], [ -89.590619096999944, 15.644972539000037 ], [ -89.591315994999945, 15.645397499000069 ], [ -89.592403027999978, 15.645961674000034 ], [ -89.593278558999941, 15.646042998000041 ], [ -89.594180695999967, 15.645888903000071 ], [ -89.595170217999964, 15.646083702000055 ], [ -89.595869371999981, 15.646373278000056 ], [ -89.596410568999943, 15.646426826000038 ], [ -89.597310696999955, 15.64642953200007 ], [ -89.597821265999983, 15.646258053000054 ], [ -89.598207508999963, 15.645928926000067 ], [ -89.598537595999971, 15.645509784000069 ], [ -89.599343690999945, 15.644896052000036 ], [ -89.599898394999968, 15.644836963000046 ], [ -89.601102723999986, 15.644576949000054 ], [ -89.60163804299998, 15.644316699000058 ], [ -89.602348649999954, 15.643913611000073 ], [ -89.602952279999954, 15.643676987000049 ], [ -89.603439391999984, 15.643550264000055 ], [ -89.604315112999984, 15.643620261000024 ], [ -89.605102190999958, 15.644157162000056 ], [ -89.60572911099996, 15.644626130000063 ], [ -89.606393355999955, 15.644915135000076 ], [ -89.606899280999983, 15.645024528000022 ], [ -89.607858343999965, 15.644949113000052 ], [ -89.609265298999958, 15.644300639000051 ], [ -89.609761072999959, 15.644319599000028 ], [ -89.61043843799996, 15.644519651000053 ], [ -89.611236235999968, 15.644442855000023 ], [ -89.611726073999989, 15.644115302000046 ], [ -89.612231063999957, 15.643574716000046 ], [ -89.61309104899999, 15.642514917000028 ], [ -89.614031430999944, 15.642194323000069 ], [ -89.614585757999976, 15.642157758000053 ], [ -89.615200319999985, 15.641999123000062 ], [ -89.61603189899995, 15.641956680000021 ], [ -89.616692464999971, 15.642470148000029 ], [ -89.617137110999977, 15.642800867000062 ], [ -89.617859170999964, 15.643080575000056 ], [ -89.618483168999944, 15.643056358000024 ], [ -89.619017516999975, 15.642818616000056 ], [ -89.619781312999976, 15.642684840000072 ], [ -89.620358000999943, 15.642705024000065 ], [ -89.621909633999962, 15.643065222000075 ], [ -89.622518324999987, 15.643264180000074 ], [ -89.623057700999937, 15.643429345000072 ], [ -89.623997047999978, 15.643845538000051 ], [ -89.624337517999948, 15.644209616000069 ], [ -89.625173579999966, 15.64456892100003 ], [ -89.626052458999936, 15.644448182000076 ], [ -89.626709808999976, 15.643775622000078 ], [ -89.627215859999978, 15.643168435000064 ], [ -89.627925319999974, 15.642832939000073 ], [ -89.628916323999988, 15.642904613000042 ], [ -89.629570537999939, 15.64242269600004 ], [ -89.629996614999982, 15.641791702000035 ], [ -89.630597837999971, 15.641700522000065 ], [ -89.63115886199995, 15.641966427000057 ], [ -89.631552244999966, 15.642620183000076 ], [ -89.632291022999937, 15.643302948000041 ], [ -89.632972798999958, 15.643235569000069 ], [ -89.633634086999962, 15.643032463000054 ], [ -89.634687679999956, 15.642802661000076 ], [ -89.635566365999978, 15.642693161000068 ], [ -89.635872913999947, 15.642284872000062 ], [ -89.635998995999955, 15.641660537000064 ], [ -89.636007040999971, 15.641168673000038 ], [ -89.635899613999982, 15.640652466000063 ], [ -89.636172916999953, 15.640175958000043 ], [ -89.636824545999957, 15.639850826000043 ], [ -89.637269646999982, 15.639443530000051 ], [ -89.637684954999941, 15.638757055000042 ], [ -89.638574179999978, 15.638714281000034 ], [ -89.639482810999937, 15.638873786000033 ], [ -89.640081882999937, 15.638949551000053 ], [ -89.64089054699997, 15.638884090000033 ], [ -89.641712676999987, 15.63870711900006 ], [ -89.64223266, 15.638669952000043 ], [ -89.642854436999983, 15.638746058000038 ], [ -89.643567432999987, 15.638869824000039 ], [ -89.644165774999976, 15.638990702000058 ], [ -89.64483181199995, 15.639173554000024 ], [ -89.647003340999959, 15.639049947000046 ], [ -89.647791310999935, 15.638861145000021 ], [ -89.648583436999957, 15.638381270000025 ], [ -89.649041610999973, 15.637885 ], [ -89.649910308999949, 15.636993285000074 ], [ -89.650590986999987, 15.636276984000062 ], [ -89.651544208999951, 15.635843566000062 ], [ -89.652272534999952, 15.635776832000033 ], [ -89.65288430399994, 15.635752324000066 ], [ -89.653494422999984, 15.635829349000062 ], [ -89.6542184, 15.636029982000025 ], [ -89.654675253999983, 15.636294239000051 ], [ -89.65538649299998, 15.636562378000065 ], [ -89.656056976999935, 15.636472181000045 ], [ -89.65648824799996, 15.636232765000045 ], [ -89.657060392999938, 15.635816073000058 ], [ -89.65786579, 15.635951357000067 ], [ -89.658592821999946, 15.635928592000027 ], [ -89.65934950799999, 15.635549690000062 ], [ -89.659853273999943, 15.63507665700007 ], [ -89.6603667, 15.634725638000077 ], [ -89.661213874999987, 15.634403400000053 ], [ -89.662019487999942, 15.634561242000075 ], [ -89.662824156999989, 15.634741634000022 ], [ -89.663585930999943, 15.634730663000028 ], [ -89.664281339999945, 15.634539259000064 ], [ -89.665088552999975, 15.63456283000005 ], [ -89.665727594999964, 15.634292699000071 ], [ -89.665943014999982, 15.633826544000044 ], [ -89.66618168399998, 15.633326889000045 ], [ -89.666756526999961, 15.632742072000042 ], [ -89.667533373999959, 15.632519169000034 ], [ -89.668268954999974, 15.632687205000025 ], [ -89.668874567999978, 15.633042844000045 ], [ -89.669369832999962, 15.633129363000023 ], [ -89.669856142999947, 15.633013751000021 ], [ -89.670507731999976, 15.632687373000067 ], [ -89.67108749099998, 15.632517884000038 ], [ -89.671812344999978, 15.63262932400005 ], [ -89.672349770999972, 15.632917341000052 ], [ -89.672910318999982, 15.633215863000032 ], [ -89.673321612999985, 15.633490677000054 ], [ -89.674077608999937, 15.633837302000074 ], [ -89.674544856999944, 15.63418067300006 ], [ -89.674984189999975, 15.634846355000036 ], [ -89.675095379999959, 15.635820768000031 ], [ -89.675223808999988, 15.636449007000067 ], [ -89.675508966999985, 15.637359481000033 ], [ -89.675952281999969, 15.637779222000063 ], [ -89.676806651999982, 15.638453456000036 ], [ -89.677623019999942, 15.638632847000054 ], [ -89.679054275999988, 15.638631977000045 ], [ -89.680115511999986, 15.638648061000026 ], [ -89.680852222999988, 15.63874837000003 ], [ -89.681629193999981, 15.639240864000044 ], [ -89.682038854999973, 15.639582221000069 ], [ -89.682778302999964, 15.639549407000061 ], [ -89.683660772999986, 15.639205046000029 ], [ -89.684293688999958, 15.639315058000022 ], [ -89.684889695999971, 15.639547512000036 ], [ -89.685790234999956, 15.639527283000064 ], [ -89.686358729999938, 15.639335016000075 ], [ -89.68696665899995, 15.638863486000048 ], [ -89.687151256999982, 15.638139544000069 ], [ -89.68665191499997, 15.637617416000069 ], [ -89.686138407999977, 15.637251926000033 ], [ -89.685638163999954, 15.636786204000032 ], [ -89.685025730999939, 15.636128073000066 ], [ -89.68494253199998, 15.635545658000069 ], [ -89.68498520299994, 15.635065578000024 ], [ -89.685600400999988, 15.634828878000064 ], [ -89.68620130499994, 15.634792826000023 ], [ -89.687265398999955, 15.634630618000074 ], [ -89.688030965999985, 15.634384900000043 ], [ -89.688693598999976, 15.634058628000048 ], [ -89.689614742999936, 15.633480100000043 ], [ -89.690069208999944, 15.633208234000051 ], [ -89.690639318999956, 15.632914412000048 ], [ -89.691366177999953, 15.632902817000058 ], [ -89.692090732999986, 15.633070610000061 ], [ -89.692662600999938, 15.633391828000072 ], [ -89.693584371999975, 15.633462159000032 ], [ -89.694220145999964, 15.633393886000022 ], [ -89.694927184999983, 15.633202554000036 ], [ -89.695592165999983, 15.632765705000054 ], [ -89.695865113999957, 15.632266521000076 ], [ -89.69621955599996, 15.631768565000073 ], [ -89.696639104999974, 15.631495026000039 ], [ -89.696980454999959, 15.631087150000042 ], [ -89.697175759999936, 15.630418648000045 ], [ -89.697244504999958, 15.629726801000061 ], [ -89.697829638999963, 15.629221031000043 ], [ -89.698374290999936, 15.629061092000029 ], [ -89.699008851999963, 15.628377764000049 ], [ -89.699018710999951, 15.627762892000078 ], [ -89.699098506999974, 15.627071209000064 ], [ -89.699674541999968, 15.626442292000036 ], [ -89.700405685999954, 15.626162150000027 ], [ -89.700926901999935, 15.626046987000052 ], [ -89.702834870999936, 15.625070211000036 ], [ -89.703826266999954, 15.625117843000055 ], [ -89.704543651999984, 15.62500562200006 ], [ -89.704970849999938, 15.624252574000025 ], [ -89.705037432999973, 15.623693845000048 ], [ -89.705437642999982, 15.623207841000067 ], [ -89.706188826999949, 15.623129973000061 ], [ -89.706754234999948, 15.623127181000029 ], [ -89.707565732999967, 15.62288207000006 ], [ -89.708034846999965, 15.622419663000073 ], [ -89.708830959999943, 15.621716153000023 ], [ -89.709856337999952, 15.621093943000062 ], [ -89.710449973999971, 15.620745115000034 ], [ -89.711459700999967, 15.619680294000034 ], [ -89.714246985999978, 15.619674668000073 ], [ -89.715950050999936, 15.618944083000031 ], [ -89.718320319999975, 15.616899740000065 ], [ -89.722946782999941, 15.615325802000029 ], [ -89.724579816999949, 15.614052409000067 ], [ -89.726580383999988, 15.614234614000054 ], [ -89.728727565999975, 15.616734680000036 ], [ -89.729374372999985, 15.618132390000028 ], [ -89.729152601999942, 15.622198476000051 ], [ -89.726280112999973, 15.627705596000055 ], [ -89.723440409999967, 15.631581329000028 ], [ -89.724344867999946, 15.636911215000055 ], [ -89.724448385999949, 15.641783371000031 ], [ -89.723063386999968, 15.655244831000061 ], [ -89.722401649999938, 15.671751606000043 ], [ -89.721296624999979, 15.679493443000069 ], [ -89.721316826999953, 15.685444300000029 ], [ -89.71977659099997, 15.701330670000061 ], [ -89.717600243999982, 15.709702948000029 ], [ -89.716188995999971, 15.713433937000048 ], [ -89.715560195999956, 15.717988072000026 ], [ -89.71451596299994, 15.719134685000029 ], [ -89.710890289999952, 15.725549621000027 ], [ -89.706842149999943, 15.728519600000027 ], [ -89.699349582999957, 15.729267299000071 ], [ -89.695264169999973, 15.730709639000054 ], [ -89.693897337999942, 15.73147657800007 ], [ -89.691422939999939, 15.734914690000039 ], [ -89.687334460999978, 15.737183967000021 ], [ -89.686506183999938, 15.737175885000056 ], [ -89.682247296999947, 15.734757116000026 ], [ -89.678406810999945, 15.733950445000062 ], [ -89.672424125999953, 15.736842769000077 ], [ -89.670492793999983, 15.737174364000055 ], [ -89.668777801999966, 15.736563617000058 ], [ -89.665350213999943, 15.737553858000069 ], [ -89.66408691099997, 15.737181316000033 ], [ -89.662169871999936, 15.734818355000073 ], [ -89.658596578999948, 15.73495880400003 ], [ -89.656918842999971, 15.737345649000076 ], [ -89.657129205999979, 15.738125235000041 ], [ -89.65662366, 15.739080027000057 ], [ -89.652611418999982, 15.742291966000039 ], [ -89.651563229999965, 15.745322592000036 ], [ -89.649532257999965, 15.747213053000053 ], [ -89.649596986999939, 15.749055629000054 ], [ -89.648965768999972, 15.751948210000023 ], [ -89.647959951999951, 15.75288736300007 ], [ -89.646247187999961, 15.75348725300006 ], [ -89.645410767999977, 15.75546150200006 ], [ -89.643172926999966, 15.756954867000047 ], [ -89.643136213999981, 15.757770144000062 ], [ -89.645959514999959, 15.760711450000031 ], [ -89.64625242599999, 15.762563182000065 ], [ -89.645720732999962, 15.763470129000041 ], [ -89.642809071999977, 15.766746129000069 ], [ -89.643574805999947, 15.768364808000058 ], [ -89.642885254999953, 15.773443301000043 ], [ -89.64407080699999, 15.774902588000032 ], [ -89.64314965899996, 15.778580527000031 ], [ -89.645025917999988, 15.782043258000044 ], [ -89.64388719499999, 15.783540005000077 ], [ -89.642523063999988, 15.783615974000043 ], [ -89.642113975999962, 15.785421878000022 ], [ -89.642239339999946, 15.787855539000077 ], [ -89.643208118999951, 15.789142231000028 ], [ -89.643276718999971, 15.789964775000044 ], [ -89.641401736999967, 15.791794279000044 ], [ -89.641603355999962, 15.794231376000027 ], [ -89.641245122999976, 15.795177084000045 ], [ -89.640216186999965, 15.79598151600004 ], [ -89.639129368999988, 15.796197150000069 ], [ -89.635557290999941, 15.795919534000063 ], [ -89.630919742999936, 15.79492121100003 ], [ -89.623647481999967, 15.795458210000049 ], [ -89.621836514999984, 15.794365971000047 ], [ -89.618545992999941, 15.794087951000051 ], [ -89.616443454999967, 15.794694993000064 ], [ -89.615596885999935, 15.79574135200005 ], [ -89.615409129999989, 15.797361039000066 ], [ -89.615006634999986, 15.797737287000075 ], [ -89.612433549999935, 15.799130194000043 ], [ -89.611451287999955, 15.801254271000062 ], [ -89.610099582999965, 15.802187773000071 ], [ -89.607023137999988, 15.802381174000061 ], [ -89.605662825999957, 15.80313058400003 ], [ -89.604250810999986, 15.803171685000052 ], [ -89.602048585999967, 15.80094818300006 ], [ -89.600001427999985, 15.800083391000044 ], [ -89.597789587999955, 15.799764388000028 ], [ -89.593027985999981, 15.801214124000069 ], [ -89.586053334999974, 15.804741220000039 ], [ -89.579351818999953, 15.805008045000022 ], [ -89.576224866999951, 15.807233473000053 ], [ -89.573181193999972, 15.80759050100005 ], [ -89.569994786999985, 15.809535052000058 ], [ -89.567238584999984, 15.809982284000057 ], [ -89.56169437899996, 15.812136475000045 ], [ -89.559202786999947, 15.814265607000038 ], [ -89.557707564999987, 15.814745114000061 ], [ -89.554645982999943, 15.814846569000053 ], [ -89.551217932999975, 15.817589182000063 ], [ -89.550949001999982, 15.820525298000064 ], [ -89.550129113999958, 15.821622516000048 ], [ -89.548614260999955, 15.822807956000077 ], [ -89.547302559999935, 15.82314812900006 ], [ -89.546502239999938, 15.824258051000072 ], [ -89.543193289999977, 15.826766568000039 ], [ -89.542903540999987, 15.828622525000071 ], [ -89.541098283999986, 15.830942853000067 ], [ -89.539997539999945, 15.830937691000031 ], [ -89.53819606799999, 15.829443253000022 ], [ -89.536495542999944, 15.829583069000023 ], [ -89.534938831999966, 15.830686482000033 ], [ -89.530201619999957, 15.83044820300006 ], [ -89.526034748999962, 15.831754571000033 ], [ -89.519163060999972, 15.835588764000022 ], [ -89.515495205999969, 15.839320812000039 ], [ -89.511589962999949, 15.841802205000022 ], [ -89.508232383999939, 15.843271259000062 ], [ -89.502159024999969, 15.843218367000077 ], [ -89.499981476999949, 15.84441862500006 ], [ -89.495428475999972, 15.848386398000059 ], [ -89.492975812999987, 15.849448980000034 ], [ -89.491868531999955, 15.852850774000046 ], [ -89.49016876099995, 15.853678428000023 ], [ -89.488980969999943, 15.855161988000077 ], [ -89.487807968999959, 15.854378 ], [ -89.486608263999983, 15.853689472000042 ], [ -89.48382798199998, 15.854012123000075 ], [ -89.482747425999946, 15.854216827000073 ], [ -89.481757319999986, 15.855523031000075 ], [ -89.481600844999946, 15.857621276000032 ], [ -89.478430919999937, 15.859201136000024 ], [ -89.477656576999948, 15.860832372000061 ], [ -89.474310532999937, 15.861141152000073 ], [ -89.471888472999979, 15.860533031000045 ], [ -89.467290833999982, 15.862097308000045 ], [ -89.465081556999962, 15.861854749000031 ], [ -89.464015658999983, 15.860715871000025 ], [ -89.463919812999961, 15.857991901000048 ], [ -89.464341658999956, 15.856427178000047 ], [ -89.464057476999983, 15.855712879000066 ], [ -89.462500235999983, 15.855046597000069 ], [ -89.461211341999956, 15.853631039000049 ], [ -89.460016757999938, 15.84991883500004 ], [ -89.458520456999963, 15.848702957000057 ], [ -89.455289849999986, 15.847821967000073 ], [ -89.449946527999941, 15.848920152000062 ], [ -89.447854683999935, 15.850002758000073 ], [ -89.44589885299996, 15.849774343000036 ], [ -89.442836614999976, 15.848601478000035 ], [ -89.440203015999941, 15.849969558000055 ], [ -89.438999372999945, 15.851111805000073 ], [ -89.437897375999967, 15.854096929000036 ], [ -89.434317871999951, 15.854369664000046 ], [ -89.433215357999984, 15.855590249000045 ], [ -89.429446151999969, 15.856474632000072 ], [ -89.42805683399996, 15.85819361800003 ], [ -89.426671511999984, 15.858924369000022 ], [ -89.42082633199999, 15.85892024900005 ], [ -89.418807120999986, 15.859705889000054 ], [ -89.417054164999968, 15.858649094000043 ], [ -89.415622029999952, 15.859421860000054 ], [ -89.414800212999978, 15.859361986000067 ], [ -89.412295559999961, 15.856195429000024 ] ] ] ] } },
{ "type": "Feature", "properties": { "Codigo": 904, "datos_finales_color_riesgo": "fe9181" }, "geometry": { "type": "MultiPolygon", "coordinates": [ [ [ [ -91.511464634999982, 15.146114075000071 ], [ -91.512652005999939, 15.144646373000057 ], [ -91.51974884599997, 15.138978437000048 ], [ -91.520547249999936, 15.137734096000031 ], [ -91.522756606999963, 15.136306919000049 ], [ -91.536638266999944, 15.123364818000027 ], [ -91.544408088999944, 15.11611180500006 ], [ -91.546180399999969, 15.115361703000076 ], [ -91.547493413999973, 15.113742061000039 ], [ -91.548509914999954, 15.113565557000072 ], [ -91.549070694999955, 15.112935322000055 ], [ -91.549200385999939, 15.107798829000046 ], [ -91.548454285999981, 15.100791370000024 ], [ -91.547869084999945, 15.098860130000048 ], [ -91.547919042999979, 15.092620408000073 ], [ -91.546600916999978, 15.081242487000054 ], [ -91.546102985999937, 15.069811069000025 ], [ -91.544598175999965, 15.059317727000064 ], [ -91.543936407999979, 15.037946119000026 ], [ -91.542622331999951, 15.030893191000075 ], [ -91.542607604999944, 15.027925028000027 ], [ -91.541907450999986, 15.026943233000054 ], [ -91.542070745999979, 15.023696012000073 ], [ -91.541478905999952, 15.022001987000067 ], [ -91.540915924999979, 15.017086995000057 ], [ -91.540956363999953, 15.013014208000072 ], [ -91.539938444999962, 15.001744372000076 ], [ -91.539857756999936, 15.001130356000033 ], [ -91.540858821999961, 14.991237163000051 ], [ -91.541426722999972, 14.988648959000045 ], [ -91.541269461999946, 14.987842380000075 ], [ -91.54118601, 14.98669280200005 ], [ -91.541194689999941, 14.98541162500004 ], [ -91.540889387999982, 14.983553351000069 ], [ -91.540289123999969, 14.981572296000024 ], [ -91.53998693599999, 14.980885681000075 ], [ -91.539133684999967, 14.979278108000074 ], [ -91.538483550999956, 14.977970111000047 ], [ -91.537971981999988, 14.976539849000062 ], [ -91.536997565999968, 14.974808342000074 ], [ -91.533339112999954, 14.971777228000064 ], [ -91.532441854999945, 14.970414525000024 ], [ -91.531171554999958, 14.961541680000039 ], [ -91.530375162999974, 14.960648506000041 ], [ -91.529005207999944, 14.959420590000036 ], [ -91.535363515999961, 14.954092499000069 ], [ -91.536421823999945, 14.953293711000072 ], [ -91.538000137999973, 14.952242904000059 ], [ -91.542869440999937, 14.948539908000043 ], [ -91.547430403999954, 14.945302584000046 ], [ -91.550919627999974, 14.942783726000073 ], [ -91.554193837999946, 14.939736937000077 ], [ -91.55483688299995, 14.939152355000033 ], [ -91.55538629199998, 14.938580737000052 ], [ -91.555526369999939, 14.938051722000068 ], [ -91.555484307999961, 14.937477497000032 ], [ -91.555126205999954, 14.936723885000049 ], [ -91.554585967999969, 14.935925057000077 ], [ -91.553187111999989, 14.934413513000038 ], [ -91.552301657999976, 14.933370710000077 ], [ -91.55206253099999, 14.932639315000074 ], [ -91.55215848399996, 14.93193264100006 ], [ -91.552869210999972, 14.931389164000052 ], [ -91.563474686999939, 14.934052437000048 ], [ -91.569596464999961, 14.93446593300007 ], [ -91.572914480999941, 14.934055065000052 ], [ -91.576700928999969, 14.935564430000056 ], [ -91.583647931999963, 14.935878746000071 ], [ -91.594548397999972, 14.935195796000073 ], [ -91.59602423399997, 14.935549473000037 ], [ -91.597419893999984, 14.936440464000043 ], [ -91.599553672999946, 14.938198059000058 ], [ -91.600451416999988, 14.939267892000032 ], [ -91.601271009999948, 14.940294307000045 ], [ -91.605426015999967, 14.945519349000051 ], [ -91.609052239999983, 14.950054149000039 ], [ -91.61388952499999, 14.954870816000039 ], [ -91.616460164999978, 14.956786847000046 ], [ -91.615057287999946, 14.963414065000052 ], [ -91.613417495999954, 14.976590796000039 ], [ -91.613395148999984, 14.979611925000029 ], [ -91.613491974999988, 14.981272287000024 ], [ -91.613518364999948, 14.982499484000073 ], [ -91.613513172999944, 14.983306177000031 ], [ -91.613384887999985, 14.983824004000041 ], [ -91.612960155999986, 14.984440588000041 ], [ -91.612346259999981, 14.984469618000048 ], [ -91.611393736999958, 14.984198296000045 ], [ -91.610543907999954, 14.983773939000059 ], [ -91.609705640999948, 14.983359815000028 ], [ -91.608922745999962, 14.983100820000061 ], [ -91.607706648999965, 14.983148758000027 ], [ -91.607147559999987, 14.983510289000037 ], [ -91.60657521, 14.984124825000038 ], [ -91.606183100999942, 14.984995812000022 ], [ -91.605870969999955, 14.985810795000077 ], [ -91.605545431999985, 14.986990639000055 ], [ -91.605090347999976, 14.988788854000063 ], [ -91.604103772999963, 14.991975804000049 ], [ -91.603270659999964, 14.994257537000067 ], [ -91.602945799999986, 14.995238524000058 ], [ -91.602805787999955, 14.995856830000037 ], [ -91.602717275999964, 14.997225678000063 ], [ -91.602780466999945, 14.997966123000026 ], [ -91.60332181299998, 14.998643972000025 ], [ -91.603968459999976, 14.998768833000042 ], [ -91.605173668999953, 14.998710685000049 ], [ -91.606424931999982, 14.998540958000035 ], [ -91.608087336999972, 14.998065283000074 ], [ -91.610194605999936, 14.997370860000046 ], [ -91.611664403999953, 14.996838619000073 ], [ -91.61222195, 14.996721121000064 ], [ -91.613200418999952, 14.996582457000045 ], [ -91.614005946999953, 14.996764751000057 ], [ -91.614810143999989, 14.997244188000025 ], [ -91.615430851999974, 14.997878427000046 ], [ -91.61588192399995, 14.998411075000035 ], [ -91.616139124999961, 14.999086040000066 ], [ -91.616259383999989, 14.999816663000047 ], [ -91.616386516999967, 15.001286261000075 ], [ -91.616345820999982, 15.003275708000047 ], [ -91.614981019999959, 15.018808698000043 ], [ -91.615569009999945, 15.022093404000032 ], [ -91.61713524399994, 15.024213521000036 ], [ -91.612235637999959, 15.030069120000064 ], [ -91.60946940499997, 15.032743541000059 ], [ -91.608941091999952, 15.032820527000069 ], [ -91.60558621399997, 15.038044771000045 ], [ -91.605514617999972, 15.050040030000048 ], [ -91.604674455999941, 15.056220832000065 ], [ -91.603591079999944, 15.058052443000065 ], [ -91.589545948999955, 15.058412994000037 ], [ -91.58517767799998, 15.059372155000062 ], [ -91.579276544999971, 15.058719517000043 ], [ -91.576474958999938, 15.059422796000035 ], [ -91.575395904999937, 15.06065433200007 ], [ -91.575373664999972, 15.061463161000063 ], [ -91.57459767499995, 15.062579090000042 ], [ -91.574333227999944, 15.067109228000049 ], [ -91.57472826299994, 15.069163505000063 ], [ -91.576120518999971, 15.070848937000051 ], [ -91.57733733799995, 15.071378564000042 ], [ -91.580155359999935, 15.074006168000039 ], [ -91.58265615, 15.075470281000037 ], [ -91.585187090999966, 15.076248737000071 ], [ -91.587316822999981, 15.078356756000062 ], [ -91.590370435999944, 15.079852482000035 ], [ -91.591768126999966, 15.081183095000029 ], [ -91.593450685999983, 15.083228404000067 ], [ -91.595400755999947, 15.085536356000034 ], [ -91.59715063499999, 15.089827072000048 ], [ -91.597126195999977, 15.094436706000067 ], [ -91.597540196999944, 15.096208614000034 ], [ -91.597269147999953, 15.100473246000035 ], [ -91.59766192099994, 15.101671061000047 ], [ -91.598446511999953, 15.102441958000043 ], [ -91.598913726999967, 15.102841429000023 ], [ -91.606565017999969, 15.103267171000027 ], [ -91.612076813999977, 15.105699724000033 ], [ -91.614162558999965, 15.108219659000042 ], [ -91.61553773199995, 15.110921656000073 ], [ -91.616361428999937, 15.113300521000042 ], [ -91.616345626999987, 15.115199713000038 ], [ -91.616733894999982, 15.115587367000046 ], [ -91.616903413999978, 15.119847960000072 ], [ -91.61789714799994, 15.126236591000065 ], [ -91.616427167999973, 15.135975975000065 ], [ -91.614382614999954, 15.142820516000029 ], [ -91.614372511999989, 15.145535489000054 ], [ -91.614756093999972, 15.147276684000076 ], [ -91.616106618999936, 15.14995594100003 ], [ -91.617938280999965, 15.153336386000035 ], [ -91.618906092999964, 15.154324154000051 ], [ -91.597879807999959, 15.164731381000024 ], [ -91.586776292999957, 15.171091966000063 ], [ -91.58576500099997, 15.172019997000064 ], [ -91.584075125999959, 15.17867429100005 ], [ -91.582891193999956, 15.180971713000076 ], [ -91.581677808999984, 15.186456200000066 ], [ -91.579856937999978, 15.19091095400006 ], [ -91.578044858999988, 15.198121401000037 ], [ -91.576845618999982, 15.20041754600004 ], [ -91.574614143999952, 15.206982416000073 ], [ -91.572608659999958, 15.214349735000042 ], [ -91.568370963999939, 15.224768022000035 ], [ -91.568403925999974, 15.226174864000029 ], [ -91.56165473599998, 15.223371598000028 ], [ -91.55366526499995, 15.220921702000055 ], [ -91.55010649899998, 15.219295556000077 ], [ -91.542142621999972, 15.21672342100004 ], [ -91.53078858899994, 15.21194044300006 ], [ -91.523042076999957, 15.209312599000043 ], [ -91.519815265999966, 15.207618139000033 ], [ -91.518328310999948, 15.195207602000039 ], [ -91.516619998999943, 15.186688912000022 ], [ -91.516096298999969, 15.179053622000026 ], [ -91.514553359999979, 15.171280554000077 ], [ -91.512164676999987, 15.147887971000046 ], [ -91.511464634999982, 15.146114075000071 ] ] ] ] } },
{ "type": "Feature", "properties": { "Codigo": 2206, "datos_finales_color_riesgo": "fe9181" }, "geometry": { "type": "MultiPolygon", "coordinates": [ [ [ [ -89.788117032999935, 14.234850981000022 ], [ -89.782908046999978, 14.233572025000058 ], [ -89.779792684999961, 14.232059377000041 ], [ -89.771889940999984, 14.230638879000026 ], [ -89.76186430499996, 14.227709712000035 ], [ -89.762829734999968, 14.220286248000036 ], [ -89.762528069999973, 14.213277864000077 ], [ -89.763034871999935, 14.209127974000069 ], [ -89.76610819199999, 14.19317340200007 ], [ -89.767416117999971, 14.190353680000044 ], [ -89.768146933999958, 14.183361468000044 ], [ -89.769921473999943, 14.175972492000028 ], [ -89.769944757999951, 14.175186144000065 ], [ -89.769183874999953, 14.174065298000073 ], [ -89.768673091999972, 14.168681562000074 ], [ -89.770016418999944, 14.163834090000023 ], [ -89.769769851999968, 14.163071191000029 ], [ -89.769251621999956, 14.162664669000037 ], [ -89.768667494999988, 14.162092474000076 ], [ -89.768155599999943, 14.161484006000023 ], [ -89.76799921199995, 14.158232539000039 ], [ -89.766910013999961, 14.156081341000061 ], [ -89.766380611999978, 14.152911754000058 ], [ -89.765567869999984, 14.151537398000073 ], [ -89.764003764999984, 14.142209555000022 ], [ -89.761689665999938, 14.139213420000033 ], [ -89.761309876999974, 14.137651906000031 ], [ -89.761122895999961, 14.133868454000037 ], [ -89.761564711999938, 14.129292145000022 ], [ -89.760544872999958, 14.117755015000057 ], [ -89.762028073999943, 14.117833684000061 ], [ -89.764274979999982, 14.119231845000058 ], [ -89.768712408999988, 14.119105304000072 ], [ -89.77172143599995, 14.119523826000034 ], [ -89.772312006999982, 14.119264265000027 ], [ -89.772716024999966, 14.118578958000057 ], [ -89.773113961999968, 14.118201685000031 ], [ -89.773658934999958, 14.108205775000044 ], [ -89.774215680999987, 14.107594739000035 ], [ -89.774234679999907, 14.106778978000023 ], [ -89.775688522999985, 14.105159664000041 ], [ -89.77908451899998, 14.099630710000042 ], [ -89.78075798499998, 14.096034619000022 ], [ -89.786319577999961, 14.098219516000029 ], [ -89.795405240999969, 14.099301131000061 ], [ -89.797975601999951, 14.101394038000024 ], [ -89.801271910999958, 14.104795685000056 ], [ -89.801328163999983, 14.106896902000074 ], [ -89.800436806999983, 14.111971996000023 ], [ -89.799001164999936, 14.113536426000053 ], [ -89.796434738999949, 14.119711080000059 ], [ -89.796530889999985, 14.120526134000045 ], [ -89.795856496999988, 14.121321889000058 ], [ -89.794194680999965, 14.125774906000061 ], [ -89.789376472999948, 14.133365185000059 ], [ -89.78584744799997, 14.136352956000053 ], [ -89.781758841999988, 14.137716918000024 ], [ -89.779691740999965, 14.139339299000028 ], [ -89.779273642999954, 14.140611328000034 ], [ -89.779950992999943, 14.141420628000049 ], [ -89.780762423999988, 14.144823120000069 ], [ -89.78212132499999, 14.147830025000076 ], [ -89.782667077999974, 14.151292161000072 ], [ -89.784443290999945, 14.154484119000074 ], [ -89.78570025099998, 14.158452401000034 ], [ -89.785456348999958, 14.160330607000049 ], [ -89.782798320999973, 14.16209064700007 ], [ -89.782147071999987, 14.162994990000072 ], [ -89.781001797999977, 14.168416341000068 ], [ -89.78002633899996, 14.169710215000066 ], [ -89.78001834, 14.171342141000025 ], [ -89.784667261999971, 14.169089697000061 ], [ -89.789867413999957, 14.16880162700005 ], [ -89.795034566999959, 14.169792910000069 ], [ -89.795681956999942, 14.170232720000058 ], [ -89.799554281999974, 14.170145645000048 ], [ -89.814352354999983, 14.172375601000056 ], [ -89.817631983999945, 14.177050196000039 ], [ -89.818097272999978, 14.180803627000046 ], [ -89.81841288399994, 14.188482906000047 ], [ -89.81751044799995, 14.200118966000048 ], [ -89.816645354999935, 14.202042023000047 ], [ -89.816525683999942, 14.203153314000076 ], [ -89.816565048999962, 14.203812990000074 ], [ -89.815248455999949, 14.206663445000061 ], [ -89.814187970999967, 14.21183561600003 ], [ -89.813589969999953, 14.212402143000077 ], [ -89.812317204999943, 14.216698990000054 ], [ -89.810969597999986, 14.218656195000051 ], [ -89.809940378999954, 14.221338865000064 ], [ -89.80589267199997, 14.227088413000047 ], [ -89.804778639999938, 14.227772153000046 ], [ -89.801797922999981, 14.23131464100004 ], [ -89.800136629999898, 14.234046325000065 ], [ -89.797648210999967, 14.236596461000033 ], [ -89.796348167999952, 14.236845372000062 ], [ -89.788117032999935, 14.234850981000022 ] ] ] ] } },
{ "type": "Feature", "properties": { "Codigo": 1108, "datos_finales_color_riesgo": "fe9181" }, "geometry": { "type": "MultiPolygon", "coordinates": [ [ [ [ -91.653367491999973, 14.607379799000057 ], [ -91.65555573499995, 14.605687375000059 ], [ -91.65636619299994, 14.605119174000038 ], [ -91.656946697999956, 14.604680719000044 ], [ -91.657049578999988, 14.603884717000028 ], [ -91.65706935899999, 14.602441923000072 ], [ -91.657072451999966, 14.601932348000048 ], [ -91.657119826999974, 14.601295346000029 ], [ -91.657384044999958, 14.600872017000029 ], [ -91.658084063999979, 14.60043085500007 ], [ -91.658608185999981, 14.600294888000064 ], [ -91.659306595999965, 14.600214158000028 ], [ -91.660672210999962, 14.599649128000067 ], [ -91.661306350999951, 14.599355597000056 ], [ -91.662116903999959, 14.598765907000029 ], [ -91.662598847999959, 14.59831218000005 ], [ -91.66355350799995, 14.597298458000068 ], [ -91.664901795999981, 14.59604291900007 ], [ -91.665516183999955, 14.595462262000069 ], [ -91.666352715999949, 14.594119044000024 ], [ -91.66760721299994, 14.592151097000055 ], [ -91.668431862999967, 14.590849609000031 ], [ -91.669047178999961, 14.590110755000069 ], [ -91.669639685999982, 14.589498324000033 ], [ -91.671566431999963, 14.588119480000046 ], [ -91.672355069999981, 14.58749685600003 ], [ -91.672782760999951, 14.587085735000073 ], [ -91.67333103499999, 14.586494507000054 ], [ -91.673717, 14.585784843000056 ], [ -91.673873372999935, 14.585149583000032 ], [ -91.674097656999948, 14.584120360000043 ], [ -91.674376829999972, 14.582933260000061 ], [ -91.674567858999978, 14.58203153200003 ], [ -91.674839076999945, 14.581300877000047 ], [ -91.675396940999974, 14.580072417000054 ], [ -91.676245126999959, 14.578602666000052 ], [ -91.677971742999944, 14.576032808000036 ], [ -91.678302385999984, 14.575450505000049 ], [ -91.67878658799998, 14.574603535000051 ], [ -91.679571650999947, 14.572718726000062 ], [ -91.680123036999987, 14.571692470000073 ], [ -91.680541246999951, 14.571014612000056 ], [ -91.681200651999973, 14.570063541000025 ], [ -91.681662054999947, 14.569535074000044 ], [ -91.682232173999978, 14.568965413000058 ], [ -91.682637270999976, 14.568637754000065 ], [ -91.683631804999948, 14.568198161000055 ], [ -91.686121784999955, 14.567362455000023 ], [ -91.686995641999943, 14.567022734000034 ], [ -91.687564610999971, 14.566644009000072 ], [ -91.688069170999938, 14.566072833000021 ], [ -91.688422687999946, 14.565342616000066 ], [ -91.688480036999977, 14.56486497700007 ], [ -91.688549074999969, 14.564176101000044 ], [ -91.68869419899994, 14.563667315000032 ], [ -91.689243817999966, 14.562830853000037 ], [ -91.690394752999964, 14.561733351000044 ], [ -91.692565453999975, 14.559643808000033 ], [ -91.692959618999964, 14.559295731000077 ], [ -91.693332195999972, 14.558968998000068 ], [ -91.693912153999975, 14.558590317000039 ], [ -91.694413923999946, 14.558486904000063 ], [ -91.695156205999979, 14.558320426000023 ], [ -91.695583232999979, 14.558005293000065 ], [ -91.69597876399996, 14.557423319000065 ], [ -91.696268196999938, 14.556437363000043 ], [ -91.696369088999973, 14.555949792000035 ], [ -91.696636290999948, 14.554995351000059 ], [ -91.697043390999966, 14.554318526000031 ], [ -91.697831827999948, 14.553696927000033 ], [ -91.700513398999988, 14.551705052000045 ], [ -91.701401205999957, 14.550850096000033 ], [ -91.70183960899999, 14.550470607000022 ], [ -91.702560991999974, 14.550102854000045 ], [ -91.703041525999936, 14.549957495000058 ], [ -91.703772687999958, 14.549802222000039 ], [ -91.704536330999986, 14.549647127000071 ], [ -91.705463474999988, 14.549503102000074 ], [ -91.706259925999973, 14.549391122000031 ], [ -91.70685956799997, 14.549309687000061 ], [ -91.707633734999945, 14.549239387000057 ], [ -91.708114079999973, 14.549125654000022 ], [ -91.708562809999989, 14.548862593000024 ], [ -91.709405388999983, 14.548198310000032 ], [ -91.710592192999968, 14.546786766000025 ], [ -91.711403423999968, 14.545724563000022 ], [ -91.713362229999973, 14.544408776000068 ], [ -91.714510807999943, 14.543681749000029 ], [ -91.717822696999974, 14.549208404000069 ], [ -91.718296491999979, 14.550229081000055 ], [ -91.720967831999985, 14.555314908000071 ], [ -91.72203966099994, 14.558354676000022 ], [ -91.722932234999973, 14.561401375000059 ], [ -91.722769802999949, 14.56402423000003 ], [ -91.722093467999969, 14.569759545000068 ], [ -91.721452792999969, 14.571515372000022 ], [ -91.719174284999951, 14.575619298000049 ], [ -91.715050747999953, 14.579755992000059 ], [ -91.714370971999983, 14.581037 ], [ -91.713930195999978, 14.582217626000045 ], [ -91.713682073999962, 14.583388012000057 ], [ -91.713735485999962, 14.584380396000029 ], [ -91.714149412999973, 14.585427873000071 ], [ -91.717347762999964, 14.58931326000004 ], [ -91.719109679999974, 14.592815592000022 ], [ -91.721443162999947, 14.597813704000032 ], [ -91.723888042999988, 14.600413531000072 ], [ -91.724486786999989, 14.601920762000077 ], [ -91.72435253499998, 14.614435309000044 ], [ -91.72479920699999, 14.617366569000069 ], [ -91.724061954999968, 14.618739940000069 ], [ -91.723862294999947, 14.61935466500006 ], [ -91.723565101999952, 14.619777896000073 ], [ -91.723148020999986, 14.620263750000049 ], [ -91.722553682999944, 14.621301171000027 ], [ -91.722375605999957, 14.621894544000043 ], [ -91.722045613999967, 14.622369572000025 ], [ -91.721651303999977, 14.622728991000031 ], [ -91.721190637999939, 14.623224769000046 ], [ -91.72125162399999, 14.624016063000056 ], [ -91.721879783999952, 14.624656798000046 ], [ -91.722051602999954, 14.625145875000044 ], [ -91.722113539999953, 14.625773335000076 ], [ -91.721839827999986, 14.62785205800003 ], [ -91.721857240999952, 14.628552718000037 ], [ -91.722158598999954, 14.629318213000033 ], [ -91.722569805999967, 14.629851543000029 ], [ -91.723001128999954, 14.630618879000053 ], [ -91.723039366999956, 14.631532081000046 ], [ -91.722904397999969, 14.632295183000053 ], [ -91.72289985599997, 14.63308046800006 ], [ -91.722895920999974, 14.63376067400003 ], [ -91.722958664999965, 14.634249153000042 ], [ -91.723064221999948, 14.634759335000069 ], [ -91.723125983999978, 14.635417301000075 ], [ -91.723122787999955, 14.635969827000054 ], [ -91.72303145799998, 14.636711696000077 ], [ -91.72287529099998, 14.637326659000053 ], [ -91.722673271999952, 14.638344759000063 ], [ -91.722310683999979, 14.640636551000057 ], [ -91.721267505999947, 14.643814999000028 ], [ -91.721133501999986, 14.644408613000053 ], [ -91.720737094999947, 14.645022251000057 ], [ -91.720342864999964, 14.645360195000023 ], [ -91.71988306899999, 14.645696649000058 ], [ -91.719488129999945, 14.646056057000067 ], [ -91.719070618999979, 14.646605172000022 ], [ -91.718739520999975, 14.64726210200007 ], [ -91.718249857999979, 14.649042450000024 ], [ -91.717893498999956, 14.650250654000047 ], [ -91.717361197999935, 14.651776527000038 ], [ -91.717052136999939, 14.652433577000068 ], [ -91.716700301999936, 14.652961577000042 ], [ -91.715427491999947, 14.654292399000042 ], [ -91.714395153999988, 14.655581602000041 ], [ -91.713932106999948, 14.656470564000074 ], [ -91.71353577299999, 14.657063847000074 ], [ -91.713184662999936, 14.657465294000076 ], [ -91.712790647999952, 14.657760285000052 ], [ -91.71252298, 14.658778006000034 ], [ -91.712583849999987, 14.659385120000024 ], [ -91.713666171999989, 14.660970761000044 ], [ -91.714163339999971, 14.661695541000029 ], [ -91.714289076999989, 14.662524480000059 ], [ -91.714042594999967, 14.663690341000063 ], [ -91.713621311999987, 14.66487670500004 ], [ -91.713089183999955, 14.666360755000028 ], [ -91.712691433999964, 14.667291878000071 ], [ -91.71233848199995, 14.667905739000048 ], [ -91.711481725999988, 14.669026405000068 ], [ -91.711172744999942, 14.669661975000054 ], [ -91.711146843999984, 14.670319455000026 ], [ -91.711075799999946, 14.671253515000046 ], [ -91.710919441999977, 14.671889931000067 ], [ -91.710193985999979, 14.67288363800003 ], [ -91.70960058899999, 14.673623839000072 ], [ -91.709226975999968, 14.674194639000063 ], [ -91.708741435999968, 14.675146735000055 ], [ -91.708187814999974, 14.676524436000022 ], [ -91.707680664999941, 14.677497875000029 ], [ -91.707109054999989, 14.678279997000061 ], [ -91.706515758999956, 14.678998720000038 ], [ -91.705592976999981, 14.680182269000056 ], [ -91.705130829999973, 14.680901719000076 ], [ -91.704844037999976, 14.681409717000065 ], [ -91.704578798999989, 14.682002583000042 ], [ -91.704399939999973, 14.682808355000077 ], [ -91.704196942999943, 14.683869357000049 ], [ -91.70358493599997, 14.687856856000053 ], [ -91.703404108999962, 14.688896512000042 ], [ -91.70326989299997, 14.689511572000072 ], [ -91.703048917999979, 14.689976998000077 ], [ -91.702303308999944, 14.690631579000069 ], [ -91.700925832999985, 14.691154940000047 ], [ -91.70024914399994, 14.691342107000025 ], [ -91.699657545999969, 14.691763648000062 ], [ -91.699325818999966, 14.692504150000048 ], [ -91.699082723999936, 14.693076791000067 ], [ -91.698751367999989, 14.693754020000029 ], [ -91.698180308999952, 14.69442990400006 ], [ -91.697565334999979, 14.695169944000043 ], [ -91.696709325999961, 14.696035180000024 ], [ -91.695942582999976, 14.696625214000051 ], [ -91.695395250999979, 14.69691930700003 ], [ -91.69441140899994, 14.697317155000064 ], [ -91.693536549999976, 14.697737081000071 ], [ -91.692879789999949, 14.698179701000072 ], [ -91.692440808999947, 14.698600949000024 ], [ -91.691672706999952, 14.699318639000069 ], [ -91.691255643999966, 14.699762608000071 ], [ -91.690486268999962, 14.700692711000045 ], [ -91.689978980999967, 14.701666101000058 ], [ -91.689669637999941, 14.702343438000071 ], [ -91.68892584799994, 14.702679341000078 ], [ -91.688115910999954, 14.703205823000076 ], [ -91.68763198399995, 14.703860700000064 ], [ -91.686841103999939, 14.704790667000054 ], [ -91.686467549999975, 14.705234872000062 ], [ -91.685897693999948, 14.705698300000051 ], [ -91.68541616899995, 14.705949801000031 ], [ -91.684935345999975, 14.706180968000069 ], [ -91.684431505999953, 14.706475280000063 ], [ -91.683817598999951, 14.707024327000056 ], [ -91.683313446999989, 14.70746665300004 ], [ -91.682829874999982, 14.708058243000039 ], [ -91.682521898999937, 14.708502813000052 ], [ -91.682148329999961, 14.708947007000063 ], [ -91.681383039999957, 14.709281631000067 ], [ -91.680815579999944, 14.709342807000041 ], [ -91.680157676999954, 14.709868993000043 ], [ -91.679434497999978, 14.710438873000044 ], [ -91.678778699999953, 14.710710837000022 ], [ -91.678147053999965, 14.710537746000057 ], [ -91.676951152999948, 14.709893648000048 ], [ -91.67621193299999, 14.709464579000041 ], [ -91.675275381999938, 14.709225337000078 ], [ -91.674075131999984, 14.709304347000057 ], [ -91.673200961999953, 14.709596513000065 ], [ -91.672457966999957, 14.709889428000054 ], [ -91.670880531999956, 14.711005783000076 ], [ -91.670375254999954, 14.711532814000066 ], [ -91.669628256999943, 14.712484436000068 ], [ -91.669404613999973, 14.713374654000063 ], [ -91.669533384999966, 14.714251078000075 ], [ -91.667546259999938, 14.714289376000067 ], [ -91.666335703999948, 14.713958125000033 ], [ -91.66549129699996, 14.713456103000055 ], [ -91.665271195999935, 14.712710221000066 ], [ -91.666164656999968, 14.709819400000072 ], [ -91.66679265, 14.706958680000071 ], [ -91.666818783999986, 14.702652726000053 ], [ -91.66648599399997, 14.700009074000036 ], [ -91.66634017299998, 14.698883970000054 ], [ -91.666400443999976, 14.697560058000022 ], [ -91.666838752999979, 14.695725335000077 ], [ -91.667412990999935, 14.69444505000007 ], [ -91.667900552999981, 14.693195904000049 ], [ -91.667665495999984, 14.686489631000029 ], [ -91.668727685999954, 14.684364704000075 ], [ -91.670935443999952, 14.681480243000067 ], [ -91.671765348999941, 14.680234172000041 ], [ -91.67194994, 14.679555017000041 ], [ -91.671979479999948, 14.678218493000031 ], [ -91.672098822999942, 14.67652203800003 ], [ -91.672056792999967, 14.672617927000033 ], [ -91.672461299999952, 14.668670038000073 ], [ -91.673578236999958, 14.665331853000055 ], [ -91.677210805999948, 14.659287133000078 ], [ -91.681079309999973, 14.647912689000066 ], [ -91.681739713999946, 14.64227358100004 ], [ -91.681462452999938, 14.64157597600007 ], [ -91.680058149999979, 14.640616621000049 ], [ -91.679207725999959, 14.640576768000074 ], [ -91.675605872999938, 14.640411674000063 ], [ -91.674293042999977, 14.640844872000059 ], [ -91.672973487999968, 14.641816995000056 ], [ -91.672074270999985, 14.644388089000074 ], [ -91.670661994999989, 14.646874892000028 ], [ -91.669580274999987, 14.649678823000045 ], [ -91.667481253999938, 14.65238991700005 ], [ -91.665091957999948, 14.653771665000022 ], [ -91.660286867999957, 14.654866044000073 ], [ -91.657154960999947, 14.654875101000073 ], [ -91.656372795999971, 14.654577935000077 ], [ -91.655651337999984, 14.65384158300003 ], [ -91.655590031999964, 14.653141810000022 ], [ -91.655652705999955, 14.652570436000076 ], [ -91.656527737999966, 14.652006014000051 ], [ -91.657032314999981, 14.651478998000073 ], [ -91.657386807999956, 14.650631349000037 ], [ -91.657522148999988, 14.649846837000041 ], [ -91.657455014999982, 14.646576473000039 ], [ -91.657414527999947, 14.646077948000027 ], [ -91.65732028299999, 14.64545030000005 ], [ -91.657291795999981, 14.644696483000075 ], [ -91.657405660999984, 14.643911849000062 ], [ -91.657611494999969, 14.643366155000024 ], [ -91.657837241999971, 14.642884982000055 ], [ -91.658223824999936, 14.642100790000029 ], [ -91.658478747999936, 14.641401711000071 ], [ -91.65855811099999, 14.640850770000043 ], [ -91.658970410999984, 14.63764757000007 ], [ -91.659050484999966, 14.636979121000024 ], [ -91.659087167999985, 14.636384995000071 ], [ -91.659090393999975, 14.635853953000037 ], [ -91.65900742599996, 14.635088520000068 ], [ -91.658869591999974, 14.634471923000035 ], [ -91.658581355999956, 14.633588927000062 ], [ -91.658173079999983, 14.632504114000028 ], [ -91.657862019999982, 14.63165375400007 ], [ -91.657778795999945, 14.630931257000043 ], [ -91.657896849999986, 14.62773652900006 ], [ -91.657460094999976, 14.62599281100006 ], [ -91.657088526999985, 14.625362435000056 ], [ -91.656206416999964, 14.623865859000034 ], [ -91.654740846999971, 14.621380625000029 ], [ -91.65441653299996, 14.620900798000037 ], [ -91.653942730999972, 14.620006556000021 ], [ -91.65378203099999, 14.61952767300005 ], [ -91.653664774999982, 14.619060340000033 ], [ -91.653216167999972, 14.615745963000052 ], [ -91.653101119999974, 14.614917070000047 ], [ -91.653053758999988, 14.613834335000035 ], [ -91.653124851999962, 14.611021253000047 ], [ -91.653187211999978, 14.609736897000062 ], [ -91.653279080999937, 14.60903687800004 ], [ -91.653382876999956, 14.608092867000039 ], [ -91.653367491999973, 14.607379799000057 ] ] ] ] } },
{ "type": "Feature", "properties": { "Codigo": 1230, "datos_finales_color_riesgo": "fe9181" }, "geometry": { "type": "MultiPolygon", "coordinates": [ [ [ [ -92.137125081999955, 14.616823108000062 ], [ -92.135687359999963, 14.616115695000076 ], [ -92.133720202999939, 14.615134036000029 ], [ -92.132657843999937, 14.614623135000045 ], [ -92.131928343999959, 14.614133460000062 ], [ -92.129377938999937, 14.61280242600003 ], [ -92.128017566999972, 14.612069754000061 ], [ -92.127118721999977, 14.611581245000025 ], [ -92.126298946999952, 14.611151083000038 ], [ -92.124780592999969, 14.610319357000037 ], [ -92.123693561999971, 14.609737899000038 ], [ -92.122552055999961, 14.609150925000051 ], [ -92.121179455999936, 14.608394732000022 ], [ -92.120232120999958, 14.60788885900007 ], [ -92.119224260999943, 14.607377512000028 ], [ -92.118258831999981, 14.606877646000044 ], [ -92.117220780999958, 14.606372389000057 ], [ -92.115593529999956, 14.605529570000044 ], [ -92.11390572, 14.604675377000035 ], [ -92.112321604999977, 14.603938261000053 ], [ -92.111641169999984, 14.603530640000031 ], [ -92.109127582999974, 14.602240338000058 ], [ -92.107257766999965, 14.601304882000022 ], [ -92.103742097999941, 14.599450053000055 ], [ -92.101902268999936, 14.598473111000033 ], [ -92.099042797999971, 14.597014242000057 ], [ -92.097251477999976, 14.596048708000069 ], [ -92.094750356999953, 14.594787601000064 ], [ -92.093475761999969, 14.594177816000069 ], [ -92.092862426999943, 14.593840360000058 ], [ -92.091156677999948, 14.592991998000059 ], [ -92.090239793999956, 14.592497563000052 ], [ -92.086190255999952, 14.590397145000054 ], [ -92.086086878999936, 14.59030513600004 ], [ -92.085565595999981, 14.591342612000062 ], [ -92.085067350999964, 14.592367807000073 ], [ -92.084609643999954, 14.593490089000056 ], [ -92.084152185999983, 14.59464771100005 ], [ -92.083171886999935, 14.596280111000056 ], [ -92.082354704999943, 14.597711233000041 ], [ -92.082084637999969, 14.598184192000076 ], [ -92.080472188999977, 14.600944431000073 ], [ -92.078054109999982, 14.599589836000064 ], [ -92.076026658999979, 14.598584496000058 ], [ -92.074873049999951, 14.597973790000026 ], [ -92.072706805999985, 14.597010588000046 ], [ -92.070819640999957, 14.596163294000064 ], [ -92.067330542999969, 14.594596331000048 ], [ -92.065583651999987, 14.593907091000062 ], [ -92.064551309999956, 14.593330859000048 ], [ -92.064368651999985, 14.593161260000045 ], [ -92.063391082999942, 14.592631778000055 ], [ -92.061120200999937, 14.591398198000036 ], [ -92.058941807999986, 14.590411375000031 ], [ -92.057830039999942, 14.589717830000041 ], [ -92.055989342999965, 14.588581462000036 ], [ -92.055479849999983, 14.588266321000049 ], [ -92.053954253999962, 14.587322671000038 ], [ -92.053474213999948, 14.587007779000032 ], [ -92.053158460999953, 14.586809730000027 ], [ -92.050807212999985, 14.585334936000038 ], [ -92.050820172999977, 14.584567020000065 ], [ -92.050859628999945, 14.582454142000074 ], [ -92.050920691999977, 14.579944391000026 ], [ -92.050930179999966, 14.578707327000075 ], [ -92.050970113999938, 14.577499512000031 ], [ -92.051039205999984, 14.575272450000057 ], [ -92.051080006999939, 14.574188330000027 ], [ -92.050249741999949, 14.571354623000047 ], [ -92.049964173999967, 14.570302119000075 ], [ -92.049129458999971, 14.567692272000045 ], [ -92.048623785999951, 14.56609542700005 ], [ -92.048611150999989, 14.566055526000071 ], [ -92.048989130999985, 14.565784682000071 ], [ -92.049704946999952, 14.565581362000046 ], [ -92.049715330999959, 14.565578282000047 ], [ -92.051234363999981, 14.565127736000022 ], [ -92.053093317999981, 14.564585254000065 ], [ -92.05350961299996, 14.564441117000058 ], [ -92.054321456999958, 14.563781880000022 ], [ -92.054816230999961, 14.563380678000044 ], [ -92.055199530999971, 14.56308096600003 ], [ -92.05504648499999, 14.562816912000073 ], [ -92.055504198999984, 14.562542906000033 ], [ -92.055951568999944, 14.56165635900004 ], [ -92.056300175999979, 14.561347735000027 ], [ -92.057437909999976, 14.563177991000032 ], [ -92.057873941999958, 14.563770982000051 ], [ -92.058024099999955, 14.563975191000054 ], [ -92.058634028999961, 14.564707436000049 ], [ -92.060781063999968, 14.567266475000054 ], [ -92.062824068999987, 14.566264008000076 ], [ -92.064910102999988, 14.565337037000063 ], [ -92.065506859999971, 14.565056192000043 ], [ -92.066971385999977, 14.564565652000056 ], [ -92.06733331099997, 14.564444424000044 ], [ -92.067107211999939, 14.563502047000043 ], [ -92.066620996999973, 14.561449135000032 ], [ -92.06655554799994, 14.561111083000071 ], [ -92.066725933999976, 14.56040635100004 ], [ -92.06703373199997, 14.55908776900003 ], [ -92.067166681999936, 14.558638862000066 ], [ -92.067188209999983, 14.558615579000048 ], [ -92.067204832999948, 14.558597603000067 ], [ -92.067317076999984, 14.558476213000063 ], [ -92.067895545999988, 14.558177815000022 ], [ -92.068269525999938, 14.558039828000062 ], [ -92.068489570999986, 14.557982232000029 ], [ -92.069289158999936, 14.557697235000035 ], [ -92.069735080999976, 14.557470407000039 ], [ -92.070598240999971, 14.556972190000067 ], [ -92.070985856999982, 14.556747305000044 ], [ -92.07235736199999, 14.555709229000058 ], [ -92.074972207999963, 14.553833289000067 ], [ -92.076611115999981, 14.554249964000064 ], [ -92.076642223999954, 14.554261049000047 ], [ -92.078122071999985, 14.552305537000052 ], [ -92.07824995499999, 14.552111123000032 ], [ -92.078292188999967, 14.551970577000077 ], [ -92.078304978999938, 14.551855627000066 ], [ -92.07829598, 14.551781662000053 ], [ -92.078290618999972, 14.551749696000059 ], [ -92.07823760399998, 14.551452096000048 ], [ -92.078114169999935, 14.550981153000066 ], [ -92.078034140999989, 14.550761833000024 ], [ -92.077989273999947, 14.550513723000051 ], [ -92.077985867999985, 14.550351301000035 ], [ -92.078027760999987, 14.550166647000026 ], [ -92.078119773999958, 14.549979664000034 ], [ -92.078271578999988, 14.549708790000068 ], [ -92.078512750999948, 14.549181443000066 ], [ -92.078758802999971, 14.548702659000071 ], [ -92.07902781699994, 14.548277728000073 ], [ -92.079059012999949, 14.548157265000043 ], [ -92.079142683999976, 14.547834177000027 ], [ -92.079302059999975, 14.546915918000025 ], [ -92.079722219999951, 14.546944460000077 ], [ -92.081527808999965, 14.547388897000076 ], [ -92.082038239999974, 14.546897686000023 ], [ -92.08309759299999, 14.546199383000044 ], [ -92.083575696999958, 14.545557577000068 ], [ -92.083608509999976, 14.545481224000071 ], [ -92.080527811999957, 14.544666642000038 ], [ -92.080727155999966, 14.544198739000024 ], [ -92.081268186999978, 14.542928815000039 ], [ -92.08133335399998, 14.542944402000046 ], [ -92.081760133999978, 14.543067441000062 ], [ -92.084416689999955, 14.543833290000066 ], [ -92.084390222999957, 14.542114996000066 ], [ -92.08438887899996, 14.542027758000074 ], [ -92.084414005999975, 14.541981784000029 ], [ -92.084805589999974, 14.541361100000074 ], [ -92.085094266999988, 14.54146937400003 ], [ -92.085124470999972, 14.541481619000024 ], [ -92.085250043999963, 14.541527802000076 ], [ -92.085304121999968, 14.541645573000039 ], [ -92.086277294999945, 14.543431300000066 ], [ -92.086388850999981, 14.543611100000021 ], [ -92.087166682999964, 14.543861116000073 ], [ -92.087356778999947, 14.542303638000021 ], [ -92.087450590999936, 14.541953579000051 ], [ -92.088065564999965, 14.540903218000039 ], [ -92.088100409999981, 14.540781216000028 ], [ -92.087978647999989, 14.540521115000047 ], [ -92.087380977999942, 14.540065438000056 ], [ -92.087008242999957, 14.539670361000049 ], [ -92.086998620999964, 14.539461426000059 ], [ -92.086975434999943, 14.538957958000026 ], [ -92.086975911999957, 14.538940792000062 ], [ -92.086972254999978, 14.538888890000067 ], [ -92.087024139999983, 14.538484366000034 ], [ -92.087122586999953, 14.538298151000049 ], [ -92.087467868999966, 14.538193587000023 ], [ -92.088544488999958, 14.537992520000046 ], [ -92.089464161999956, 14.537853747000042 ], [ -92.091489326999977, 14.536925513000028 ], [ -92.091638900999953, 14.536944427000037 ], [ -92.092515355999979, 14.537073163000059 ], [ -92.092586773999983, 14.537087303000021 ], [ -92.092874433999953, 14.537387814000056 ], [ -92.093547624999985, 14.538091073000032 ], [ -92.094522921999953, 14.537488034000035 ], [ -92.095589959999984, 14.537030154000036 ], [ -92.096437938999941, 14.536692115000051 ], [ -92.096603175999974, 14.536656574000062 ], [ -92.096856756999955, 14.536601832000031 ], [ -92.097236080999949, 14.536373939000043 ], [ -92.097295963999954, 14.53625726000007 ], [ -92.097356907999938, 14.536147808000067 ], [ -92.097081794999951, 14.53590289300007 ], [ -92.09651551099995, 14.535398764000035 ], [ -92.096192769999959, 14.53508221800007 ], [ -92.096046412999954, 14.534910921000062 ], [ -92.095985903999974, 14.534694862000038 ], [ -92.095951025999966, 14.534569668000074 ], [ -92.095845731999987, 14.534121503000051 ], [ -92.095861049999939, 14.533728215000053 ], [ -92.095934688999989, 14.533246174000055 ], [ -92.096042290999947, 14.533073147000039 ], [ -92.096172032999959, 14.532950624000023 ], [ -92.096603845999937, 14.532695834000037 ], [ -92.096937547999971, 14.532602662000045 ], [ -92.097400643999947, 14.532501911000054 ], [ -92.097937520999949, 14.532321539000066 ], [ -92.098365177999938, 14.532088897000051 ], [ -92.09876116099997, 14.531656198000064 ], [ -92.099061498999959, 14.531377301000077 ], [ -92.09953756699997, 14.531150217000061 ], [ -92.099803021999946, 14.531065940000076 ], [ -92.100414189999981, 14.531126561000065 ], [ -92.100972125999988, 14.531352476000052 ], [ -92.101367569999979, 14.531685526000047 ], [ -92.101751260999947, 14.53206577800006 ], [ -92.102091650999967, 14.532310847000076 ], [ -92.102758429999938, 14.532536012000037 ], [ -92.103097123999987, 14.532545476000053 ], [ -92.10317102099998, 14.532519870000044 ], [ -92.103374586999962, 14.532449332000056 ], [ -92.103717457999949, 14.532199590000062 ], [ -92.103890598999953, 14.531892106000043 ], [ -92.103897723999978, 14.531713378000063 ], [ -92.103905223999959, 14.531525239000075 ], [ -92.103884438999955, 14.53103804400007 ], [ -92.103833050999981, 14.530620179000039 ], [ -92.103501102999985, 14.52986848200004 ], [ -92.10320552099995, 14.529128317000072 ], [ -92.103014131999942, 14.528581820000056 ], [ -92.10295767599996, 14.528299468000057 ], [ -92.102943121999942, 14.527957926000056 ], [ -92.103056008999943, 14.527680306000036 ], [ -92.103146177999974, 14.527551907000031 ], [ -92.103427661999945, 14.527230096000039 ], [ -92.10367593899997, 14.526911840000025 ], [ -92.103798973999972, 14.52673276400003 ], [ -92.103845603999957, 14.526490939000041 ], [ -92.103855021999948, 14.526119781000034 ], [ -92.10386325099995, 14.525583701000073 ], [ -92.103925301999936, 14.524964786000055 ], [ -92.104005832999974, 14.524392869000053 ], [ -92.10447235099997, 14.523682832000077 ], [ -92.10493852799999, 14.522925673000032 ], [ -92.105158827999958, 14.522601044000055 ], [ -92.105224501999942, 14.52233467800005 ], [ -92.105149651999966, 14.522017110000036 ], [ -92.10502719699997, 14.521805895000057 ], [ -92.104808425999977, 14.521654242000068 ], [ -92.104432961999976, 14.521574346000023 ], [ -92.104131412999948, 14.521682436000049 ], [ -92.103746784999942, 14.522009038000022 ], [ -92.103416487999937, 14.522323487000051 ], [ -92.103073206999966, 14.522514326000078 ], [ -92.102735291999977, 14.522610882000038 ], [ -92.102360420999958, 14.522613444000058 ], [ -92.102015229999949, 14.522539228000028 ], [ -92.101607370999943, 14.522159139000053 ], [ -92.101406189999977, 14.521930788000077 ], [ -92.101409608999973, 14.521565560000056 ], [ -92.10140596399998, 14.521059012000023 ], [ -92.101359697999953, 14.520511522000049 ], [ -92.101339439999947, 14.520217141000046 ], [ -92.101337278999949, 14.519916746000035 ], [ -92.101371748999952, 14.519800553000039 ], [ -92.101444430999948, 14.519555551000053 ], [ -92.101696210999989, 14.519528595000054 ], [ -92.101893174999987, 14.519389498000066 ], [ -92.102203851999946, 14.519332274000021 ], [ -92.102511042999936, 14.519281962000036 ], [ -92.102843101999952, 14.519248699000059 ], [ -92.103089950999959, 14.519164360000048 ], [ -92.103357785999947, 14.519048884000028 ], [ -92.103691915999946, 14.518812421000064 ], [ -92.10393411199999, 14.518573142000037 ], [ -92.104287910999972, 14.518123027000058 ], [ -92.104515494999987, 14.517818416000068 ], [ -92.104812484999968, 14.517334251000023 ], [ -92.10502889199995, 14.516950508000036 ], [ -92.105174997999939, 14.516622347000066 ], [ -92.105303279999987, 14.516273645000069 ], [ -92.10546643899994, 14.515859271000068 ], [ -92.105612071999985, 14.515465681000023 ], [ -92.105722430999947, 14.515082663000044 ], [ -92.105801223999947, 14.514734300000043 ], [ -92.10590132499999, 14.514399565000076 ], [ -92.10599687199999, 14.513923666000039 ], [ -92.106015770999988, 14.51360326300005 ], [ -92.106007459999944, 14.513431130000072 ], [ -92.10595932199999, 14.513128405000032 ], [ -92.105911009999943, 14.512801574000036 ], [ -92.105824584999937, 14.512581762000025 ], [ -92.105634731999942, 14.512235237000027 ], [ -92.105363306999948, 14.511851388000025 ], [ -92.105127503999938, 14.511505176000071 ], [ -92.104966874999946, 14.511289315000056 ], [ -92.104766717999951, 14.510984185000041 ], [ -92.104655675999936, 14.510781760000043 ], [ -92.104580254999973, 14.510616973000026 ], [ -92.104535579999947, 14.510303892000024 ], [ -92.104519380999989, 14.510018167000055 ], [ -92.104495344999975, 14.509625737000022 ], [ -92.104518822999978, 14.50944994200006 ], [ -92.104549940999959, 14.509353303000069 ], [ -92.104630793999945, 14.509290762000035 ], [ -92.104775817999951, 14.509303545000023 ], [ -92.105041594999989, 14.509394710000038 ], [ -92.10538194899999, 14.50953357800006 ], [ -92.105697907999968, 14.509720826000034 ], [ -92.105786599999988, 14.509764989000075 ], [ -92.106062658999974, 14.509811313000057 ], [ -92.106486780999944, 14.509801522000032 ], [ -92.10709065399999, 14.50971818000005 ], [ -92.107818067999972, 14.509609883000053 ], [ -92.108104134999962, 14.509573485000033 ], [ -92.108248711999977, 14.50952428100004 ], [ -92.108329264999952, 14.509420415000022 ], [ -92.108374296999955, 14.509292686000038 ], [ -92.108340569999939, 14.509027744000036 ], [ -92.108233109999958, 14.508832184000028 ], [ -92.108080195999946, 14.508705811000027 ], [ -92.107829129999971, 14.508693756000071 ], [ -92.107623915999966, 14.508667611000021 ], [ -92.107442898999977, 14.508565537000038 ], [ -92.107261408999989, 14.508398034000038 ], [ -92.107101202999957, 14.508240716000046 ], [ -92.106954365999968, 14.507976548000045 ], [ -92.106910930999959, 14.507835650000061 ], [ -92.106909812999959, 14.507680686000072 ], [ -92.106957485999942, 14.507428962000063 ], [ -92.107081853999944, 14.507028629000047 ], [ -92.107312610999941, 14.506675781000069 ], [ -92.107736110999952, 14.506090878000066 ], [ -92.107981352999957, 14.505786143000023 ], [ -92.108237894999945, 14.505577757000026 ], [ -92.108516040999973, 14.505424324000046 ], [ -92.108727575999978, 14.505347111000049 ], [ -92.108989067999971, 14.505334987000026 ], [ -92.109211827999957, 14.505343792000076 ], [ -92.109166660999961, 14.504916617000049 ], [ -92.109067413999981, 14.504031332000068 ], [ -92.108423477999963, 14.503060633000075 ], [ -92.108109909999939, 14.502747064000062 ], [ -92.107193415999973, 14.502092425000058 ], [ -92.107347492999963, 14.501857088000065 ], [ -92.107632495999951, 14.501410321000037 ], [ -92.108039813999937, 14.500762116000033 ], [ -92.108687431999954, 14.501266420000036 ], [ -92.109033864999958, 14.501627077000023 ], [ -92.10936843799999, 14.501969979000023 ], [ -92.109697366999967, 14.502308169000059 ], [ -92.110023404999936, 14.50259916400006 ], [ -92.110388006999983, 14.502932138000062 ], [ -92.110539243999938, 14.503035471000032 ], [ -92.110950259999981, 14.503084836000028 ], [ -92.111534713999959, 14.503133010000056 ], [ -92.111916595999958, 14.503033473000073 ], [ -92.113004202999946, 14.502469364000035 ], [ -92.114556643999947, 14.501638644000025 ], [ -92.114732894999975, 14.501675128000045 ], [ -92.114927101999967, 14.501723071000072 ], [ -92.115111658999979, 14.501848537000058 ], [ -92.11523419599996, 14.50206429900004 ], [ -92.115460069999983, 14.502410234000024 ], [ -92.115758598999946, 14.502775958000029 ], [ -92.116084481999962, 14.503044580000051 ], [ -92.116312615999959, 14.503199564000056 ], [ -92.116686762999962, 14.503440517000058 ], [ -92.117034539999963, 14.503562372000033 ], [ -92.117499695999982, 14.50369087200005 ], [ -92.117854943999987, 14.503787824000028 ], [ -92.118406549999975, 14.503878451000048 ], [ -92.118889000999957, 14.503929795000033 ], [ -92.119345983999949, 14.503986283000074 ], [ -92.119828363999943, 14.50402768400005 ], [ -92.120339015999946, 14.504098710000051 ], [ -92.120721906999961, 14.504138312000066 ], [ -92.120980090999979, 14.504216049000036 ], [ -92.122470064999959, 14.505094218000067 ], [ -92.124354619999963, 14.506480658000044 ], [ -92.125282205999952, 14.506827657000031 ], [ -92.126125368999965, 14.507204688000058 ], [ -92.127192746999981, 14.507650846000047 ], [ -92.128175227999975, 14.508062245000076 ], [ -92.128538537999987, 14.508136299000057 ], [ -92.129209755999966, 14.508149311000068 ], [ -92.129447553999967, 14.50817177600004 ], [ -92.129874116999986, 14.508204722000073 ], [ -92.130265752999946, 14.508289074000061 ], [ -92.130668320999973, 14.508340697000051 ], [ -92.131002904999946, 14.508262184000046 ], [ -92.131269503999988, 14.508053535000045 ], [ -92.131411303999982, 14.507584537000071 ], [ -92.131926540999984, 14.50776598300007 ], [ -92.132611183999984, 14.508196582000039 ], [ -92.133261835999974, 14.50856211100006 ], [ -92.133624300999941, 14.50871763300006 ], [ -92.133810989999972, 14.508797736000076 ], [ -92.13424779199994, 14.508947071000023 ], [ -92.134696005999956, 14.509128977000046 ], [ -92.135063703999947, 14.508995808000066 ], [ -92.135307556999976, 14.508732893000058 ], [ -92.135516216999974, 14.508241659000078 ], [ -92.136101983999936, 14.507377742000074 ], [ -92.13631449799999, 14.506956150000065 ], [ -92.136487382999974, 14.50661317600003 ], [ -92.136977158999969, 14.506370313000048 ], [ -92.137602428999969, 14.506322415000056 ], [ -92.138061489999984, 14.506460704000062 ], [ -92.138510260999965, 14.506718787000068 ], [ -92.13857094399998, 14.506780949000074 ], [ -92.138847960999954, 14.507064717000048 ], [ -92.139373971999987, 14.507191651000028 ], [ -92.139550869999937, 14.506940084000064 ], [ -92.139613652999969, 14.50636279500003 ], [ -92.139594791999968, 14.50531806500004 ], [ -92.13957729399999, 14.504458354000064 ], [ -92.139757150999969, 14.504119556000035 ], [ -92.139797672999975, 14.504043224000043 ], [ -92.140354866999985, 14.503854303000026 ], [ -92.141059207999945, 14.503925569000046 ], [ -92.141101420999973, 14.503940386000068 ], [ -92.141910456999938, 14.504224367000063 ], [ -92.14233640399999, 14.504417299000067 ], [ -92.142704247999973, 14.504305886000054 ], [ -92.142924379999954, 14.503858103000027 ], [ -92.142907912999988, 14.503139877000024 ], [ -92.142290559999935, 14.501228619000074 ], [ -92.142406301999983, 14.500259137000057 ], [ -92.142837956999983, 14.499711920000038 ], [ -92.143325543999936, 14.499175194000031 ], [ -92.143632709999963, 14.498411167000029 ], [ -92.143777762999946, 14.497666627000058 ], [ -92.143422007999959, 14.49710656700006 ], [ -92.143015287999958, 14.496489026000063 ], [ -92.142522012999962, 14.496253029000059 ], [ -92.141783061999945, 14.496029633000035 ], [ -92.141573815999948, 14.494920930000035 ], [ -92.141511087999959, 14.493795659000057 ], [ -92.142058353999971, 14.493760455000029 ], [ -92.142058973999951, 14.493760415000054 ], [ -92.142059548999953, 14.493760576000057 ], [ -92.142279798999937, 14.493822227000067 ], [ -92.142596193999964, 14.49391078900004 ], [ -92.142715953999982, 14.493944311000064 ], [ -92.143308604999959, 14.494149598000035 ], [ -92.143751949999967, 14.494513003000066 ], [ -92.143978648999962, 14.494647548000046 ], [ -92.144256537999979, 14.494436170000029 ], [ -92.144350021999969, 14.493995708000057 ], [ -92.144335490999936, 14.493482700000072 ], [ -92.144386061999967, 14.49305301000004 ], [ -92.144749385999944, 14.492767732000061 ], [ -92.14509144699997, 14.492514018000065 ], [ -92.14545577399997, 14.492364864000024 ], [ -92.145767755999941, 14.492404565000072 ], [ -92.146285403999968, 14.492641785000046 ], [ -92.146661869999946, 14.492681033000054 ], [ -92.146794572999966, 14.492664879000074 ], [ -92.147090679999963, 14.492531425000038 ], [ -92.14736933599994, 14.492424755000059 ], [ -92.147680775999959, 14.492391156000053 ], [ -92.148099069999944, 14.49227303400005 ], [ -92.148311615999944, 14.491946923000057 ], [ -92.148202440999967, 14.491717314000027 ], [ -92.14799592199995, 14.491404614000032 ], [ -92.147800613999948, 14.491154666000057 ], [ -92.147879400999955, 14.491054116000043 ], [ -92.147916642999974, 14.490944450000029 ], [ -92.147972218999939, 14.490972164000027 ], [ -92.148082263999981, 14.490837561000035 ], [ -92.148491886999977, 14.49052623700004 ], [ -92.148933930999988, 14.490350353000053 ], [ -92.148986783999987, 14.49032214500005 ], [ -92.149455823999972, 14.490071810000074 ], [ -92.149818192999987, 14.490022144000022 ], [ -92.150068296999962, 14.490051803000028 ], [ -92.150335219999988, 14.490175587000067 ], [ -92.15043310599998, 14.490331974000071 ], [ -92.150437194999938, 14.490448293000043 ], [ -92.150460832999954, 14.490810854000074 ], [ -92.150521030999982, 14.491214549000063 ], [ -92.150528686999962, 14.491265892000058 ], [ -92.150635854999962, 14.491587141000025 ], [ -92.150766623999971, 14.491829687000063 ], [ -92.151017137999986, 14.491914317000067 ], [ -92.151338740999961, 14.491802105000033 ], [ -92.151720739999973, 14.491493781000031 ], [ -92.151731375999987, 14.491485197000031 ], [ -92.151994577999972, 14.491106369000022 ], [ -92.152234469999939, 14.490845511000032 ], [ -92.152563375999989, 14.490631148000034 ], [ -92.152918032999935, 14.490628653000044 ], [ -92.153064050999944, 14.490753285000039 ], [ -92.153066786999943, 14.491122389000054 ], [ -92.152932495999949, 14.491492457000049 ], [ -92.152789214999984, 14.492059512000026 ], [ -92.15271761799994, 14.492711581000037 ], [ -92.152702236999971, 14.493214326000043 ], [ -92.152896059999989, 14.493585285000051 ], [ -92.153452214999959, 14.493860613000038 ], [ -92.153857778999964, 14.494028105000041 ], [ -92.154161360999979, 14.494153479000033 ], [ -92.154774698999972, 14.494409785000073 ], [ -92.155405210999959, 14.49440534200005 ], [ -92.155707733999975, 14.493975039000077 ], [ -92.155912374999957, 14.493228952000038 ], [ -92.15586932399998, 14.492577691000065 ], [ -92.155731571999979, 14.492038794000052 ], [ -92.15546146, 14.491686991000051 ], [ -92.155247284999973, 14.491148632000034 ], [ -92.155052355999942, 14.490628754000056 ], [ -92.155134152999949, 14.490214734000062 ], [ -92.155144432999975, 14.490162702000077 ], [ -92.15539156799997, 14.489993415000072 ], [ -92.155754306999938, 14.489953627000034 ], [ -92.156444058999966, 14.490209391000064 ], [ -92.157174375999944, 14.490781341000059 ], [ -92.158211086999984, 14.49144420600004 ], [ -92.158480410999971, 14.491630842000063 ], [ -92.158902506999937, 14.491923344000043 ], [ -92.159552254999937, 14.491937371000063 ], [ -92.159875119999981, 14.491674465000074 ], [ -92.159757019999972, 14.491209897000033 ], [ -92.15954200499999, 14.490559853000036 ], [ -92.159517219999941, 14.489796768000076 ], [ -92.15967451099999, 14.489445108000041 ], [ -92.159817928999985, 14.489124464000042 ], [ -92.160211820999962, 14.488918722000051 ], [ -92.160670687999982, 14.488838906000069 ], [ -92.161063319999982, 14.488794900000073 ], [ -92.161170111999979, 14.488673843000072 ], [ -92.161249983999937, 14.488583301000062 ], [ -92.162472226999967, 14.487416634000056 ], [ -92.162907417999975, 14.486952425000027 ], [ -92.163198665999971, 14.486641755000051 ], [ -92.163305511999965, 14.486527784000032 ], [ -92.16355098799994, 14.486154990000045 ], [ -92.16372185299997, 14.485911496000028 ], [ -92.164110278999942, 14.486114905000022 ], [ -92.164602219999949, 14.486417713000037 ], [ -92.165428228999986, 14.486930202000053 ], [ -92.166175609999982, 14.487437354000065 ], [ -92.166965705999985, 14.487997213000028 ], [ -92.167415558999949, 14.48832976500006 ], [ -92.167573481999966, 14.48842877800007 ], [ -92.168089877999989, 14.488766746000067 ], [ -92.168679169999962, 14.489151317000051 ], [ -92.169297463999953, 14.489597106000076 ], [ -92.170186141999977, 14.490177290000076 ], [ -92.170842379999954, 14.490620281000076 ], [ -92.171467643999961, 14.490963356000066 ], [ -92.171868925999945, 14.491266792000033 ], [ -92.172556014999941, 14.491792021000037 ], [ -92.172975478999945, 14.492101216000037 ], [ -92.173461310999983, 14.492392266000024 ], [ -92.173801968999953, 14.492672569000035 ], [ -92.17404550399999, 14.492900552000037 ], [ -92.17420515799995, 14.493229266000071 ], [ -92.180213157999958, 14.496933915000056 ], [ -92.180668376999961, 14.497112163000054 ], [ -92.181160140999964, 14.497385483000073 ], [ -92.181639725999958, 14.497647107000034 ], [ -92.18202249699999, 14.497897644000034 ], [ -92.182556491999947, 14.498158877000037 ], [ -92.183168767999973, 14.498378317000061 ], [ -92.183738993999953, 14.498633397000049 ], [ -92.184339492999982, 14.498894149000023 ], [ -92.185067480999976, 14.499224666000032 ], [ -92.185983814999986, 14.499677523000059 ], [ -92.187125263999974, 14.500274224000066 ], [ -92.187561826999968, 14.500484921000066 ], [ -92.187531637999939, 14.500517573000025 ], [ -92.186764140999969, 14.50184009700007 ], [ -92.185586562999958, 14.503869223000038 ], [ -92.185277791999965, 14.504333294000048 ], [ -92.185277822999979, 14.50583333000003 ], [ -92.184962713999937, 14.506313749000071 ], [ -92.184611600999972, 14.506787483000039 ], [ -92.184195603999967, 14.507209326000066 ], [ -92.183638902999974, 14.507555495000076 ], [ -92.182166801999983, 14.50898307600005 ], [ -92.180924231999938, 14.509546966000073 ], [ -92.179422992999946, 14.510018458000047 ], [ -92.178362808999964, 14.510539144000063 ], [ -92.177604905999942, 14.511235679000038 ], [ -92.176838536999981, 14.512235946000033 ], [ -92.176759849999939, 14.512508227000069 ], [ -92.176656818999959, 14.513797491000048 ], [ -92.176578954999968, 14.514876608000066 ], [ -92.176209467999968, 14.51576932200004 ], [ -92.175239017999957, 14.516791986000044 ], [ -92.174324899999988, 14.51815980300006 ], [ -92.17369783099997, 14.519106711000063 ], [ -92.172464779999984, 14.520948014000055 ], [ -92.170888623999986, 14.522963102000062 ], [ -92.168831194999939, 14.526550414000042 ], [ -92.168375737999952, 14.527532292000046 ], [ -92.167760309999949, 14.528604763000033 ], [ -92.167101959999968, 14.529688010000029 ], [ -92.166473731999986, 14.530488311000056 ], [ -92.16535033599996, 14.531197886000029 ], [ -92.164195547999952, 14.532022866000034 ], [ -92.161895164999976, 14.533441023000023 ], [ -92.159850392999942, 14.534598263000078 ], [ -92.158733741999981, 14.535152053000047 ], [ -92.157461656999942, 14.535735626000076 ], [ -92.156073765999963, 14.53641689400007 ], [ -92.154495465999958, 14.537285437000037 ], [ -92.152900184999964, 14.538155365000023 ], [ -92.152014047999955, 14.538978397000051 ], [ -92.15098971599997, 14.540011831000072 ], [ -92.15056478799994, 14.540695477000043 ], [ -92.150334158999954, 14.54108427500006 ], [ -92.149759943999982, 14.542334711000024 ], [ -92.149713813999938, 14.543361249000043 ], [ -92.149613390999946, 14.544314868000072 ], [ -92.149446680999972, 14.545028108000054 ], [ -92.148949996999988, 14.545990115000052 ], [ -92.14840974699996, 14.547265853000056 ], [ -92.148068516999956, 14.549090307000029 ], [ -92.147749793999935, 14.551050733000068 ], [ -92.147752408999963, 14.552851823000026 ], [ -92.147941534999973, 14.55370915900005 ], [ -92.148680405999983, 14.554761581000037 ], [ -92.149545720999981, 14.55546754900007 ], [ -92.150766723999936, 14.555965854000021 ], [ -92.151604487999975, 14.556186034000064 ], [ -92.152466308999976, 14.556420795000065 ], [ -92.153041536999979, 14.557149739000067 ], [ -92.15311711399994, 14.558636162000028 ], [ -92.152463681999961, 14.560399996000058 ], [ -92.151742541999965, 14.561734974000046 ], [ -92.151278008999952, 14.56287965100006 ], [ -92.150419840999973, 14.564903005000076 ], [ -92.14894271299994, 14.56685492500003 ], [ -92.145091626999942, 14.571128048000048 ], [ -92.144828381999957, 14.571731679000038 ], [ -92.144869645999961, 14.572946089000027 ], [ -92.145038872999976, 14.57413506000006 ], [ -92.145389018999936, 14.574837785000057 ], [ -92.145844537999949, 14.575368626000056 ], [ -92.14625222799998, 14.575612188000036 ], [ -92.147239299999967, 14.576169607000054 ], [ -92.147927247999974, 14.576390632000027 ], [ -92.148746609999989, 14.576688528000034 ], [ -92.149891008999987, 14.577319214000056 ], [ -92.150736368999958, 14.57814440900006 ], [ -92.151418579999984, 14.578868680000028 ], [ -92.151513415999943, 14.579083345000072 ], [ -92.151759211999945, 14.579850595000039 ], [ -92.151742327999955, 14.580454750000058 ], [ -92.151201318999938, 14.581456681000077 ], [ -92.150694057999942, 14.582643548000021 ], [ -92.14997464299995, 14.584219359000031 ], [ -92.149335775999987, 14.585061593000034 ], [ -92.148739209999974, 14.58580928300006 ], [ -92.148282724999945, 14.586597870000048 ], [ -92.14804322399999, 14.587646713000026 ], [ -92.148020317999965, 14.588903458000061 ], [ -92.148310312999968, 14.590304596000067 ], [ -92.148662563999949, 14.591401619000067 ], [ -92.148904567999978, 14.592132916000025 ], [ -92.149518309999962, 14.593688837000059 ], [ -92.150134715999968, 14.595600768000054 ], [ -92.150506305999954, 14.596552578000058 ], [ -92.150714659999949, 14.596947492000027 ], [ -92.150957928999958, 14.597846321000077 ], [ -92.151021220999951, 14.599123397000028 ], [ -92.151029813999969, 14.600275201000045 ], [ -92.15082343499995, 14.601438999000038 ], [ -92.150100616999964, 14.602564563000044 ], [ -92.149326180999935, 14.603498513000034 ], [ -92.148614211999984, 14.604170708000026 ], [ -92.146517813999935, 14.605668503000061 ], [ -92.144818452999971, 14.606588024000075 ], [ -92.143621188999987, 14.607545883000057 ], [ -92.142225058999941, 14.608756454000059 ], [ -92.140711435999947, 14.609967267000059 ], [ -92.140316910999957, 14.610529102000044 ], [ -92.139337358999967, 14.611848424000073 ], [ -92.138373892999937, 14.613404986000035 ], [ -92.138198658999954, 14.613773945000048 ], [ -92.137583562999964, 14.615910907000057 ], [ -92.137564626999961, 14.615989905000049 ], [ -92.137436334999961, 14.616525115000059 ], [ -92.137388559999977, 14.616850505000059 ], [ -92.137375153999983, 14.616946152000025 ], [ -92.137125081999955, 14.616823108000062 ] ] ] ] } },
{ "type": "Feature", "properties": { "Codigo": 1305, "datos_finales_color_riesgo": "fe9181" }, "geometry": { "type": "MultiPolygon", "coordinates": [ [ [ [ -91.536456194999971, 15.869724697000038 ], [ -91.539328551999972, 15.868944239000029 ], [ -91.54798571799995, 15.864247351000074 ], [ -91.554275299999972, 15.862191482000071 ], [ -91.564848316999985, 15.85989496600007 ], [ -91.579370565999966, 15.857895001000031 ], [ -91.588369074999946, 15.856040003000032 ], [ -91.596728144999986, 15.855322681000075 ], [ -91.603719255999977, 15.854009863000044 ], [ -91.616479589999983, 15.853130287000056 ], [ -91.625997930999972, 15.853215720000037 ], [ -91.650631895999936, 15.852348087000053 ], [ -91.659233335999943, 15.852635358000043 ], [ -91.666115243999968, 15.851725413000054 ], [ -91.668289902999959, 15.850895955000055 ], [ -91.672459144999948, 15.849191805000032 ], [ -91.679429634999963, 15.844598786000063 ], [ -91.680626985999936, 15.843453669000041 ], [ -91.681829301999983, 15.841541435000067 ], [ -91.684734151999976, 15.835164334000069 ], [ -91.687828313999944, 15.830436724000037 ], [ -91.690612686999941, 15.828213125000048 ], [ -91.694528403999982, 15.826543124000068 ], [ -91.707689710999944, 15.825286463000054 ], [ -91.709434660999989, 15.824702560000048 ], [ -91.715292284999975, 15.821161418000031 ], [ -91.720074327999953, 15.816039911000075 ], [ -91.722145781999984, 15.813899787000025 ], [ -91.728792867999971, 15.809152834000031 ], [ -91.733614389999957, 15.807809381000027 ], [ -91.739581960999942, 15.802481886000066 ], [ -91.744283762999942, 15.797145761000024 ], [ -91.748665222999989, 15.792344348000029 ], [ -91.755164785999966, 15.790619105000076 ], [ -91.760777379999979, 15.791494034000038 ], [ -91.765826619999984, 15.793974527000046 ], [ -91.769452632999958, 15.796216367000056 ], [ -91.77314711799994, 15.800374765000072 ], [ -91.775891297999976, 15.804527756000027 ], [ -91.778553105999947, 15.809201116000054 ], [ -91.785094983999954, 15.814719857000057 ], [ -91.795764343999963, 15.819281772000068 ], [ -91.804913171999942, 15.824396367000077 ], [ -91.807387494999944, 15.825274322000041 ], [ -91.814507148999951, 15.825707658000056 ], [ -91.822334373999979, 15.824382013000047 ], [ -91.832737381999948, 15.82425857000004 ], [ -91.83556532099999, 15.824857905000044 ], [ -91.841083739999988, 15.829297337000071 ], [ -91.845826282999951, 15.832394743000066 ], [ -91.855460206999965, 15.835865926000054 ], [ -91.859089152999957, 15.835931373000051 ], [ -91.86088407699998, 15.835547610000049 ], [ -91.869268019999936, 15.834050329000036 ], [ -91.873219733999974, 15.833578265000028 ], [ -91.867761339999959, 15.843453233000048 ], [ -91.731247851999967, 16.073692136000034 ], [ -91.483404008999969, 16.073806474000037 ], [ -91.48444941799994, 16.071687772000075 ], [ -91.486042549999979, 16.070215741000027 ], [ -91.48735084399999, 16.06778143300005 ], [ -91.489751463999937, 16.064733483000055 ], [ -91.490331726999955, 16.063238450000028 ], [ -91.492970896999964, 16.059760586000039 ], [ -91.497485988999983, 16.055151447000071 ], [ -91.500026096999989, 16.05379438500006 ], [ -91.50002370499999, 16.051383556000076 ], [ -91.502369631999954, 16.049269321000054 ], [ -91.504718328999957, 16.046620719000032 ], [ -91.507035520999978, 16.041292170000077 ], [ -91.510832384999958, 16.023255447000054 ], [ -91.512631542999941, 16.01793901800005 ], [ -91.514365605999956, 16.015249852000068 ], [ -91.515149118999943, 16.012836530000072 ], [ -91.516788166999959, 16.011139712000045 ], [ -91.519980308999948, 16.006321978000074 ], [ -91.522474011999975, 16.004180234000046 ], [ -91.523950468999942, 16.003531751000025 ], [ -91.526563942999985, 16.001850575000049 ], [ -91.530229437999935, 15.997734078000065 ], [ -91.53478630799998, 15.99508772300004 ], [ -91.540770915999985, 15.993000012000039 ], [ -91.550319307999985, 15.988898128000073 ], [ -91.551775407999969, 15.987643758000047 ], [ -91.553948399999967, 15.983328068000048 ], [ -91.554209603999936, 15.979076331000044 ], [ -91.553445034999982, 15.976096569000049 ], [ -91.552077563999944, 15.973322881000058 ], [ -91.546182130999966, 15.966793882000047 ], [ -91.545568386999946, 15.964295262000064 ], [ -91.545229498999959, 15.957128131000047 ], [ -91.545516414999952, 15.944466753000029 ], [ -91.546342233999951, 15.941268364000052 ], [ -91.546348540999986, 15.939095902000076 ], [ -91.546951711999952, 15.937948757000072 ], [ -91.547594078999964, 15.930053885000063 ], [ -91.550676029999977, 15.91897368900004 ], [ -91.551698572999953, 15.913137478000067 ], [ -91.55200959299998, 15.902636255000061 ], [ -91.551667560999988, 15.891947626000047 ], [ -91.550904649999893, 15.886569404000056 ], [ -91.548130005999951, 15.881259028000045 ], [ -91.544782258999987, 15.877020294000033 ], [ -91.536456194999971, 15.869724697000038 ] ] ] ] } },
{ "type": "Feature", "properties": { "Codigo": 1616, "datos_finales_color_riesgo": "fe9181" }, "geometry": { "type": "MultiPolygon", "coordinates": [ [ [ [ -89.799943508999945, 15.34010932800004 ], [ -89.800371989999974, 15.319191325000077 ], [ -89.799960718999955, 15.299173164000024 ], [ -89.799672329999964, 15.289150479000057 ], [ -89.799379194999972, 15.279474205000042 ], [ -89.798964032999947, 15.263276274000077 ], [ -89.798635836999949, 15.241363226000033 ], [ -89.798323594999943, 15.232888627000023 ], [ -89.788446823999948, 15.234564498000054 ], [ -89.786112469999978, 15.234657469000069 ], [ -89.783855246999963, 15.235373372000026 ], [ -89.781445278999968, 15.236004672000035 ], [ -89.779650802999981, 15.234498218000056 ], [ -89.777052392999963, 15.233994801000051 ], [ -89.774790386999939, 15.232813401000044 ], [ -89.773031808999974, 15.231206980000024 ], [ -89.770414848999962, 15.231884842000056 ], [ -89.767645877999939, 15.232469069000047 ], [ -89.76552481899995, 15.231007477000048 ], [ -89.762584426999979, 15.229350095000029 ], [ -89.759802554999965, 15.228501892000054 ], [ -89.757605136999985, 15.227554890000022 ], [ -89.751199705999966, 15.229360485000029 ], [ -89.74382652099996, 15.231658553000045 ], [ -89.74555068899997, 15.223244277000049 ], [ -89.746930160999966, 15.217129469000042 ], [ -89.748293677999982, 15.210948947000077 ], [ -89.749958702999947, 15.205220798000028 ], [ -89.751575787999968, 15.199276369000074 ], [ -89.75233420699999, 15.196766129000025 ], [ -89.756469331999938, 15.193146708000029 ], [ -89.760376359999952, 15.189881656000068 ], [ -89.765339268999981, 15.185916182000028 ], [ -89.770436348999965, 15.180987556000048 ], [ -89.772180940999988, 15.178981143000044 ], [ -89.774464982999973, 15.176458781000065 ], [ -89.780672392999975, 15.172919234000062 ], [ -89.783248189999938, 15.171531767000033 ], [ -89.786167809999938, 15.169959569000071 ], [ -89.78737042399996, 15.169313116000069 ], [ -89.789825367999981, 15.169573840000055 ], [ -89.796269584999948, 15.169491802000039 ], [ -89.803784383999982, 15.169351414000062 ], [ -89.807053673999974, 15.165341556000044 ], [ -89.808816126999943, 15.163276335000035 ], [ -89.821475822999957, 15.169886213000041 ], [ -89.824912984999969, 15.17165360100006 ], [ -89.83874261699998, 15.166493894000041 ], [ -89.850470911999935, 15.162143569000023 ], [ -89.851690094999981, 15.161229468000045 ], [ -89.851910026999974, 15.161718991000043 ], [ -89.854525345999946, 15.162655055000073 ], [ -89.857844468999986, 15.163817616000074 ], [ -89.862002011999948, 15.165535829000078 ], [ -89.86380123899994, 15.167011221000053 ], [ -89.864590939999971, 15.16913394900007 ], [ -89.863866045999941, 15.171241234000036 ], [ -89.863228908999986, 15.173857636000037 ], [ -89.864425996999955, 15.176016519000029 ], [ -89.864742022999963, 15.178343716000029 ], [ -89.863721813999973, 15.181006699000022 ], [ -89.863911965999989, 15.183671870000069 ], [ -89.863477352999951, 15.185909598000023 ], [ -89.864402290999976, 15.18796650400003 ], [ -89.863858584999946, 15.190271559000053 ], [ -89.863658560999966, 15.190869219000035 ], [ -89.864168268999947, 15.190982422000047 ], [ -89.865698180999971, 15.191898777000063 ], [ -89.86656391799994, 15.192537249000054 ], [ -89.867263522999963, 15.193486046000032 ], [ -89.867782169999941, 15.194253994000064 ], [ -89.868002998999941, 15.194883479000055 ], [ -89.868164590999982, 15.195667898000067 ], [ -89.868140253999968, 15.196528732000047 ], [ -89.867856255999982, 15.197028162000038 ], [ -89.86709131799995, 15.19735385000007 ], [ -89.866397520999953, 15.197545083000023 ], [ -89.865744983999946, 15.198050660000035 ], [ -89.865457756999945, 15.198807377000037 ], [ -89.865379036999968, 15.199454133000074 ], [ -89.865392770999961, 15.200058160000026 ], [ -89.865517822999948, 15.200954937000063 ], [ -89.865659843999936, 15.20227632600006 ], [ -89.865735108999957, 15.203395883000042 ], [ -89.865815578999957, 15.204202872000053 ], [ -89.866058996999982, 15.204876694000063 ], [ -89.866117226999961, 15.205615654000042 ], [ -89.866150562999962, 15.206466005000038 ], [ -89.866069503999938, 15.207270741000059 ], [ -89.865782343999967, 15.207982311000023 ], [ -89.865428938999969, 15.208536070000036 ], [ -89.865099175999944, 15.209023566000042 ], [ -89.86463112399997, 15.209509134000029 ], [ -89.864117501999942, 15.209971490000044 ], [ -89.863697915999978, 15.210323419000076 ], [ -89.863365490999968, 15.210990332000051 ], [ -89.863420066999936, 15.211975289000065 ], [ -89.863663864999978, 15.214193129000023 ], [ -89.863765995999984, 15.215067011000031 ], [ -89.864012722999973, 15.215517408000039 ], [ -89.864973652999936, 15.215933756000027 ], [ -89.865524522999976, 15.216097200000036 ], [ -89.866097124999953, 15.216284648000055 ], [ -89.866828875999943, 15.216675219000024 ], [ -89.86704707399997, 15.217483002000051 ], [ -89.866900496999961, 15.218040774000031 ], [ -89.865936057999988, 15.219391873000063 ], [ -89.865506527999969, 15.220414090000077 ], [ -89.865315374999966, 15.220880946000023 ], [ -89.865073421999966, 15.221638286000029 ], [ -89.864876967999976, 15.222462853000025 ], [ -89.864705074999961, 15.223198601000036 ], [ -89.86446336299997, 15.223978515000056 ], [ -89.864151598999968, 15.224778897000022 ], [ -89.863817487999938, 15.225557521000042 ], [ -89.863250618999984, 15.226511219000031 ], [ -89.862401165999984, 15.227863899000056 ], [ -89.861834951999981, 15.228772453000033 ], [ -89.861523732999956, 15.229573966000032 ], [ -89.861389102999965, 15.230891485000029 ], [ -89.861458703999972, 15.233956770000077 ], [ -89.861636285999964, 15.234406204000038 ], [ -89.861996072999943, 15.234993625000072 ], [ -89.862380781999946, 15.235468529000059 ], [ -89.862720659999979, 15.235831067000049 ], [ -89.863334755999972, 15.23639834100004 ], [ -89.863760725999953, 15.23718758800004 ], [ -89.863493762999951, 15.238100329000076 ], [ -89.863073849999978, 15.238430797000035 ], [ -89.862588040999981, 15.238579757000025 ], [ -89.861500408999973, 15.238900881000063 ], [ -89.861463559999947, 15.239816837000035 ], [ -89.861640703999967, 15.240335113000071 ], [ -89.861931695999942, 15.240897871000072 ], [ -89.862283199999979, 15.242043864000038 ], [ -89.862480047999952, 15.242762189000075 ], [ -89.862556590999986, 15.243792597000038 ], [ -89.862546958999985, 15.244441442000038 ], [ -89.862417282999957, 15.245423819000052 ], [ -89.862241375999986, 15.246426993000057 ], [ -89.86223174099996, 15.247075838000058 ], [ -89.862265706999949, 15.247881048000067 ], [ -89.862484548999987, 15.248644826000032 ], [ -89.862725650999948, 15.249475507000056 ], [ -89.86276092099996, 15.250192700000071 ], [ -89.862655152999935, 15.251130264000039 ], [ -89.862362579999967, 15.252199523000058 ], [ -89.862147705999973, 15.252733756000055 ], [ -89.861841521999963, 15.253153846000032 ], [ -89.861284505999947, 15.25343723800006 ], [ -89.860746832999951, 15.25394437500006 ], [ -89.860459469999967, 15.254701063000027 ], [ -89.859995254999944, 15.256483480000043 ], [ -89.859784087999969, 15.258292014000062 ], [ -89.859763796999971, 15.259656274000065 ], [ -89.859887818999937, 15.260619629000075 ], [ -89.860173820999989, 15.261518661000025 ], [ -89.860415907999936, 15.262282771000059 ], [ -89.860474091999947, 15.263021727000023 ], [ -89.860348800999986, 15.263667819000034 ], [ -89.859756779999941, 15.264778017000026 ], [ -89.859516723999945, 15.265401053000062 ], [ -89.859393651999937, 15.265936569000075 ], [ -89.859385674999942, 15.266472567000051 ], [ -89.859488762999945, 15.267279874000053 ], [ -89.859707191999973, 15.268110242000034 ], [ -89.859926701999939, 15.268828889000076 ], [ -89.860328796999966, 15.269661832000054 ], [ -89.860505383999964, 15.270178976000068 ], [ -89.860583825999981, 15.271119118000058 ], [ -89.860521585999948, 15.272215297000059 ], [ -89.860719193999955, 15.272843343000034 ], [ -89.861127857999975, 15.273274579000031 ], [ -89.861834185999953, 15.273821723000026 ], [ -89.86274445, 15.274572626000065 ], [ -89.863519638999946, 15.275142176000031 ], [ -89.864366401999973, 15.275511827000059 ], [ -89.865194157999952, 15.275635159000046 ], [ -89.866161662999957, 15.275626136000028 ], [ -89.867014983999979, 15.275594064000074 ], [ -89.868006234999939, 15.275356246000058 ], [ -89.868846280999946, 15.274847687000033 ], [ -89.869678361999945, 15.274679868000021 ], [ -89.870553026999971, 15.274737247000076 ], [ -89.871358525999938, 15.274793655000053 ], [ -89.872184294999954, 15.275051247000022 ], [ -89.87305267399995, 15.275532906000024 ], [ -89.873808295999936, 15.275856102000034 ], [ -89.874563903999956, 15.276180426000053 ], [ -89.875162510999985, 15.276232804000074 ], [ -89.875829684999985, 15.276287264000075 ], [ -89.879981877999967, 15.275964828000042 ], [ -89.88240332099997, 15.275841685000046 ], [ -89.883695730999989, 15.275681354000028 ], [ -89.88464421599997, 15.275425934000054 ], [ -89.88529202899997, 15.275256618000071 ], [ -89.886010673999976, 15.274975420000032 ], [ -89.886517847999983, 15.274959901000045 ], [ -89.887024358999952, 15.274989521000066 ], [ -89.887828558999956, 15.275135018000071 ], [ -89.888630779999971, 15.275414798000043 ], [ -89.889366080999935, 15.275580776000027 ], [ -89.89014670499995, 15.275748511000074 ], [ -89.890883392999967, 15.275781321000068 ], [ -89.891827185999944, 15.275883596000028 ], [ -89.892539309999961, 15.276005225000063 ], [ -89.893111701999942, 15.276259224000057 ], [ -89.893936205999978, 15.276605889000052 ], [ -89.895267217999958, 15.276983281000071 ], [ -89.895980761999965, 15.277404022000042 ], [ -89.89586907599994, 15.277961173000051 ], [ -89.89581179399994, 15.27873240100007 ], [ -89.896052901999951, 15.285021411000059 ], [ -89.89610799799999, 15.285978174000036 ], [ -89.895959031999951, 15.286736844000075 ], [ -89.895125607999944, 15.286992775000044 ], [ -89.894481700999961, 15.28689466700007 ], [ -89.893975158999979, 15.286865060000025 ], [ -89.893074856999988, 15.286964297000054 ], [ -89.892678448999959, 15.287272562000055 ], [ -89.892302995999955, 15.287736878000032 ], [ -89.891923909999946, 15.288447197000039 ], [ -89.891635916999974, 15.289249074000054 ], [ -89.891484384999956, 15.290140884000039 ], [ -89.891428307999945, 15.290789098000062 ], [ -89.891419399999961, 15.291392820000056 ], [ -89.891501600999959, 15.292086976000064 ], [ -89.891768720999949, 15.292739681000057 ], [ -89.892108231999941, 15.293136055000048 ], [ -89.892607694999981, 15.293646390000049 ], [ -89.893063221999967, 15.294021801000042 ], [ -89.89329448899997, 15.294740600000068 ], [ -89.892997922999939, 15.29529517900005 ], [ -89.892312770999979, 15.295666020000056 ], [ -89.891175455999985, 15.296221321000075 ], [ -89.890083739999966, 15.296798693000028 ], [ -89.88933921499995, 15.297291725000036 ], [ -89.888778640999988, 15.297808759000077 ], [ -89.888357134999978, 15.298239690000059 ], [ -89.888061633999939, 15.298760414000071 ], [ -89.887618170999986, 15.299929193000025 ], [ -89.887293458999977, 15.301284728000041 ], [ -89.887407500999984, 15.302223122000044 ], [ -89.888177892999977, 15.302263197000059 ], [ -89.88889822799996, 15.302582484000027 ], [ -89.889828810999973, 15.303311023000049 ], [ -89.890394447999938, 15.303751180000063 ], [ -89.890963583999962, 15.303993866000042 ], [ -89.891701832999956, 15.303966890000027 ], [ -89.892534671999954, 15.303558605000035 ], [ -89.893290959999945, 15.303136836000022 ], [ -89.894071570999984, 15.302839558000073 ], [ -89.894748420999974, 15.302639028000044 ], [ -89.895260022999935, 15.302485864000062 ], [ -89.895849024999961, 15.302209617000074 ], [ -89.896249715999943, 15.301770480000073 ], [ -89.896538779999958, 15.301133400000026 ], [ -89.897067874999948, 15.300621553000042 ], [ -89.897643565999942, 15.300419610000063 ], [ -89.898251571999936, 15.300589451000064 ], [ -89.898982365999984, 15.301067999000054 ], [ -89.899449015999949, 15.301321658000063 ], [ -89.899980158999938, 15.301538963000041 ], [ -89.900967725999976, 15.301835960000062 ], [ -89.901703780999981, 15.301957908000077 ], [ -89.902364596999973, 15.302016732000027 ], [ -89.902923466999937, 15.302049310000029 ], [ -89.905280851999976, 15.301797539000063 ], [ -89.908435459999964, 15.301779125000053 ], [ -89.911977438999941, 15.301395807000063 ], [ -89.912727751999967, 15.301418589000036 ], [ -89.913947997999969, 15.301472691000072 ], [ -89.914633454999944, 15.301556651000055 ], [ -89.91516644, 15.301649790000056 ], [ -89.915825100999939, 15.301856404000034 ], [ -89.916319341999952, 15.301974968000025 ], [ -89.916887060999954, 15.302078742000049 ], [ -89.917436240999962, 15.302138237000065 ], [ -89.918098706999956, 15.30208529600003 ], [ -89.918786699999941, 15.30199658600003 ], [ -89.919870687999946, 15.301826422000033 ], [ -89.920658977999949, 15.301837286000023 ], [ -89.921713772999965, 15.301913898000066 ], [ -89.92269130699998, 15.302025559000072 ], [ -89.923604930999943, 15.302173583000069 ], [ -89.924365688999956, 15.302357878000066 ], [ -89.924859953999942, 15.302475294000033 ], [ -89.925529443999949, 15.30281747600003 ], [ -89.926260489999947, 15.303284664000046 ], [ -89.926994929999978, 15.30347987500005 ], [ -89.92766910499995, 15.303501562000065 ], [ -89.92827609699998, 15.302867665000065 ], [ -89.92849900799996, 15.302414730000066 ], [ -89.928785299999959, 15.301961534000043 ], [ -89.929134451999971, 15.301583696000023 ], [ -89.929868019999958, 15.301001199000041 ], [ -89.930659916999957, 15.300764887000071 ], [ -89.931611915999952, 15.300913406000063 ], [ -89.932118431999982, 15.301068224000062 ], [ -89.933311841999966, 15.301768608000032 ], [ -89.933719087999975, 15.302271963000067 ], [ -89.93398726099997, 15.302742933000047 ], [ -89.934231147999981, 15.303324185000065 ], [ -89.934606358999986, 15.304350825000029 ], [ -89.935257570999966, 15.304272848000039 ], [ -89.938901652999959, 15.304310386000054 ], [ -89.939260554999976, 15.305020756000033 ], [ -89.941283182999939, 15.309642379000024 ], [ -89.943074260999936, 15.313556498000025 ], [ -89.95065425599995, 15.31635103800005 ], [ -89.959005496999964, 15.319593812000051 ], [ -89.954145076999964, 15.320844787000055 ], [ -89.947839410999961, 15.322385161000057 ], [ -89.941548381999951, 15.323914254000044 ], [ -89.934794111999963, 15.325582396000073 ], [ -89.926557898999988, 15.327578681000034 ], [ -89.917376334999972, 15.329672183000071 ], [ -89.913993957999935, 15.327430097000047 ], [ -89.907895978999989, 15.323529553000071 ], [ -89.904777879999983, 15.321520147000058 ], [ -89.902074907999975, 15.319874264000077 ], [ -89.901144440999985, 15.32248329600003 ], [ -89.900981771999966, 15.323143578000042 ], [ -89.895374553999943, 15.323170616000027 ], [ -89.888758595999946, 15.323306480000042 ], [ -89.881887244999973, 15.323452118000034 ], [ -89.875915818999943, 15.323497277000058 ], [ -89.876212391999957, 15.324161698000069 ], [ -89.876751451999951, 15.324904007000043 ], [ -89.87763304899994, 15.325761715000056 ], [ -89.878628513999956, 15.326666163000027 ], [ -89.879512102999968, 15.327390710000032 ], [ -89.880715314999975, 15.328207762000034 ], [ -89.882073693999985, 15.329384766000032 ], [ -89.882951380999941, 15.330508775000055 ], [ -89.883443880999948, 15.331295569000076 ], [ -89.88355076199997, 15.331852369000046 ], [ -89.883777079999959, 15.333569985000054 ], [ -89.883840229999976, 15.335506543000065 ], [ -89.884004889999972, 15.336754899000027 ], [ -89.884197091999965, 15.33771469900006 ], [ -89.88458284099994, 15.339544025000066 ], [ -89.884660553999936, 15.340224572000068 ], [ -89.882669830999987, 15.34027124000005 ], [ -89.869750911999972, 15.340003328000023 ], [ -89.85767458, 15.339672058000076 ], [ -89.849853832999941, 15.33938901700003 ], [ -89.839779668999938, 15.33810879300006 ], [ -89.827086043999941, 15.336481637000077 ], [ -89.820153689999984, 15.338151430000039 ], [ -89.809413965999966, 15.340445953000028 ], [ -89.801121363999982, 15.339363301000049 ], [ -89.799943508999945, 15.34010932800004 ] ] ] ] } },
{ "type": "Feature", "properties": { "Codigo": 1314, "datos_finales_color_riesgo": "fe9181" }, "geometry": { "type": "MultiPolygon", "coordinates": [ [ [ [ -91.464895947999935, 15.738040870000077 ], [ -91.467266808999966, 15.735776618000045 ], [ -91.470819087999985, 15.73298174100006 ], [ -91.474135876999981, 15.730939814000067 ], [ -91.47653375799996, 15.729486787000042 ], [ -91.480114694999941, 15.727592340000058 ], [ -91.48074266499998, 15.727296202000048 ], [ -91.486913895999976, 15.724163381000039 ], [ -91.492254704999937, 15.720843879000029 ], [ -91.49872456199995, 15.717657397000039 ], [ -91.500039049999941, 15.71693887400005 ], [ -91.500895102999948, 15.716626167000072 ], [ -91.503148416999977, 15.715676821000045 ], [ -91.508221954999954, 15.713119893000055 ], [ -91.512402494999947, 15.710651656000039 ], [ -91.514693185999988, 15.709035879000055 ], [ -91.518044864999979, 15.706736996000075 ], [ -91.522272484999974, 15.702558413000077 ], [ -91.52578172599999, 15.698756746000072 ], [ -91.528285950999987, 15.69319146600003 ], [ -91.52896050399994, 15.692718116000037 ], [ -91.529494116999956, 15.690511890000039 ], [ -91.530124428999954, 15.690026939000063 ], [ -91.530857467999965, 15.686920494000049 ], [ -91.535049865999952, 15.687090969000053 ], [ -91.539756211999986, 15.687885040000026 ], [ -91.547998666999945, 15.690226581000047 ], [ -91.548618405999946, 15.690735705000066 ], [ -91.553043474999981, 15.693236979000062 ], [ -91.557999430999985, 15.697627270000055 ], [ -91.55888489199998, 15.699248690000047 ], [ -91.560308832999965, 15.70490695500007 ], [ -91.560206333999986, 15.719660010000041 ], [ -91.561405364999985, 15.724393762000034 ], [ -91.563360889999956, 15.728627485000061 ], [ -91.564854155999967, 15.730591825000033 ], [ -91.564963686999988, 15.731939238000052 ], [ -91.56269174, 15.732973839000067 ], [ -91.55654771799999, 15.737143923000076 ], [ -91.55152579099996, 15.742115497000043 ], [ -91.547753509999893, 15.745123824000075 ], [ -91.547732029999963, 15.745930334000036 ], [ -91.545536274999961, 15.748028355000031 ], [ -91.544934536999961, 15.748983507000048 ], [ -91.544840664999981, 15.749716099000068 ], [ -91.543100986999946, 15.752137986000037 ], [ -91.542013037999936, 15.755588914000043 ], [ -91.541298692999987, 15.75686980100005 ], [ -91.539424728999961, 15.766715540000064 ], [ -91.538629668999988, 15.768425182000044 ], [ -91.533682153999962, 15.765220678000048 ], [ -91.523309867999956, 15.763250327000037 ], [ -91.518376157999967, 15.761573024000029 ], [ -91.500076815999989, 15.756966052000053 ], [ -91.493600771999979, 15.755913631000055 ], [ -91.488340651999977, 15.754033455000069 ], [ -91.485663237999972, 15.753349445000026 ], [ -91.481041364999953, 15.751940122000065 ], [ -91.476268199999936, 15.749397652000027 ], [ -91.472169398999938, 15.746308507000037 ], [ -91.470231015999957, 15.744158586000026 ], [ -91.467980782999973, 15.741522933000056 ], [ -91.46652745099999, 15.739800043000059 ], [ -91.464895947999935, 15.738040870000077 ] ] ] ] } },
{ "type": "Feature", "properties": { "Codigo": 609, "datos_finales_color_riesgo": "fe9181" }, "geometry": { "type": "MultiPolygon", "coordinates": [ [ [ [ -90.419488323999985, 14.135492999000064 ], [ -90.419694250999953, 14.13472734100003 ], [ -90.421256378999942, 14.13323999000005 ], [ -90.424381980999954, 14.127415093000025 ], [ -90.424681235999969, 14.126939508000078 ], [ -90.425534696999989, 14.122711793000065 ], [ -90.426195545999974, 14.110802129000035 ], [ -90.426603502999967, 14.109247028000027 ], [ -90.435625310999967, 14.110753747000047 ], [ -90.438250002999951, 14.111585719000061 ], [ -90.438251819999948, 14.114787127000056 ], [ -90.437505898999973, 14.11821883500005 ], [ -90.436960762999945, 14.124488189000033 ], [ -90.439055919999987, 14.124779274000048 ], [ -90.453390595999963, 14.123082963000058 ], [ -90.455963853999947, 14.121118205000073 ], [ -90.456411189999983, 14.120482651000032 ], [ -90.456897439999977, 14.119728936000058 ], [ -90.458164982999961, 14.118326255000056 ], [ -90.461208036999949, 14.113009115000068 ], [ -90.461730475999957, 14.109350192000022 ], [ -90.459758337999972, 14.108562619000054 ], [ -90.444692977999978, 14.10629371400006 ], [ -90.443969218999939, 14.105467327000042 ], [ -90.443960574999949, 14.103232466000065 ], [ -90.444935369999939, 14.094920289000072 ], [ -90.444572652999966, 14.09445345000006 ], [ -90.44403244199998, 14.094029900000066 ], [ -90.443141932999936, 14.093583434000038 ], [ -90.442388986999958, 14.093043568000041 ], [ -90.44198404499997, 14.081725392000067 ], [ -90.442784237999945, 14.078017541000065 ], [ -90.443446006999977, 14.076766580000026 ], [ -90.445850073999964, 14.074364173000049 ], [ -90.446772057999965, 14.073429884000063 ], [ -90.447108371999946, 14.072938833000023 ], [ -90.447405557999957, 14.072429300000067 ], [ -90.447547955999937, 14.071898931000021 ], [ -90.447666484999957, 14.071226023000065 ], [ -90.445235350999951, 14.067949193000061 ], [ -90.444722105999972, 14.067341871000053 ], [ -90.444596798999953, 14.06435594900006 ], [ -90.44614854799994, 14.056289220000053 ], [ -90.448261681999952, 14.049949366000021 ], [ -90.449970821999955, 14.04654916800007 ], [ -90.450486935999947, 14.044439526000076 ], [ -90.450953397999967, 14.037406943000065 ], [ -90.45245373099999, 14.031377858000042 ], [ -90.453611214999967, 14.028631276000056 ], [ -90.454634641999974, 14.005890901000043 ], [ -90.454907129999981, 14.003464729000029 ], [ -90.45555933899999, 14.002630281000052 ], [ -90.451774010999941, 14.001956996000047 ], [ -90.451896335999947, 14.001141829000062 ], [ -90.452226209999935, 14.000278027000036 ], [ -90.452749976999939, 13.999712128000056 ], [ -90.455906665999976, 13.996345082000062 ], [ -90.462072201999945, 13.99494278700007 ], [ -90.462600221999935, 13.994460471000025 ], [ -90.463395986999956, 13.994502675000035 ], [ -90.466251314999965, 13.991917143000023 ], [ -90.468409482999959, 13.98952078700006 ], [ -90.469674501999975, 13.983718239000041 ], [ -90.470068947999948, 13.983338401000026 ], [ -90.470308814999953, 13.979009013000052 ], [ -90.469633724999937, 13.978087267000035 ], [ -90.467274867999947, 13.975163829000053 ], [ -90.467028265999943, 13.974133621000021 ], [ -90.466161756999952, 13.973270853000031 ], [ -90.466081967999969, 13.972425326000064 ], [ -90.463918777999936, 13.970808217000069 ], [ -90.462339549999967, 13.971251333000055 ], [ -90.461410478999937, 13.972512047000066 ], [ -90.460529172999941, 13.975057229000072 ], [ -90.457839451999973, 13.977374558000065 ], [ -90.456482259999973, 13.977653949000057 ], [ -90.454347580999979, 13.977075975000048 ], [ -90.451365130999989, 13.977668032000054 ], [ -90.450158238999961, 13.97721494700005 ], [ -90.447156252999946, 13.975698426000065 ], [ -90.44273265399994, 13.975797543000056 ], [ -90.440589756999941, 13.97303991900003 ], [ -90.440632988999937, 13.972214893000057 ], [ -90.439630084999976, 13.97041672000006 ], [ -90.43930215499995, 13.967445595000072 ], [ -90.441324529999974, 13.963835238000058 ], [ -90.442928160999941, 13.956198048000033 ], [ -90.442884431999971, 13.953138444000047 ], [ -90.44255590399996, 13.94942990800007 ], [ -90.442718059999947, 13.948145396000029 ], [ -90.443042782999953, 13.947689203000039 ], [ -90.443439124999941, 13.942568817000051 ], [ -90.444387700999982, 13.941106235000063 ], [ -90.445544203999987, 13.941602828000043 ], [ -90.44748868299996, 13.941624363000074 ], [ -90.449484119999966, 13.940586045000032 ], [ -90.450548405999939, 13.940321657000027 ], [ -90.45144136, 13.939339522000068 ], [ -90.452536253999938, 13.93918272600007 ], [ -90.454288990999942, 13.937868536000053 ], [ -90.455361889999949, 13.938029949000054 ], [ -90.456652194999947, 13.937554464000073 ], [ -90.459969035999961, 13.933612954000068 ], [ -90.461234581999975, 13.931433115000061 ], [ -90.462365652999949, 13.930236587000024 ], [ -90.462838, 13.928007812000033 ], [ -90.460709848999954, 13.927240316000052 ], [ -90.460143984999945, 13.926335516000051 ], [ -90.460097416999986, 13.922556500000042 ], [ -90.458824905999961, 13.91427247200005 ], [ -90.458350974999973, 13.912151284000061 ], [ -90.457439434999969, 13.911410013000022 ], [ -90.454337644999953, 13.909412725000038 ], [ -90.450080818999936, 13.907752274000075 ], [ -90.449102251999989, 13.906802494000033 ], [ -90.446535660999984, 13.906085656000073 ], [ -90.444058979999966, 13.904130941000062 ], [ -90.444124337999938, 13.902758450000022 ], [ -90.445108796999989, 13.900323918000026 ], [ -90.446436035999966, 13.898411296000063 ], [ -90.450829097999986, 13.889348593000022 ], [ -90.453320924999957, 13.883775695000054 ], [ -90.455130285999985, 13.880883302000029 ], [ -90.456031003999954, 13.879321872000048 ], [ -90.459613114999968, 13.880700717000025 ], [ -90.463126527999975, 13.881758091000052 ], [ -90.466043002999982, 13.88254497500003 ], [ -90.470131678999962, 13.883910872000058 ], [ -90.471737777999977, 13.884502306000059 ], [ -90.472786089999943, 13.885099250000053 ], [ -90.473742869999967, 13.885503269000026 ], [ -90.47489669, 13.885858503000065 ], [ -90.47740061199994, 13.886591313000054 ], [ -90.482425987999989, 13.888365336000049 ], [ -90.486093265999955, 13.889543704000062 ], [ -90.488359645999935, 13.890284129000065 ], [ -90.492935447999969, 13.891583550000064 ], [ -90.497902761999967, 13.892977249000069 ], [ -90.503857515999982, 13.894897048000075 ], [ -90.507384316999946, 13.895669397000063 ], [ -90.509146193999982, 13.896253169000033 ], [ -90.511639554999988, 13.897026206000021 ], [ -90.516739556999937, 13.898633221000068 ], [ -90.524012810999977, 13.901019975000054 ], [ -90.527290036999943, 13.901962316000038 ], [ -90.532165952999947, 13.903303635000043 ], [ -90.53526948199999, 13.904062298000042 ], [ -90.537425248999966, 13.904529027000024 ], [ -90.548016639999958, 13.907003945000042 ], [ -90.550275586999987, 13.907450147000077 ], [ -90.554754360999937, 13.908273210000061 ], [ -90.558560707999959, 13.909058972000025 ], [ -90.560407815999952, 13.909369960000049 ], [ -90.563555520999955, 13.909906249000073 ], [ -90.565836881999985, 13.910262193000051 ], [ -90.569417019999946, 13.910964225000043 ], [ -90.573625797999966, 13.911864453000021 ], [ -90.575895956999943, 13.912301510000077 ], [ -90.580075266999984, 13.913039843000035 ], [ -90.584790235999947, 13.914026230000047 ], [ -90.590095371999951, 13.914855737000039 ], [ -90.595398622999937, 13.915929062000032 ], [ -90.600539766999987, 13.916695748000052 ], [ -90.611088903999985, 13.918435847000069 ], [ -90.617590826999958, 13.919620977000022 ], [ -90.62232933699994, 13.920323432000032 ], [ -90.628615567999987, 13.92135935500005 ], [ -90.633819207999977, 13.922096618000069 ], [ -90.640139002999945, 13.922915740000064 ], [ -90.644982416999937, 13.923497941000051 ], [ -90.655135843999972, 13.924554750000027 ], [ -90.659241311999949, 13.924943221000035 ], [ -90.660143291999987, 13.932398136000074 ], [ -90.661132558999952, 13.936527757000022 ], [ -90.66210356, 13.942760177000025 ], [ -90.663531072999945, 13.951031068000077 ], [ -90.671333395999966, 13.999615704000064 ], [ -90.671778139999958, 14.002083241000037 ], [ -90.671631127999945, 14.002840799000069 ], [ -90.673107616999971, 14.009272349000071 ], [ -90.673224198999947, 14.012798390000057 ], [ -90.674258006999935, 14.016215781000028 ], [ -90.675251385999957, 14.021811437000054 ], [ -90.670013875999985, 14.02229416800003 ], [ -90.66853951, 14.022758843000076 ], [ -90.666868911999984, 14.023410230000025 ], [ -90.664189919999956, 14.026543360000062 ], [ -90.66343306899995, 14.027088334000041 ], [ -90.661982551999984, 14.027592724000044 ], [ -90.660650859999976, 14.02790060500007 ], [ -90.660156608999955, 14.028101378000031 ], [ -90.659564834999969, 14.028507891000061 ], [ -90.659900687999937, 14.033029907000071 ], [ -90.660724001999938, 14.034602101000075 ], [ -90.662284375999945, 14.040551113000049 ], [ -90.662826014999951, 14.045089802000064 ], [ -90.663810567999974, 14.047936403000051 ], [ -90.663625864999972, 14.050291696000045 ], [ -90.662608510999974, 14.050733621000063 ], [ -90.657377312999984, 14.050872695000066 ], [ -90.640626424999937, 14.050326832000053 ], [ -90.636793286999989, 14.050701597000057 ], [ -90.636294752999959, 14.057735084000058 ], [ -90.63532579799994, 14.061116025000047 ], [ -90.635447193999937, 14.065457456000047 ], [ -90.637571248999961, 14.069580202000054 ], [ -90.637953781999954, 14.071142507000047 ], [ -90.641138447999936, 14.076493102000029 ], [ -90.645979144999956, 14.082618800000034 ], [ -90.64739717399999, 14.084025187000066 ], [ -90.647976417999985, 14.085255105000044 ], [ -90.650441093999973, 14.096492934000025 ], [ -90.649899854999944, 14.099627377000047 ], [ -90.648966792999943, 14.099949184000025 ], [ -90.648184896999965, 14.09991670200003 ], [ -90.647005307999962, 14.099905180000064 ], [ -90.646130662999951, 14.100172206000025 ], [ -90.645753217999982, 14.100756930000045 ], [ -90.645643438999969, 14.10141881100003 ], [ -90.645479413999965, 14.102405428000054 ], [ -90.645269608999968, 14.102891274000058 ], [ -90.644712236999965, 14.103474235000022 ], [ -90.644259837999982, 14.103807499000027 ], [ -90.643523884999979, 14.104314169000077 ], [ -90.642954299999985, 14.104846184000053 ], [ -90.642563661999986, 14.105418350000036 ], [ -90.642276903999971, 14.105903439000031 ], [ -90.641964368999936, 14.106363427000076 ], [ -90.641652735999969, 14.106735333000074 ], [ -90.640966584999944, 14.107405114000073 ], [ -90.640228313999955, 14.108135369000024 ], [ -90.639554430999965, 14.108792842000071 ], [ -90.638300218999973, 14.10984329200005 ], [ -90.637933210999961, 14.110590733000038 ], [ -90.637987887999941, 14.111517368000023 ], [ -90.638401768999984, 14.112397835000024 ], [ -90.638909013999978, 14.112977671000067 ], [ -90.639543074999949, 14.113660395000068 ], [ -90.640404767999939, 14.114657063000038 ], [ -90.640707721999945, 14.115073389000031 ], [ -90.640998536999973, 14.115488467000034 ], [ -90.641302455999949, 14.115867534000074 ], [ -90.641822047999938, 14.116485886000078 ], [ -90.642086705999986, 14.116913131000047 ], [ -90.642038794999962, 14.117801491000023 ], [ -90.641664014999947, 14.118123083000057 ], [ -90.641183541999965, 14.11870678300005 ], [ -90.641009707999956, 14.11940529900005 ], [ -90.641065158999936, 14.120257403000039 ], [ -90.641428864999966, 14.12101201300004 ], [ -90.641872934999981, 14.121491840000033 ], [ -90.642491853999957, 14.122411585000066 ], [ -90.643110522999962, 14.123356173000047 ], [ -90.643590091999954, 14.124098366000055 ], [ -90.643854491999946, 14.124551582000038 ], [ -90.644102294999982, 14.12538072500007 ], [ -90.644145168999955, 14.126219153000022 ], [ -90.64407579799996, 14.126718793000066 ], [ -90.643656182999962, 14.127628358000038 ], [ -90.643354667999972, 14.128251084000055 ], [ -90.643028202999972, 14.128823871000066 ], [ -90.642645834999939, 14.129374652000024 ], [ -90.642693067999971, 14.130350908000025 ], [ -90.642772484999966, 14.131460747000062 ], [ -90.642853275999983, 14.132437332000052 ], [ -90.643252631999985, 14.133384290000038 ], [ -90.643748887999948, 14.133743783000057 ], [ -90.644459706999953, 14.134227356000054 ], [ -90.644462258999965, 14.135103788000038 ], [ -90.643863518999979, 14.135873809000032 ], [ -90.643165209999907, 14.136366150000072 ], [ -90.642649722999977, 14.136749601000076 ], [ -90.642157506999979, 14.13712085800006 ], [ -90.641733078999948, 14.137483743000075 ], [ -90.641308437999953, 14.13786695500005 ], [ -90.640824922999968, 14.138516123000045 ], [ -90.640544727999952, 14.139201166000078 ], [ -90.640312646999973, 14.139709370000048 ], [ -90.63979372099999, 14.140424821000067 ], [ -90.639335038999945, 14.140797529000054 ], [ -90.638764214999981, 14.141102499000056 ], [ -90.637620258999959, 14.141823091000049 ], [ -90.636837383999989, 14.142320225000049 ], [ -90.635744049999971, 14.143013069000062 ], [ -90.634953716999973, 14.143615155000077 ], [ -90.634345523999968, 14.144174986000053 ], [ -90.633759560999977, 14.144823123000037 ], [ -90.632909519999941, 14.145713734000026 ], [ -90.63239331599999, 14.146162655000069 ], [ -90.631500428999971, 14.146775008000077 ], [ -90.630574668999941, 14.147320399000023 ], [ -90.629864270999974, 14.147856619000038 ], [ -90.62928904599994, 14.148527437000041 ], [ -90.628735354999947, 14.149353190000056 ], [ -90.628422454999964, 14.149894460000041 ], [ -90.627868525999986, 14.150742794000053 ], [ -90.62715684599999, 14.151400964000061 ], [ -90.626573021999945, 14.151839037000059 ], [ -90.626148447999981, 14.152210919000026 ], [ -90.625655234999954, 14.152672472000063 ], [ -90.625276591999977, 14.153023351000058 ], [ -90.624794486999974, 14.153473717000054 ], [ -90.624109396999984, 14.15379897300005 ], [ -90.62352855499995, 14.153893734000064 ], [ -90.622674728999982, 14.154028710000034 ], [ -90.622173395999937, 14.154157007000038 ], [ -90.621565614999952, 14.154671627000027 ], [ -90.621047042999976, 14.155399448000026 ], [ -90.620837477999942, 14.155851377000033 ], [ -90.620568427999956, 14.156624587000067 ], [ -90.620380028999989, 14.157211123000025 ], [ -90.620204705999981, 14.157708566000053 ], [ -90.62002892299995, 14.158194710000032 ], [ -90.619610343999966, 14.159099702000049 ], [ -90.61910484699996, 14.159626617000072 ], [ -90.618327718999979, 14.160062746000051 ], [ -90.617780198999981, 14.16023461900005 ], [ -90.617130376999967, 14.160449522000022 ], [ -90.61636608799995, 14.16070846100007 ], [ -90.61568176899999, 14.160956897000062 ], [ -90.614996412999972, 14.161304704000031 ], [ -90.614480600999968, 14.161709536000046 ], [ -90.614102151999987, 14.162038934000066 ], [ -90.613652765999973, 14.162621733000037 ], [ -90.613291497999967, 14.163466292000066 ], [ -90.613125296999954, 14.164141130000075 ], [ -90.61295688499996, 14.165027133000024 ], [ -90.612672738999947, 14.166133342000023 ], [ -90.612415338999938, 14.166840021000041 ], [ -90.612158621999981, 14.167481201000044 ], [ -90.61153328599994, 14.168616759000031 ], [ -90.610835273999953, 14.169064939000066 ], [ -90.610218867999947, 14.169291443000077 ], [ -90.60960373599994, 14.169451328000036 ], [ -90.608920543999943, 14.169589073000054 ], [ -90.607848716999968, 14.169921706000025 ], [ -90.607408231999955, 14.170259508000072 ], [ -90.605754440999988, 14.169464867000045 ], [ -90.60446671699998, 14.16864225300003 ], [ -90.603540223999971, 14.167975707000039 ], [ -90.602565425999956, 14.167004879000046 ], [ -90.600622408999982, 14.164824986000042 ], [ -90.59602478499994, 14.157540919000041 ], [ -90.593072235999955, 14.155566575000023 ], [ -90.589652642999965, 14.154479697000056 ], [ -90.581034609999961, 14.153627285000027 ], [ -90.580056447999937, 14.153426566000064 ], [ -90.574668111999983, 14.152795079000043 ], [ -90.56995208799998, 14.152776737000067 ], [ -90.567413746999989, 14.154378391000023 ], [ -90.563278492999984, 14.154814143000067 ], [ -90.559967488999973, 14.157071902000041 ], [ -90.557339751999962, 14.159988186000021 ], [ -90.554970046999983, 14.161228884000025 ], [ -90.548620931999949, 14.16190378400006 ], [ -90.544886628999961, 14.162819862000049 ], [ -90.543152579999969, 14.164083874000028 ], [ -90.54238256299999, 14.165191746000062 ], [ -90.540969697999969, 14.167204379000054 ], [ -90.53931681399996, 14.172260283000071 ], [ -90.536488080999959, 14.175367313000038 ], [ -90.530827067999951, 14.182100682000055 ], [ -90.527591128999973, 14.183883219000052 ], [ -90.525533960999951, 14.186419837000074 ], [ -90.523984188999975, 14.188647733000039 ], [ -90.523645801999976, 14.19187966800007 ], [ -90.52264471899997, 14.195217673000059 ], [ -90.520282237999936, 14.198456867000061 ], [ -90.518327750999958, 14.199303901000064 ], [ -90.515044461999935, 14.199825435000037 ], [ -90.511180241999966, 14.19980220900004 ], [ -90.509093829999983, 14.199055495000039 ], [ -90.506541068999979, 14.197346275000029 ], [ -90.501698331999989, 14.19388308300006 ], [ -90.500709556999936, 14.192693792000057 ], [ -90.500186990999964, 14.192320190000032 ], [ -90.49963915, 14.19161318700003 ], [ -90.499353721999967, 14.191148331000022 ], [ -90.49774952599995, 14.186343430000022 ], [ -90.497090298999979, 14.174167448000048 ], [ -90.497594111999945, 14.172764498000049 ], [ -90.499388293999971, 14.170104570000035 ], [ -90.499417637999954, 14.167426225000042 ], [ -90.498800727999935, 14.166531046000046 ], [ -90.498751288999983, 14.164916789000074 ], [ -90.500377796999942, 14.162447073000067 ], [ -90.500473213999953, 14.160549744000036 ], [ -90.498521637999943, 14.159467876000065 ], [ -90.492782383999952, 14.158629890000043 ], [ -90.49126318499998, 14.160071900000048 ], [ -90.489343639999959, 14.162661566000054 ], [ -90.485617396999942, 14.165463775000035 ], [ -90.48364225499995, 14.166209828000035 ], [ -90.478687426999954, 14.165756890000068 ], [ -90.477300944999968, 14.164445913000066 ], [ -90.476833260999967, 14.163199932000055 ], [ -90.477041637999946, 14.160785500000031 ], [ -90.475967153999989, 14.159939670000028 ], [ -90.471073734999948, 14.158973431000049 ], [ -90.469110608999983, 14.159839194000028 ], [ -90.468497954999975, 14.16040074700004 ], [ -90.467923738999957, 14.160783149000054 ], [ -90.464625781999985, 14.160696367000071 ], [ -90.462691740999958, 14.159774772000048 ], [ -90.461380648999977, 14.15851307500003 ], [ -90.456619386999989, 14.154732737000074 ], [ -90.455190552999966, 14.151423574000034 ], [ -90.455370766999977, 14.149789205000047 ], [ -90.456617849999986, 14.148215828000048 ], [ -90.456592934999946, 14.147126967000077 ], [ -90.45428329799995, 14.145238101000075 ], [ -90.452074492999941, 14.145415677000074 ], [ -90.449679230999948, 14.146747596000068 ], [ -90.448320510999963, 14.146914968000033 ], [ -90.44324175, 14.150095073000045 ], [ -90.442257400999949, 14.150467396000067 ], [ -90.440620420999949, 14.150989722000077 ], [ -90.438405393999972, 14.153008876000058 ], [ -90.437800061999951, 14.153997269000058 ], [ -90.437147239999945, 14.15488577800005 ], [ -90.436773656999947, 14.155485927000029 ], [ -90.436241905999964, 14.155794173000061 ], [ -90.43523231599994, 14.155783383000028 ], [ -90.434364697999968, 14.155393556000035 ], [ -90.433727275999956, 14.15496102000003 ], [ -90.433293860999981, 14.15429352600006 ], [ -90.433256529999937, 14.152156624000042 ], [ -90.434918158999949, 14.149336629000061 ], [ -90.435058348999974, 14.148806258000036 ], [ -90.434543089999977, 14.147801383000058 ], [ -90.434469665999984, 14.146765092000066 ], [ -90.433000426999968, 14.145490295000059 ], [ -90.431167462999952, 14.143837826000038 ], [ -90.430210421999959, 14.143223448000072 ], [ -90.428918579999959, 14.142385282000077 ], [ -90.427372254999966, 14.140819423000039 ], [ -90.426595604999989, 14.140681242000028 ], [ -90.419488323999985, 14.135492999000064 ] ] ] ] } },
{ "type": "Feature", "properties": { "Codigo": 2217, "datos_finales_color_riesgo": "fe9181" }, "geometry": { "type": "MultiPolygon", "coordinates": [ [ [ [ -90.066021155999977, 14.337222188000055 ], [ -90.063616411999988, 14.336054481000076 ], [ -90.059211243999982, 14.336592562000021 ], [ -90.051187398999957, 14.336759331000053 ], [ -90.025308046999953, 14.342616648000046 ], [ -90.023368007999977, 14.342619383000056 ], [ -90.022514360999935, 14.34194149800004 ], [ -90.022258667999949, 14.337282827000024 ], [ -90.023912591999988, 14.335532392000061 ], [ -90.028217687999984, 14.334105301000022 ], [ -90.030306704999987, 14.331137686000034 ], [ -90.032248249999952, 14.326174597000033 ], [ -90.032470288999946, 14.32320164500004 ], [ -90.032099726999945, 14.320786854000062 ], [ -90.034669187999953, 14.317452641000045 ], [ -90.034663715999955, 14.314123497000026 ], [ -90.035857891999967, 14.311700019000057 ], [ -90.036929551999947, 14.310538221000058 ], [ -90.037173719999942, 14.308119809000061 ], [ -90.033230859999946, 14.302679055000056 ], [ -90.032773661999954, 14.295089516000075 ], [ -90.031028406999951, 14.291176473000064 ], [ -90.03000667699996, 14.289953554000022 ], [ -90.027607959999955, 14.288733749000073 ], [ -90.022591214999977, 14.287484551000034 ], [ -90.000590766999949, 14.286589522000043 ], [ -89.998778628999958, 14.288726158000031 ], [ -89.996366852999984, 14.289248848000057 ], [ -89.994936032999988, 14.290822450000064 ], [ -89.994914178999977, 14.291639461000045 ], [ -89.99282306899994, 14.295639619000042 ], [ -89.992277962999935, 14.296022175000076 ], [ -89.991740084999947, 14.295817821000071 ], [ -89.989853277999941, 14.291335003000029 ], [ -89.986847441999942, 14.28713715300006 ], [ -89.985762008999984, 14.28507004100004 ], [ -89.981826127999966, 14.280752004000021 ], [ -89.979776302999937, 14.278444618000037 ], [ -89.978562112999953, 14.277229256000055 ], [ -89.97795559399998, 14.276622144000044 ], [ -89.977768535999985, 14.275721216000022 ], [ -89.980009823999978, 14.272175769000057 ], [ -89.980186068999956, 14.271154150000029 ], [ -89.981797883999945, 14.268109793000065 ], [ -89.982347728999969, 14.263586732000022 ], [ -89.981677579999939, 14.262718067000037 ], [ -89.980007703999945, 14.262437271000067 ], [ -89.978616082999963, 14.260428360000049 ], [ -89.977133563999985, 14.257035468000026 ], [ -89.977115606999973, 14.256212321000078 ], [ -89.977848290999987, 14.255035207000049 ], [ -89.980811917999972, 14.254413526000064 ], [ -89.984143520999964, 14.256319420000068 ], [ -89.985254229999953, 14.257000621000032 ], [ -89.98794492799999, 14.256408134000026 ], [ -89.990430557999957, 14.256615636000049 ], [ -89.992098569999939, 14.255291107000062 ], [ -89.992290938999986, 14.254356592000022 ], [ -89.99269142299994, 14.253787061000025 ], [ -89.99599849599997, 14.242479279000065 ], [ -89.997894968999958, 14.239008222000052 ], [ -89.998805059999938, 14.23700466300005 ], [ -89.99884908699994, 14.234023911000065 ], [ -89.997733428999936, 14.231881986000076 ], [ -89.997319965999964, 14.22976131300004 ], [ -89.99787691399996, 14.229168895000043 ], [ -89.999885986999971, 14.226227512000037 ], [ -90.00100004799998, 14.226255052000056 ], [ -90.006541528999946, 14.22634264900006 ], [ -90.011405725999964, 14.224914601000023 ], [ -90.01528630699994, 14.224713652000048 ], [ -90.016312179999943, 14.225112546000048 ], [ -90.017862197999989, 14.226664919000029 ], [ -90.018539225999973, 14.228382487000033 ], [ -90.019587843999943, 14.22859313500004 ], [ -90.021961859999976, 14.227852863000066 ], [ -90.028006545999972, 14.222481320000043 ], [ -90.028680101999953, 14.22203588900004 ], [ -90.030466471999944, 14.219056397000031 ], [ -90.031762412999967, 14.216054989000042 ], [ -90.032540193999978, 14.215291360000037 ], [ -90.032623606999948, 14.214219951000075 ], [ -90.033872054999961, 14.214411557000062 ], [ -90.034680296999966, 14.215127145000054 ], [ -90.035968508999986, 14.216574560000026 ], [ -90.036454465999952, 14.218356333000031 ], [ -90.040139201999978, 14.221815788000072 ], [ -90.04303857299999, 14.223294428000031 ], [ -90.047745764999945, 14.223205903000064 ], [ -90.050128952999955, 14.223802060000025 ], [ -90.051618023999936, 14.225389624000059 ], [ -90.053437489999965, 14.229567584000051 ], [ -90.057756067999946, 14.230947313000058 ], [ -90.061335414999974, 14.234365722000064 ], [ -90.065313963999984, 14.236635252000042 ], [ -90.068416656999943, 14.239293608000025 ], [ -90.067440209999972, 14.244056930000056 ], [ -90.066005454999981, 14.246038594000026 ], [ -90.070508027999949, 14.247273666000069 ], [ -90.076744214999962, 14.250416353000048 ], [ -90.082292077999966, 14.252106581000078 ], [ -90.08838091299998, 14.255123026000035 ], [ -90.098476989999938, 14.259058584000059 ], [ -90.107406405999939, 14.263833099000067 ], [ -90.112076459999969, 14.265697216000035 ], [ -90.119747811999957, 14.269910810000056 ], [ -90.120225265999977, 14.270187536000037 ], [ -90.12215847899995, 14.271686463000037 ], [ -90.122956227999964, 14.27212849700004 ], [ -90.124502847999963, 14.273672411000064 ], [ -90.125057975999937, 14.275719158000072 ], [ -90.124304227999971, 14.287892713000076 ], [ -90.121688173999985, 14.309644380000066 ], [ -90.121085952999977, 14.311156661000041 ], [ -90.121157324999956, 14.313322870000036 ], [ -90.119373419999988, 14.321648754000023 ], [ -90.117740450999975, 14.325170464000053 ], [ -90.118098209999971, 14.326259737000044 ], [ -90.11866835099994, 14.326494709000031 ], [ -90.11930106899996, 14.326771084000029 ], [ -90.120194903999959, 14.32727303300004 ], [ -90.129155554999954, 14.331514767000044 ], [ -90.132501107999985, 14.332669528000054 ], [ -90.132748110999955, 14.334370483000043 ], [ -90.131764659999988, 14.338040152000076 ], [ -90.131789597999955, 14.340993834000074 ], [ -90.13230600299994, 14.341543114000046 ], [ -90.132480663999957, 14.342877409000039 ], [ -90.13507743699995, 14.346288946000072 ], [ -90.13510437399998, 14.349769885000057 ], [ -90.13471479399999, 14.350491100000056 ], [ -90.13338762799998, 14.350862281000047 ], [ -90.13147012, 14.35062343900006 ], [ -90.130641582999942, 14.349895382000057 ], [ -90.130106312999942, 14.349962283000025 ], [ -90.128208734999987, 14.348888223000074 ], [ -90.121567679999941, 14.350337375000038 ], [ -90.115179584999964, 14.350431276000052 ], [ -90.101776533999953, 14.348226566000051 ], [ -90.098631154999964, 14.347175416000027 ], [ -90.096828767999966, 14.346054885000058 ], [ -90.092792937999945, 14.345097745000032 ], [ -90.089809634999938, 14.34329548200003 ], [ -90.07997400499994, 14.339650019000032 ], [ -90.07587369, 14.339040666000074 ], [ -90.071085432999951, 14.337688953000054 ], [ -90.066021155999977, 14.337222188000055 ] ] ] ] } },
{ "type": "Feature", "properties": { "Codigo": 307, "datos_finales_color_riesgo": "fe9181" }, "geometry": { "type": "MultiPolygon", "coordinates": [ [ [ [ -90.679485710999984, 14.613162281000029 ], [ -90.678108078999969, 14.611815897000042 ], [ -90.675539463999939, 14.610514106000039 ], [ -90.671649565999985, 14.607039738000026 ], [ -90.671079522999946, 14.603957637000065 ], [ -90.671980270999939, 14.602341461000037 ], [ -90.672813686999973, 14.599848216000055 ], [ -90.673298679999959, 14.596077556000068 ], [ -90.672968110999989, 14.592497533000028 ], [ -90.673209346999954, 14.589020333000065 ], [ -90.672463509999943, 14.584457002000022 ], [ -90.682193112999983, 14.584175438000045 ], [ -90.684912465999957, 14.583626429000049 ], [ -90.687382535999973, 14.583849674000078 ], [ -90.68970303499998, 14.587239346000047 ], [ -90.690378730999953, 14.59027956400007 ], [ -90.691055395999967, 14.591337717000044 ], [ -90.692735748999951, 14.599575149000032 ], [ -90.693595578999975, 14.602034423000077 ], [ -90.69495808399995, 14.603335395000045 ], [ -90.698517658999947, 14.604873765000036 ], [ -90.702187056999946, 14.607233112000074 ], [ -90.705114531999982, 14.609175137000022 ], [ -90.708915846999957, 14.613592327000049 ], [ -90.702291081999988, 14.615747503000023 ], [ -90.699525174999962, 14.615494339000065 ], [ -90.696411851999983, 14.613410359000056 ], [ -90.69422734699998, 14.613741128000072 ], [ -90.690070231999982, 14.617930641000044 ], [ -90.687849095999979, 14.617712099000073 ], [ -90.684806490999961, 14.615862459000027 ], [ -90.682155805999969, 14.613640597000028 ], [ -90.679485710999984, 14.613162281000029 ] ] ] ] } },
{ "type": "Feature", "properties": { "Codigo": 405, "datos_finales_color_riesgo": "fe9181" }, "geometry": { "type": "MultiPolygon", "coordinates": [ [ [ [ -90.923788302999981, 14.792863921000048 ], [ -90.929554748999976, 14.789060703000075 ], [ -90.930423228999985, 14.788068864000024 ], [ -90.931184886999972, 14.787935638000022 ], [ -90.937810197999966, 14.782713278000074 ], [ -90.939584213999979, 14.783493824000061 ], [ -90.941523273999962, 14.783700900000042 ], [ -90.945147918999965, 14.782617233000053 ], [ -90.950094256999989, 14.783197772000051 ], [ -90.954135925999935, 14.782763762000059 ], [ -90.975093769999944, 14.780003922000049 ], [ -90.979412036999975, 14.780911539000044 ], [ -90.980621928999938, 14.782016677000058 ], [ -90.983241808999935, 14.783305834000032 ], [ -90.987002773999961, 14.786499204000052 ], [ -90.988452998999946, 14.788807133000034 ], [ -90.99083062599999, 14.794545723000056 ], [ -90.991561876999981, 14.797717138000053 ], [ -90.991711843999951, 14.802865876000055 ], [ -90.989327653999965, 14.809477879000042 ], [ -90.97886579499999, 14.827702061000025 ], [ -90.975382508999985, 14.832490107000069 ], [ -90.97390689599996, 14.835270493000053 ], [ -90.970616405999976, 14.83928187500004 ], [ -90.970317969999897, 14.840215636000039 ], [ -90.966130115999988, 14.845548486000041 ], [ -90.965621613999986, 14.84677632000006 ], [ -90.964240942999936, 14.848073235000072 ], [ -90.964032989999964, 14.84963242300006 ], [ -90.963136043999953, 14.851353803000052 ], [ -90.964061028999936, 14.855316536000032 ], [ -90.964589805999935, 14.863702441000044 ], [ -90.965173006999976, 14.866034471000035 ], [ -90.96441004899998, 14.872407366000061 ], [ -90.963021450999975, 14.878177165000068 ], [ -90.955709479999939, 14.889051666000057 ], [ -90.955405261999942, 14.890335492000077 ], [ -90.953508607999936, 14.893222596000044 ], [ -90.952438088999941, 14.896870462000038 ], [ -90.951229956999953, 14.892957125000066 ], [ -90.950340062999942, 14.891381375000037 ], [ -90.950016729999959, 14.888174001000039 ], [ -90.947894408999957, 14.880723820000071 ], [ -90.947391831999937, 14.873693632000027 ], [ -90.947620430999962, 14.866651913000055 ], [ -90.946010365999939, 14.854296235000049 ], [ -90.94485636099995, 14.850150695000025 ], [ -90.941874550999955, 14.84368115500007 ], [ -90.939716759999953, 14.841379041000039 ], [ -90.93676885299999, 14.839013346000058 ], [ -90.934265411999945, 14.835397839000052 ], [ -90.933801314999982, 14.830283688000065 ], [ -90.934323527999936, 14.829275190000033 ], [ -90.934255668999981, 14.828472616000056 ], [ -90.93513190799996, 14.826986118000036 ], [ -90.937050653999961, 14.824168210000039 ], [ -90.937453626999968, 14.820666890000041 ], [ -90.934640102999936, 14.816647644000057 ], [ -90.934351760999959, 14.814791499000023 ], [ -90.934860457999946, 14.814162396000029 ], [ -90.935753872999953, 14.81312220600006 ], [ -90.935860294999941, 14.81175416800005 ], [ -90.934512226999971, 14.809375715000044 ], [ -90.929756537999936, 14.801380016000053 ], [ -90.925778402999981, 14.797049786000059 ], [ -90.925284823999959, 14.797006938000038 ], [ -90.924026303999938, 14.79512059700005 ], [ -90.923788302999981, 14.792863921000048 ] ] ] ] } },
{ "type": "Feature", "properties": { "Codigo": 906, "datos_finales_color_riesgo": "fe9181" }, "geometry": { "type": "MultiPolygon", "coordinates": [ [ [ [ -91.590370435999944, 15.079852482000035 ], [ -91.595849773999987, 15.073642947000053 ], [ -91.5987067, 15.071702590000029 ], [ -91.601550435999968, 15.071150701000022 ], [ -91.605198715999961, 15.071773127000029 ], [ -91.607645892999983, 15.072746288000076 ], [ -91.609323246999963, 15.072745284000064 ], [ -91.611237435999954, 15.071906235000029 ], [ -91.615575483999976, 15.066928619000066 ], [ -91.616768331999936, 15.065783439000029 ], [ -91.619288755999946, 15.064142421000042 ], [ -91.62131029699998, 15.063407878000078 ], [ -91.625221112999952, 15.063428224000063 ], [ -91.627250222999976, 15.064502585000071 ], [ -91.633488261999958, 15.064446474000022 ], [ -91.63519735899996, 15.065021697000077 ], [ -91.637189092999961, 15.066499112000031 ], [ -91.63940972499995, 15.066635602000076 ], [ -91.642042418999949, 15.066245757000047 ], [ -91.645581418999939, 15.063937122000027 ], [ -91.648309598999958, 15.063703695000072 ], [ -91.650431646999948, 15.064720788000045 ], [ -91.652347216999942, 15.064461006000045 ], [ -91.657680501999948, 15.061275871000078 ], [ -91.65936818299997, 15.059522110000046 ], [ -91.660135525999976, 15.058046501000035 ], [ -91.661326556999938, 15.057334928000046 ], [ -91.663198205999947, 15.05711433700003 ], [ -91.666251321999937, 15.057901750000042 ], [ -91.668569109999964, 15.05923619400005 ], [ -91.67179163899999, 15.060370274000036 ], [ -91.67304945799998, 15.061449895000067 ], [ -91.673780882999949, 15.063696991000029 ], [ -91.676256615999989, 15.066868348000071 ], [ -91.676037611999959, 15.06824892000003 ], [ -91.67624989899997, 15.069835385000033 ], [ -91.678318003999948, 15.071242858000062 ], [ -91.680539933999967, 15.071280657000045 ], [ -91.683702258999972, 15.072696708000024 ], [ -91.685388949999947, 15.075158349000048 ], [ -91.686257311999952, 15.078898791000029 ], [ -91.688918868999963, 15.080174029000034 ], [ -91.690509099999986, 15.081695015000037 ], [ -91.692991037999946, 15.082401966000077 ], [ -91.694038789999979, 15.084213571000078 ], [ -91.693800703999955, 15.089017618000071 ], [ -91.694594929999937, 15.090359987000056 ], [ -91.700473347999946, 15.095946081000022 ], [ -91.700292228999956, 15.09876411700003 ], [ -91.700975819999897, 15.100430111000037 ], [ -91.702412425999967, 15.102102682000066 ], [ -91.703201427999943, 15.102501537000023 ], [ -91.702745683999979, 15.106401567000034 ], [ -91.702976476999936, 15.109859228000062 ], [ -91.700859848999983, 15.112706833000061 ], [ -91.700057, 15.115626374000044 ], [ -91.698133752999979, 15.117644588000076 ], [ -91.694113912999967, 15.117299391000074 ], [ -91.693422355999985, 15.118171056000051 ], [ -91.692974553999989, 15.122065446000022 ], [ -91.692055400999948, 15.124200132000055 ], [ -91.689894651999964, 15.125755896000044 ], [ -91.687126828999965, 15.128993896000054 ], [ -91.68681587399999, 15.131985149000059 ], [ -91.687987848999967, 15.132726383000033 ], [ -91.688281898999946, 15.133992429000045 ], [ -91.686090847999935, 15.136668812000039 ], [ -91.685317514999952, 15.139372638000054 ], [ -91.682721772999969, 15.139006118000054 ], [ -91.681725226999959, 15.13933135700006 ], [ -91.680819016999976, 15.139437921000024 ], [ -91.679881861999945, 15.140596222000056 ], [ -91.67944052699994, 15.141142762000072 ], [ -91.678445863999968, 15.142474717000027 ], [ -91.678353619999939, 15.143468470000073 ], [ -91.676958357999979, 15.144307705000074 ], [ -91.674000580999973, 15.144166064000046 ], [ -91.672530850999976, 15.144725755000024 ], [ -91.669966252999984, 15.146817875000067 ], [ -91.668467767999971, 15.14722822300007 ], [ -91.664354194999987, 15.147380178000049 ], [ -91.662089241999979, 15.147956555000064 ], [ -91.633896806999985, 15.148734494000053 ], [ -91.630788562999953, 15.149291884000036 ], [ -91.627167447999966, 15.149287962000074 ], [ -91.62491674599994, 15.150705789000028 ], [ -91.618906092999964, 15.154324154000051 ], [ -91.617938280999965, 15.153336386000035 ], [ -91.616106618999936, 15.14995594100003 ], [ -91.614756093999972, 15.147276684000076 ], [ -91.614372511999989, 15.145535489000054 ], [ -91.614382614999954, 15.142820516000029 ], [ -91.616427167999973, 15.135975975000065 ], [ -91.61789714799994, 15.126236591000065 ], [ -91.616903413999978, 15.119847960000072 ], [ -91.616733894999982, 15.115587367000046 ], [ -91.616345626999987, 15.115199713000038 ], [ -91.616361428999937, 15.113300521000042 ], [ -91.61553773199995, 15.110921656000073 ], [ -91.614162558999965, 15.108219659000042 ], [ -91.612076813999977, 15.105699724000033 ], [ -91.606565017999969, 15.103267171000027 ], [ -91.598913726999967, 15.102841429000023 ], [ -91.598446511999953, 15.102441958000043 ], [ -91.59766192099994, 15.101671061000047 ], [ -91.597269147999953, 15.100473246000035 ], [ -91.597540196999944, 15.096208614000034 ], [ -91.597126195999977, 15.094436706000067 ], [ -91.59715063499999, 15.089827072000048 ], [ -91.595400755999947, 15.085536356000034 ], [ -91.593450685999983, 15.083228404000067 ], [ -91.591768126999966, 15.081183095000029 ], [ -91.590370435999944, 15.079852482000035 ] ] ] ] } },
{ "type": "Feature", "properties": { "Codigo": 1219, "datos_finales_color_riesgo": "fe9181" }, "geometry": { "type": "MultiPolygon", "coordinates": [ [ [ [ -91.901390613999979, 14.973498921000044 ], [ -91.903872050999951, 14.970346926000047 ], [ -91.905612763999954, 14.969302145000029 ], [ -91.907056697999963, 14.968672889000061 ], [ -91.90898260199998, 14.967662868000048 ], [ -91.910993101999964, 14.966354917000046 ], [ -91.91318625599996, 14.965009398000063 ], [ -91.915543507999985, 14.963500788000033 ], [ -91.920092460999967, 14.961029617000065 ], [ -91.923851173999935, 14.958745590000035 ], [ -91.927016298999945, 14.956844036000064 ], [ -91.930174890999979, 14.954607926000051 ], [ -91.93341572099996, 14.952416220000032 ], [ -91.93948775399997, 14.947506444000055 ], [ -91.942400275999944, 14.945031705000076 ], [ -91.943364832999976, 14.944102794000059 ], [ -91.944342679999977, 14.942830423000032 ], [ -91.944856644999959, 14.942538999000021 ], [ -91.945950847999939, 14.941950803000054 ], [ -91.946957717999965, 14.941276319000053 ], [ -91.948754521999945, 14.939841589000025 ], [ -91.950814646999959, 14.938026117000049 ], [ -91.954933517999962, 14.934538606000046 ], [ -91.956204687999957, 14.933510468000065 ], [ -91.957650913999942, 14.93232830900007 ], [ -91.958723566999936, 14.93161225700004 ], [ -91.962940267999954, 14.930452830000036 ], [ -91.971456811999985, 14.929441522000047 ], [ -91.977412323999943, 14.92858456600004 ], [ -91.991965891999939, 14.926265985000043 ], [ -91.99495632199995, 14.925472318000061 ], [ -91.998015488999954, 14.92463710100003 ], [ -92.003785922999953, 14.922540138000045 ], [ -92.009436516999983, 14.918674033000059 ], [ -92.010031235999975, 14.918101429000046 ], [ -92.014242137999986, 14.915174786000023 ], [ -92.015433495999957, 14.914747117000047 ], [ -92.016690990999962, 14.915875758000027 ], [ -92.020858382999961, 14.91611623600005 ], [ -92.02914706599995, 14.91522605800003 ], [ -92.03205345899994, 14.914325308000059 ], [ -92.03731354599995, 14.913712417000056 ], [ -92.040177109999945, 14.914727902000038 ], [ -92.042374137999957, 14.917471763000037 ], [ -92.043055236999976, 14.919552726000063 ], [ -92.042743303999941, 14.923338131000037 ], [ -92.040455319999978, 14.933354103000056 ], [ -92.039428893999968, 14.93483690100004 ], [ -92.039396872999987, 14.935634561000029 ], [ -92.038286698999968, 14.936475151000025 ], [ -92.037395755999967, 14.938323505000028 ], [ -92.032889012999988, 14.943038129000058 ], [ -92.032094619999953, 14.945629288000077 ], [ -92.033026081999935, 14.953697041000055 ], [ -92.033508516999973, 14.954329635000022 ], [ -92.034387282999944, 14.958473737000077 ], [ -92.03454082799999, 14.970133902000043 ], [ -92.033902133999959, 14.982051736000074 ], [ -92.03418533599995, 14.984742372000028 ], [ -92.035545169999978, 14.985712032000038 ], [ -92.040708310999946, 14.986768917000063 ], [ -92.041358074999948, 14.987307280000039 ], [ -92.041363949999948, 14.989382015000047 ], [ -92.040077789999941, 14.990520176000075 ], [ -92.03432270899998, 14.996231813000065 ], [ -92.032917706999967, 14.998703971000054 ], [ -92.031085216999941, 15.001868128000069 ], [ -92.029181861999973, 15.010672980000038 ], [ -92.027868136999984, 15.014264196000056 ], [ -92.025080441999989, 15.018166620000045 ], [ -92.021760301999961, 15.020628215000045 ], [ -92.017195440999956, 15.021689953000077 ], [ -92.006440495999982, 15.022610505000046 ], [ -92.000378221999938, 15.022374888000058 ], [ -91.999066403999961, 15.022567999000046 ], [ -91.996010622999961, 15.023993020000034 ], [ -91.991379222999967, 15.029036047000034 ], [ -91.989775813999984, 15.029289956000071 ], [ -91.988973571999963, 15.028667150000047 ], [ -91.988977051999939, 15.025951783000039 ], [ -91.990618160999986, 15.022123860000022 ], [ -91.990201034999984, 15.019839410000031 ], [ -91.989514241999984, 15.018778681000072 ], [ -91.987887650999937, 15.017305843000031 ], [ -91.987072793999971, 15.012708774000032 ], [ -91.987078839999981, 15.009451015000025 ], [ -91.988336064999942, 15.003671009000072 ], [ -91.989031651999937, 15.001984750000076 ], [ -91.990345461999937, 14.996757545000037 ], [ -91.991366182999968, 14.993281663000062 ], [ -91.992093599999976, 14.991735650000066 ], [ -91.992912045999958, 14.989490567000075 ], [ -91.994213205999984, 14.984318638000047 ], [ -91.994031177999943, 14.983469203000027 ], [ -91.993523059999973, 14.98262397700006 ], [ -91.992488393999963, 14.98201937500005 ], [ -91.990244624999946, 14.98107606700006 ], [ -91.987912027999982, 14.980611464000049 ], [ -91.986665537999954, 14.980932495000047 ], [ -91.984782119999977, 14.982219099000076 ], [ -91.982421708999937, 14.983459485000026 ], [ -91.980364991999977, 14.983896643000037 ], [ -91.978578322999965, 14.984011816000077 ], [ -91.977833005999969, 14.98392711300005 ], [ -91.977271805999976, 14.983625147000055 ], [ -91.976613244999953, 14.983263983000029 ], [ -91.975851943999942, 14.982752063000078 ], [ -91.975499956999954, 14.981602405000046 ], [ -91.976096799999937, 14.977215043000058 ], [ -91.97614350899994, 14.975947394000059 ], [ -91.975670629999968, 14.974921492000021 ], [ -91.974862204999965, 14.973937020000051 ], [ -91.973693481999987, 14.97306618600004 ], [ -91.972208377999948, 14.972363420000022 ], [ -91.970641545999968, 14.972225276000074 ], [ -91.96886366199999, 14.972468106000065 ], [ -91.967779241999949, 14.972933280000063 ], [ -91.966814775999978, 14.973714260000065 ], [ -91.966111198999954, 14.974750669000059 ], [ -91.964852340999983, 14.983213139000043 ], [ -91.96425525899997, 14.983972042000062 ], [ -91.963204231999953, 14.984731140000065 ], [ -91.961737314999937, 14.985552749000021 ], [ -91.96059468499999, 14.987223320000055 ], [ -91.960710096999946, 14.990407035000032 ], [ -91.96062776399998, 14.994457681000029 ], [ -91.959775737999962, 14.996722816000045 ], [ -91.956785159999981, 15.000316067000028 ], [ -91.955182064999974, 15.001981104000038 ], [ -91.951967655999965, 15.00519244700007 ], [ -91.951048663999984, 15.00554642000003 ], [ -91.950453892999974, 15.005927876000044 ], [ -91.947083214999964, 15.007549661000041 ], [ -91.94194158099998, 15.007103204000032 ], [ -91.936736565999979, 15.008077855000067 ], [ -91.931712661999939, 15.00804190100007 ], [ -91.929111927999941, 15.004666857000075 ], [ -91.925864740999941, 15.002254872000037 ], [ -91.922163916999978, 15.001648665000062 ], [ -91.919449865999979, 15.002710411000066 ], [ -91.91756573899994, 15.004141053000069 ], [ -91.916541959999961, 15.005787078000026 ], [ -91.916063294999958, 15.008262840000043 ], [ -91.915370756999948, 15.009113802000059 ], [ -91.915162411999972, 15.010659747000034 ], [ -91.914355357999966, 15.012429959000031 ], [ -91.914541304999943, 15.014515651000067 ], [ -91.914148707999971, 15.014903620000041 ], [ -91.913735046999989, 15.018539033000025 ], [ -91.91187929299997, 15.023054579000075 ], [ -91.909746451999979, 15.026138229000026 ], [ -91.903493444999981, 15.032207739000057 ], [ -91.901998783999943, 15.034710185000051 ], [ -91.901102114999958, 15.036229050000031 ], [ -91.900987819999955, 15.037886161000074 ], [ -91.900285563999944, 15.039127989000065 ], [ -91.899114302999976, 15.038523433000023 ], [ -91.897463391999963, 15.037472466000054 ], [ -91.895409315999984, 15.037044403000039 ], [ -91.892838510999979, 15.03569740000006 ], [ -91.89068468499994, 15.035902718000045 ], [ -91.889539600999967, 15.036653072000036 ], [ -91.888648236999984, 15.037128950000067 ], [ -91.886830638999982, 15.038188999000056 ], [ -91.881323743999985, 15.038345004000064 ], [ -91.877499425999986, 15.035256038000057 ], [ -91.876228495999953, 15.031498285000055 ], [ -91.875279176999982, 15.030496965000054 ], [ -91.87446732899997, 15.028225114000065 ], [ -91.873197804999961, 15.025434603000065 ], [ -91.872707220999985, 15.024759845000062 ], [ -91.868875322999941, 15.019645828000023 ], [ -91.866764148999948, 15.017855634000057 ], [ -91.865927222999971, 15.017716998000026 ], [ -91.863019330999975, 15.015230134000035 ], [ -91.862482430999989, 15.015298637000058 ], [ -91.862090211999941, 15.014720398000065 ], [ -91.85972732, 15.013172956000062 ], [ -91.856775219999975, 15.011045126000056 ], [ -91.855006321999952, 15.009308529000066 ], [ -91.853137107999942, 15.007858425000052 ], [ -91.851170638999974, 15.006120806000069 ], [ -91.849855196999954, 15.004713019000064 ], [ -91.849586587999966, 15.001790729000049 ], [ -91.849861494999971, 15.001143525000032 ], [ -91.85070309799994, 14.998651702000075 ], [ -91.851928280999971, 14.997252216000049 ], [ -91.853635895999957, 14.996177189000036 ], [ -91.858988699999941, 14.991218690000039 ], [ -91.867599915999961, 14.98486719400006 ], [ -91.871320686999979, 14.982459616000028 ], [ -91.874079544999972, 14.980818991000035 ], [ -91.877836333999937, 14.980284961000052 ], [ -91.88822416499994, 14.980633032000071 ], [ -91.891590364999956, 14.979759006000052 ], [ -91.894474814999967, 14.979093896000052 ], [ -91.896487390999937, 14.978212098000029 ], [ -91.898957269999983, 14.97734717700007 ], [ -91.900292348999983, 14.976082398000074 ], [ -91.901390613999979, 14.973498921000044 ] ] ] ] } },
{ "type": "Feature", "properties": { "Codigo": 1310, "datos_finales_color_riesgo": "fe9181" }, "geometry": { "type": "MultiPolygon", "coordinates": [ [ [ [ -91.622537634999958, 15.411132380000026 ], [ -91.62253973299994, 15.408691954000062 ], [ -91.624738746999981, 15.406369083000072 ], [ -91.626134174999947, 15.403327165000064 ], [ -91.626745427999936, 15.401402318000066 ], [ -91.627209620999963, 15.396950253000057 ], [ -91.625596106999978, 15.39135665200007 ], [ -91.621717987999943, 15.386863045000041 ], [ -91.619984982999938, 15.386181184000066 ], [ -91.595240434999937, 15.385841071000073 ], [ -91.587885061999941, 15.384065900000053 ], [ -91.57779286799996, 15.383808436000038 ], [ -91.575806735999947, 15.383219530000076 ], [ -91.562525032999986, 15.375670638000031 ], [ -91.559575004999942, 15.373621313000058 ], [ -91.552268395999988, 15.366841429000033 ], [ -91.54199538499995, 15.35731009400007 ], [ -91.537930772999971, 15.354454449000059 ], [ -91.535243990999959, 15.353386101000069 ], [ -91.53484604199997, 15.353767619000052 ], [ -91.533931898999981, 15.353289355000072 ], [ -91.534058046999974, 15.351731063000045 ], [ -91.535065172999964, 15.349394478000022 ], [ -91.535677654999972, 15.346379677000073 ], [ -91.536896353999964, 15.342494385000066 ], [ -91.538666453999952, 15.339502974000027 ], [ -91.539513329999977, 15.337089613000046 ], [ -91.539423025999952, 15.33584398000005 ], [ -91.539945859999989, 15.335242956000059 ], [ -91.539926832999981, 15.333875770000077 ], [ -91.541748332999987, 15.328658947000065 ], [ -91.542739920999963, 15.328281288000028 ], [ -91.545532111999989, 15.328294975000063 ], [ -91.554634885999974, 15.32490251400003 ], [ -91.55514848699994, 15.324279923000063 ], [ -91.556720233999954, 15.323667560000047 ], [ -91.557316562999972, 15.323287279000056 ], [ -91.561763075999977, 15.321498084000041 ], [ -91.572034569999971, 15.319242207000059 ], [ -91.591575122999984, 15.320754806000025 ], [ -91.607295294999972, 15.320065871000054 ], [ -91.609083099999964, 15.319678178000061 ], [ -91.61114708299999, 15.318278727000063 ], [ -91.61412846199994, 15.313861506000023 ], [ -91.616487763999942, 15.308163668000077 ], [ -91.620754772999987, 15.289756695000051 ], [ -91.62258679699994, 15.278544126000043 ], [ -91.624201225999968, 15.272644968000066 ], [ -91.624847614999965, 15.270972249000067 ], [ -91.626703913999961, 15.265173968000056 ], [ -91.628439296999943, 15.261669643000062 ], [ -91.629078754999966, 15.259977655000057 ], [ -91.629672811999967, 15.255324054000027 ], [ -91.630278682999972, 15.254140285000062 ], [ -91.631473874999983, 15.250011206000067 ], [ -91.632341667999981, 15.248632432000022 ], [ -91.634544092999988, 15.25215064300005 ], [ -91.640563990999965, 15.260360561000027 ], [ -91.647296265999955, 15.268357713000057 ], [ -91.653367095999954, 15.275845676000074 ], [ -91.655162386999962, 15.279055087000074 ], [ -91.658154484999955, 15.282875001000036 ], [ -91.66043775199995, 15.287254444000041 ], [ -91.661616074999984, 15.28839135000004 ], [ -91.662083569999936, 15.289835842000059 ], [ -91.663355034999938, 15.291064816000073 ], [ -91.664055236999957, 15.292711813000039 ], [ -91.671334874999957, 15.298936622000042 ], [ -91.68277121899996, 15.306121279000024 ], [ -91.689305440999988, 15.314439340000035 ], [ -91.69976399699999, 15.326078205000044 ], [ -91.701580809999939, 15.328808372000026 ], [ -91.701851127999987, 15.329339852000032 ], [ -91.700438297999938, 15.330942826000069 ], [ -91.699606061999987, 15.333355899000026 ], [ -91.699365788999955, 15.338694254000075 ], [ -91.698583448999955, 15.341126817000031 ], [ -91.696709557999952, 15.343085236000036 ], [ -91.692975906999948, 15.349205338000047 ], [ -91.692373094999937, 15.351677334000044 ], [ -91.692155543999945, 15.355665607000049 ], [ -91.691424518999952, 15.357125620000033 ], [ -91.688157903999979, 15.359528843000078 ], [ -91.682932108999978, 15.362111389000063 ], [ -91.678571644999977, 15.36511246300006 ], [ -91.667667721999976, 15.37630989400003 ], [ -91.662008723999975, 15.38380640400004 ], [ -91.661500396999941, 15.38526537000007 ], [ -91.660631456999965, 15.385932404000073 ], [ -91.656675450999956, 15.391837989000067 ], [ -91.652694578999956, 15.400756629000057 ], [ -91.650835083999937, 15.407374137000033 ], [ -91.649852245999966, 15.408796291000044 ], [ -91.64776528799996, 15.408774562000076 ], [ -91.645675680999943, 15.409973029000071 ], [ -91.64499350899996, 15.41082076500004 ], [ -91.642605776999972, 15.412725785000077 ], [ -91.637397899999939, 15.414684685000054 ], [ -91.634409035999965, 15.414901341000075 ], [ -91.627529072999948, 15.413316719000022 ], [ -91.622537634999958, 15.411132380000026 ] ] ] ] } },
{ "type": "Feature", "properties": { "Codigo": 1319, "datos_finales_color_riesgo": "fe9181" }, "geometry": { "type": "MultiPolygon", "coordinates": [ [ [ [ -91.659123442999942, 15.46622016200007 ], [ -91.659808990999977, 15.461518522000063 ], [ -91.662833572999943, 15.455930526000031 ], [ -91.670914173999961, 15.44405247900005 ], [ -91.67187075399994, 15.441914888000042 ], [ -91.676884775999952, 15.43513977300006 ], [ -91.680807391999963, 15.427848471000061 ], [ -91.686704189999944, 15.419967671000052 ], [ -91.687475976999963, 15.418368968000038 ], [ -91.69136790899995, 15.413912051000068 ], [ -91.696934889999966, 15.405187223000041 ], [ -91.697975693999979, 15.402820618000021 ], [ -91.699316715999942, 15.396744160000026 ], [ -91.700001550999957, 15.396270231000074 ], [ -91.703701414999955, 15.396857892000071 ], [ -91.706194048999976, 15.397652016000052 ], [ -91.709169345999953, 15.397897532000059 ], [ -91.71085007399995, 15.398627007000073 ], [ -91.715274312999952, 15.406632867000042 ], [ -91.716795568999942, 15.408218949000059 ], [ -91.72182819599999, 15.409652374000075 ], [ -91.72586516399997, 15.409638271000063 ], [ -91.73036529899997, 15.410262857000077 ], [ -91.73498428399995, 15.412233711000056 ], [ -91.739745749999898, 15.415991621000046 ], [ -91.743387449999943, 15.417620060000047 ], [ -91.748053682999966, 15.417878035000058 ], [ -91.752160104999973, 15.417382529000065 ], [ -91.752331314999935, 15.418458009000062 ], [ -91.752927581999984, 15.419059053000069 ], [ -91.753685878999988, 15.422276698000076 ], [ -91.753660909999951, 15.42851123500003 ], [ -91.753033802999937, 15.432875827000032 ], [ -91.750931775999959, 15.437364310000078 ], [ -91.749035707999951, 15.440512758000068 ], [ -91.748766945999989, 15.443955103000064 ], [ -91.749175535999939, 15.447600131000058 ], [ -91.750773876999972, 15.450021426000035 ], [ -91.751168164999967, 15.451489095000056 ], [ -91.750815649999936, 15.456757981000067 ], [ -91.748697987999947, 15.461465524000062 ], [ -91.745841416999951, 15.46513953300007 ], [ -91.743575831999976, 15.467105109000045 ], [ -91.743494652999971, 15.467622128000073 ], [ -91.742750245999957, 15.467902634000041 ], [ -91.74117014699999, 15.471134122000024 ], [ -91.740470186999971, 15.47494683900004 ], [ -91.741404446999979, 15.482483878000039 ], [ -91.740599754999948, 15.484535663000031 ], [ -91.739801025999952, 15.485308462000035 ], [ -91.738563124999985, 15.485684425000045 ], [ -91.731999586999962, 15.486885249000068 ], [ -91.727070984999955, 15.488605968000059 ], [ -91.718640281999967, 15.489122233000046 ], [ -91.717846812999937, 15.489501780000069 ], [ -91.717872544999977, 15.485704480000038 ], [ -91.716313896999964, 15.48084155500004 ], [ -91.714940992999971, 15.479115079000053 ], [ -91.71365478599995, 15.477690756000072 ], [ -91.709649189999936, 15.474878958000033 ], [ -91.706669938999937, 15.473501222000039 ], [ -91.704119754999965, 15.472917996000035 ], [ -91.698901102999969, 15.472699833000036 ], [ -91.692428675999963, 15.47455646800006 ], [ -91.684654710999951, 15.475312611000049 ], [ -91.679700149999974, 15.475062796000032 ], [ -91.674729396999965, 15.474245603000043 ], [ -91.664921917999948, 15.46999383800005 ], [ -91.659123442999942, 15.46622016200007 ] ] ] ] } },
{ "type": "Feature", "properties": { "Codigo": 1412, "datos_finales_color_riesgo": "fe9181" }, "geometry": { "type": "MultiPolygon", "coordinates": [ [ [ [ -90.660269957999958, 14.968508539000027 ], [ -90.661095644999989, 14.967838277000055 ], [ -90.661887928999988, 14.967194775000053 ], [ -90.662819582999987, 14.966178885000033 ], [ -90.66355185499998, 14.964265384000043 ], [ -90.667170036999948, 14.961030716000039 ], [ -90.669369697999969, 14.957800692000035 ], [ -90.670974529999967, 14.954947415000049 ], [ -90.671589930999971, 14.952657738000028 ], [ -90.671987223999963, 14.952278943000067 ], [ -90.672672630999955, 14.949958352000067 ], [ -90.67346796399994, 14.948860827000033 ], [ -90.674764621999941, 14.942792505000057 ], [ -90.678442645999951, 14.937613449000025 ], [ -90.679643771999963, 14.935712530000046 ], [ -90.680728509999938, 14.934156003000055 ], [ -90.681252459999939, 14.930682914000045 ], [ -90.682017139999971, 14.929020355000034 ], [ -90.684463871999981, 14.926577510000072 ], [ -90.685858930999984, 14.924993595000046 ], [ -90.687073054999985, 14.923438333000036 ], [ -90.688052502999938, 14.922212719000072 ], [ -90.69024527, 14.919556035000028 ], [ -90.691128624999976, 14.918189392000045 ], [ -90.692162377999978, 14.91399182400005 ], [ -90.692508898999961, 14.909432695000078 ], [ -90.693612082999948, 14.909173897000073 ], [ -90.694230525999956, 14.90841103300005 ], [ -90.694713442999955, 14.907614047000038 ], [ -90.695159410999963, 14.90712387800005 ], [ -90.69571625399999, 14.906855047000022 ], [ -90.696427293999989, 14.906939 ], [ -90.696929158999978, 14.907525673000066 ], [ -90.697285510999961, 14.908035215000041 ], [ -90.697852375999958, 14.90895344300003 ], [ -90.69829944199995, 14.909397264000063 ], [ -90.69889632099995, 14.909623491000048 ], [ -90.699611810999954, 14.909289615000034 ], [ -90.69985653699996, 14.908555728000067 ], [ -90.700087891999942, 14.908096142000034 ], [ -90.700984877999986, 14.907677120000074 ], [ -90.701548899999977, 14.90777087500004 ], [ -90.702426577999972, 14.908130921000065 ], [ -90.703191149999952, 14.908533873000067 ], [ -90.703867987999956, 14.908612945000073 ], [ -90.70546150499996, 14.908606336000048 ], [ -90.706659126999966, 14.908640927000022 ], [ -90.707304222999937, 14.90859204800006 ], [ -90.708016902999987, 14.908522389000041 ], [ -90.708862402999955, 14.908358060000069 ], [ -90.709466540999983, 14.908777459000078 ], [ -90.710077505999948, 14.909210474000076 ], [ -90.71060493799996, 14.909580538000057 ], [ -90.711534891999975, 14.91032619200007 ], [ -90.712747165999986, 14.91111870900005 ], [ -90.713441590999935, 14.911733253000023 ], [ -90.713837943999977, 14.912693795000052 ], [ -90.714033048999966, 14.913464849000036 ], [ -90.71452940599994, 14.91463419300004 ], [ -90.714941910999983, 14.915165733000038 ], [ -90.715368343999955, 14.915478313000051 ], [ -90.71606613099999, 14.915721319000056 ], [ -90.71682402, 14.915662249000036 ], [ -90.717574282999976, 14.915280099000029 ], [ -90.718323558999941, 14.91493633500005 ], [ -90.71908179199994, 14.914844511000069 ], [ -90.719657579999989, 14.914927047000049 ], [ -90.720411050999985, 14.915286922000064 ], [ -90.721018093999987, 14.915600160000054 ], [ -90.722031368999978, 14.915940032000037 ], [ -90.722846154999957, 14.915827298000067 ], [ -90.723413803999961, 14.915579966000053 ], [ -90.724094908999973, 14.915312301000029 ], [ -90.725230548999946, 14.914784879000024 ], [ -90.725889930999983, 14.914428902000054 ], [ -90.72674584899994, 14.914711847000035 ], [ -90.727135966999981, 14.915221688000031 ], [ -90.727448396999989, 14.91560878100006 ], [ -90.728112467999949, 14.915857066000058 ], [ -90.728656304999959, 14.915775502000031 ], [ -90.729632031999984, 14.915378607000036 ], [ -90.730143125999973, 14.915152154000054 ], [ -90.730813651999938, 14.914784978000057 ], [ -90.731347959999937, 14.914504541000042 ], [ -90.732379196999943, 14.914240320000033 ], [ -90.733815288999949, 14.914189045000057 ], [ -90.734774104999985, 14.914352134000069 ], [ -90.735459101999936, 14.91476549600003 ], [ -90.736076387999958, 14.915156727000067 ], [ -90.736638746999972, 14.915414145000057 ], [ -90.737134303999937, 14.915617819000033 ], [ -90.737991970999985, 14.915735851000022 ], [ -90.739032413999951, 14.915646750000064 ], [ -90.739553617999945, 14.915563807000069 ], [ -90.74075176599996, 14.915498841000044 ], [ -90.741452638999988, 14.91550576000003 ], [ -90.741960848999952, 14.915554824000026 ], [ -90.742479290999938, 14.915680786000053 ], [ -90.743245464999973, 14.915941328000031 ], [ -90.744155674999945, 14.916423522000059 ], [ -90.744850947999964, 14.91696797000003 ], [ -90.745647252999959, 14.917514539000024 ], [ -90.746614040999987, 14.918030036000062 ], [ -90.747424142999989, 14.918367799000066 ], [ -90.748254731999964, 14.918913571000076 ], [ -90.748802979999937, 14.919468984000048 ], [ -90.749717865999969, 14.92062093800007 ], [ -90.752443118999963, 14.923714061000055 ], [ -90.753160321999985, 14.924443925000048 ], [ -90.75362120599999, 14.924634806000029 ], [ -90.75450961699994, 14.924929270000064 ], [ -90.755376655999953, 14.925156887000071 ], [ -90.756456946999947, 14.925485981000065 ], [ -90.757696115999977, 14.925783875000036 ], [ -90.758992743999954, 14.925917433000052 ], [ -90.759975060999977, 14.925894305000043 ], [ -90.760653991999959, 14.925724768000066 ], [ -90.761461059999988, 14.925239118000036 ], [ -90.762064075999945, 14.924772929000028 ], [ -90.762664927999936, 14.92451565600004 ], [ -90.76334101499998, 14.924620530000027 ], [ -90.764332779999961, 14.924806416000024 ], [ -90.765404331999946, 14.924915147000036 ], [ -90.766113753999946, 14.925054221000039 ], [ -90.766966026999967, 14.925588850000054 ], [ -90.767492259999983, 14.926033330000053 ], [ -90.76800665899998, 14.926499153000066 ], [ -90.768980031999945, 14.927343286000053 ], [ -90.769744569999943, 14.927657947000057 ], [ -90.770331337999949, 14.927696424000032 ], [ -90.771242909999955, 14.927776463000043 ], [ -90.77137510099999, 14.927009750000025 ], [ -90.771856682999953, 14.926322112000037 ], [ -90.77273612099998, 14.925462160000052 ], [ -90.773179487999982, 14.925213489000043 ], [ -90.773645604999956, 14.924954873000047 ], [ -90.774258874999987, 14.924675101000048 ], [ -90.774894337999967, 14.924439592000056 ], [ -90.77583468399996, 14.924205914000026 ], [ -90.776854791999938, 14.923952679000024 ], [ -90.777524293999988, 14.923738951000075 ], [ -90.778057545999957, 14.923502436000035 ], [ -90.778933214999938, 14.923006092000037 ], [ -90.77973181499999, 14.922266168000021 ], [ -90.77993023199997, 14.92166385400003 ], [ -90.780096078999975, 14.920896329000072 ], [ -90.780418426999972, 14.920327971000063 ], [ -90.780895932999954, 14.920089778000033 ], [ -90.781619797999952, 14.920009834000041 ], [ -90.78250389599998, 14.919765416000075 ], [ -90.783107577999942, 14.919342088000064 ], [ -90.783641369999941, 14.919051350000075 ], [ -90.784209111999985, 14.918847906000053 ], [ -90.784774468999956, 14.918820630000027 ], [ -90.785384783999973, 14.918826540000055 ], [ -90.785971896999968, 14.918886433000068 ], [ -90.786660170999937, 14.918992484000057 ], [ -90.787460430999943, 14.919165121000049 ], [ -90.788418237999963, 14.919492881000053 ], [ -90.789227195999956, 14.919951344000026 ], [ -90.789945014999944, 14.920463133000055 ], [ -90.790471639999964, 14.920930157000043 ], [ -90.791057067999986, 14.921156051000025 ], [ -90.791621761999977, 14.921194258000071 ], [ -90.793508847999988, 14.921233929000039 ], [ -90.794310593999967, 14.921319591000042 ], [ -90.794973217999939, 14.921721280000042 ], [ -90.796362844999976, 14.922933001000047 ], [ -90.797027942999989, 14.923093012000038 ], [ -90.797966359999975, 14.923046705000047 ], [ -90.798648110999977, 14.922712180000076 ], [ -90.79941106299998, 14.922159325000052 ], [ -90.799954001999936, 14.92211033500007 ], [ -90.800755607999974, 14.92221065800004 ], [ -90.801353761999962, 14.922271751000039 ], [ -90.801849291999986, 14.922430118000023 ], [ -90.80276116899995, 14.92282401600005 ], [ -90.803526108999961, 14.923161160000063 ], [ -90.804270220999967, 14.923376123000025 ], [ -90.804923702999986, 14.923537127000031 ], [ -90.805544760999965, 14.923631183000055 ], [ -90.806346319999989, 14.923737136000057 ], [ -90.807193259999963, 14.923778012000071 ], [ -90.807713221999961, 14.923761538000065 ], [ -90.808540327999935, 14.923581978000072 ], [ -90.809132685999941, 14.923126842000045 ], [ -90.80954266599997, 14.922845021000057 ], [ -90.810338056999967, 14.922413284000072 ], [ -90.81130918599996, 14.92252084200004 ], [ -90.811576152999976, 14.92294128900005 ], [ -90.811761696999952, 14.92360265800005 ], [ -90.812116575999937, 14.924231766000048 ], [ -90.812801244999946, 14.924755599000036 ], [ -90.813527195999939, 14.924471144000051 ], [ -90.81416552, 14.923949798000024 ], [ -90.814800950999938, 14.92371416900005 ], [ -90.815421880999963, 14.923764150000068 ], [ -90.816028674999984, 14.924121201000048 ], [ -90.816534836999949, 14.924379032000047 ], [ -90.817526716999964, 14.924618905000045 ], [ -90.818532230999949, 14.924716596000053 ], [ -90.819436401999951, 14.924669877000042 ], [ -90.820014385999968, 14.924544372000071 ], [ -90.820720310999945, 14.924056402000076 ], [ -90.821345342999962, 14.923699806000059 ], [ -90.822000438999964, 14.923760259000062 ], [ -90.822545896999941, 14.924557195000034 ], [ -90.822835208999948, 14.925010601000054 ], [ -90.823260299999959, 14.925476592000052 ], [ -90.823810565999963, 14.925854548000075 ], [ -90.824487226999963, 14.925966026000026 ], [ -90.825562548999983, 14.925822648000064 ], [ -90.826344803999973, 14.925598548000039 ], [ -90.827100967999968, 14.925716420000072 ], [ -90.827585725999938, 14.925852044000067 ], [ -90.828126249999968, 14.926044666000053 ], [ -90.828712297999971, 14.926215134000074 ], [ -90.829625338999961, 14.926442915000052 ], [ -90.830934876999947, 14.926631536000059 ], [ -90.832346351999945, 14.926733019000039 ], [ -90.83398454099995, 14.926814050000075 ], [ -90.835148926999977, 14.926825077000046 ], [ -90.835714585999938, 14.926770572000066 ], [ -90.836576531999981, 14.926476034000075 ], [ -90.837279348999971, 14.926296323000031 ], [ -90.837800432999984, 14.926169104000053 ], [ -90.838977610999962, 14.926004036000052 ], [ -90.840039672999978, 14.926025366000033 ], [ -90.840683740999964, 14.926086792000035 ], [ -90.841213883999956, 14.926157308000029 ], [ -90.841969965999965, 14.926285295000071 ], [ -90.84261283, 14.926467557000024 ], [ -90.843537142999935, 14.926673932000028 ], [ -90.844169387999955, 14.926756699000066 ], [ -90.84499484, 14.92674302000006 ], [ -90.845775329999981, 14.92669502900003 ], [ -90.846736208999971, 14.926671328000054 ], [ -90.848079244999951, 14.926881627000057 ], [ -90.848049154999956, 14.927629049000075 ], [ -90.847909139999956, 14.928099846000066 ], [ -90.848184490999984, 14.928794802000027 ], [ -90.848875370999963, 14.928647696000041 ], [ -90.84962404099997, 14.928413032000037 ], [ -90.850404426999944, 14.928376322000076 ], [ -90.850980206999964, 14.928414490000023 ], [ -90.851913641999943, 14.928873918000022 ], [ -90.852271847999987, 14.929239842000072 ], [ -90.853690884999935, 14.930923654000026 ], [ -90.854296563999981, 14.931402585000058 ], [ -90.855051912999954, 14.931607331000066 ], [ -90.85565057599996, 14.931623114000047 ], [ -90.856385127999943, 14.931641299000034 ], [ -90.857661899999982, 14.931686022000065 ], [ -90.85873550499997, 14.931718672000045 ], [ -90.859287817999984, 14.931898912000065 ], [ -90.860029380999947, 14.932323761000077 ], [ -90.860841287999961, 14.932507558000054 ], [ -90.86139512799997, 14.932534200000077 ], [ -90.862401226999964, 14.932522152000047 ], [ -90.863035133999972, 14.932439980000026 ], [ -90.863533575999952, 14.932312492000051 ], [ -90.864010484999937, 14.932130585000039 ], [ -90.864862062999975, 14.931709341000044 ], [ -90.865711171999976, 14.931596416000048 ], [ -90.866388958999948, 14.931658087000073 ], [ -90.866963663999968, 14.931806894000033 ], [ -90.867548367999973, 14.932119569000065 ], [ -90.868235353999978, 14.932367683000052 ], [ -90.868834060999973, 14.932438777000073 ], [ -90.869351676999941, 14.932663849000051 ], [ -90.869776968999986, 14.933063133000076 ], [ -90.870166876999974, 14.933693626000036 ], [ -90.870499835999965, 14.934268244000066 ], [ -90.870822887999964, 14.934787426000071 ], [ -90.871451925999963, 14.935199898000064 ], [ -90.87215017599999, 14.935426650000068 ], [ -90.873109850999981, 14.935589191000076 ], [ -90.874002506999943, 14.93559749700006 ], [ -90.87454538899999, 14.935558498000034 ], [ -90.875486800999965, 14.935215982000045 ], [ -90.876338843999974, 14.934805991000076 ], [ -90.876848903999985, 14.93467858200006 ], [ -90.877823712999941, 14.934424465000063 ], [ -90.878866650999953, 14.934093044000065 ], [ -90.879627320999987, 14.933760127000028 ], [ -90.880241062999971, 14.933424716000047 ], [ -90.881340910999938, 14.933093807000034 ], [ -90.881927470999983, 14.933220099000039 ], [ -90.882523551999952, 14.933501217000071 ], [ -90.883186730999967, 14.933869925000067 ], [ -90.884245682999961, 14.934275050000053 ], [ -90.88551991199995, 14.934583898000028 ], [ -90.886331971999937, 14.934756316000062 ], [ -90.887473259999979, 14.934821082000042 ], [ -90.887972229999946, 14.934639329000049 ], [ -90.888415403999943, 14.934401712000067 ], [ -90.889269998999964, 14.93372852400006 ], [ -90.890947012999959, 14.932106242000032 ], [ -90.891916349999974, 14.931279360000076 ], [ -90.892723113999978, 14.93080337300006 ], [ -90.893177780999963, 14.930577147000065 ], [ -90.893698651999955, 14.930471257000022 ], [ -90.89429864799996, 14.930411273000061 ], [ -90.89489731399999, 14.930428082000049 ], [ -90.895586162999962, 14.930488640000021 ], [ -90.896737493999979, 14.930653977000077 ], [ -90.897414243999947, 14.930823979000024 ], [ -90.89814784899994, 14.930941415000063 ], [ -90.898745771999984, 14.931035013000042 ], [ -90.899321954999948, 14.931094524000059 ], [ -90.899819419999972, 14.93106633900004 ], [ -90.90029620699994, 14.93089451700007 ], [ -90.900922221999963, 14.930428137000035 ], [ -90.901587025999959, 14.929794945000026 ], [ -90.902741102999983, 14.929378584000062 ], [ -90.903577098999961, 14.929419007000035 ], [ -90.90466059299996, 14.929572386000075 ], [ -90.905263683999976, 14.929192752000063 ], [ -90.905608284999971, 14.928635675000066 ], [ -90.906176777999974, 14.928289609000046 ], [ -90.907435935999956, 14.927816579000023 ], [ -90.908106910999948, 14.927383344000077 ], [ -90.909119499999974, 14.926700220000043 ], [ -90.909882555999957, 14.926114204000044 ], [ -90.910294563999969, 14.925611953000043 ], [ -90.91084548799995, 14.924738231000049 ], [ -90.911428875999945, 14.924051173000066 ], [ -90.912290264999967, 14.923806029000048 ], [ -90.913136429999952, 14.923934609000071 ], [ -90.91382314699996, 14.924215344000061 ], [ -90.914476073999936, 14.924507064000068 ], [ -90.915568212999972, 14.924967696000067 ], [ -90.916416020999975, 14.924986715000045 ], [ -90.916804141999989, 14.924550874000033 ], [ -90.917074278999962, 14.923519832000068 ], [ -90.917148689999976, 14.922849581000037 ], [ -90.917245377999961, 14.922158073000048 ], [ -90.917559959999949, 14.92121553800007 ], [ -90.917767562999984, 14.920766755000045 ], [ -90.918238092999957, 14.92003459600005 ], [ -90.918714678999947, 14.919819808000057 ], [ -90.919471979999969, 14.919826697000076 ], [ -90.920215393999968, 14.920130519000054 ], [ -90.921023222999963, 14.92074215100007 ], [ -90.921965585999942, 14.921497321000061 ], [ -90.922662389999971, 14.921877519000077 ], [ -90.923536215999945, 14.921545470000069 ], [ -90.92409416299995, 14.921143909000023 ], [ -90.924559877999968, 14.920851073000051 ], [ -90.925070421999976, 14.920668204000037 ], [ -90.925693668999941, 14.920542834000059 ], [ -90.926904811999975, 14.920344852000028 ], [ -90.927402047999976, 14.920338065000067 ], [ -90.927910056999963, 14.920419473000038 ], [ -90.928766465999956, 14.920691536000049 ], [ -90.929635350999945, 14.92087447800003 ], [ -90.930357975999982, 14.920925067000042 ], [ -90.931613311999968, 14.920903665000026 ], [ -90.932402754999941, 14.920769614000051 ], [ -90.932455697999956, 14.921428602000049 ], [ -90.932844794999937, 14.922101922000024 ], [ -90.933337254999969, 14.922656448000055 ], [ -90.933986694999987, 14.923255315000063 ], [ -90.934559933999935, 14.923623067000051 ], [ -90.935257612999976, 14.923915135000072 ], [ -90.935777143999985, 14.924007928000037 ], [ -90.936318850999953, 14.924089626000068 ], [ -90.937244919999955, 14.924186083000052 ], [ -90.938894269999935, 14.924266464000027 ], [ -90.94021700199994, 14.924245625000026 ], [ -90.940979631999937, 14.924244585000054 ], [ -90.942150020999975, 14.924241565000045 ], [ -90.942928430999984, 14.924413478000076 ], [ -90.943455134999965, 14.924912948000042 ], [ -90.943899557999941, 14.925697446000072 ], [ -90.944541666999953, 14.92591105200006 ], [ -90.94526614199998, 14.925830589000043 ], [ -90.945810790999985, 14.925603930000023 ], [ -90.94700482799999, 14.924823984000056 ], [ -90.949851110999987, 14.922716964000074 ], [ -90.950600986999973, 14.922284299000069 ], [ -90.951404554999954, 14.922192098000039 ], [ -90.952057231999959, 14.922516471000051 ], [ -90.953314678999959, 14.923440387000028 ], [ -90.95376256899999, 14.923862322000048 ], [ -90.954302524999946, 14.92413033400004 ], [ -90.954991384999971, 14.924191842000027 ], [ -90.955872172999989, 14.924287819000028 ], [ -90.956900530999974, 14.92431847000006 ], [ -90.957769976999941, 14.924447096000051 ], [ -90.958875445999979, 14.92467722300006 ], [ -90.959709596999971, 14.924915092000049 ], [ -90.960690583999963, 14.925165563000064 ], [ -90.961751861999971, 14.925339936000057 ], [ -90.962833444999944, 14.925701989000061 ], [ -90.963440435999985, 14.926069979000033 ], [ -90.964035611999975, 14.926459320000049 ], [ -90.964483493999978, 14.926946749000024 ], [ -90.96521381299999, 14.928591082000025 ], [ -90.965839531999961, 14.929377161000048 ], [ -90.966311830999985, 14.929678429000035 ], [ -90.96740086899996, 14.930424575000075 ], [ -90.968817313999978, 14.931315946000041 ], [ -90.969940224999959, 14.932106433000058 ], [ -90.970850928999937, 14.93260925800007 ], [ -90.971449081999936, 14.932746725000072 ], [ -90.972464220999939, 14.932953401000077 ], [ -90.972729682999955, 14.933571357000062 ], [ -90.973022305999962, 14.934947476000048 ], [ -90.973651166999957, 14.935403739000037 ], [ -90.974214540999981, 14.935596238000073 ], [ -90.975106335999953, 14.935702410000033 ], [ -90.976022316999945, 14.935645012000066 ], [ -90.976747250999949, 14.935519273000068 ], [ -90.978161815999954, 14.93537817400005 ], [ -90.980117638999957, 14.935372876000031 ], [ -90.984581304999949, 14.935528626000064 ], [ -90.985486872999957, 14.935404454000036 ], [ -90.987847446999979, 14.934414300000071 ], [ -90.988787822999939, 14.93416955500004 ], [ -90.989398566999967, 14.934142173000055 ], [ -90.990308934999973, 14.934687846000031 ], [ -90.990338190999978, 14.935226899000043 ], [ -90.99068695599999, 14.936637388000065 ], [ -90.991524268999967, 14.936545350000074 ], [ -90.992328737999969, 14.936299397000028 ], [ -90.993199078999965, 14.936340930000028 ], [ -90.993885257999978, 14.93669824400007 ], [ -90.99430100699999, 14.93696508000005 ], [ -90.995031361999963, 14.937444774000028 ], [ -90.995526758999972, 14.937767654000027 ], [ -90.996315710999966, 14.938005003000058 ], [ -90.997005354999942, 14.93798958800005 ], [ -90.998362003999944, 14.937957421000021 ], [ -90.999027359999957, 14.938055872000064 ], [ -90.999339857999985, 14.937367318000042 ], [ -90.999697733999938, 14.936545874000046 ], [ -91.000165916999947, 14.936043928000061 ], [ -91.000700112999937, 14.935752659000059 ], [ -91.001403509999989, 14.935505788000057 ], [ -91.00171484699996, 14.934816090000027 ], [ -91.001870997999958, 14.933822313000064 ], [ -91.002284804999988, 14.933106401000032 ], [ -91.00301107699994, 14.93277161900005 ], [ -91.003520177999974, 14.932743310000035 ], [ -91.004106849999971, 14.932869295000046 ], [ -91.005042641999978, 14.93311919100006 ], [ -91.005675734999954, 14.933124715000076 ], [ -91.006162748999941, 14.93303521100006 ], [ -91.007093538999982, 14.932631036000032 ], [ -91.007797523999955, 14.932318637000037 ], [ -91.008599231999938, 14.932369675000075 ], [ -91.009434800999941, 14.932465058000048 ], [ -91.010181860999978, 14.93239475300004 ], [ -91.010804856999982, 14.932235257000059 ], [ -91.011326592999978, 14.932096342000023 ], [ -91.011870593999959, 14.931936158000042 ], [ -91.012868032999961, 14.931610478000039 ], [ -91.01485200799999, 14.931132964000028 ], [ -91.014324035999948, 14.932709774000045 ], [ -91.016246637999984, 14.934742748000076 ], [ -91.01778815199998, 14.936276522000071 ], [ -91.020257000999948, 14.940447965000033 ], [ -91.022005220999972, 14.94295042400006 ], [ -91.023085495999965, 14.945636860000036 ], [ -91.023786563999977, 14.95154720000005 ], [ -91.023350623999988, 14.957218391000026 ], [ -91.022754578999979, 14.957789311000056 ], [ -91.021428950999962, 14.962847332000024 ], [ -91.020932613999946, 14.963502695000045 ], [ -91.020837351999944, 14.964830243000051 ], [ -91.019225244999973, 14.967038111000022 ], [ -91.015729657999941, 14.971322670000063 ], [ -91.014454228999966, 14.972163260000059 ], [ -91.011283244999959, 14.974432031000049 ], [ -91.009496662999936, 14.976074637000067 ], [ -91.005477247999977, 14.978100953000023 ], [ -91.002429020999955, 14.979455709000035 ], [ -90.992035564999981, 14.982772241000077 ], [ -90.989852072999952, 14.983904003000077 ], [ -90.987377877999961, 14.984247009000057 ], [ -90.985329500999967, 14.985464630000024 ], [ -90.984209610999983, 14.985558644000037 ], [ -90.981314643999951, 14.986904280000033 ], [ -90.976989763999939, 14.987819251000076 ], [ -90.975124347999952, 14.988848632000042 ], [ -90.972104141999978, 14.990219004000039 ], [ -90.969374331999973, 14.993198121000034 ], [ -90.967944814999953, 14.994758813000033 ], [ -90.966468033999945, 14.99750621000004 ], [ -90.965115452999953, 15.00216813000003 ], [ -90.964446713999962, 15.005294341000024 ], [ -90.964766661999988, 15.012557831000038 ], [ -90.96553520599997, 15.01521910200006 ], [ -90.968857532999948, 15.022007921000068 ], [ -90.969283595999968, 15.022855488000062 ], [ -90.969864624999957, 15.02421498800004 ], [ -90.970459453999979, 15.026574247000042 ], [ -90.970591929999955, 15.028543077000052 ], [ -90.97043275499999, 15.03087301000005 ], [ -90.970321945999956, 15.031836641000041 ], [ -90.969929642999944, 15.033377207000058 ], [ -90.969393261999983, 15.034482745000048 ], [ -90.968575945999987, 15.036411453000028 ], [ -90.965054846999976, 15.036350569000035 ], [ -90.962789266999948, 15.036751577000075 ], [ -90.960248425999964, 15.036886907000053 ], [ -90.949090878999982, 15.036077102000036 ], [ -90.944377633999977, 15.035623355000041 ], [ -90.941464759999974, 15.035652326000047 ], [ -90.936053525999966, 15.035270018000062 ], [ -90.927990233999935, 15.035175155000047 ], [ -90.924155084999938, 15.034850988000073 ], [ -90.919429347999937, 15.034381936000045 ], [ -90.914280689999941, 15.033006434000072 ], [ -90.911173782999981, 15.032559976000073 ], [ -90.910175185999947, 15.032347485000059 ], [ -90.909301452999955, 15.031904590000067 ], [ -90.904399485999988, 15.027596728000049 ], [ -90.901069529999972, 15.024359376000064 ], [ -90.897937665999962, 15.022265731000061 ], [ -90.895146222999983, 15.020720744000073 ], [ -90.892868689999943, 15.019687629000032 ], [ -90.890683052999975, 15.019003228000031 ], [ -90.888241449999953, 15.018646238000031 ], [ -90.885820390999982, 15.018623741000056 ], [ -90.883964736999985, 15.018657306000023 ], [ -90.880154469999979, 15.019684655000049 ], [ -90.869134267999982, 15.026225191000037 ], [ -90.866679036999983, 15.026536480000061 ], [ -90.86454435099995, 15.02657629600003 ], [ -90.862960486999953, 15.026036206000072 ], [ -90.860666795999975, 15.025706285000069 ], [ -90.854572225999959, 15.026492546000043 ], [ -90.853431668999974, 15.026367702000073 ], [ -90.852506244999972, 15.026055134000046 ], [ -90.848669930999961, 15.025079146000053 ], [ -90.845177688999968, 15.024446328000067 ], [ -90.842577454999969, 15.024444251000034 ], [ -90.840221256999939, 15.024732475000064 ], [ -90.838422456999979, 15.025062118000051 ], [ -90.837771506999957, 15.025308923000068 ], [ -90.837421113999937, 15.026060062000056 ], [ -90.83729195699999, 15.026825727000073 ], [ -90.836788220999949, 15.03587120800006 ], [ -90.836226307999937, 15.038060373000064 ], [ -90.835315864999984, 15.040004511000063 ], [ -90.833936051999956, 15.04204581700003 ], [ -90.832656933999942, 15.044298147000063 ], [ -90.829156850999937, 15.049237644000073 ], [ -90.828253027999949, 15.050516561000052 ], [ -90.82728039899996, 15.05181740200004 ], [ -90.826308213999937, 15.053073064000046 ], [ -90.823230339999952, 15.056237611000029 ], [ -90.81833063, 15.06298070500003 ], [ -90.811278611999967, 15.070622234000041 ], [ -90.808639381999967, 15.074038100000053 ], [ -90.80540853399998, 15.077781371000071 ], [ -90.800127079999982, 15.084123804000058 ], [ -90.796426789999941, 15.088439478000055 ], [ -90.794143709999958, 15.092723712000065 ], [ -90.792795809999973, 15.094864366000024 ], [ -90.791866135999953, 15.096409373000029 ], [ -90.790381152999942, 15.098592715000052 ], [ -90.789661663999937, 15.099650724000071 ], [ -90.78901280599996, 15.100510645000043 ], [ -90.788116056999968, 15.101845879000052 ], [ -90.786342460999947, 15.103546363000078 ], [ -90.781514634999951, 15.106445692000023 ], [ -90.776869444999988, 15.108205997000027 ], [ -90.776379215999953, 15.107669228000077 ], [ -90.775201171999981, 15.105922883000062 ], [ -90.770861753999952, 15.099048423000056 ], [ -90.769848511999953, 15.096667831000047 ], [ -90.766234070999985, 15.091974549000042 ], [ -90.759099434999939, 15.080403429000057 ], [ -90.757427782999969, 15.077370280000025 ], [ -90.755486881999957, 15.075077597000075 ], [ -90.744404625999948, 15.067189487000064 ], [ -90.735669317999964, 15.061048941000024 ], [ -90.730666558999985, 15.05725166700006 ], [ -90.72713762099994, 15.054334175000065 ], [ -90.72471926899999, 15.052673475000063 ], [ -90.712024908999979, 15.043612561000032 ], [ -90.709962311999959, 15.042342688000076 ], [ -90.70528818799994, 15.038762858000041 ], [ -90.704303735999986, 15.03807077700003 ], [ -90.702154822999944, 15.036461165000048 ], [ -90.699757170999987, 15.035130231000039 ], [ -90.697994138999945, 15.033574187000056 ], [ -90.693627207999953, 15.03026380600005 ], [ -90.683327283999972, 15.022467042000073 ], [ -90.679159284999969, 15.019930936000037 ], [ -90.67563170599999, 15.017012819000058 ], [ -90.668952525999941, 15.012105237000071 ], [ -90.667212998999958, 15.010777374000043 ], [ -90.6673433, 15.010173386000076 ], [ -90.666215144999967, 15.008829199000047 ], [ -90.663769624999986, 15.006715959000076 ], [ -90.661685757999976, 15.005006202000061 ], [ -90.661232953999956, 15.004601765000075 ], [ -90.660551385999952, 15.004239019000067 ], [ -90.659548538999957, 15.003984772000024 ], [ -90.658162526999945, 15.003707379000048 ], [ -90.65772599099995, 15.003410389000067 ], [ -90.657253926999942, 15.002695182000025 ], [ -90.656995116999951, 15.002188837000062 ], [ -90.656670968999947, 15.000961306000022 ], [ -90.656736949999981, 15.000130799000033 ], [ -90.656404247999944, 14.999262308000027 ], [ -90.655797500999938, 14.998379701000033 ], [ -90.655530560999978, 14.997767115000045 ], [ -90.655390050999983, 14.997067741000023 ], [ -90.655340644999967, 14.996324134000076 ], [ -90.655262865999987, 14.995092365000062 ], [ -90.655419636999966, 14.993287052000028 ], [ -90.655533974999969, 14.991963526000063 ], [ -90.65557653799999, 14.991469317000053 ], [ -90.655584743999952, 14.990716140000075 ], [ -90.655559170999936, 14.989917439000067 ], [ -90.655485781999971, 14.989295553000034 ], [ -90.655480183999941, 14.98879633100006 ], [ -90.655485620999968, 14.988297223000075 ], [ -90.655514064999977, 14.98776560400006 ], [ -90.65583174599999, 14.986865408000028 ], [ -90.656383696999967, 14.986482598000066 ], [ -90.657152318999977, 14.986046677000047 ], [ -90.65762745699999, 14.985408973000062 ], [ -90.658036687999981, 14.984581993000063 ], [ -90.658386451999945, 14.983774726000036 ], [ -90.658695419999958, 14.982658732000061 ], [ -90.658788105999975, 14.98198773200005 ], [ -90.658907996999972, 14.98089802800007 ], [ -90.658952270999976, 14.979978077000055 ], [ -90.658949557999961, 14.979212361000066 ], [ -90.65888855899999, 14.978518324000049 ], [ -90.658618196999953, 14.977152442000033 ], [ -90.658558462999963, 14.976342097000042 ], [ -90.658649942999944, 14.975300663000041 ], [ -90.658795228999963, 14.974492424000061 ], [ -90.658887130999972, 14.973999848000062 ], [ -90.658989235999968, 14.973316521000072 ], [ -90.659183921999954, 14.972345034000057 ], [ -90.659432114999959, 14.971527684000023 ], [ -90.659610793999946, 14.970853048000038 ], [ -90.659872778999954, 14.969834819000027 ], [ -90.660269957999958, 14.968508539000027 ] ] ] ] } },
{ "type": "Feature", "properties": { "Codigo": 1505, "datos_finales_color_riesgo": "fe9181" }, "geometry": { "type": "MultiPolygon", "coordinates": [ [ [ [ -90.520917074999943, 15.007827557000041 ], [ -90.523804757999983, 15.003842323000072 ], [ -90.525896623999984, 15.002876997000044 ], [ -90.527119998999979, 15.001713629000051 ], [ -90.531150418999971, 15.00058185000006 ], [ -90.538350320999939, 14.999127452000039 ], [ -90.541998951999972, 14.997747417000028 ], [ -90.544804174999967, 14.995088947000056 ], [ -90.546210448999943, 14.993105335000052 ], [ -90.547295438999981, 14.990717365000023 ], [ -90.547468480999953, 14.986389676000044 ], [ -90.546385216999965, 14.983991902000071 ], [ -90.542842833999941, 14.980004742000062 ], [ -90.542136036999977, 14.976587917000074 ], [ -90.54518348299996, 14.968597424000052 ], [ -90.545525635999979, 14.963389608000057 ], [ -90.543216740999981, 14.958773217000044 ], [ -90.540879573999973, 14.956644250000068 ], [ -90.538728410999965, 14.95547261400003 ], [ -90.535372218999953, 14.953180161000034 ], [ -90.533620496999959, 14.949992579000025 ], [ -90.527435361999949, 14.948435079000035 ], [ -90.525654237999959, 14.947370106000051 ], [ -90.519980544999953, 14.945387726000035 ], [ -90.516072314999974, 14.942956921000075 ], [ -90.509077119999972, 14.940120904000025 ], [ -90.507404242999939, 14.938295896000056 ], [ -90.506941569999981, 14.93712548600007 ], [ -90.506853632999935, 14.933876873000031 ], [ -90.508432499999969, 14.93085985700003 ], [ -90.508502410999938, 14.929782207000073 ], [ -90.511429327999963, 14.924868064000066 ], [ -90.512769142999957, 14.919954675000042 ], [ -90.513900139999976, 14.917541381000035 ], [ -90.514041392999957, 14.911970152000038 ], [ -90.512596436999956, 14.909523211000021 ], [ -90.506756161999988, 14.903952412000024 ], [ -90.505105145999948, 14.902116371000034 ], [ -90.501654290999966, 14.899675751000075 ], [ -90.499715608999963, 14.897719103000043 ], [ -90.498232407999978, 14.895236683000064 ], [ -90.499221391999981, 14.895215863000033 ], [ -90.499731754999971, 14.895012528000052 ], [ -90.500076092999961, 14.894555565000076 ], [ -90.500421588999984, 14.893998110000041 ], [ -90.500833841999963, 14.893541884000058 ], [ -90.501289165999935, 14.893227280000076 ], [ -90.501732431999983, 14.893001753000021 ], [ -90.502662351999959, 14.892714905000048 ], [ -90.503739124999981, 14.892430782000076 ], [ -90.504475253999942, 14.892284099000051 ], [ -90.505008564999969, 14.89210358400004 ], [ -90.505542309999953, 14.891834995000067 ], [ -90.506065865999972, 14.891543707000039 ], [ -90.506726371999946, 14.891056293000076 ], [ -90.507684592999965, 14.890276258000029 ], [ -90.508563237999965, 14.889549554000041 ], [ -90.509622294999986, 14.888834971000051 ], [ -90.510155145999988, 14.888643146000049 ], [ -90.511163481999972, 14.888401153000075 ], [ -90.512942037999949, 14.88802522900005 ], [ -90.514166413999988, 14.887676031000069 ], [ -90.515083809999965, 14.88746578000007 ], [ -90.516271031999963, 14.887369113000034 ], [ -90.517572291999954, 14.887251092000042 ], [ -90.518319790999954, 14.887072863000071 ], [ -90.519178857999975, 14.887038125000061 ], [ -90.519811361999984, 14.887066426000047 ], [ -90.520770508999988, 14.887164885000061 ], [ -90.522407183999974, 14.887314708000076 ], [ -90.523378200999957, 14.887390698000047 ], [ -90.524113418999946, 14.887321855000039 ], [ -90.52465749299995, 14.887162863000071 ], [ -90.525441380999951, 14.88679755000004 ], [ -90.52596531599994, 14.886419262000061 ], [ -90.526707549999969, 14.885735046000036 ], [ -90.527088129999981, 14.88504692600003 ], [ -90.527630940999984, 14.884030813000038 ], [ -90.528221162999955, 14.883795522000071 ], [ -90.528729434999946, 14.883822458000054 ], [ -90.529416234999985, 14.884027479000054 ], [ -90.530000445999974, 14.884319475000041 ], [ -90.530448320999938, 14.884654042000022 ], [ -90.530986626999947, 14.885000873000024 ], [ -90.531906473999982, 14.885593473000029 ], [ -90.532986195999968, 14.886065832000043 ], [ -90.53386427199996, 14.88635081700005 ], [ -90.53451746799999, 14.886500131000048 ], [ -90.535217638999939, 14.886551704000055 ], [ -90.535906704999945, 14.886559114000022 ], [ -90.536857080999937, 14.886459793000029 ], [ -90.537585433999936, 14.885973007000075 ], [ -90.537896026999988, 14.885514479000051 ], [ -90.53840241599994, 14.884685400000023 ], [ -90.539061638999954, 14.883996858000046 ], [ -90.540221591999966, 14.883693118000053 ], [ -90.540923998999972, 14.883547075000024 ], [ -90.54152437, 14.883388644000036 ], [ -90.542170132999956, 14.883220534000031 ], [ -90.543237186999988, 14.882814146000044 ], [ -90.543681150999987, 14.882521911000026 ], [ -90.544227701999944, 14.882142689000034 ], [ -90.544991886999981, 14.88151397200005 ], [ -90.545402549999949, 14.88118862500005 ], [ -90.545802712999944, 14.880764919000057 ], [ -90.546203384999956, 14.880296048000048 ], [ -90.548514381999951, 14.877749444000074 ], [ -90.549415865999947, 14.876990050000074 ], [ -90.55014130699999, 14.876756141000044 ], [ -90.550648448999937, 14.876882387000023 ], [ -90.55128849099998, 14.877218969000069 ], [ -90.551888054999949, 14.877181330000042 ], [ -90.552523802999985, 14.876869664000026 ], [ -90.553160996999964, 14.876481219000027 ], [ -90.553957539999942, 14.876016556000025 ], [ -90.554594770999984, 14.875572773000044 ], [ -90.555525073999945, 14.875241653000046 ], [ -90.556248359999984, 14.875249361000044 ], [ -90.557004566999979, 14.87532404500007 ], [ -90.557694356999946, 14.875264765000054 ], [ -90.558249008999951, 14.87519388100003 ], [ -90.558871986999975, 14.875035638000043 ], [ -90.559508667999978, 14.874691213000062 ], [ -90.560923833999937, 14.873421155000074 ], [ -90.562063709999961, 14.872520823000059 ], [ -90.562697551999975, 14.872428182000021 ], [ -90.563340318999963, 14.87252309400003 ], [ -90.563709867999989, 14.872856768000076 ], [ -90.563861712999937, 14.873397043000068 ], [ -90.56380558099994, 14.874363104000054 ], [ -90.563797059999956, 14.875121885000055 ], [ -90.564147118999983, 14.876157759000023 ], [ -90.564731370999937, 14.876449670000056 ], [ -90.565510974999938, 14.876457948000052 ], [ -90.566577869999946, 14.876008529000046 ], [ -90.566989115999945, 14.875627809000036 ], [ -90.568462250999971, 14.874258940000061 ], [ -90.568907032999959, 14.873889864000034 ], [ -90.569582671999967, 14.873435150000034 ], [ -90.570489799999962, 14.872786391000034 ], [ -90.571331212999951, 14.872354883000071 ], [ -90.57288419799994, 14.871887989000072 ], [ -90.573982, 14.871734725000067 ], [ -90.575553563999961, 14.871630507000077 ], [ -90.576400860999968, 14.871606713000062 ], [ -90.577307868999981, 14.871330583000031 ], [ -90.57775434499996, 14.870807924000076 ], [ -90.578223090999984, 14.870318247000057 ], [ -90.578973788999974, 14.869898171000045 ], [ -90.579674228999977, 14.869871684000032 ], [ -90.580283939999958, 14.869911994000063 ], [ -90.580902945999981, 14.870160187000067 ], [ -90.581432069999948, 14.870555370000034 ], [ -90.583209676999957, 14.872019593000061 ], [ -90.585160427999938, 14.873369311000033 ], [ -90.586885140999982, 14.874739222000073 ], [ -90.587468213999955, 14.875140607000048 ], [ -90.588177585999972, 14.875356987000032 ], [ -90.58882466099999, 14.875066787000037 ], [ -90.589337936999982, 14.874644181000065 ], [ -90.589716966999958, 14.874076744000035 ], [ -90.589769808999961, 14.873396336000042 ], [ -90.589730639999971, 14.872845960000063 ], [ -90.58988726199999, 14.871969015000047 ], [ -90.59031007499999, 14.871588367000072 ], [ -90.591135841999971, 14.871464914000057 ], [ -90.591971626999964, 14.871484980000048 ], [ -90.592716582999969, 14.871580884000025 ], [ -90.594260888999941, 14.871894090000069 ], [ -90.595058877999975, 14.872286419000034 ], [ -90.59565250299994, 14.872731939000062 ], [ -90.596144385999935, 14.873243018000039 ], [ -90.596826008999983, 14.873920963000046 ], [ -90.597518555999955, 14.874609184000064 ], [ -90.597933447999935, 14.874943286000075 ], [ -90.598471389999986, 14.875332879000041 ], [ -90.599224957999979, 14.875649069000076 ], [ -90.599697771999956, 14.875786145000063 ], [ -90.600383799999975, 14.876067745000057 ], [ -90.600991542999964, 14.876288670000065 ], [ -90.601440976999982, 14.87654520500007 ], [ -90.603154460999974, 14.877893437000068 ], [ -90.604655948999948, 14.879040688000032 ], [ -90.605744688999948, 14.879711572000076 ], [ -90.606915177999952, 14.88013034100004 ], [ -90.607706212999972, 14.880105846000049 ], [ -90.608466003999979, 14.879860808000046 ], [ -90.60911307799995, 14.87957054900005 ], [ -90.609659156999953, 14.879225028000064 ], [ -90.610284775999958, 14.878879205000032 ], [ -90.611024695999959, 14.878382116000068 ], [ -90.611833625999964, 14.877786363000041 ], [ -90.613551401999985, 14.876694134000047 ], [ -90.614550063999957, 14.876319432000059 ], [ -90.615546051999956, 14.876187496000057 ], [ -90.61605425099998, 14.876170192000075 ], [ -90.616742950999935, 14.876211229000035 ], [ -90.617273528999988, 14.876270949000059 ], [ -90.618097241999976, 14.876389049000068 ], [ -90.618558683999936, 14.876558723000073 ], [ -90.619194839999977, 14.877049802000045 ], [ -90.619775131999972, 14.877923139000075 ], [ -90.62021421299994, 14.87912589900003 ], [ -90.620597681999982, 14.880211759000076 ], [ -90.620814699999983, 14.881016955000064 ], [ -90.620906108999975, 14.881946199000026 ], [ -90.620961135999949, 14.883122385000036 ], [ -90.621010086999945, 14.883793706000063 ], [ -90.621117382999955, 14.88433350400004 ], [ -90.621471463999967, 14.885029448000068 ], [ -90.622054495999976, 14.885602413000072 ], [ -90.622436159999907, 14.886960421000026 ], [ -90.622412384999961, 14.888069160000043 ], [ -90.622292998999967, 14.88857837200004 ], [ -90.621905005999963, 14.889649453000061 ], [ -90.621047956999973, 14.891875468000023 ], [ -90.620653798999967, 14.89350661900005 ], [ -90.620602085999963, 14.893986041000062 ], [ -90.620440817999963, 14.896298326000021 ], [ -90.62016115299997, 14.89686120600004 ], [ -90.619835385999977, 14.897445063000077 ], [ -90.619381766999936, 14.89825006500007 ], [ -90.619181511999955, 14.898825063000061 ], [ -90.61907290299996, 14.899355840000055 ], [ -90.618993667999973, 14.900330739000026 ], [ -90.618906566999954, 14.901017584000044 ], [ -90.618501856999956, 14.90154528100004 ], [ -90.617800949999946, 14.902025852000065 ], [ -90.616964363999955, 14.902383042000054 ], [ -90.61648256899997, 14.902633252000044 ], [ -90.61620620399998, 14.903949409000063 ], [ -90.616121341999985, 14.906488339000077 ], [ -90.61602142299995, 14.907230383000069 ], [ -90.615456480999967, 14.907806093000033 ], [ -90.61497393799999, 14.90812291900005 ], [ -90.614616528999989, 14.908518968000067 ], [ -90.614438777999965, 14.909104356000057 ], [ -90.614740388999962, 14.909661989000028 ], [ -90.615463239999897, 14.910301934000074 ], [ -90.615959276999945, 14.910816419000071 ], [ -90.616167656999949, 14.911561674000041 ], [ -90.615952810999943, 14.912457235000034 ], [ -90.615706907999936, 14.913009163000027 ], [ -90.615619299999935, 14.913740043000075 ], [ -90.615631614999984, 14.914677495000035 ], [ -90.615933169999948, 14.915240776000076 ], [ -90.616373647999978, 14.915633846000048 ], [ -90.617087486999935, 14.916039927000043 ], [ -90.617746128999954, 14.916290720000063 ], [ -90.618498042999988, 14.916403574000071 ], [ -90.619325493999952, 14.916828901000031 ], [ -90.619777604999967, 14.91722095800003 ], [ -90.620374985999945, 14.917815545000053 ], [ -90.620744649999949, 14.91841792300005 ], [ -90.620907566999961, 14.918916516000024 ], [ -90.621464752999941, 14.919311923000066 ], [ -90.621987697999941, 14.919494662000034 ], [ -90.622784757999966, 14.919569577000061 ], [ -90.623286661999941, 14.919553336000035 ], [ -90.624736653999946, 14.91939674200006 ], [ -90.625476909999975, 14.919515100000069 ], [ -90.626076121999972, 14.919997892000026 ], [ -90.626939450999942, 14.921337183000048 ], [ -90.62766301399995, 14.921866433000048 ], [ -90.628312242999982, 14.921972547000053 ], [ -90.629349482999942, 14.922017181000058 ], [ -90.629862772999957, 14.922022501000072 ], [ -90.630429836999951, 14.922261015000061 ], [ -90.630950250999945, 14.922676350000074 ], [ -90.631528558999946, 14.922948860000076 ], [ -90.632113286999981, 14.922688395000023 ], [ -90.632914619999951, 14.922374834000038 ], [ -90.63353116799999, 14.922337173000074 ], [ -90.633976175999976, 14.923328802000071 ], [ -90.634037167999963, 14.92401718900004 ], [ -90.634165465999956, 14.924816945000032 ], [ -90.634456630999978, 14.925273946000061 ], [ -90.634783478999964, 14.925654518000044 ], [ -90.635798704999956, 14.926652046000072 ], [ -90.636159817999953, 14.927032973000053 ], [ -90.636506647999965, 14.927657685000042 ], [ -90.636831599999937, 14.928159074000064 ], [ -90.637100241999974, 14.928605674000039 ], [ -90.637583867999979, 14.929254388000061 ], [ -90.63789475599998, 14.930033445000049 ], [ -90.638025881999965, 14.930522666000059 ], [ -90.638394284999947, 14.931246981000072 ], [ -90.638797785999941, 14.931894862000036 ], [ -90.638597670999957, 14.932457457000055 ], [ -90.637476295999988, 14.933888010000032 ], [ -90.63735414699994, 14.93459596100007 ], [ -90.638170008999964, 14.935082098000066 ], [ -90.638503798999977, 14.935838807000039 ], [ -90.63877036599996, 14.936529319000044 ], [ -90.639005004999945, 14.936952980000058 ], [ -90.641718182999966, 14.940207478000048 ], [ -90.642570655999975, 14.941492413000049 ], [ -90.642711841999983, 14.942125163000071 ], [ -90.642713285999946, 14.943056871000067 ], [ -90.642541608999977, 14.944152803000065 ], [ -90.642521522999971, 14.944928441000059 ], [ -90.642549728999938, 14.945483230000036 ], [ -90.642630960999952, 14.947458126000072 ], [ -90.642748034999954, 14.948225018000073 ], [ -90.643829723999943, 14.94841348500006 ], [ -90.644477012999971, 14.948652806000041 ], [ -90.644672210999943, 14.949552633000053 ], [ -90.64534877799997, 14.950302708000038 ], [ -90.64591674899998, 14.950519748000033 ], [ -90.646460777999948, 14.950802042000078 ], [ -90.647147908999955, 14.95159626700007 ], [ -90.647430518999954, 14.952896775000056 ], [ -90.647637096999972, 14.953819305000025 ], [ -90.647972024999945, 14.954476637000027 ], [ -90.648287196999945, 14.954868374000057 ], [ -90.649912480999944, 14.955384278000054 ], [ -90.651401299999975, 14.955898767000065 ], [ -90.653115247999949, 14.956648203000043 ], [ -90.653919873999939, 14.957110466000074 ], [ -90.654541531999939, 14.957627315000025 ], [ -90.655994744999987, 14.959283166000034 ], [ -90.657775687999958, 14.962317904000031 ], [ -90.658190342999944, 14.962964751000072 ], [ -90.658527453999966, 14.963478671000075 ], [ -90.65886483099996, 14.963914669000076 ], [ -90.65992883199999, 14.965688477000072 ], [ -90.660184723999976, 14.966300944000068 ], [ -90.660327036999945, 14.966835450000076 ], [ -90.660387626999977, 14.967567880000047 ], [ -90.660269957999958, 14.968508539000027 ], [ -90.657852796999975, 14.967249367000022 ], [ -90.655905922999978, 14.965316277000056 ], [ -90.652319005999971, 14.961178791000066 ], [ -90.650451851999946, 14.960094613000024 ], [ -90.648949199999947, 14.959408314000029 ], [ -90.646719806999954, 14.959481326000059 ], [ -90.645433097999955, 14.960137743000075 ], [ -90.643765319999943, 14.963083871000038 ], [ -90.640652787999954, 14.964612424000052 ], [ -90.638152846999958, 14.964670123000076 ], [ -90.636481157999981, 14.96329875400005 ], [ -90.634540391999963, 14.963478529000042 ], [ -90.633307790999936, 14.964121876000036 ], [ -90.63211483799995, 14.965914143000077 ], [ -90.630797896999979, 14.970265265000023 ], [ -90.627588963999983, 14.97219803400003 ], [ -90.626696481999943, 14.972858425000027 ], [ -90.62580176199998, 14.973141602000055 ], [ -90.624085861999959, 14.975202785000022 ], [ -90.623947628999986, 14.981151668000052 ], [ -90.623158263999983, 14.982516673000077 ], [ -90.621258285999943, 14.984089169000072 ], [ -90.615699266999968, 14.988079608000078 ], [ -90.60954628799999, 14.990718655000023 ], [ -90.605802374999939, 14.993493529000034 ], [ -90.604608781999957, 14.994628338000041 ], [ -90.60104202299999, 14.996560268000053 ], [ -90.596401812999943, 14.997493805000033 ], [ -90.591127342999982, 14.997068778000028 ], [ -90.588915485999962, 14.997309615000063 ], [ -90.588201350999952, 15.002093591000062 ], [ -90.587711117999959, 15.003175892000058 ], [ -90.587045805999935, 15.003863344000024 ], [ -90.586021129999949, 15.004685885000072 ], [ -90.584754576999956, 15.005423415000053 ], [ -90.582582425999988, 15.006619967000063 ], [ -90.577835341999958, 15.005828676000021 ], [ -90.57478645599997, 15.004819380000072 ], [ -90.572512427999982, 15.003974155000037 ], [ -90.569762337999975, 15.002078123000047 ], [ -90.568275642999936, 15.000345755000069 ], [ -90.567308460999982, 15.000241692000031 ], [ -90.565935277999984, 15.001827180000078 ], [ -90.562970262999954, 15.008086567000078 ], [ -90.562364393999985, 15.009006071000044 ], [ -90.560332107999955, 15.011482206000039 ], [ -90.558602648999965, 15.011945843000035 ], [ -90.557107328999962, 15.012100306000036 ], [ -90.555533394999941, 15.011914008000076 ], [ -90.554302048999944, 15.010925093000026 ], [ -90.553727364999986, 15.00976481500004 ], [ -90.553580912999962, 15.006044603000078 ], [ -90.553001276999964, 15.004197686000055 ], [ -90.552093439999965, 15.003167075000022 ], [ -90.551118819999942, 15.002492588000052 ], [ -90.550276598999972, 15.002281388000029 ], [ -90.549563230999979, 15.00233468600004 ], [ -90.548762520999958, 15.002864718000069 ], [ -90.547772615999975, 15.003684053000029 ], [ -90.543596262999984, 15.005537274000062 ], [ -90.540604735999977, 15.007810878000043 ], [ -90.538550783999938, 15.008204226000032 ], [ -90.536842681999985, 15.008274948000064 ], [ -90.534518231999982, 15.009358684000063 ], [ -90.531674521999946, 15.010787951000054 ], [ -90.53029756799998, 15.010955940000031 ], [ -90.529188361999957, 15.010876139000061 ], [ -90.526899345999936, 15.010541852000074 ], [ -90.524567497999954, 15.009942838000029 ], [ -90.522623777999968, 15.008985542000062 ], [ -90.520917074999943, 15.007827557000041 ] ] ] ] } },
{ "type": "Feature", "properties": { "Codigo": 204, "datos_finales_color_riesgo": "fe9181" }, "geometry": { "type": "MultiPolygon", "coordinates": [ [ [ [ -89.836254929999939, 15.069038947000024 ], [ -89.826028575999942, 15.060477410000033 ], [ -89.823116398999957, 15.057565370000077 ], [ -89.81530636299999, 15.051108395000028 ], [ -89.811453698999969, 15.046871582000051 ], [ -89.809412772999963, 15.045023548000074 ], [ -89.808442378999985, 15.044052829000066 ], [ -89.806027268999969, 15.040859837000028 ], [ -89.803426245999958, 15.036899012000049 ], [ -89.801785372999973, 15.034673970000028 ], [ -89.796721106999939, 15.028632216000062 ], [ -89.795679856999982, 15.027982121000036 ], [ -89.795700205999935, 15.027436158000057 ], [ -89.793370350999965, 15.024312018000046 ], [ -89.792851535999944, 15.024216663000061 ], [ -89.789369127999976, 15.019973576000041 ], [ -89.788754923999988, 15.016823986000077 ], [ -89.789501089999987, 15.015148390000036 ], [ -89.790541959999985, 15.014342594000027 ], [ -89.792210495999939, 15.013416985000049 ], [ -89.79331493899997, 15.013368237000066 ], [ -89.811847549999982, 15.015377150000063 ], [ -89.837957090999964, 15.015358125000034 ], [ -89.84660712499999, 15.017384600000071 ], [ -89.854403074999937, 15.020017461000066 ], [ -89.867464964999954, 15.023624565000034 ], [ -89.871341517999952, 15.024059476000048 ], [ -89.872278527999981, 15.023593816000073 ], [ -89.873004567999942, 15.021068785000068 ], [ -89.871479927999985, 15.017551136000066 ], [ -89.870500924999988, 15.017155033000051 ], [ -89.870314150999945, 15.016384957000071 ], [ -89.868664786999943, 15.014735810000047 ], [ -89.866251667999961, 15.011352638000062 ], [ -89.863048098999968, 15.008149294000077 ], [ -89.861614076999956, 15.005161092000037 ], [ -89.860546261999957, 15.004093302000058 ], [ -89.859787943999947, 15.003301793000048 ], [ -89.857410067999979, 15.001139151000075 ], [ -89.855822150999984, 14.99931246500006 ], [ -89.855373623999981, 14.997587302000056 ], [ -89.853816975999962, 14.994975489000069 ], [ -89.85188001299997, 14.990940809000051 ], [ -89.851101903999961, 14.990158037000072 ], [ -89.849359702999948, 14.985872094000058 ], [ -89.846902335999971, 14.982814392000023 ], [ -89.847263670999951, 14.978319413000065 ], [ -89.84812592899999, 14.977435183000068 ], [ -89.848258401999942, 14.975801581000042 ], [ -89.849496164999948, 14.972859335000066 ], [ -89.851014483999961, 14.964898379000033 ], [ -89.85136154199995, 14.960532968000052 ], [ -89.851176541999962, 14.959805808000056 ], [ -89.849362522999968, 14.958496333000028 ], [ -89.848753735999935, 14.957296049000036 ], [ -89.849006259999953, 14.954871775000072 ], [ -89.850026742999944, 14.952366682000047 ], [ -89.84990391599996, 14.951317582000058 ], [ -89.849178199999983, 14.950453160000052 ], [ -89.848091421999982, 14.950345602000027 ], [ -89.84637311099999, 14.950992289000055 ], [ -89.84558389099999, 14.951772575000064 ], [ -89.843993501999989, 14.953196399000035 ], [ -89.842878298999949, 14.953166299000031 ], [ -89.840562301999967, 14.952213253000025 ], [ -89.840771707999977, 14.949448680000046 ], [ -89.83967377, 14.948598271000037 ], [ -89.839654682999935, 14.947801174000062 ], [ -89.838340822999953, 14.946396985000035 ], [ -89.836573099999953, 14.945822837000037 ], [ -89.834482913999977, 14.946577146000038 ], [ -89.832930162999958, 14.947689904000072 ], [ -89.832237085999964, 14.950261510000075 ], [ -89.830287364999947, 14.952434176000054 ], [ -89.824186796999982, 14.952910282000062 ], [ -89.820881527999973, 14.952451168000039 ], [ -89.818514021999988, 14.951694713000052 ], [ -89.817321377999974, 14.95054267200004 ], [ -89.816554280999981, 14.948953008000046 ], [ -89.815059186999974, 14.947334001000058 ], [ -89.815005739999947, 14.946000336000054 ], [ -89.814020959999937, 14.944374904000028 ], [ -89.814632354999958, 14.944045973000073 ], [ -89.816124192999951, 14.943012639000074 ], [ -89.816486470999962, 14.942612509000071 ], [ -89.816806507999956, 14.942124887000034 ], [ -89.816906047999964, 14.941633059000026 ], [ -89.816962073999946, 14.940982617000031 ], [ -89.816900043999965, 14.940465965000044 ], [ -89.816723759999945, 14.939077540000028 ], [ -89.816486669999961, 14.937207469000043 ], [ -89.816502542999956, 14.936130969000033 ], [ -89.816558215999976, 14.935504225000045 ], [ -89.816727469999989, 14.934968222000066 ], [ -89.817057635999959, 14.934501054000066 ], [ -89.81764078499998, 14.93403853500007 ], [ -89.818199323999977, 14.933709982000039 ], [ -89.818993336999938, 14.933313601000066 ], [ -89.819726270999979, 14.933438927000054 ], [ -89.820209139999974, 14.933558513000037 ], [ -89.820829798999966, 14.933701460000066 ], [ -89.821655557999975, 14.934026715000073 ], [ -89.822202864999952, 14.934460957000056 ], [ -89.822542434999946, 14.934892309000077 ], [ -89.823061936999977, 14.935638796000035 ], [ -89.824423597999953, 14.938753604000055 ], [ -89.824848523999947, 14.939656785000068 ], [ -89.825482216999944, 14.940138499000057 ], [ -89.826569393999989, 14.940331938000043 ], [ -89.827076903999966, 14.940316417000076 ], [ -89.828257132999966, 14.940063068000029 ], [ -89.82900515099999, 14.939400783000053 ], [ -89.832412330999944, 14.933615193000037 ], [ -89.83487103799996, 14.929566929000032 ], [ -89.835691256999951, 14.928726152000024 ], [ -89.83618045899999, 14.928374015000031 ], [ -89.836995417999958, 14.927892073000066 ], [ -89.837758777999966, 14.927723181000033 ], [ -89.83858980499997, 14.92768953500007 ], [ -89.839422136999985, 14.927566738000053 ], [ -89.840039836999949, 14.92747595700007 ], [ -89.841803923999976, 14.927218180000068 ], [ -89.843167281999968, 14.927057559000048 ], [ -89.844323231999965, 14.926871494000068 ], [ -89.844832600999951, 14.926766789000055 ], [ -89.845551103999981, 14.926529530000039 ], [ -89.84620251299998, 14.926157031000059 ], [ -89.848253567999961, 14.924727086000075 ], [ -89.848928820999959, 14.924310890000072 ], [ -89.84966856599999, 14.924208220000025 ], [ -89.851444106999963, 14.924277833000076 ], [ -89.852595473999941, 14.924405427000067 ], [ -89.853564196999969, 14.924441340000044 ], [ -89.856124680999983, 14.924453999000036 ], [ -89.856886323999959, 14.924441901000023 ], [ -89.857973194999943, 14.924255940000023 ], [ -89.859822708999957, 14.92398902900004 ], [ -89.860630524999976, 14.923954980000076 ], [ -89.862595166999938, 14.92371332700003 ], [ -89.863800128999969, 14.923348368000063 ], [ -89.86445312699999, 14.922864094000033 ], [ -89.865062956999964, 14.922154615000068 ], [ -89.865862765999964, 14.921111389000032 ], [ -89.866708409999944, 14.920068789000027 ], [ -89.867364972999951, 14.919337366000036 ], [ -89.867786042999967, 14.918916491000061 ], [ -89.868578683999942, 14.918366392000053 ], [ -89.869230364999964, 14.917971244000057 ], [ -89.870136581999986, 14.917512987000066 ], [ -89.870875965999971, 14.91743394100007 ], [ -89.871544368999935, 14.917487104000031 ], [ -89.872463409999966, 14.917746860000022 ], [ -89.873448601999939, 14.918208425000046 ], [ -89.874109211999951, 14.918800991000069 ], [ -89.87560548099998, 14.920604781000065 ], [ -89.876287047999938, 14.921354517000054 ], [ -89.877038651999953, 14.922037490000037 ], [ -89.878041232999976, 14.922904478000078 ], [ -89.878840300999968, 14.923476353000069 ], [ -89.879526816999942, 14.923844651000024 ], [ -89.880399096999952, 14.924170336000032 ], [ -89.881711050999968, 14.924434296000072 ], [ -89.883052218999978, 14.924484194000058 ], [ -89.883929583999986, 14.924457779000022 ], [ -89.885590728999944, 14.924173412000073 ], [ -89.886677617999965, 14.923986182000021 ], [ -89.887950643999943, 14.923689737000075 ], [ -89.888971382999955, 14.923299556000075 ], [ -89.88988173599995, 14.922594086000061 ], [ -89.890049824999949, 14.922125700000038 ], [ -89.891352857999948, 14.918127477000041 ], [ -89.891834488999962, 14.916720880000071 ], [ -89.892282191999982, 14.916099401000054 ], [ -89.892771617999983, 14.915724547000025 ], [ -89.893489989999978, 14.915532268000049 ], [ -89.89445813399999, 14.915567990000056 ], [ -89.89530913499999, 14.915759011000034 ], [ -89.895974655999964, 14.916014105000045 ], [ -89.896983750999937, 14.916431879000072 ], [ -89.898362555999938, 14.916809517000047 ], [ -89.899214588999939, 14.916888795000034 ], [ -89.899813946999984, 14.916942068000026 ], [ -89.900644013999965, 14.916974768000046 ], [ -89.901819586999977, 14.917035845000044 ], [ -89.903180662999944, 14.917031708000025 ], [ -89.904565255999955, 14.91700643300004 ], [ -89.905927559999952, 14.916957147000062 ], [ -89.907150272999957, 14.916928541000061 ], [ -89.908790324999984, 14.916816396000058 ], [ -89.909587809999948, 14.916692857000044 ], [ -89.911321802999964, 14.916423945000076 ], [ -89.913066898999944, 14.916190156000027 ], [ -89.914384054999971, 14.91605104000007 ], [ -89.915631528999938, 14.91595499500005 ], [ -89.916612268999984, 14.915923070000076 ], [ -89.917374067999958, 14.915900606000037 ], [ -89.920022640999946, 14.915925007000055 ], [ -89.91984686699999, 14.917263578000075 ], [ -89.91872613399994, 14.919135724000057 ], [ -89.916621988999964, 14.922891998000068 ], [ -89.917185879999977, 14.925514879000048 ], [ -89.919879419999972, 14.927319922000038 ], [ -89.922873272999936, 14.928663946000029 ], [ -89.923962200999938, 14.93021030500006 ], [ -89.923887002999948, 14.931007310000041 ], [ -89.924572363999971, 14.931913884000039 ], [ -89.924921891999986, 14.934597089000022 ], [ -89.92492128899994, 14.941363873000057 ], [ -89.925518046999969, 14.942339239000034 ], [ -89.926142724999977, 14.945511507000049 ], [ -89.925656217999972, 14.951992947000065 ], [ -89.925942574999965, 14.961468054000022 ], [ -89.926834334999967, 14.96476019000005 ], [ -89.928381143999957, 14.968080339000039 ], [ -89.927648550999947, 14.974507670000037 ], [ -89.926063212999964, 14.977505663000045 ], [ -89.923775790999969, 14.98022777500006 ], [ -89.921876746999942, 14.981080278000036 ], [ -89.919703742999957, 14.983873860000074 ], [ -89.919027322999966, 14.98549911300006 ], [ -89.918316649999952, 14.985947760000045 ], [ -89.918059530999983, 14.986955622000039 ], [ -89.916065935999939, 14.98921430300004 ], [ -89.914171236999948, 14.992548849000059 ], [ -89.913424291999945, 14.994875181000054 ], [ -89.913010012999962, 15.000234387000035 ], [ -89.912631851999947, 15.001216890000023 ], [ -89.912471548999974, 15.00316063300005 ], [ -89.911827445999961, 15.004022137000049 ], [ -89.911339617999943, 15.006129609000027 ], [ -89.910748070999944, 15.007534734000046 ], [ -89.90961204599995, 15.008725902000037 ], [ -89.908235012999967, 15.012177993000023 ], [ -89.907587755999941, 15.012529251000046 ], [ -89.906981067999936, 15.014780691000055 ], [ -89.905773071999988, 15.016488929000047 ], [ -89.905356917999939, 15.018047663000061 ], [ -89.905461224999954, 15.024547098000028 ], [ -89.905801561999965, 15.026959283000053 ], [ -89.907028899999943, 15.031285437000065 ], [ -89.908650074999969, 15.034881031000054 ], [ -89.909587956999985, 15.039351106000026 ], [ -89.91124565399997, 15.042070182000032 ], [ -89.912074946999951, 15.044367125000065 ], [ -89.912664362999976, 15.047715027000038 ], [ -89.912582843999985, 15.050711798000066 ], [ -89.912159605999989, 15.051347150000026 ], [ -89.912490038999977, 15.055135116000031 ], [ -89.913736591999964, 15.05862515900003 ], [ -89.915721717999986, 15.060276403000046 ], [ -89.915529946999982, 15.065362073000074 ], [ -89.916142845999957, 15.069380762000037 ], [ -89.917680816999962, 15.07208240600005 ], [ -89.918432328999984, 15.073780074000069 ], [ -89.918499523999969, 15.077299219000054 ], [ -89.91670264399994, 15.08123093100005 ], [ -89.914550677999955, 15.082917272000032 ], [ -89.905491688999973, 15.084291428000029 ], [ -89.89925498499997, 15.086905950000073 ], [ -89.897564909999971, 15.086852313000065 ], [ -89.894764589999966, 15.085856774000035 ], [ -89.893236041999955, 15.084682268000051 ], [ -89.889434532999985, 15.084237276000067 ], [ -89.887247757999944, 15.084590974000037 ], [ -89.882888929999979, 15.087473489000047 ], [ -89.88176898599994, 15.087558515000069 ], [ -89.879824118999977, 15.088527212000031 ], [ -89.874893672999974, 15.089377930000069 ], [ -89.872947786999987, 15.090334131000077 ], [ -89.869335742999965, 15.090635205000069 ], [ -89.86737566499994, 15.092121631000055 ], [ -89.86423750299997, 15.092902093000077 ], [ -89.861780630999988, 15.094672770000045 ], [ -89.861181000999977, 15.095238943000027 ], [ -89.859904695999944, 15.094934550000062 ], [ -89.849243313999978, 15.08291508800005 ], [ -89.844976818999953, 15.078260915000044 ], [ -89.842946014999939, 15.075647995000054 ], [ -89.840707690999977, 15.073797397000021 ], [ -89.838583083999936, 15.070896472000072 ], [ -89.836254929999939, 15.069038947000024 ] ] ] ] } },
{ "type": "Feature", "properties": { "Codigo": 301, "datos_finales_color_riesgo": "fe9181" }, "geometry": { "type": "MultiPolygon", "coordinates": [ [ [ [ -90.687382535999973, 14.583849674000078 ], [ -90.688366566999946, 14.580788617000053 ], [ -90.688075739999988, 14.575652680000076 ], [ -90.688719465999952, 14.573971745000051 ], [ -90.691473236999968, 14.570104833000073 ], [ -90.694260739999947, 14.56649684100006 ], [ -90.694963218999987, 14.565068311000061 ], [ -90.695772599999941, 14.562780235000048 ], [ -90.696605685999941, 14.560552245000054 ], [ -90.696704515999954, 14.558125021000023 ], [ -90.699479272999952, 14.555833679000045 ], [ -90.70204814899995, 14.554327464000039 ], [ -90.702838744999951, 14.553226160000065 ], [ -90.703347992999966, 14.552140160000022 ], [ -90.704064950999964, 14.551038125000048 ], [ -90.704066731999944, 14.549408420000077 ], [ -90.703582108999967, 14.548506921000069 ], [ -90.70260744899997, 14.547732754000037 ], [ -90.701811324999937, 14.547689927000022 ], [ -90.696257879999962, 14.544513685000027 ], [ -90.692075145999979, 14.540548976000025 ], [ -90.690543852999951, 14.537728473000072 ], [ -90.69006766199999, 14.537584862000074 ], [ -90.689829502999942, 14.535734828000045 ], [ -90.689298046999966, 14.535108421000075 ], [ -90.688210499999968, 14.525297972000033 ], [ -90.688801052999963, 14.524920933000033 ], [ -90.691189978999944, 14.516982258000041 ], [ -90.693794129999958, 14.514042091000022 ], [ -90.697003945999938, 14.511885988000074 ], [ -90.701086839999959, 14.510833908000052 ], [ -90.709429956999941, 14.510584603000041 ], [ -90.71411909599999, 14.511001914000076 ], [ -90.71452117199999, 14.510626351000042 ], [ -90.720008990999986, 14.509921913000028 ], [ -90.724984855999935, 14.509795159000078 ], [ -90.72835235299999, 14.508004905000064 ], [ -90.728694275999942, 14.503179944000067 ], [ -90.728167214999985, 14.497511932000066 ], [ -90.72875583299998, 14.494581132000064 ], [ -90.731805983999948, 14.48897591900004 ], [ -90.732597459999965, 14.48877348700006 ], [ -90.733097161999979, 14.487339422000048 ], [ -90.737798621999957, 14.482790225000031 ], [ -90.739123669999969, 14.480491035000057 ], [ -90.740386281999974, 14.475826205000033 ], [ -90.74318915799995, 14.471059812000021 ], [ -90.743565758999978, 14.470726855000066 ], [ -90.743782973999942, 14.470050149000031 ], [ -90.74426824599999, 14.468540233000056 ], [ -90.74487359599999, 14.467419992000032 ], [ -90.745844730999977, 14.46652010400004 ], [ -90.746763576999967, 14.461839491000035 ], [ -90.747250804999965, 14.46783242500004 ], [ -90.748169496999935, 14.478107796000074 ], [ -90.748643938999976, 14.488124785000025 ], [ -90.751654653999935, 14.52427636300007 ], [ -90.751514179999958, 14.528881977000026 ], [ -90.752148198999976, 14.529875185000037 ], [ -90.753531682999949, 14.540572906000023 ], [ -90.75582196199997, 14.542036026000062 ], [ -90.761893141999963, 14.542663377000054 ], [ -90.76463060399999, 14.54388560700005 ], [ -90.767180198999938, 14.546382288000075 ], [ -90.769950573999949, 14.551378256000078 ], [ -90.779456418999985, 14.563392259000068 ], [ -90.785386861999939, 14.56901219100007 ], [ -90.78130953799996, 14.571095764000063 ], [ -90.777440387999945, 14.57114709800004 ], [ -90.775068052999984, 14.569323060000045 ], [ -90.773263578999945, 14.568693717000031 ], [ -90.768845705999979, 14.56514128200007 ], [ -90.763549326999964, 14.565984065000066 ], [ -90.758367138999972, 14.565164161000041 ], [ -90.757738245999974, 14.564628424000034 ], [ -90.755559313999981, 14.564229157000057 ], [ -90.753617620999989, 14.564393479000046 ], [ -90.751940947999969, 14.565296721000038 ], [ -90.749718885999982, 14.565492196000037 ], [ -90.746565074999978, 14.566886026000077 ], [ -90.743225465999956, 14.569725939000023 ], [ -90.74027816499995, 14.571442422000075 ], [ -90.738322634999975, 14.572389160000057 ], [ -90.735709210999971, 14.57564142700005 ], [ -90.734413544999938, 14.576013999000054 ], [ -90.731624917999966, 14.578189304000034 ], [ -90.727782966999939, 14.582992630000035 ], [ -90.726787062999961, 14.58432242300006 ], [ -90.723932263999984, 14.586486799000056 ], [ -90.719108651999989, 14.588834071000065 ], [ -90.716302232999965, 14.591299230000061 ], [ -90.714490139999953, 14.595288616000062 ], [ -90.714268696999966, 14.597976684000059 ], [ -90.71356009699997, 14.599041545000034 ], [ -90.712139976999936, 14.603694307000069 ], [ -90.712078875999964, 14.606405398000049 ], [ -90.709785187999955, 14.610397895000062 ], [ -90.709594344999971, 14.611690312000064 ], [ -90.708915846999957, 14.613592327000049 ], [ -90.705114531999982, 14.609175137000022 ], [ -90.702187056999946, 14.607233112000074 ], [ -90.698517658999947, 14.604873765000036 ], [ -90.69495808399995, 14.603335395000045 ], [ -90.693595578999975, 14.602034423000077 ], [ -90.692735748999951, 14.599575149000032 ], [ -90.691055395999967, 14.591337717000044 ], [ -90.690378730999953, 14.59027956400007 ], [ -90.68970303499998, 14.587239346000047 ], [ -90.687382535999973, 14.583849674000078 ] ] ] ] } },
{ "type": "Feature", "properties": { "Codigo": 404, "datos_finales_color_riesgo": "fe9181" }, "geometry": { "type": "MultiPolygon", "coordinates": [ [ [ [ -90.864284231999989, 14.808371486000055 ], [ -90.872978228999955, 14.765952518000063 ], [ -90.872811269999943, 14.762890049000077 ], [ -90.871367643999974, 14.760112878000029 ], [ -90.870720027999937, 14.757601693000026 ], [ -90.868573535999985, 14.754539046000048 ], [ -90.868378355999937, 14.753664148000041 ], [ -90.866052468999953, 14.750198865000073 ], [ -90.862738079999986, 14.747297078000031 ], [ -90.860788935999949, 14.745557710000071 ], [ -90.855531247999977, 14.740342739000027 ], [ -90.85339692499997, 14.738740533000055 ], [ -90.852696418999983, 14.738689980000061 ], [ -90.848679459999971, 14.736399338000069 ], [ -90.845948126999986, 14.735504223000078 ], [ -90.848491253999953, 14.732459086000063 ], [ -90.848768928999959, 14.731482407000044 ], [ -90.850008914999989, 14.731016160000024 ], [ -90.850611972999957, 14.729876466000064 ], [ -90.853593222999962, 14.727407973000027 ], [ -90.854888876999951, 14.72599344300005 ], [ -90.85679493799995, 14.724995689000025 ], [ -90.863454733999959, 14.724628043000052 ], [ -90.865430042999947, 14.723307815000055 ], [ -90.866239073999964, 14.720549143000028 ], [ -90.865764309999975, 14.716027920000045 ], [ -90.867093469999986, 14.712822232000065 ], [ -90.867505544999972, 14.709884819000024 ], [ -90.866827740999952, 14.703444974000035 ], [ -90.86915458499999, 14.700792854000042 ], [ -90.872452306999946, 14.698592377000068 ], [ -90.876660278999964, 14.69603309200005 ], [ -90.878583288999948, 14.696127496000031 ], [ -90.880737558999954, 14.698232259000065 ], [ -90.883762173999969, 14.698590828000022 ], [ -90.897660955999982, 14.69453014100003 ], [ -90.900159267999982, 14.694349461000058 ], [ -90.901864777999947, 14.694803147000073 ], [ -90.904123985999945, 14.696393606000072 ], [ -90.905952978999949, 14.696860809000043 ], [ -90.909552978999955, 14.699806328000022 ], [ -90.914746774999969, 14.70014225500006 ], [ -90.916053227999953, 14.701508305000061 ], [ -90.916519911999956, 14.704424421000056 ], [ -90.917745779999962, 14.706643663000023 ], [ -90.919704800999966, 14.708955329000048 ], [ -90.921939471999963, 14.710225769000033 ], [ -90.925555764999956, 14.710266079000064 ], [ -90.930445273999965, 14.709183653000025 ], [ -90.934332773999984, 14.709384382000053 ], [ -90.936243984999976, 14.70902753300004 ], [ -90.93957243899996, 14.710680303000061 ], [ -90.93968509299998, 14.713391072000036 ], [ -90.942750889999957, 14.717693636000035 ], [ -90.942294010999944, 14.718519791000062 ], [ -90.941463389999967, 14.728499814000031 ], [ -90.941737645999979, 14.731366770000022 ], [ -90.942870623999966, 14.736351343000024 ], [ -90.942742904999989, 14.739508404000048 ], [ -90.941346702999965, 14.741600316000074 ], [ -90.940663012999948, 14.741729773000031 ], [ -90.939350927999953, 14.74332767900006 ], [ -90.938559602999987, 14.745211471000061 ], [ -90.937971924999943, 14.745743890000028 ], [ -90.937953283999946, 14.746552473000065 ], [ -90.937218771999937, 14.746838471000046 ], [ -90.935397207999983, 14.749407718000043 ], [ -90.934244975999945, 14.750046907000069 ], [ -90.934090745999981, 14.750769559000048 ], [ -90.933229535999942, 14.750888367000073 ], [ -90.930816844999981, 14.754096114000049 ], [ -90.930603760999986, 14.755762526000069 ], [ -90.930934126999944, 14.757282445000044 ], [ -90.933235734999982, 14.759633271000041 ], [ -90.935323586999971, 14.776018886000031 ], [ -90.937069703999953, 14.78122244900004 ], [ -90.937810197999966, 14.782713278000074 ], [ -90.931184886999972, 14.787935638000022 ], [ -90.930423228999985, 14.788068864000024 ], [ -90.929554748999976, 14.789060703000075 ], [ -90.923788302999981, 14.792863921000048 ], [ -90.921675418999939, 14.794142707000049 ], [ -90.91988383599994, 14.796422865000068 ], [ -90.914330772999961, 14.794931416000054 ], [ -90.911147014999983, 14.797102886000062 ], [ -90.901358785999946, 14.800273732000051 ], [ -90.899186319999956, 14.801210630000071 ], [ -90.892534258999945, 14.802568542000074 ], [ -90.891097942999977, 14.803309908000074 ], [ -90.889993612999945, 14.803335939000021 ], [ -90.885965539999972, 14.805682257000058 ], [ -90.880388669999945, 14.809696064000036 ], [ -90.87749254199997, 14.810653179000042 ], [ -90.869580905999953, 14.811845150000067 ], [ -90.864284231999989, 14.808371486000055 ] ] ] ] } },
{ "type": "Feature", "properties": { "Codigo": 907, "datos_finales_color_riesgo": "fe9181" }, "geometry": { "type": "MultiPolygon", "coordinates": [ [ [ [ -91.572914480999941, 14.934055065000052 ], [ -91.574064876999955, 14.930183452000051 ], [ -91.574665477999986, 14.925096068000073 ], [ -91.575274760999946, 14.922124952000047 ], [ -91.577124263999963, 14.922798559000057 ], [ -91.57967161299996, 14.922578249000026 ], [ -91.582697917999951, 14.921348522000073 ], [ -91.584253712999953, 14.920297217000041 ], [ -91.587727226999959, 14.918369670000061 ], [ -91.591243353999971, 14.917740542000047 ], [ -91.595090611999979, 14.917560819000073 ], [ -91.596558675999972, 14.917840993000027 ], [ -91.59733178, 14.918227628000068 ], [ -91.59901107099995, 14.918547499000056 ], [ -91.599920844999986, 14.918464938000056 ], [ -91.600512830999946, 14.918291171000021 ], [ -91.601583344999938, 14.917878534000067 ], [ -91.602992318999952, 14.917864543000064 ], [ -91.604058977999955, 14.918048441000053 ], [ -91.604966333999982, 14.918340960000023 ], [ -91.605782193999971, 14.918676984000058 ], [ -91.607688527999983, 14.919019644000059 ], [ -91.60971043699999, 14.919098600000041 ], [ -91.610803033999957, 14.918774183000039 ], [ -91.611692267999956, 14.918271138000023 ], [ -91.612375738999958, 14.918053828000041 ], [ -91.613125881999963, 14.917948778000039 ], [ -91.614034807999985, 14.917998348000026 ], [ -91.614647740999942, 14.918090190000044 ], [ -91.615260391999982, 14.918226094000033 ], [ -91.615918068999974, 14.918407462000062 ], [ -91.616917773999944, 14.918434974000036 ], [ -91.618305925999948, 14.918134905000045 ], [ -91.619172065999976, 14.917697221000026 ], [ -91.620153616999971, 14.916653488000065 ], [ -91.625495871999988, 14.921483095000042 ], [ -91.627458604999958, 14.922837174000051 ], [ -91.629912164999951, 14.924673246000054 ], [ -91.636187980999978, 14.927289137000059 ], [ -91.640526074999968, 14.930486546000054 ], [ -91.641096137999966, 14.932784728000058 ], [ -91.641874046999988, 14.93557338100004 ], [ -91.642118190999952, 14.936480997000047 ], [ -91.642203973999983, 14.937254346000032 ], [ -91.642170201999988, 14.939022411000053 ], [ -91.642098177999969, 14.940867083000057 ], [ -91.641956243999971, 14.942648062000046 ], [ -91.641606709999962, 14.945840161000035 ], [ -91.64073463599999, 14.949514997000051 ], [ -91.639431702999957, 14.955532892000065 ], [ -91.637397628999963, 14.956125247000045 ], [ -91.634430347999967, 14.956710871000041 ], [ -91.631850016999977, 14.956845697000063 ], [ -91.629038437999952, 14.956244685000058 ], [ -91.625613194999971, 14.956107714000041 ], [ -91.622032977999936, 14.956308719000049 ], [ -91.616460164999978, 14.956786847000046 ], [ -91.61388952499999, 14.954870816000039 ], [ -91.609052239999983, 14.950054149000039 ], [ -91.605426015999967, 14.945519349000051 ], [ -91.601271009999948, 14.940294307000045 ], [ -91.600451416999988, 14.939267892000032 ], [ -91.599553672999946, 14.938198059000058 ], [ -91.597419893999984, 14.936440464000043 ], [ -91.59602423399997, 14.935549473000037 ], [ -91.594548397999972, 14.935195796000073 ], [ -91.583647931999963, 14.935878746000071 ], [ -91.576700928999969, 14.935564430000056 ], [ -91.572914480999941, 14.934055065000052 ] ] ] ] } },
{ "type": "Feature", "properties": { "Codigo": 1608, "datos_finales_color_riesgo": "fe9181" }, "geometry": { "type": "MultiPolygon", "coordinates": [ [ [ [ -89.605970350999939, 15.523298886000077 ], [ -89.606316920999973, 15.521429961000024 ], [ -89.608314185999973, 15.519286266000051 ], [ -89.609169561999977, 15.517401454000037 ], [ -89.611850577999974, 15.514040526000031 ], [ -89.616432743999951, 15.506632908000029 ], [ -89.617292348999968, 15.505979195000066 ], [ -89.61773296399997, 15.504721004000032 ], [ -89.622655111999961, 15.498168075000024 ], [ -89.623181238999962, 15.496477862000063 ], [ -89.62911018799997, 15.48873833600004 ], [ -89.629234967999935, 15.487968402000035 ], [ -89.635162208999986, 15.479008771000053 ], [ -89.640408596999976, 15.471789866000051 ], [ -89.640511013999969, 15.470995878000053 ], [ -89.644741646999989, 15.46569889400007 ], [ -89.644998420999968, 15.462725978000037 ], [ -89.644000664999965, 15.460959522000053 ], [ -89.643986716999962, 15.451499648000038 ], [ -89.644853525999963, 15.445608808000031 ], [ -89.644778697999982, 15.442379221000067 ], [ -89.646645025999987, 15.42025509900003 ], [ -89.646503465999956, 15.417552606000072 ], [ -89.647600315999966, 15.408173784000041 ], [ -89.650111803999948, 15.406499839000048 ], [ -89.659833286999969, 15.402433768000037 ], [ -89.663827733999938, 15.400174820000075 ], [ -89.670922174999987, 15.397466863000034 ], [ -89.683513623999943, 15.391314260000058 ], [ -89.693756246999953, 15.387099615000068 ], [ -89.698823877999985, 15.384423655000035 ], [ -89.704877801999942, 15.38237156100007 ], [ -89.706293655999957, 15.381132003000062 ], [ -89.713132026999972, 15.378187332000039 ], [ -89.725703386999953, 15.372443498000052 ], [ -89.727191225999945, 15.354924766000067 ], [ -89.727704464999988, 15.353113127000029 ], [ -89.728409795999937, 15.352667563000068 ], [ -89.744433655999956, 15.350983793000069 ], [ -89.745152612999959, 15.350594795000063 ], [ -89.760837695999953, 15.349117007000075 ], [ -89.761589363999974, 15.348754381000049 ], [ -89.776862049999977, 15.347319078000055 ], [ -89.777794950999976, 15.346854055000051 ], [ -89.783392403999983, 15.346674216000054 ], [ -89.784596170999976, 15.346178082000051 ], [ -89.799943508999945, 15.34010932800004 ], [ -89.801121363999982, 15.339363301000049 ], [ -89.809413965999966, 15.340445953000028 ], [ -89.820153689999984, 15.338151430000039 ], [ -89.827086043999941, 15.336481637000077 ], [ -89.839779668999938, 15.33810879300006 ], [ -89.849853832999941, 15.33938901700003 ], [ -89.85767458, 15.339672058000076 ], [ -89.869750911999972, 15.340003328000023 ], [ -89.882669830999987, 15.34027124000005 ], [ -89.884660553999936, 15.340224572000068 ], [ -89.88458284099994, 15.339544025000066 ], [ -89.884197091999965, 15.33771469900006 ], [ -89.884004889999972, 15.336754899000027 ], [ -89.883840229999976, 15.335506543000065 ], [ -89.883777079999959, 15.333569985000054 ], [ -89.88355076199997, 15.331852369000046 ], [ -89.883443880999948, 15.331295569000076 ], [ -89.882951380999941, 15.330508775000055 ], [ -89.882073693999985, 15.329384766000032 ], [ -89.880715314999975, 15.328207762000034 ], [ -89.879512102999968, 15.327390710000032 ], [ -89.878628513999956, 15.326666163000027 ], [ -89.87763304899994, 15.325761715000056 ], [ -89.876751451999951, 15.324904007000043 ], [ -89.876212391999957, 15.324161698000069 ], [ -89.875915818999943, 15.323497277000058 ], [ -89.881887244999973, 15.323452118000034 ], [ -89.888758595999946, 15.323306480000042 ], [ -89.895374553999943, 15.323170616000027 ], [ -89.900981771999966, 15.323143578000042 ], [ -89.901144440999985, 15.32248329600003 ], [ -89.902074907999975, 15.319874264000077 ], [ -89.904777879999983, 15.321520147000058 ], [ -89.907895978999989, 15.323529553000071 ], [ -89.913993957999935, 15.327430097000047 ], [ -89.917376334999972, 15.329672183000071 ], [ -89.926557898999988, 15.327578681000034 ], [ -89.934794111999963, 15.325582396000073 ], [ -89.941548381999951, 15.323914254000044 ], [ -89.947839410999961, 15.322385161000057 ], [ -89.954145076999964, 15.320844787000055 ], [ -89.959005496999964, 15.319593812000051 ], [ -89.964235530999986, 15.318637834000072 ], [ -89.968199603999949, 15.31776048200004 ], [ -89.969718296999986, 15.317615175000071 ], [ -89.987091340999939, 15.318016223000029 ], [ -89.990417863999937, 15.317678437000041 ], [ -89.996809156999973, 15.318147153000041 ], [ -90.000103361999948, 15.317874255000049 ], [ -90.002183697999953, 15.318024106000053 ], [ -90.012341701999958, 15.325328090000028 ], [ -90.018247004999978, 15.329048563000072 ], [ -90.028141485999981, 15.336191574000054 ], [ -90.061929464999935, 15.343572535000021 ], [ -90.064108931999954, 15.344356438000034 ], [ -90.068601384999965, 15.344989008000027 ], [ -90.082990035999956, 15.348632038000062 ], [ -90.086996471999953, 15.349094213000058 ], [ -90.107796869999959, 15.354108636000035 ], [ -90.109455614999945, 15.354166287000055 ], [ -90.111795288999986, 15.35563481500003 ], [ -90.111460572999988, 15.379164120000041 ], [ -90.108386847999952, 15.379819574000066 ], [ -90.106724421999957, 15.38026644100006 ], [ -90.098135267999965, 15.382292633000077 ], [ -90.097331011999984, 15.382437922000065 ], [ -90.089390823999963, 15.384098564000055 ], [ -90.08521303699996, 15.385198665000075 ], [ -90.065343048999978, 15.389774408000051 ], [ -90.063369016999957, 15.390280020000034 ], [ -90.055978394999954, 15.392135145000054 ], [ -90.044000324999956, 15.394905466000068 ], [ -90.041752247999966, 15.395408356000075 ], [ -90.027651332999937, 15.39860888100003 ], [ -90.001231364999967, 15.404593119000026 ], [ -90.000303618999965, 15.404904550000026 ], [ -89.999402845999953, 15.404147393000073 ], [ -89.997139519999962, 15.404284996000058 ], [ -89.996312767999939, 15.404977043000031 ], [ -89.989079896999954, 15.406127534000063 ], [ -89.98819432199997, 15.406781498000043 ], [ -89.986610162999966, 15.407143788000042 ], [ -89.980788337999968, 15.408111081000072 ], [ -89.975884438999969, 15.409567045000074 ], [ -89.972553103999985, 15.409894141000052 ], [ -89.971699093999973, 15.410533783000062 ], [ -89.96431483799995, 15.41191950700005 ], [ -89.963637890999962, 15.412383193000039 ], [ -89.956433410999978, 15.413523902000065 ], [ -89.954461034999952, 15.414451762000056 ], [ -89.946546104999982, 15.415992104000054 ], [ -89.946028016999946, 15.416848452000067 ], [ -89.946165091999944, 15.417341332000035 ], [ -89.946590252999954, 15.417907028000059 ], [ -89.951416224999946, 15.43105194900005 ], [ -89.952714672999946, 15.436004595000043 ], [ -89.95407090399999, 15.438557232000051 ], [ -89.955822155999954, 15.445300625000073 ], [ -89.957221043999937, 15.447527639000043 ], [ -89.95823859799998, 15.451085832000047 ], [ -89.958249996999939, 15.452696690000039 ], [ -89.959798537999973, 15.455439327000022 ], [ -89.960342696999987, 15.458065462000036 ], [ -89.963822402999938, 15.467530255000042 ], [ -89.965047356999946, 15.471083392000025 ], [ -89.963051285999939, 15.479774357000053 ], [ -89.963328769999976, 15.480340278000028 ], [ -89.961653066999986, 15.488041186000032 ], [ -89.961179026999957, 15.492878062000045 ], [ -89.960348013999976, 15.495179406000034 ], [ -89.949352113999964, 15.494428514000049 ], [ -89.944924714999956, 15.49455471300007 ], [ -89.940778870999964, 15.493939768000075 ], [ -89.921603207999965, 15.493047033000039 ], [ -89.916922528999976, 15.49244339300003 ], [ -89.912806060999969, 15.492960427000071 ], [ -89.911611110999957, 15.493518232000042 ], [ -89.907159887999967, 15.493611733000023 ], [ -89.880869742999948, 15.496520952000026 ], [ -89.842161746999977, 15.500935888000072 ], [ -89.841230449999955, 15.501404492000063 ], [ -89.83233351399997, 15.502154001000065 ], [ -89.831395882999971, 15.502616826000065 ], [ -89.825802270999986, 15.502827682000031 ], [ -89.825138576999962, 15.50326281200006 ], [ -89.816289186999938, 15.504326082000034 ], [ -89.809862578999969, 15.504664452000043 ], [ -89.808467376999943, 15.505360946000053 ], [ -89.801472603999969, 15.505710040000054 ], [ -89.800540149999961, 15.50617279100004 ], [ -89.785402416999943, 15.507773299000064 ], [ -89.78447209899997, 15.50824616400007 ], [ -89.74379831899995, 15.512952946000041 ], [ -89.718005430999938, 15.516430370000023 ], [ -89.712151744999971, 15.516823965000071 ], [ -89.638087064999979, 15.525895309000077 ], [ -89.631419669999957, 15.525223710000034 ], [ -89.628662357999985, 15.525552823000055 ], [ -89.623145295999961, 15.524716887000068 ], [ -89.605970350999939, 15.523298886000077 ] ] ] ] } },
{ "type": "Feature", "properties": { "Codigo": 1902, "datos_finales_color_riesgo": "fe9181" }, "geometry": { "type": "MultiPolygon", "coordinates": [ [ [ [ -89.555695277999973, 15.031586321000077 ], [ -89.556213697999965, 15.030175822000047 ], [ -89.556362587999956, 15.029435611000054 ], [ -89.55637448799996, 15.028694450000046 ], [ -89.556328402999952, 15.027912918000027 ], [ -89.556343670999979, 15.026961931000073 ], [ -89.556357723999952, 15.026086526000029 ], [ -89.556386004999979, 15.025554363000026 ], [ -89.556413393999946, 15.025041368000075 ], [ -89.556513284999937, 15.024134543000059 ], [ -89.556736372999978, 15.023219427000072 ], [ -89.557197719999976, 15.022541498000066 ], [ -89.557820679999963, 15.02199352100007 ], [ -89.55800983499995, 15.021311465000053 ], [ -89.557724023999981, 15.020672986000022 ], [ -89.557320519999962, 15.020387037000035 ], [ -89.556747458999951, 15.019887510000046 ], [ -89.55634972699994, 15.019567794000068 ], [ -89.55569204599999, 15.018987996000021 ], [ -89.555333571999938, 15.018356314000073 ], [ -89.555255688999978, 15.017494186000022 ], [ -89.555478114999971, 15.016547467000066 ], [ -89.555785607999951, 15.016015022000033 ], [ -89.556320116999984, 15.015370924000024 ], [ -89.556845451999948, 15.014466029000062 ], [ -89.557121194999979, 15.013777385000026 ], [ -89.557400351999945, 15.012875526000073 ], [ -89.557549575999985, 15.012184965000074 ], [ -89.557573734999949, 15.011402238000073 ], [ -89.557531145999974, 15.010474069000054 ], [ -89.557426601999964, 15.009789819000048 ], [ -89.557197898999959, 15.008993109000073 ], [ -89.557172265999952, 15.00845561400007 ], [ -89.557121471999949, 15.007315186000028 ], [ -89.557292614999938, 15.006668961000059 ], [ -89.557951644999946, 15.005750287000069 ], [ -89.558396665999965, 15.005254894000075 ], [ -89.558773907999978, 15.00467836100006 ], [ -89.559036772999946, 15.004067372000065 ], [ -89.559187947999988, 15.003253844000028 ], [ -89.559166325999968, 15.001994247000027 ], [ -89.559083386999987, 14.998981354000023 ], [ -89.559100181999952, 14.997932215000048 ], [ -89.559021875999974, 14.997094904000051 ], [ -89.55873576, 14.996331179000038 ], [ -89.558363079999936, 14.995935124000027 ], [ -89.557934596999985, 14.995471648000034 ], [ -89.557218894999949, 14.995002700000043 ], [ -89.556409482999982, 14.99462260100006 ], [ -89.555942268999956, 14.994403397000042 ], [ -89.555144703999986, 14.993320496000024 ], [ -89.554810792999945, 14.992679040000041 ], [ -89.554768003999982, 14.991763280000043 ], [ -89.554883274999952, 14.991016914000056 ], [ -89.555145163999953, 14.990429610000035 ], [ -89.555657859999897, 14.989946527000029 ], [ -89.556262997999966, 14.989453556000058 ], [ -89.556828683999981, 14.988524433000066 ], [ -89.55695516899999, 14.987801928000067 ], [ -89.556964991999962, 14.987188241000069 ], [ -89.556769306999968, 14.986504872000069 ], [ -89.556062351999969, 14.984874958000034 ], [ -89.555579345999945, 14.98412066800006 ], [ -89.554651404999959, 14.982555115000025 ], [ -89.554029378999985, 14.981965720000062 ], [ -89.553336212999966, 14.981542244000025 ], [ -89.552722399999936, 14.981165103000023 ], [ -89.551787312999977, 14.978634679000038 ], [ -89.553439859999969, 14.974996992000058 ], [ -89.554552620999971, 14.973788410000054 ], [ -89.561188107999953, 14.97072806400007 ], [ -89.568281741999954, 14.969500117000052 ], [ -89.571784744999945, 14.965639576000058 ], [ -89.573854881999978, 14.964252306000049 ], [ -89.575262987999963, 14.962503499000036 ], [ -89.575876656999981, 14.962572183000077 ], [ -89.576369931999977, 14.962647492000031 ], [ -89.577117137999949, 14.962759572000039 ], [ -89.577377307999939, 14.96278505500004 ], [ -89.577594419999969, 14.96280512800007 ], [ -89.577766648999955, 14.962826765000045 ], [ -89.577876023999977, 14.962855128000058 ], [ -89.578005062999978, 14.96290276600007 ], [ -89.578098185999977, 14.962953750000054 ], [ -89.578187659999969, 14.963018679000072 ], [ -89.578389, 14.963139 ], [ -89.580189319999988, 14.962422342000025 ], [ -89.581638264999981, 14.962015614000052 ], [ -89.582133692999946, 14.96193826800004 ], [ -89.582715921999977, 14.961919452000075 ], [ -89.583738250999943, 14.962039921000041 ], [ -89.585005294999974, 14.96218781400006 ], [ -89.586279996999963, 14.962396348000027 ], [ -89.58783774699998, 14.962691052000025 ], [ -89.590185246999965, 14.963576768000053 ], [ -89.591337, 14.96387549800005 ], [ -89.592962234999959, 14.964366900000073 ], [ -89.594570456999975, 14.96501721900006 ], [ -89.595862445999956, 14.965317674000062 ], [ -89.598248410999986, 14.965732080000066 ], [ -89.600583711999946, 14.966556003000051 ], [ -89.601079665999976, 14.96502705100005 ], [ -89.601796415999956, 14.963236127000073 ], [ -89.601570924999976, 14.963117431000057 ], [ -89.601715810999963, 14.962143696000055 ], [ -89.60199283899999, 14.960896657000035 ], [ -89.602511657999969, 14.959249647000036 ], [ -89.603000251999958, 14.958479380000028 ], [ -89.603409616999954, 14.958068461000039 ], [ -89.603955399999961, 14.957557979000057 ], [ -89.604603008999959, 14.95697466200005 ], [ -89.604833672999973, 14.956634878000045 ], [ -89.605171839999969, 14.95621423800003 ], [ -89.605588662999935, 14.955055569000024 ], [ -89.605694711999945, 14.955028003000052 ], [ -89.605727339999987, 14.955089754000028 ], [ -89.60577105699997, 14.955134548000046 ], [ -89.605800820999946, 14.955175406000023 ], [ -89.605862578999961, 14.955200870000056 ], [ -89.606012179999937, 14.955216976000031 ], [ -89.606287572999975, 14.955216114000052 ], [ -89.606989907999946, 14.955242143000078 ], [ -89.60766033799996, 14.95526222500007 ], [ -89.608137208999949, 14.955279609000058 ], [ -89.608396572999936, 14.955294202000061 ], [ -89.608661988999984, 14.955293299000061 ], [ -89.608881434999944, 14.95530967600007 ], [ -89.608935113999962, 14.955358388000036 ], [ -89.608956864999982, 14.955406976000063 ], [ -89.608966313999986, 14.955535060000045 ], [ -89.608985668999935, 14.95568064400004 ], [ -89.609013842999957, 14.955726816000038 ], [ -89.609085235999942, 14.955759547000071 ], [ -89.609399800999938, 14.955797862000054 ], [ -89.609756153999967, 14.955844800000023 ], [ -89.609835841999939, 14.955882073000055 ], [ -89.610032749999959, 14.956075049000049 ], [ -89.610157740999966, 14.956190122000066 ], [ -89.610339944999964, 14.956261062000067 ], [ -89.610596530999942, 14.956333509000046 ], [ -89.611154907999946, 14.956354168000075 ], [ -89.612112802999945, 14.956421651000028 ], [ -89.61262439099994, 14.95646210700005 ], [ -89.612816313999986, 14.956474797000055 ], [ -89.61300208099999, 14.956490450000047 ], [ -89.613118616999941, 14.95653569600006 ], [ -89.613184390999947, 14.956600155000046 ], [ -89.613260566999941, 14.956749762000072 ], [ -89.613390113999969, 14.95699214800004 ], [ -89.613454224999941, 14.957087956000066 ], [ -89.61350934699999, 14.957128484000066 ], [ -89.614115505999962, 14.956872529000066 ], [ -89.614355589999946, 14.956751025000074 ], [ -89.614451010999971, 14.956702123000071 ], [ -89.614561684999956, 14.956678662000058 ], [ -89.614636901999972, 14.956687913000053 ], [ -89.615027354999938, 14.957349380000039 ], [ -89.615198132999978, 14.957650156000057 ], [ -89.615313089999972, 14.957705847000057 ], [ -89.615877501999989, 14.957893178000063 ], [ -89.616242554999985, 14.958008068000026 ], [ -89.616767122999988, 14.958174340000028 ], [ -89.616948174999948, 14.958216847000074 ], [ -89.617089388999943, 14.958236804000023 ], [ -89.617272232999937, 14.958216607000054 ], [ -89.617421345999958, 14.958182842000042 ], [ -89.617587351999987, 14.958149142000025 ], [ -89.617844017999971, 14.958103848000064 ], [ -89.618011541999977, 14.958074633000024 ], [ -89.618105218999972, 14.958076488000074 ], [ -89.618144135999955, 14.958088299000053 ], [ -89.618205674999956, 14.958116745000041 ], [ -89.618773567999938, 14.95848916500006 ], [ -89.619203988999971, 14.958776430000057 ], [ -89.619402943999944, 14.958904133000033 ], [ -89.619601870999986, 14.959038888000066 ], [ -89.61969967899995, 14.959067473000061 ], [ -89.61985584699994, 14.959015185000055 ], [ -89.620210042999986, 14.958889719000069 ], [ -89.62050037299997, 14.958848824000029 ], [ -89.620698304999962, 14.958822300000065 ], [ -89.620392109999955, 14.958321230000024 ], [ -89.620040294999967, 14.95765384200007 ], [ -89.619922515999974, 14.957336977000068 ], [ -89.619852459999947, 14.95699714400007 ], [ -89.619798530999958, 14.956595634000053 ], [ -89.619688910999969, 14.956224779000024 ], [ -89.619563761999984, 14.955768972000044 ], [ -89.619556, 14.955444 ], [ -89.619340805999968, 14.95492839800005 ], [ -89.61930151599995, 14.954494284000077 ], [ -89.61921446599996, 14.954128060000073 ], [ -89.61926647699994, 14.953810512000075 ], [ -89.619423, 14.953523558000029 ], [ -89.61954428699994, 14.95339522300003 ], [ -89.619573086999935, 14.953241938000076 ], [ -89.619542397999965, 14.953096834000064 ], [ -89.619467207999946, 14.952951173000031 ], [ -89.619603204999976, 14.952765431000046 ], [ -89.619637282999975, 14.952699821000067 ], [ -89.619643565999979, 14.952540971000076 ], [ -89.619565838999961, 14.952255793000063 ], [ -89.619629520999979, 14.951839678000056 ], [ -89.619613777999973, 14.951554739000073 ], [ -89.61981164599996, 14.951396627000065 ], [ -89.619922301999964, 14.951164145000064 ], [ -89.619971163999935, 14.950969925000038 ], [ -89.619923853999978, 14.950783290000061 ], [ -89.619258448999972, 14.950647424000067 ], [ -89.618220817999941, 14.950529163000056 ], [ -89.617942104999941, 14.950365112000043 ], [ -89.61773231699999, 14.95024163100004 ], [ -89.617107956999973, 14.949648884000055 ], [ -89.615957335999951, 14.948425680000071 ], [ -89.615032281999959, 14.947452497000029 ], [ -89.614938158999962, 14.947216806000029 ], [ -89.615033097999969, 14.946992011000077 ], [ -89.615239655999972, 14.946709029000033 ], [ -89.615546061999964, 14.946229046000042 ], [ -89.616055611999968, 14.94560948000003 ], [ -89.61658052699994, 14.945122039000069 ], [ -89.617405361999943, 14.94397520800004 ], [ -89.617667303999951, 14.943596619000061 ], [ -89.617722239999978, 14.94311949400003 ], [ -89.617447122999977, 14.942477970000027 ], [ -89.617569238999977, 14.942209498000068 ], [ -89.617767011999945, 14.941748568000037 ], [ -89.618323286999953, 14.941091351000068 ], [ -89.618447472999947, 14.940943807000053 ], [ -89.61833606, 14.940708052000048 ], [ -89.618113201999961, 14.940244944000028 ], [ -89.618445553999948, 14.939177707000056 ], [ -89.618426839999984, 14.938153806000059 ], [ -89.618336954999961, 14.937741702000039 ], [ -89.61830411599999, 14.937374332000047 ], [ -89.618305205999945, 14.937107250000054 ], [ -89.618317604999959, 14.936873598000034 ], [ -89.618344698999977, 14.936472214000048 ], [ -89.618415735999974, 14.93601024000003 ], [ -89.618392406999988, 14.935371528000076 ], [ -89.619872289999989, 14.935608089000027 ], [ -89.61989971099996, 14.935249745000021 ], [ -89.619974170999967, 14.934815854000021 ], [ -89.620006311999987, 14.934573646000047 ], [ -89.62007463399999, 14.934371966000072 ], [ -89.620205613999985, 14.934084701000074 ], [ -89.620351922999987, 14.933858078000071 ], [ -89.620456713999943, 14.933626247000063 ], [ -89.620609221999985, 14.933152267000025 ], [ -89.620677644999944, 14.932925344000068 ], [ -89.620751076999966, 14.932743877000064 ], [ -89.620819191999942, 14.932592682000063 ], [ -89.620956798999941, 14.931952041000045 ], [ -89.621035441999936, 14.931765546000065 ], [ -89.621067580999977, 14.931523338000034 ], [ -89.621131652999964, 14.931089406000069 ], [ -89.620673974999988, 14.93108064300003 ], [ -89.620725386999936, 14.930661957000041 ], [ -89.620726522999973, 14.930382706000046 ], [ -89.620578490999947, 14.930113622000022 ], [ -89.620667449999985, 14.929968965000057 ], [ -89.620861151999975, 14.929873045000022 ], [ -89.620850607999955, 14.929749487000038 ], [ -89.620751977999987, 14.929555777000076 ], [ -89.620675506999987, 14.929346041000031 ], [ -89.62212115799997, 14.929695294000055 ], [ -89.622007440999937, 14.929136346000064 ], [ -89.621878441999968, 14.92826049100006 ], [ -89.621792427999935, 14.927680168000052 ], [ -89.621756732999984, 14.926949669000066 ], [ -89.621765155999981, 14.926235451000025 ], [ -89.62164080499997, 14.924215738000044 ], [ -89.621654597999964, 14.92353913200003 ], [ -89.621666145999939, 14.923415660000046 ], [ -89.621655448999945, 14.923329694000074 ], [ -89.621655971999985, 14.923200808000047 ], [ -89.621678564999968, 14.923077378000073 ], [ -89.621662759999936, 14.922889357000031 ], [ -89.62165289099994, 14.922599322000053 ], [ -89.621681747999958, 14.922293325000055 ], [ -89.621677620999947, 14.92194961000007 ], [ -89.621678601999974, 14.921707950000041 ], [ -89.621701390999988, 14.921536187000072 ], [ -89.62175205599999, 14.921300088000066 ], [ -89.621841925999945, 14.920929882000053 ], [ -89.621908832999964, 14.920774400000028 ], [ -89.621997677999957, 14.920656594000036 ], [ -89.622108505999961, 14.920565724000028 ], [ -89.622257970999954, 14.920480372000043 ], [ -89.622390911999958, 14.920384216000059 ], [ -89.622556, 14.920194 ], [ -89.622362315999965, 14.920056098000032 ], [ -89.622251254999981, 14.91994349600003 ], [ -89.622109156999954, 14.919898081000042 ], [ -89.621970996999949, 14.91983024600006 ], [ -89.62190226499996, 14.919710328000065 ], [ -89.621872154999949, 14.919549427000049 ], [ -89.621873853999944, 14.919130645000052 ], [ -89.621853509999937, 14.918826119000073 ], [ -89.621854456999984, 14.918592919000048 ], [ -89.621822402999953, 14.918299560000037 ], [ -89.621776159999968, 14.917992292000065 ], [ -89.621750976999977, 14.917761301000041 ], [ -89.621770516999959, 14.917627457000037 ], [ -89.62187219399999, 14.917147585000066 ], [ -89.621927182999968, 14.917055438000034 ], [ -89.62194412599996, 14.916976075000036 ], [ -89.62199, 14.916789227000038 ], [ -89.622030619999975, 14.916727041000058 ], [ -89.622085935999962, 14.916554082000061 ], [ -89.622302303999959, 14.915898016000028 ], [ -89.622350944999937, 14.915614201000039 ], [ -89.622304868999947, 14.915265373000068 ], [ -89.622237160999987, 14.914981113000067 ], [ -89.622183671999949, 14.914703834000022 ], [ -89.622278, 14.914694 ], [ -89.632175587999939, 14.910194033000039 ], [ -89.633460228999979, 14.910951457000067 ], [ -89.634763735999968, 14.911412044000031 ], [ -89.636637409999935, 14.91158185200004 ], [ -89.637402753999936, 14.911174558000027 ], [ -89.638243865999982, 14.911138784000059 ], [ -89.639405186999966, 14.911143152000022 ], [ -89.640487962999941, 14.910757808000028 ], [ -89.641548087999979, 14.911034373000064 ], [ -89.642169796999951, 14.910783585000047 ], [ -89.643638713999962, 14.910271 ], [ -89.643972614999939, 14.910595626000031 ], [ -89.645011107999949, 14.910622468000042 ], [ -89.646275616999958, 14.910506872000042 ], [ -89.647077571999944, 14.910670058000051 ], [ -89.647906550999949, 14.910698079000042 ], [ -89.648457254999983, 14.91072917200006 ], [ -89.649155986999972, 14.911257477000049 ], [ -89.649468565999939, 14.911244133000025 ], [ -89.649756060999948, 14.911415471000055 ], [ -89.650263619999976, 14.911205528000039 ], [ -89.650810348999983, 14.91128236000003 ], [ -89.651109086999952, 14.91134971300005 ], [ -89.651249808999978, 14.921812755000076 ], [ -89.650656383999944, 14.922773422000034 ], [ -89.653436958999976, 14.925516857000048 ], [ -89.656511210999952, 14.927812050000057 ], [ -89.659173342999964, 14.929180344000031 ], [ -89.661564521999935, 14.931824359000075 ], [ -89.661635133999937, 14.933450409000045 ], [ -89.660741174999941, 14.934443950000059 ], [ -89.660145321999948, 14.937061222000068 ], [ -89.658356450999975, 14.940305393000074 ], [ -89.65844872699995, 14.943565800000044 ], [ -89.661143059999972, 14.94999019200003 ], [ -89.662302981999972, 14.951729231000058 ], [ -89.662971942999945, 14.954517349000071 ], [ -89.66506936799999, 14.957821766000052 ], [ -89.670316826999965, 14.964044208000075 ], [ -89.67283299199994, 14.966178814000045 ], [ -89.67406781599999, 14.968302609000034 ], [ -89.671402010999941, 14.968938533000028 ], [ -89.666445266999972, 14.968226235000031 ], [ -89.664814129999968, 14.96726347200007 ], [ -89.66322784099998, 14.967528021000078 ], [ -89.663229508999962, 14.968619290000049 ], [ -89.665340149999963, 14.975498969000057 ], [ -89.666898621999962, 14.979096825000056 ], [ -89.667160497999987, 14.981526907000045 ], [ -89.66646147199998, 14.98880557800004 ], [ -89.666837035999947, 14.990940533000071 ], [ -89.66830624399995, 14.994647687000054 ], [ -89.666750556999943, 14.994909285000062 ], [ -89.663736593999943, 14.995289426000056 ], [ -89.662409082999943, 14.995772135000038 ], [ -89.660641847999955, 14.99646053400005 ], [ -89.658818533999977, 14.997058945000049 ], [ -89.656410513999958, 14.997592324000038 ], [ -89.655386143999976, 14.997766851000051 ], [ -89.654140257999984, 14.998150270000053 ], [ -89.653252042999952, 14.998415940000029 ], [ -89.652111528999967, 14.998667736000073 ], [ -89.651016879999986, 14.998919071000046 ], [ -89.64989621899997, 14.999349446000053 ], [ -89.648729600999957, 14.999823147000029 ], [ -89.645995788999983, 15.001367224000035 ], [ -89.645451159999936, 15.001747385000044 ], [ -89.644989031999955, 15.001974160000032 ], [ -89.643603818999964, 15.002653372000054 ], [ -89.641571308999971, 15.003669454000033 ], [ -89.638993965999987, 15.004631194000069 ], [ -89.635690090999958, 15.005390318000025 ], [ -89.632429917999957, 15.006027035000045 ], [ -89.629626660999975, 15.006251817000077 ], [ -89.625321583999948, 15.006112363000057 ], [ -89.623814420999963, 15.006051625000055 ], [ -89.622659812999984, 15.006015295000054 ], [ -89.621739368999954, 15.006001623000031 ], [ -89.620837428999948, 15.006103324000037 ], [ -89.620030611999937, 15.006357644000047 ], [ -89.619102368999961, 15.006876467000041 ], [ -89.61828805, 15.007606870000075 ], [ -89.617727637999963, 15.008359102000043 ], [ -89.615500403999988, 15.012845339000023 ], [ -89.613582430999941, 15.016708735000066 ], [ -89.613151406999975, 15.017977441000028 ], [ -89.612850163999951, 15.019666726000025 ], [ -89.612819597999987, 15.020389593000061 ], [ -89.61277082, 15.020979036000028 ], [ -89.612149298999952, 15.021921036000037 ], [ -89.611456053999973, 15.022404949000077 ], [ -89.610391939999943, 15.022846088000051 ], [ -89.609369117999961, 15.023135500000024 ], [ -89.608169852999936, 15.023422270000026 ], [ -89.607268164999937, 15.023503593000044 ], [ -89.606524098999955, 15.023492479000026 ], [ -89.605490542999974, 15.023249096000029 ], [ -89.604458532999956, 15.022871447000057 ], [ -89.603582019999976, 15.022572853000042 ], [ -89.602997970999979, 15.022355362000042 ], [ -89.60235169699996, 15.022364881000044 ], [ -89.601683569999977, 15.022544462000042 ], [ -89.600914043999978, 15.022895170000027 ], [ -89.595969631999935, 15.027254671000037 ], [ -89.595428499999969, 15.028027421000047 ], [ -89.595042584999987, 15.028896155000041 ], [ -89.594815166999979, 15.029654424000057 ], [ -89.594543430999977, 15.030753935000064 ], [ -89.594195763999949, 15.031662734000065 ], [ -89.59375332799999, 15.032397463000052 ], [ -89.593135615999984, 15.033092322000073 ], [ -89.592619336999974, 15.033541580000076 ], [ -89.592144666999957, 15.033819942000036 ], [ -89.591004231999989, 15.03412667200007 ], [ -89.590318765999939, 15.034116377000032 ], [ -89.589577070999951, 15.033991267000033 ], [ -89.58899181299995, 15.033849322000037 ], [ -89.588308770999959, 15.033686724000063 ], [ -89.587684036999974, 15.033581419000029 ], [ -89.587175609999974, 15.033536539000067 ], [ -89.586549348999938, 15.033527123000056 ], [ -89.585214876999942, 15.033696625000061 ], [ -89.583717890999935, 15.034264256000029 ], [ -89.581510274999971, 15.035453079000035 ], [ -89.577871483999957, 15.037411304000045 ], [ -89.575760356999979, 15.038407428000028 ], [ -89.57406350299999, 15.039199902000064 ], [ -89.573393783999961, 15.03947527300005 ], [ -89.57270618299998, 15.039598040000044 ], [ -89.571648939999989, 15.039601254000047 ], [ -89.569947551999974, 15.039442394000048 ], [ -89.567975849999982, 15.039088738000032 ], [ -89.566122918999952, 15.038642078000066 ], [ -89.565188115999945, 15.038323268000056 ], [ -89.56446864899999, 15.038007716000038 ], [ -89.563867022999943, 15.037656708000043 ], [ -89.563461901999972, 15.037288365000052 ], [ -89.563202925999974, 15.036314037000068 ], [ -89.56325275599994, 15.035668230000056 ], [ -89.56338158799997, 15.034946888000036 ], [ -89.563585990999968, 15.034436571000072 ], [ -89.56375036299994, 15.033924518000049 ], [ -89.563799881999955, 15.03329788700006 ], [ -89.563776884999982, 15.032269585000051 ], [ -89.563687603999938, 15.031754822000039 ], [ -89.563284044999989, 15.031253353000068 ], [ -89.562663284999985, 15.030902058000038 ], [ -89.56197935099999, 15.030834155000036 ], [ -89.561249532999966, 15.031166130000031 ], [ -89.560596848999978, 15.031574872000022 ], [ -89.560021936999988, 15.031984790000024 ], [ -89.55945187399999, 15.032128482000076 ], [ -89.55853136199994, 15.032151767000073 ], [ -89.557963744999938, 15.032143162000068 ], [ -89.557222730999968, 15.031942360000073 ], [ -89.556365117999974, 15.031700293000029 ], [ -89.555695277999973, 15.031586321000077 ] ] ] ] } },
{ "type": "Feature", "properties": { "Codigo": 1911, "datos_finales_color_riesgo": "fe9181" }, "geometry": { "type": "MultiPolygon", "coordinates": [ [ [ [ -89.575262987999963, 14.962503499000036 ], [ -89.575257765999936, 14.962502914000027 ], [ -89.57451920599999, 14.96234862600005 ], [ -89.574001082999985, 14.961911438000072 ], [ -89.573850664999952, 14.961817521000057 ], [ -89.57364626399999, 14.961777729000062 ], [ -89.573082132999957, 14.961775439000064 ], [ -89.571629497999936, 14.96181516300004 ], [ -89.570738358999961, 14.961798207000072 ], [ -89.570361974999969, 14.961643386000048 ], [ -89.569672485999945, 14.960967439000058 ], [ -89.569158464999987, 14.960416731000066 ], [ -89.569023193999953, 14.960208150000028 ], [ -89.569026375999954, 14.959470601000078 ], [ -89.569061302999955, 14.958911882000052 ], [ -89.569048531999954, 14.95833293000004 ], [ -89.569011674999956, 14.958028486000046 ], [ -89.568875544999969, 14.957731059000025 ], [ -89.568221942999969, 14.957053009000049 ], [ -89.567955236999978, 14.95694059300007 ], [ -89.567542940999942, 14.95695375300005 ], [ -89.567153290999954, 14.957026380000059 ], [ -89.566771178999943, 14.957121302000076 ], [ -89.566412191999973, 14.95716436500004 ], [ -89.566183591999959, 14.957066947000044 ], [ -89.565859111999941, 14.95661979700003 ], [ -89.565129455999966, 14.955452104000074 ], [ -89.564833728999986, 14.954990742000064 ], [ -89.564521610999975, 14.954789075000065 ], [ -89.564194610999948, 14.954498286000046 ], [ -89.563958606999961, 14.954348882000033 ], [ -89.563701053999978, 14.953887676000022 ], [ -89.563306672999943, 14.953292315000056 ], [ -89.56312468699997, 14.953009541000029 ], [ -89.562866588999952, 14.952674501000047 ], [ -89.562580930999957, 14.952194317000021 ], [ -89.562442096999973, 14.951982532000045 ], [ -89.562333711999941, 14.951861003000033 ], [ -89.562516449999976, 14.951610348000031 ], [ -89.562708295999983, 14.951436499000067 ], [ -89.562804161999964, 14.951362579000033 ], [ -89.563007069999969, 14.951281667000046 ], [ -89.56319083599999, 14.95120810800006 ], [ -89.563286588999972, 14.951250035000044 ], [ -89.563115126999946, 14.951040593000073 ], [ -89.562958918999982, 14.950928482000052 ], [ -89.562737628999969, 14.950842114000068 ], [ -89.562655561999975, 14.950735694000059 ], [ -89.563016189999985, 14.950326720000078 ], [ -89.563105892999943, 14.949923474000059 ], [ -89.563268941999979, 14.949643666000043 ], [ -89.563593807999951, 14.949367941000048 ], [ -89.563857215999974, 14.949061205000078 ], [ -89.564190050999969, 14.948537635000037 ], [ -89.564442147999955, 14.947574504000045 ], [ -89.564456577999977, 14.946787163000067 ], [ -89.564165861999982, 14.946491367000021 ], [ -89.563891256999966, 14.946292053000036 ], [ -89.563589083999943, 14.946097982000026 ], [ -89.563491797999973, 14.945663710000076 ], [ -89.563554280999938, 14.945230092000031 ], [ -89.563055332999966, 14.944676331000039 ], [ -89.562667, 14.944028 ], [ -89.562221639999962, 14.943380277000074 ], [ -89.562813633999951, 14.942888312000036 ], [ -89.563062083999966, 14.941880767000043 ], [ -89.563186349999967, 14.941367107000076 ], [ -89.563715689999981, 14.941250621000052 ], [ -89.563972, 14.940611 ], [ -89.563417627999968, 14.939627787000063 ], [ -89.562933944999941, 14.938597465000043 ], [ -89.562936173999958, 14.938083304000031 ], [ -89.563181872999962, 14.93770857100003 ], [ -89.563427227999966, 14.937412940000058 ], [ -89.563550375999966, 14.937156360000074 ], [ -89.56361285, 14.936820427000043 ], [ -89.563634473999969, 14.936523879000049 ], [ -89.563534235999953, 14.936187281000059 ], [ -89.563413315999981, 14.935929700000031 ], [ -89.563292310999941, 14.935691895000048 ], [ -89.563278711999942, 14.935444003000043 ], [ -89.562791949999962, 14.934981088000029 ], [ -89.562099773999989, 14.934184258000073 ], [ -89.561708129999943, 14.933829766000031 ], [ -89.561347113999943, 14.933387177000043 ], [ -89.561076193999952, 14.933091994000051 ], [ -89.56074491399994, 14.932767155000022 ], [ -89.560384029999966, 14.932295158000045 ], [ -89.56005275199999, 14.931970319000072 ], [ -89.559450302999949, 14.931409107000036 ], [ -89.558457377999957, 14.930228736000061 ], [ -89.557223411999985, 14.928841519000059 ], [ -89.555500711999969, 14.926583003000076 ], [ -89.554639, 14.917583 ], [ -89.554806, 14.917083 ], [ -89.55703658799996, 14.914833035000072 ], [ -89.557389, 14.911944 ], [ -89.557278, 14.911722 ], [ -89.560167, 14.906139 ], [ -89.562762894999935, 14.904124297000067 ], [ -89.56447744799999, 14.902884736000033 ], [ -89.566889, 14.901472 ], [ -89.568667, 14.901361 ], [ -89.569556, 14.900833 ], [ -89.572528, 14.896417 ], [ -89.562972, 14.869444 ], [ -89.563488657999983, 14.869485569000062 ], [ -89.564006055999982, 14.869487679000031 ], [ -89.564868206999961, 14.869533129000047 ], [ -89.56572713099996, 14.869480801000066 ], [ -89.566218669999955, 14.86947284300004 ], [ -89.566878538999958, 14.86947976600004 ], [ -89.569295460999967, 14.869520510000029 ], [ -89.572585540999967, 14.869690246000062 ], [ -89.58236575799998, 14.869789661000027 ], [ -89.590474890999985, 14.870007531000056 ], [ -89.595657598999935, 14.870337335000045 ], [ -89.600619624999979, 14.870202168000048 ], [ -89.609366555999941, 14.870019746000025 ], [ -89.613917, 14.869306 ], [ -89.62023058599999, 14.871222033000038 ], [ -89.627900290999946, 14.867444911000064 ], [ -89.631341585999962, 14.865750032000051 ], [ -89.644119585999988, 14.866028032000031 ], [ -89.66439758599995, 14.879056031000061 ], [ -89.664132592999977, 14.881108410000024 ], [ -89.663706843999989, 14.883210036000037 ], [ -89.662636861999943, 14.888979300000074 ], [ -89.662391542999956, 14.890225831000066 ], [ -89.661178998999958, 14.896957498000063 ], [ -89.658786587999941, 14.911139032000051 ], [ -89.657130113999983, 14.910930251000025 ], [ -89.655021778999981, 14.910944889000064 ], [ -89.653842563999945, 14.910881415000063 ], [ -89.653696693999962, 14.910748008000041 ], [ -89.653495120999935, 14.910838574000024 ], [ -89.653306554999972, 14.911033544000077 ], [ -89.652527600999974, 14.911265462000074 ], [ -89.651587826999958, 14.911457648000066 ], [ -89.651109086999952, 14.91134971300005 ], [ -89.650810348999983, 14.91128236000003 ], [ -89.650263619999976, 14.911205528000039 ], [ -89.649756060999948, 14.911415471000055 ], [ -89.649468565999939, 14.911244133000025 ], [ -89.649155986999972, 14.911257477000049 ], [ -89.648457254999983, 14.91072917200006 ], [ -89.647906550999949, 14.910698079000042 ], [ -89.647077571999944, 14.910670058000051 ], [ -89.646275616999958, 14.910506872000042 ], [ -89.645011107999949, 14.910622468000042 ], [ -89.643972614999939, 14.910595626000031 ], [ -89.643638713999962, 14.910271 ], [ -89.642169796999951, 14.910783585000047 ], [ -89.641548087999979, 14.911034373000064 ], [ -89.640487962999941, 14.910757808000028 ], [ -89.639405186999966, 14.911143152000022 ], [ -89.638243865999982, 14.911138784000059 ], [ -89.637402753999936, 14.911174558000027 ], [ -89.636637409999935, 14.91158185200004 ], [ -89.634763735999968, 14.911412044000031 ], [ -89.633460228999979, 14.910951457000067 ], [ -89.632175587999939, 14.910194033000039 ], [ -89.622278, 14.914694 ], [ -89.622183671999949, 14.914703834000022 ], [ -89.622237160999987, 14.914981113000067 ], [ -89.622304868999947, 14.915265373000068 ], [ -89.622350944999937, 14.915614201000039 ], [ -89.622302303999959, 14.915898016000028 ], [ -89.622085935999962, 14.916554082000061 ], [ -89.622030619999975, 14.916727041000058 ], [ -89.62199, 14.916789227000038 ], [ -89.62194412599996, 14.916976075000036 ], [ -89.621927182999968, 14.917055438000034 ], [ -89.62187219399999, 14.917147585000066 ], [ -89.621770516999959, 14.917627457000037 ], [ -89.621750976999977, 14.917761301000041 ], [ -89.621776159999968, 14.917992292000065 ], [ -89.621822402999953, 14.918299560000037 ], [ -89.621854456999984, 14.918592919000048 ], [ -89.621853509999937, 14.918826119000073 ], [ -89.621873853999944, 14.919130645000052 ], [ -89.621872154999949, 14.919549427000049 ], [ -89.62190226499996, 14.919710328000065 ], [ -89.621970996999949, 14.91983024600006 ], [ -89.622109156999954, 14.919898081000042 ], [ -89.622251254999981, 14.91994349600003 ], [ -89.622362315999965, 14.920056098000032 ], [ -89.622556, 14.920194 ], [ -89.622390911999958, 14.920384216000059 ], [ -89.622257970999954, 14.920480372000043 ], [ -89.622108505999961, 14.920565724000028 ], [ -89.621997677999957, 14.920656594000036 ], [ -89.621908832999964, 14.920774400000028 ], [ -89.621841925999945, 14.920929882000053 ], [ -89.62175205599999, 14.921300088000066 ], [ -89.621701390999988, 14.921536187000072 ], [ -89.621678601999974, 14.921707950000041 ], [ -89.621677620999947, 14.92194961000007 ], [ -89.621681747999958, 14.922293325000055 ], [ -89.62165289099994, 14.922599322000053 ], [ -89.621662759999936, 14.922889357000031 ], [ -89.621678564999968, 14.923077378000073 ], [ -89.621655971999985, 14.923200808000047 ], [ -89.621655448999945, 14.923329694000074 ], [ -89.621666145999939, 14.923415660000046 ], [ -89.621654597999964, 14.92353913200003 ], [ -89.62164080499997, 14.924215738000044 ], [ -89.621765155999981, 14.926235451000025 ], [ -89.621756732999984, 14.926949669000066 ], [ -89.621792427999935, 14.927680168000052 ], [ -89.621878441999968, 14.92826049100006 ], [ -89.622007440999937, 14.929136346000064 ], [ -89.62212115799997, 14.929695294000055 ], [ -89.620675506999987, 14.929346041000031 ], [ -89.620751977999987, 14.929555777000076 ], [ -89.620850607999955, 14.929749487000038 ], [ -89.620861151999975, 14.929873045000022 ], [ -89.620667449999985, 14.929968965000057 ], [ -89.620578490999947, 14.930113622000022 ], [ -89.620726522999973, 14.930382706000046 ], [ -89.620725386999936, 14.930661957000041 ], [ -89.620673974999988, 14.93108064300003 ], [ -89.621131652999964, 14.931089406000069 ], [ -89.621067580999977, 14.931523338000034 ], [ -89.621035441999936, 14.931765546000065 ], [ -89.620956798999941, 14.931952041000045 ], [ -89.620819191999942, 14.932592682000063 ], [ -89.620751076999966, 14.932743877000064 ], [ -89.620677644999944, 14.932925344000068 ], [ -89.620609221999985, 14.933152267000025 ], [ -89.620456713999943, 14.933626247000063 ], [ -89.620351922999987, 14.933858078000071 ], [ -89.620205613999985, 14.934084701000074 ], [ -89.62007463399999, 14.934371966000072 ], [ -89.620006311999987, 14.934573646000047 ], [ -89.619974170999967, 14.934815854000021 ], [ -89.61989971099996, 14.935249745000021 ], [ -89.619872289999989, 14.935608089000027 ], [ -89.618392406999988, 14.935371528000076 ], [ -89.618415735999974, 14.93601024000003 ], [ -89.618344698999977, 14.936472214000048 ], [ -89.618317604999959, 14.936873598000034 ], [ -89.618305205999945, 14.937107250000054 ], [ -89.61830411599999, 14.937374332000047 ], [ -89.618336954999961, 14.937741702000039 ], [ -89.618426839999984, 14.938153806000059 ], [ -89.618445553999948, 14.939177707000056 ], [ -89.618113201999961, 14.940244944000028 ], [ -89.61833606, 14.940708052000048 ], [ -89.618447472999947, 14.940943807000053 ], [ -89.618323286999953, 14.941091351000068 ], [ -89.617767011999945, 14.941748568000037 ], [ -89.617569238999977, 14.942209498000068 ], [ -89.617447122999977, 14.942477970000027 ], [ -89.617722239999978, 14.94311949400003 ], [ -89.617667303999951, 14.943596619000061 ], [ -89.617405361999943, 14.94397520800004 ], [ -89.61658052699994, 14.945122039000069 ], [ -89.616055611999968, 14.94560948000003 ], [ -89.615546061999964, 14.946229046000042 ], [ -89.615239655999972, 14.946709029000033 ], [ -89.615033097999969, 14.946992011000077 ], [ -89.614938158999962, 14.947216806000029 ], [ -89.615032281999959, 14.947452497000029 ], [ -89.615957335999951, 14.948425680000071 ], [ -89.617107956999973, 14.949648884000055 ], [ -89.61773231699999, 14.95024163100004 ], [ -89.617942104999941, 14.950365112000043 ], [ -89.618220817999941, 14.950529163000056 ], [ -89.619258448999972, 14.950647424000067 ], [ -89.619923853999978, 14.950783290000061 ], [ -89.619971163999935, 14.950969925000038 ], [ -89.619922301999964, 14.951164145000064 ], [ -89.61981164599996, 14.951396627000065 ], [ -89.619613777999973, 14.951554739000073 ], [ -89.619629520999979, 14.951839678000056 ], [ -89.619565838999961, 14.952255793000063 ], [ -89.619643565999979, 14.952540971000076 ], [ -89.619637282999975, 14.952699821000067 ], [ -89.619603204999976, 14.952765431000046 ], [ -89.619467207999946, 14.952951173000031 ], [ -89.619542397999965, 14.953096834000064 ], [ -89.619573086999935, 14.953241938000076 ], [ -89.61954428699994, 14.95339522300003 ], [ -89.619423, 14.953523558000029 ], [ -89.61926647699994, 14.953810512000075 ], [ -89.61921446599996, 14.954128060000073 ], [ -89.61930151599995, 14.954494284000077 ], [ -89.619340805999968, 14.95492839800005 ], [ -89.619556, 14.955444 ], [ -89.619563761999984, 14.955768972000044 ], [ -89.619688910999969, 14.956224779000024 ], [ -89.619798530999958, 14.956595634000053 ], [ -89.619852459999947, 14.95699714400007 ], [ -89.619922515999974, 14.957336977000068 ], [ -89.620040294999967, 14.95765384200007 ], [ -89.620392109999955, 14.958321230000024 ], [ -89.620698304999962, 14.958822300000065 ], [ -89.62050037299997, 14.958848824000029 ], [ -89.620210042999986, 14.958889719000069 ], [ -89.61985584699994, 14.959015185000055 ], [ -89.61969967899995, 14.959067473000061 ], [ -89.619601870999986, 14.959038888000066 ], [ -89.619402943999944, 14.958904133000033 ], [ -89.619203988999971, 14.958776430000057 ], [ -89.618773567999938, 14.95848916500006 ], [ -89.618205674999956, 14.958116745000041 ], [ -89.618144135999955, 14.958088299000053 ], [ -89.618105218999972, 14.958076488000074 ], [ -89.618011541999977, 14.958074633000024 ], [ -89.617844017999971, 14.958103848000064 ], [ -89.617587351999987, 14.958149142000025 ], [ -89.617421345999958, 14.958182842000042 ], [ -89.617272232999937, 14.958216607000054 ], [ -89.617089388999943, 14.958236804000023 ], [ -89.616948174999948, 14.958216847000074 ], [ -89.616767122999988, 14.958174340000028 ], [ -89.616242554999985, 14.958008068000026 ], [ -89.615877501999989, 14.957893178000063 ], [ -89.615313089999972, 14.957705847000057 ], [ -89.615198132999978, 14.957650156000057 ], [ -89.615027354999938, 14.957349380000039 ], [ -89.614636901999972, 14.956687913000053 ], [ -89.614561684999956, 14.956678662000058 ], [ -89.614451010999971, 14.956702123000071 ], [ -89.614355589999946, 14.956751025000074 ], [ -89.614115505999962, 14.956872529000066 ], [ -89.61350934699999, 14.957128484000066 ], [ -89.613454224999941, 14.957087956000066 ], [ -89.613390113999969, 14.95699214800004 ], [ -89.613260566999941, 14.956749762000072 ], [ -89.613184390999947, 14.956600155000046 ], [ -89.613118616999941, 14.95653569600006 ], [ -89.61300208099999, 14.956490450000047 ], [ -89.612816313999986, 14.956474797000055 ], [ -89.61262439099994, 14.95646210700005 ], [ -89.612112802999945, 14.956421651000028 ], [ -89.611154907999946, 14.956354168000075 ], [ -89.610596530999942, 14.956333509000046 ], [ -89.610339944999964, 14.956261062000067 ], [ -89.610157740999966, 14.956190122000066 ], [ -89.610032749999959, 14.956075049000049 ], [ -89.609835841999939, 14.955882073000055 ], [ -89.609756153999967, 14.955844800000023 ], [ -89.609399800999938, 14.955797862000054 ], [ -89.609085235999942, 14.955759547000071 ], [ -89.609013842999957, 14.955726816000038 ], [ -89.608985668999935, 14.95568064400004 ], [ -89.608966313999986, 14.955535060000045 ], [ -89.608956864999982, 14.955406976000063 ], [ -89.608935113999962, 14.955358388000036 ], [ -89.608881434999944, 14.95530967600007 ], [ -89.608661988999984, 14.955293299000061 ], [ -89.608396572999936, 14.955294202000061 ], [ -89.608137208999949, 14.955279609000058 ], [ -89.60766033799996, 14.95526222500007 ], [ -89.606989907999946, 14.955242143000078 ], [ -89.606287572999975, 14.955216114000052 ], [ -89.606012179999937, 14.955216976000031 ], [ -89.605862578999961, 14.955200870000056 ], [ -89.605800820999946, 14.955175406000023 ], [ -89.60577105699997, 14.955134548000046 ], [ -89.605727339999987, 14.955089754000028 ], [ -89.605694711999945, 14.955028003000052 ], [ -89.605588662999935, 14.955055569000024 ], [ -89.605171839999969, 14.95621423800003 ], [ -89.604833672999973, 14.956634878000045 ], [ -89.604603008999959, 14.95697466200005 ], [ -89.603955399999961, 14.957557979000057 ], [ -89.603409616999954, 14.958068461000039 ], [ -89.603000251999958, 14.958479380000028 ], [ -89.602511657999969, 14.959249647000036 ], [ -89.60199283899999, 14.960896657000035 ], [ -89.601715810999963, 14.962143696000055 ], [ -89.601570924999976, 14.963117431000057 ], [ -89.601796415999956, 14.963236127000073 ], [ -89.601079665999976, 14.96502705100005 ], [ -89.600583711999946, 14.966556003000051 ], [ -89.598248410999986, 14.965732080000066 ], [ -89.595862445999956, 14.965317674000062 ], [ -89.594570456999975, 14.96501721900006 ], [ -89.592962234999959, 14.964366900000073 ], [ -89.591337, 14.96387549800005 ], [ -89.590185246999965, 14.963576768000053 ], [ -89.58783774699998, 14.962691052000025 ], [ -89.586279996999963, 14.962396348000027 ], [ -89.585005294999974, 14.96218781400006 ], [ -89.583738250999943, 14.962039921000041 ], [ -89.582715921999977, 14.961919452000075 ], [ -89.582133692999946, 14.96193826800004 ], [ -89.581638264999981, 14.962015614000052 ], [ -89.580189319999988, 14.962422342000025 ], [ -89.578389, 14.963139 ], [ -89.578187659999969, 14.963018679000072 ], [ -89.578098185999977, 14.962953750000054 ], [ -89.578005062999978, 14.96290276600007 ], [ -89.577876023999977, 14.962855128000058 ], [ -89.577766648999955, 14.962826765000045 ], [ -89.577594419999969, 14.96280512800007 ], [ -89.577377307999939, 14.96278505500004 ], [ -89.577117137999949, 14.962759572000039 ], [ -89.576369931999977, 14.962647492000031 ], [ -89.575876656999981, 14.962572183000077 ], [ -89.575262987999963, 14.962503499000036 ] ] ] ] } },
{ "type": "Feature", "properties": { "Codigo": 2006, "datos_finales_color_riesgo": "fe9181" }, "geometry": { "type": "MultiPolygon", "coordinates": [ [ [ [ -89.364848244999962, 14.647364768000045 ], [ -89.371247065999967, 14.647926201000075 ], [ -89.37266499399999, 14.648796742000059 ], [ -89.372765845999936, 14.650377797000033 ], [ -89.372319972999946, 14.651557703000037 ], [ -89.36981342699994, 14.654301816000043 ], [ -89.364059385999951, 14.658612900000037 ], [ -89.36024182899996, 14.662383294000051 ], [ -89.35943414799999, 14.66308138900007 ], [ -89.35883695199999, 14.664085132000025 ], [ -89.358512231999953, 14.667145317000063 ], [ -89.359302324999987, 14.668246409000062 ], [ -89.361495075999983, 14.66827289500003 ], [ -89.362341438999977, 14.66761940300006 ], [ -89.364211373999979, 14.667159065000021 ], [ -89.366269595999938, 14.667858056000057 ], [ -89.367204527999945, 14.669384470000068 ], [ -89.368433481999944, 14.672370855000054 ], [ -89.36945030399994, 14.67279968400004 ], [ -89.37166452799994, 14.674865075000071 ], [ -89.375347767999983, 14.67640284600003 ], [ -89.379810086999953, 14.680109861000062 ], [ -89.382153678999941, 14.683022233000031 ], [ -89.383348697999963, 14.685586115000035 ], [ -89.383720580999977, 14.687426386000027 ], [ -89.383434641999941, 14.691770045000055 ], [ -89.381948504999968, 14.693544086000031 ], [ -89.381450059999963, 14.693969537000044 ], [ -89.380806459999974, 14.694270871000072 ], [ -89.380163334999963, 14.694472927000049 ], [ -89.378816705999952, 14.695199888000047 ], [ -89.377690940999969, 14.696730187000071 ], [ -89.377327803999947, 14.700157630000035 ], [ -89.375039614999935, 14.702133415000048 ], [ -89.37423772599999, 14.702226916000029 ], [ -89.37270564399995, 14.703405586000031 ], [ -89.37076035199999, 14.704267514000037 ], [ -89.36879477299999, 14.704323572000021 ], [ -89.368488543999945, 14.704722665000077 ], [ -89.366887244999987, 14.705808817000047 ], [ -89.365559859999962, 14.708411028000057 ], [ -89.364580165999939, 14.709160557000075 ], [ -89.36285365699996, 14.710804285000052 ], [ -89.363312708999956, 14.712653824000029 ], [ -89.364110604999951, 14.713747162000061 ], [ -89.366338750999944, 14.715792588000056 ], [ -89.367202910999936, 14.717050549000078 ], [ -89.368687769999951, 14.723102913000048 ], [ -89.367256585999939, 14.725665123000056 ], [ -89.365329140999961, 14.730676712000047 ], [ -89.362610042999961, 14.733058422000056 ], [ -89.358301118999975, 14.737871088000077 ], [ -89.356002777999947, 14.740037063000045 ], [ -89.355000859999961, 14.741169743000057 ], [ -89.346927816999937, 14.745748960000071 ], [ -89.343889340999965, 14.74692833000006 ], [ -89.342179272999942, 14.747767681000028 ], [ -89.337800362999985, 14.748442874000034 ], [ -89.336178163999989, 14.749294850000069 ], [ -89.333182207999982, 14.74952369600004 ], [ -89.330584593999959, 14.74853592200003 ], [ -89.330307095999956, 14.748077995000074 ], [ -89.328801000999988, 14.747606188000077 ], [ -89.325877650999985, 14.743963180000037 ], [ -89.325351825999974, 14.739965705000031 ], [ -89.323981683999989, 14.737615427000037 ], [ -89.323398224999949, 14.737223706000066 ], [ -89.322236374999989, 14.736380550000035 ], [ -89.319097060999979, 14.735358120000058 ], [ -89.314664041999947, 14.735064112000032 ], [ -89.312740438999981, 14.733511585000031 ], [ -89.306960126999968, 14.731317619000038 ], [ -89.30363472, 14.731476560000033 ], [ -89.302415608999979, 14.73214408900003 ], [ -89.301620296999943, 14.733215489000031 ], [ -89.301001330999952, 14.735717901000044 ], [ -89.299707395999974, 14.737758253000038 ], [ -89.29921931199999, 14.737899349000031 ], [ -89.296716168999978, 14.737652807000075 ], [ -89.294875413999989, 14.736487296000064 ], [ -89.289626283999951, 14.736955857000055 ], [ -89.284417005999956, 14.736135516000047 ], [ -89.282795471999975, 14.735138151000058 ], [ -89.280869708999944, 14.735435446000054 ], [ -89.277425205999975, 14.736735960000033 ], [ -89.271002801999941, 14.741743764000034 ], [ -89.26684920799994, 14.744104309000022 ], [ -89.260810765999963, 14.745070416000033 ], [ -89.25304629599998, 14.744615201000045 ], [ -89.247564314999977, 14.745307956000033 ], [ -89.245914957999958, 14.746279482000034 ], [ -89.243468442999983, 14.746757479000053 ], [ -89.239743079999982, 14.748667555000054 ], [ -89.228735641999947, 14.751926307000076 ], [ -89.228749248999975, 14.749255346000041 ], [ -89.232881822999957, 14.745242681000036 ], [ -89.23442062, 14.743086143000028 ], [ -89.234940030999951, 14.739374328000054 ], [ -89.237226976999978, 14.737014487000067 ], [ -89.239976351999985, 14.735565700000052 ], [ -89.242690322999977, 14.732902515000035 ], [ -89.244401873999948, 14.732015478000051 ], [ -89.246608423999987, 14.731833601000062 ], [ -89.250423753999939, 14.729285185000037 ], [ -89.252943008999978, 14.728473213000029 ], [ -89.253845000999945, 14.727206347000049 ], [ -89.253631755999947, 14.723985654000046 ], [ -89.252152084999977, 14.722706148000043 ], [ -89.249752952999984, 14.722158509000053 ], [ -89.245882844999983, 14.722466862000033 ], [ -89.243213285999957, 14.721030374000065 ], [ -89.243044284999939, 14.720274090000032 ], [ -89.243200250999962, 14.718917321000049 ], [ -89.246495901999936, 14.715365546000044 ], [ -89.249734368999952, 14.70793337200007 ], [ -89.251149318999978, 14.706416485000034 ], [ -89.252635144999942, 14.705939676000071 ], [ -89.254877275999945, 14.704914443000064 ], [ -89.256221868999944, 14.701880250000045 ], [ -89.25854594399999, 14.699614286000042 ], [ -89.261975303999975, 14.698249406000059 ], [ -89.267471074999946, 14.698243263000052 ], [ -89.272366395999939, 14.695993715000043 ], [ -89.274721235999948, 14.694327047000058 ], [ -89.27700660499994, 14.693713996000042 ], [ -89.282158125999956, 14.690970822000054 ], [ -89.283793971999955, 14.689530528000034 ], [ -89.285818132999964, 14.685273930000051 ], [ -89.286100447999956, 14.680638565000038 ], [ -89.286043834999987, 14.674970071000075 ], [ -89.281025566999972, 14.670478819000039 ], [ -89.279562043999988, 14.668181120000042 ], [ -89.27923276599995, 14.666855969000039 ], [ -89.280371953999975, 14.665719056000057 ], [ -89.283178631999988, 14.663963567000053 ], [ -89.28526242199996, 14.663292983000076 ], [ -89.289019866999979, 14.660228217000054 ], [ -89.29197579099997, 14.65871977300003 ], [ -89.297356512999954, 14.655135861000076 ], [ -89.300328110999942, 14.651411904000042 ], [ -89.303821973999959, 14.648459933000026 ], [ -89.304108024999948, 14.647674796000047 ], [ -89.310635230999935, 14.64226758600006 ], [ -89.313861752999969, 14.646276268000065 ], [ -89.31850074, 14.648422193000044 ], [ -89.324887678999971, 14.648735379000072 ], [ -89.330647383999974, 14.649629644000072 ], [ -89.333303548999936, 14.650237907000076 ], [ -89.334857294999949, 14.651326275000031 ], [ -89.339146979999953, 14.652376534000041 ], [ -89.35076901299999, 14.651885851000031 ], [ -89.35886278299995, 14.650087021000047 ], [ -89.36108640399999, 14.650057548000063 ], [ -89.363215258999958, 14.649030378000077 ], [ -89.364102370999944, 14.648570420000055 ], [ -89.36410551299997, 14.648028938000039 ], [ -89.364848244999962, 14.647364768000045 ] ] ] ] } },
{ "type": "Feature", "properties": { "Codigo": 403, "datos_finales_color_riesgo": "fe9181" }, "geometry": { "type": "MultiPolygon", "coordinates": [ [ [ [ -90.692508898999961, 14.909432695000078 ], [ -90.691936692999946, 14.909398693000071 ], [ -90.691259317999936, 14.909370401000047 ], [ -90.690537012999982, 14.909253567000064 ], [ -90.690019573999962, 14.909039415000052 ], [ -90.68948031299999, 14.908748242000058 ], [ -90.68881034399999, 14.907972385000051 ], [ -90.688489090999951, 14.907386391000045 ], [ -90.688135569999986, 14.906613728000025 ], [ -90.687781944999983, 14.905851227000028 ], [ -90.687326471999938, 14.905110283000056 ], [ -90.686733832999948, 14.904544135000037 ], [ -90.686216179999974, 14.904297220000046 ], [ -90.685585296999989, 14.904158710000047 ], [ -90.684998527999937, 14.904075982000052 ], [ -90.68440074199998, 14.903937801000041 ], [ -90.683814568999935, 14.903799738000032 ], [ -90.683015562999969, 14.903473175000045 ], [ -90.682433380999953, 14.902962460000026 ], [ -90.681356567999956, 14.902333801000054 ], [ -90.680622321999977, 14.902196489000062 ], [ -90.680028767999943, 14.901718408000022 ], [ -90.680140499999936, 14.900774268000077 ], [ -90.680294807999985, 14.900083537000057 ], [ -90.680084808999936, 14.899630799000022 ], [ -90.679246672999966, 14.898731245000022 ], [ -90.678560560999983, 14.898438566000038 ], [ -90.677759464999951, 14.898309606000055 ], [ -90.677004115999978, 14.89819239600007 ], [ -90.676462306999952, 14.898088648000055 ], [ -90.675360653999974, 14.897560227000042 ], [ -90.674710347999962, 14.897070264000035 ], [ -90.673890617999973, 14.896622623000042 ], [ -90.672761726999966, 14.896523067000032 ], [ -90.671938291999936, 14.896366755000031 ], [ -90.671330927999975, 14.896096314000033 ], [ -90.670039129999964, 14.89537959300003 ], [ -90.669365483999968, 14.894956012000023 ], [ -90.668580285999951, 14.89443078000005 ], [ -90.667236097999989, 14.893296785000075 ], [ -90.666153209999948, 14.892108980000046 ], [ -90.665057657999967, 14.890966214000059 ], [ -90.664219359999947, 14.89014454200003 ], [ -90.663692869999977, 14.889699859000075 ], [ -90.662815239999986, 14.889349848000052 ], [ -90.661923009999953, 14.889330584000049 ], [ -90.661368915999958, 14.889346387000046 ], [ -90.660848232999967, 14.889440455000056 ], [ -90.660191352999959, 14.889564752000069 ], [ -90.659400372999983, 14.889579260000062 ], [ -90.658862401999954, 14.889177367000059 ], [ -90.65837387199997, 14.888337793000062 ], [ -90.658062208999979, 14.887895295000021 ], [ -90.657649192999941, 14.887429174000033 ], [ -90.657179618999976, 14.886985061000075 ], [ -90.656551556999943, 14.886539326000047 ], [ -90.655978972999947, 14.886225163000063 ], [ -90.654662865999967, 14.885673006000047 ], [ -90.653525292999973, 14.885310139000069 ], [ -90.652927710999961, 14.885160595000059 ], [ -90.652216952999936, 14.885060711000051 ], [ -90.651302475999955, 14.885007297000072 ], [ -90.650804686999948, 14.885078990000068 ], [ -90.649953748999962, 14.885377448000042 ], [ -90.649588364999943, 14.885714759000052 ], [ -90.648899895999989, 14.886718452000025 ], [ -90.64847307399998, 14.887527193000039 ], [ -90.648217214999988, 14.888151347000075 ], [ -90.648042443999941, 14.888632907000044 ], [ -90.647890317999952, 14.88911470000005 ], [ -90.647704627999985, 14.889585984000064 ], [ -90.64713138799999, 14.890349176000029 ], [ -90.646496189999937, 14.890561742000045 ], [ -90.645999936999942, 14.890491143000077 ], [ -90.645222738999962, 14.890252773000043 ], [ -90.644648151999945, 14.890070692000052 ], [ -90.64340550899999, 14.890079373000049 ], [ -90.642656607999982, 14.890335933000074 ], [ -90.641782253999963, 14.890756082000053 ], [ -90.640764155999989, 14.890832558000056 ], [ -90.640024094999944, 14.890330294000023 ], [ -90.639654616999962, 14.889975267000068 ], [ -90.639050291999979, 14.889485690000072 ], [ -90.63848805899994, 14.889182884000036 ], [ -90.637835576999976, 14.88895707000006 ], [ -90.636840967999944, 14.888956978000067 ], [ -90.636069647999989, 14.889246036000031 ], [ -90.635467393999988, 14.889525541000069 ], [ -90.634876626999983, 14.889816457000052 ], [ -90.634028269999988, 14.889928534000035 ], [ -90.63304612, 14.889797556000076 ], [ -90.632351726999957, 14.889262988000041 ], [ -90.631963818999964, 14.888576869000076 ], [ -90.631453116999978, 14.887704274000043 ], [ -90.631009973999937, 14.886919333000037 ], [ -90.630330105999974, 14.886066443000061 ], [ -90.629225173999941, 14.885856257000057 ], [ -90.628081889999976, 14.886020602000031 ], [ -90.627322693999986, 14.886210375000076 ], [ -90.626008179999985, 14.886581861000025 ], [ -90.625508845999946, 14.886741567000058 ], [ -90.624501774999942, 14.886873426000022 ], [ -90.623836866999966, 14.886724239000046 ], [ -90.62334281599999, 14.886454856000057 ], [ -90.622803370999975, 14.886142089000032 ], [ -90.622054495999976, 14.885602413000072 ], [ -90.621471463999967, 14.885029448000068 ], [ -90.621117382999955, 14.88433350400004 ], [ -90.621010086999945, 14.883793706000063 ], [ -90.620961135999949, 14.883122385000036 ], [ -90.620906108999975, 14.881946199000026 ], [ -90.620814699999983, 14.881016955000064 ], [ -90.620597681999982, 14.880211759000076 ], [ -90.62021421299994, 14.87912589900003 ], [ -90.619775131999972, 14.877923139000075 ], [ -90.619194839999977, 14.877049802000045 ], [ -90.619936479999978, 14.877187372000037 ], [ -90.620577841999989, 14.87725726900004 ], [ -90.621293278999985, 14.877296313000045 ], [ -90.622033876999978, 14.877264466000042 ], [ -90.622728916999961, 14.876939654000068 ], [ -90.623159430999976, 14.876223612000047 ], [ -90.623362154999938, 14.875525540000069 ], [ -90.623615816999973, 14.874682309000036 ], [ -90.623931750999986, 14.874037353000062 ], [ -90.624285992999944, 14.873605109000039 ], [ -90.624887297999976, 14.872931485000038 ], [ -90.625233568999988, 14.872484473000043 ], [ -90.625825974999941, 14.871880774000033 ], [ -90.626407942999947, 14.871488147000036 ], [ -90.627184672999988, 14.87112350700005 ], [ -90.627853601999959, 14.87090117200006 ], [ -90.628710204999948, 14.870664966000049 ], [ -90.629215529999954, 14.87059113600003 ], [ -90.62980177899999, 14.870549763000042 ], [ -90.630541949999952, 14.870502070000043 ], [ -90.631372530999954, 14.870415785000034 ], [ -90.632165233999956, 14.870076137000069 ], [ -90.632681276999961, 14.869604887000037 ], [ -90.633283265999978, 14.868971901000066 ], [ -90.634006005999936, 14.868339027000047 ], [ -90.634541402999957, 14.867742619000069 ], [ -90.634879780999938, 14.867271790000075 ], [ -90.635292997999954, 14.866698963000033 ], [ -90.63568713799998, 14.866331477000074 ], [ -90.636315918999969, 14.86611547800004 ], [ -90.636885322999944, 14.866073909000022 ], [ -90.637860708999938, 14.866123479000066 ], [ -90.639024114999984, 14.86612754600003 ], [ -90.639568965999956, 14.866101529000048 ], [ -90.640358982999942, 14.866006886000037 ], [ -90.640897233999965, 14.865893841000059 ], [ -90.641647643999988, 14.865703919000055 ], [ -90.64230080599998, 14.865433947000042 ], [ -90.642743076999977, 14.865177613000071 ], [ -90.643291615999942, 14.86481169800004 ], [ -90.643800628999941, 14.864396813000042 ], [ -90.644474564999939, 14.86376339900005 ], [ -90.645837340999947, 14.86256673500003 ], [ -90.646696557999974, 14.86208541700006 ], [ -90.647348743999942, 14.861957712000049 ], [ -90.648057133999941, 14.861893823000059 ], [ -90.648991706999936, 14.86195873500003 ], [ -90.649543136999966, 14.862075056000037 ], [ -90.650046046999989, 14.862222502000066 ], [ -90.65080028899996, 14.862427856000068 ], [ -90.651676954999971, 14.862587029000053 ], [ -90.652448309999954, 14.862713499000051 ], [ -90.65305740499997, 14.86275925700005 ], [ -90.653634996999983, 14.862765162000073 ], [ -90.654204294999943, 14.86278679000003 ], [ -90.655011165999952, 14.862581592000026 ], [ -90.655607914999962, 14.862318905000052 ], [ -90.656189178999966, 14.861984907000021 ], [ -90.657269762999988, 14.861323981000055 ], [ -90.657776438999974, 14.861122482000042 ], [ -90.658615302999976, 14.860965026000031 ], [ -90.659324371999958, 14.860837865000065 ], [ -90.660131729999989, 14.860640556000021 ], [ -90.66063745699995, 14.860527129000047 ], [ -90.661240464999935, 14.860383070000069 ], [ -90.662008973999946, 14.860019346000058 ], [ -90.662308344999985, 14.859444169000028 ], [ -90.66250436699994, 14.858600285000023 ], [ -90.662711585999944, 14.857470792000072 ], [ -90.662799743999983, 14.856831349000061 ], [ -90.663021596999954, 14.855852206000066 ], [ -90.663166893999971, 14.855189630000041 ], [ -90.663166248999971, 14.854493945000058 ], [ -90.662701375999973, 14.853887274000044 ], [ -90.662002535999989, 14.853065900000047 ], [ -90.661619275999954, 14.852428436000025 ], [ -90.661519242999987, 14.851905661000046 ], [ -90.661795633999986, 14.851145037000038 ], [ -90.662378401999945, 14.850613401000032 ], [ -90.662661236999952, 14.850062899000022 ], [ -90.662717827999984, 14.849335046000022 ], [ -90.662785252999981, 14.84835546100004 ], [ -90.662988205999966, 14.847621190000041 ], [ -90.663115115999972, 14.847156061000021 ], [ -90.663344077999966, 14.846323803000075 ], [ -90.66378647199997, 14.845996274000072 ], [ -90.664441805999957, 14.846327058000043 ], [ -90.665260011999976, 14.846627876000071 ], [ -90.666202748999979, 14.846684886000048 ], [ -90.666916004999962, 14.846866051000063 ], [ -90.667757070999983, 14.847309389000031 ], [ -90.66818537499995, 14.847591558000033 ], [ -90.669126335999977, 14.847814552000045 ], [ -90.670128844999965, 14.847603370000058 ], [ -90.670848633999981, 14.847230076000073 ], [ -90.671704524999939, 14.847049021000032 ], [ -90.672217338999985, 14.846975162000035 ], [ -90.673088634999942, 14.846873312000071 ], [ -90.673796642999946, 14.846840953000026 ], [ -90.674765710999964, 14.846716369000035 ], [ -90.675635445999944, 14.846597554000027 ], [ -90.676435631999937, 14.846413657000028 ], [ -90.677150111999936, 14.845503842000028 ], [ -90.677522378999981, 14.844619932000057 ], [ -90.677756639999984, 14.844047457000045 ], [ -90.678009921999944, 14.843596013000024 ], [ -90.678398546999972, 14.843136904000062 ], [ -90.679024951999963, 14.842699393000032 ], [ -90.679680862999987, 14.842433841000059 ], [ -90.680358430999945, 14.842097358000046 ], [ -90.680860936999977, 14.841628098000058 ], [ -90.681156965999946, 14.841086733000054 ], [ -90.68135867699999, 14.840625729000067 ], [ -90.681603053999936, 14.840082713000072 ], [ -90.682076823999978, 14.839422299000034 ], [ -90.682525994999935, 14.839054139000041 ], [ -90.683046268999988, 14.838877557000046 ], [ -90.683772786999953, 14.83879452900004 ], [ -90.684591049999938, 14.838872794000054 ], [ -90.685201717999973, 14.838929765000046 ], [ -90.68575311799998, 14.83877381700006 ], [ -90.686242572999959, 14.83854722500007 ], [ -90.687219819999939, 14.838305212000023 ], [ -90.687800910999954, 14.83825007300004 ], [ -90.688537618999987, 14.838136639000027 ], [ -90.689247357999989, 14.837720263000051 ], [ -90.689685797999971, 14.837432163000074 ], [ -90.690322072999948, 14.83704553900003 ], [ -90.690924695999968, 14.836930749000032 ], [ -90.691629411999941, 14.83693217800004 ], [ -90.692275281999969, 14.83662582900007 ], [ -90.692478459999961, 14.836023656000066 ], [ -90.692566709999937, 14.835529879000035 ], [ -90.69285171599995, 14.835039204000054 ], [ -90.693436222999935, 14.834661084000061 ], [ -90.694072699999936, 14.834254118000047 ], [ -90.694256416999963, 14.833570434000023 ], [ -90.694013501999962, 14.83299314900006 ], [ -90.693802146999985, 14.832395852000047 ], [ -90.694192858999941, 14.831734570000037 ], [ -90.69483134699999, 14.831136758000071 ], [ -90.695015870999953, 14.830376284000067 ], [ -90.694536465999988, 14.829656586000056 ], [ -90.694043958999941, 14.829187479000041 ], [ -90.693696517999967, 14.828669003000073 ], [ -90.693342878999943, 14.827859087000036 ], [ -90.693236972999955, 14.82706181900005 ], [ -90.693109687999936, 14.826364851000051 ], [ -90.692857775999983, 14.825706162000074 ], [ -90.692677178999986, 14.825110302000041 ], [ -90.692539028999988, 14.82445275300006 ], [ -90.692517660999954, 14.823565983000037 ], [ -90.692233070999976, 14.823033455000029 ], [ -90.691908235999961, 14.822354834000066 ], [ -90.69218705899999, 14.821459782000034 ], [ -90.69259587, 14.821060697000064 ], [ -90.693192052999962, 14.820562976000076 ], [ -90.6937488, 14.81984237100005 ], [ -90.694109326999978, 14.819068977000029 ], [ -90.694334660999971, 14.818345050000062 ], [ -90.694828222999945, 14.817725451000058 ], [ -90.695078884999987, 14.817295412000021 ], [ -90.694660628999941, 14.81661359900005 ], [ -90.694411555999977, 14.81574149000005 ], [ -90.694407148999971, 14.815006225000047 ], [ -90.694484302999967, 14.814516851000064 ], [ -90.694665884999949, 14.813812813000027 ], [ -90.694671321999976, 14.813299002000065 ], [ -90.694593342999951, 14.812714336000056 ], [ -90.694002583999975, 14.811879461000046 ], [ -90.693492554999978, 14.811314185000072 ], [ -90.692970594999963, 14.810725072000025 ], [ -90.692543495999985, 14.81027694900007 ], [ -90.691684260999978, 14.809801908000054 ], [ -90.691181742999959, 14.809679416000051 ], [ -90.690700226999979, 14.808670577000044 ], [ -90.690684339999962, 14.807923905000052 ], [ -90.690020568999955, 14.807134597000072 ], [ -90.689627980999944, 14.806826857000033 ], [ -90.68921125899999, 14.80649629100003 ], [ -90.688663297999938, 14.806116972000041 ], [ -90.688211176999971, 14.805786047000026 ], [ -90.687461161999977, 14.805194636000067 ], [ -90.68695116799995, 14.804629348000049 ], [ -90.686849547999941, 14.804032022000058 ], [ -90.686892332999946, 14.803390971000056 ], [ -90.687156220999952, 14.802260865000051 ], [ -90.687354139999968, 14.801768189000029 ], [ -90.688117807999959, 14.799866093000048 ], [ -90.688472613999977, 14.799192030000029 ], [ -90.689102002999959, 14.79873191400003 ], [ -90.689729458999977, 14.798399394000057 ], [ -90.690199566999979, 14.798181621000026 ], [ -90.691065572999946, 14.797957651000047 ], [ -90.691740569999979, 14.797684328000059 ], [ -90.692274735999945, 14.79711708800005 ], [ -90.692631004999953, 14.796302990000072 ], [ -90.692844775999959, 14.795407280000063 ], [ -90.693019538999977, 14.794742700000029 ], [ -90.69313525299998, 14.794008637000047 ], [ -90.693212512999935, 14.793507968000029 ], [ -90.693229893999955, 14.793016865000027 ], [ -90.693295336999938, 14.792481068000029 ], [ -90.693604124999979, 14.791655200000037 ], [ -90.694054609999966, 14.791040809000037 ], [ -90.69462312099995, 14.790626368000062 ], [ -90.695058456999959, 14.790291908000029 ], [ -90.69573539199996, 14.789832243000035 ], [ -90.696181804999981, 14.789602923000075 ], [ -90.696711621999953, 14.789444457000059 ], [ -90.697335702999965, 14.789428104000024 ], [ -90.698595706999981, 14.789428262000058 ], [ -90.699902298999973, 14.789523745000054 ], [ -90.701772605999963, 14.789658720000034 ], [ -90.702636954999946, 14.78964361900006 ], [ -90.703141279999954, 14.789591044000076 ], [ -90.703829173999964, 14.789246658000025 ], [ -90.70431412399995, 14.788773759000037 ], [ -90.704631289999952, 14.788250626000035 ], [ -90.704773078999949, 14.787295452000023 ], [ -90.704877388999989, 14.786537546000034 ], [ -90.705146714999955, 14.786037652000061 ], [ -90.705766208999989, 14.785297294000031 ], [ -90.706047467999952, 14.784821234000049 ], [ -90.706330717999947, 14.784100119000072 ], [ -90.706579920999957, 14.783249912000031 ], [ -90.706791696999971, 14.782481780000069 ], [ -90.706993085999954, 14.781597215000033 ], [ -90.70713376499998, 14.780745930000023 ], [ -90.707260998999971, 14.780069566000066 ], [ -90.707589366999969, 14.778532351000024 ], [ -90.708051022999939, 14.777953044000071 ], [ -90.70851154099995, 14.777537488000064 ], [ -90.709031706999951, 14.777133817000049 ], [ -90.709733099999937, 14.776604322000026 ], [ -90.71058802899995, 14.776320294000072 ], [ -90.711176962999957, 14.776221104000058 ], [ -90.712041416999966, 14.776135938000039 ], [ -90.713301826999952, 14.776090832000023 ], [ -90.715101306999941, 14.776108657000066 ], [ -90.715763294999988, 14.775905145000024 ], [ -90.716595522999967, 14.775515836000068 ], [ -90.717447872999969, 14.775477963000071 ], [ -90.718215595999936, 14.775485556000035 ], [ -90.718983933999937, 14.775434424000025 ], [ -90.719659929999978, 14.775055981000037 ], [ -90.720254220999948, 14.774442947000068 ], [ -90.720523115999981, 14.773979165000071 ], [ -90.720695814999942, 14.773502008000037 ], [ -90.720920207999939, 14.772686543000077 ], [ -90.721239582999942, 14.772000767000065 ], [ -90.721459944999935, 14.771571514000073 ], [ -90.721958838999967, 14.770922519000067 ], [ -90.722648857999957, 14.770310419000054 ], [ -90.723990920999938, 14.769332047000034 ], [ -90.725490173999958, 14.768249049000076 ], [ -90.726833216999978, 14.767118199000038 ], [ -90.728480348999938, 14.765651508000076 ], [ -90.73019807299994, 14.764314248000062 ], [ -90.730803762999983, 14.763771314000053 ], [ -90.731191677999959, 14.763354986000024 ], [ -90.731546862999949, 14.762680836000072 ], [ -90.73197281099999, 14.762066106000077 ], [ -90.73243348599999, 14.761627906000058 ], [ -90.733037827999965, 14.761213701000031 ], [ -90.733677330999967, 14.760822426000061 ], [ -90.73425642699999, 14.76054801500004 ], [ -90.735195426999951, 14.760207110000067 ], [ -90.735688933999938, 14.76007190100006 ], [ -90.736218417999964, 14.759937045000072 ], [ -90.736952656999961, 14.759699160000025 ], [ -90.737500653999973, 14.759457188000056 ], [ -90.739492327999983, 14.757825494000031 ], [ -90.740000391999956, 14.757291738000049 ], [ -90.740765831999965, 14.756222898000033 ], [ -90.741032815999972, 14.754757278000056 ], [ -90.741799266999976, 14.753589056000067 ], [ -90.74236031199996, 14.752811856000051 ], [ -90.742623235999986, 14.751738099000022 ], [ -90.742479945999946, 14.751002583000059 ], [ -90.742386568999962, 14.750266426000053 ], [ -90.742397168999958, 14.749238766000076 ], [ -90.743027095999935, 14.749039366000034 ], [ -90.743582842999956, 14.74967500200006 ], [ -90.744255100999965, 14.74970415100006 ], [ -90.744847750999952, 14.749687347000076 ], [ -90.745532519999983, 14.74957205100003 ], [ -90.746048410999947, 14.749289081000029 ], [ -90.746575557999961, 14.748983633000023 ], [ -90.74731994299998, 14.748657713000057 ], [ -90.748119573999986, 14.748432844000035 ], [ -90.748737357999971, 14.748228790000041 ], [ -90.74938892299997, 14.748012641000059 ], [ -90.750482226999964, 14.747613304000026 ], [ -90.750927506999972, 14.747311568000043 ], [ -90.752288456999963, 14.747520192000025 ], [ -90.753724643999988, 14.747522857000035 ], [ -90.754613209999945, 14.74750890200005 ], [ -90.755375194999942, 14.747672162000072 ], [ -90.756307097999979, 14.747902576000058 ], [ -90.756843103999984, 14.747863729000073 ], [ -90.757327593999946, 14.747302593000029 ], [ -90.757586083999968, 14.746540481000068 ], [ -90.757990379999967, 14.745989857000041 ], [ -90.758530242999939, 14.745573819000072 ], [ -90.759385944999963, 14.745481595000058 ], [ -90.760406334999971, 14.746024569000042 ], [ -90.760869457999945, 14.746416446000069 ], [ -90.761446295999974, 14.746810554000035 ], [ -90.762015517999941, 14.746871407000071 ], [ -90.762973467999984, 14.746825337000075 ], [ -90.763829509999937, 14.746700347000058 ], [ -90.764807813999937, 14.746820491000051 ], [ -90.765615763999961, 14.746972869000047 ], [ -90.766379218999987, 14.746936198000071 ], [ -90.766882132999967, 14.746785196000076 ], [ -90.767749318999961, 14.746705476000045 ], [ -90.768375970999955, 14.74671152600007 ], [ -90.769265570999949, 14.746653475000073 ], [ -90.770019588999958, 14.746460842000033 ], [ -90.770495256999936, 14.745622876000027 ], [ -90.770529856999985, 14.744447474000026 ], [ -90.77060622099998, 14.743672293000031 ], [ -90.770819863999975, 14.742864552000071 ], [ -90.771100264999973, 14.742168137000021 ], [ -90.771401477999973, 14.741650373000027 ], [ -90.771758783999985, 14.741265291000047 ], [ -90.772230031999982, 14.740859850000049 ], [ -90.772827197999959, 14.740454489000058 ], [ -90.773354281999957, 14.740150099000061 ], [ -90.774049842999943, 14.740111617000025 ], [ -90.774892670999975, 14.740142318000039 ], [ -90.775621674999968, 14.740182082000047 ], [ -90.77613592299997, 14.739998412000034 ], [ -90.776824161999969, 14.739595046000034 ], [ -90.777339759999961, 14.739278112000022 ], [ -90.778095672999939, 14.738953322000043 ], [ -90.778858440999954, 14.738982107000027 ], [ -90.779391841999939, 14.739198432000023 ], [ -90.780253391999963, 14.739672031000055 ], [ -90.781135978999941, 14.740246348000028 ], [ -90.781554985999946, 14.740528208000057 ], [ -90.782054501999937, 14.74071032300003 ], [ -90.782635108999955, 14.740792691000024 ], [ -90.78327681199994, 14.740400151000074 ], [ -90.783102928999938, 14.739577383000039 ], [ -90.78351999099999, 14.738904847000072 ], [ -90.784227029999954, 14.738878867000039 ], [ -90.785080210999979, 14.73897626400003 ], [ -90.785789955999974, 14.738682630000028 ], [ -90.785717965999936, 14.737939899000025 ], [ -90.785301422999964, 14.737414108000053 ], [ -90.785284844999978, 14.73681534800005 ], [ -90.785801658999958, 14.73637642500006 ], [ -90.786841192999987, 14.73611982400007 ], [ -90.787717016999977, 14.736272771000074 ], [ -90.788464516999966, 14.736779132000038 ], [ -90.789004480999949, 14.737438241000063 ], [ -90.789568317999965, 14.738032068000052 ], [ -90.790436486999965, 14.737851746000047 ], [ -90.790692621999938, 14.737310932000071 ], [ -90.79074279799994, 14.736823490000063 ], [ -90.790728446999935, 14.736002249000023 ], [ -90.790998847999958, 14.735139676000074 ], [ -90.791719607999937, 14.73490259700003 ], [ -90.792336191999937, 14.73475374800006 ], [ -90.793206473999987, 14.734362228000066 ], [ -90.793768537999938, 14.733980189000022 ], [ -90.794618732999936, 14.733277872000031 ], [ -90.79525038, 14.732784676000051 ], [ -90.796190862999936, 14.732162276000054 ], [ -90.796660631999941, 14.731955544000073 ], [ -90.7973683, 14.731807546000027 ], [ -90.798085798999978, 14.731835834000037 ], [ -90.799245389999953, 14.732102122000072 ], [ -90.80026874899994, 14.732355814000073 ], [ -90.800939848999974, 14.73244012300006 ], [ -90.801794381999969, 14.732459538000057 ], [ -90.802614698999946, 14.732477496000058 ], [ -90.803241539999988, 14.732461987000022 ], [ -90.804051247999951, 14.732380446000036 ], [ -90.804667958999971, 14.73227561300007 ], [ -90.805172866999953, 14.731920107000064 ], [ -90.805496256999959, 14.73149624000007 ], [ -90.805923819999975, 14.730867800000055 ], [ -90.806522641999948, 14.730230818000052 ], [ -90.80709473099995, 14.730003573000033 ], [ -90.808066452999981, 14.729734933000032 ], [ -90.809048501999939, 14.729477680000059 ], [ -90.809701874999973, 14.729129216000047 ], [ -90.81027805399998, 14.728492006000067 ], [ -90.810696456999949, 14.727674850000028 ], [ -90.810837561999961, 14.727199553000048 ], [ -90.810945465999964, 14.726678765000031 ], [ -90.811041642999953, 14.726170288000048 ], [ -90.81142624499995, 14.725308760000075 ], [ -90.811727591999954, 14.724823684000057 ], [ -90.81253619599994, 14.723395784000047 ], [ -90.816849030999947, 14.725798198000064 ], [ -90.82278964599999, 14.727143996000052 ], [ -90.826736657999959, 14.729358703000059 ], [ -90.833406147999938, 14.731011533000071 ], [ -90.834731868999938, 14.731971569000052 ], [ -90.840045060999955, 14.73418982000004 ], [ -90.845948126999986, 14.735504223000078 ], [ -90.848679459999971, 14.736399338000069 ], [ -90.852696418999983, 14.738689980000061 ], [ -90.85339692499997, 14.738740533000055 ], [ -90.855531247999977, 14.740342739000027 ], [ -90.860788935999949, 14.745557710000071 ], [ -90.862738079999986, 14.747297078000031 ], [ -90.866052468999953, 14.750198865000073 ], [ -90.868378355999937, 14.753664148000041 ], [ -90.868573535999985, 14.754539046000048 ], [ -90.870720027999937, 14.757601693000026 ], [ -90.871367643999974, 14.760112878000029 ], [ -90.872811269999943, 14.762890049000077 ], [ -90.872978228999955, 14.765952518000063 ], [ -90.864284231999989, 14.808371486000055 ], [ -90.861283588999981, 14.81151748800005 ], [ -90.860349784999983, 14.81711217700007 ], [ -90.859144158999982, 14.819170176000057 ], [ -90.858327642999939, 14.819910296000046 ], [ -90.856757411999979, 14.82037570600005 ], [ -90.854453624999962, 14.82229129600006 ], [ -90.854423700999973, 14.82308955700006 ], [ -90.85231756099995, 14.824973078000028 ], [ -90.851931794999985, 14.826415207000025 ], [ -90.851182008999956, 14.829094097000052 ], [ -90.851893503999975, 14.830530656000064 ], [ -90.851925609999967, 14.831218807000027 ], [ -90.85186489299997, 14.832135375000064 ], [ -90.851897894999979, 14.833261769000046 ], [ -90.852120668999987, 14.833865862000039 ], [ -90.852455222999936, 14.834320777000073 ], [ -90.853289544999939, 14.834902340000042 ], [ -90.853940275999946, 14.835439269000062 ], [ -90.854382180999949, 14.836253228000032 ], [ -90.854647655999941, 14.837002290000044 ], [ -90.854765909999969, 14.83772738600004 ], [ -90.854699345999961, 14.838472221000075 ], [ -90.854584379999949, 14.83894439900007 ], [ -90.854365146999953, 14.839451746000066 ], [ -90.853843990999962, 14.840020655000046 ], [ -90.853109520999965, 14.840437350000059 ], [ -90.852913569999942, 14.840879404000077 ], [ -90.852551602999938, 14.841729904000033 ], [ -90.852347389999977, 14.842244166000057 ], [ -90.852186443999983, 14.842844674000048 ], [ -90.852125496999975, 14.843783827000038 ], [ -90.852169541999956, 14.844379472000071 ], [ -90.852523994999956, 14.845113554000022 ], [ -90.852973563999967, 14.845622630000037 ], [ -90.853689866999957, 14.846342021000055 ], [ -90.854020016999982, 14.846715571000061 ], [ -90.854366037999966, 14.847422467000058 ], [ -90.854071858999987, 14.848051095000073 ], [ -90.853658846999963, 14.848543079000024 ], [ -90.854053305999969, 14.848989517000064 ], [ -90.854812206999952, 14.849159249000024 ], [ -90.855674443999987, 14.849212478000027 ], [ -90.856184037999981, 14.849288391000073 ], [ -90.857237864999945, 14.849695797000038 ], [ -90.857555898999976, 14.850357249000069 ], [ -90.857913304999954, 14.850794303000043 ], [ -90.858534666999958, 14.850782023000022 ], [ -90.858930174999955, 14.850180310000042 ], [ -90.859445979999975, 14.849626025000077 ], [ -90.86034742399994, 14.849471777000076 ], [ -90.860948338999947, 14.849649054000054 ], [ -90.861600243999987, 14.850367825000035 ], [ -90.861975789999974, 14.850850220000041 ], [ -90.862563612999963, 14.851414783000052 ], [ -90.863024505999988, 14.851720643000021 ], [ -90.863848359999963, 14.851899987000024 ], [ -90.864326182999946, 14.852374294000072 ], [ -90.864225311999974, 14.853185452000048 ], [ -90.86393146599994, 14.853841208000063 ], [ -90.863450772999954, 14.854603655000062 ], [ -90.862688464999962, 14.854777278000029 ], [ -90.862236109999969, 14.854547172000025 ], [ -90.861680469999953, 14.85448778600005 ], [ -90.86132940899995, 14.855233361000046 ], [ -90.861594087999947, 14.855713596000044 ], [ -90.862053953999975, 14.85612449100006 ], [ -90.862988869999981, 14.856819915000074 ], [ -90.863656300999935, 14.857379571000024 ], [ -90.864970199999959, 14.858151935000024 ], [ -90.866488468999989, 14.858926189000044 ], [ -90.867282621999948, 14.859295001000078 ], [ -90.868077490999951, 14.859591531000035 ], [ -90.868622983999956, 14.85974003900003 ], [ -90.869495093999944, 14.859739098000034 ], [ -90.870359764999989, 14.859549461000029 ], [ -90.870843463999961, 14.859427443000072 ], [ -90.871409609999944, 14.859423657000036 ], [ -90.872085585999969, 14.859529318000057 ], [ -90.872697384999981, 14.859607274000041 ], [ -90.873642522999944, 14.859679280000023 ], [ -90.874238396999942, 14.859486009000022 ], [ -90.874946926999939, 14.859113061000073 ], [ -90.875617404999957, 14.858831246000022 ], [ -90.876520563999975, 14.85850527100007 ], [ -90.877048847999959, 14.858573407000051 ], [ -90.87761769299999, 14.858828284000026 ], [ -90.878328880999959, 14.85907430900005 ], [ -90.879095395999968, 14.859065577000024 ], [ -90.879660451999939, 14.85917358100005 ], [ -90.880090697999947, 14.859471222000025 ], [ -90.88042510799994, 14.859891090000076 ], [ -90.880568394999955, 14.860380353000039 ], [ -90.880768724999939, 14.860974056000032 ], [ -90.880896139999948, 14.861483503000045 ], [ -90.881203591999963, 14.861929102000033 ], [ -90.881780098999968, 14.862412198000072 ], [ -90.882399866999947, 14.862865194000051 ], [ -90.882848696999986, 14.863461188000031 ], [ -90.883055671999955, 14.863910377000025 ], [ -90.883198106999942, 14.864487731000054 ], [ -90.88324608399995, 14.864986280000039 ], [ -90.883340206999947, 14.865635478000058 ], [ -90.883520859999976, 14.866104753000059 ], [ -90.88382887399996, 14.866493880000064 ], [ -90.884510392999971, 14.867106702000058 ], [ -90.884976925999979, 14.867496158000051 ], [ -90.885426024999958, 14.868066173000045 ], [ -90.885509658999979, 14.868719792000036 ], [ -90.88548678899997, 14.869398408000052 ], [ -90.885468372999981, 14.870215992000055 ], [ -90.88562329199999, 14.871122142000047 ], [ -90.885932512999943, 14.87198453700006 ], [ -90.886222221999958, 14.872644573000059 ], [ -90.886438154999951, 14.873248581000041 ], [ -90.886823034999964, 14.873915140000065 ], [ -90.887200028999985, 14.874258591000057 ], [ -90.887405401999956, 14.874933662000046 ], [ -90.887056360999964, 14.875475993000066 ], [ -90.886896774999968, 14.87612172200005 ], [ -90.887287378999986, 14.87673750700003 ], [ -90.887867400999937, 14.877401344000077 ], [ -90.888177197999937, 14.878206138000053 ], [ -90.888230512999939, 14.87869457000005 ], [ -90.888042653999946, 14.879500430000064 ], [ -90.887510062999979, 14.879928120000045 ], [ -90.886904515999959, 14.880215078000049 ], [ -90.886787476999984, 14.880784394000045 ], [ -90.88702972699997, 14.881429311000034 ], [ -90.887567997999952, 14.882088245000034 ], [ -90.887703772999942, 14.882814632000077 ], [ -90.887721570999986, 14.883729686000038 ], [ -90.887769249999963, 14.884259860000043 ], [ -90.888194150999936, 14.885112024000023 ], [ -90.88828196299994, 14.885874111000078 ], [ -90.888222766999945, 14.886526414000059 ], [ -90.888352965999957, 14.887288891000026 ], [ -90.888855157999956, 14.887837934000061 ], [ -90.889512392999961, 14.888208814000052 ], [ -90.890075149999973, 14.888502015000029 ], [ -90.890599425999937, 14.888990267000054 ], [ -90.890938616999961, 14.889462127000058 ], [ -90.891146454999955, 14.890363120000075 ], [ -90.89119283499997, 14.891027690000044 ], [ -90.891360428999974, 14.891708059000052 ], [ -90.891736096999978, 14.892251413000054 ], [ -90.892308901999968, 14.892587626000022 ], [ -90.89289355599999, 14.892840363000062 ], [ -90.893367577999982, 14.893003981000049 ], [ -90.894090105999965, 14.893232004000026 ], [ -90.895060887999989, 14.893430680000051 ], [ -90.895577896999953, 14.893533697000066 ], [ -90.896285856999953, 14.893647499000053 ], [ -90.897207587999958, 14.893456041000036 ], [ -90.897823080999956, 14.893224492000058 ], [ -90.898716386999979, 14.893268831000057 ], [ -90.8989544, 14.89381656300003 ], [ -90.898803405999956, 14.894655525000076 ], [ -90.898704222999982, 14.895601138000075 ], [ -90.898803376999979, 14.896275228000036 ], [ -90.899214208999979, 14.896967991000054 ], [ -90.899199440999951, 14.897592469000074 ], [ -90.898890791999975, 14.898459352000032 ], [ -90.898135599999989, 14.898842101000071 ], [ -90.897453113999973, 14.899093365000056 ], [ -90.896799789999989, 14.899331338000025 ], [ -90.896278861999974, 14.899869841000054 ], [ -90.896409653999967, 14.900454993000039 ], [ -90.896817917999954, 14.90111272200005 ], [ -90.897040833999938, 14.901780045000066 ], [ -90.89721489499999, 14.902275232000022 ], [ -90.897548558999972, 14.903259830000025 ], [ -90.897766133999937, 14.903700075000074 ], [ -90.898284774999979, 14.904115973000046 ], [ -90.899007816999983, 14.90411583100007 ], [ -90.899766424999939, 14.90410133000006 ], [ -90.900622317999989, 14.90441527400003 ], [ -90.901224515999957, 14.905019431000028 ], [ -90.901586474999988, 14.905363857000054 ], [ -90.901911312999971, 14.90576328700007 ], [ -90.902148282999974, 14.906420572000059 ], [ -90.901955111999939, 14.907176695000032 ], [ -90.901591118999988, 14.90782056200004 ], [ -90.901439852999943, 14.908626770000069 ], [ -90.901031195999963, 14.909444171000075 ], [ -90.90068387299999, 14.909865677000028 ], [ -90.900237857999969, 14.910821661000057 ], [ -90.90036665699995, 14.911553629000025 ], [ -90.900904924999963, 14.912163977000034 ], [ -90.901135026999953, 14.912751170000035 ], [ -90.901121242999977, 14.913453591000064 ], [ -90.901307603999953, 14.914179311000055 ], [ -90.901772520999941, 14.914927914000032 ], [ -90.902031532999956, 14.915528925000046 ], [ -90.902361777999943, 14.916150918000028 ], [ -90.902723348999984, 14.91653713200003 ], [ -90.903277454999966, 14.916953349000039 ], [ -90.903585408999959, 14.917658722000056 ], [ -90.903350794999938, 14.918255206000026 ], [ -90.90303198099997, 14.918670200000065 ], [ -90.902126865999946, 14.919712336000032 ], [ -90.901496745999964, 14.920485912000061 ], [ -90.901226247999944, 14.921068513000023 ], [ -90.901360374999967, 14.922029816000077 ], [ -90.901762059999953, 14.922652468000024 ], [ -90.901725295999938, 14.923508291000076 ], [ -90.901152951999961, 14.924192033000054 ], [ -90.900648006999972, 14.924633552000046 ], [ -90.899903278999943, 14.925364275000049 ], [ -90.899620660999972, 14.925758134000034 ], [ -90.899263055999938, 14.926457396000046 ], [ -90.899114260999966, 14.927006094000035 ], [ -90.899134508999964, 14.927911008000024 ], [ -90.89936536, 14.928421403000073 ], [ -90.89974031099996, 14.928926346000026 ], [ -90.900293768999973, 14.929411465000044 ], [ -90.900820932999977, 14.929673831000059 ], [ -90.901587025999959, 14.929794945000026 ], [ -90.900922221999963, 14.930428137000035 ], [ -90.90029620699994, 14.93089451700007 ], [ -90.899819419999972, 14.93106633900004 ], [ -90.899321954999948, 14.931094524000059 ], [ -90.898745771999984, 14.931035013000042 ], [ -90.89814784899994, 14.930941415000063 ], [ -90.897414243999947, 14.930823979000024 ], [ -90.896737493999979, 14.930653977000077 ], [ -90.895586162999962, 14.930488640000021 ], [ -90.89489731399999, 14.930428082000049 ], [ -90.89429864799996, 14.930411273000061 ], [ -90.893698651999955, 14.930471257000022 ], [ -90.893177780999963, 14.930577147000065 ], [ -90.892723113999978, 14.93080337300006 ], [ -90.891916349999974, 14.931279360000076 ], [ -90.890947012999959, 14.932106242000032 ], [ -90.889269998999964, 14.93372852400006 ], [ -90.888415403999943, 14.934401712000067 ], [ -90.887972229999946, 14.934639329000049 ], [ -90.887473259999979, 14.934821082000042 ], [ -90.886331971999937, 14.934756316000062 ], [ -90.88551991199995, 14.934583898000028 ], [ -90.884245682999961, 14.934275050000053 ], [ -90.883186730999967, 14.933869925000067 ], [ -90.882523551999952, 14.933501217000071 ], [ -90.881927470999983, 14.933220099000039 ], [ -90.881340910999938, 14.933093807000034 ], [ -90.880241062999971, 14.933424716000047 ], [ -90.879627320999987, 14.933760127000028 ], [ -90.878866650999953, 14.934093044000065 ], [ -90.877823712999941, 14.934424465000063 ], [ -90.876848903999985, 14.93467858200006 ], [ -90.876338843999974, 14.934805991000076 ], [ -90.875486800999965, 14.935215982000045 ], [ -90.87454538899999, 14.935558498000034 ], [ -90.874002506999943, 14.93559749700006 ], [ -90.873109850999981, 14.935589191000076 ], [ -90.87215017599999, 14.935426650000068 ], [ -90.871451925999963, 14.935199898000064 ], [ -90.870822887999964, 14.934787426000071 ], [ -90.870499835999965, 14.934268244000066 ], [ -90.870166876999974, 14.933693626000036 ], [ -90.869776968999986, 14.933063133000076 ], [ -90.869351676999941, 14.932663849000051 ], [ -90.868834060999973, 14.932438777000073 ], [ -90.868235353999978, 14.932367683000052 ], [ -90.867548367999973, 14.932119569000065 ], [ -90.866963663999968, 14.931806894000033 ], [ -90.866388958999948, 14.931658087000073 ], [ -90.865711171999976, 14.931596416000048 ], [ -90.864862062999975, 14.931709341000044 ], [ -90.864010484999937, 14.932130585000039 ], [ -90.863533575999952, 14.932312492000051 ], [ -90.863035133999972, 14.932439980000026 ], [ -90.862401226999964, 14.932522152000047 ], [ -90.86139512799997, 14.932534200000077 ], [ -90.860841287999961, 14.932507558000054 ], [ -90.860029380999947, 14.932323761000077 ], [ -90.859287817999984, 14.931898912000065 ], [ -90.85873550499997, 14.931718672000045 ], [ -90.857661899999982, 14.931686022000065 ], [ -90.856385127999943, 14.931641299000034 ], [ -90.85565057599996, 14.931623114000047 ], [ -90.855051912999954, 14.931607331000066 ], [ -90.854296563999981, 14.931402585000058 ], [ -90.853690884999935, 14.930923654000026 ], [ -90.852271847999987, 14.929239842000072 ], [ -90.851913641999943, 14.928873918000022 ], [ -90.850980206999964, 14.928414490000023 ], [ -90.850404426999944, 14.928376322000076 ], [ -90.84962404099997, 14.928413032000037 ], [ -90.848875370999963, 14.928647696000041 ], [ -90.848184490999984, 14.928794802000027 ], [ -90.847909139999956, 14.928099846000066 ], [ -90.848049154999956, 14.927629049000075 ], [ -90.848079244999951, 14.926881627000057 ], [ -90.846736208999971, 14.926671328000054 ], [ -90.845775329999981, 14.92669502900003 ], [ -90.84499484, 14.92674302000006 ], [ -90.844169387999955, 14.926756699000066 ], [ -90.843537142999935, 14.926673932000028 ], [ -90.84261283, 14.926467557000024 ], [ -90.841969965999965, 14.926285295000071 ], [ -90.841213883999956, 14.926157308000029 ], [ -90.840683740999964, 14.926086792000035 ], [ -90.840039672999978, 14.926025366000033 ], [ -90.838977610999962, 14.926004036000052 ], [ -90.837800432999984, 14.926169104000053 ], [ -90.837279348999971, 14.926296323000031 ], [ -90.836576531999981, 14.926476034000075 ], [ -90.835714585999938, 14.926770572000066 ], [ -90.835148926999977, 14.926825077000046 ], [ -90.83398454099995, 14.926814050000075 ], [ -90.832346351999945, 14.926733019000039 ], [ -90.830934876999947, 14.926631536000059 ], [ -90.829625338999961, 14.926442915000052 ], [ -90.828712297999971, 14.926215134000074 ], [ -90.828126249999968, 14.926044666000053 ], [ -90.827585725999938, 14.925852044000067 ], [ -90.827100967999968, 14.925716420000072 ], [ -90.826344803999973, 14.925598548000039 ], [ -90.825562548999983, 14.925822648000064 ], [ -90.824487226999963, 14.925966026000026 ], [ -90.823810565999963, 14.925854548000075 ], [ -90.823260299999959, 14.925476592000052 ], [ -90.822835208999948, 14.925010601000054 ], [ -90.822545896999941, 14.924557195000034 ], [ -90.822000438999964, 14.923760259000062 ], [ -90.821345342999962, 14.923699806000059 ], [ -90.820720310999945, 14.924056402000076 ], [ -90.820014385999968, 14.924544372000071 ], [ -90.819436401999951, 14.924669877000042 ], [ -90.818532230999949, 14.924716596000053 ], [ -90.817526716999964, 14.924618905000045 ], [ -90.816534836999949, 14.924379032000047 ], [ -90.816028674999984, 14.924121201000048 ], [ -90.815421880999963, 14.923764150000068 ], [ -90.814800950999938, 14.92371416900005 ], [ -90.81416552, 14.923949798000024 ], [ -90.813527195999939, 14.924471144000051 ], [ -90.812801244999946, 14.924755599000036 ], [ -90.812116575999937, 14.924231766000048 ], [ -90.811761696999952, 14.92360265800005 ], [ -90.811576152999976, 14.92294128900005 ], [ -90.81130918599996, 14.92252084200004 ], [ -90.810338056999967, 14.922413284000072 ], [ -90.80954266599997, 14.922845021000057 ], [ -90.809132685999941, 14.923126842000045 ], [ -90.808540327999935, 14.923581978000072 ], [ -90.807713221999961, 14.923761538000065 ], [ -90.807193259999963, 14.923778012000071 ], [ -90.806346319999989, 14.923737136000057 ], [ -90.805544760999965, 14.923631183000055 ], [ -90.804923702999986, 14.923537127000031 ], [ -90.804270220999967, 14.923376123000025 ], [ -90.803526108999961, 14.923161160000063 ], [ -90.80276116899995, 14.92282401600005 ], [ -90.801849291999986, 14.922430118000023 ], [ -90.801353761999962, 14.922271751000039 ], [ -90.800755607999974, 14.92221065800004 ], [ -90.799954001999936, 14.92211033500007 ], [ -90.79941106299998, 14.922159325000052 ], [ -90.798648110999977, 14.922712180000076 ], [ -90.797966359999975, 14.923046705000047 ], [ -90.797027942999989, 14.923093012000038 ], [ -90.796362844999976, 14.922933001000047 ], [ -90.794973217999939, 14.921721280000042 ], [ -90.794310593999967, 14.921319591000042 ], [ -90.793508847999988, 14.921233929000039 ], [ -90.791621761999977, 14.921194258000071 ], [ -90.791057067999986, 14.921156051000025 ], [ -90.790471639999964, 14.920930157000043 ], [ -90.789945014999944, 14.920463133000055 ], [ -90.789227195999956, 14.919951344000026 ], [ -90.788418237999963, 14.919492881000053 ], [ -90.787460430999943, 14.919165121000049 ], [ -90.786660170999937, 14.918992484000057 ], [ -90.785971896999968, 14.918886433000068 ], [ -90.785384783999973, 14.918826540000055 ], [ -90.784774468999956, 14.918820630000027 ], [ -90.784209111999985, 14.918847906000053 ], [ -90.783641369999941, 14.919051350000075 ], [ -90.783107577999942, 14.919342088000064 ], [ -90.78250389599998, 14.919765416000075 ], [ -90.781619797999952, 14.920009834000041 ], [ -90.780895932999954, 14.920089778000033 ], [ -90.780418426999972, 14.920327971000063 ], [ -90.780096078999975, 14.920896329000072 ], [ -90.77993023199997, 14.92166385400003 ], [ -90.77973181499999, 14.922266168000021 ], [ -90.778933214999938, 14.923006092000037 ], [ -90.778057545999957, 14.923502436000035 ], [ -90.777524293999988, 14.923738951000075 ], [ -90.776854791999938, 14.923952679000024 ], [ -90.77583468399996, 14.924205914000026 ], [ -90.774894337999967, 14.924439592000056 ], [ -90.774258874999987, 14.924675101000048 ], [ -90.773645604999956, 14.924954873000047 ], [ -90.773179487999982, 14.925213489000043 ], [ -90.77273612099998, 14.925462160000052 ], [ -90.771856682999953, 14.926322112000037 ], [ -90.77137510099999, 14.927009750000025 ], [ -90.771242909999955, 14.927776463000043 ], [ -90.770331337999949, 14.927696424000032 ], [ -90.769744569999943, 14.927657947000057 ], [ -90.768980031999945, 14.927343286000053 ], [ -90.76800665899998, 14.926499153000066 ], [ -90.767492259999983, 14.926033330000053 ], [ -90.766966026999967, 14.925588850000054 ], [ -90.766113753999946, 14.925054221000039 ], [ -90.765404331999946, 14.924915147000036 ], [ -90.764332779999961, 14.924806416000024 ], [ -90.76334101499998, 14.924620530000027 ], [ -90.762664927999936, 14.92451565600004 ], [ -90.762064075999945, 14.924772929000028 ], [ -90.761461059999988, 14.925239118000036 ], [ -90.760653991999959, 14.925724768000066 ], [ -90.759975060999977, 14.925894305000043 ], [ -90.758992743999954, 14.925917433000052 ], [ -90.757696115999977, 14.925783875000036 ], [ -90.756456946999947, 14.925485981000065 ], [ -90.755376655999953, 14.925156887000071 ], [ -90.75450961699994, 14.924929270000064 ], [ -90.75362120599999, 14.924634806000029 ], [ -90.753160321999985, 14.924443925000048 ], [ -90.752443118999963, 14.923714061000055 ], [ -90.749717865999969, 14.92062093800007 ], [ -90.748802979999937, 14.919468984000048 ], [ -90.748254731999964, 14.918913571000076 ], [ -90.747424142999989, 14.918367799000066 ], [ -90.746614040999987, 14.918030036000062 ], [ -90.745647252999959, 14.917514539000024 ], [ -90.744850947999964, 14.91696797000003 ], [ -90.744155674999945, 14.916423522000059 ], [ -90.743245464999973, 14.915941328000031 ], [ -90.742479290999938, 14.915680786000053 ], [ -90.741960848999952, 14.915554824000026 ], [ -90.741452638999988, 14.91550576000003 ], [ -90.74075176599996, 14.915498841000044 ], [ -90.739553617999945, 14.915563807000069 ], [ -90.739032413999951, 14.915646750000064 ], [ -90.737991970999985, 14.915735851000022 ], [ -90.737134303999937, 14.915617819000033 ], [ -90.736638746999972, 14.915414145000057 ], [ -90.736076387999958, 14.915156727000067 ], [ -90.735459101999936, 14.91476549600003 ], [ -90.734774104999985, 14.914352134000069 ], [ -90.733815288999949, 14.914189045000057 ], [ -90.732379196999943, 14.914240320000033 ], [ -90.731347959999937, 14.914504541000042 ], [ -90.730813651999938, 14.914784978000057 ], [ -90.730143125999973, 14.915152154000054 ], [ -90.729632031999984, 14.915378607000036 ], [ -90.728656304999959, 14.915775502000031 ], [ -90.728112467999949, 14.915857066000058 ], [ -90.727448396999989, 14.91560878100006 ], [ -90.727135966999981, 14.915221688000031 ], [ -90.72674584899994, 14.914711847000035 ], [ -90.725889930999983, 14.914428902000054 ], [ -90.725230548999946, 14.914784879000024 ], [ -90.724094908999973, 14.915312301000029 ], [ -90.723413803999961, 14.915579966000053 ], [ -90.722846154999957, 14.915827298000067 ], [ -90.722031368999978, 14.915940032000037 ], [ -90.721018093999987, 14.915600160000054 ], [ -90.720411050999985, 14.915286922000064 ], [ -90.719657579999989, 14.914927047000049 ], [ -90.71908179199994, 14.914844511000069 ], [ -90.718323558999941, 14.91493633500005 ], [ -90.717574282999976, 14.915280099000029 ], [ -90.71682402, 14.915662249000036 ], [ -90.71606613099999, 14.915721319000056 ], [ -90.715368343999955, 14.915478313000051 ], [ -90.714941910999983, 14.915165733000038 ], [ -90.71452940599994, 14.91463419300004 ], [ -90.714033048999966, 14.913464849000036 ], [ -90.713837943999977, 14.912693795000052 ], [ -90.713441590999935, 14.911733253000023 ], [ -90.712747165999986, 14.91111870900005 ], [ -90.711534891999975, 14.91032619200007 ], [ -90.71060493799996, 14.909580538000057 ], [ -90.710077505999948, 14.909210474000076 ], [ -90.709466540999983, 14.908777459000078 ], [ -90.708862402999955, 14.908358060000069 ], [ -90.708016902999987, 14.908522389000041 ], [ -90.707304222999937, 14.90859204800006 ], [ -90.706659126999966, 14.908640927000022 ], [ -90.70546150499996, 14.908606336000048 ], [ -90.703867987999956, 14.908612945000073 ], [ -90.703191149999952, 14.908533873000067 ], [ -90.702426577999972, 14.908130921000065 ], [ -90.701548899999977, 14.90777087500004 ], [ -90.700984877999986, 14.907677120000074 ], [ -90.700087891999942, 14.908096142000034 ], [ -90.69985653699996, 14.908555728000067 ], [ -90.699611810999954, 14.909289615000034 ], [ -90.69889632099995, 14.909623491000048 ], [ -90.69829944199995, 14.909397264000063 ], [ -90.697852375999958, 14.90895344300003 ], [ -90.697285510999961, 14.908035215000041 ], [ -90.696929158999978, 14.907525673000066 ], [ -90.696427293999989, 14.906939 ], [ -90.69571625399999, 14.906855047000022 ], [ -90.695159410999963, 14.90712387800005 ], [ -90.694713442999955, 14.907614047000038 ], [ -90.694230525999956, 14.90841103300005 ], [ -90.693612082999948, 14.909173897000073 ], [ -90.692508898999961, 14.909432695000078 ] ] ] ] } },
{ "type": "Feature", "properties": { "Codigo": 905, "datos_finales_color_riesgo": "fe9181" }, "geometry": { "type": "MultiPolygon", "coordinates": [ [ [ [ -91.61713524399994, 15.024213521000036 ], [ -91.615569009999945, 15.022093404000032 ], [ -91.614981019999959, 15.018808698000043 ], [ -91.616345820999982, 15.003275708000047 ], [ -91.616386516999967, 15.001286261000075 ], [ -91.616259383999989, 14.999816663000047 ], [ -91.616139124999961, 14.999086040000066 ], [ -91.61588192399995, 14.998411075000035 ], [ -91.615430851999974, 14.997878427000046 ], [ -91.614810143999989, 14.997244188000025 ], [ -91.614005946999953, 14.996764751000057 ], [ -91.613200418999952, 14.996582457000045 ], [ -91.61222195, 14.996721121000064 ], [ -91.611664403999953, 14.996838619000073 ], [ -91.610194605999936, 14.997370860000046 ], [ -91.608087336999972, 14.998065283000074 ], [ -91.606424931999982, 14.998540958000035 ], [ -91.605173668999953, 14.998710685000049 ], [ -91.603968459999976, 14.998768833000042 ], [ -91.60332181299998, 14.998643972000025 ], [ -91.602780466999945, 14.997966123000026 ], [ -91.602717275999964, 14.997225678000063 ], [ -91.602805787999955, 14.995856830000037 ], [ -91.602945799999986, 14.995238524000058 ], [ -91.603270659999964, 14.994257537000067 ], [ -91.604103772999963, 14.991975804000049 ], [ -91.605090347999976, 14.988788854000063 ], [ -91.605545431999985, 14.986990639000055 ], [ -91.605870969999955, 14.985810795000077 ], [ -91.606183100999942, 14.984995812000022 ], [ -91.60657521, 14.984124825000038 ], [ -91.607147559999987, 14.983510289000037 ], [ -91.607706648999965, 14.983148758000027 ], [ -91.608922745999962, 14.983100820000061 ], [ -91.609705640999948, 14.983359815000028 ], [ -91.610543907999954, 14.983773939000059 ], [ -91.611393736999958, 14.984198296000045 ], [ -91.612346259999981, 14.984469618000048 ], [ -91.612960155999986, 14.984440588000041 ], [ -91.613384887999985, 14.983824004000041 ], [ -91.613513172999944, 14.983306177000031 ], [ -91.613518364999948, 14.982499484000073 ], [ -91.613491974999988, 14.981272287000024 ], [ -91.613395148999984, 14.979611925000029 ], [ -91.613417495999954, 14.976590796000039 ], [ -91.615057287999946, 14.963414065000052 ], [ -91.616460164999978, 14.956786847000046 ], [ -91.622032977999936, 14.956308719000049 ], [ -91.625613194999971, 14.956107714000041 ], [ -91.629038437999952, 14.956244685000058 ], [ -91.631850016999977, 14.956845697000063 ], [ -91.634430347999967, 14.956710871000041 ], [ -91.637397628999963, 14.956125247000045 ], [ -91.639431702999957, 14.955532892000065 ], [ -91.640713915999982, 14.956219585000042 ], [ -91.642977716999951, 14.957166335000068 ], [ -91.644910608999965, 14.958620676000066 ], [ -91.650662265999983, 14.964580985000055 ], [ -91.654963993999957, 14.969193715000074 ], [ -91.657585129999973, 14.97121018200005 ], [ -91.658600455999988, 14.971664720000035 ], [ -91.659821888999943, 14.97177810900007 ], [ -91.660867645999986, 14.971638497000072 ], [ -91.671136612999987, 14.967362028000025 ], [ -91.676391076999948, 14.963500087000057 ], [ -91.677184873999977, 14.968428768000024 ], [ -91.676564232999965, 14.973539068000036 ], [ -91.675635711999973, 14.97682392400003 ], [ -91.675142644999937, 14.986029679000069 ], [ -91.674375426999973, 14.990098476000071 ], [ -91.673567981999952, 14.993615644000045 ], [ -91.67305549799994, 14.998966076000045 ], [ -91.672514115999945, 15.001458847000038 ], [ -91.671805929999948, 15.001688604000037 ], [ -91.67101612, 15.002053469000032 ], [ -91.669411276999938, 15.008736418000069 ], [ -91.665761389999943, 15.02796941400004 ], [ -91.664327364999963, 15.02721753000003 ], [ -91.663748726999984, 15.026791555000045 ], [ -91.662864773999956, 15.02573443600005 ], [ -91.660641614999975, 15.022989295000059 ], [ -91.659504537999965, 15.020117213000049 ], [ -91.656981601999973, 15.018665121000026 ], [ -91.655173546999947, 15.018158421000066 ], [ -91.651492098999938, 15.014316504000021 ], [ -91.648658137999973, 15.014002530000027 ], [ -91.648233849999897, 15.01436835100003 ], [ -91.647986552999953, 15.016165646000047 ], [ -91.64721289, 15.016905637000036 ], [ -91.641125189999968, 15.016106686000057 ], [ -91.638929754999936, 15.014551281000024 ], [ -91.638549256999966, 15.013598782000031 ], [ -91.63649720699999, 15.011896202000059 ], [ -91.634755844999972, 15.012438269000029 ], [ -91.632509535999986, 15.014416745000062 ], [ -91.63084487499998, 15.016417902000057 ], [ -91.62913038399995, 15.017660601000046 ], [ -91.623650174999966, 15.020854410000027 ], [ -91.622904004999953, 15.021915357000069 ], [ -91.621858558999975, 15.022057036000035 ], [ -91.618428460999951, 15.024231550000025 ], [ -91.61713524399994, 15.024213521000036 ] ] ] ] } },
{ "type": "Feature", "properties": { "Codigo": 1711, "datos_finales_color_riesgo": "fe9181" }, "geometry": { "type": "MultiPolygon", "coordinates": [ [ [ [ -89.166275773999985, 16.818881550000071 ], [ -89.193508372999986, 16.81863151400006 ], [ -89.203996318999941, 16.818953165000039 ], [ -89.217941579999945, 16.818499974000076 ], [ -89.237025071999938, 16.818848396000078 ], [ -89.255254740999987, 16.818418110000039 ], [ -89.262241839999945, 16.81873493300003 ], [ -89.266146007999964, 16.818424728000025 ], [ -89.286558316999958, 16.818784795000056 ], [ -89.305957736999972, 16.818586559000039 ], [ -89.329190722999954, 16.818603947000042 ], [ -89.329967766999971, 16.819001366000066 ], [ -89.330258200999936, 16.876074219000031 ], [ -89.330511333999937, 16.914379455000073 ], [ -89.330592678999949, 16.922332300000051 ], [ -89.330513739999958, 16.924529385000028 ], [ -89.331349522999972, 16.983910668000021 ], [ -89.333001224999975, 17.002126264000026 ], [ -89.332881605999944, 17.01626712500007 ], [ -89.332798430999958, 17.017165778000049 ], [ -89.333179263999966, 17.043168797000078 ], [ -89.333513975999949, 17.046535189000053 ], [ -89.333269903999962, 17.068385965000061 ], [ -89.333651087999954, 17.070123228000057 ], [ -89.333412941999939, 17.092240288000028 ], [ -89.333850948999952, 17.121120688000076 ], [ -89.333814022999945, 17.173246225000071 ], [ -89.33431184799997, 17.188638978000029 ], [ -89.334254451999982, 17.241845707000039 ], [ -89.33462562599999, 17.24358621500005 ], [ -89.334598457999959, 17.254876982000042 ], [ -89.334720431999983, 17.268857357000059 ], [ -89.334663443999943, 17.311929960000043 ], [ -89.33509511699998, 17.315297033000036 ], [ -89.334716140999944, 17.316700087000072 ], [ -89.335171194999987, 17.326489258000038 ], [ -89.335072234999984, 17.38158872300005 ], [ -89.335458995999943, 17.382282775000022 ], [ -89.335535691999951, 17.416632592000042 ], [ -89.335705004999966, 17.471913820000054 ], [ -89.335372351999979, 17.473733886000048 ], [ -89.335810526999978, 17.474654513000075 ], [ -89.335587035999936, 17.485481292000031 ], [ -89.335966135999968, 17.486681700000076 ], [ -89.336283348999984, 17.550214389000075 ], [ -89.336993083999971, 17.683958157000063 ], [ -89.336895076999951, 17.717294630000026 ], [ -89.337544814999944, 17.764191905000075 ], [ -89.337292907999938, 17.786037020000038 ], [ -89.337777886999959, 17.801698879000071 ], [ -89.337436452999953, 17.818087431000038 ], [ -89.156918635999943, 17.816835489000027 ], [ -89.156902891999948, 17.792478654000035 ], [ -89.15656248099998, 17.780260419000058 ], [ -89.156803035999985, 17.769435121000072 ], [ -89.156406138999955, 17.768510442000036 ], [ -89.156691314999989, 17.746395840000048 ], [ -89.156254177999983, 17.701234420000048 ], [ -89.155949048999958, 17.687391719000061 ], [ -89.156270501999984, 17.677017918000047 ], [ -89.155991162999953, 17.672896054000034 ], [ -89.155988234999938, 17.665430087000061 ], [ -89.15566776899999, 17.618521608000037 ], [ -89.155210436999937, 17.60015349300005 ], [ -89.155435078999972, 17.561148882000055 ], [ -89.154786783999953, 17.525657200000069 ], [ -89.154486365999958, 17.426102341000046 ], [ -89.154481973999964, 17.423118112000054 ], [ -89.154390296999964, 17.421214879000047 ], [ -89.154453554999975, 17.39918687200003 ], [ -89.154083230999959, 17.397714717000042 ], [ -89.154307517999939, 17.358707407000054 ], [ -89.153304201999958, 17.329017962000023 ], [ -89.15333676299997, 17.28954331500006 ], [ -89.153139262999957, 17.280581394000023 ], [ -89.152990501999966, 17.249542533000067 ], [ -89.152526799999976, 17.247737056000062 ], [ -89.152694086999986, 17.23596711700003 ], [ -89.15272121299995, 17.234489084000074 ], [ -89.152641763999952, 17.231754893000073 ], [ -89.152304507999986, 17.224868830000048 ], [ -89.152601459999971, 17.222516273000053 ], [ -89.152106500999935, 17.193597766000039 ], [ -89.152497574999984, 17.191453383000066 ], [ -89.152029773999971, 17.190017771000043 ], [ -89.151973829999974, 17.144668682000031 ], [ -89.151589008999963, 17.143704962000072 ], [ -89.151854423999964, 17.121321873000056 ], [ -89.151472490999936, 17.120503703000054 ], [ -89.151551013999949, 17.097341092000022 ], [ -89.152268530999947, 17.05083355000005 ], [ -89.152962181999953, 17.04018433400006 ], [ -89.153249320999976, 17.024241313000061 ], [ -89.153690636999954, 17.012436898000033 ], [ -89.154401073999964, 17.002193946000034 ], [ -89.154492338999944, 17.001054319000048 ], [ -89.155029780999939, 16.994251313000063 ], [ -89.155080571999974, 16.991763171000059 ], [ -89.155568761999973, 16.987368248000053 ], [ -89.155631229999983, 16.984306262000075 ], [ -89.155875249999951, 16.97943867400005 ], [ -89.156352487999982, 16.978191289000051 ], [ -89.156356293999977, 16.97409510600005 ], [ -89.156986458999938, 16.962031374000048 ], [ -89.158289420999949, 16.938824946000068 ], [ -89.159074244999942, 16.932378389000064 ], [ -89.16024350899994, 16.905678671000032 ], [ -89.163256166999986, 16.863439099000061 ], [ -89.163419483999974, 16.860283082000024 ], [ -89.163733539999953, 16.859869408000066 ], [ -89.165491620999944, 16.831504388000042 ], [ -89.166275773999985, 16.818881550000071 ] ] ] ] } },
{ "type": "Feature", "properties": { "Codigo": 2107, "datos_finales_color_riesgo": "fe9181" }, "geometry": { "type": "MultiPolygon", "coordinates": [ [ [ [ -90.193479439999976, 14.668513540000049 ], [ -90.192739056999983, 14.665459690000034 ], [ -90.191120982999962, 14.660300942000049 ], [ -90.189113702999975, 14.656793723000021 ], [ -90.186899644999983, 14.653228672000068 ], [ -90.18564758399998, 14.649797191000062 ], [ -90.185453629999984, 14.649003420000042 ], [ -90.185240069999963, 14.636574026000062 ], [ -90.184535195999956, 14.630112183000051 ], [ -90.18352151, 14.625454124000044 ], [ -90.182566430999941, 14.623338131000025 ], [ -90.181012136999982, 14.620433626000022 ], [ -90.176563990999966, 14.61657168000005 ], [ -90.172368137999968, 14.61470539000004 ], [ -90.169629726999972, 14.614288287000022 ], [ -90.161316211999974, 14.614376825000022 ], [ -90.15785658499999, 14.613382930000057 ], [ -90.152647465999962, 14.608115933000022 ], [ -90.148138147999987, 14.605238402000055 ], [ -90.147388381999974, 14.601528493000046 ], [ -90.147258182999963, 14.59827548800007 ], [ -90.14684108299997, 14.597626879000074 ], [ -90.146518956999955, 14.591816688000051 ], [ -90.145429159999935, 14.586249998000028 ], [ -90.145476434999978, 14.577591442000028 ], [ -90.144344568999941, 14.571423635000031 ], [ -90.14300205699999, 14.568921250000074 ], [ -90.141216561999954, 14.565716879000036 ], [ -90.139641554999969, 14.563046813000028 ], [ -90.13645238, 14.559086907000051 ], [ -90.134715265999944, 14.556770460000052 ], [ -90.132682009999897, 14.554546339000069 ], [ -90.126985828999977, 14.547112308000067 ], [ -90.126597921999974, 14.54672596000006 ], [ -90.123126013999979, 14.541901089000078 ], [ -90.119010645999936, 14.53567515800006 ], [ -90.11614739099997, 14.530008761000033 ], [ -90.116555516999938, 14.526241994000031 ], [ -90.116225200999963, 14.523563468000077 ], [ -90.117767736999951, 14.518372379000027 ], [ -90.120825267999976, 14.514621215000034 ], [ -90.122522266999965, 14.51355600100004 ], [ -90.124677420999944, 14.513040544000035 ], [ -90.12537919, 14.512719494000066 ], [ -90.125916427999982, 14.512396425000077 ], [ -90.128441686999963, 14.510408796000036 ], [ -90.12821719499999, 14.504993850000062 ], [ -90.128992713999935, 14.503893582000046 ], [ -90.129841676999945, 14.50078015400004 ], [ -90.128981827999951, 14.498939603000053 ], [ -90.128169225999955, 14.493479076000028 ], [ -90.128374469999983, 14.488790786000038 ], [ -90.136606986999936, 14.488038939000035 ], [ -90.143367349999949, 14.490225659000032 ], [ -90.152770047999979, 14.490718059000073 ], [ -90.159706737999954, 14.490413697000065 ], [ -90.162799125999982, 14.489483541000027 ], [ -90.165053980999971, 14.487530532000051 ], [ -90.168659507999962, 14.485652486000049 ], [ -90.173336331999963, 14.485228988000074 ], [ -90.179996893999942, 14.485311301000024 ], [ -90.182442590999983, 14.485848698000041 ], [ -90.183747714999981, 14.486828517000049 ], [ -90.184553899999969, 14.488780065000071 ], [ -90.18534690499996, 14.489390200000059 ], [ -90.186215684999979, 14.490698965000036 ], [ -90.188418405999982, 14.490708414000039 ], [ -90.190631126999961, 14.489648792000025 ], [ -90.196909852999966, 14.487907236000069 ], [ -90.200600813999984, 14.486224994000054 ], [ -90.202091449999955, 14.484618097000066 ], [ -90.212900342999944, 14.483789170000023 ], [ -90.213496651999947, 14.483222697000031 ], [ -90.214667228999986, 14.483854158000042 ], [ -90.221350559999962, 14.484076687000027 ], [ -90.22994001699999, 14.483609086000058 ], [ -90.23627234099996, 14.484437867000054 ], [ -90.236813648999942, 14.484285038000053 ], [ -90.237549452999986, 14.482837221000068 ], [ -90.23716378499995, 14.482259130000045 ], [ -90.238103596999963, 14.477763019000065 ], [ -90.238459430999967, 14.469607567000025 ], [ -90.239292089999935, 14.468894753000029 ], [ -90.241015129999937, 14.467157042000053 ], [ -90.242391246999944, 14.46709753600004 ], [ -90.244908545999976, 14.468693036000047 ], [ -90.24575714599996, 14.469926873000077 ], [ -90.249453543999948, 14.472648265000032 ], [ -90.251311009999938, 14.472977092000065 ], [ -90.252111013999979, 14.473362422000037 ], [ -90.25451237599998, 14.476340719000063 ], [ -90.257255358999942, 14.477268089000063 ], [ -90.263185236999959, 14.478129820000049 ], [ -90.266672249999942, 14.480805653000061 ], [ -90.268029087999935, 14.494670633000055 ], [ -90.268656596999961, 14.495381347000034 ], [ -90.270030674999987, 14.499571512000045 ], [ -90.272915937999983, 14.501875624000036 ], [ -90.275721830999942, 14.50304632600006 ], [ -90.28264904599996, 14.503256491000059 ], [ -90.283830594999984, 14.502589331000024 ], [ -90.287148367999976, 14.502275435000058 ], [ -90.292188096999951, 14.500786789000074 ], [ -90.296592475999944, 14.500270757000067 ], [ -90.298272140999984, 14.501194506000047 ], [ -90.299243243999967, 14.502969334000056 ], [ -90.29994563799994, 14.504349270000034 ], [ -90.294836743999952, 14.505229830000076 ], [ -90.293016438999985, 14.506436157000053 ], [ -90.29143407, 14.507374233000064 ], [ -90.289116457999967, 14.51153750800006 ], [ -90.288204625999981, 14.514605987000039 ], [ -90.285948496999936, 14.519322042000056 ], [ -90.284454977999985, 14.524221902000022 ], [ -90.283759589999988, 14.52488339000007 ], [ -90.282255680999981, 14.527448160000063 ], [ -90.28033861199998, 14.529105986000047 ], [ -90.277954152999939, 14.529933005000032 ], [ -90.274671060999935, 14.529464655000027 ], [ -90.268503101999954, 14.528053743000044 ], [ -90.264375690999941, 14.52838833900006 ], [ -90.262736706999988, 14.530184731000077 ], [ -90.262457482999935, 14.53266992600004 ], [ -90.266427053999962, 14.537211107000076 ], [ -90.266926310999963, 14.538649723000049 ], [ -90.267581579999955, 14.539137224000058 ], [ -90.268407391999972, 14.541497583000023 ], [ -90.269194011999957, 14.543746834000046 ], [ -90.27051800199996, 14.54787434900004 ], [ -90.271547044999977, 14.551999556000055 ], [ -90.271823806999976, 14.553436703000045 ], [ -90.273140809999973, 14.558138835000022 ], [ -90.273525435999943, 14.561458272000039 ], [ -90.27434696399996, 14.56389310000003 ], [ -90.274228486999959, 14.565515323000056 ], [ -90.274860731999979, 14.566609991000064 ], [ -90.275255858999969, 14.569831325000052 ], [ -90.275799534999976, 14.57181354100004 ], [ -90.275803479999979, 14.576160514000037 ], [ -90.274463829999945, 14.57833415500005 ], [ -90.274105186999975, 14.580817311000033 ], [ -90.272339017999968, 14.585047633000045 ], [ -90.26983404899994, 14.587461649000034 ], [ -90.267247890999954, 14.59010839900003 ], [ -90.263169851999976, 14.591840010000055 ], [ -90.257626156999947, 14.592180255000073 ], [ -90.255360082999971, 14.592934919000072 ], [ -90.25172033399997, 14.592273357000067 ], [ -90.249010839999983, 14.589946073000021 ], [ -90.247668011999963, 14.589597170000047 ], [ -90.245164682999985, 14.590692166000053 ], [ -90.24433501599998, 14.592613036000046 ], [ -90.243908557999987, 14.593016713000054 ], [ -90.243239744999983, 14.593843175000075 ], [ -90.243668507999985, 14.596279074000051 ], [ -90.243263093999985, 14.599505605000047 ], [ -90.24256924499997, 14.600338541000042 ], [ -90.241243684999972, 14.602737885000067 ], [ -90.240569717999961, 14.603183785000056 ], [ -90.239578284999936, 14.603937538000025 ], [ -90.237103887999979, 14.606458728000064 ], [ -90.236770990999958, 14.609252540000057 ], [ -90.236255123999968, 14.610497396000028 ], [ -90.234424643999944, 14.613948595000068 ], [ -90.232747808999989, 14.616097561000061 ], [ -90.231545409999967, 14.617995858000029 ], [ -90.230636126999968, 14.620142629000043 ], [ -90.230806074999975, 14.621476907000044 ], [ -90.23255220599998, 14.623842662000072 ], [ -90.232519113999956, 14.62597388100005 ], [ -90.232026462999954, 14.626609316000042 ], [ -90.231672906999961, 14.627156082000056 ], [ -90.231030099999941, 14.627744566000047 ], [ -90.23021947899997, 14.628399922000028 ], [ -90.229740109999966, 14.629962441000032 ], [ -90.230077681999944, 14.633184193000034 ], [ -90.230662671999937, 14.634062766000056 ], [ -90.230417048999982, 14.636494034000066 ], [ -90.22912045399994, 14.638724235000041 ], [ -90.228589574999944, 14.641244676000042 ], [ -90.228949242999988, 14.645842978000076 ], [ -90.230949675999966, 14.649299054000039 ], [ -90.231125408999958, 14.651464368000063 ], [ -90.230315240999971, 14.653367292000041 ], [ -90.228709894999952, 14.658788940000022 ], [ -90.227559424999981, 14.660543272000041 ], [ -90.227318306999962, 14.662146998000026 ], [ -90.22543905699996, 14.664626478000059 ], [ -90.220239289999938, 14.667485086000056 ], [ -90.218047381999952, 14.667852869000058 ], [ -90.216117130999976, 14.667659257000025 ], [ -90.212112135999973, 14.668426361000058 ], [ -90.211877356999935, 14.670389153000031 ], [ -90.210854707999943, 14.669775110000046 ], [ -90.209073524999951, 14.668892274000029 ], [ -90.195733174999987, 14.669210261000046 ], [ -90.193479439999976, 14.668513540000049 ] ] ] ] } },
{ "type": "Feature", "properties": { "Codigo": 2202, "datos_finales_color_riesgo": "fe9181" }, "geometry": { "type": "MultiPolygon", "coordinates": [ [ [ [ -89.79456986699995, 14.364964865000047 ], [ -89.798939990999941, 14.363082727000062 ], [ -89.809105551999949, 14.355663563000064 ], [ -89.813085370999943, 14.353241982000043 ], [ -89.817044556999974, 14.350104457000043 ], [ -89.817822957999965, 14.349910624000074 ], [ -89.822233756999935, 14.345320795000077 ], [ -89.823344603999942, 14.34388081700007 ], [ -89.823554294999951, 14.339559640000061 ], [ -89.822995029999959, 14.337474237000038 ], [ -89.82184601299997, 14.335672131000024 ], [ -89.821547208999959, 14.330796731000078 ], [ -89.819821605999948, 14.328142644000025 ], [ -89.818723851999948, 14.322587230000067 ], [ -89.819134088999988, 14.320871493000027 ], [ -89.82075075099999, 14.319054531000063 ], [ -89.820767777999947, 14.316613419000078 ], [ -89.819974850999984, 14.314396224000063 ], [ -89.821251810999968, 14.310887317000038 ], [ -89.820100511999954, 14.309419287000026 ], [ -89.817633901999955, 14.308309488000077 ], [ -89.816078864999952, 14.305391327000052 ], [ -89.818154609999965, 14.304705811000076 ], [ -89.820412043999966, 14.303117504000056 ], [ -89.82425346299999, 14.302967977000037 ], [ -89.826851316999978, 14.300171934000048 ], [ -89.829367110999954, 14.29983756300004 ], [ -89.829536332999965, 14.297469564000039 ], [ -89.831048989999942, 14.296322669000062 ], [ -89.83517214699998, 14.295801969000024 ], [ -89.837420423999959, 14.294854439000062 ], [ -89.839831709999942, 14.294995991000064 ], [ -89.840653405999944, 14.296824125000057 ], [ -89.843240884999943, 14.299103500000058 ], [ -89.847170414999937, 14.301348747000077 ], [ -89.849285618999943, 14.301936645000069 ], [ -89.853027227999974, 14.303804591000073 ], [ -89.853838310999947, 14.304534324000031 ], [ -89.858194235999974, 14.306224099000076 ], [ -89.860735584999986, 14.30817991300006 ], [ -89.862260550999963, 14.308768939000061 ], [ -89.866957541999966, 14.314087431000075 ], [ -89.870934563999981, 14.318248460000063 ], [ -89.871834281999952, 14.320149817000072 ], [ -89.87251899599994, 14.32332380400004 ], [ -89.87258606499995, 14.333596149000073 ], [ -89.871819394999989, 14.346792182000058 ], [ -89.871874927999954, 14.35600222000005 ], [ -89.872233963999975, 14.358117686000071 ], [ -89.875333326999964, 14.364374540000028 ], [ -89.87634258099996, 14.367444472000045 ], [ -89.878257816999962, 14.369768979000071 ], [ -89.879917478999971, 14.373032602000023 ], [ -89.88550657199994, 14.385438881000027 ], [ -89.88533683199995, 14.386197416000073 ], [ -89.884422332999975, 14.386844546000077 ], [ -89.880985881999948, 14.387693176000028 ], [ -89.87776422, 14.389790711000046 ], [ -89.876938425999981, 14.389802372000077 ], [ -89.873426203999941, 14.392304592000073 ], [ -89.87157462, 14.392801551000048 ], [ -89.868683213999986, 14.394415695000077 ], [ -89.867595684999969, 14.395631585000046 ], [ -89.867522416999975, 14.397271775000036 ], [ -89.872277596999936, 14.406209976000071 ], [ -89.874707740999952, 14.409161058000052 ], [ -89.875504183999965, 14.41134327900005 ], [ -89.877382956999952, 14.414226094000071 ], [ -89.878010036999967, 14.41647266800004 ], [ -89.879220626999938, 14.418275470000026 ], [ -89.879500456999949, 14.419844726000065 ], [ -89.88214975599999, 14.423790829000041 ], [ -89.884857630999988, 14.426113445000055 ], [ -89.885145672999954, 14.426595835000057 ], [ -89.88982168199999, 14.429937697000071 ], [ -89.89301678299995, 14.432924735000029 ], [ -89.89249255499999, 14.435311887000069 ], [ -89.892757662999941, 14.435988114000054 ], [ -89.891084353999986, 14.445589692000055 ], [ -89.89058511199994, 14.454501280000045 ], [ -89.890148866999937, 14.455135512000027 ], [ -89.890121274999956, 14.457575483000028 ], [ -89.889524982999944, 14.458722299000044 ], [ -89.885346095999978, 14.461394034000023 ], [ -89.879040832999976, 14.467016182000066 ], [ -89.876877193999974, 14.466629648000037 ], [ -89.87467759599997, 14.465047296000023 ], [ -89.868910738999944, 14.464592462000041 ], [ -89.866468570999984, 14.465114133000043 ], [ -89.86360003599998, 14.467085005000058 ], [ -89.863418808999938, 14.462504523000064 ], [ -89.857908812999938, 14.462327136000056 ], [ -89.855721845999938, 14.463441290000048 ], [ -89.854384106999987, 14.463185244000044 ], [ -89.85442551899996, 14.456173147000072 ], [ -89.855669840999951, 14.447876850000057 ], [ -89.855965397999967, 14.441107417000069 ], [ -89.851423206999982, 14.438081631000045 ], [ -89.849375387999942, 14.437351068000055 ], [ -89.841473901999962, 14.432412186000022 ], [ -89.837471967999988, 14.430604522000067 ], [ -89.836196070999961, 14.429512884000076 ], [ -89.836085047999973, 14.427658084000029 ], [ -89.839529854999967, 14.421301218000053 ], [ -89.839324846999943, 14.420030947000043 ], [ -89.837911987999973, 14.419168874000036 ], [ -89.835969005999971, 14.419313245000069 ], [ -89.833086752999975, 14.42024071700007 ], [ -89.830585548999977, 14.421655217000023 ], [ -89.828671706999955, 14.422153194000032 ], [ -89.827735260999987, 14.421712827000022 ], [ -89.828626191999945, 14.419846681000024 ], [ -89.82784253899996, 14.418471565000061 ], [ -89.823401606999937, 14.418412920000037 ], [ -89.815541726999982, 14.419358847000069 ], [ -89.815163502999951, 14.418063668000059 ], [ -89.815417674999935, 14.414928265000071 ], [ -89.816453398999954, 14.413348559000042 ], [ -89.817046123999944, 14.410548420000055 ], [ -89.818679419999967, 14.407820994000076 ], [ -89.819457950999947, 14.40759220800004 ], [ -89.822749481999949, 14.408048510000071 ], [ -89.824301871999978, 14.406980227000076 ], [ -89.824898440999959, 14.399727449000068 ], [ -89.825569909999956, 14.397692432000042 ], [ -89.827183654999942, 14.396536901000047 ], [ -89.827626176999956, 14.395622969000044 ], [ -89.827552604999937, 14.393414273000076 ], [ -89.82561765, 14.389855503000035 ], [ -89.82545264099997, 14.387153476000037 ], [ -89.82435213399998, 14.385919713000021 ], [ -89.82377089299996, 14.382192897000039 ], [ -89.822613299999944, 14.380453845000034 ], [ -89.821875967999972, 14.377859258000058 ], [ -89.825369119999948, 14.373439981000047 ], [ -89.825314980999963, 14.371329744000036 ], [ -89.824444791999952, 14.370311280000067 ], [ -89.823607264999964, 14.370382430000063 ], [ -89.81647045599999, 14.37422895800006 ], [ -89.813453817999971, 14.375366667000037 ], [ -89.810961093999936, 14.37552381200004 ], [ -89.802965659999984, 14.371866216000058 ], [ -89.796292247999986, 14.366900132000069 ], [ -89.79456986699995, 14.364964865000047 ] ] ] ] } }
]
}
