{
"type": "FeatureCollection",
"name": "color_capres_bajo",
"crs": { "type": "name", "properties": { "name": "urn:ogc:def:crs:OGC:1.3:CRS84" } },
"features": [
{ "type": "Feature", "properties": { "Codigo": 1614, "datos_finales_color_riesgo": "C4D2B0" }, "geometry": { "type": "MultiPolygon", "coordinates": [ [ [ [ -89.412295559999961, 15.856195429000024 ], [ -89.413006763999988, 15.855852974000072 ], [ -89.41341620899999, 15.855569822000064 ], [ -89.413888894999957, 15.854940240000076 ], [ -89.413920895999979, 15.854448889000025 ], [ -89.413375155999972, 15.853970524000033 ], [ -89.412877036999987, 15.853402693000078 ], [ -89.412403981999944, 15.852736 ], [ -89.411786763999942, 15.852345573000036 ], [ -89.411447837999958, 15.851937196000051 ], [ -89.411425536999957, 15.851221569000074 ], [ -89.411368464999953, 15.850527925000051 ], [ -89.411285718999977, 15.850000827000031 ], [ -89.41064836399994, 15.849464530000034 ], [ -89.409832239999957, 15.84925018000007 ], [ -89.40906511899999, 15.848868544000027 ], [ -89.408635750999963, 15.84833569500006 ], [ -89.408471434999967, 15.847841089000042 ], [ -89.408724564999943, 15.847236077000048 ], [ -89.410294215999954, 15.845339715000023 ], [ -89.410842306999939, 15.845025016000022 ], [ -89.410995177999951, 15.845540869000047 ], [ -89.41093510799999, 15.846334103000061 ], [ -89.411291204999941, 15.847089112000049 ], [ -89.411947742999985, 15.847166557000037 ], [ -89.412492669999949, 15.847063899000034 ], [ -89.413701233999973, 15.846637171000054 ], [ -89.414441501999988, 15.846560306000072 ], [ -89.415215947999968, 15.846528007000074 ], [ -89.415713487999938, 15.846468553000022 ], [ -89.41630463599995, 15.846355370000026 ], [ -89.416961360999949, 15.845762666000041 ], [ -89.417136539999944, 15.845016456000053 ], [ -89.417182544999946, 15.844358363000026 ], [ -89.417056921999972, 15.843618458000037 ], [ -89.416917661999946, 15.843023861000063 ], [ -89.416942137999968, 15.842297720000033 ], [ -89.41745900899997, 15.841803106000043 ], [ -89.418966369999964, 15.840787860000034 ], [ -89.41925274, 15.84027814500007 ], [ -89.419149029999971, 15.839583730000072 ], [ -89.418811474999984, 15.839097543000037 ], [ -89.418267525999966, 15.838518818000068 ], [ -89.418639996999957, 15.837686742000074 ], [ -89.42077550099998, 15.835117076000074 ], [ -89.421068555999966, 15.834227269000053 ], [ -89.421100341999988, 15.833713346000025 ], [ -89.421100301999957, 15.833054486000037 ], [ -89.420832667999946, 15.83253561600003 ], [ -89.420203038999944, 15.832222861000048 ], [ -89.419518884999945, 15.831730951000054 ], [ -89.419324130999939, 15.830978621000042 ], [ -89.418757093999943, 15.830388239000058 ], [ -89.417667871999981, 15.829968601000076 ], [ -89.41704833099999, 15.829712414000028 ], [ -89.416303580999966, 15.829386465000027 ], [ -89.415698644999964, 15.828996264000068 ], [ -89.41684113599996, 15.828377739000075 ], [ -89.418229500999985, 15.828222441000037 ], [ -89.418819615999951, 15.828164503000039 ], [ -89.419326178999938, 15.828251847000047 ], [ -89.420056139999986, 15.828755793000028 ], [ -89.42088838899997, 15.82871313000004 ], [ -89.42146822899997, 15.828577173000042 ], [ -89.423248390999959, 15.827813448000029 ], [ -89.424755052999956, 15.827491959000042 ], [ -89.425473328999942, 15.827369554000029 ], [ -89.426018608999982, 15.827210448000073 ], [ -89.426625674999968, 15.826851541000053 ], [ -89.427291786999945, 15.82638191500007 ], [ -89.427569989999938, 15.825671229000022 ], [ -89.427487394999957, 15.825132850000045 ], [ -89.427106762999983, 15.824445152000067 ], [ -89.426697139999987, 15.824080762000051 ], [ -89.426148889999979, 15.823746807000077 ], [ -89.425558728999988, 15.823178622000057 ], [ -89.425396155999977, 15.822549799000058 ], [ -89.425520526999946, 15.82207124100006 ], [ -89.426290494999989, 15.821625893000032 ], [ -89.427243745999988, 15.82126140500003 ], [ -89.428045714999939, 15.820950831000061 ], [ -89.428709252999965, 15.82065940800004 ], [ -89.42958846199997, 15.820562198000061 ], [ -89.430336562999969, 15.820697492000022 ], [ -89.430906551999954, 15.821120921000045 ], [ -89.431420076999984, 15.82144188500007 ], [ -89.432119015999945, 15.821755744000029 ], [ -89.432718806999958, 15.821809616000053 ], [ -89.433448902999942, 15.821643373000029 ], [ -89.43469883299997, 15.820176971000024 ], [ -89.435179199999936, 15.819133390000047 ], [ -89.435790725999937, 15.818484577000049 ], [ -89.436526119999897, 15.818048770000075 ], [ -89.437355679999939, 15.817492661000074 ], [ -89.437766210999939, 15.817107922000048 ], [ -89.441393198999947, 15.809957128000065 ], [ -89.445877816999939, 15.802222318000076 ], [ -89.446845502999963, 15.799789946000033 ], [ -89.448066920999963, 15.798307161000025 ], [ -89.448154173999967, 15.797246942000072 ], [ -89.449993059999898, 15.794365102000029 ], [ -89.450534624999989, 15.79257558200004 ], [ -89.45472240099997, 15.785546369000031 ], [ -89.455523421999942, 15.782970175000059 ], [ -89.459121520999986, 15.77706392500005 ], [ -89.459812400999965, 15.774852578000036 ], [ -89.461845277999942, 15.771778540000071 ], [ -89.46367519599994, 15.767471399000044 ], [ -89.465867464999974, 15.764132497000048 ], [ -89.46992155099997, 15.755800869000041 ], [ -89.472677518999944, 15.751310036000064 ], [ -89.473141987999952, 15.749510122000061 ], [ -89.477370417999964, 15.742376999000044 ], [ -89.478191608999964, 15.739916037000057 ], [ -89.481694330999971, 15.734144106000031 ], [ -89.482990613999959, 15.730773510000063 ], [ -89.485722154999962, 15.726272968000046 ], [ -89.486212184999943, 15.724464374000036 ], [ -89.48878925799994, 15.720571662000054 ], [ -89.493557055999986, 15.710910340000055 ], [ -89.494967043999964, 15.708902120000062 ], [ -89.49528186699996, 15.707317451000051 ], [ -89.496495340999957, 15.706240260000072 ], [ -89.497884434999946, 15.703100018000043 ], [ -89.49983180299995, 15.700241754000047 ], [ -89.500121950999983, 15.698938739000027 ], [ -89.504360968999947, 15.691802609000035 ], [ -89.504658184999982, 15.690491795000071 ], [ -89.508140761999982, 15.684599202000072 ], [ -89.50973666699997, 15.680849466000041 ], [ -89.512923199999989, 15.675874946000022 ], [ -89.513349153999968, 15.674144180000042 ], [ -89.517394917999979, 15.667213257000071 ], [ -89.517884625999955, 15.66549589400006 ], [ -89.524725061999959, 15.653388582000048 ], [ -89.528780296999969, 15.645084293000025 ], [ -89.53005006099994, 15.64346611600007 ], [ -89.532144949999974, 15.637695278000024 ], [ -89.533329410999954, 15.636435648000031 ], [ -89.536294639999937, 15.636291859000039 ], [ -89.547067938999987, 15.635791680000068 ], [ -89.54777704899999, 15.635480152000071 ], [ -89.550276778999944, 15.635703440000043 ], [ -89.551724238999952, 15.634967986000049 ], [ -89.555395416999943, 15.636023174000059 ], [ -89.557733262999989, 15.635484465000047 ], [ -89.561038824999969, 15.635915490000059 ], [ -89.563812243999962, 15.635581008000031 ], [ -89.569913172999975, 15.635865032000027 ], [ -89.572914429999969, 15.637127228000054 ], [ -89.574238096999977, 15.639103363000061 ], [ -89.57554442199995, 15.639779359000045 ], [ -89.576348756999948, 15.639237910000077 ], [ -89.578427925999961, 15.639796206000028 ], [ -89.579392809999945, 15.640068541000062 ], [ -89.579986990999942, 15.640435507000063 ], [ -89.580380525999942, 15.641034037000054 ], [ -89.581296939999959, 15.642121411000062 ], [ -89.581864864999943, 15.642667373000052 ], [ -89.58240161599997, 15.643022156000029 ], [ -89.583215783999947, 15.643325974000049 ], [ -89.585744670999986, 15.643208569000024 ], [ -89.586263317999965, 15.643216654000071 ], [ -89.587041669999962, 15.643609043000026 ], [ -89.58741215799995, 15.644229773000063 ], [ -89.587966816999938, 15.644874814000048 ], [ -89.588737806999973, 15.645009818000062 ], [ -89.58928326099999, 15.644806179000057 ], [ -89.58995286399994, 15.644805322000025 ], [ -89.590619096999944, 15.644972539000037 ], [ -89.591315994999945, 15.645397499000069 ], [ -89.592403027999978, 15.645961674000034 ], [ -89.593278558999941, 15.646042998000041 ], [ -89.594180695999967, 15.645888903000071 ], [ -89.595170217999964, 15.646083702000055 ], [ -89.595869371999981, 15.646373278000056 ], [ -89.596410568999943, 15.646426826000038 ], [ -89.597310696999955, 15.64642953200007 ], [ -89.597821265999983, 15.646258053000054 ], [ -89.598207508999963, 15.645928926000067 ], [ -89.598537595999971, 15.645509784000069 ], [ -89.599343690999945, 15.644896052000036 ], [ -89.599898394999968, 15.644836963000046 ], [ -89.601102723999986, 15.644576949000054 ], [ -89.60163804299998, 15.644316699000058 ], [ -89.602348649999954, 15.643913611000073 ], [ -89.602952279999954, 15.643676987000049 ], [ -89.603439391999984, 15.643550264000055 ], [ -89.604315112999984, 15.643620261000024 ], [ -89.605102190999958, 15.644157162000056 ], [ -89.60572911099996, 15.644626130000063 ], [ -89.606393355999955, 15.644915135000076 ], [ -89.606899280999983, 15.645024528000022 ], [ -89.607858343999965, 15.644949113000052 ], [ -89.609265298999958, 15.644300639000051 ], [ -89.609761072999959, 15.644319599000028 ], [ -89.61043843799996, 15.644519651000053 ], [ -89.611236235999968, 15.644442855000023 ], [ -89.611726073999989, 15.644115302000046 ], [ -89.612231063999957, 15.643574716000046 ], [ -89.61309104899999, 15.642514917000028 ], [ -89.614031430999944, 15.642194323000069 ], [ -89.614585757999976, 15.642157758000053 ], [ -89.615200319999985, 15.641999123000062 ], [ -89.61603189899995, 15.641956680000021 ], [ -89.616692464999971, 15.642470148000029 ], [ -89.617137110999977, 15.642800867000062 ], [ -89.617859170999964, 15.643080575000056 ], [ -89.618483168999944, 15.643056358000024 ], [ -89.619017516999975, 15.642818616000056 ], [ -89.619781312999976, 15.642684840000072 ], [ -89.620358000999943, 15.642705024000065 ], [ -89.621909633999962, 15.643065222000075 ], [ -89.622518324999987, 15.643264180000074 ], [ -89.623057700999937, 15.643429345000072 ], [ -89.623997047999978, 15.643845538000051 ], [ -89.624337517999948, 15.644209616000069 ], [ -89.625173579999966, 15.64456892100003 ], [ -89.626052458999936, 15.644448182000076 ], [ -89.626709808999976, 15.643775622000078 ], [ -89.627215859999978, 15.643168435000064 ], [ -89.627925319999974, 15.642832939000073 ], [ -89.628916323999988, 15.642904613000042 ], [ -89.629570537999939, 15.64242269600004 ], [ -89.629996614999982, 15.641791702000035 ], [ -89.630597837999971, 15.641700522000065 ], [ -89.63115886199995, 15.641966427000057 ], [ -89.631552244999966, 15.642620183000076 ], [ -89.632291022999937, 15.643302948000041 ], [ -89.632972798999958, 15.643235569000069 ], [ -89.633634086999962, 15.643032463000054 ], [ -89.634687679999956, 15.642802661000076 ], [ -89.635566365999978, 15.642693161000068 ], [ -89.635872913999947, 15.642284872000062 ], [ -89.635998995999955, 15.641660537000064 ], [ -89.636007040999971, 15.641168673000038 ], [ -89.635899613999982, 15.640652466000063 ], [ -89.636172916999953, 15.640175958000043 ], [ -89.636824545999957, 15.639850826000043 ], [ -89.637269646999982, 15.639443530000051 ], [ -89.637684954999941, 15.638757055000042 ], [ -89.638574179999978, 15.638714281000034 ], [ -89.639482810999937, 15.638873786000033 ], [ -89.640081882999937, 15.638949551000053 ], [ -89.64089054699997, 15.638884090000033 ], [ -89.641712676999987, 15.63870711900006 ], [ -89.64223266, 15.638669952000043 ], [ -89.642854436999983, 15.638746058000038 ], [ -89.643567432999987, 15.638869824000039 ], [ -89.644165774999976, 15.638990702000058 ], [ -89.64483181199995, 15.639173554000024 ], [ -89.647003340999959, 15.639049947000046 ], [ -89.647791310999935, 15.638861145000021 ], [ -89.648583436999957, 15.638381270000025 ], [ -89.649041610999973, 15.637885 ], [ -89.649910308999949, 15.636993285000074 ], [ -89.650590986999987, 15.636276984000062 ], [ -89.651544208999951, 15.635843566000062 ], [ -89.652272534999952, 15.635776832000033 ], [ -89.65288430399994, 15.635752324000066 ], [ -89.653494422999984, 15.635829349000062 ], [ -89.6542184, 15.636029982000025 ], [ -89.654675253999983, 15.636294239000051 ], [ -89.65538649299998, 15.636562378000065 ], [ -89.656056976999935, 15.636472181000045 ], [ -89.65648824799996, 15.636232765000045 ], [ -89.657060392999938, 15.635816073000058 ], [ -89.65786579, 15.635951357000067 ], [ -89.658592821999946, 15.635928592000027 ], [ -89.65934950799999, 15.635549690000062 ], [ -89.659853273999943, 15.63507665700007 ], [ -89.6603667, 15.634725638000077 ], [ -89.661213874999987, 15.634403400000053 ], [ -89.662019487999942, 15.634561242000075 ], [ -89.662824156999989, 15.634741634000022 ], [ -89.663585930999943, 15.634730663000028 ], [ -89.664281339999945, 15.634539259000064 ], [ -89.665088552999975, 15.63456283000005 ], [ -89.665727594999964, 15.634292699000071 ], [ -89.665943014999982, 15.633826544000044 ], [ -89.66618168399998, 15.633326889000045 ], [ -89.666756526999961, 15.632742072000042 ], [ -89.667533373999959, 15.632519169000034 ], [ -89.668268954999974, 15.632687205000025 ], [ -89.668874567999978, 15.633042844000045 ], [ -89.669369832999962, 15.633129363000023 ], [ -89.669856142999947, 15.633013751000021 ], [ -89.670507731999976, 15.632687373000067 ], [ -89.67108749099998, 15.632517884000038 ], [ -89.671812344999978, 15.63262932400005 ], [ -89.672349770999972, 15.632917341000052 ], [ -89.672910318999982, 15.633215863000032 ], [ -89.673321612999985, 15.633490677000054 ], [ -89.674077608999937, 15.633837302000074 ], [ -89.674544856999944, 15.63418067300006 ], [ -89.674984189999975, 15.634846355000036 ], [ -89.675095379999959, 15.635820768000031 ], [ -89.675223808999988, 15.636449007000067 ], [ -89.675508966999985, 15.637359481000033 ], [ -89.675952281999969, 15.637779222000063 ], [ -89.676806651999982, 15.638453456000036 ], [ -89.677623019999942, 15.638632847000054 ], [ -89.679054275999988, 15.638631977000045 ], [ -89.680115511999986, 15.638648061000026 ], [ -89.680852222999988, 15.63874837000003 ], [ -89.681629193999981, 15.639240864000044 ], [ -89.682038854999973, 15.639582221000069 ], [ -89.682778302999964, 15.639549407000061 ], [ -89.683660772999986, 15.639205046000029 ], [ -89.684293688999958, 15.639315058000022 ], [ -89.684889695999971, 15.639547512000036 ], [ -89.685790234999956, 15.639527283000064 ], [ -89.686358729999938, 15.639335016000075 ], [ -89.68696665899995, 15.638863486000048 ], [ -89.687151256999982, 15.638139544000069 ], [ -89.68665191499997, 15.637617416000069 ], [ -89.686138407999977, 15.637251926000033 ], [ -89.685638163999954, 15.636786204000032 ], [ -89.685025730999939, 15.636128073000066 ], [ -89.68494253199998, 15.635545658000069 ], [ -89.68498520299994, 15.635065578000024 ], [ -89.685600400999988, 15.634828878000064 ], [ -89.68620130499994, 15.634792826000023 ], [ -89.687265398999955, 15.634630618000074 ], [ -89.688030965999985, 15.634384900000043 ], [ -89.688693598999976, 15.634058628000048 ], [ -89.689614742999936, 15.633480100000043 ], [ -89.690069208999944, 15.633208234000051 ], [ -89.690639318999956, 15.632914412000048 ], [ -89.691366177999953, 15.632902817000058 ], [ -89.692090732999986, 15.633070610000061 ], [ -89.692662600999938, 15.633391828000072 ], [ -89.693584371999975, 15.633462159000032 ], [ -89.694220145999964, 15.633393886000022 ], [ -89.694927184999983, 15.633202554000036 ], [ -89.695592165999983, 15.632765705000054 ], [ -89.695865113999957, 15.632266521000076 ], [ -89.69621955599996, 15.631768565000073 ], [ -89.696639104999974, 15.631495026000039 ], [ -89.696980454999959, 15.631087150000042 ], [ -89.697175759999936, 15.630418648000045 ], [ -89.697244504999958, 15.629726801000061 ], [ -89.697829638999963, 15.629221031000043 ], [ -89.698374290999936, 15.629061092000029 ], [ -89.699008851999963, 15.628377764000049 ], [ -89.699018710999951, 15.627762892000078 ], [ -89.699098506999974, 15.627071209000064 ], [ -89.699674541999968, 15.626442292000036 ], [ -89.700405685999954, 15.626162150000027 ], [ -89.700926901999935, 15.626046987000052 ], [ -89.702834870999936, 15.625070211000036 ], [ -89.703826266999954, 15.625117843000055 ], [ -89.704543651999984, 15.62500562200006 ], [ -89.704970849999938, 15.624252574000025 ], [ -89.705037432999973, 15.623693845000048 ], [ -89.705437642999982, 15.623207841000067 ], [ -89.706188826999949, 15.623129973000061 ], [ -89.706754234999948, 15.623127181000029 ], [ -89.707565732999967, 15.62288207000006 ], [ -89.708034846999965, 15.622419663000073 ], [ -89.708830959999943, 15.621716153000023 ], [ -89.709856337999952, 15.621093943000062 ], [ -89.710449973999971, 15.620745115000034 ], [ -89.711459700999967, 15.619680294000034 ], [ -89.714246985999978, 15.619674668000073 ], [ -89.715950050999936, 15.618944083000031 ], [ -89.718320319999975, 15.616899740000065 ], [ -89.722946782999941, 15.615325802000029 ], [ -89.724579816999949, 15.614052409000067 ], [ -89.726580383999988, 15.614234614000054 ], [ -89.728727565999975, 15.616734680000036 ], [ -89.729374372999985, 15.618132390000028 ], [ -89.729152601999942, 15.622198476000051 ], [ -89.726280112999973, 15.627705596000055 ], [ -89.723440409999967, 15.631581329000028 ], [ -89.724344867999946, 15.636911215000055 ], [ -89.724448385999949, 15.641783371000031 ], [ -89.723063386999968, 15.655244831000061 ], [ -89.722401649999938, 15.671751606000043 ], [ -89.721296624999979, 15.679493443000069 ], [ -89.721316826999953, 15.685444300000029 ], [ -89.71977659099997, 15.701330670000061 ], [ -89.717600243999982, 15.709702948000029 ], [ -89.716188995999971, 15.713433937000048 ], [ -89.715560195999956, 15.717988072000026 ], [ -89.71451596299994, 15.719134685000029 ], [ -89.710890289999952, 15.725549621000027 ], [ -89.706842149999943, 15.728519600000027 ], [ -89.699349582999957, 15.729267299000071 ], [ -89.695264169999973, 15.730709639000054 ], [ -89.693897337999942, 15.73147657800007 ], [ -89.691422939999939, 15.734914690000039 ], [ -89.687334460999978, 15.737183967000021 ], [ -89.686506183999938, 15.737175885000056 ], [ -89.682247296999947, 15.734757116000026 ], [ -89.678406810999945, 15.733950445000062 ], [ -89.672424125999953, 15.736842769000077 ], [ -89.670492793999983, 15.737174364000055 ], [ -89.668777801999966, 15.736563617000058 ], [ -89.665350213999943, 15.737553858000069 ], [ -89.66408691099997, 15.737181316000033 ], [ -89.662169871999936, 15.734818355000073 ], [ -89.658596578999948, 15.73495880400003 ], [ -89.656918842999971, 15.737345649000076 ], [ -89.657129205999979, 15.738125235000041 ], [ -89.65662366, 15.739080027000057 ], [ -89.652611418999982, 15.742291966000039 ], [ -89.651563229999965, 15.745322592000036 ], [ -89.649532257999965, 15.747213053000053 ], [ -89.649596986999939, 15.749055629000054 ], [ -89.648965768999972, 15.751948210000023 ], [ -89.647959951999951, 15.75288736300007 ], [ -89.646247187999961, 15.75348725300006 ], [ -89.645410767999977, 15.75546150200006 ], [ -89.643172926999966, 15.756954867000047 ], [ -89.643136213999981, 15.757770144000062 ], [ -89.645959514999959, 15.760711450000031 ], [ -89.64625242599999, 15.762563182000065 ], [ -89.645720732999962, 15.763470129000041 ], [ -89.642809071999977, 15.766746129000069 ], [ -89.643574805999947, 15.768364808000058 ], [ -89.642885254999953, 15.773443301000043 ], [ -89.64407080699999, 15.774902588000032 ], [ -89.64314965899996, 15.778580527000031 ], [ -89.645025917999988, 15.782043258000044 ], [ -89.64388719499999, 15.783540005000077 ], [ -89.642523063999988, 15.783615974000043 ], [ -89.642113975999962, 15.785421878000022 ], [ -89.642239339999946, 15.787855539000077 ], [ -89.643208118999951, 15.789142231000028 ], [ -89.643276718999971, 15.789964775000044 ], [ -89.641401736999967, 15.791794279000044 ], [ -89.641603355999962, 15.794231376000027 ], [ -89.641245122999976, 15.795177084000045 ], [ -89.640216186999965, 15.79598151600004 ], [ -89.639129368999988, 15.796197150000069 ], [ -89.635557290999941, 15.795919534000063 ], [ -89.630919742999936, 15.79492121100003 ], [ -89.623647481999967, 15.795458210000049 ], [ -89.621836514999984, 15.794365971000047 ], [ -89.618545992999941, 15.794087951000051 ], [ -89.616443454999967, 15.794694993000064 ], [ -89.615596885999935, 15.79574135200005 ], [ -89.615409129999989, 15.797361039000066 ], [ -89.615006634999986, 15.797737287000075 ], [ -89.612433549999935, 15.799130194000043 ], [ -89.611451287999955, 15.801254271000062 ], [ -89.610099582999965, 15.802187773000071 ], [ -89.607023137999988, 15.802381174000061 ], [ -89.605662825999957, 15.80313058400003 ], [ -89.604250810999986, 15.803171685000052 ], [ -89.602048585999967, 15.80094818300006 ], [ -89.600001427999985, 15.800083391000044 ], [ -89.597789587999955, 15.799764388000028 ], [ -89.593027985999981, 15.801214124000069 ], [ -89.586053334999974, 15.804741220000039 ], [ -89.579351818999953, 15.805008045000022 ], [ -89.576224866999951, 15.807233473000053 ], [ -89.573181193999972, 15.80759050100005 ], [ -89.569994786999985, 15.809535052000058 ], [ -89.567238584999984, 15.809982284000057 ], [ -89.56169437899996, 15.812136475000045 ], [ -89.559202786999947, 15.814265607000038 ], [ -89.557707564999987, 15.814745114000061 ], [ -89.554645982999943, 15.814846569000053 ], [ -89.551217932999975, 15.817589182000063 ], [ -89.550949001999982, 15.820525298000064 ], [ -89.550129113999958, 15.821622516000048 ], [ -89.548614260999955, 15.822807956000077 ], [ -89.547302559999935, 15.82314812900006 ], [ -89.546502239999938, 15.824258051000072 ], [ -89.543193289999977, 15.826766568000039 ], [ -89.542903540999987, 15.828622525000071 ], [ -89.541098283999986, 15.830942853000067 ], [ -89.539997539999945, 15.830937691000031 ], [ -89.53819606799999, 15.829443253000022 ], [ -89.536495542999944, 15.829583069000023 ], [ -89.534938831999966, 15.830686482000033 ], [ -89.530201619999957, 15.83044820300006 ], [ -89.526034748999962, 15.831754571000033 ], [ -89.519163060999972, 15.835588764000022 ], [ -89.515495205999969, 15.839320812000039 ], [ -89.511589962999949, 15.841802205000022 ], [ -89.508232383999939, 15.843271259000062 ], [ -89.502159024999969, 15.843218367000077 ], [ -89.499981476999949, 15.84441862500006 ], [ -89.495428475999972, 15.848386398000059 ], [ -89.492975812999987, 15.849448980000034 ], [ -89.491868531999955, 15.852850774000046 ], [ -89.49016876099995, 15.853678428000023 ], [ -89.488980969999943, 15.855161988000077 ], [ -89.487807968999959, 15.854378 ], [ -89.486608263999983, 15.853689472000042 ], [ -89.48382798199998, 15.854012123000075 ], [ -89.482747425999946, 15.854216827000073 ], [ -89.481757319999986, 15.855523031000075 ], [ -89.481600844999946, 15.857621276000032 ], [ -89.478430919999937, 15.859201136000024 ], [ -89.477656576999948, 15.860832372000061 ], [ -89.474310532999937, 15.861141152000073 ], [ -89.471888472999979, 15.860533031000045 ], [ -89.467290833999982, 15.862097308000045 ], [ -89.465081556999962, 15.861854749000031 ], [ -89.464015658999983, 15.860715871000025 ], [ -89.463919812999961, 15.857991901000048 ], [ -89.464341658999956, 15.856427178000047 ], [ -89.464057476999983, 15.855712879000066 ], [ -89.462500235999983, 15.855046597000069 ], [ -89.461211341999956, 15.853631039000049 ], [ -89.460016757999938, 15.84991883500004 ], [ -89.458520456999963, 15.848702957000057 ], [ -89.455289849999986, 15.847821967000073 ], [ -89.449946527999941, 15.848920152000062 ], [ -89.447854683999935, 15.850002758000073 ], [ -89.44589885299996, 15.849774343000036 ], [ -89.442836614999976, 15.848601478000035 ], [ -89.440203015999941, 15.849969558000055 ], [ -89.438999372999945, 15.851111805000073 ], [ -89.437897375999967, 15.854096929000036 ], [ -89.434317871999951, 15.854369664000046 ], [ -89.433215357999984, 15.855590249000045 ], [ -89.429446151999969, 15.856474632000072 ], [ -89.42805683399996, 15.85819361800003 ], [ -89.426671511999984, 15.858924369000022 ], [ -89.42082633199999, 15.85892024900005 ], [ -89.418807120999986, 15.859705889000054 ], [ -89.417054164999968, 15.858649094000043 ], [ -89.415622029999952, 15.859421860000054 ], [ -89.414800212999978, 15.859361986000067 ], [ -89.412295559999961, 15.856195429000024 ] ] ] ] } },
{ "type": "Feature", "properties": { "Codigo": 506, "datos_finales_color_riesgo": "C4D2B0" }, "geometry": { "type": "MultiPolygon", "coordinates": [ [ [ [ -91.266092135999941, 14.337604148000025 ], [ -91.267786390999959, 14.33169883100004 ], [ -91.268200805999982, 14.326845007000031 ], [ -91.270665817999941, 14.323683818000063 ], [ -91.270856181999989, 14.321521707000045 ], [ -91.270298363999984, 14.317502460000071 ], [ -91.27151125499995, 14.315486750000048 ], [ -91.272307470999976, 14.31098703300006 ], [ -91.271952470999963, 14.309684091000065 ], [ -91.270397885999955, 14.30813517200005 ], [ -91.267609113999981, 14.307155694000073 ], [ -91.267248692999942, 14.305581563000032 ], [ -91.267433388999962, 14.301815145000035 ], [ -91.270253428999979, 14.299759168000037 ], [ -91.271103825999944, 14.29786282300006 ], [ -91.273562252999966, 14.296726058000047 ], [ -91.274784521999948, 14.295510256000057 ], [ -91.276572317999978, 14.292294334000076 ], [ -91.276393621999944, 14.290354354000044 ], [ -91.276022341999976, 14.288222048000023 ], [ -91.276360243999989, 14.287511610000024 ], [ -91.277263199999936, 14.286914850000073 ], [ -91.28003337499996, 14.287115648000054 ], [ -91.281734857999936, 14.285025429000029 ], [ -91.283383613999945, 14.275978792000046 ], [ -91.281964591999952, 14.274060370000029 ], [ -91.281775781999954, 14.272989112000062 ], [ -91.282913554999936, 14.271739877000073 ], [ -91.288242175999983, 14.268151633000059 ], [ -91.290237673999968, 14.263371175000032 ], [ -91.293167427999947, 14.26034289100005 ], [ -91.296971982999935, 14.255188910000072 ], [ -91.298271773999943, 14.253549832000033 ], [ -91.298676456999942, 14.250326051000059 ], [ -91.296841722999943, 14.246383570000035 ], [ -91.296596152999939, 14.243529110000054 ], [ -91.298136932999967, 14.241716628000063 ], [ -91.300337560999935, 14.240568628000062 ], [ -91.301718771999958, 14.240494854000076 ], [ -91.305373395999936, 14.23921591800007 ], [ -91.307022814999982, 14.237888819000034 ], [ -91.306945201999952, 14.236257979000072 ], [ -91.306239004999952, 14.235436134000054 ], [ -91.306112905999953, 14.234406001000025 ], [ -91.309432783999966, 14.231244640000057 ], [ -91.309420879999948, 14.229886544000067 ], [ -91.307873355999959, 14.227416030000029 ], [ -91.307899334999945, 14.225870659000066 ], [ -91.309089751999977, 14.224731215000077 ], [ -91.31436165599996, 14.222493053000051 ], [ -91.315419030999976, 14.222343468000076 ], [ -91.316855202999989, 14.223122978000049 ], [ -91.317840605999947, 14.222682515000031 ], [ -91.317762690999984, 14.219202190000033 ], [ -91.32019631199995, 14.21774943500003 ], [ -91.320740469999976, 14.214242971000033 ], [ -91.321946116999982, 14.211570418000065 ], [ -91.321373304999952, 14.208209760000045 ], [ -91.320175407999955, 14.207087369000021 ], [ -91.31920973199999, 14.206826381000042 ], [ -91.31883892799999, 14.203952955000034 ], [ -91.318550782999978, 14.202354524000043 ], [ -91.317388152999968, 14.201166842000077 ], [ -91.315800488999969, 14.199279079000064 ], [ -91.315362231999984, 14.197468317000073 ], [ -91.315920708999954, 14.195940239000038 ], [ -91.318827354999939, 14.192181486000038 ], [ -91.318973643999982, 14.19150237100007 ], [ -91.319033511999976, 14.190842988000043 ], [ -91.317733895999936, 14.188609285000041 ], [ -91.317713176999973, 14.188043109000034 ], [ -91.318310425999982, 14.188003242000036 ], [ -91.318957633999958, 14.18747 ], [ -91.318773970999985, 14.186151363000022 ], [ -91.32085015499996, 14.183965068000077 ], [ -91.323935320999965, 14.183140449000064 ], [ -91.325384037999982, 14.18376180100006 ], [ -91.326250713999968, 14.183141945000045 ], [ -91.328454309999984, 14.182202643000039 ], [ -91.329841865999981, 14.179632967000032 ], [ -91.331203743999936, 14.178827863000038 ], [ -91.333108362999951, 14.178703280000036 ], [ -91.333548911999969, 14.177997954000034 ], [ -91.333583244999943, 14.175833477000026 ], [ -91.334259471999985, 14.174488053000061 ], [ -91.335373737999987, 14.172698265000065 ], [ -91.335367338999959, 14.170796749000033 ], [ -91.334609607999937, 14.168238113000029 ], [ -91.336816196999962, 14.167181235000044 ], [ -91.33669155299998, 14.163786414000072 ], [ -91.336404154999968, 14.162547279000023 ], [ -91.337491308999972, 14.161687118000032 ], [ -91.33817720199994, 14.16178790400005 ], [ -91.338236796999979, 14.156698506000055 ], [ -91.338708599999961, 14.156144773000051 ], [ -91.338830639999969, 14.153452143000038 ], [ -91.338239008999949, 14.152572441000075 ], [ -91.337872405999974, 14.150442463000047 ], [ -91.338713153999947, 14.149464215000023 ], [ -91.343822313999965, 14.147272636000025 ], [ -91.346232961999988, 14.146702872000049 ], [ -91.350893693999978, 14.145989239000073 ], [ -91.355285108999965, 14.146578613000031 ], [ -91.356070600999942, 14.146268770000063 ], [ -91.359596083999975, 14.142889840000066 ], [ -91.362018473999967, 14.140427527000043 ], [ -91.364427214999978, 14.139381898000067 ], [ -91.366583377999973, 14.137304122000046 ], [ -91.367615485999977, 14.13706822100005 ], [ -91.36777697499997, 14.136259229000075 ], [ -91.367215315999943, 14.134736922000059 ], [ -91.367529994999984, 14.134282607000046 ], [ -91.369375224999942, 14.133098641000061 ], [ -91.3703558, 14.133105291000049 ], [ -91.370507308999947, 14.130687348000038 ], [ -91.373216764999938, 14.128849381000066 ], [ -91.374643941999977, 14.126284138000074 ], [ -91.376000758999965, 14.125391696000065 ], [ -91.377471101999959, 14.124161061000052 ], [ -91.382070588999966, 14.123770613000033 ], [ -91.386685613999987, 14.121747562000053 ], [ -91.389956186999939, 14.121083660000068 ], [ -91.396360821999963, 14.112950871000066 ], [ -91.399388321999936, 14.108197413000028 ], [ -91.400275533999945, 14.107551387000058 ], [ -91.403311764999955, 14.103100722000022 ], [ -91.40619978899997, 14.099803734000034 ], [ -91.408498188999943, 14.09580229900007 ], [ -91.410048144999962, 14.094222824000042 ], [ -91.413797304999946, 14.088478482000028 ], [ -91.41941600399997, 14.081677469000056 ], [ -91.422027070999945, 14.077845127000046 ], [ -91.422945219999974, 14.076543881000077 ], [ -91.423511161999954, 14.050791202000028 ], [ -91.42389902299999, 14.04865602700005 ], [ -91.424886876999949, 14.047125849000054 ], [ -91.424907703999963, 14.041708276000065 ], [ -91.426243343999943, 14.039492263000056 ], [ -91.426319064999973, 14.038148214000046 ], [ -91.427011877999973, 14.037106461000064 ], [ -91.427985224999986, 14.03658966100005 ], [ -91.428487728999983, 14.035705980000046 ], [ -91.428532884999981, 14.030012863000024 ], [ -91.427400747999968, 14.022250087000032 ], [ -91.425500245999956, 14.018480923000027 ], [ -91.425081810999984, 14.015526986000054 ], [ -91.426053711999941, 14.014274628000067 ], [ -91.42894681699994, 14.012043835000043 ], [ -91.434623002999956, 14.007572376000041 ], [ -91.436209584999972, 14.00516129600004 ], [ -91.437058638999986, 14.005375800000024 ], [ -91.437534417999984, 14.005518973000051 ], [ -91.438366431999953, 14.005943517000048 ], [ -91.438936764999937, 14.006307621000076 ], [ -91.439530391999938, 14.006649278000054 ], [ -91.44103970499998, 14.007451033000052 ], [ -91.442441962999965, 14.008170743000051 ], [ -91.443725208999979, 14.008865951000075 ], [ -91.444414740999946, 14.00923080900003 ], [ -91.445080521999955, 14.009514164000052 ], [ -91.445544583999947, 14.009680973000059 ], [ -91.446270979999952, 14.009813307000059 ], [ -91.447152431999939, 14.009946635000063 ], [ -91.447771710999973, 14.010090706000028 ], [ -91.448307366999984, 14.010280566000063 ], [ -91.448961242999985, 14.01052880900005 ], [ -91.449734640999964, 14.010813966000057 ], [ -91.450721758999975, 14.011239466000063 ], [ -91.451257, 14.011405591000027 ], [ -91.451768941999944, 14.011595292000038 ], [ -91.453268294999987, 14.012081679000062 ], [ -91.453683728999977, 14.012340814000027 ], [ -91.454205921999971, 14.012728308000021 ], [ -91.45476383099998, 14.013139754000065 ], [ -91.455262851999976, 14.01344574500007 ], [ -91.455773678999947, 14.013716784000053 ], [ -91.456474819999983, 14.014081685000065 ], [ -91.457402370999944, 14.014506781000023 ], [ -91.458329967999987, 14.014839220000056 ], [ -91.45897221499996, 14.015099790000022 ], [ -91.459591366999973, 14.015266432000033 ], [ -91.460186876999956, 14.015421623000066 ], [ -91.460900834999961, 14.015601293000032 ], [ -91.461544058999948, 14.015803108000057 ], [ -91.462364786999956, 14.016111129000024 ], [ -91.462887630999944, 14.016404828000077 ], [ -91.463386091999951, 14.016710802000034 ], [ -91.46419416599997, 14.017182570000045 ], [ -91.464788832999943, 14.017465421000054 ], [ -91.465240477999942, 14.017677313000036 ], [ -91.465812077999942, 14.017774714000041 ], [ -91.46652624699999, 14.018011995000052 ], [ -91.467238871999939, 14.018482020000022 ], [ -91.467950608999956, 14.018999492000034 ], [ -91.46866509099999, 14.019190442000024 ], [ -91.469356509999955, 14.01919481300007 ], [ -91.469857115999957, 14.019266901000037 ], [ -91.470691096999985, 14.019412274000047 ], [ -91.471238213999982, 14.019625888000064 ], [ -91.472022485999958, 14.020026298000062 ], [ -91.474758230999953, 14.021161009000025 ], [ -91.476661226999965, 14.021965041000044 ], [ -91.479539928999941, 14.023101730000064 ], [ -91.481347957999958, 14.023833951000029 ], [ -91.482704470999977, 14.024331699000072 ], [ -91.483965825999974, 14.024782521000077 ], [ -91.485749577999968, 14.025515689000031 ], [ -91.48986589399999, 14.027124389000051 ], [ -91.49160238799999, 14.027834622000057 ], [ -91.493339934999938, 14.02847366900005 ], [ -91.494862694999938, 14.029042443000037 ], [ -91.496695304999946, 14.029659462000041 ], [ -91.500329013999988, 14.031206244000032 ], [ -91.500792341999954, 14.031411367000032 ], [ -91.501342207999983, 14.031656573000078 ], [ -91.502263205999952, 14.032047571000021 ], [ -91.503881591999971, 14.03260106700003 ], [ -91.504623132999939, 14.03282598100003 ], [ -91.505185151999967, 14.032983122000076 ], [ -91.506455862999985, 14.033255367000038 ], [ -91.507591617999935, 14.033548241000062 ], [ -91.508726234999983, 14.034017368000036 ], [ -91.50928769099994, 14.034262629000068 ], [ -91.510409750999941, 14.034885339000027 ], [ -91.512003377999974, 14.035785513000064 ], [ -91.513003327999968, 14.036143061000075 ], [ -91.514441689999956, 14.036625330000049 ], [ -91.515981116999967, 14.037139848000038 ], [ -91.516925511999943, 14.037410038000075 ], [ -91.517633245999946, 14.037677646000077 ], [ -91.518981305999944, 14.038257638000061 ], [ -91.521395558999984, 14.039339047000055 ], [ -91.523620277999953, 14.040200069000036 ], [ -91.525282607999941, 14.040868950000061 ], [ -91.526304747999973, 14.041293250000024 ], [ -91.528509329999963, 14.041780109000058 ], [ -91.529768563999937, 14.042051036000032 ], [ -91.530679225999961, 14.042353739000077 ], [ -91.531702225999936, 14.042645822000054 ], [ -91.53282607899996, 14.043004048000057 ], [ -91.533883290999938, 14.043286160000036 ], [ -91.53444550599994, 14.043420638000043 ], [ -91.534974339999962, 14.043435143000067 ], [ -91.535537821999981, 14.043461154000056 ], [ -91.536247065999987, 14.043498216000046 ], [ -91.537080145999937, 14.043536026000027 ], [ -91.538011758999971, 14.04382301000004 ], [ -91.538589366999986, 14.044359824000026 ], [ -91.537512737999975, 14.045311484000024 ], [ -91.537076027999944, 14.045643299000062 ], [ -91.535763576999955, 14.046638720000033 ], [ -91.534847122999963, 14.047333717000072 ], [ -91.533621159999939, 14.04855789100003 ], [ -91.532877003999943, 14.049275392000027 ], [ -91.531996149999941, 14.051010115000054 ], [ -91.530891185999963, 14.053763781000043 ], [ -91.530495378999944, 14.05448339000003 ], [ -91.530272638999975, 14.05528879600007 ], [ -91.530397156999982, 14.056181055000025 ], [ -91.530611495999949, 14.056691949000026 ], [ -91.531214605999935, 14.057587120000051 ], [ -91.532514712999955, 14.058359973000051 ], [ -91.53464420499995, 14.058670068000026 ], [ -91.535686041999952, 14.059015359000057 ], [ -91.536487114999943, 14.059636019000038 ], [ -91.536917611999968, 14.060286069000028 ], [ -91.537185559999955, 14.060924965000027 ], [ -91.537320222999938, 14.061955137000041 ], [ -91.537228151999955, 14.062782808000065 ], [ -91.537006229999974, 14.063461673000063 ], [ -91.536763775999987, 14.064001434000033 ], [ -91.536433667999972, 14.064582471000051 ], [ -91.534767307999971, 14.066695477000053 ], [ -91.53209215399994, 14.070076877000076 ], [ -91.530647658999953, 14.071512118000044 ], [ -91.529682820999938, 14.072694910000052 ], [ -91.52944105399996, 14.073122805000025 ], [ -91.52927159699999, 14.074099144000058 ], [ -91.529257413999972, 14.074597350000033 ], [ -91.529339572999959, 14.075415907000036 ], [ -91.529409961999988, 14.076264900000069 ], [ -91.529645966999965, 14.07682903400007 ], [ -91.530087871999967, 14.077415891000044 ], [ -91.531080403999965, 14.07860495500006 ], [ -91.532159210999964, 14.079970807000052 ], [ -91.532934957999942, 14.08112238700005 ], [ -91.533169727999962, 14.081881988000077 ], [ -91.53327307699999, 14.082737961000078 ], [ -91.53296400499994, 14.083372221000047 ], [ -91.532483224999964, 14.083794143000034 ], [ -91.531086119999941, 14.084592397000051 ], [ -91.527420039999981, 14.086395973000037 ], [ -91.525501389999988, 14.087106261000031 ], [ -91.524148471999979, 14.087777057000039 ], [ -91.52349400099996, 14.088113152000062 ], [ -91.523100254999974, 14.088407907000033 ], [ -91.522224335999965, 14.089336974000048 ], [ -91.521522629999936, 14.090265974000033 ], [ -91.520162561999939, 14.092041751000068 ], [ -91.518236453999975, 14.093897653000056 ], [ -91.515829167999982, 14.096133611000027 ], [ -91.514431936999983, 14.096931752000046 ], [ -91.51189928299999, 14.098317204000068 ], [ -91.509934053999984, 14.099493714000062 ], [ -91.508840675999977, 14.10037956900004 ], [ -91.50809516399994, 14.101266446000068 ], [ -91.507478798999955, 14.102409476000048 ], [ -91.507035823999956, 14.103680127000075 ], [ -91.506233331999965, 14.106647918000021 ], [ -91.50493192, 14.112710783000068 ], [ -91.503918293999959, 14.118038730000023 ], [ -91.503728647999935, 14.118802490000064 ], [ -91.503451043999974, 14.11964931600005 ], [ -91.503053085999966, 14.12057674600004 ], [ -91.502262147999943, 14.121845215000064 ], [ -91.500842605999935, 14.123367382000026 ], [ -91.500447464999979, 14.123772810000048 ], [ -91.499696492999988, 14.12423816300003 ], [ -91.499176103999957, 14.124321920000057 ], [ -91.497625733999939, 14.124778886000058 ], [ -91.496963277999953, 14.125251563000063 ], [ -91.494162003999975, 14.127719803000048 ], [ -91.49116915799999, 14.12990884900006 ], [ -91.487491484999964, 14.132437030000062 ], [ -91.487114241999961, 14.132756673000074 ], [ -91.486735316999955, 14.133330532000059 ], [ -91.486538076999977, 14.133917961000066 ], [ -91.486406000999978, 14.134981482000057 ], [ -91.486422393999987, 14.137667328000077 ], [ -91.486525253999957, 14.144434870000055 ], [ -91.486521141999958, 14.145056282000041 ], [ -91.486457216999952, 14.146142830000031 ], [ -91.486317349999979, 14.146719319000056 ], [ -91.485763640999949, 14.147892040000045 ], [ -91.484893911999961, 14.150449136000077 ], [ -91.484591970999986, 14.151456217000032 ], [ -91.484358271999952, 14.152386897000042 ], [ -91.484114532999968, 14.153084757000045 ], [ -91.483906347999948, 14.153659683000058 ], [ -91.483698310999955, 14.154125011000076 ], [ -91.483306716999948, 14.154942835000043 ], [ -91.481998383999951, 14.156754808000073 ], [ -91.477244957999972, 14.161983163000059 ], [ -91.469985627999961, 14.167960358000073 ], [ -91.467254094999987, 14.170007201000033 ], [ -91.460981894999975, 14.176179069000057 ], [ -91.460660684999937, 14.176587151000035 ], [ -91.460050922999983, 14.177626105000058 ], [ -91.459556632999977, 14.178455645000042 ], [ -91.458290513999941, 14.180655271000035 ], [ -91.457963645999939, 14.181984155000066 ], [ -91.457480995999958, 14.184343606000027 ], [ -91.456852760999936, 14.186480663000054 ], [ -91.455814015999977, 14.188782291000052 ], [ -91.455336928999941, 14.189715875000047 ], [ -91.454949622999948, 14.190473778000069 ], [ -91.454292092999935, 14.191800518000036 ], [ -91.453692400999955, 14.193050800000037 ], [ -91.452968236999936, 14.194211016000054 ], [ -91.452532744999985, 14.194729070000051 ], [ -91.449341280999988, 14.19749353800006 ], [ -91.448643440999945, 14.198099145000072 ], [ -91.448299815999974, 14.198474292000071 ], [ -91.44787394399998, 14.199192383000025 ], [ -91.44765350299997, 14.19984514500004 ], [ -91.447523440999987, 14.200576454000043 ], [ -91.447488528999941, 14.202385139000057 ], [ -91.447597331999987, 14.203073931000063 ], [ -91.448023310999986, 14.204041596000025 ], [ -91.448361123999973, 14.204520590000072 ], [ -91.448756440999944, 14.20488922800007 ], [ -91.44925417799999, 14.205269829000031 ], [ -91.449843132999945, 14.205605825000077 ], [ -91.450331454999969, 14.20575361300007 ], [ -91.450989642999957, 14.205957859000023 ], [ -91.451886181999953, 14.206196415000022 ], [ -91.452381214999946, 14.206975835000037 ], [ -91.452284379999981, 14.207846334000067 ], [ -91.451996057999963, 14.20843313000006 ], [ -91.451548197999955, 14.209061824000059 ], [ -91.451010242999985, 14.209569041000066 ], [ -91.450278844999957, 14.210079520000022 ], [ -91.449560942999938, 14.210308750000024 ], [ -91.448421384999961, 14.21063354000006 ], [ -91.447567251999942, 14.210883347000049 ], [ -91.446746248999943, 14.211200029000054 ], [ -91.446287842999936, 14.211673851000057 ], [ -91.446046231999958, 14.212116318000028 ], [ -91.44582569499994, 14.212780374000033 ], [ -91.445693744999971, 14.213446136000073 ], [ -91.445363136999958, 14.215556826000068 ], [ -91.445356698999944, 14.21649909000007 ], [ -91.445432773999983, 14.216976384000077 ], [ -91.445757396999966, 14.217777306000073 ], [ -91.446352798999953, 14.218869234000067 ], [ -91.44812507499995, 14.222408174000066 ], [ -91.449444305999975, 14.224279879000051 ], [ -91.449745544999985, 14.224946192000061 ], [ -91.449847035999937, 14.225519692000034 ], [ -91.449900013999979, 14.226413757000046 ], [ -91.449893843999973, 14.22731873500004 ], [ -91.449874341999987, 14.228395368000065 ], [ -91.44982211599995, 14.229174635000049 ], [ -91.44967584599999, 14.229731837000031 ], [ -91.449314217999984, 14.23129547800005 ], [ -91.449002856999982, 14.232875263000039 ], [ -91.448621866999986, 14.234812760000068 ], [ -91.448288885999943, 14.237012693000054 ], [ -91.448043105999943, 14.238739783000028 ], [ -91.44793032299998, 14.240581852000048 ], [ -91.448220933999949, 14.24204239200003 ], [ -91.448584233999952, 14.242697811000028 ], [ -91.449014725999973, 14.243352540000046 ], [ -91.449809728999981, 14.244401696000068 ], [ -91.450106663999975, 14.245022787000039 ], [ -91.450404264999975, 14.245546715000046 ], [ -91.450766465999948, 14.246364827000036 ], [ -91.451044920999948, 14.247148498000058 ], [ -91.451222633999976, 14.248096476000057 ], [ -91.451266215999965, 14.249009686000022 ], [ -91.451260209999987, 14.249889809000024 ], [ -91.451172693999979, 14.250492587000053 ], [ -91.450932806999958, 14.251355371000045 ], [ -91.450525644999971, 14.252201254000056 ], [ -91.450001940999982, 14.252979714000048 ], [ -91.449495686999967, 14.253662248000069 ], [ -91.449156936999941, 14.254327793000073 ], [ -91.448902913999973, 14.254799552000065 ], [ -91.448731405999979, 14.255401782000035 ], [ -91.448716884999953, 14.256339470000057 ], [ -91.448963097999979, 14.257264167000073 ], [ -91.449294432999977, 14.257938587000069 ], [ -91.450017824999975, 14.259217773000046 ], [ -91.450529852999978, 14.260150976000034 ], [ -91.451256975999968, 14.261394027000051 ], [ -91.451934398999981, 14.262622064000027 ], [ -91.452395163999938, 14.263684866000062 ], [ -91.452738814999975, 14.264763852000044 ], [ -91.452935575999959, 14.265384294000057 ], [ -91.453131643999939, 14.266021677000026 ], [ -91.453345403999947, 14.266528113000049 ], [ -91.453991703999975, 14.267396650000023 ], [ -91.454525122999939, 14.267661107000038 ], [ -91.455444226999987, 14.267684014000054 ], [ -91.456181388999937, 14.267460557000049 ], [ -91.45698618299997, 14.267172005000077 ], [ -91.457505135999952, 14.267094015000055 ], [ -91.458090591999962, 14.267032270000072 ], [ -91.458826090999935, 14.26705284600007 ], [ -91.45942723099995, 14.267155033000051 ], [ -91.460061305999943, 14.267354596000075 ], [ -91.460793813999942, 14.267815793000068 ], [ -91.461389533999977, 14.268716753000035 ], [ -91.461485892999974, 14.269369306000044 ], [ -91.461498703999951, 14.269956918000048 ], [ -91.461494722999987, 14.27054329200007 ], [ -91.461356041999977, 14.27126099000003 ], [ -91.461034171999984, 14.271829492000052 ], [ -91.460543929999972, 14.272625137000034 ], [ -91.459985716999938, 14.273534460000064 ], [ -91.458453768999959, 14.275123307000058 ], [ -91.456836818999989, 14.276857342000028 ], [ -91.456297819999975, 14.277408610000066 ], [ -91.455658168999946, 14.278023628000028 ], [ -91.454730928999936, 14.279102278000039 ], [ -91.454444205999948, 14.279524115000072 ], [ -91.454155899999989, 14.280092823000075 ], [ -91.453968581999959, 14.280548070000066 ], [ -91.453781171999935, 14.281101614000022 ], [ -91.453727437999987, 14.281590495000046 ], [ -91.453707768999948, 14.282095414000025 ], [ -91.453884372999937, 14.283124733000022 ], [ -91.454047104999972, 14.283810484000071 ], [ -91.454508467999972, 14.284791937000023 ], [ -91.454704217999961, 14.285477903000071 ], [ -91.454700099999968, 14.286081222000064 ], [ -91.454645833999962, 14.28673279700007 ], [ -91.454540274999943, 14.287515105000068 ], [ -91.454312553999955, 14.28896549600006 ], [ -91.454222680999976, 14.289910603000067 ], [ -91.454212771999948, 14.291361278000068 ], [ -91.45436026699997, 14.291818700000022 ], [ -91.455041651999977, 14.29239483300006 ], [ -91.45559248699999, 14.292576926000038 ], [ -91.456143847999954, 14.292597452000052 ], [ -91.457281426999941, 14.292539300000044 ], [ -91.457967190999966, 14.292559564000044 ], [ -91.458752250999964, 14.29263018100005 ], [ -91.459520761999954, 14.292749273000027 ], [ -91.45998771699999, 14.292914997000025 ], [ -91.46040418399997, 14.293178689000058 ], [ -91.46081909899999, 14.293670605000045 ], [ -91.461283612999978, 14.294195605000027 ], [ -91.461848228999941, 14.294738202000076 ], [ -91.462514320999958, 14.295182022000063 ], [ -91.462996638999982, 14.295560255000055 ], [ -91.463411233999977, 14.296100747000025 ], [ -91.463707898999985, 14.296690192000028 ], [ -91.463903818999938, 14.29744168700006 ], [ -91.463917126999945, 14.297955859000069 ], [ -91.464060084999971, 14.298999647000073 ], [ -91.464106047999962, 14.29965300300006 ], [ -91.463968467999962, 14.300205747000064 ], [ -91.463595620999968, 14.30093774900007 ], [ -91.463089512999943, 14.301586408000048 ], [ -91.462516555999969, 14.30226740300003 ], [ -91.461706978999985, 14.303240626000047 ], [ -91.460948345999952, 14.304132825000067 ], [ -91.460425859999987, 14.304716969000026 ], [ -91.460004511999955, 14.30525205400005 ], [ -91.459665555999948, 14.305853204000073 ], [ -91.459392351999952, 14.306667194000056 ], [ -91.459404931999984, 14.307286437000073 ], [ -91.459903904999976, 14.307943860000023 ], [ -91.460123771999974, 14.308410787000071 ], [ -91.460158591999971, 14.309252756000035 ], [ -91.459840851999957, 14.309715071000028 ], [ -91.459443215999954, 14.309999477000076 ], [ -91.458669315999941, 14.310322119000034 ], [ -91.458201236999969, 14.310486302000072 ], [ -91.457672589999959, 14.310611677000054 ], [ -91.457164827999975, 14.310647925000069 ], [ -91.455600440999945, 14.310836620000032 ], [ -91.454634644999942, 14.311007729000039 ], [ -91.45316192699994, 14.311176667000041 ], [ -91.452308002999985, 14.311339455000052 ], [ -91.45118969899994, 14.311614633000033 ], [ -91.450010705999944, 14.311784333000048 ], [ -91.449389495999981, 14.312058226000033 ], [ -91.448868151999989, 14.312637826000071 ], [ -91.448600299999953, 14.313171630000056 ], [ -91.44835147799995, 14.313971072000072 ], [ -91.448185014999979, 14.314504405000037 ], [ -91.447977216999959, 14.315235194000024 ], [ -91.447770636999962, 14.315788602000055 ], [ -91.447574244999942, 14.31629236200007 ], [ -91.447142474999964, 14.317071398000053 ], [ -91.446875234999936, 14.317514813000059 ], [ -91.446260694999978, 14.318332198000064 ], [ -91.44552424599999, 14.319183808000048 ], [ -91.444708521999985, 14.31968351300003 ], [ -91.443986074999941, 14.319930738000039 ], [ -91.442907763999983, 14.320280704000027 ], [ -91.442042692999962, 14.320541675000072 ], [ -91.440781950999963, 14.320880266000074 ], [ -91.439937648999944, 14.321237403000055 ], [ -91.438353780999989, 14.321718477000047 ], [ -91.43751102799996, 14.32101356000004 ], [ -91.435582239999974, 14.320936460000041 ], [ -91.434980680999956, 14.320375483000078 ], [ -91.434523890999969, 14.316064365000045 ], [ -91.433784583999966, 14.314983879000067 ], [ -91.434020157999953, 14.313094067000065 ], [ -91.430086327999959, 14.287142652000057 ], [ -91.429418699999985, 14.284512483000071 ], [ -91.427969134999955, 14.282790068000054 ], [ -91.427214937999963, 14.28262012700003 ], [ -91.420621953999955, 14.284318703000054 ], [ -91.411738726999943, 14.289769824000075 ], [ -91.411060807999945, 14.289956242000073 ], [ -91.407715292999967, 14.290878424000027 ], [ -91.402589635999959, 14.294583820000071 ], [ -91.396278474999974, 14.297155787000065 ], [ -91.390282508999974, 14.301900104000026 ], [ -91.387146998999981, 14.304940682000051 ], [ -91.380971023999962, 14.309526456000071 ], [ -91.377685312999972, 14.310780747000024 ], [ -91.374917323999966, 14.31052909400006 ], [ -91.372310647999939, 14.309599490000039 ], [ -91.368592650999972, 14.310622468000076 ], [ -91.363540330999967, 14.316296678000072 ], [ -91.369616975999975, 14.331875671000034 ], [ -91.369938435999984, 14.333573733000037 ], [ -91.369206768999959, 14.334360704000062 ], [ -91.363685373999942, 14.334570122000059 ], [ -91.36197524399995, 14.329909153000074 ], [ -91.359658557999978, 14.324533337000048 ], [ -91.358116390999953, 14.320694884000034 ], [ -91.356558374999963, 14.318961151000053 ], [ -91.354006465999987, 14.31894348000003 ], [ -91.353413682999985, 14.319514444000049 ], [ -91.35211809399999, 14.320568606000052 ], [ -91.345424986999944, 14.323867418000077 ], [ -91.327491360999943, 14.334287270000061 ], [ -91.325514190999968, 14.335110500000042 ], [ -91.324248125999986, 14.33481346700006 ], [ -91.32473960599998, 14.331358645000023 ], [ -91.322138692999943, 14.328100033000055 ], [ -91.31901464799995, 14.325781068000026 ], [ -91.313062647999971, 14.321241173000033 ], [ -91.31231932899999, 14.320856283000069 ], [ -91.311000432999947, 14.321207308000055 ], [ -91.308786203999944, 14.323060213000076 ], [ -91.307597467999983, 14.32513506600003 ], [ -91.301962211999978, 14.328893153000024 ], [ -91.29894269, 14.332336563000069 ], [ -91.296981077999988, 14.334391117000052 ], [ -91.295639781999967, 14.334703473000047 ], [ -91.292867408999939, 14.33448244300007 ], [ -91.283903046999967, 14.331628378000062 ], [ -91.280903535999983, 14.331951249000042 ], [ -91.279986290999943, 14.332877791000044 ], [ -91.280353637999951, 14.335306067000033 ], [ -91.281526222999958, 14.338051992000032 ], [ -91.281119975999957, 14.340117655000029 ], [ -91.266092135999941, 14.337604148000025 ] ] ] ] } },
{ "type": "Feature", "properties": { "Codigo": 2209, "datos_finales_color_riesgo": "C4D2B0" }, "geometry": { "type": "MultiPolygon", "coordinates": [ [ [ [ -89.814352354999983, 14.172375601000056 ], [ -89.814306417999944, 14.171316281000031 ], [ -89.813165152999943, 14.170122757000058 ], [ -89.812224451999953, 14.167904796000073 ], [ -89.80955669299999, 14.16486248800004 ], [ -89.809694249999893, 14.16358665000007 ], [ -89.811023423999984, 14.163125774000036 ], [ -89.826397928999938, 14.161655938000024 ], [ -89.831952765999972, 14.161521719000064 ], [ -89.83261775699998, 14.161115142000028 ], [ -89.841676277999966, 14.160614975000044 ], [ -89.875800337999976, 14.157287503000077 ], [ -89.877669798999989, 14.15727911700003 ], [ -89.87889299599999, 14.158851583000057 ], [ -89.879622124999969, 14.159121812000024 ], [ -89.881956923999951, 14.157313443000078 ], [ -89.884332320999988, 14.156638843000053 ], [ -89.885149812999941, 14.15679168500003 ], [ -89.88730134399998, 14.158410035000031 ], [ -89.889195365999967, 14.156855479000058 ], [ -89.889991918999954, 14.156720199000063 ], [ -89.892243744999973, 14.158749553000064 ], [ -89.893298535999975, 14.158934792000025 ], [ -89.895240795999939, 14.158680012000048 ], [ -89.897795364999979, 14.157078616000035 ], [ -89.89889313399999, 14.156952846000024 ], [ -89.900631051999937, 14.157476486000064 ], [ -89.902662858999975, 14.159360692000064 ], [ -89.902170982999962, 14.160614046000035 ], [ -89.899950450999938, 14.163043806000076 ], [ -89.895920233999959, 14.16877319300005 ], [ -89.894867635999958, 14.17122816400007 ], [ -89.887973009999939, 14.178966647000038 ], [ -89.884372187999986, 14.184806277000064 ], [ -89.879598628999986, 14.188489292000042 ], [ -89.877888922999944, 14.189104738000026 ], [ -89.873120347999986, 14.188070639000046 ], [ -89.868519940999988, 14.190503877000026 ], [ -89.865763296999944, 14.190858332000062 ], [ -89.858312554999941, 14.188853085000062 ], [ -89.853609988999949, 14.188790182000048 ], [ -89.844847467999955, 14.189466056000072 ], [ -89.843202032999955, 14.190490676000024 ], [ -89.841916086999959, 14.192329310000048 ], [ -89.84039168299995, 14.193383720000043 ], [ -89.836242023999944, 14.194492581000077 ], [ -89.835077868999974, 14.19522100100005 ], [ -89.833713092999972, 14.197438903000034 ], [ -89.832233692999978, 14.198663146000058 ], [ -89.83056394099998, 14.199306957000033 ], [ -89.829192228999943, 14.200148847000037 ], [ -89.827257753999959, 14.199945984000067 ], [ -89.825538535999954, 14.198660162000067 ], [ -89.822836130999974, 14.19814910100007 ], [ -89.818208396999978, 14.20274455200007 ], [ -89.816565048999962, 14.203812990000074 ], [ -89.816525683999942, 14.203153314000076 ], [ -89.816645354999935, 14.202042023000047 ], [ -89.81751044799995, 14.200118966000048 ], [ -89.81841288399994, 14.188482906000047 ], [ -89.818097272999978, 14.180803627000046 ], [ -89.817631983999945, 14.177050196000039 ], [ -89.814352354999983, 14.172375601000056 ] ] ] ] } },
{ "type": "Feature", "properties": { "Codigo": 1332, "datos_finales_color_riesgo": "C4D2B0" }, "geometry": { "type": "MultiPolygon", "coordinates": [ [ [ [ -91.691611112999965, 15.589861112000051 ], [ -91.691736883999965, 15.589654679000034 ], [ -91.696583354999973, 15.581777798000076 ], [ -91.709333349999952, 15.568083364000074 ], [ -91.712296199999969, 15.567185522000045 ], [ -91.715750014999969, 15.566138846000058 ], [ -91.734055581999939, 15.556638861000067 ], [ -91.734936670999957, 15.55613670300005 ], [ -91.73508302, 15.556220031000066 ], [ -91.735375699999963, 15.556292889000076 ], [ -91.73566883699999, 15.556389480000064 ], [ -91.735851667999952, 15.556509160000076 ], [ -91.736021911999956, 15.556688654000027 ], [ -91.73624059499997, 15.556950914000026 ], [ -91.736434156999962, 15.557224311000027 ], [ -91.736592237999957, 15.557391304000078 ], [ -91.736872324999979, 15.557617761000074 ], [ -91.737067705999948, 15.557690058000048 ], [ -91.737520424999957, 15.557705084000077 ], [ -91.738143603999958, 15.557767409000064 ], [ -91.739670932999957, 15.558073300000046 ], [ -91.740342786999975, 15.558183353000061 ], [ -91.740745620999974, 15.55835174200007 ], [ -91.741013994999946, 15.558495640000046 ], [ -91.74154985399997, 15.558830875000069 ], [ -91.742049813999984, 15.559129759000029 ], [ -91.74230556599997, 15.559333459000072 ], [ -91.742487921999953, 15.559535620000077 ], [ -91.742572644999939, 15.559690898000042 ], [ -91.74274116, 15.560059067000054 ], [ -91.742911478999986, 15.560226126000032 ], [ -91.743167547999974, 15.560381243000052 ], [ -91.743448886999943, 15.560406589000024 ], [ -91.74359594699996, 15.560372394000069 ], [ -91.743939028999989, 15.560208255000077 ], [ -91.744221229999937, 15.560091231000058 ], [ -91.74458894299994, 15.559998418000077 ], [ -91.745286784999962, 15.559860029000049 ], [ -91.745654065999986, 15.559838398000068 ], [ -91.746033154999964, 15.559888001000047 ], [ -91.746289647999959, 15.559971959000052 ], [ -91.746765484999969, 15.560117021000053 ], [ -91.747217424999974, 15.560261956000033 ], [ -91.748169685999983, 15.560552097000027 ], [ -91.748817075999966, 15.560758015000033 ], [ -91.749133750999988, 15.560913479000021 ], [ -91.749279823999984, 15.561044242000037 ], [ -91.74942538199997, 15.561258611000028 ], [ -91.749607240999978, 15.561544371000025 ], [ -91.74974042599996, 15.561782392000055 ], [ -91.74987448, 15.56187807200007 ], [ -91.750033206999944, 15.561938848000068 ], [ -91.750338217999968, 15.561999335000053 ], [ -91.75060717599996, 15.562048316000073 ], [ -91.750704642999949, 15.562120046000075 ], [ -91.75080197599999, 15.562215508000065 ], [ -91.750874185999976, 15.562417038000035 ], [ -91.750946265999971, 15.562643410000078 ], [ -91.751054903999943, 15.562892610000063 ], [ -91.75116389599998, 15.563083038000059 ], [ -91.751322204999951, 15.563214989000073 ], [ -91.751516882999965, 15.563307624000061 ], [ -91.751969414999962, 15.563357643000074 ], [ -91.752323953999962, 15.563418408000075 ], [ -91.752812827999946, 15.563433598000074 ], [ -91.75376747599995, 15.563426580000055 ], [ -91.755051832999982, 15.563446265000039 ], [ -91.755283489999954, 15.563495029000023 ], [ -91.755417480999938, 15.563601997000035 ], [ -91.755478093999955, 15.563697240000067 ], [ -91.755549599999938, 15.564018526000041 ], [ -91.755572148999988, 15.564338417000045 ], [ -91.755654465999953, 15.564895900000067 ], [ -91.755763102999936, 15.565146209000034 ], [ -91.756383425999957, 15.565789220000056 ], [ -91.756748482999967, 15.566040986000075 ], [ -91.757017237999946, 15.566124982000076 ], [ -91.757567534999964, 15.566199264000034 ], [ -91.757835623999938, 15.566295696000054 ], [ -91.758103868999967, 15.566463297000041 ], [ -91.75828616299998, 15.566677866000077 ], [ -91.758394820999968, 15.566927055000065 ], [ -91.758552567999971, 15.567153908000023 ], [ -91.758783454999957, 15.567427517000056 ], [ -91.759343005999938, 15.567905211000038 ], [ -91.76020701799996, 15.56863319200005 ], [ -91.760693995999986, 15.569063018000065 ], [ -91.760950014999935, 15.569230556000036 ], [ -91.761255548999941, 15.56930346300004 ], [ -91.76157296699995, 15.569340272000034 ], [ -91.76180484799994, 15.569448908000027 ], [ -91.762048559999982, 15.569627667000077 ], [ -91.76271776599998, 15.570189586000026 ], [ -91.763936311999942, 15.571183941000072 ], [ -91.764276184999972, 15.571460397000067 ], [ -91.764580524999985, 15.571735543000045 ], [ -91.764702624999984, 15.571783683000035 ], [ -91.76493501899995, 15.571808710000028 ], [ -91.765362876999973, 15.57179867900004 ], [ -91.765986830999964, 15.571838331000038 ], [ -91.766231182999945, 15.571910888000048 ], [ -91.766498933999969, 15.572066045000042 ], [ -91.766766987999972, 15.572269797000047 ], [ -91.767181189999974, 15.572591872000032 ], [ -91.768607530999986, 15.573441605000028 ], [ -91.768984732999968, 15.573716023000031 ], [ -91.769166761999941, 15.573978029000045 ], [ -91.770062357999961, 15.575678976000063 ], [ -91.770486190999975, 15.576345706000041 ], [ -91.770668778999948, 15.57651282300003 ], [ -91.770839849999959, 15.576561234000053 ], [ -91.77140247899996, 15.576528221000046 ], [ -91.771757201999947, 15.576566354000022 ], [ -91.771928121999963, 15.576638486000036 ], [ -91.772000847999948, 15.576757525000062 ], [ -91.772024559999977, 15.576887592000048 ], [ -91.772096298999941, 15.577172722000057 ], [ -91.772215736999954, 15.577671662000057 ], [ -91.772420415999989, 15.578242255000077 ], [ -91.772541609999962, 15.578444062000074 ], [ -91.772723778999989, 15.578587434000042 ], [ -91.772955973999956, 15.578647485000033 ], [ -91.773115077999989, 15.578648372000032 ], [ -91.773274397999955, 15.578614236000021 ], [ -91.77343413899996, 15.578507786000046 ], [ -91.773692498999935, 15.57828438100006 ], [ -91.773912848999942, 15.578179397000042 ], [ -91.774096508999946, 15.578167999000073 ], [ -91.774279823999962, 15.578216466000072 ], [ -91.774487388999944, 15.578301239000041 ], [ -91.774744067999961, 15.578361416000064 ], [ -91.774988280999935, 15.578457695000054 ], [ -91.77524402399996, 15.578577751000068 ], [ -91.77542712199994, 15.578661250000039 ], [ -91.77583032299998, 15.578779868000026 ], [ -91.776196877999951, 15.578888109000047 ], [ -91.77630658299995, 15.578963303000023 ], [ -91.77640314599995, 15.579093774000057 ], [ -91.77642661699997, 15.579263372000071 ], [ -91.77642472499997, 15.579583126000045 ], [ -91.776348438999946, 15.580163455000047 ], [ -91.776346258999979, 15.580531782000037 ], [ -91.776417562999939, 15.580793186000051 ], [ -91.776539109999987, 15.580936218000033 ], [ -91.776685290999978, 15.581055664000075 ], [ -91.77690503499997, 15.581151795000039 ], [ -91.777381385999945, 15.581319402000076 ], [ -91.777746935999971, 15.581499962000066 ], [ -91.777941916999964, 15.581643401000065 ], [ -91.778087808999942, 15.581810308000058 ], [ -91.778172229999939, 15.582024320000073 ], [ -91.778207403999943, 15.582285523000053 ], [ -91.778302588999964, 15.582748172000038 ], [ -91.77840979299998, 15.583247042000039 ], [ -91.778450691999979, 15.583400852000068 ], [ -91.778529526999989, 15.583697387000029 ], [ -91.778843902999938, 15.584352203000037 ], [ -91.779182319999961, 15.584982290000028 ], [ -91.779547047999984, 15.585398979000047 ], [ -91.779973474999963, 15.585733531000074 ], [ -91.780375404999972, 15.585973025000044 ], [ -91.78083918499999, 15.586200451000025 ], [ -91.781180778999953, 15.586392155000055 ], [ -91.781533940999964, 15.586596363000069 ], [ -91.782492207999951, 15.587085254000044 ], [ -91.78211608, 15.58751251800004 ], [ -91.781869388999951, 15.587830907000068 ], [ -91.781757977999973, 15.588043834000075 ], [ -91.78171950899997, 15.588340782000046 ], [ -91.781754553999974, 15.588624578000065 ], [ -91.781826868999985, 15.588814799000033 ], [ -91.781911846999947, 15.588933903000054 ], [ -91.782485164999969, 15.589269263000062 ], [ -91.782667555999979, 15.589377605000038 ], [ -91.783021240999972, 15.589593115000071 ], [ -91.783350393999967, 15.589819772000055 ], [ -91.783642756999939, 15.590058674000034 ], [ -91.783812509999962, 15.590331904000038 ], [ -91.783859778999954, 15.590521996000064 ], [ -91.783881945999951, 15.590914181000073 ], [ -91.783821142999955, 15.593024448000051 ], [ -91.783744007999985, 15.593652230000032 ], [ -91.783605947999945, 15.594232220000038 ], [ -91.783433108999986, 15.594480970000063 ], [ -91.783248394999987, 15.594668631000047 ], [ -91.78284307499996, 15.594903663000025 ], [ -91.782549330999984, 15.594996947000027 ], [ -91.78202231099999, 15.59511266100003 ], [ -91.781629847999966, 15.595241560000034 ], [ -91.781323071999964, 15.595369794000078 ], [ -91.781114595999952, 15.595534727000029 ], [ -91.780978823999988, 15.595723785000075 ], [ -91.78090440699998, 15.595889470000031 ], [ -91.780829641999958, 15.596113900000034 ], [ -91.78081326399996, 15.596814334000044 ], [ -91.780784591999975, 15.597524863000046 ], [ -91.780781575999981, 15.598035542000048 ], [ -91.780754922999961, 15.598402614000065 ], [ -91.78066770099997, 15.598663128000055 ], [ -91.780581318999964, 15.598781282000061 ], [ -91.780279132999965, 15.598921971000038 ], [ -91.780090625999946, 15.598961604000067 ], [ -91.77982155899997, 15.599019988000066 ], [ -91.779490168999985, 15.599171805000026 ], [ -91.779318094999951, 15.599289492000025 ], [ -91.778911488999938, 15.599738052000077 ], [ -91.778800274999981, 15.59991595300005 ], [ -91.77871406, 15.600104165000062 ], [ -91.778688096999986, 15.600353727000027 ], [ -91.778661514999953, 15.600709488000064 ], [ -91.7785967, 15.601319258000046 ], [ -91.778508490999968, 15.601745854000058 ], [ -91.778446301999963, 15.601911597000026 ], [ -91.778359569999964, 15.602088513000069 ], [ -91.778186940999944, 15.602301097000066 ], [ -91.777571183999953, 15.602927018000059 ], [ -91.777103958999987, 15.603374099000064 ], [ -91.77691893399998, 15.60361034400006 ], [ -91.776795265999965, 15.603823199000033 ], [ -91.776744615999974, 15.604107647000035 ], [ -91.776616867999962, 15.605008571000042 ], [ -91.776500514999952, 15.606050795000044 ], [ -91.77637206199995, 15.607070349000026 ], [ -91.776076862999957, 15.609469683000043 ], [ -91.776112384999976, 15.609672133000061 ], [ -91.77613624199995, 15.609778467000069 ], [ -91.77628163199995, 15.609932944000036 ], [ -91.776440273999981, 15.610017436000078 ], [ -91.776586885999961, 15.610065698000028 ], [ -91.776819398999976, 15.610078294000061 ], [ -91.777223209999988, 15.610104275000026 ], [ -91.777577482999959, 15.61012996900007 ], [ -91.77769946799998, 15.610201826000036 ], [ -91.777784591999989, 15.610297219000074 ], [ -91.777820469999938, 15.610439783000061 ], [ -91.777806756999951, 15.610689403000038 ], [ -91.777780722999978, 15.61095025700007 ], [ -91.777705037999965, 15.61132834600005 ], [ -91.777654807999966, 15.611541610000074 ], [ -91.777555049999989, 15.611849516000063 ], [ -91.777468576999979, 15.611980090000031 ], [ -91.777321363999988, 15.612132946000031 ], [ -91.777148797999985, 15.612333097000032 ], [ -91.777025050999953, 15.612558372000024 ], [ -91.776949982999952, 15.612830263000035 ], [ -91.776862101999939, 15.613198111000031 ], [ -91.776749619999975, 15.613588417000074 ], [ -91.776649932999987, 15.613883884000074 ], [ -91.776563045999978, 15.61408565000005 ], [ -91.776402779999955, 15.61427457800005 ], [ -91.776144750999947, 15.614534138000067 ], [ -91.775676630999953, 15.615028662000043 ], [ -91.774678755999958, 15.61618573800007 ], [ -91.774344993999989, 15.616729603000067 ], [ -91.774269988999947, 15.616990190000024 ], [ -91.774218002999987, 15.617499464000048 ], [ -91.774216733999936, 15.617712999000048 ], [ -91.774274705999972, 15.618158494000056 ], [ -91.774307987999975, 15.61858118300006 ], [ -91.774131125999986, 15.618416960000047 ], [ -91.773969909999948, 15.618380452000054 ], [ -91.773777227999972, 15.618462699000077 ], [ -91.773520575999953, 15.61861396200004 ], [ -91.773220956999978, 15.618811605000076 ], [ -91.773109917999989, 15.61885348800007 ], [ -91.77296123299999, 15.618760740000027 ], [ -91.772824503999971, 15.618518149000067 ], [ -91.772764314999961, 15.618156541000076 ], [ -91.772672737999983, 15.617926169000043 ], [ -91.772677635999969, 15.617676515000028 ], [ -91.772773110999935, 15.617494983000029 ], [ -91.772810629999981, 15.617313787000057 ], [ -91.772795825999935, 15.617001841000047 ], [ -91.772672282999963, 15.616809097000043 ], [ -91.772686884999985, 15.616655839000032 ], [ -91.772547393999957, 15.616397939000024 ], [ -91.772410780999962, 15.616174068000078 ], [ -91.772266096999942, 15.615984162000075 ], [ -91.772111761999952, 15.615720234000037 ], [ -91.772083540999972, 15.615320996000037 ], [ -91.772117112999979, 15.615004061000036 ], [ -91.772125806999952, 15.614865185000042 ], [ -91.772105218999968, 15.614659364000033 ], [ -91.77186588699999, 15.614486012000043 ], [ -91.771497885999963, 15.614332126000022 ], [ -91.771265763999963, 15.614283545000035 ], [ -91.770673271999954, 15.614274493000039 ], [ -91.770299793999982, 15.614276654000037 ], [ -91.769944786999986, 15.614141413000027 ], [ -91.769719219999956, 15.614111513000068 ], [ -91.769236555999953, 15.613956307000024 ], [ -91.768995408999956, 15.613691333000077 ], [ -91.768755773999942, 15.613468055000055 ], [ -91.768457610999974, 15.613151504000029 ], [ -91.768191951999938, 15.612884690000044 ], [ -91.76788800199995, 15.612674263000031 ], [ -91.767623609999987, 15.612613383000053 ], [ -91.767128017999937, 15.612653687000034 ], [ -91.766632348999963, 15.612681508000037 ], [ -91.76636216899999, 15.612726751000025 ], [ -91.76610567099999, 15.612902968000071 ], [ -91.76589447799995, 15.613116367000032 ], [ -91.765901797999959, 15.613259860000028 ], [ -91.765818359999969, 15.613478315000066 ], [ -91.765697387999978, 15.613529386000039 ], [ -91.765472165999938, 15.613555646000066 ], [ -91.76531724099999, 15.613494133000074 ], [ -91.765064121999956, 15.613203750000025 ], [ -91.76502540599995, 15.613158818000045 ], [ -91.765024487999938, 15.613009048000038 ], [ -91.765135326999939, 15.612753056000031 ], [ -91.765234457999952, 15.612595956000064 ], [ -91.765310235999948, 15.612352133000059 ], [ -91.765230974999952, 15.612028076000058 ], [ -91.765190808999989, 15.611778681000033 ], [ -91.765054436999947, 15.611592248000022 ], [ -91.764898556999981, 15.61137472200005 ], [ -91.764658086999987, 15.611014148000038 ], [ -91.764413243999968, 15.610990596000022 ], [ -91.764162458999976, 15.611048205000031 ], [ -91.76397001, 15.611167885000043 ], [ -91.763836123999965, 15.611387079000053 ], [ -91.763702659999979, 15.611674916000027 ], [ -91.763408365999965, 15.611988642000028 ], [ -91.763183488999971, 15.612071064000077 ], [ -91.763034583999968, 15.611940866000054 ], [ -91.762859273999936, 15.611704730000042 ], [ -91.762664147999942, 15.611387578000063 ], [ -91.76249543099999, 15.611176365000063 ], [ -91.762282401999983, 15.611090220000051 ], [ -91.76192813099999, 15.61107353400007 ], [ -91.761535338999977, 15.611075790000029 ], [ -91.761355803999948, 15.611201634000054 ], [ -91.761041807999959, 15.611453064000045 ], [ -91.760789580999983, 15.611456717000067 ], [ -91.76069774299998, 15.611335492000023 ], [ -91.76069180199994, 15.611080633000029 ], [ -91.760400321999953, 15.610801476000063 ], [ -91.760135208999941, 15.610622018000072 ], [ -91.759935479999967, 15.610604441000078 ], [ -91.759839767999949, 15.610748526000066 ], [ -91.759822088999954, 15.61101697600003 ], [ -91.759825898999964, 15.611302052000042 ], [ -91.75970377499999, 15.611589405000075 ], [ -91.759491896999975, 15.611780231000068 ], [ -91.759254598999973, 15.611937608000062 ], [ -91.758939303999966, 15.611976859000038 ], [ -91.75857207599995, 15.611947760000078 ], [ -91.758191589999967, 15.611856330000023 ], [ -91.757830307999939, 15.61174606700007 ], [ -91.757340087999978, 15.611611579000055 ], [ -91.756972709999957, 15.611557516000062 ], [ -91.75658597499995, 15.611497322000048 ], [ -91.75633457899994, 15.611455075000038 ], [ -91.755922694999981, 15.611494875000062 ], [ -91.755723496999963, 15.611564661000045 ], [ -91.755507177999959, 15.611742253000045 ], [ -91.755229421999957, 15.611854556000026 ], [ -91.754972306999946, 15.611930913000037 ], [ -91.754605535999985, 15.611976693000031 ], [ -91.754328343999987, 15.611928351000074 ], [ -91.754037704999973, 15.611786475000031 ], [ -91.753509344999941, 15.611733324000056 ], [ -91.753013446999944, 15.611723673000029 ], [ -91.752672355999948, 15.611756822000075 ], [ -91.752022709999949, 15.611879099000078 ], [ -91.751533629999983, 15.611931812000023 ], [ -91.751296019999984, 15.612039257000049 ], [ -91.751032313999985, 15.612090684000066 ], [ -91.750729742999965, 15.612104889000022 ], [ -91.750503725999977, 15.612000084000044 ], [ -91.750315738999973, 15.611795212000061 ], [ -91.750050026999986, 15.611515894000036 ], [ -91.749785374999988, 15.611411308000072 ], [ -91.749514699999963, 15.611375404000057 ], [ -91.749264361999963, 15.611507881000023 ], [ -91.749046711999938, 15.611721303000024 ], [ -91.748958224999967, 15.611996396000052 ], [ -91.748992310999938, 15.612308237000036 ], [ -91.749077627999952, 15.61241760200005 ], [ -91.749154388999955, 15.612488295000048 ], [ -91.749161545999982, 15.612606827000036 ], [ -91.749106093999956, 15.612755364000066 ], [ -91.749046885999974, 15.612813422000045 ], [ -91.74882817699995, 15.612852110000063 ], [ -91.748454734999939, 15.612860473000069 ], [ -91.747900803999983, 15.612838659000033 ], [ -91.74761080899998, 15.612802862000024 ], [ -91.747043546999976, 15.61270623200005 ], [ -91.746708589999969, 15.612689412000066 ], [ -91.746179393999967, 15.612734548000049 ], [ -91.745813866999981, 15.61275065500007 ], [ -91.74546897099998, 15.612679251000031 ], [ -91.745013471999982, 15.612436918000071 ], [ -91.744671887999971, 15.612388929000076 ], [ -91.744098715999939, 15.612379695000072 ], [ -91.743506412999977, 15.612401771000066 ], [ -91.743203991999962, 15.612440927000023 ], [ -91.74290812199996, 15.612498767000034 ], [ -91.742566012999987, 15.612363408000022 ], [ -91.742327682999985, 15.612352275000035 ], [ -91.742012344999978, 15.612385261000043 ], [ -91.741761663999966, 15.612461568000072 ], [ -91.741504729999974, 15.612569112000074 ], [ -91.741261200999986, 15.612763950000044 ], [ -91.741050541999982, 15.613070935000053 ], [ -91.740866145999973, 15.613259251000045 ], [ -91.740743143999964, 15.613353503000042 ], [ -91.740511365999964, 15.613361053000062 ], [ -91.740340979999985, 15.613320634000047 ], [ -91.740150049999954, 15.613244520000023 ], [ -91.739808502999949, 15.61320276400005 ], [ -91.739583838999977, 15.613322605000064 ], [ -91.739135484999963, 15.613724540000078 ], [ -91.73873774399999, 15.613976412000056 ], [ -91.738319821999937, 15.614084861000038 ], [ -91.737849710999967, 15.614081270000042 ], [ -91.737360019999983, 15.614034104000041 ], [ -91.737037790999977, 15.613992235000069 ], [ -91.736832216999971, 15.614074522000067 ], [ -91.736743524999952, 15.614318408000031 ], [ -91.73666789899994, 15.614593426000056 ], [ -91.73657280399999, 15.614843590000078 ], [ -91.736419082999987, 15.614981751000073 ], [ -91.736226424999984, 15.615070205000052 ], [ -91.735788844999945, 15.61512259400007 ], [ -91.735427975999983, 15.615080940000041 ], [ -91.735073584999952, 15.615045489000067 ], [ -91.735000384999978, 15.615113074000021 ], [ -91.734766660999981, 15.615409176000071 ], [ -91.73444864399994, 15.615761629000076 ], [ -91.734029375999967, 15.615956263000044 ], [ -91.733586063999951, 15.616127252000069 ], [ -91.733186930999977, 15.616148216000056 ], [ -91.732883977999961, 15.616099992000045 ], [ -91.732522474999939, 15.615952244000027 ], [ -91.73226370399999, 15.615753993000055 ], [ -91.732024661999958, 15.615624279000031 ], [ -91.731793215999971, 15.615687984000033 ], [ -91.731400558999951, 15.615715150000028 ], [ -91.731013895999979, 15.615667392000034 ], [ -91.73076830299999, 15.615518991000044 ], [ -91.730464607999977, 15.61534595300003 ], [ -91.730264725999973, 15.615303388000029 ], [ -91.729987606999941, 15.615267496000058 ], [ -91.729761854999936, 15.61520635200003 ], [ -91.72949757899994, 15.61516414700003 ], [ -91.729245994999985, 15.615090667000061 ], [ -91.72870329899996, 15.614794149000033 ], [ -91.728315819999978, 15.614609095000048 ], [ -91.727941851999958, 15.614530057000024 ], [ -91.727574842999957, 15.614538349000043 ], [ -91.727105434999942, 15.614653306000037 ], [ -91.726699899999971, 15.614680534000058 ], [ -91.726204176999943, 15.614702025000042 ], [ -91.725779657999965, 15.614785524000069 ], [ -91.725368498999956, 15.61495007700006 ], [ -91.725150818999964, 15.615163477000067 ], [ -91.724658095999985, 15.615690447000077 ], [ -91.72432583799997, 15.616129151000052 ], [ -91.724018151999985, 15.616368014000045 ], [ -91.723632671999951, 15.616519940000046 ], [ -91.723227206999979, 15.616559644000063 ], [ -91.72300771, 15.616467255000032 ], [ -91.722743712999943, 15.616332957000054 ], [ -91.722619342999963, 15.616132418000063 ], [ -91.722270058999982, 15.615872251000042 ], [ -91.721876031999955, 15.615668500000027 ], [ -91.721494958999983, 15.615477157000043 ], [ -91.721108000999948, 15.615379457000074 ], [ -91.720811785999956, 15.615381104000051 ], [ -91.720348440999942, 15.615433605000078 ], [ -91.719988237999985, 15.615504255000076 ], [ -91.719511902999955, 15.615538104000052 ], [ -91.719041933999961, 15.615559436000069 ], [ -91.718680881999944, 15.61548655100006 ], [ -91.718403431999945, 15.615394479000031 ], [ -91.717868919999944, 15.615391204000048 ], [ -91.717558942999972, 15.615243144000033 ], [ -91.71722295, 15.61505154300005 ], [ -91.716958490999957, 15.614978120000046 ], [ -91.716546108999978, 15.61493672000006 ], [ -91.716262846999939, 15.614950770000064 ], [ -91.715986686999941, 15.61507711400003 ], [ -91.715735988999938, 15.615153392000025 ], [ -91.715240740999946, 15.615255985000033 ], [ -91.714816691999943, 15.615420590000042 ], [ -91.714419245999977, 15.615728586000046 ], [ -91.714034750999986, 15.616048990000024 ], [ -91.713662031999945, 15.616182106000053 ], [ -91.71314635899995, 15.616097585000034 ], [ -91.71238539899997, 15.615914565000026 ], [ -91.711811294999961, 15.615749233000031 ], [ -91.71126254699999, 15.615515112000026 ], [ -91.71097763399996, 15.615248330000043 ], [ -91.710745179999947, 15.614986799000064 ], [ -91.710614642999985, 15.614844682000069 ], [ -91.710347878999983, 15.614378095000063 ], [ -91.710177963999968, 15.613954659000058 ], [ -91.710091991999946, 15.613507947000073 ], [ -91.709946067999965, 15.612845081000046 ], [ -91.709710224999981, 15.612159896000037 ], [ -91.709430257999941, 15.611637214000041 ], [ -91.709273701999962, 15.611294833000045 ], [ -91.70912501, 15.611071689000028 ], [ -91.708884671999954, 15.610841399000037 ], [ -91.708748275999938, 15.610642445000053 ], [ -91.708734118999985, 15.610424422000051 ], [ -91.708733385999949, 15.610299285000053 ], [ -91.708667822999985, 15.610099941000044 ], [ -91.708499048999954, 15.609869961000072 ], [ -91.708319474999939, 15.609567178000077 ], [ -91.708037509999897, 15.609129848000066 ], [ -91.707843582999942, 15.608841443000074 ], [ -91.707667037999954, 15.608545252000056 ], [ -91.70765837, 15.608164613000042 ], [ -91.70769583699996, 15.607964702000061 ], [ -91.707841882999958, 15.607826886000055 ], [ -91.707900796999979, 15.60777635200003 ], [ -91.707815807999964, 15.607558392000044 ], [ -91.70766028099996, 15.607390747000068 ], [ -91.707511594999971, 15.607291711000073 ], [ -91.707291747999989, 15.607136900000057 ], [ -91.707038756999964, 15.606820011000025 ], [ -91.706670042999974, 15.606534960000033 ], [ -91.706392140999981, 15.606184505000044 ], [ -91.706105784999977, 15.605845333000048 ], [ -91.706103632999941, 15.605477138000026 ], [ -91.706082272999936, 15.60512777200006 ], [ -91.705906409999955, 15.604785495000044 ], [ -91.705704170999979, 15.604337269000041 ], [ -91.705670371999986, 15.604062860000056 ], [ -91.70558575199999, 15.603907304000074 ], [ -91.705404107999982, 15.603677392000066 ], [ -91.705222208999942, 15.603403796000066 ], [ -91.705207618999964, 15.603110560000061 ], [ -91.705257564999954, 15.602841932000047 ], [ -91.705371463999938, 15.602498064000031 ], [ -91.705452224999988, 15.602238438000029 ], [ -91.705433777999986, 15.602141998000036 ], [ -91.70532951399997, 15.601930383000024 ], [ -91.705095558999972, 15.601563460000023 ], [ -91.704836429999943, 15.601371933000053 ], [ -91.704649442999937, 15.601253867000025 ], [ -91.704628741999954, 15.601016830000049 ], [ -91.704671665999967, 15.600648389000071 ], [ -91.704735182999968, 15.600498263000077 ], [ -91.705041924999989, 15.600097171000073 ], [ -91.705163281999944, 15.599928005000038 ], [ -91.705163286999948, 15.599768167000036 ], [ -91.70512311799996, 15.599666112000023 ], [ -91.704993875999946, 15.599611690000074 ], [ -91.704813244999968, 15.599530513000047 ], [ -91.70469632399994, 15.599356412000077 ], [ -91.704608041999961, 15.59917445800005 ], [ -91.704591916999959, 15.599119835000067 ], [ -91.704453970999964, 15.599121005000029 ], [ -91.704276516999983, 15.599140286000022 ], [ -91.704102481999939, 15.599110035000024 ], [ -91.703931068999964, 15.599001041000065 ], [ -91.703868858999954, 15.598799275000033 ], [ -91.703732475999971, 15.598600317000034 ], [ -91.703545273999964, 15.598520212000039 ], [ -91.703255156999944, 15.598459392000052 ], [ -91.702977584999985, 15.59834802000006 ], [ -91.702700024999956, 15.598225281000055 ], [ -91.702602059999947, 15.597988666000049 ], [ -91.702607117999946, 15.597751489000075 ], [ -91.702708649999977, 15.597495061000075 ], [ -91.702725967999982, 15.597151723000025 ], [ -91.70267871499999, 15.596777535000058 ], [ -91.702644375999967, 15.596409516000051 ], [ -91.702726591999976, 15.596153194000067 ], [ -91.70271024499999, 15.595997880000027 ], [ -91.702608874999953, 15.595841798000038 ], [ -91.702434152999956, 15.595692975000077 ], [ -91.702266778999956, 15.595700131000058 ], [ -91.701901505999956, 15.596001686000022 ], [ -91.701317708999966, 15.596373084000049 ], [ -91.700611969999954, 15.59681379400007 ], [ -91.700393227999939, 15.596846193000033 ], [ -91.699818676999939, 15.59659345700004 ], [ -91.699398117999976, 15.596246267000026 ], [ -91.699216415999956, 15.596003868000025 ], [ -91.699169495999968, 15.595685843000069 ], [ -91.699177400999986, 15.595345505000068 ], [ -91.699198102999958, 15.595067848000042 ], [ -91.699139138999954, 15.594893427000045 ], [ -91.698835715999962, 15.594757784000024 ], [ -91.698584381999979, 15.594721710000044 ], [ -91.697798697999986, 15.594701029000078 ], [ -91.697482614999956, 15.594602897000073 ], [ -91.697321679999959, 15.594610014000068 ], [ -91.697122870999976, 15.594748394000078 ], [ -91.696936360999985, 15.594786855000052 ], [ -91.696678625999937, 15.59475705400007 ], [ -91.696433080999952, 15.594608611000069 ], [ -91.696315738999942, 15.594605523000041 ], [ -91.69614988, 15.594628874000023 ], [ -91.695891530999972, 15.594492982000077 ], [ -91.695761741999945, 15.594318945000055 ], [ -91.695780010999954, 15.594137862000025 ], [ -91.695843672999956, 15.59391800800006 ], [ -91.695861873999945, 15.593819136000036 ], [ -91.69579618399996, 15.593594825000025 ], [ -91.695582583999965, 15.593402522000076 ], [ -91.695388912999988, 15.593316203000029 ], [ -91.694898912999975, 15.593206532000067 ], [ -91.694280136999964, 15.593097560000047 ], [ -91.69387431499996, 15.592988916000024 ], [ -91.693725496999946, 15.592944550000027 ], [ -91.693531683999936, 15.592833268000049 ], [ -91.693324632999975, 15.59265965000003 ], [ -91.693207761999986, 15.592491782000025 ], [ -91.693206160999978, 15.592350163000049 ], [ -91.693212613999947, 15.592217160000075 ], [ -91.69324340199995, 15.591973602000053 ], [ -91.693165667999949, 15.591892892000033 ], [ -91.692985381999961, 15.591893871000025 ], [ -91.69266939399995, 15.591953284000056 ], [ -91.692515782999976, 15.591971308000041 ], [ -91.692283914999962, 15.59196008400005 ], [ -91.692173482999976, 15.591792180000027 ], [ -91.692243228999985, 15.591604578000045 ], [ -91.692480202999946, 15.591384864000077 ], [ -91.692820665999989, 15.591245720000074 ], [ -91.69301933, 15.591082381000035 ], [ -91.69304367899997, 15.590838858000041 ], [ -91.693035689999988, 15.590570546000038 ], [ -91.692939237999951, 15.590442176000067 ], [ -91.692763101999958, 15.590197576000037 ], [ -91.692523607999988, 15.589980447000073 ], [ -91.69231033799997, 15.589844305000042 ], [ -91.69203980399999, 15.589827049000064 ], [ -91.691611112999965, 15.589861112000051 ] ] ] ] } },
{ "type": "Feature", "properties": { "Codigo": 301, "datos_finales_color_riesgo": "C4D2B0" }, "geometry": { "type": "MultiPolygon", "coordinates": [ [ [ [ -90.687382535999973, 14.583849674000078 ], [ -90.688366566999946, 14.580788617000053 ], [ -90.688075739999988, 14.575652680000076 ], [ -90.688719465999952, 14.573971745000051 ], [ -90.691473236999968, 14.570104833000073 ], [ -90.694260739999947, 14.56649684100006 ], [ -90.694963218999987, 14.565068311000061 ], [ -90.695772599999941, 14.562780235000048 ], [ -90.696605685999941, 14.560552245000054 ], [ -90.696704515999954, 14.558125021000023 ], [ -90.699479272999952, 14.555833679000045 ], [ -90.70204814899995, 14.554327464000039 ], [ -90.702838744999951, 14.553226160000065 ], [ -90.703347992999966, 14.552140160000022 ], [ -90.704064950999964, 14.551038125000048 ], [ -90.704066731999944, 14.549408420000077 ], [ -90.703582108999967, 14.548506921000069 ], [ -90.70260744899997, 14.547732754000037 ], [ -90.701811324999937, 14.547689927000022 ], [ -90.696257879999962, 14.544513685000027 ], [ -90.692075145999979, 14.540548976000025 ], [ -90.690543852999951, 14.537728473000072 ], [ -90.69006766199999, 14.537584862000074 ], [ -90.689829502999942, 14.535734828000045 ], [ -90.689298046999966, 14.535108421000075 ], [ -90.688210499999968, 14.525297972000033 ], [ -90.688801052999963, 14.524920933000033 ], [ -90.691189978999944, 14.516982258000041 ], [ -90.693794129999958, 14.514042091000022 ], [ -90.697003945999938, 14.511885988000074 ], [ -90.701086839999959, 14.510833908000052 ], [ -90.709429956999941, 14.510584603000041 ], [ -90.71411909599999, 14.511001914000076 ], [ -90.71452117199999, 14.510626351000042 ], [ -90.720008990999986, 14.509921913000028 ], [ -90.724984855999935, 14.509795159000078 ], [ -90.72835235299999, 14.508004905000064 ], [ -90.728694275999942, 14.503179944000067 ], [ -90.728167214999985, 14.497511932000066 ], [ -90.72875583299998, 14.494581132000064 ], [ -90.731805983999948, 14.48897591900004 ], [ -90.732597459999965, 14.48877348700006 ], [ -90.733097161999979, 14.487339422000048 ], [ -90.737798621999957, 14.482790225000031 ], [ -90.739123669999969, 14.480491035000057 ], [ -90.740386281999974, 14.475826205000033 ], [ -90.74318915799995, 14.471059812000021 ], [ -90.743565758999978, 14.470726855000066 ], [ -90.743782973999942, 14.470050149000031 ], [ -90.74426824599999, 14.468540233000056 ], [ -90.74487359599999, 14.467419992000032 ], [ -90.745844730999977, 14.46652010400004 ], [ -90.746763576999967, 14.461839491000035 ], [ -90.747250804999965, 14.46783242500004 ], [ -90.748169496999935, 14.478107796000074 ], [ -90.748643938999976, 14.488124785000025 ], [ -90.751654653999935, 14.52427636300007 ], [ -90.751514179999958, 14.528881977000026 ], [ -90.752148198999976, 14.529875185000037 ], [ -90.753531682999949, 14.540572906000023 ], [ -90.75582196199997, 14.542036026000062 ], [ -90.761893141999963, 14.542663377000054 ], [ -90.76463060399999, 14.54388560700005 ], [ -90.767180198999938, 14.546382288000075 ], [ -90.769950573999949, 14.551378256000078 ], [ -90.779456418999985, 14.563392259000068 ], [ -90.785386861999939, 14.56901219100007 ], [ -90.78130953799996, 14.571095764000063 ], [ -90.777440387999945, 14.57114709800004 ], [ -90.775068052999984, 14.569323060000045 ], [ -90.773263578999945, 14.568693717000031 ], [ -90.768845705999979, 14.56514128200007 ], [ -90.763549326999964, 14.565984065000066 ], [ -90.758367138999972, 14.565164161000041 ], [ -90.757738245999974, 14.564628424000034 ], [ -90.755559313999981, 14.564229157000057 ], [ -90.753617620999989, 14.564393479000046 ], [ -90.751940947999969, 14.565296721000038 ], [ -90.749718885999982, 14.565492196000037 ], [ -90.746565074999978, 14.566886026000077 ], [ -90.743225465999956, 14.569725939000023 ], [ -90.74027816499995, 14.571442422000075 ], [ -90.738322634999975, 14.572389160000057 ], [ -90.735709210999971, 14.57564142700005 ], [ -90.734413544999938, 14.576013999000054 ], [ -90.731624917999966, 14.578189304000034 ], [ -90.727782966999939, 14.582992630000035 ], [ -90.726787062999961, 14.58432242300006 ], [ -90.723932263999984, 14.586486799000056 ], [ -90.719108651999989, 14.588834071000065 ], [ -90.716302232999965, 14.591299230000061 ], [ -90.714490139999953, 14.595288616000062 ], [ -90.714268696999966, 14.597976684000059 ], [ -90.71356009699997, 14.599041545000034 ], [ -90.712139976999936, 14.603694307000069 ], [ -90.712078875999964, 14.606405398000049 ], [ -90.709785187999955, 14.610397895000062 ], [ -90.709594344999971, 14.611690312000064 ], [ -90.708915846999957, 14.613592327000049 ], [ -90.705114531999982, 14.609175137000022 ], [ -90.702187056999946, 14.607233112000074 ], [ -90.698517658999947, 14.604873765000036 ], [ -90.69495808399995, 14.603335395000045 ], [ -90.693595578999975, 14.602034423000077 ], [ -90.692735748999951, 14.599575149000032 ], [ -90.691055395999967, 14.591337717000044 ], [ -90.690378730999953, 14.59027956400007 ], [ -90.68970303499998, 14.587239346000047 ], [ -90.687382535999973, 14.583849674000078 ] ] ] ] } },
{ "type": "Feature", "properties": { "Codigo": 1803, "datos_finales_color_capres": "C4D2B0" }, "geometry": { "type": "MultiPolygon", "coordinates": [ [ [ [ -89.456980677999979, 15.659691301000066 ], [ -89.452255008999941, 15.659274 ], [ -89.449626680999984, 15.660161023000057 ], [ -89.446848968999973, 15.659955724000042 ], [ -89.443329343999949, 15.660803366000039 ], [ -89.439709476999951, 15.660580898000035 ], [ -89.433625175999964, 15.661428367000042 ], [ -89.430008290999979, 15.661237374000052 ], [ -89.427800443999956, 15.661544308000032 ], [ -89.426952203999974, 15.662244604000023 ], [ -89.425849062999987, 15.662436430000071 ], [ -89.422708668999974, 15.661831153000037 ], [ -89.419074425999952, 15.662203791000024 ], [ -89.416955499999972, 15.662886625000056 ], [ -89.410021820999987, 15.662196443000028 ], [ -89.404856721999977, 15.663248818000056 ], [ -89.401518917999965, 15.663017939000042 ], [ -89.397306589999971, 15.663521713000023 ], [ -89.390520925999965, 15.662071850000075 ], [ -89.386417618999985, 15.662800584000024 ], [ -89.384213365999983, 15.663895696000054 ], [ -89.380066497999962, 15.664385539000023 ], [ -89.373648995999986, 15.664088580000055 ], [ -89.367742844999952, 15.663422 ], [ -89.364282492999962, 15.659303240000042 ], [ -89.362518530999978, 15.658546275000049 ], [ -89.358479548999981, 15.659427844000049 ], [ -89.353222745999972, 15.659156401000075 ], [ -89.345139758999949, 15.659595731000024 ], [ -89.340419013999963, 15.659138902000052 ], [ -89.332783091999943, 15.660138013000051 ], [ -89.326712766999947, 15.660051965000036 ], [ -89.319216218999941, 15.659543546000066 ], [ -89.313871637999966, 15.660219525000059 ], [ -89.311473963999958, 15.660566041000038 ], [ -89.310795609999957, 15.661028393000038 ], [ -89.307428413999958, 15.661874038000065 ], [ -89.304371020999952, 15.664233082000067 ], [ -89.303318249999961, 15.664602216000048 ], [ -89.298582107999948, 15.66436305700006 ], [ -89.251847832999943, 15.663367495000045 ], [ -89.247417958999961, 15.662919294000062 ], [ -89.245804315999976, 15.663270610000041 ], [ -89.240240554999957, 15.662789265000072 ], [ -89.229993946999969, 15.662808032000044 ], [ -89.226120048999974, 15.662364479000075 ], [ -89.189327658999957, 15.661526925000032 ], [ -89.182081502999949, 15.661020452000059 ], [ -89.164527413999963, 15.66090170800004 ], [ -89.159935709999957, 15.659772193000038 ], [ -89.156022919999941, 15.655523470000048 ], [ -89.152818237999952, 15.650641999000072 ], [ -89.148356737999961, 15.645409059000031 ], [ -89.145505653999976, 15.640961237000056 ], [ -89.140218619999985, 15.634492182000031 ], [ -89.138234686999965, 15.631329601000061 ], [ -89.13637315699998, 15.62967827500006 ], [ -89.136252934999959, 15.628921604000027 ], [ -89.129367214999945, 15.620167349000042 ], [ -89.119180540999935, 15.605750275000048 ], [ -89.115699585999948, 15.601868626000055 ], [ -89.11266332699995, 15.597090286000025 ], [ -89.104710868999973, 15.587187816000039 ], [ -89.099343314999942, 15.578984521000052 ], [ -89.100760306999973, 15.579952544000037 ], [ -89.10238173, 15.580786590000059 ], [ -89.104032191999977, 15.581285043000037 ], [ -89.105543140999941, 15.581870113000036 ], [ -89.106806834999986, 15.582115821000059 ], [ -89.107822841999962, 15.582044722000035 ], [ -89.108657005999987, 15.581836184000053 ], [ -89.109585167999967, 15.581517648000045 ], [ -89.110369178999974, 15.581531528000028 ], [ -89.11122014099999, 15.581635690000041 ], [ -89.112158526999963, 15.582009828000025 ], [ -89.113051818999963, 15.582338047000064 ], [ -89.113880508999955, 15.582420377000062 ], [ -89.114918109999962, 15.582438727000067 ], [ -89.11616404099999, 15.582393084000046 ], [ -89.11688094799996, 15.582294096000055 ], [ -89.117600621999941, 15.582016954000039 ], [ -89.119254524999974, 15.581129219000047 ], [ -89.120394508999937, 15.580591058000039 ], [ -89.121297475999938, 15.580405111000061 ], [ -89.122498703999952, 15.580292095000061 ], [ -89.123746704999974, 15.580135909000035 ], [ -89.125557652999987, 15.579496764000055 ], [ -89.126156714999979, 15.579507325000066 ], [ -89.126663461999954, 15.579538817000071 ], [ -89.12753937299999, 15.579554254000072 ], [ -89.127733124999963, 15.57908847300007 ], [ -89.128031593999935, 15.577909464000072 ], [ -89.128346216999944, 15.577109706000044 ], [ -89.129022191999979, 15.576741518000063 ], [ -89.129337211999939, 15.575920334000045 ], [ -89.129377634999969, 15.575005211000075 ], [ -89.12941792, 15.574066401000039 ], [ -89.129430047999961, 15.573419213000022 ], [ -89.12951267599999, 15.572704467000051 ], [ -89.129710013999954, 15.572015426000064 ], [ -89.130116645999976, 15.571240967000051 ], [ -89.130706416999942, 15.570535146000054 ], [ -89.131246859999976, 15.570008914000027 ], [ -89.131738281999958, 15.569614908000062 ], [ -89.134786190999989, 15.569400072000064 ], [ -89.136377510999978, 15.569361494000077 ], [ -89.137785471999962, 15.569297127000027 ], [ -89.139455371999986, 15.568789576000029 ], [ -89.14077963799997, 15.568253391000042 ], [ -89.141964219999977, 15.567782418000036 ], [ -89.142754457999956, 15.567461297000023 ], [ -89.143470055999956, 15.567429859000072 ], [ -89.144345935999979, 15.567445217000056 ], [ -89.145131846999959, 15.567324776000078 ], [ -89.145735633999948, 15.567112037000072 ], [ -89.146315336999976, 15.56694286000004 ], [ -89.147006429999976, 15.566977527000063 ], [ -89.14762623699994, 15.567122605000066 ], [ -89.148340594999979, 15.567157677000068 ], [ -89.14912568599999, 15.567081193000035 ], [ -89.149707047999982, 15.566822933000026 ], [ -89.150338513999941, 15.566342224000039 ], [ -89.151019402999964, 15.56570672600003 ], [ -89.151538624999944, 15.565067269000053 ], [ -89.151823196999942, 15.564625600000056 ], [ -89.152406627999937, 15.564255704000061 ], [ -89.153581784999972, 15.564320247000069 ], [ -89.154156883999974, 15.564397977000056 ], [ -89.15500842199998, 15.564501969000048 ], [ -89.15590756499995, 15.564517685000055 ], [ -89.157203927999944, 15.564227907000031 ], [ -89.158239834999961, 15.564335110000059 ], [ -89.158768828999939, 15.564389466000023 ], [ -89.159431859999984, 15.56471347400003 ], [ -89.159282648999977, 15.565291743000046 ], [ -89.15892953499997, 15.565665680000052 ], [ -89.158525647999966, 15.566329733000032 ], [ -89.158619215999977, 15.567493113000069 ], [ -89.159051337999983, 15.567814220000059 ], [ -89.159716289999949, 15.568004042000041 ], [ -89.160821010999939, 15.568134996000026 ], [ -89.161923478999938, 15.568356136000034 ], [ -89.162976694999941, 15.568754624000064 ], [ -89.163978588999953, 15.569442086000038 ], [ -89.164593860999958, 15.569832925000071 ], [ -89.165558106999981, 15.570073071000024 ], [ -89.167050950999965, 15.570390101000044 ], [ -89.168881587999977, 15.571159666000028 ], [ -89.170410214999947, 15.572058180000056 ], [ -89.172227472999964, 15.573520037000037 ], [ -89.173109290999946, 15.574473823000062 ], [ -89.173805067999979, 15.575514601000066 ], [ -89.17427451399999, 15.576304426000036 ], [ -89.174510709999936, 15.57724809900003 ], [ -89.174703878999935, 15.57803311300006 ], [ -89.175042753999946, 15.578396566000038 ], [ -89.175590256999953, 15.578742215000034 ], [ -89.176160719999984, 15.579042019000042 ], [ -89.177008611999952, 15.579347777000066 ], [ -89.177879608999945, 15.579631375000076 ], [ -89.179421575999982, 15.57981496900004 ], [ -89.180803098999945, 15.579928089000077 ], [ -89.18308286499996, 15.580079365000074 ], [ -89.184122184999978, 15.58000830800006 ], [ -89.185371471999986, 15.579784106000034 ], [ -89.186390421999988, 15.57955589900007 ], [ -89.18729626399994, 15.579214060000027 ], [ -89.18900376299996, 15.577901426000039 ], [ -89.19125404, 15.575929307000024 ], [ -89.192902310999955, 15.574102388000028 ], [ -89.193589156999963, 15.573108152000032 ], [ -89.19385962199999, 15.572196940000026 ], [ -89.194410248999986, 15.571111234000057 ], [ -89.194785593999939, 15.570760171000074 ], [ -89.195342446999973, 15.57056790200005 ], [ -89.195897640999988, 15.570465843000022 ], [ -89.196498947999942, 15.570387135000033 ], [ -89.197359037999945, 15.569999332000066 ], [ -89.198526221999941, 15.569237844000043 ], [ -89.199592309999957, 15.568942699000047 ], [ -89.200749632999987, 15.56871680200004 ], [ -89.201882858999966, 15.568535602000054 ], [ -89.203129197999942, 15.568468016000054 ], [ -89.204674438999973, 15.568472133000057 ], [ -89.206818774999988, 15.568486570000061 ], [ -89.21221415399998, 15.56851189200006 ], [ -89.214375200999939, 15.568885240000043 ], [ -89.21581489099998, 15.569602597000028 ], [ -89.217232130999946, 15.570275565000031 ], [ -89.219225990999973, 15.570979876000024 ], [ -89.220305337999946, 15.571200343000044 ], [ -89.22135852599996, 15.571642565000047 ], [ -89.22206667599994, 15.571989744000064 ], [ -89.222799071999987, 15.572315907000075 ], [ -89.223535399999946, 15.572395105000055 ], [ -89.224157777999949, 15.572405794000076 ], [ -89.224710939999966, 15.572415294000052 ], [ -89.225175453999952, 15.57224504900006 ], [ -89.225803559999974, 15.571942252000042 ], [ -89.226715042999956, 15.571287873000074 ], [ -89.228521273999945, 15.569620115000077 ], [ -89.230143743999975, 15.56788150400007 ], [ -89.231386979999968, 15.566740982000056 ], [ -89.23231926599999, 15.566220031000057 ], [ -89.233288344999949, 15.566170078000027 ], [ -89.233864367999956, 15.566201374000059 ], [ -89.234599456999945, 15.566348191000031 ], [ -89.235199529999988, 15.566337032000035 ], [ -89.235986692999973, 15.566148594000026 ], [ -89.236822399999937, 15.56585043900003 ], [ -89.237700398999948, 15.565753789000041 ], [ -89.239387376999957, 15.565580725000075 ], [ -89.240846267999984, 15.565248089000022 ], [ -89.242078707999951, 15.564665667000043 ], [ -89.243223712999963, 15.563835838000045 ], [ -89.244118536999963, 15.562844938000069 ], [ -89.245545524999955, 15.560455362000027 ], [ -89.246074623999959, 15.55925742200003 ], [ -89.24641470499995, 15.558279600000049 ], [ -89.246401354999989, 15.557765002000053 ], [ -89.246027591999962, 15.556752441000071 ], [ -89.245254505999981, 15.556135768000047 ], [ -89.244869559999984, 15.555771623000055 ], [ -89.244259380999949, 15.55509117500003 ], [ -89.244111489999966, 15.554328376000058 ], [ -89.244066624999959, 15.552986412000052 ], [ -89.243916469999988, 15.552380366000023 ], [ -89.244180468999957, 15.55052930100004 ], [ -89.244346877999988, 15.54899015500007 ], [ -89.244769313999939, 15.547320015000025 ], [ -89.245025167999984, 15.545916625000075 ], [ -89.24541579199996, 15.544716318000042 ], [ -89.245778471999984, 15.543805430000077 ], [ -89.24651739699999, 15.542454261000046 ], [ -89.247327712999947, 15.541015194000067 ], [ -89.248231114999953, 15.539511151000056 ], [ -89.249152513999945, 15.538297310000075 ], [ -89.250252605999947, 15.537398962000054 ], [ -89.253882045999944, 15.53303436300007 ], [ -89.254922159999978, 15.531621715000028 ], [ -89.255624547999957, 15.531030159000068 ], [ -89.256324122999956, 15.530594219000022 ], [ -89.257298482999943, 15.53027574500004 ], [ -89.258178351999959, 15.530067337000048 ], [ -89.258968352999943, 15.529745724000065 ], [ -89.259645039999953, 15.529287950000025 ], [ -89.260462559999951, 15.528698328000075 ], [ -89.261349067999959, 15.528153864000046 ], [ -89.262145330999942, 15.527452200000027 ], [ -89.262687003999986, 15.526835328000061 ], [ -89.263185767999971, 15.526016939000044 ], [ -89.263612107999961, 15.525375547000067 ], [ -89.264158608999935, 15.524490282000045 ], [ -89.264635470999963, 15.523627522000027 ], [ -89.264943830999982, 15.523140925000064 ], [ -89.265371379999976, 15.522431867000023 ], [ -89.265727862999938, 15.521856968000066 ], [ -89.266360985999938, 15.521264191000057 ], [ -89.267082550999987, 15.52089625900004 ], [ -89.26823701, 15.520781562000025 ], [ -89.268906174999984, 15.520771453000066 ], [ -89.269482488999984, 15.52078120300007 ], [ -89.270012277999967, 15.520790164000061 ], [ -89.270542649999982, 15.520799134000072 ], [ -89.271376554999961, 15.520588758000031 ], [ -89.27188887799997, 15.520307511000055 ], [ -89.272566727999958, 15.519782023000062 ], [ -89.273151878999954, 15.519300088000023 ], [ -89.273712953999961, 15.518862863000038 ], [ -89.274316946999988, 15.518627156000036 ], [ -89.274868798999989, 15.518703032000076 ], [ -89.275461544999985, 15.519093191000024 ], [ -89.275984101999939, 15.519504727000026 ], [ -89.276665538999964, 15.520074616000045 ], [ -89.277327902999957, 15.520443387000057 ], [ -89.278223585999967, 15.520615302000067 ], [ -89.279374625999935, 15.520723843000042 ], [ -89.280090144999974, 15.520691918000068 ], [ -89.281015914999955, 15.520484180000039 ], [ -89.281927435999989, 15.51980579800005 ], [ -89.282332223999958, 15.519097439000063 ], [ -89.282650948999958, 15.518030036000027 ], [ -89.283463966999989, 15.517686143000049 ], [ -89.284520529999952, 15.517904737000038 ], [ -89.285442868999951, 15.517920272000026 ], [ -89.286166222999952, 15.517418060000068 ], [ -89.286721048999937, 15.517360848000067 ], [ -89.287288788999945, 15.517817114000025 ], [ -89.287511261999953, 15.518290130000025 ], [ -89.287916299999949, 15.51883390200004 ], [ -89.28868903099999, 15.519472979000057 ], [ -89.289443308999978, 15.519843264000031 ], [ -89.290249124999946, 15.519901944000026 ], [ -89.291148617999966, 15.519894510000029 ], [ -89.291702889999954, 15.519836147000035 ], [ -89.292582712999945, 15.519627584000034 ], [ -89.293627008999977, 15.51926497900007 ], [ -89.294790646999957, 15.518637024000043 ], [ -89.29583693099994, 15.518162760000052 ], [ -89.296995580999976, 15.517846052000039 ], [ -89.297548642999971, 15.517855337000071 ], [ -89.298216047999972, 15.517911662000074 ], [ -89.298812835999968, 15.518078478000064 ], [ -89.299428723999938, 15.51844641200006 ], [ -89.299602310999944, 15.519052841000075 ], [ -89.299843916999976, 15.519726968000043 ], [ -89.300227520999954, 15.520202681000058 ], [ -89.301068928999939, 15.520842873000049 ], [ -89.301289474999976, 15.521328259000029 ], [ -89.301502587999948, 15.522393347000047 ], [ -89.301650121999955, 15.523156143000051 ], [ -89.301869055999987, 15.523829890000059 ], [ -89.302638096999942, 15.524647101000028 ], [ -89.304049680999981, 15.525677012000074 ], [ -89.304915573999949, 15.526251050000042 ], [ -89.305682244999957, 15.527202457000044 ], [ -89.305693543999951, 15.527873851000038 ], [ -89.305926409999984, 15.529039671000078 ], [ -89.306683939999971, 15.529231730000049 ], [ -89.307186326999954, 15.529507502000058 ], [ -89.307595016999983, 15.529850515000078 ], [ -89.307817148999959, 15.530346079000026 ], [ -89.308406649999938, 15.530891791000045 ], [ -89.308933876999959, 15.53107998400003 ], [ -89.309576282999956, 15.53126897900006 ], [ -89.310379571999988, 15.531473073000029 ], [ -89.311739364999937, 15.531495833000065 ], [ -89.313056402999962, 15.531338506000054 ], [ -89.314097960999959, 15.531132565000064 ], [ -89.315681293999944, 15.530264467000052 ], [ -89.317450568999959, 15.529310341000041 ], [ -89.319178628999964, 15.528088154000045 ], [ -89.319714217999945, 15.527806048000059 ], [ -89.32049881599994, 15.527752588000055 ], [ -89.321283613999981, 15.527720561000024 ], [ -89.322138023999969, 15.527667133000023 ], [ -89.323041339999975, 15.527414843000031 ], [ -89.323856945999978, 15.52695803000006 ], [ -89.325164557999983, 15.526018693000026 ], [ -89.32651946499999, 15.525036137000029 ], [ -89.327825877999942, 15.524163318000035 ], [ -89.328824229999952, 15.523799772000075 ], [ -89.329704064999987, 15.523591056000043 ], [ -89.331089473999953, 15.523479868000038 ], [ -89.332037343999957, 15.523338830000057 ], [ -89.332893912999964, 15.52312971300006 ], [ -89.333659786999988, 15.522851396000021 ], [ -89.334376542999962, 15.522751631000062 ], [ -89.335092101999976, 15.522719527000049 ], [ -89.337932526999964, 15.522475666000048 ], [ -89.339463467999963, 15.521964103000073 ], [ -89.341834783999957, 15.520841493000034 ], [ -89.343467628999974, 15.519795733000024 ], [ -89.344939966999959, 15.518679610000049 ], [ -89.34603726399996, 15.517914876000077 ], [ -89.34680861399994, 15.517324108000025 ], [ -89.347461462999945, 15.516888184000038 ], [ -89.348300445999939, 15.51638765000007 ], [ -89.349089923999941, 15.516088227000068 ], [ -89.350150157999963, 15.51610577100007 ], [ -89.351394358999983, 15.516148917000066 ], [ -89.35208509499995, 15.516204337000033 ], [ -89.352749596999956, 15.51646125700006 ], [ -89.353498119999983, 15.517167431000075 ], [ -89.354063096999937, 15.517824315000041 ], [ -89.35451820899999, 15.51814545700006 ], [ -89.355045095999969, 15.518354972000054 ], [ -89.35610651799999, 15.51830595000007 ], [ -89.356941964999976, 15.518006129000071 ], [ -89.357431737999946, 15.517679162000036 ], [ -89.357877147999943, 15.517261212000051 ], [ -89.358186097999976, 15.51672932200006 ], [ -89.358588311999938, 15.516153845000076 ], [ -89.359038010999939, 15.515491156000053 ], [ -89.36000192399996, 15.514434206000033 ], [ -89.36078500299999, 15.513172331000021 ], [ -89.361119158999941, 15.512529163000067 ], [ -89.361779611999964, 15.511690566000027 ], [ -89.362267403999965, 15.51147523800006 ], [ -89.363193710999951, 15.511267134000036 ], [ -89.364000364999981, 15.511280427000031 ], [ -89.364622658999963, 15.511290680000059 ], [ -89.365595301999974, 15.511060769000039 ], [ -89.36624810099994, 15.510624775000053 ], [ -89.366876862999959, 15.51029894100003 ], [ -89.367504229999952, 15.510019337000074 ], [ -89.368198078999967, 15.509896508000054 ], [ -89.368983029999981, 15.509820299000069 ], [ -89.369998493999958, 15.509769317000064 ], [ -89.37069195, 15.509669037000037 ], [ -89.371921270999962, 15.509265065000022 ], [ -89.372989520999965, 15.508823469000049 ], [ -89.374829194999961, 15.507780823000076 ], [ -89.375825238999937, 15.506209870000077 ], [ -89.376601555999969, 15.505327990000069 ], [ -89.377491837999969, 15.504515663000063 ], [ -89.378215171999955, 15.504035657000031 ], [ -89.379082570999969, 15.503200383000035 ], [ -89.380376119999937, 15.501745965000055 ], [ -89.382414770999958, 15.49855960900004 ], [ -89.384335267999973, 15.49550666600004 ], [ -89.385346735999974, 15.493041262000077 ], [ -89.38738759599994, 15.488379218000034 ], [ -89.389322316999937, 15.483156962000066 ], [ -89.390313469999967, 15.480512926000074 ], [ -89.390578269999935, 15.479868552000028 ], [ -89.390956830999983, 15.479338851000023 ], [ -89.391652143999977, 15.47912569600004 ], [ -89.392473217999964, 15.479609543000038 ], [ -89.392765527999984, 15.480061070000033 ], [ -89.393125675999954, 15.480558829000074 ], [ -89.39390588699996, 15.480749808000041 ], [ -89.394597311999973, 15.48076108600003 ], [ -89.395220878999964, 15.480727258000059 ], [ -89.396188915999971, 15.48072047900007 ], [ -89.397180599999956, 15.480725361000054 ], [ -89.399958537999964, 15.481374195000058 ], [ -89.400140667999949, 15.478851164000048 ], [ -89.400434885999971, 15.477849617000061 ], [ -89.401334243999941, 15.476500287000022 ], [ -89.402674546999947, 15.474979869000038 ], [ -89.404298973999971, 15.473038733000067 ], [ -89.404988756999956, 15.47179765900006 ], [ -89.40534671599994, 15.471110771000042 ], [ -89.405586264999954, 15.470577648000074 ], [ -89.405917100999943, 15.470113698000034 ], [ -89.40638943, 15.469472663000033 ], [ -89.407186197999977, 15.468703772000026 ], [ -89.407722691999936, 15.468354847000057 ], [ -89.408352226999966, 15.467939743000045 ], [ -89.408957524999948, 15.467614496000067 ], [ -89.409697948999963, 15.467447131000029 ], [ -89.410250168999937, 15.467501220000031 ], [ -89.410891380999942, 15.46775757100005 ], [ -89.411414175999937, 15.468168816000059 ], [ -89.41193564799994, 15.468690602000038 ], [ -89.412642584999958, 15.469149961000028 ], [ -89.413405884999975, 15.469005520000053 ], [ -89.414061942999979, 15.468367442000044 ], [ -89.414598814999977, 15.467995941000027 ], [ -89.414797783999973, 15.467149633000076 ], [ -89.414481972999965, 15.466742879000037 ], [ -89.413956102999975, 15.466509844000029 ], [ -89.413267395999981, 15.466342989000054 ], [ -89.412761890999946, 15.466244537000023 ], [ -89.412047241999971, 15.466232949000073 ], [ -89.410802080999986, 15.466257881000047 ], [ -89.409669740999959, 15.466418891000046 ], [ -89.40740449499998, 15.466739755000049 ], [ -89.405436214999952, 15.467243673000041 ], [ -89.404533938999975, 15.467453521000039 ], [ -89.403818921999971, 15.467463335000048 ], [ -89.402899196999954, 15.467336691000071 ], [ -89.40254483199999, 15.466470126000047 ], [ -89.404026536999936, 15.464772602000039 ], [ -89.404776785999957, 15.464069523000035 ], [ -89.405275632999974, 15.463205539000057 ], [ -89.405590908999955, 15.462294574000055 ], [ -89.405834489999961, 15.46156069500006 ], [ -89.406190300999981, 15.460962891000065 ], [ -89.407009530999972, 15.460238357000037 ], [ -89.408178210999949, 15.459317544000044 ], [ -89.409602692999954, 15.458267745000057 ], [ -89.410279275999983, 15.457786828000053 ], [ -89.410816878999981, 15.45737134500007 ], [ -89.411259346999941, 15.457110009000075 ], [ -89.412100657999986, 15.456452369000033 ], [ -89.411765085999946, 15.455843346000051 ], [ -89.411568872999965, 15.455214018000049 ], [ -89.412090148999937, 15.454395501000022 ], [ -89.411522787999957, 15.453871849000052 ], [ -89.410959215999981, 15.454444862000059 ], [ -89.410604598999953, 15.454975005000051 ], [ -89.409829413999944, 15.455811963000031 ], [ -89.409195681999961, 15.456472961000031 ], [ -89.408911963999969, 15.456871123000042 ], [ -89.408322351999971, 15.457637752000039 ], [ -89.407872933999954, 15.458301732000052 ], [ -89.407357799999943, 15.458762698000044 ], [ -89.406725803999961, 15.459322175000068 ], [ -89.406188748999966, 15.459738781000055 ], [ -89.405409281999937, 15.460821595000027 ], [ -89.40502384399997, 15.461753986000076 ], [ -89.404827166999951, 15.462466060000054 ], [ -89.40325437599995, 15.464118115000076 ], [ -89.401475921999975, 15.465653988000042 ], [ -89.399993040999959, 15.467418033000058 ], [ -89.397415984999952, 15.469790384000078 ], [ -89.394954377999966, 15.472143140000071 ], [ -89.393159887999957, 15.473254465000025 ], [ -89.392228536999937, 15.473797719000061 ], [ -89.39167165799995, 15.474012010000024 ], [ -89.390657136999948, 15.474018019000027 ], [ -89.389990747999946, 15.473872890000052 ], [ -89.389933568999936, 15.473179261000041 ], [ -89.390105306999942, 15.472601055000041 ], [ -89.390186539999945, 15.471908556000074 ], [ -89.390135565999969, 15.470857398000078 ], [ -89.389942320999978, 15.470027294000033 ], [ -89.389729511999974, 15.469017493000024 ], [ -89.388966246999985, 15.467819329000065 ], [ -89.388310149999938, 15.467115924000041 ], [ -89.385840100999985, 15.464661310000054 ], [ -89.385506173999943, 15.46396203200004 ], [ -89.385428660999935, 15.463133821000042 ], [ -89.385445739999966, 15.462150339000061 ], [ -89.385695012999975, 15.461058962000038 ], [ -89.38605163699998, 15.460417219000021 ], [ -89.386590459999979, 15.459934135000026 ], [ -89.387078496999948, 15.459696161000068 ], [ -89.38784330499999, 15.459462705000021 ], [ -89.388536607999981, 15.459361202000025 ], [ -89.389203660999954, 15.459331470000052 ], [ -89.389808814999981, 15.459114580000062 ], [ -89.390349191999974, 15.458541256000046 ], [ -89.391064934999974, 15.457144969000069 ], [ -89.391662063999945, 15.455947558000048 ], [ -89.392650495999987, 15.454756521000036 ], [ -89.393353253999976, 15.45414183400004 ], [ -89.393843204999939, 15.453792182000029 ], [ -89.394495183999936, 15.45342260700005 ], [ -89.39547199399999, 15.452901499000063 ], [ -89.395600644999945, 15.452121765000072 ], [ -89.394868807999956, 15.451796218000027 ], [ -89.394151117999968, 15.451963912000053 ], [ -89.39330961099995, 15.452665471000046 ], [ -89.39228474, 15.453274910000061 ], [ -89.389656467999941, 15.454617464000023 ], [ -89.38470736499994, 15.45818180200007 ], [ -89.381674077999946, 15.460300567000047 ], [ -89.380704410999954, 15.460373836000031 ], [ -89.380155724999952, 15.460118923000039 ], [ -89.379770830999973, 15.459709874000055 ], [ -89.379481877999979, 15.459101582000073 ], [ -89.379173552999987, 15.458269599000062 ], [ -89.378905337999981, 15.457773334000024 ], [ -89.378523736999966, 15.45720865100003 ], [ -89.377789398999937, 15.456994696000038 ], [ -89.376520290999963, 15.457064179000042 ], [ -89.376414036999961, 15.457889378000061 ], [ -89.376704134999954, 15.458431129000076 ], [ -89.377201833999948, 15.458975150000072 ], [ -89.377425268999957, 15.459404122000024 ], [ -89.377092848999951, 15.45995712000007 ], [ -89.376256507999983, 15.46032361500005 ], [ -89.375437982999983, 15.461002901000029 ], [ -89.375265045999981, 15.461648755000056 ], [ -89.375200432999975, 15.462720572000023 ], [ -89.374960244999954, 15.463253641000051 ], [ -89.374583430999962, 15.463716780000027 ], [ -89.374408357999982, 15.464518286000043 ], [ -89.37439939799998, 15.465032575000066 ], [ -89.374355114999958, 15.466238974000078 ], [ -89.374071902999958, 15.466637083000023 ], [ -89.373556689999987, 15.467097950000039 ], [ -89.373179862999962, 15.467561084000067 ], [ -89.372844288999943, 15.468293394000057 ], [ -89.372759502999941, 15.469186629000035 ], [ -89.372699337999961, 15.469968580000057 ], [ -89.372435292999967, 15.470567811000024 ], [ -89.372012126999948, 15.47105274300003 ], [ -89.371195882999984, 15.471597787000064 ], [ -89.36994099399999, 15.472180753000032 ], [ -89.36904124299997, 15.472211110000046 ], [ -89.368214211999941, 15.472040719000063 ], [ -89.367744465999976, 15.471228637000024 ], [ -89.367731368999955, 15.470646298000077 ], [ -89.367812653999977, 15.469954951000034 ], [ -89.367983467999977, 15.469399322000072 ], [ -89.368252994999978, 15.468486566000024 ], [ -89.368500608999966, 15.46752944800005 ], [ -89.368792016999976, 15.466662173000032 ], [ -89.369248965999986, 15.465574242000059 ], [ -89.369710983999937, 15.464195328000073 ], [ -89.369686098999978, 15.462987800000064 ], [ -89.369520484999953, 15.461912214000051 ], [ -89.368704020999985, 15.461138445000074 ], [ -89.367909638999947, 15.460432727000068 ], [ -89.366992735999986, 15.460149179000041 ], [ -89.366274619999956, 15.460339327000042 ], [ -89.365641174999951, 15.460976482000035 ], [ -89.36479662399995, 15.461812102000067 ], [ -89.364100991999976, 15.462046609000026 ], [ -89.363429384999961, 15.462237511000069 ], [ -89.362896760999945, 15.462363006000032 ], [ -89.362035974999969, 15.462795601000039 ], [ -89.361543615999949, 15.463279374000024 ], [ -89.361165612999969, 15.463809025000046 ], [ -89.360899577999987, 15.464521019000074 ], [ -89.36043712899999, 15.465921329000025 ], [ -89.359850352999956, 15.466515230000027 ], [ -89.359270993999985, 15.466685071000029 ], [ -89.358728380999935, 15.467413942000064 ], [ -89.358673257999953, 15.467904901000054 ], [ -89.358663092999961, 15.46848572500005 ], [ -89.358629067999971, 15.469133844000055 ], [ -89.358542282999963, 15.470137585000032 ], [ -89.358001423999951, 15.470732233000035 ], [ -89.357258636999973, 15.471033621000061 ], [ -89.356469722999975, 15.471311686000035 ], [ -89.355778479999969, 15.471293528000047 ], [ -89.355182592999938, 15.471111105000034 ], [ -89.354545390999988, 15.470631300000036 ], [ -89.353460205999966, 15.469428873000027 ], [ -89.351884290999976, 15.467256059000022 ], [ -89.350306236999984, 15.465240012000038 ], [ -89.34996771699997, 15.464810252000063 ], [ -89.349747652999952, 15.464225635000048 ], [ -89.349824657999989, 15.463615463000053 ], [ -89.351417480999942, 15.463627066000072 ], [ -89.352086139999983, 15.463638091000064 ], [ -89.353007725999987, 15.463653282000053 ], [ -89.353699060999986, 15.463664676000064 ], [ -89.354323950999969, 15.46351816300006 ], [ -89.354905257999974, 15.463236680000023 ], [ -89.355441399999961, 15.462910456000031 ], [ -89.356234000999962, 15.462386517000027 ], [ -89.356812538999975, 15.462262922000036 ], [ -89.35741474799994, 15.462116026000047 ], [ -89.358092216999978, 15.461590184000045 ], [ -89.358518314999969, 15.460971078000057 ], [ -89.358897500999944, 15.460373764000053 ], [ -89.359250290999967, 15.459955389000072 ], [ -89.359628495999971, 15.459447178000062 ], [ -89.360074125999972, 15.45900776600007 ], [ -89.361284585999954, 15.458333862000075 ], [ -89.362097673999983, 15.457967045000032 ], [ -89.362868334999973, 15.457398716000057 ], [ -89.363737102999949, 15.456474375000028 ], [ -89.36393624499999, 15.455628153000077 ], [ -89.364089845999956, 15.454758622000043 ], [ -89.36427099299999, 15.453643606000071 ], [ -89.364807639999981, 15.451953433000028 ], [ -89.364867624999988, 15.451148924000051 ], [ -89.364554682999938, 15.450585355000044 ], [ -89.363961484999948, 15.450217993000024 ], [ -89.363040339999941, 15.450180304000071 ], [ -89.362113329999943, 15.450478701000065 ], [ -89.361627062999958, 15.450582396000073 ], [ -89.360633619999987, 15.450721754000028 ], [ -89.360126626999943, 15.450713421000046 ], [ -89.35922814099996, 15.450677216000031 ], [ -89.358515155999953, 15.450609087000032 ], [ -89.357757018999962, 15.450462370000025 ], [ -89.356832950999944, 15.450558853000075 ], [ -89.356276125999955, 15.450773064000032 ], [ -89.355527947999974, 15.451386865000075 ], [ -89.35498714299996, 15.451981515000057 ], [ -89.354257725999958, 15.452818991000072 ], [ -89.353714352999987, 15.453592967000077 ], [ -89.35347550399996, 15.454080898000029 ], [ -89.352841449999971, 15.454719130000058 ], [ -89.35201975199999, 15.455577636000044 ], [ -89.351128879999976, 15.456433870000069 ], [ -89.35067735199999, 15.457209348000049 ], [ -89.350155461999975, 15.458050222000054 ], [ -89.349824546999969, 15.458514067000067 ], [ -89.349283100999969, 15.459176372000059 ], [ -89.34885856599999, 15.459705229000065 ], [ -89.348273348999953, 15.46021 ], [ -89.347762029999956, 15.460447495000039 ], [ -89.346978050999951, 15.460479681000038 ], [ -89.346013117999973, 15.460284380000076 ], [ -89.345265558999984, 15.459534244000054 ], [ -89.34497436099997, 15.459060136000062 ], [ -89.34468237499999, 15.458631138000044 ], [ -89.344320636999953, 15.458199863000061 ], [ -89.343869952999967, 15.457634 ], [ -89.343421068999987, 15.456932789000064 ], [ -89.343068134999953, 15.45603348800006 ], [ -89.342785207999952, 15.455089090000058 ], [ -89.342483320999975, 15.453899576000026 ], [ -89.342158577999953, 15.452687123000032 ], [ -89.341789093999978, 15.451406244000054 ], [ -89.341231177999987, 15.45039074400006 ], [ -89.340492680999944, 15.449127457000031 ], [ -89.339823395999986, 15.447864185000071 ], [ -89.338811722999935, 15.44639445100006 ], [ -89.337800266999977, 15.444946151000067 ], [ -89.336647496999944, 15.443630886000051 ], [ -89.335257831999968, 15.442691873000058 ], [ -89.333957109999972, 15.441954001000056 ], [ -89.332157681999945, 15.440739704000066 ], [ -89.330275288999985, 15.438987042000065 ], [ -89.328705495999941, 15.436524328000075 ], [ -89.327521082999965, 15.434403046000057 ], [ -89.326764768999965, 15.432870956000045 ], [ -89.326440147999961, 15.431657378000068 ], [ -89.325633010999979, 15.430370373000073 ], [ -89.325180087999968, 15.429937572000028 ], [ -89.324127794999981, 15.429495959000064 ], [ -89.323188458999937, 15.429145337000023 ], [ -89.32250318499996, 15.428797799000051 ], [ -89.321815131999983, 15.428608147000034 ], [ -89.321505306999939, 15.427909225000064 ], [ -89.321682478999946, 15.426996149000047 ], [ -89.322063638999964, 15.426287256000023 ], [ -89.32241582599994, 15.425935490000029 ], [ -89.322927463999974, 15.425675485000056 ], [ -89.323439103999988, 15.425415480000026 ], [ -89.324202605999972, 15.425249898000061 ], [ -89.325081224999963, 15.425085091000028 ], [ -89.326008907999949, 15.424742854000044 ], [ -89.326705990999983, 15.424419354000065 ], [ -89.327460923999979, 15.424343865000026 ], [ -89.32780829099994, 15.424001032000035 ], [ -89.327991358999952, 15.423411806000047 ], [ -89.328127134999988, 15.422899640000026 ], [ -89.328274137999983, 15.422410217000049 ], [ -89.328592994999951, 15.421968767000067 ], [ -89.329380543999946, 15.421724591000043 ], [ -89.33015095799999, 15.421826459000044 ], [ -89.330620213999964, 15.422024874000044 ], [ -89.331224900999985, 15.422358644000042 ], [ -89.331903088999979, 15.422447701000067 ], [ -89.332472043999985, 15.422201029000064 ], [ -89.333094001999939, 15.421585209000057 ], [ -89.335421397999937, 15.41895117100006 ], [ -89.336353346999942, 15.418396865000034 ], [ -89.338821878999966, 15.416928192000057 ], [ -89.340897385999938, 15.415554537000048 ], [ -89.341862547999938, 15.414397204000068 ], [ -89.34256166099999, 15.413290761000042 ], [ -89.342934785999944, 15.411972493000064 ], [ -89.342193739999971, 15.412585261000061 ], [ -89.341577197999982, 15.413558820000048 ], [ -89.340873489999979, 15.414263575000064 ], [ -89.339752206999947, 15.415138553000077 ], [ -89.338261768999985, 15.416008559000034 ], [ -89.336352160999979, 15.417138995000073 ], [ -89.335279878999984, 15.417837639000027 ], [ -89.33439580199996, 15.418314893000058 ], [ -89.333421650999981, 15.418656406000025 ], [ -89.332867266999983, 15.41873636300005 ], [ -89.332267942999977, 15.418726455000069 ], [ -89.331530848999989, 15.418714268000031 ], [ -89.330706838999959, 15.418387028000041 ], [ -89.330115156999966, 15.417975634000072 ], [ -89.329664394999952, 15.417387201000054 ], [ -89.329487995999955, 15.416936423000038 ], [ -89.329279017999966, 15.415725890000033 ], [ -89.329159524999966, 15.414651083000024 ], [ -89.328948982999975, 15.41352964500004 ], [ -89.328552799999954, 15.41245026100006 ], [ -89.32806713399998, 15.411235151000028 ], [ -89.327450210999984, 15.40961513700006 ], [ -89.326285224999936, 15.407717564000052 ], [ -89.325749731999963, 15.406724993000068 ], [ -89.325266452999983, 15.405375679000031 ], [ -89.324872444999983, 15.404207211000028 ], [ -89.324699192999958, 15.403578246000052 ], [ -89.324670782999988, 15.402548944000046 ], [ -89.324865833999979, 15.401971198000069 ], [ -89.325103883999986, 15.401527283000064 ], [ -89.325530092999941, 15.400864241000022 ], [ -89.326273981999975, 15.400518937000072 ], [ -89.326829109999949, 15.400393875000077 ], [ -89.328466510999988, 15.400320549000071 ], [ -89.329131614999937, 15.400488352000025 ], [ -89.329889930999968, 15.400612566000063 ], [ -89.33039561399994, 15.400687481000034 ], [ -89.331109973999958, 15.400699284000041 ], [ -89.331852109999943, 15.400420491000034 ], [ -89.332293711999966, 15.400204417000054 ], [ -89.333580050999956, 15.39913025900006 ], [ -89.334964271999979, 15.397745218000068 ], [ -89.337110928999948, 15.396214802000031 ], [ -89.338280160999943, 15.395251486000063 ], [ -89.338816326999961, 15.394880146000048 ], [ -89.33967880199998, 15.394334811000022 ], [ -89.340166697999962, 15.394096918000059 ], [ -89.340956070999937, 15.393774868000037 ], [ -89.341471516999945, 15.393291495000028 ], [ -89.341640727999959, 15.392824983000025 ], [ -89.341638585999988, 15.391617856000039 ], [ -89.341511782999987, 15.39098965900007 ], [ -89.34109915099998, 15.389551279000045 ], [ -89.340928967999957, 15.388744126000063 ], [ -89.340717375999986, 15.387645234000047 ], [ -89.340326025999957, 15.386320018000049 ], [ -89.339747899999963, 15.385103408000077 ], [ -89.33903242699995, 15.383861973000023 ], [ -89.33802370899997, 15.382235533000028 ], [ -89.337371949999977, 15.381307636000031 ], [ -89.336786013999983, 15.380538759000046 ], [ -89.336197562999985, 15.379946955000037 ], [ -89.335776345999989, 15.379001420000066 ], [ -89.33565288799997, 15.378149915000051 ], [ -89.335642156999938, 15.377434511000047 ], [ -89.335911010999951, 15.376921134000042 ], [ -89.33612153699994, 15.376086411000074 ], [ -89.336233197999945, 15.375618954000061 ], [ -89.336132192999969, 15.374812942000062 ], [ -89.336027675999958, 15.374207677000072 ], [ -89.335923368999943, 15.373557293000033 ], [ -89.335258116999967, 15.373700886000051 ], [ -89.334598052999979, 15.374577836000071 ], [ -89.333782480999957, 15.374441430000047 ], [ -89.333284496999966, 15.373930082000072 ], [ -89.33303835199996, 15.373512006000055 ], [ -89.33262526599998, 15.372767409000062 ], [ -89.332269320999956, 15.372046316000024 ], [ -89.331990047999966, 15.371528420000061 ], [ -89.331530085999987, 15.370838327000058 ], [ -89.330862248999949, 15.370134653000036 ], [ -89.33028603799994, 15.369510328000047 ], [ -89.329561067999975, 15.368783146000055 ], [ -89.32916458699998, 15.36841899500007 ], [ -89.328639467999949, 15.368130559000065 ], [ -89.328149615999962, 15.367820143000074 ], [ -89.323663306999947, 15.36481750400003 ], [ -89.322624324999936, 15.364297204000025 ], [ -89.321181044999946, 15.363826625000058 ], [ -89.32023213399998, 15.363408206000031 ], [ -89.316063117999988, 15.361383118000049 ], [ -89.312418665999985, 15.358986491000053 ], [ -89.31158563799994, 15.358525968000038 ], [ -89.31112911799994, 15.358306321000043 ], [ -89.310486236999964, 15.358172707000051 ], [ -89.309980489999987, 15.358107919000076 ], [ -89.309143143999961, 15.357893239000077 ], [ -89.308287663999977, 15.357421052000063 ], [ -89.307858363999969, 15.356943521000062 ], [ -89.307647745999986, 15.356459462000032 ], [ -89.307615602999988, 15.355677166000078 ], [ -89.307522412999958, 15.355093527000065 ], [ -89.307340591999946, 15.354624612000066 ], [ -89.306779244999973, 15.354120071000068 ], [ -89.305953539999962, 15.353905578000024 ], [ -89.305423969999936, 15.353874229000041 ], [ -89.304443994999986, 15.353936935000036 ], [ -89.304465875999938, 15.354641222000055 ], [ -89.304847307999978, 15.355228517000057 ], [ -89.305241735999971, 15.355738188000032 ], [ -89.305308730999968, 15.356488346000049 ], [ -89.305031124999971, 15.357232788000033 ], [ -89.304659564999952, 15.358030946000042 ], [ -89.304338229999985, 15.358617855000034 ], [ -89.304006439999966, 15.359138036000047 ], [ -89.303699289999898, 15.359579655000061 ], [ -89.303263260999984, 15.360143227000037 ], [ -89.302772485999981, 15.360547953000037 ], [ -89.301931981999985, 15.361171357000046 ], [ -89.300411352999959, 15.362453532000075 ], [ -89.299651806999975, 15.363066991000039 ], [ -89.299008895999975, 15.363593266000066 ], [ -89.298344912999937, 15.364028940000026 ], [ -89.297809183999959, 15.36434491600005 ], [ -89.297078810999949, 15.364622680000025 ], [ -89.296569893999958, 15.364737171000058 ], [ -89.295717134999961, 15.365394184000024 ], [ -89.29539833199999, 15.365835593000043 ], [ -89.295056082999963, 15.366287892000059 ], [ -89.294443672999989, 15.367060578000064 ], [ -89.294022415999962, 15.367411163000043 ], [ -89.293474655999944, 15.367782197000054 ], [ -89.292962374999945, 15.36808613900007 ], [ -89.292543074999969, 15.368358915000044 ], [ -89.291866460999984, 15.368816917000061 ], [ -89.291281645999959, 15.369310288000065 ], [ -89.290497228999982, 15.369979692000072 ], [ -89.289948857999946, 15.370417261000057 ], [ -89.289138056999946, 15.370672218000038 ], [ -89.288431898999988, 15.370861233000028 ], [ -89.287691454999958, 15.371049674000062 ], [ -89.28700754099998, 15.371295458000077 ], [ -89.286461154999984, 15.371554819000039 ], [ -89.285513238999954, 15.371739786000035 ], [ -89.284925702999942, 15.371729974000061 ], [ -89.284147067999982, 15.371482333000074 ], [ -89.283174188999965, 15.371108485000036 ], [ -89.282659357999989, 15.370932930000038 ], [ -89.282074407999971, 15.37077763700006 ], [ -89.280968104999943, 15.37078170500007 ], [ -89.279296315999943, 15.370876708000026 ], [ -89.277425538999978, 15.371112760000074 ], [ -89.276103809999938, 15.371593749000056 ], [ -89.274801150999963, 15.372309683000026 ], [ -89.273506334999979, 15.373205100000064 ], [ -89.272781174999977, 15.37380773700005 ], [ -89.272229993999986, 15.374368164000032 ], [ -89.271816140999988, 15.374953451000067 ], [ -89.271118668999975, 15.375959256000044 ], [ -89.270924301999969, 15.376525661000073 ], [ -89.270833559999971, 15.377083648000053 ], [ -89.270740622999938, 15.377797272000066 ], [ -89.270799512999986, 15.38222471000006 ], [ -89.270689177999941, 15.383261789000073 ], [ -89.27028392699998, 15.384015293000061 ], [ -89.269602210999949, 15.384786715000075 ], [ -89.268838523999989, 15.385623314000043 ], [ -89.266372038999975, 15.388253097000074 ], [ -89.265707182999961, 15.389348532000042 ], [ -89.265431393999961, 15.389947398000061 ], [ -89.265026283999987, 15.390723449000063 ], [ -89.264748295999937, 15.391445232000024 ], [ -89.264499617999945, 15.392446133000021 ], [ -89.264269045999981, 15.393311972000049 ], [ -89.264019688999952, 15.395456691000049 ], [ -89.263911900999972, 15.396348283000066 ], [ -89.263736140999981, 15.397139465000066 ], [ -89.263474789999975, 15.398230392000073 ], [ -89.263189549999936, 15.398706137000033 ], [ -89.262719840999978, 15.39922389700007 ], [ -89.262181191999957, 15.399695376000068 ], [ -89.261713701999952, 15.40005637400003 ], [ -89.261212119999982, 15.400405516000035 ], [ -89.260688881999954, 15.400665178000054 ], [ -89.259007673999974, 15.401274200000046 ], [ -89.257885810999937, 15.401522641000042 ], [ -89.257099736999976, 15.401654910000047 ], [ -89.256601134999983, 15.401837143000023 ], [ -89.255840539999951, 15.402494366000042 ], [ -89.255413534999946, 15.40315834300003 ], [ -89.255104206999988, 15.403711499000053 ], [ -89.254163964999975, 15.404757110000048 ], [ -89.253091576999964, 15.404806695000048 ], [ -89.252285434999976, 15.404793088000076 ], [ -89.251533440999935, 15.404937190000055 ], [ -89.251030841999977, 15.405341558000032 ], [ -89.250446440999951, 15.405800946000056 ], [ -89.249854596999967, 15.406059418000041 ], [ -89.249044652999942, 15.406225090000078 ], [ -89.248421153999971, 15.406303667000032 ], [ -89.247704811999938, 15.406437075000042 ], [ -89.247011336999947, 15.406559586000071 ], [ -89.246443574999944, 15.406739493000032 ], [ -89.245990285999937, 15.406955177000043 ], [ -89.245254093999961, 15.407513501000039 ], [ -89.244679091999956, 15.408095981000031 ], [ -89.24441163099999, 15.408873172000028 ], [ -89.244399566999959, 15.409544136000022 ], [ -89.24445547299996, 15.41028280300003 ], [ -89.244584354999972, 15.410810638000044 ], [ -89.244792450999967, 15.411395087000074 ], [ -89.245038242999954, 15.411823379000055 ], [ -89.245294826999952, 15.412298103000069 ], [ -89.245642248999957, 15.412862350000069 ], [ -89.246170319999976, 15.413597725000045 ], [ -89.246656893999955, 15.414086492000024 ], [ -89.24721263899994, 15.414576426000053 ], [ -89.248571140999957, 15.415270571000065 ], [ -89.249278274999938, 15.415036617000055 ], [ -89.250034544999949, 15.414624135000054 ], [ -89.250814650999985, 15.414179341000022 ], [ -89.251514164999946, 15.413721902000077 ], [ -89.252248547999955, 15.413265049000074 ], [ -89.253247594999948, 15.412801383000044 ], [ -89.254721991999986, 15.412188935000074 ], [ -89.257016380999971, 15.41146735500007 ], [ -89.259226756999965, 15.410923687000036 ], [ -89.260954144999971, 15.410338019000051 ], [ -89.262974845999963, 15.409443678000059 ], [ -89.264565073999961, 15.408789112000022 ], [ -89.265972052999984, 15.408075048000057 ], [ -89.26723849199999, 15.407481568000037 ], [ -89.268106792999959, 15.407238972000073 ], [ -89.268865047999952, 15.407363396000051 ], [ -89.269379117999961, 15.407617949000041 ], [ -89.26968951799995, 15.408305632000065 ], [ -89.269527595999989, 15.408972966000022 ], [ -89.269033029999946, 15.409579437000048 ], [ -89.268540075999965, 15.410062978000042 ], [ -89.268107641999961, 15.410413295000069 ], [ -89.267652057999953, 15.410757583000077 ], [ -89.266326290999984, 15.412099082000054 ], [ -89.26593696399999, 15.412606917000062 ], [ -89.265544851999948, 15.413270374000035 ], [ -89.265158505999977, 15.413611307000053 ], [ -89.264538614999935, 15.414136691000067 ], [ -89.263965427999949, 15.414618864000033 ], [ -89.263276368999982, 15.415110364000043 ], [ -89.262055360999966, 15.415760978000037 ], [ -89.260847611999964, 15.416287724000028 ], [ -89.260243737999986, 15.416534737000063 ], [ -89.25938641099998, 15.416811317000054 ], [ -89.258313773999987, 15.416871062000041 ], [ -89.257207250999954, 15.41687496000003 ], [ -89.253977495999948, 15.417066358000056 ], [ -89.252376740999978, 15.41703932300004 ], [ -89.251087973999972, 15.416928436000035 ], [ -89.244451930999958, 15.416234147000068 ], [ -89.242266570999959, 15.416030198000044 ], [ -89.240429522999989, 15.415662930000053 ], [ -89.239282912999954, 15.415376159000061 ], [ -89.237941880999983, 15.414973289000045 ], [ -89.235567351999975, 15.414396083000042 ], [ -89.234132288999945, 15.414114548000043 ], [ -89.232784631999948, 15.414080391000027 ], [ -89.23125089499996, 15.414144587000067 ], [ -89.230361932999983, 15.414241159000028 ], [ -89.229343452999956, 15.414491188000056 ], [ -89.228209866999975, 15.414740384000027 ], [ -89.22749308899995, 15.414896271000032 ], [ -89.226937543999952, 15.415009776000034 ], [ -89.226223006999987, 15.415041614000074 ], [ -89.225312606999978, 15.415037409000035 ], [ -89.22335587799995, 15.414926281000078 ], [ -89.222514227999966, 15.414978503000043 ], [ -89.22166753, 15.415277667000055 ], [ -89.221015701999988, 15.415635418000022 ], [ -89.220377719999988, 15.415870453000025 ], [ -89.219846817999951, 15.415939240000057 ], [ -89.219097449999936, 15.415903910000054 ], [ -89.218407380999963, 15.41583687800005 ], [ -89.217660790999957, 15.415712480000025 ], [ -89.216276968999978, 15.415172270000028 ], [ -89.216551650999975, 15.414002724000056 ], [ -89.216693943999985, 15.413144497000076 ], [ -89.216765149999958, 15.41174926900004 ], [ -89.21663969299999, 15.410394677000056 ], [ -89.21651258899999, 15.409163010000043 ], [ -89.216321705999974, 15.408242705000077 ], [ -89.215988964999951, 15.406873303000054 ], [ -89.21562129199998, 15.405570981000039 ], [ -89.21537720699996, 15.405052462000072 ], [ -89.21517781099999, 15.404602381000075 ], [ -89.214898417999962, 15.404139658000076 ], [ -89.214574776999939, 15.403552101000059 ], [ -89.214389849999975, 15.402945478000049 ], [ -89.214591078999945, 15.40201042800004 ], [ -89.214954599999942, 15.401647775000072 ], [ -89.215809533999959, 15.400890807000053 ], [ -89.216008323999972, 15.400089942000022 ], [ -89.2160691, 15.398659566000049 ], [ -89.215952011999946, 15.396199696000053 ], [ -89.215710678999983, 15.394887123000046 ], [ -89.215519155999971, 15.392749717000072 ], [ -89.214837380999938, 15.391586431000064 ], [ -89.214538996999977, 15.390888767000035 ], [ -89.214070260999961, 15.390064122000069 ], [ -89.21376965799999, 15.389489369000046 ], [ -89.213018012999953, 15.389007321000065 ], [ -89.212436339999954, 15.388673677000043 ], [ -89.212184307999962, 15.387953114000027 ], [ -89.211962682999967, 15.386195328000042 ], [ -89.211730037999985, 15.385688284000025 ], [ -89.210844638999959, 15.385595361000071 ], [ -89.210258546999967, 15.385506410000062 ], [ -89.209711753999954, 15.385173357000042 ], [ -89.209083187999966, 15.384894176000046 ], [ -89.208242058999986, 15.384924948000048 ], [ -89.207469801999935, 15.38558179000006 ], [ -89.207083058999956, 15.385944037000058 ], [ -89.206594314999961, 15.386192876000052 ], [ -89.205670588999965, 15.386322614000051 ], [ -89.204633237999985, 15.386338740000042 ], [ -89.203921842999989, 15.386203642000055 ], [ -89.203396314999964, 15.385948767000059 ], [ -89.202706319999947, 15.385243280000054 ], [ -89.202487085999962, 15.383998768000026 ], [ -89.202408090999938, 15.378197400000033 ], [ -89.202115920999972, 15.377801006000027 ], [ -89.201225434999969, 15.377350399000022 ], [ -89.200453081999967, 15.376732613000058 ], [ -89.20024979499999, 15.375891060000072 ], [ -89.200386807999962, 15.375323778000052 ], [ -89.200629897999988, 15.374612799000033 ], [ -89.200887448999936, 15.373745280000037 ], [ -89.201048518999983, 15.373133288000076 ], [ -89.201437817999988, 15.371988283000064 ], [ -89.201547432999973, 15.371040404000041 ], [ -89.20162136099998, 15.370137036000074 ], [ -89.201692537999975, 15.368103394000059 ], [ -89.202044209999897, 15.366499786000077 ], [ -89.202948783999943, 15.364246876000038 ], [ -89.204162885999949, 15.361462321000033 ], [ -89.204624295999963, 15.360151592000022 ], [ -89.205714713999953, 15.357196841000075 ], [ -89.206041349999964, 15.356330484000068 ], [ -89.206360403999952, 15.355240658000071 ], [ -89.206795392999936, 15.353492939000034 ], [ -89.207086650999941, 15.352011227000048 ], [ -89.207650285999989, 15.350155154000049 ], [ -89.208088413999974, 15.348842880000063 ], [ -89.20847310299996, 15.347978630000057 ], [ -89.20866719299994, 15.347433736000028 ], [ -89.208737636999956, 15.346719798000038 ], [ -89.20876399299999, 15.345904717000053 ], [ -89.20879959399997, 15.345189057000027 ], [ -89.208947146999947, 15.344678336000072 ], [ -89.210071357999936, 15.342383977000054 ], [ -89.210518641999954, 15.341206077000038 ], [ -89.210655990999953, 15.34061622300004 ], [ -89.210689311999943, 15.340058440000064 ], [ -89.210525864999966, 15.339518743000042 ], [ -89.210601106999945, 15.338570261000029 ], [ -89.21100826299994, 15.337682696000059 ], [ -89.211668375999977, 15.336207236000064 ], [ -89.211855022999941, 15.335461427000041 ], [ -89.212059543999942, 15.334336921000045 ], [ -89.212170096999955, 15.333298800000023 ], [ -89.212127289999955, 15.332482540000058 ], [ -89.211853413999961, 15.331717628000035 ], [ -89.211359104999985, 15.331026799000028 ], [ -89.210888435999948, 15.330282229000034 ], [ -89.21056968399995, 15.32946015300007 ], [ -89.210342993999973, 15.327980902000036 ], [ -89.210183015999974, 15.326637015000074 ], [ -89.209949877999975, 15.325515223000025 ], [ -89.209619319999945, 15.32467151700007 ], [ -89.209305350999955, 15.324196942000071 ], [ -89.208798631999969, 15.323551022000061 ], [ -89.208403088999944, 15.323152891000063 ], [ -89.208099115999971, 15.322768722000035 ], [ -89.207618672999956, 15.321955179000042 ], [ -89.207421346999979, 15.321393476000026 ], [ -89.207106150999948, 15.319699534000051 ], [ -89.207011676999969, 15.318558671000062 ], [ -89.207117232999963, 15.317185460000076 ], [ -89.207287482999959, 15.316059246000066 ], [ -89.20744726099997, 15.315481054000031 ], [ -89.207760559999898, 15.314703561000044 ], [ -89.208281430999989, 15.313919442000042 ], [ -89.208786653999937, 15.313358394000034 ], [ -89.209176056999979, 15.312839367000038 ], [ -89.209369249999952, 15.312373408000042 ], [ -89.20952720799994, 15.311895573000072 ], [ -89.209867005999968, 15.310291711000048 ], [ -89.210027756999978, 15.309690970000077 ], [ -89.210209151999948, 15.309202250000055 ], [ -89.210588729999984, 15.308582664000028 ], [ -89.211142820999953, 15.30788820600003 ], [ -89.21188291499999, 15.307061542000042 ], [ -89.212251042999981, 15.306464316000074 ], [ -89.212446257999943, 15.305852877000063 ], [ -89.212443876999941, 15.30533960300005 ], [ -89.212373810999964, 15.304745096000033 ], [ -89.211998764999976, 15.303822810000042 ], [ -89.211806844999956, 15.302992743000061 ], [ -89.21181549399995, 15.302512368000066 ], [ -89.211952810999946, 15.301921376000053 ], [ -89.212240591999944, 15.301267514000074 ], [ -89.213064016999965, 15.299683122000033 ], [ -89.21381652499997, 15.298164071000031 ], [ -89.214106090999962, 15.297442555000032 ], [ -89.214464606999968, 15.296699646000036 ], [ -89.214998026999979, 15.295859308000047 ], [ -89.215611098999943, 15.295048517000055 ], [ -89.217161923999981, 15.293594854000048 ], [ -89.218708341999957, 15.291932422000059 ], [ -89.220604389999949, 15.290666172000044 ], [ -89.222407153999939, 15.290226275000066 ], [ -89.225661533999983, 15.293181344000061 ], [ -89.229944038999975, 15.29557845100004 ], [ -89.233213064999973, 15.296232558000042 ], [ -89.236272350999968, 15.296074303000069 ], [ -89.239007322999953, 15.294879540000068 ], [ -89.241605193999987, 15.292835290000028 ], [ -89.245525488999988, 15.288055200000031 ], [ -89.246326138999962, 15.287862218000043 ], [ -89.246363002999942, 15.287065325000071 ], [ -89.248327703999962, 15.285197580000045 ], [ -89.248731076999945, 15.284244398000055 ], [ -89.250334016999943, 15.283144385000071 ], [ -89.251687579999953, 15.282996745000048 ], [ -89.253271877999964, 15.283532041000058 ], [ -89.253951044999951, 15.284615049000024 ], [ -89.252215895999939, 15.294188893000069 ], [ -89.252424349999956, 15.296025437000026 ], [ -89.254107791999957, 15.297362185000054 ], [ -89.257974672999978, 15.297802618000048 ], [ -89.261276789999954, 15.296638491000067 ], [ -89.266685233999965, 15.293644848000042 ], [ -89.269930496999962, 15.293027851000033 ], [ -89.27380889899996, 15.293474963000051 ], [ -89.279273845999967, 15.293191501000024 ], [ -89.281747231999987, 15.293604928000036 ], [ -89.290326298999958, 15.293553478000035 ], [ -89.297082215999978, 15.292494575000035 ], [ -89.299307269999986, 15.29160076200003 ], [ -89.304803316999937, 15.287196262000066 ], [ -89.30580927699998, 15.286064492000037 ], [ -89.30765658599995, 15.281884969000032 ], [ -89.307870270999956, 15.280931876000068 ], [ -89.306694622999942, 15.276065055000061 ], [ -89.307405120999988, 15.273817216000054 ], [ -89.308715081999935, 15.272806624000054 ], [ -89.310094434999939, 15.272644368000044 ], [ -89.31272587699999, 15.273516899000072 ], [ -89.315289507999978, 15.273782496000024 ], [ -89.317328989999965, 15.272553727000059 ], [ -89.32081640399997, 15.271660102000055 ], [ -89.324441397999976, 15.271339500000067 ], [ -89.325608572999954, 15.271849399000075 ], [ -89.328096695999989, 15.274183699000048 ], [ -89.330037716999982, 15.275938180000026 ], [ -89.337603456999943, 15.277268132000074 ], [ -89.340103684999974, 15.276508078000063 ], [ -89.343203512999935, 15.274713148000046 ], [ -89.34755781399997, 15.274026166000056 ], [ -89.353159796999989, 15.275616846000048 ], [ -89.356164356999955, 15.277748358000053 ], [ -89.359488883999973, 15.27804616700007 ], [ -89.362722803999986, 15.277197381000065 ], [ -89.365988287999983, 15.275291973000037 ], [ -89.374965669999938, 15.271976398000049 ], [ -89.37971590899997, 15.269582602000071 ], [ -89.382894139999962, 15.266787605000047 ], [ -89.388168870999948, 15.257707435000043 ], [ -89.391095523999979, 15.253772122000044 ], [ -89.392067558999941, 15.251394897000068 ], [ -89.393207102999952, 15.250197059000072 ], [ -89.394083928999976, 15.247471930000074 ], [ -89.39527531799996, 15.24599173200005 ], [ -89.395969669999943, 15.244048874000043 ], [ -89.395207979999952, 15.240539238000054 ], [ -89.395290499999987, 15.237574553000059 ], [ -89.396407439999962, 15.236741849000055 ], [ -89.397506817999954, 15.236871205000057 ], [ -89.399521730999936, 15.238679342000069 ], [ -89.400900607999972, 15.238671019000037 ], [ -89.401843515999985, 15.23809497700006 ], [ -89.40408077799998, 15.234759807000046 ], [ -89.405628324999952, 15.231116832000055 ], [ -89.408449372999939, 15.226410017000035 ], [ -89.414743278999936, 15.220505198000069 ], [ -89.421260964999988, 15.215500630000065 ], [ -89.432360249999988, 15.211739734000048 ], [ -89.438576189999935, 15.208197569000049 ], [ -89.443734809999967, 15.205890804000035 ], [ -89.444836740999961, 15.205759314000034 ], [ -89.44563892299999, 15.205003672000032 ], [ -89.447545760999958, 15.204680689000043 ], [ -89.45274832299998, 15.202620334000073 ], [ -89.458463304999952, 15.19923205200007 ], [ -89.460938229999954, 15.198909990000061 ], [ -89.464508418999969, 15.197704778000059 ], [ -89.472892201999969, 15.194926665000025 ], [ -89.485032204999982, 15.192036573000053 ], [ -89.490648248999946, 15.189812420000067 ], [ -89.494183668999938, 15.18911498600005 ], [ -89.495024831999956, 15.188412757000037 ], [ -89.498654741999985, 15.187338736000072 ], [ -89.502885142999958, 15.185040747000073 ], [ -89.505257670999981, 15.184331805000056 ], [ -89.507030185999952, 15.183017770000049 ], [ -89.508094783999979, 15.182889871000043 ], [ -89.508567590999974, 15.182222477000039 ], [ -89.509661093999966, 15.182102919000044 ], [ -89.51066309, 15.181153751000068 ], [ -89.519170428999985, 15.178399264000063 ], [ -89.532925151999962, 15.175132922000046 ], [ -89.535398878999956, 15.174015590000067 ], [ -89.544705678999946, 15.17265341500007 ], [ -89.549335484999972, 15.173584237000057 ], [ -89.551970333999975, 15.17445282400007 ], [ -89.560657362999962, 15.180584123000074 ], [ -89.563495528999965, 15.181355285000052 ], [ -89.566184575999955, 15.180680948000031 ], [ -89.568579133999947, 15.179463850000047 ], [ -89.574229366999987, 15.175538538000069 ], [ -89.577633467999988, 15.173925952000047 ], [ -89.583007484999939, 15.172707682000066 ], [ -89.583924923999973, 15.172120171000074 ], [ -89.585309238999969, 15.172121989000061 ], [ -89.591470092999941, 15.169942750000075 ], [ -89.59854151899998, 15.16665204800006 ], [ -89.600221156999964, 15.165296239000043 ], [ -89.603160528999979, 15.164573268000026 ], [ -89.613094914999976, 15.160519493000038 ], [ -89.616967274999979, 15.160153384000068 ], [ -89.626826751999943, 15.161528951000037 ], [ -89.62442122799996, 15.164231628000039 ], [ -89.621470692999935, 15.170881242000064 ], [ -89.619454487999974, 15.173931589000063 ], [ -89.61942309599999, 15.174735687000066 ], [ -89.615188521999983, 15.182060969000077 ], [ -89.613094702999945, 15.186574743000051 ], [ -89.611396209999953, 15.188338836000071 ], [ -89.609998648999976, 15.191410767000036 ], [ -89.604242888999977, 15.199021951000077 ], [ -89.590197905999958, 15.220409093000058 ], [ -89.586772419999988, 15.224668621000035 ], [ -89.586447281999938, 15.225948914000071 ], [ -89.581493514999977, 15.232392195000045 ], [ -89.579884977999939, 15.236025899000026 ], [ -89.57603581099994, 15.241871979000052 ], [ -89.574277271999961, 15.246895734000077 ], [ -89.57365342899999, 15.250604200000055 ], [ -89.571828109999956, 15.253645461000076 ], [ -89.567301350999969, 15.266274822000071 ], [ -89.567128594999986, 15.275211106000029 ], [ -89.567723333999936, 15.276057480000077 ], [ -89.567738777999978, 15.286066345000052 ], [ -89.568507892999946, 15.288020071000062 ], [ -89.56802973899994, 15.292859072000056 ], [ -89.566518162999955, 15.295196404000023 ], [ -89.564632214999961, 15.296963778000077 ], [ -89.563201997999954, 15.300080893000029 ], [ -89.563353272999962, 15.303311464000046 ], [ -89.565369653999937, 15.305132061000052 ], [ -89.566221132999942, 15.307346592000044 ], [ -89.56668115299999, 15.309363285000074 ], [ -89.564340736999952, 15.311435073000041 ], [ -89.557764660999965, 15.312562571000058 ], [ -89.553609502999961, 15.312493958000061 ], [ -89.54660009, 15.310874796000064 ], [ -89.543305109999949, 15.311384598000075 ], [ -89.539581253999984, 15.310367830000075 ], [ -89.537956080999948, 15.311280286000056 ], [ -89.536391106999986, 15.312948518000042 ], [ -89.53476337699999, 15.316589210000075 ], [ -89.535266784999976, 15.319728148000024 ], [ -89.540012191999949, 15.326743299000043 ], [ -89.541360858999951, 15.328121605000035 ], [ -89.541486232999944, 15.328875021000044 ], [ -89.543528796999965, 15.330303570000069 ], [ -89.544249201999946, 15.333158152000067 ], [ -89.546642933999976, 15.335790423000049 ], [ -89.547201624999957, 15.336956756000063 ], [ -89.547306607999985, 15.342096859000037 ], [ -89.546559022999986, 15.344036183000071 ], [ -89.544444513999963, 15.34703864100004 ], [ -89.541159723999954, 15.349892014000034 ], [ -89.537387630999945, 15.351266399000053 ], [ -89.535688716999971, 15.352432629000077 ], [ -89.527459219999969, 15.35438849600007 ], [ -89.524856815999954, 15.355760560000022 ], [ -89.522141568999984, 15.356292486000029 ], [ -89.519597017999956, 15.357748877000063 ], [ -89.517728725999973, 15.358253361000038 ], [ -89.513464003999957, 15.361266903000057 ], [ -89.512034606999975, 15.363415371000031 ], [ -89.512076237999963, 15.365839626000025 ], [ -89.513331335999965, 15.367947787000048 ], [ -89.517319674999953, 15.372336183000073 ], [ -89.518335267999987, 15.373921561000031 ], [ -89.522599529999979, 15.377253605000021 ], [ -89.524243573999968, 15.379094765000048 ], [ -89.524571314999946, 15.380368115000067 ], [ -89.523496084999977, 15.386499504000028 ], [ -89.522441851999986, 15.388703539000062 ], [ -89.52205769599999, 15.390824400000042 ], [ -89.520781805999945, 15.393066697000052 ], [ -89.519918746999963, 15.397301278000043 ], [ -89.518706357999974, 15.399602088000051 ], [ -89.518098219999956, 15.403888031000065 ], [ -89.51695942899994, 15.407455934000041 ], [ -89.515159643999937, 15.410379341000066 ], [ -89.514991295999948, 15.411441821000039 ], [ -89.514117778999946, 15.415729202000023 ], [ -89.516444732999958, 15.41892951400007 ], [ -89.52009299599996, 15.420322682000062 ], [ -89.525088836999942, 15.419830060000038 ], [ -89.526744224999959, 15.420062462000033 ], [ -89.531074380999939, 15.422146520000069 ], [ -89.532450276999953, 15.423485913000036 ], [ -89.532936735999954, 15.424416486000041 ], [ -89.532472116999941, 15.429276806000075 ], [ -89.531200463999937, 15.431320618000029 ], [ -89.530099541999959, 15.436315387000036 ], [ -89.526617251999937, 15.439706722000039 ], [ -89.522482006999951, 15.446005548000073 ], [ -89.520025733999944, 15.447779039000068 ], [ -89.516899913999964, 15.451084359000049 ], [ -89.516395797999962, 15.452916694000066 ], [ -89.518687897999939, 15.455577185000038 ], [ -89.521922166999957, 15.456335466000041 ], [ -89.523479094999971, 15.457464538000067 ], [ -89.526446245999978, 15.461267273000033 ], [ -89.528221635999955, 15.464333684000053 ], [ -89.529637444999935, 15.46562863500003 ], [ -89.532091159999936, 15.465835223000056 ], [ -89.532561295999983, 15.464257299000053 ], [ -89.533978674999958, 15.462944700000037 ], [ -89.535505192999949, 15.460560760000021 ], [ -89.538907475999963, 15.458466779000048 ], [ -89.541353910999987, 15.455816207000055 ], [ -89.54291836799996, 15.455203133000055 ], [ -89.545416090999936, 15.454996141000038 ], [ -89.546711149999965, 15.455509426000049 ], [ -89.55042558699995, 15.458790995000072 ], [ -89.550144085999989, 15.461105344000032 ], [ -89.555369621999944, 15.466377111000043 ], [ -89.556755923999958, 15.466479931000038 ], [ -89.55810614699999, 15.465704326000036 ], [ -89.560002247999989, 15.465407717000062 ], [ -89.564821696999957, 15.469506295000031 ], [ -89.570939265999982, 15.473744537000073 ], [ -89.580363146999957, 15.474843914000076 ], [ -89.582724398999972, 15.474391826000044 ], [ -89.586200290999955, 15.475429448000057 ], [ -89.589124225999967, 15.477915242000051 ], [ -89.589618285999961, 15.480816023000045 ], [ -89.588936246999936, 15.482883972000025 ], [ -89.58621025299999, 15.486267635000047 ], [ -89.580564810999988, 15.490525710000043 ], [ -89.57413700099994, 15.493383581000046 ], [ -89.568689111999959, 15.497174933000053 ], [ -89.566919006999967, 15.498947153000074 ], [ -89.566985088999957, 15.502692056000058 ], [ -89.569364472999951, 15.505352465000044 ], [ -89.56965450499996, 15.50632171500007 ], [ -89.572499360999984, 15.508952101000034 ], [ -89.572760254999935, 15.50996039000006 ], [ -89.576347244999965, 15.511311420000027 ], [ -89.581586874999971, 15.515447994000056 ], [ -89.582865422999987, 15.518016783000064 ], [ -89.583027758999947, 15.521795947000044 ], [ -89.58215654299994, 15.524944133000076 ], [ -89.575473585999987, 15.538661736000051 ], [ -89.575395580999952, 15.539718924000056 ], [ -89.572240615999988, 15.546306855000068 ], [ -89.57163219499995, 15.548642106000045 ], [ -89.56972534, 15.552137387000073 ], [ -89.566168105999964, 15.560808588000043 ], [ -89.565031893999958, 15.562534152000069 ], [ -89.56413005099995, 15.565915266000047 ], [ -89.562296476999961, 15.569148665000057 ], [ -89.559606565999957, 15.576198232000024 ], [ -89.555539244999977, 15.584505679000074 ], [ -89.554463071999976, 15.587815139000043 ], [ -89.553461522999953, 15.589337350000051 ], [ -89.553397538999945, 15.590415035000035 ], [ -89.550256394999963, 15.596558008000045 ], [ -89.545237785999973, 15.609089270000027 ], [ -89.542206980999936, 15.614898648000064 ], [ -89.54214023899999, 15.615961603000073 ], [ -89.539284322999947, 15.621639390000041 ], [ -89.534157912999945, 15.63415264200006 ], [ -89.536294639999937, 15.636291859000039 ], [ -89.533329410999954, 15.636435648000031 ], [ -89.532144949999974, 15.637695278000024 ], [ -89.53005006099994, 15.64346611600007 ], [ -89.528780296999969, 15.645084293000025 ], [ -89.524725061999959, 15.653388582000048 ], [ -89.517884625999955, 15.66549589400006 ], [ -89.517394917999979, 15.667213257000071 ], [ -89.513349153999968, 15.674144180000042 ], [ -89.512923199999989, 15.675874946000022 ], [ -89.50973666699997, 15.680849466000041 ], [ -89.508140761999982, 15.684599202000072 ], [ -89.504658184999982, 15.690491795000071 ], [ -89.504360968999947, 15.691802609000035 ], [ -89.500121950999983, 15.698938739000027 ], [ -89.49983180299995, 15.700241754000047 ], [ -89.497884434999946, 15.703100018000043 ], [ -89.496495340999957, 15.706240260000072 ], [ -89.49528186699996, 15.707317451000051 ], [ -89.494967043999964, 15.708902120000062 ], [ -89.493557055999986, 15.710910340000055 ], [ -89.492387516999941, 15.708503008000037 ], [ -89.489455903999954, 15.705236933000037 ], [ -89.479312552999943, 15.690951218000066 ], [ -89.476203713999951, 15.685892791000072 ], [ -89.469261801999949, 15.676604729000076 ], [ -89.468863701999965, 15.675410259000046 ], [ -89.467146283999966, 15.673634868000022 ], [ -89.463839503999964, 15.668232441000043 ], [ -89.460047306999968, 15.663673955000036 ], [ -89.459187346999954, 15.661816506000036 ], [ -89.457563619999974, 15.660392345000048 ], [ -89.456980677999979, 15.659691301000066 ] ] ] ] } },
{ "type": "Feature", "properties": { "Codigo": 609, "datos_finales_color_riesgo": "C4D2B0" }, "geometry": { "type": "MultiPolygon", "coordinates": [ [ [ [ -90.419488323999985, 14.135492999000064 ], [ -90.419694250999953, 14.13472734100003 ], [ -90.421256378999942, 14.13323999000005 ], [ -90.424381980999954, 14.127415093000025 ], [ -90.424681235999969, 14.126939508000078 ], [ -90.425534696999989, 14.122711793000065 ], [ -90.426195545999974, 14.110802129000035 ], [ -90.426603502999967, 14.109247028000027 ], [ -90.435625310999967, 14.110753747000047 ], [ -90.438250002999951, 14.111585719000061 ], [ -90.438251819999948, 14.114787127000056 ], [ -90.437505898999973, 14.11821883500005 ], [ -90.436960762999945, 14.124488189000033 ], [ -90.439055919999987, 14.124779274000048 ], [ -90.453390595999963, 14.123082963000058 ], [ -90.455963853999947, 14.121118205000073 ], [ -90.456411189999983, 14.120482651000032 ], [ -90.456897439999977, 14.119728936000058 ], [ -90.458164982999961, 14.118326255000056 ], [ -90.461208036999949, 14.113009115000068 ], [ -90.461730475999957, 14.109350192000022 ], [ -90.459758337999972, 14.108562619000054 ], [ -90.444692977999978, 14.10629371400006 ], [ -90.443969218999939, 14.105467327000042 ], [ -90.443960574999949, 14.103232466000065 ], [ -90.444935369999939, 14.094920289000072 ], [ -90.444572652999966, 14.09445345000006 ], [ -90.44403244199998, 14.094029900000066 ], [ -90.443141932999936, 14.093583434000038 ], [ -90.442388986999958, 14.093043568000041 ], [ -90.44198404499997, 14.081725392000067 ], [ -90.442784237999945, 14.078017541000065 ], [ -90.443446006999977, 14.076766580000026 ], [ -90.445850073999964, 14.074364173000049 ], [ -90.446772057999965, 14.073429884000063 ], [ -90.447108371999946, 14.072938833000023 ], [ -90.447405557999957, 14.072429300000067 ], [ -90.447547955999937, 14.071898931000021 ], [ -90.447666484999957, 14.071226023000065 ], [ -90.445235350999951, 14.067949193000061 ], [ -90.444722105999972, 14.067341871000053 ], [ -90.444596798999953, 14.06435594900006 ], [ -90.44614854799994, 14.056289220000053 ], [ -90.448261681999952, 14.049949366000021 ], [ -90.449970821999955, 14.04654916800007 ], [ -90.450486935999947, 14.044439526000076 ], [ -90.450953397999967, 14.037406943000065 ], [ -90.45245373099999, 14.031377858000042 ], [ -90.453611214999967, 14.028631276000056 ], [ -90.454634641999974, 14.005890901000043 ], [ -90.454907129999981, 14.003464729000029 ], [ -90.45555933899999, 14.002630281000052 ], [ -90.451774010999941, 14.001956996000047 ], [ -90.451896335999947, 14.001141829000062 ], [ -90.452226209999935, 14.000278027000036 ], [ -90.452749976999939, 13.999712128000056 ], [ -90.455906665999976, 13.996345082000062 ], [ -90.462072201999945, 13.99494278700007 ], [ -90.462600221999935, 13.994460471000025 ], [ -90.463395986999956, 13.994502675000035 ], [ -90.466251314999965, 13.991917143000023 ], [ -90.468409482999959, 13.98952078700006 ], [ -90.469674501999975, 13.983718239000041 ], [ -90.470068947999948, 13.983338401000026 ], [ -90.470308814999953, 13.979009013000052 ], [ -90.469633724999937, 13.978087267000035 ], [ -90.467274867999947, 13.975163829000053 ], [ -90.467028265999943, 13.974133621000021 ], [ -90.466161756999952, 13.973270853000031 ], [ -90.466081967999969, 13.972425326000064 ], [ -90.463918777999936, 13.970808217000069 ], [ -90.462339549999967, 13.971251333000055 ], [ -90.461410478999937, 13.972512047000066 ], [ -90.460529172999941, 13.975057229000072 ], [ -90.457839451999973, 13.977374558000065 ], [ -90.456482259999973, 13.977653949000057 ], [ -90.454347580999979, 13.977075975000048 ], [ -90.451365130999989, 13.977668032000054 ], [ -90.450158238999961, 13.97721494700005 ], [ -90.447156252999946, 13.975698426000065 ], [ -90.44273265399994, 13.975797543000056 ], [ -90.440589756999941, 13.97303991900003 ], [ -90.440632988999937, 13.972214893000057 ], [ -90.439630084999976, 13.97041672000006 ], [ -90.43930215499995, 13.967445595000072 ], [ -90.441324529999974, 13.963835238000058 ], [ -90.442928160999941, 13.956198048000033 ], [ -90.442884431999971, 13.953138444000047 ], [ -90.44255590399996, 13.94942990800007 ], [ -90.442718059999947, 13.948145396000029 ], [ -90.443042782999953, 13.947689203000039 ], [ -90.443439124999941, 13.942568817000051 ], [ -90.444387700999982, 13.941106235000063 ], [ -90.445544203999987, 13.941602828000043 ], [ -90.44748868299996, 13.941624363000074 ], [ -90.449484119999966, 13.940586045000032 ], [ -90.450548405999939, 13.940321657000027 ], [ -90.45144136, 13.939339522000068 ], [ -90.452536253999938, 13.93918272600007 ], [ -90.454288990999942, 13.937868536000053 ], [ -90.455361889999949, 13.938029949000054 ], [ -90.456652194999947, 13.937554464000073 ], [ -90.459969035999961, 13.933612954000068 ], [ -90.461234581999975, 13.931433115000061 ], [ -90.462365652999949, 13.930236587000024 ], [ -90.462838, 13.928007812000033 ], [ -90.460709848999954, 13.927240316000052 ], [ -90.460143984999945, 13.926335516000051 ], [ -90.460097416999986, 13.922556500000042 ], [ -90.458824905999961, 13.91427247200005 ], [ -90.458350974999973, 13.912151284000061 ], [ -90.457439434999969, 13.911410013000022 ], [ -90.454337644999953, 13.909412725000038 ], [ -90.450080818999936, 13.907752274000075 ], [ -90.449102251999989, 13.906802494000033 ], [ -90.446535660999984, 13.906085656000073 ], [ -90.444058979999966, 13.904130941000062 ], [ -90.444124337999938, 13.902758450000022 ], [ -90.445108796999989, 13.900323918000026 ], [ -90.446436035999966, 13.898411296000063 ], [ -90.450829097999986, 13.889348593000022 ], [ -90.453320924999957, 13.883775695000054 ], [ -90.455130285999985, 13.880883302000029 ], [ -90.456031003999954, 13.879321872000048 ], [ -90.459613114999968, 13.880700717000025 ], [ -90.463126527999975, 13.881758091000052 ], [ -90.466043002999982, 13.88254497500003 ], [ -90.470131678999962, 13.883910872000058 ], [ -90.471737777999977, 13.884502306000059 ], [ -90.472786089999943, 13.885099250000053 ], [ -90.473742869999967, 13.885503269000026 ], [ -90.47489669, 13.885858503000065 ], [ -90.47740061199994, 13.886591313000054 ], [ -90.482425987999989, 13.888365336000049 ], [ -90.486093265999955, 13.889543704000062 ], [ -90.488359645999935, 13.890284129000065 ], [ -90.492935447999969, 13.891583550000064 ], [ -90.497902761999967, 13.892977249000069 ], [ -90.503857515999982, 13.894897048000075 ], [ -90.507384316999946, 13.895669397000063 ], [ -90.509146193999982, 13.896253169000033 ], [ -90.511639554999988, 13.897026206000021 ], [ -90.516739556999937, 13.898633221000068 ], [ -90.524012810999977, 13.901019975000054 ], [ -90.527290036999943, 13.901962316000038 ], [ -90.532165952999947, 13.903303635000043 ], [ -90.53526948199999, 13.904062298000042 ], [ -90.537425248999966, 13.904529027000024 ], [ -90.548016639999958, 13.907003945000042 ], [ -90.550275586999987, 13.907450147000077 ], [ -90.554754360999937, 13.908273210000061 ], [ -90.558560707999959, 13.909058972000025 ], [ -90.560407815999952, 13.909369960000049 ], [ -90.563555520999955, 13.909906249000073 ], [ -90.565836881999985, 13.910262193000051 ], [ -90.569417019999946, 13.910964225000043 ], [ -90.573625797999966, 13.911864453000021 ], [ -90.575895956999943, 13.912301510000077 ], [ -90.580075266999984, 13.913039843000035 ], [ -90.584790235999947, 13.914026230000047 ], [ -90.590095371999951, 13.914855737000039 ], [ -90.595398622999937, 13.915929062000032 ], [ -90.600539766999987, 13.916695748000052 ], [ -90.611088903999985, 13.918435847000069 ], [ -90.617590826999958, 13.919620977000022 ], [ -90.62232933699994, 13.920323432000032 ], [ -90.628615567999987, 13.92135935500005 ], [ -90.633819207999977, 13.922096618000069 ], [ -90.640139002999945, 13.922915740000064 ], [ -90.644982416999937, 13.923497941000051 ], [ -90.655135843999972, 13.924554750000027 ], [ -90.659241311999949, 13.924943221000035 ], [ -90.660143291999987, 13.932398136000074 ], [ -90.661132558999952, 13.936527757000022 ], [ -90.66210356, 13.942760177000025 ], [ -90.663531072999945, 13.951031068000077 ], [ -90.671333395999966, 13.999615704000064 ], [ -90.671778139999958, 14.002083241000037 ], [ -90.671631127999945, 14.002840799000069 ], [ -90.673107616999971, 14.009272349000071 ], [ -90.673224198999947, 14.012798390000057 ], [ -90.674258006999935, 14.016215781000028 ], [ -90.675251385999957, 14.021811437000054 ], [ -90.670013875999985, 14.02229416800003 ], [ -90.66853951, 14.022758843000076 ], [ -90.666868911999984, 14.023410230000025 ], [ -90.664189919999956, 14.026543360000062 ], [ -90.66343306899995, 14.027088334000041 ], [ -90.661982551999984, 14.027592724000044 ], [ -90.660650859999976, 14.02790060500007 ], [ -90.660156608999955, 14.028101378000031 ], [ -90.659564834999969, 14.028507891000061 ], [ -90.659900687999937, 14.033029907000071 ], [ -90.660724001999938, 14.034602101000075 ], [ -90.662284375999945, 14.040551113000049 ], [ -90.662826014999951, 14.045089802000064 ], [ -90.663810567999974, 14.047936403000051 ], [ -90.663625864999972, 14.050291696000045 ], [ -90.662608510999974, 14.050733621000063 ], [ -90.657377312999984, 14.050872695000066 ], [ -90.640626424999937, 14.050326832000053 ], [ -90.636793286999989, 14.050701597000057 ], [ -90.636294752999959, 14.057735084000058 ], [ -90.63532579799994, 14.061116025000047 ], [ -90.635447193999937, 14.065457456000047 ], [ -90.637571248999961, 14.069580202000054 ], [ -90.637953781999954, 14.071142507000047 ], [ -90.641138447999936, 14.076493102000029 ], [ -90.645979144999956, 14.082618800000034 ], [ -90.64739717399999, 14.084025187000066 ], [ -90.647976417999985, 14.085255105000044 ], [ -90.650441093999973, 14.096492934000025 ], [ -90.649899854999944, 14.099627377000047 ], [ -90.648966792999943, 14.099949184000025 ], [ -90.648184896999965, 14.09991670200003 ], [ -90.647005307999962, 14.099905180000064 ], [ -90.646130662999951, 14.100172206000025 ], [ -90.645753217999982, 14.100756930000045 ], [ -90.645643438999969, 14.10141881100003 ], [ -90.645479413999965, 14.102405428000054 ], [ -90.645269608999968, 14.102891274000058 ], [ -90.644712236999965, 14.103474235000022 ], [ -90.644259837999982, 14.103807499000027 ], [ -90.643523884999979, 14.104314169000077 ], [ -90.642954299999985, 14.104846184000053 ], [ -90.642563661999986, 14.105418350000036 ], [ -90.642276903999971, 14.105903439000031 ], [ -90.641964368999936, 14.106363427000076 ], [ -90.641652735999969, 14.106735333000074 ], [ -90.640966584999944, 14.107405114000073 ], [ -90.640228313999955, 14.108135369000024 ], [ -90.639554430999965, 14.108792842000071 ], [ -90.638300218999973, 14.10984329200005 ], [ -90.637933210999961, 14.110590733000038 ], [ -90.637987887999941, 14.111517368000023 ], [ -90.638401768999984, 14.112397835000024 ], [ -90.638909013999978, 14.112977671000067 ], [ -90.639543074999949, 14.113660395000068 ], [ -90.640404767999939, 14.114657063000038 ], [ -90.640707721999945, 14.115073389000031 ], [ -90.640998536999973, 14.115488467000034 ], [ -90.641302455999949, 14.115867534000074 ], [ -90.641822047999938, 14.116485886000078 ], [ -90.642086705999986, 14.116913131000047 ], [ -90.642038794999962, 14.117801491000023 ], [ -90.641664014999947, 14.118123083000057 ], [ -90.641183541999965, 14.11870678300005 ], [ -90.641009707999956, 14.11940529900005 ], [ -90.641065158999936, 14.120257403000039 ], [ -90.641428864999966, 14.12101201300004 ], [ -90.641872934999981, 14.121491840000033 ], [ -90.642491853999957, 14.122411585000066 ], [ -90.643110522999962, 14.123356173000047 ], [ -90.643590091999954, 14.124098366000055 ], [ -90.643854491999946, 14.124551582000038 ], [ -90.644102294999982, 14.12538072500007 ], [ -90.644145168999955, 14.126219153000022 ], [ -90.64407579799996, 14.126718793000066 ], [ -90.643656182999962, 14.127628358000038 ], [ -90.643354667999972, 14.128251084000055 ], [ -90.643028202999972, 14.128823871000066 ], [ -90.642645834999939, 14.129374652000024 ], [ -90.642693067999971, 14.130350908000025 ], [ -90.642772484999966, 14.131460747000062 ], [ -90.642853275999983, 14.132437332000052 ], [ -90.643252631999985, 14.133384290000038 ], [ -90.643748887999948, 14.133743783000057 ], [ -90.644459706999953, 14.134227356000054 ], [ -90.644462258999965, 14.135103788000038 ], [ -90.643863518999979, 14.135873809000032 ], [ -90.643165209999907, 14.136366150000072 ], [ -90.642649722999977, 14.136749601000076 ], [ -90.642157506999979, 14.13712085800006 ], [ -90.641733078999948, 14.137483743000075 ], [ -90.641308437999953, 14.13786695500005 ], [ -90.640824922999968, 14.138516123000045 ], [ -90.640544727999952, 14.139201166000078 ], [ -90.640312646999973, 14.139709370000048 ], [ -90.63979372099999, 14.140424821000067 ], [ -90.639335038999945, 14.140797529000054 ], [ -90.638764214999981, 14.141102499000056 ], [ -90.637620258999959, 14.141823091000049 ], [ -90.636837383999989, 14.142320225000049 ], [ -90.635744049999971, 14.143013069000062 ], [ -90.634953716999973, 14.143615155000077 ], [ -90.634345523999968, 14.144174986000053 ], [ -90.633759560999977, 14.144823123000037 ], [ -90.632909519999941, 14.145713734000026 ], [ -90.63239331599999, 14.146162655000069 ], [ -90.631500428999971, 14.146775008000077 ], [ -90.630574668999941, 14.147320399000023 ], [ -90.629864270999974, 14.147856619000038 ], [ -90.62928904599994, 14.148527437000041 ], [ -90.628735354999947, 14.149353190000056 ], [ -90.628422454999964, 14.149894460000041 ], [ -90.627868525999986, 14.150742794000053 ], [ -90.62715684599999, 14.151400964000061 ], [ -90.626573021999945, 14.151839037000059 ], [ -90.626148447999981, 14.152210919000026 ], [ -90.625655234999954, 14.152672472000063 ], [ -90.625276591999977, 14.153023351000058 ], [ -90.624794486999974, 14.153473717000054 ], [ -90.624109396999984, 14.15379897300005 ], [ -90.62352855499995, 14.153893734000064 ], [ -90.622674728999982, 14.154028710000034 ], [ -90.622173395999937, 14.154157007000038 ], [ -90.621565614999952, 14.154671627000027 ], [ -90.621047042999976, 14.155399448000026 ], [ -90.620837477999942, 14.155851377000033 ], [ -90.620568427999956, 14.156624587000067 ], [ -90.620380028999989, 14.157211123000025 ], [ -90.620204705999981, 14.157708566000053 ], [ -90.62002892299995, 14.158194710000032 ], [ -90.619610343999966, 14.159099702000049 ], [ -90.61910484699996, 14.159626617000072 ], [ -90.618327718999979, 14.160062746000051 ], [ -90.617780198999981, 14.16023461900005 ], [ -90.617130376999967, 14.160449522000022 ], [ -90.61636608799995, 14.16070846100007 ], [ -90.61568176899999, 14.160956897000062 ], [ -90.614996412999972, 14.161304704000031 ], [ -90.614480600999968, 14.161709536000046 ], [ -90.614102151999987, 14.162038934000066 ], [ -90.613652765999973, 14.162621733000037 ], [ -90.613291497999967, 14.163466292000066 ], [ -90.613125296999954, 14.164141130000075 ], [ -90.61295688499996, 14.165027133000024 ], [ -90.612672738999947, 14.166133342000023 ], [ -90.612415338999938, 14.166840021000041 ], [ -90.612158621999981, 14.167481201000044 ], [ -90.61153328599994, 14.168616759000031 ], [ -90.610835273999953, 14.169064939000066 ], [ -90.610218867999947, 14.169291443000077 ], [ -90.60960373599994, 14.169451328000036 ], [ -90.608920543999943, 14.169589073000054 ], [ -90.607848716999968, 14.169921706000025 ], [ -90.607408231999955, 14.170259508000072 ], [ -90.605754440999988, 14.169464867000045 ], [ -90.60446671699998, 14.16864225300003 ], [ -90.603540223999971, 14.167975707000039 ], [ -90.602565425999956, 14.167004879000046 ], [ -90.600622408999982, 14.164824986000042 ], [ -90.59602478499994, 14.157540919000041 ], [ -90.593072235999955, 14.155566575000023 ], [ -90.589652642999965, 14.154479697000056 ], [ -90.581034609999961, 14.153627285000027 ], [ -90.580056447999937, 14.153426566000064 ], [ -90.574668111999983, 14.152795079000043 ], [ -90.56995208799998, 14.152776737000067 ], [ -90.567413746999989, 14.154378391000023 ], [ -90.563278492999984, 14.154814143000067 ], [ -90.559967488999973, 14.157071902000041 ], [ -90.557339751999962, 14.159988186000021 ], [ -90.554970046999983, 14.161228884000025 ], [ -90.548620931999949, 14.16190378400006 ], [ -90.544886628999961, 14.162819862000049 ], [ -90.543152579999969, 14.164083874000028 ], [ -90.54238256299999, 14.165191746000062 ], [ -90.540969697999969, 14.167204379000054 ], [ -90.53931681399996, 14.172260283000071 ], [ -90.536488080999959, 14.175367313000038 ], [ -90.530827067999951, 14.182100682000055 ], [ -90.527591128999973, 14.183883219000052 ], [ -90.525533960999951, 14.186419837000074 ], [ -90.523984188999975, 14.188647733000039 ], [ -90.523645801999976, 14.19187966800007 ], [ -90.52264471899997, 14.195217673000059 ], [ -90.520282237999936, 14.198456867000061 ], [ -90.518327750999958, 14.199303901000064 ], [ -90.515044461999935, 14.199825435000037 ], [ -90.511180241999966, 14.19980220900004 ], [ -90.509093829999983, 14.199055495000039 ], [ -90.506541068999979, 14.197346275000029 ], [ -90.501698331999989, 14.19388308300006 ], [ -90.500709556999936, 14.192693792000057 ], [ -90.500186990999964, 14.192320190000032 ], [ -90.49963915, 14.19161318700003 ], [ -90.499353721999967, 14.191148331000022 ], [ -90.49774952599995, 14.186343430000022 ], [ -90.497090298999979, 14.174167448000048 ], [ -90.497594111999945, 14.172764498000049 ], [ -90.499388293999971, 14.170104570000035 ], [ -90.499417637999954, 14.167426225000042 ], [ -90.498800727999935, 14.166531046000046 ], [ -90.498751288999983, 14.164916789000074 ], [ -90.500377796999942, 14.162447073000067 ], [ -90.500473213999953, 14.160549744000036 ], [ -90.498521637999943, 14.159467876000065 ], [ -90.492782383999952, 14.158629890000043 ], [ -90.49126318499998, 14.160071900000048 ], [ -90.489343639999959, 14.162661566000054 ], [ -90.485617396999942, 14.165463775000035 ], [ -90.48364225499995, 14.166209828000035 ], [ -90.478687426999954, 14.165756890000068 ], [ -90.477300944999968, 14.164445913000066 ], [ -90.476833260999967, 14.163199932000055 ], [ -90.477041637999946, 14.160785500000031 ], [ -90.475967153999989, 14.159939670000028 ], [ -90.471073734999948, 14.158973431000049 ], [ -90.469110608999983, 14.159839194000028 ], [ -90.468497954999975, 14.16040074700004 ], [ -90.467923738999957, 14.160783149000054 ], [ -90.464625781999985, 14.160696367000071 ], [ -90.462691740999958, 14.159774772000048 ], [ -90.461380648999977, 14.15851307500003 ], [ -90.456619386999989, 14.154732737000074 ], [ -90.455190552999966, 14.151423574000034 ], [ -90.455370766999977, 14.149789205000047 ], [ -90.456617849999986, 14.148215828000048 ], [ -90.456592934999946, 14.147126967000077 ], [ -90.45428329799995, 14.145238101000075 ], [ -90.452074492999941, 14.145415677000074 ], [ -90.449679230999948, 14.146747596000068 ], [ -90.448320510999963, 14.146914968000033 ], [ -90.44324175, 14.150095073000045 ], [ -90.442257400999949, 14.150467396000067 ], [ -90.440620420999949, 14.150989722000077 ], [ -90.438405393999972, 14.153008876000058 ], [ -90.437800061999951, 14.153997269000058 ], [ -90.437147239999945, 14.15488577800005 ], [ -90.436773656999947, 14.155485927000029 ], [ -90.436241905999964, 14.155794173000061 ], [ -90.43523231599994, 14.155783383000028 ], [ -90.434364697999968, 14.155393556000035 ], [ -90.433727275999956, 14.15496102000003 ], [ -90.433293860999981, 14.15429352600006 ], [ -90.433256529999937, 14.152156624000042 ], [ -90.434918158999949, 14.149336629000061 ], [ -90.435058348999974, 14.148806258000036 ], [ -90.434543089999977, 14.147801383000058 ], [ -90.434469665999984, 14.146765092000066 ], [ -90.433000426999968, 14.145490295000059 ], [ -90.431167462999952, 14.143837826000038 ], [ -90.430210421999959, 14.143223448000072 ], [ -90.428918579999959, 14.142385282000077 ], [ -90.427372254999966, 14.140819423000039 ], [ -90.426595604999989, 14.140681242000028 ], [ -90.419488323999985, 14.135492999000064 ] ] ] ] } },
{ "type": "Feature", "properties": { "Codigo": 401, "datos_finales_color_riesgo": "C4D2B0" }, "geometry": { "type": "MultiPolygon", "coordinates": [ [ [ [ -90.750927506999972, 14.747311568000043 ], [ -90.751392438999972, 14.746508557000027 ], [ -90.751718035999943, 14.745825038000078 ], [ -90.75209874899997, 14.745142056000077 ], [ -90.752393287999951, 14.744713482000066 ], [ -90.752715980999938, 14.74431228800006 ], [ -90.753150419999898, 14.743765353000072 ], [ -90.753725055999951, 14.743070697000064 ], [ -90.754117482999959, 14.742602414000032 ], [ -90.754565991999982, 14.74204093000003 ], [ -90.755045782999957, 14.741144312000074 ], [ -90.755147898999951, 14.740579464000064 ], [ -90.755627278999953, 14.739722371000028 ], [ -90.756171293999955, 14.739296211000067 ], [ -90.756839080999953, 14.738966122000022 ], [ -90.757577562999984, 14.738475208000068 ], [ -90.757996411999954, 14.738088489000063 ], [ -90.758416380999961, 14.737648696000065 ], [ -90.75890661699998, 14.737033393000047 ], [ -90.759411340999975, 14.73641936000007 ], [ -90.760026172999972, 14.735818814000027 ], [ -90.760893513999974, 14.734924801000034 ], [ -90.761761361999959, 14.733923496000045 ], [ -90.762057749999897, 14.73336729600004 ], [ -90.762411110999949, 14.732629813000074 ], [ -90.762587905999965, 14.731908689000022 ], [ -90.768857768999965, 14.730231039000046 ], [ -90.770808533999968, 14.728921630000059 ], [ -90.772087862999967, 14.728647072000058 ], [ -90.780875538999965, 14.725680889000046 ], [ -90.782560477999937, 14.724942570000053 ], [ -90.783935779999979, 14.723665921000077 ], [ -90.786500104999959, 14.722662661000072 ], [ -90.792816753999944, 14.718547404000049 ], [ -90.795318239999972, 14.715762294000058 ], [ -90.795315836999976, 14.714673484000059 ], [ -90.796114960999944, 14.713328008000076 ], [ -90.79938782499994, 14.709288580000077 ], [ -90.801284051999971, 14.705915964000042 ], [ -90.801919931999976, 14.703598710000051 ], [ -90.802748583999971, 14.702308824000056 ], [ -90.803477128999987, 14.698612246000039 ], [ -90.806399201999966, 14.691898179000077 ], [ -90.807158957999945, 14.691574433000028 ], [ -90.808941348999952, 14.687485690000074 ], [ -90.80986954499997, 14.683936653000046 ], [ -90.811180880999984, 14.681116336000059 ], [ -90.811971055999948, 14.680354623000028 ], [ -90.812724181999954, 14.677483849000055 ], [ -90.814310442999954, 14.674134115000072 ], [ -90.814659856999981, 14.667395629000055 ], [ -90.813922189999971, 14.664510813000049 ], [ -90.813766399999963, 14.659634577000077 ], [ -90.814609515999962, 14.654577982000035 ], [ -90.815575107999962, 14.633751772000039 ], [ -90.814983131999952, 14.626112143000057 ], [ -90.818448616999945, 14.624521577000053 ], [ -90.820191319999935, 14.626064937000024 ], [ -90.826409297999987, 14.633203730000048 ], [ -90.827289114999985, 14.633504475000052 ], [ -90.828359137999939, 14.634752365000054 ], [ -90.829956868999943, 14.635363630000029 ], [ -90.831188749999967, 14.636788086000024 ], [ -90.835874584999942, 14.639880170000026 ], [ -90.838210735999951, 14.642210544000022 ], [ -90.842719636999959, 14.648647534000077 ], [ -90.845316538999953, 14.65060754700005 ], [ -90.85093438499996, 14.652043150000054 ], [ -90.85353132099999, 14.653357016000029 ], [ -90.85611718199999, 14.655812669000056 ], [ -90.857768503999978, 14.655710423000073 ], [ -90.86048236299996, 14.656283219000045 ], [ -90.86505294899996, 14.655194607000055 ], [ -90.866431932999944, 14.655241152000031 ], [ -90.870184622999943, 14.658287938000058 ], [ -90.870959681999977, 14.659722731000045 ], [ -90.868113044999973, 14.662971059000029 ], [ -90.866586124999969, 14.664956261000043 ], [ -90.863709391999976, 14.667705004000027 ], [ -90.86260561399996, 14.671092376000047 ], [ -90.862598285999979, 14.672444314000074 ], [ -90.862898288999986, 14.677036217000023 ], [ -90.863895437999986, 14.678900025000075 ], [ -90.865053529999955, 14.681457693000027 ], [ -90.863916546999974, 14.685507767000047 ], [ -90.86146236799999, 14.686532206000038 ], [ -90.858598302999951, 14.687941378000062 ], [ -90.853259669999943, 14.691144972000075 ], [ -90.851151079999966, 14.692237996000074 ], [ -90.847521759999907, 14.695115026000053 ], [ -90.84483698799994, 14.69786410200004 ], [ -90.843641592999973, 14.700781733000042 ], [ -90.843568106999953, 14.703775304000033 ], [ -90.843978153999956, 14.705504965000046 ], [ -90.843612218999965, 14.707791018000023 ], [ -90.842886770999939, 14.70857716200004 ], [ -90.840463560999979, 14.709190490000026 ], [ -90.839814148999949, 14.708675041000049 ], [ -90.839466907999963, 14.708231307000062 ], [ -90.838973546999966, 14.707247451000057 ], [ -90.838778489999982, 14.706609735000029 ], [ -90.838593653999965, 14.704992859000072 ], [ -90.838167741999939, 14.70358268800004 ], [ -90.837259511999946, 14.703309918000059 ], [ -90.836497452999936, 14.703159364000044 ], [ -90.836044520999963, 14.70284453000005 ], [ -90.835569107999959, 14.702573535000056 ], [ -90.834601804999977, 14.702408634000051 ], [ -90.833609494999962, 14.70254393700003 ], [ -90.833002065999949, 14.702892913000028 ], [ -90.832599784999957, 14.70326639700005 ], [ -90.83214007, 14.703639342000031 ], [ -90.831669439999985, 14.704000889000042 ], [ -90.830843087999938, 14.704603074000033 ], [ -90.830246709999983, 14.705007489000025 ], [ -90.829583721999938, 14.705223787000023 ], [ -90.828742820999935, 14.704949357000032 ], [ -90.827923364999947, 14.704853581000066 ], [ -90.827305011999954, 14.705191145000072 ], [ -90.826671534999946, 14.705884346000062 ], [ -90.825844291999942, 14.706574601000057 ], [ -90.825441961999957, 14.706892723000067 ], [ -90.824892818999956, 14.707154125000045 ], [ -90.824412883999969, 14.70728176700004 ], [ -90.823512732999973, 14.70730719900007 ], [ -90.822691962999954, 14.707343539000021 ], [ -90.821129890999941, 14.707418085000029 ], [ -90.82045599099996, 14.707621829000061 ], [ -90.820049356999959, 14.708372487000076 ], [ -90.819924519999972, 14.709491742000068 ], [ -90.819679439999959, 14.710099348000028 ], [ -90.819033995999973, 14.710825165000074 ], [ -90.81841293399998, 14.711373885000057 ], [ -90.817941168999937, 14.711846077000075 ], [ -90.817435943999953, 14.712240018000045 ], [ -90.816862910999987, 14.712567809000063 ], [ -90.816231537999954, 14.713044139000033 ], [ -90.815850961999956, 14.713505890000022 ], [ -90.815732166999965, 14.714015287000052 ], [ -90.81579190399998, 14.714892313000064 ], [ -90.815752705999955, 14.715391166000074 ], [ -90.815576033999946, 14.715944065000031 ], [ -90.815273636999962, 14.716595171000051 ], [ -90.814741431999948, 14.717366090000041 ], [ -90.814360281999939, 14.717884303000062 ], [ -90.814080615999956, 14.718524326000022 ], [ -90.81382301299999, 14.719221031000075 ], [ -90.813669877999985, 14.719740266000031 ], [ -90.813412057999983, 14.720458428000029 ], [ -90.81285731, 14.721218961000034 ], [ -90.812623655999971, 14.721782613000073 ], [ -90.812583793999977, 14.722346967000021 ], [ -90.81253619599994, 14.723395784000047 ], [ -90.811727591999954, 14.724823684000057 ], [ -90.81142624499995, 14.725308760000075 ], [ -90.811041642999953, 14.726170288000048 ], [ -90.810945465999964, 14.726678765000031 ], [ -90.810837561999961, 14.727199553000048 ], [ -90.810696456999949, 14.727674850000028 ], [ -90.81027805399998, 14.728492006000067 ], [ -90.809701874999973, 14.729129216000047 ], [ -90.809048501999939, 14.729477680000059 ], [ -90.808066452999981, 14.729734933000032 ], [ -90.80709473099995, 14.730003573000033 ], [ -90.806522641999948, 14.730230818000052 ], [ -90.805923819999975, 14.730867800000055 ], [ -90.805496256999959, 14.73149624000007 ], [ -90.805172866999953, 14.731920107000064 ], [ -90.804667958999971, 14.73227561300007 ], [ -90.804051247999951, 14.732380446000036 ], [ -90.803241539999988, 14.732461987000022 ], [ -90.802614698999946, 14.732477496000058 ], [ -90.801794381999969, 14.732459538000057 ], [ -90.800939848999974, 14.73244012300006 ], [ -90.80026874899994, 14.732355814000073 ], [ -90.799245389999953, 14.732102122000072 ], [ -90.798085798999978, 14.731835834000037 ], [ -90.7973683, 14.731807546000027 ], [ -90.796660631999941, 14.731955544000073 ], [ -90.796190862999936, 14.732162276000054 ], [ -90.79525038, 14.732784676000051 ], [ -90.794618732999936, 14.733277872000031 ], [ -90.793768537999938, 14.733980189000022 ], [ -90.793206473999987, 14.734362228000066 ], [ -90.792336191999937, 14.73475374800006 ], [ -90.791719607999937, 14.73490259700003 ], [ -90.790998847999958, 14.735139676000074 ], [ -90.790728446999935, 14.736002249000023 ], [ -90.79074279799994, 14.736823490000063 ], [ -90.790692621999938, 14.737310932000071 ], [ -90.790436486999965, 14.737851746000047 ], [ -90.789568317999965, 14.738032068000052 ], [ -90.789004480999949, 14.737438241000063 ], [ -90.788464516999966, 14.736779132000038 ], [ -90.787717016999977, 14.736272771000074 ], [ -90.786841192999987, 14.73611982400007 ], [ -90.785801658999958, 14.73637642500006 ], [ -90.785284844999978, 14.73681534800005 ], [ -90.785301422999964, 14.737414108000053 ], [ -90.785717965999936, 14.737939899000025 ], [ -90.785789955999974, 14.738682630000028 ], [ -90.785080210999979, 14.73897626400003 ], [ -90.784227029999954, 14.738878867000039 ], [ -90.78351999099999, 14.738904847000072 ], [ -90.783102928999938, 14.739577383000039 ], [ -90.78327681199994, 14.740400151000074 ], [ -90.782635108999955, 14.740792691000024 ], [ -90.782054501999937, 14.74071032300003 ], [ -90.781554985999946, 14.740528208000057 ], [ -90.781135978999941, 14.740246348000028 ], [ -90.780253391999963, 14.739672031000055 ], [ -90.779391841999939, 14.739198432000023 ], [ -90.778858440999954, 14.738982107000027 ], [ -90.778095672999939, 14.738953322000043 ], [ -90.777339759999961, 14.739278112000022 ], [ -90.776824161999969, 14.739595046000034 ], [ -90.77613592299997, 14.739998412000034 ], [ -90.775621674999968, 14.740182082000047 ], [ -90.774892670999975, 14.740142318000039 ], [ -90.774049842999943, 14.740111617000025 ], [ -90.773354281999957, 14.740150099000061 ], [ -90.772827197999959, 14.740454489000058 ], [ -90.772230031999982, 14.740859850000049 ], [ -90.771758783999985, 14.741265291000047 ], [ -90.771401477999973, 14.741650373000027 ], [ -90.771100264999973, 14.742168137000021 ], [ -90.770819863999975, 14.742864552000071 ], [ -90.77060622099998, 14.743672293000031 ], [ -90.770529856999985, 14.744447474000026 ], [ -90.770495256999936, 14.745622876000027 ], [ -90.770019588999958, 14.746460842000033 ], [ -90.769265570999949, 14.746653475000073 ], [ -90.768375970999955, 14.74671152600007 ], [ -90.767749318999961, 14.746705476000045 ], [ -90.766882132999967, 14.746785196000076 ], [ -90.766379218999987, 14.746936198000071 ], [ -90.765615763999961, 14.746972869000047 ], [ -90.764807813999937, 14.746820491000051 ], [ -90.763829509999937, 14.746700347000058 ], [ -90.762973467999984, 14.746825337000075 ], [ -90.762015517999941, 14.746871407000071 ], [ -90.761446295999974, 14.746810554000035 ], [ -90.760869457999945, 14.746416446000069 ], [ -90.760406334999971, 14.746024569000042 ], [ -90.759385944999963, 14.745481595000058 ], [ -90.758530242999939, 14.745573819000072 ], [ -90.757990379999967, 14.745989857000041 ], [ -90.757586083999968, 14.746540481000068 ], [ -90.757327593999946, 14.747302593000029 ], [ -90.756843103999984, 14.747863729000073 ], [ -90.756307097999979, 14.747902576000058 ], [ -90.755375194999942, 14.747672162000072 ], [ -90.754613209999945, 14.74750890200005 ], [ -90.753724643999988, 14.747522857000035 ], [ -90.752288456999963, 14.747520192000025 ], [ -90.750927506999972, 14.747311568000043 ] ] ] ] } }
]
}
