{
"type": "FeatureCollection",
"name": "color_pelyexp_bajo",
"crs": { "type": "name", "properties": { "name": "urn:ogc:def:crs:OGC:1.3:CRS84" } },
"features": [
{ "type": "Feature", "properties": { "Codigo": 1911, "datos_finales_color_riesgo": "ffaa00" }, "geometry": { "type": "MultiPolygon", "coordinates": [ [ [ [ -89.575262987999963, 14.962503499000036 ], [ -89.575257765999936, 14.962502914000027 ], [ -89.57451920599999, 14.96234862600005 ], [ -89.574001082999985, 14.961911438000072 ], [ -89.573850664999952, 14.961817521000057 ], [ -89.57364626399999, 14.961777729000062 ], [ -89.573082132999957, 14.961775439000064 ], [ -89.571629497999936, 14.96181516300004 ], [ -89.570738358999961, 14.961798207000072 ], [ -89.570361974999969, 14.961643386000048 ], [ -89.569672485999945, 14.960967439000058 ], [ -89.569158464999987, 14.960416731000066 ], [ -89.569023193999953, 14.960208150000028 ], [ -89.569026375999954, 14.959470601000078 ], [ -89.569061302999955, 14.958911882000052 ], [ -89.569048531999954, 14.95833293000004 ], [ -89.569011674999956, 14.958028486000046 ], [ -89.568875544999969, 14.957731059000025 ], [ -89.568221942999969, 14.957053009000049 ], [ -89.567955236999978, 14.95694059300007 ], [ -89.567542940999942, 14.95695375300005 ], [ -89.567153290999954, 14.957026380000059 ], [ -89.566771178999943, 14.957121302000076 ], [ -89.566412191999973, 14.95716436500004 ], [ -89.566183591999959, 14.957066947000044 ], [ -89.565859111999941, 14.95661979700003 ], [ -89.565129455999966, 14.955452104000074 ], [ -89.564833728999986, 14.954990742000064 ], [ -89.564521610999975, 14.954789075000065 ], [ -89.564194610999948, 14.954498286000046 ], [ -89.563958606999961, 14.954348882000033 ], [ -89.563701053999978, 14.953887676000022 ], [ -89.563306672999943, 14.953292315000056 ], [ -89.56312468699997, 14.953009541000029 ], [ -89.562866588999952, 14.952674501000047 ], [ -89.562580930999957, 14.952194317000021 ], [ -89.562442096999973, 14.951982532000045 ], [ -89.562333711999941, 14.951861003000033 ], [ -89.562516449999976, 14.951610348000031 ], [ -89.562708295999983, 14.951436499000067 ], [ -89.562804161999964, 14.951362579000033 ], [ -89.563007069999969, 14.951281667000046 ], [ -89.56319083599999, 14.95120810800006 ], [ -89.563286588999972, 14.951250035000044 ], [ -89.563115126999946, 14.951040593000073 ], [ -89.562958918999982, 14.950928482000052 ], [ -89.562737628999969, 14.950842114000068 ], [ -89.562655561999975, 14.950735694000059 ], [ -89.563016189999985, 14.950326720000078 ], [ -89.563105892999943, 14.949923474000059 ], [ -89.563268941999979, 14.949643666000043 ], [ -89.563593807999951, 14.949367941000048 ], [ -89.563857215999974, 14.949061205000078 ], [ -89.564190050999969, 14.948537635000037 ], [ -89.564442147999955, 14.947574504000045 ], [ -89.564456577999977, 14.946787163000067 ], [ -89.564165861999982, 14.946491367000021 ], [ -89.563891256999966, 14.946292053000036 ], [ -89.563589083999943, 14.946097982000026 ], [ -89.563491797999973, 14.945663710000076 ], [ -89.563554280999938, 14.945230092000031 ], [ -89.563055332999966, 14.944676331000039 ], [ -89.562667, 14.944028 ], [ -89.562221639999962, 14.943380277000074 ], [ -89.562813633999951, 14.942888312000036 ], [ -89.563062083999966, 14.941880767000043 ], [ -89.563186349999967, 14.941367107000076 ], [ -89.563715689999981, 14.941250621000052 ], [ -89.563972, 14.940611 ], [ -89.563417627999968, 14.939627787000063 ], [ -89.562933944999941, 14.938597465000043 ], [ -89.562936173999958, 14.938083304000031 ], [ -89.563181872999962, 14.93770857100003 ], [ -89.563427227999966, 14.937412940000058 ], [ -89.563550375999966, 14.937156360000074 ], [ -89.56361285, 14.936820427000043 ], [ -89.563634473999969, 14.936523879000049 ], [ -89.563534235999953, 14.936187281000059 ], [ -89.563413315999981, 14.935929700000031 ], [ -89.563292310999941, 14.935691895000048 ], [ -89.563278711999942, 14.935444003000043 ], [ -89.562791949999962, 14.934981088000029 ], [ -89.562099773999989, 14.934184258000073 ], [ -89.561708129999943, 14.933829766000031 ], [ -89.561347113999943, 14.933387177000043 ], [ -89.561076193999952, 14.933091994000051 ], [ -89.56074491399994, 14.932767155000022 ], [ -89.560384029999966, 14.932295158000045 ], [ -89.56005275199999, 14.931970319000072 ], [ -89.559450302999949, 14.931409107000036 ], [ -89.558457377999957, 14.930228736000061 ], [ -89.557223411999985, 14.928841519000059 ], [ -89.555500711999969, 14.926583003000076 ], [ -89.554639, 14.917583 ], [ -89.554806, 14.917083 ], [ -89.55703658799996, 14.914833035000072 ], [ -89.557389, 14.911944 ], [ -89.557278, 14.911722 ], [ -89.560167, 14.906139 ], [ -89.562762894999935, 14.904124297000067 ], [ -89.56447744799999, 14.902884736000033 ], [ -89.566889, 14.901472 ], [ -89.568667, 14.901361 ], [ -89.569556, 14.900833 ], [ -89.572528, 14.896417 ], [ -89.562972, 14.869444 ], [ -89.563488657999983, 14.869485569000062 ], [ -89.564006055999982, 14.869487679000031 ], [ -89.564868206999961, 14.869533129000047 ], [ -89.56572713099996, 14.869480801000066 ], [ -89.566218669999955, 14.86947284300004 ], [ -89.566878538999958, 14.86947976600004 ], [ -89.569295460999967, 14.869520510000029 ], [ -89.572585540999967, 14.869690246000062 ], [ -89.58236575799998, 14.869789661000027 ], [ -89.590474890999985, 14.870007531000056 ], [ -89.595657598999935, 14.870337335000045 ], [ -89.600619624999979, 14.870202168000048 ], [ -89.609366555999941, 14.870019746000025 ], [ -89.613917, 14.869306 ], [ -89.62023058599999, 14.871222033000038 ], [ -89.627900290999946, 14.867444911000064 ], [ -89.631341585999962, 14.865750032000051 ], [ -89.644119585999988, 14.866028032000031 ], [ -89.66439758599995, 14.879056031000061 ], [ -89.664132592999977, 14.881108410000024 ], [ -89.663706843999989, 14.883210036000037 ], [ -89.662636861999943, 14.888979300000074 ], [ -89.662391542999956, 14.890225831000066 ], [ -89.661178998999958, 14.896957498000063 ], [ -89.658786587999941, 14.911139032000051 ], [ -89.657130113999983, 14.910930251000025 ], [ -89.655021778999981, 14.910944889000064 ], [ -89.653842563999945, 14.910881415000063 ], [ -89.653696693999962, 14.910748008000041 ], [ -89.653495120999935, 14.910838574000024 ], [ -89.653306554999972, 14.911033544000077 ], [ -89.652527600999974, 14.911265462000074 ], [ -89.651587826999958, 14.911457648000066 ], [ -89.651109086999952, 14.91134971300005 ], [ -89.650810348999983, 14.91128236000003 ], [ -89.650263619999976, 14.911205528000039 ], [ -89.649756060999948, 14.911415471000055 ], [ -89.649468565999939, 14.911244133000025 ], [ -89.649155986999972, 14.911257477000049 ], [ -89.648457254999983, 14.91072917200006 ], [ -89.647906550999949, 14.910698079000042 ], [ -89.647077571999944, 14.910670058000051 ], [ -89.646275616999958, 14.910506872000042 ], [ -89.645011107999949, 14.910622468000042 ], [ -89.643972614999939, 14.910595626000031 ], [ -89.643638713999962, 14.910271 ], [ -89.642169796999951, 14.910783585000047 ], [ -89.641548087999979, 14.911034373000064 ], [ -89.640487962999941, 14.910757808000028 ], [ -89.639405186999966, 14.911143152000022 ], [ -89.638243865999982, 14.911138784000059 ], [ -89.637402753999936, 14.911174558000027 ], [ -89.636637409999935, 14.91158185200004 ], [ -89.634763735999968, 14.911412044000031 ], [ -89.633460228999979, 14.910951457000067 ], [ -89.632175587999939, 14.910194033000039 ], [ -89.622278, 14.914694 ], [ -89.622183671999949, 14.914703834000022 ], [ -89.622237160999987, 14.914981113000067 ], [ -89.622304868999947, 14.915265373000068 ], [ -89.622350944999937, 14.915614201000039 ], [ -89.622302303999959, 14.915898016000028 ], [ -89.622085935999962, 14.916554082000061 ], [ -89.622030619999975, 14.916727041000058 ], [ -89.62199, 14.916789227000038 ], [ -89.62194412599996, 14.916976075000036 ], [ -89.621927182999968, 14.917055438000034 ], [ -89.62187219399999, 14.917147585000066 ], [ -89.621770516999959, 14.917627457000037 ], [ -89.621750976999977, 14.917761301000041 ], [ -89.621776159999968, 14.917992292000065 ], [ -89.621822402999953, 14.918299560000037 ], [ -89.621854456999984, 14.918592919000048 ], [ -89.621853509999937, 14.918826119000073 ], [ -89.621873853999944, 14.919130645000052 ], [ -89.621872154999949, 14.919549427000049 ], [ -89.62190226499996, 14.919710328000065 ], [ -89.621970996999949, 14.91983024600006 ], [ -89.622109156999954, 14.919898081000042 ], [ -89.622251254999981, 14.91994349600003 ], [ -89.622362315999965, 14.920056098000032 ], [ -89.622556, 14.920194 ], [ -89.622390911999958, 14.920384216000059 ], [ -89.622257970999954, 14.920480372000043 ], [ -89.622108505999961, 14.920565724000028 ], [ -89.621997677999957, 14.920656594000036 ], [ -89.621908832999964, 14.920774400000028 ], [ -89.621841925999945, 14.920929882000053 ], [ -89.62175205599999, 14.921300088000066 ], [ -89.621701390999988, 14.921536187000072 ], [ -89.621678601999974, 14.921707950000041 ], [ -89.621677620999947, 14.92194961000007 ], [ -89.621681747999958, 14.922293325000055 ], [ -89.62165289099994, 14.922599322000053 ], [ -89.621662759999936, 14.922889357000031 ], [ -89.621678564999968, 14.923077378000073 ], [ -89.621655971999985, 14.923200808000047 ], [ -89.621655448999945, 14.923329694000074 ], [ -89.621666145999939, 14.923415660000046 ], [ -89.621654597999964, 14.92353913200003 ], [ -89.62164080499997, 14.924215738000044 ], [ -89.621765155999981, 14.926235451000025 ], [ -89.621756732999984, 14.926949669000066 ], [ -89.621792427999935, 14.927680168000052 ], [ -89.621878441999968, 14.92826049100006 ], [ -89.622007440999937, 14.929136346000064 ], [ -89.62212115799997, 14.929695294000055 ], [ -89.620675506999987, 14.929346041000031 ], [ -89.620751977999987, 14.929555777000076 ], [ -89.620850607999955, 14.929749487000038 ], [ -89.620861151999975, 14.929873045000022 ], [ -89.620667449999985, 14.929968965000057 ], [ -89.620578490999947, 14.930113622000022 ], [ -89.620726522999973, 14.930382706000046 ], [ -89.620725386999936, 14.930661957000041 ], [ -89.620673974999988, 14.93108064300003 ], [ -89.621131652999964, 14.931089406000069 ], [ -89.621067580999977, 14.931523338000034 ], [ -89.621035441999936, 14.931765546000065 ], [ -89.620956798999941, 14.931952041000045 ], [ -89.620819191999942, 14.932592682000063 ], [ -89.620751076999966, 14.932743877000064 ], [ -89.620677644999944, 14.932925344000068 ], [ -89.620609221999985, 14.933152267000025 ], [ -89.620456713999943, 14.933626247000063 ], [ -89.620351922999987, 14.933858078000071 ], [ -89.620205613999985, 14.934084701000074 ], [ -89.62007463399999, 14.934371966000072 ], [ -89.620006311999987, 14.934573646000047 ], [ -89.619974170999967, 14.934815854000021 ], [ -89.61989971099996, 14.935249745000021 ], [ -89.619872289999989, 14.935608089000027 ], [ -89.618392406999988, 14.935371528000076 ], [ -89.618415735999974, 14.93601024000003 ], [ -89.618344698999977, 14.936472214000048 ], [ -89.618317604999959, 14.936873598000034 ], [ -89.618305205999945, 14.937107250000054 ], [ -89.61830411599999, 14.937374332000047 ], [ -89.618336954999961, 14.937741702000039 ], [ -89.618426839999984, 14.938153806000059 ], [ -89.618445553999948, 14.939177707000056 ], [ -89.618113201999961, 14.940244944000028 ], [ -89.61833606, 14.940708052000048 ], [ -89.618447472999947, 14.940943807000053 ], [ -89.618323286999953, 14.941091351000068 ], [ -89.617767011999945, 14.941748568000037 ], [ -89.617569238999977, 14.942209498000068 ], [ -89.617447122999977, 14.942477970000027 ], [ -89.617722239999978, 14.94311949400003 ], [ -89.617667303999951, 14.943596619000061 ], [ -89.617405361999943, 14.94397520800004 ], [ -89.61658052699994, 14.945122039000069 ], [ -89.616055611999968, 14.94560948000003 ], [ -89.615546061999964, 14.946229046000042 ], [ -89.615239655999972, 14.946709029000033 ], [ -89.615033097999969, 14.946992011000077 ], [ -89.614938158999962, 14.947216806000029 ], [ -89.615032281999959, 14.947452497000029 ], [ -89.615957335999951, 14.948425680000071 ], [ -89.617107956999973, 14.949648884000055 ], [ -89.61773231699999, 14.95024163100004 ], [ -89.617942104999941, 14.950365112000043 ], [ -89.618220817999941, 14.950529163000056 ], [ -89.619258448999972, 14.950647424000067 ], [ -89.619923853999978, 14.950783290000061 ], [ -89.619971163999935, 14.950969925000038 ], [ -89.619922301999964, 14.951164145000064 ], [ -89.61981164599996, 14.951396627000065 ], [ -89.619613777999973, 14.951554739000073 ], [ -89.619629520999979, 14.951839678000056 ], [ -89.619565838999961, 14.952255793000063 ], [ -89.619643565999979, 14.952540971000076 ], [ -89.619637282999975, 14.952699821000067 ], [ -89.619603204999976, 14.952765431000046 ], [ -89.619467207999946, 14.952951173000031 ], [ -89.619542397999965, 14.953096834000064 ], [ -89.619573086999935, 14.953241938000076 ], [ -89.61954428699994, 14.95339522300003 ], [ -89.619423, 14.953523558000029 ], [ -89.61926647699994, 14.953810512000075 ], [ -89.61921446599996, 14.954128060000073 ], [ -89.61930151599995, 14.954494284000077 ], [ -89.619340805999968, 14.95492839800005 ], [ -89.619556, 14.955444 ], [ -89.619563761999984, 14.955768972000044 ], [ -89.619688910999969, 14.956224779000024 ], [ -89.619798530999958, 14.956595634000053 ], [ -89.619852459999947, 14.95699714400007 ], [ -89.619922515999974, 14.957336977000068 ], [ -89.620040294999967, 14.95765384200007 ], [ -89.620392109999955, 14.958321230000024 ], [ -89.620698304999962, 14.958822300000065 ], [ -89.62050037299997, 14.958848824000029 ], [ -89.620210042999986, 14.958889719000069 ], [ -89.61985584699994, 14.959015185000055 ], [ -89.61969967899995, 14.959067473000061 ], [ -89.619601870999986, 14.959038888000066 ], [ -89.619402943999944, 14.958904133000033 ], [ -89.619203988999971, 14.958776430000057 ], [ -89.618773567999938, 14.95848916500006 ], [ -89.618205674999956, 14.958116745000041 ], [ -89.618144135999955, 14.958088299000053 ], [ -89.618105218999972, 14.958076488000074 ], [ -89.618011541999977, 14.958074633000024 ], [ -89.617844017999971, 14.958103848000064 ], [ -89.617587351999987, 14.958149142000025 ], [ -89.617421345999958, 14.958182842000042 ], [ -89.617272232999937, 14.958216607000054 ], [ -89.617089388999943, 14.958236804000023 ], [ -89.616948174999948, 14.958216847000074 ], [ -89.616767122999988, 14.958174340000028 ], [ -89.616242554999985, 14.958008068000026 ], [ -89.615877501999989, 14.957893178000063 ], [ -89.615313089999972, 14.957705847000057 ], [ -89.615198132999978, 14.957650156000057 ], [ -89.615027354999938, 14.957349380000039 ], [ -89.614636901999972, 14.956687913000053 ], [ -89.614561684999956, 14.956678662000058 ], [ -89.614451010999971, 14.956702123000071 ], [ -89.614355589999946, 14.956751025000074 ], [ -89.614115505999962, 14.956872529000066 ], [ -89.61350934699999, 14.957128484000066 ], [ -89.613454224999941, 14.957087956000066 ], [ -89.613390113999969, 14.95699214800004 ], [ -89.613260566999941, 14.956749762000072 ], [ -89.613184390999947, 14.956600155000046 ], [ -89.613118616999941, 14.95653569600006 ], [ -89.61300208099999, 14.956490450000047 ], [ -89.612816313999986, 14.956474797000055 ], [ -89.61262439099994, 14.95646210700005 ], [ -89.612112802999945, 14.956421651000028 ], [ -89.611154907999946, 14.956354168000075 ], [ -89.610596530999942, 14.956333509000046 ], [ -89.610339944999964, 14.956261062000067 ], [ -89.610157740999966, 14.956190122000066 ], [ -89.610032749999959, 14.956075049000049 ], [ -89.609835841999939, 14.955882073000055 ], [ -89.609756153999967, 14.955844800000023 ], [ -89.609399800999938, 14.955797862000054 ], [ -89.609085235999942, 14.955759547000071 ], [ -89.609013842999957, 14.955726816000038 ], [ -89.608985668999935, 14.95568064400004 ], [ -89.608966313999986, 14.955535060000045 ], [ -89.608956864999982, 14.955406976000063 ], [ -89.608935113999962, 14.955358388000036 ], [ -89.608881434999944, 14.95530967600007 ], [ -89.608661988999984, 14.955293299000061 ], [ -89.608396572999936, 14.955294202000061 ], [ -89.608137208999949, 14.955279609000058 ], [ -89.60766033799996, 14.95526222500007 ], [ -89.606989907999946, 14.955242143000078 ], [ -89.606287572999975, 14.955216114000052 ], [ -89.606012179999937, 14.955216976000031 ], [ -89.605862578999961, 14.955200870000056 ], [ -89.605800820999946, 14.955175406000023 ], [ -89.60577105699997, 14.955134548000046 ], [ -89.605727339999987, 14.955089754000028 ], [ -89.605694711999945, 14.955028003000052 ], [ -89.605588662999935, 14.955055569000024 ], [ -89.605171839999969, 14.95621423800003 ], [ -89.604833672999973, 14.956634878000045 ], [ -89.604603008999959, 14.95697466200005 ], [ -89.603955399999961, 14.957557979000057 ], [ -89.603409616999954, 14.958068461000039 ], [ -89.603000251999958, 14.958479380000028 ], [ -89.602511657999969, 14.959249647000036 ], [ -89.60199283899999, 14.960896657000035 ], [ -89.601715810999963, 14.962143696000055 ], [ -89.601570924999976, 14.963117431000057 ], [ -89.601796415999956, 14.963236127000073 ], [ -89.601079665999976, 14.96502705100005 ], [ -89.600583711999946, 14.966556003000051 ], [ -89.598248410999986, 14.965732080000066 ], [ -89.595862445999956, 14.965317674000062 ], [ -89.594570456999975, 14.96501721900006 ], [ -89.592962234999959, 14.964366900000073 ], [ -89.591337, 14.96387549800005 ], [ -89.590185246999965, 14.963576768000053 ], [ -89.58783774699998, 14.962691052000025 ], [ -89.586279996999963, 14.962396348000027 ], [ -89.585005294999974, 14.96218781400006 ], [ -89.583738250999943, 14.962039921000041 ], [ -89.582715921999977, 14.961919452000075 ], [ -89.582133692999946, 14.96193826800004 ], [ -89.581638264999981, 14.962015614000052 ], [ -89.580189319999988, 14.962422342000025 ], [ -89.578389, 14.963139 ], [ -89.578187659999969, 14.963018679000072 ], [ -89.578098185999977, 14.962953750000054 ], [ -89.578005062999978, 14.96290276600007 ], [ -89.577876023999977, 14.962855128000058 ], [ -89.577766648999955, 14.962826765000045 ], [ -89.577594419999969, 14.96280512800007 ], [ -89.577377307999939, 14.96278505500004 ], [ -89.577117137999949, 14.962759572000039 ], [ -89.576369931999977, 14.962647492000031 ], [ -89.575876656999981, 14.962572183000077 ], [ -89.575262987999963, 14.962503499000036 ] ] ] ] } },
{ "type": "Feature", "properties": { "Codigo": 611, "datos_finales_color_riesgo": "ffaa00" }, "geometry": { "type": "MultiPolygon", "coordinates": [ [ [ [ -90.407870168999978, 14.132212910000021 ], [ -90.407420830999968, 14.127904636000039 ], [ -90.406494579999958, 14.126269710000031 ], [ -90.405992630999947, 14.124156056000061 ], [ -90.405710112999941, 14.123100583000053 ], [ -90.404737907999959, 14.12072439800005 ], [ -90.40345621299997, 14.114468290000048 ], [ -90.40304536299999, 14.11417139200006 ], [ -90.402799443999982, 14.111878701000023 ], [ -90.401972843999943, 14.105796891000068 ], [ -90.400932376999947, 14.103632259000051 ], [ -90.40024746499995, 14.103528880000056 ], [ -90.398620350999977, 14.10167860100006 ], [ -90.398109170999987, 14.099876511000048 ], [ -90.397275093999951, 14.089617691000058 ], [ -90.397688440999957, 14.087240657000052 ], [ -90.397924195999963, 14.086701183000059 ], [ -90.398286902999985, 14.086290679000058 ], [ -90.402977051999983, 14.084282712000061 ], [ -90.403429978999952, 14.083309694000036 ], [ -90.403477180999971, 14.078724470000054 ], [ -90.402473602999976, 14.077139541000065 ], [ -90.396465740999986, 14.076206395000042 ], [ -90.39372307299999, 14.073998536000033 ], [ -90.39323865099999, 14.073514519000071 ], [ -90.392489138999963, 14.070446273000073 ], [ -90.394374479999954, 14.068272596000043 ], [ -90.394266110999979, 14.066657792000058 ], [ -90.39352086699995, 14.065866075000031 ], [ -90.393018087999963, 14.064400582000076 ], [ -90.389530370999978, 14.060941401000036 ], [ -90.388194606999946, 14.06035670600005 ], [ -90.387035554999954, 14.05979650300003 ], [ -90.387126671999965, 14.058444705000056 ], [ -90.387632538999981, 14.05805495900006 ], [ -90.38892931099997, 14.056060134000063 ], [ -90.390727216999949, 14.053018294000026 ], [ -90.392555207999976, 14.050941100000045 ], [ -90.393496002999939, 14.050752513000077 ], [ -90.397339973999976, 14.048785094000038 ], [ -90.398148314999958, 14.04772669700003 ], [ -90.398181880999971, 14.04362915300004 ], [ -90.398227553999959, 14.041735957000071 ], [ -90.399170631999937, 14.038626093000062 ], [ -90.399827636999987, 14.037136955000051 ], [ -90.400808963999964, 14.03657951100007 ], [ -90.401344858999948, 14.036238603000072 ], [ -90.401734141999952, 14.035718831000054 ], [ -90.402003930999967, 14.034615099000064 ], [ -90.402001405999954, 14.02950198800005 ], [ -90.40219385599994, 14.028948482000033 ], [ -90.40279385499997, 14.028664716000037 ], [ -90.408245299999976, 14.029194064000023 ], [ -90.414217649999955, 14.02907052200004 ], [ -90.416507678999949, 14.017042751000076 ], [ -90.41033084899999, 14.017894819000048 ], [ -90.407097349999958, 14.017516926000042 ], [ -90.405764559999966, 14.014058531000046 ], [ -90.405350933999955, 14.013765019000061 ], [ -90.404529003999983, 14.010698288000071 ], [ -90.404050062999943, 14.010042726000052 ], [ -90.40386857499999, 14.007874942000058 ], [ -90.404277217999947, 14.006964654000058 ], [ -90.407441555999981, 14.004320024000037 ], [ -90.408812742999942, 14.003014629000063 ], [ -90.408933206999961, 14.00232709200003 ], [ -90.407222521999984, 14.001887597000064 ], [ -90.407209508999983, 14.001243801000044 ], [ -90.407001287999947, 14.000475962000053 ], [ -90.406738117999964, 14.000019200000054 ], [ -90.406366419999983, 13.999649354000042 ], [ -90.402725404999956, 13.998511639000071 ], [ -90.40220999, 13.998325442000066 ], [ -90.401760668999941, 13.99796943900003 ], [ -90.40131435, 13.997295028000053 ], [ -90.402780949999965, 13.995832600000028 ], [ -90.404950379999946, 13.995680801000049 ], [ -90.409031770999945, 13.996475385000053 ], [ -90.411188468999967, 13.995964302000061 ], [ -90.417011584999955, 13.995768946000055 ], [ -90.42279610199995, 13.994991483000035 ], [ -90.423661060999962, 13.994373952000046 ], [ -90.427157793999982, 13.99367707600004 ], [ -90.428443390999973, 13.992669883000076 ], [ -90.429540893999956, 13.991053154000042 ], [ -90.430009136999956, 13.987628615000062 ], [ -90.427857545999984, 13.987012962000051 ], [ -90.426920634999988, 13.986045430000047 ], [ -90.427066076999949, 13.97582397900004 ], [ -90.43130728899996, 13.975015186000064 ], [ -90.432922557999973, 13.973933517000034 ], [ -90.433061389999978, 13.965006052000035 ], [ -90.431868183999939, 13.964006484000038 ], [ -90.42624663, 13.96262353000003 ], [ -90.425067810999963, 13.961842028000035 ], [ -90.423757203999969, 13.947581675000038 ], [ -90.423370125999952, 13.947194763000027 ], [ -90.422404360999963, 13.939938215000041 ], [ -90.422021101999974, 13.937438540000073 ], [ -90.421485827999959, 13.936863734000042 ], [ -90.414203903999976, 13.935145706000071 ], [ -90.413599517999955, 13.935069271000032 ], [ -90.413093997999965, 13.934939686000064 ], [ -90.412656874999982, 13.934378329000026 ], [ -90.412658824999937, 13.933217500000069 ], [ -90.413906052999948, 13.929136159000052 ], [ -90.414287170999955, 13.928288765000048 ], [ -90.41644176599999, 13.924683404000064 ], [ -90.417751910999982, 13.924188012000059 ], [ -90.420691960999989, 13.921728063000046 ], [ -90.422515987999986, 13.918309961000034 ], [ -90.424067347999937, 13.914350310000032 ], [ -90.427117719999956, 13.909370944000045 ], [ -90.428986623999947, 13.907050861000073 ], [ -90.433399335999979, 13.905090668000071 ], [ -90.436408560999951, 13.902924792000022 ], [ -90.43808340399994, 13.900210726000068 ], [ -90.442892649999976, 13.887699320000024 ], [ -90.44291029599998, 13.886617676000071 ], [ -90.446242377999965, 13.879164417000027 ], [ -90.447328603999949, 13.876446344000044 ], [ -90.448563856999954, 13.876849969000034 ], [ -90.451106077999953, 13.877865737000036 ], [ -90.45406249199999, 13.878795455000045 ], [ -90.455567695999946, 13.879144268000061 ], [ -90.456031003999954, 13.879321872000048 ], [ -90.455130285999985, 13.880883302000029 ], [ -90.453320924999957, 13.883775695000054 ], [ -90.450829097999986, 13.889348593000022 ], [ -90.446436035999966, 13.898411296000063 ], [ -90.445108796999989, 13.900323918000026 ], [ -90.444124337999938, 13.902758450000022 ], [ -90.444058979999966, 13.904130941000062 ], [ -90.446535660999984, 13.906085656000073 ], [ -90.449102251999989, 13.906802494000033 ], [ -90.450080818999936, 13.907752274000075 ], [ -90.454337644999953, 13.909412725000038 ], [ -90.457439434999969, 13.911410013000022 ], [ -90.458350974999973, 13.912151284000061 ], [ -90.458824905999961, 13.91427247200005 ], [ -90.460097416999986, 13.922556500000042 ], [ -90.460143984999945, 13.926335516000051 ], [ -90.460709848999954, 13.927240316000052 ], [ -90.462838, 13.928007812000033 ], [ -90.462365652999949, 13.930236587000024 ], [ -90.461234581999975, 13.931433115000061 ], [ -90.459969035999961, 13.933612954000068 ], [ -90.456652194999947, 13.937554464000073 ], [ -90.455361889999949, 13.938029949000054 ], [ -90.454288990999942, 13.937868536000053 ], [ -90.452536253999938, 13.93918272600007 ], [ -90.45144136, 13.939339522000068 ], [ -90.450548405999939, 13.940321657000027 ], [ -90.449484119999966, 13.940586045000032 ], [ -90.44748868299996, 13.941624363000074 ], [ -90.445544203999987, 13.941602828000043 ], [ -90.444387700999982, 13.941106235000063 ], [ -90.443439124999941, 13.942568817000051 ], [ -90.443042782999953, 13.947689203000039 ], [ -90.442718059999947, 13.948145396000029 ], [ -90.44255590399996, 13.94942990800007 ], [ -90.442884431999971, 13.953138444000047 ], [ -90.442928160999941, 13.956198048000033 ], [ -90.441324529999974, 13.963835238000058 ], [ -90.43930215499995, 13.967445595000072 ], [ -90.439630084999976, 13.97041672000006 ], [ -90.440632988999937, 13.972214893000057 ], [ -90.440589756999941, 13.97303991900003 ], [ -90.44273265399994, 13.975797543000056 ], [ -90.447156252999946, 13.975698426000065 ], [ -90.450158238999961, 13.97721494700005 ], [ -90.451365130999989, 13.977668032000054 ], [ -90.454347580999979, 13.977075975000048 ], [ -90.456482259999973, 13.977653949000057 ], [ -90.457839451999973, 13.977374558000065 ], [ -90.460529172999941, 13.975057229000072 ], [ -90.461410478999937, 13.972512047000066 ], [ -90.462339549999967, 13.971251333000055 ], [ -90.463918777999936, 13.970808217000069 ], [ -90.466081967999969, 13.972425326000064 ], [ -90.466161756999952, 13.973270853000031 ], [ -90.467028265999943, 13.974133621000021 ], [ -90.467274867999947, 13.975163829000053 ], [ -90.469633724999937, 13.978087267000035 ], [ -90.470308814999953, 13.979009013000052 ], [ -90.470068947999948, 13.983338401000026 ], [ -90.469674501999975, 13.983718239000041 ], [ -90.468409482999959, 13.98952078700006 ], [ -90.466251314999965, 13.991917143000023 ], [ -90.463395986999956, 13.994502675000035 ], [ -90.462600221999935, 13.994460471000025 ], [ -90.462072201999945, 13.99494278700007 ], [ -90.455906665999976, 13.996345082000062 ], [ -90.452749976999939, 13.999712128000056 ], [ -90.452226209999935, 14.000278027000036 ], [ -90.451896335999947, 14.001141829000062 ], [ -90.451774010999941, 14.001956996000047 ], [ -90.45555933899999, 14.002630281000052 ], [ -90.454907129999981, 14.003464729000029 ], [ -90.454634641999974, 14.005890901000043 ], [ -90.453611214999967, 14.028631276000056 ], [ -90.45245373099999, 14.031377858000042 ], [ -90.450953397999967, 14.037406943000065 ], [ -90.450486935999947, 14.044439526000076 ], [ -90.449970821999955, 14.04654916800007 ], [ -90.448261681999952, 14.049949366000021 ], [ -90.44614854799994, 14.056289220000053 ], [ -90.444596798999953, 14.06435594900006 ], [ -90.444722105999972, 14.067341871000053 ], [ -90.445235350999951, 14.067949193000061 ], [ -90.447666484999957, 14.071226023000065 ], [ -90.447547955999937, 14.071898931000021 ], [ -90.447405557999957, 14.072429300000067 ], [ -90.447108371999946, 14.072938833000023 ], [ -90.446772057999965, 14.073429884000063 ], [ -90.445850073999964, 14.074364173000049 ], [ -90.443446006999977, 14.076766580000026 ], [ -90.442784237999945, 14.078017541000065 ], [ -90.44198404499997, 14.081725392000067 ], [ -90.442388986999958, 14.093043568000041 ], [ -90.443141932999936, 14.093583434000038 ], [ -90.44403244199998, 14.094029900000066 ], [ -90.444572652999966, 14.09445345000006 ], [ -90.444935369999939, 14.094920289000072 ], [ -90.443960574999949, 14.103232466000065 ], [ -90.443969218999939, 14.105467327000042 ], [ -90.444692977999978, 14.10629371400006 ], [ -90.459758337999972, 14.108562619000054 ], [ -90.461730475999957, 14.109350192000022 ], [ -90.461208036999949, 14.113009115000068 ], [ -90.458164982999961, 14.118326255000056 ], [ -90.456897439999977, 14.119728936000058 ], [ -90.456411189999983, 14.120482651000032 ], [ -90.455963853999947, 14.121118205000073 ], [ -90.453390595999963, 14.123082963000058 ], [ -90.439055919999987, 14.124779274000048 ], [ -90.436960762999945, 14.124488189000033 ], [ -90.437505898999973, 14.11821883500005 ], [ -90.438251819999948, 14.114787127000056 ], [ -90.438250002999951, 14.111585719000061 ], [ -90.435625310999967, 14.110753747000047 ], [ -90.426603502999967, 14.109247028000027 ], [ -90.426195545999974, 14.110802129000035 ], [ -90.425534696999989, 14.122711793000065 ], [ -90.424681235999969, 14.126939508000078 ], [ -90.424381980999954, 14.127415093000025 ], [ -90.421256378999942, 14.13323999000005 ], [ -90.419694250999953, 14.13472734100003 ], [ -90.419488323999985, 14.135492999000064 ], [ -90.414110996999966, 14.133503093000058 ], [ -90.407870168999978, 14.132212910000021 ] ] ] ] } },
{ "type": "Feature", "properties": { "Codigo": 1408, "datos_finales_color_riesgo": "ffaa00" }, "geometry": { "type": "MultiPolygon", "coordinates": [ [ [ [ -91.213398965999943, 15.101989101000072 ], [ -91.211246439999968, 15.101253627000062 ], [ -91.207236227999942, 15.10081860300005 ], [ -91.203741024999943, 15.099844233000056 ], [ -91.196829965999939, 15.096910908000041 ], [ -91.193544566999947, 15.096097341000075 ], [ -91.183857238999963, 15.095833434000042 ], [ -91.17692595699998, 15.096551524000063 ], [ -91.162930657999937, 15.097054026000023 ], [ -91.159483998999974, 15.096557226000073 ], [ -91.154094148999945, 15.094080104000057 ], [ -91.150725364999971, 15.092655256000057 ], [ -91.149172464999936, 15.091126602000031 ], [ -91.148788995999951, 15.090162151000072 ], [ -91.148623223999948, 15.085943881000048 ], [ -91.149749664999945, 15.082200448000037 ], [ -91.150951574999965, 15.080480793000049 ], [ -91.15394325799997, 15.077621230000034 ], [ -91.161328576999949, 15.069992944000035 ], [ -91.162925562999988, 15.068276410000067 ], [ -91.165920785999958, 15.065032601000041 ], [ -91.168223566999984, 15.062407847000031 ], [ -91.169247625999958, 15.059022660000039 ], [ -91.169484562999969, 15.053945686000077 ], [ -91.16824124599998, 15.050617884000076 ], [ -91.164031833999957, 15.045338939000032 ], [ -91.161235475999945, 15.037556795000057 ], [ -91.159842433999984, 15.034836634000044 ], [ -91.158446173999948, 15.032427090000056 ], [ -91.155309471999942, 15.027836770000022 ], [ -91.151771574999941, 15.019029605000071 ], [ -91.150443555999971, 15.01330396700007 ], [ -91.153221157999951, 15.001893434000067 ], [ -91.152734423999959, 14.996385872000076 ], [ -91.157841442999938, 14.996942359000059 ], [ -91.163635622999948, 14.999440495000044 ], [ -91.166930810999986, 14.999735907000058 ], [ -91.18258693599995, 14.996065768000051 ], [ -91.187273062999964, 14.995902038000054 ], [ -91.195431652999957, 14.997487363000062 ], [ -91.198329497999964, 14.998816206000072 ], [ -91.20204619399999, 15.001739794000059 ], [ -91.203606660999981, 15.002621960000056 ], [ -91.20515149, 15.00315153400004 ], [ -91.206965781999941, 15.003354487000024 ], [ -91.208200386999977, 15.003316763000043 ], [ -91.210044570999969, 15.002861329000041 ], [ -91.211935234999942, 15.002546322000057 ], [ -91.21346331899997, 15.001596967000069 ], [ -91.218105307999963, 14.999345752000067 ], [ -91.226925524999956, 14.998130161000063 ], [ -91.235702686999957, 14.994645472000059 ], [ -91.238127387999953, 14.993183221000038 ], [ -91.240719828999943, 14.990319162000048 ], [ -91.241570447999948, 14.98712983300004 ], [ -91.241621057999964, 14.985415355000043 ], [ -91.243800328999953, 14.984247112000048 ], [ -91.254743343999962, 14.981784840000046 ], [ -91.256105480999963, 14.983708976000059 ], [ -91.259150041999987, 14.988487159000044 ], [ -91.259302334999973, 14.989559278000058 ], [ -91.260883664999938, 14.991910963000066 ], [ -91.262253239999893, 14.995590686000071 ], [ -91.26669061299998, 15.001503476000039 ], [ -91.263715017999971, 15.019158350000055 ], [ -91.263940479999974, 15.020888512000056 ], [ -91.264108918999966, 15.022554973000069 ], [ -91.272892269999943, 15.036075498000059 ], [ -91.272773886999971, 15.037135389000071 ], [ -91.270766480999953, 15.040290059000029 ], [ -91.265241616999958, 15.050019817000077 ], [ -91.262989022999989, 15.084726017000037 ], [ -91.26244281299995, 15.102999115000046 ], [ -91.261571445999948, 15.112976625000044 ], [ -91.26096692699997, 15.126507911000033 ], [ -91.258373565999989, 15.129002620000051 ], [ -91.257308943999988, 15.129849583000066 ], [ -91.255650679999974, 15.129766744000051 ], [ -91.253131993999943, 15.126897089000067 ], [ -91.25139754199995, 15.122848443000066 ], [ -91.251188984999942, 15.11615910200004 ], [ -91.24955717499995, 15.113715396000032 ], [ -91.248103285999946, 15.112479560000054 ], [ -91.230353534999949, 15.104849361000049 ], [ -91.218969798999979, 15.102757132000022 ], [ -91.21557018499999, 15.102019789000053 ], [ -91.213398965999943, 15.101989101000072 ] ] ] ] } },
{ "type": "Feature", "properties": { "Codigo": 807, "datos_finales_color_riesgo": "ffaa00" }, "geometry": { "type": "MultiPolygon", "coordinates": [ [ [ [ -91.213398965999943, 15.101989101000072 ], [ -91.21557018499999, 15.102019789000053 ], [ -91.218969798999979, 15.102757132000022 ], [ -91.230353534999949, 15.104849361000049 ], [ -91.248103285999946, 15.112479560000054 ], [ -91.24955717499995, 15.113715396000032 ], [ -91.251188984999942, 15.11615910200004 ], [ -91.25139754199995, 15.122848443000066 ], [ -91.253131993999943, 15.126897089000067 ], [ -91.255650679999974, 15.129766744000051 ], [ -91.257308943999988, 15.129849583000066 ], [ -91.258373565999989, 15.129002620000051 ], [ -91.26096692699997, 15.126507911000033 ], [ -91.263136819999943, 15.12730973500004 ], [ -91.268359637999936, 15.13052312800005 ], [ -91.272878497999955, 15.131720177000034 ], [ -91.27689959099996, 15.132134984000061 ], [ -91.278620694999972, 15.132794293000075 ], [ -91.280936918999942, 15.134288447000074 ], [ -91.283918460999985, 15.137364699000045 ], [ -91.28689955599998, 15.137686705000021 ], [ -91.287819418999959, 15.139070789000073 ], [ -91.291211438999937, 15.141451915000061 ], [ -91.29922579, 15.148599081000043 ], [ -91.303799437999942, 15.149856981000028 ], [ -91.305673875999958, 15.149621399000068 ], [ -91.307026462999943, 15.148680335000051 ], [ -91.308350799999971, 15.148877799000047 ], [ -91.309565138999972, 15.150331799000071 ], [ -91.309541673999945, 15.152774059000023 ], [ -91.310413013999948, 15.153850423000051 ], [ -91.312128451999968, 15.154528663000065 ], [ -91.313584349999985, 15.153834611000036 ], [ -91.315744538999979, 15.151445589000048 ], [ -91.317238651999958, 15.15069531000006 ], [ -91.318635532999963, 15.15069442600003 ], [ -91.320115623999982, 15.151940230000037 ], [ -91.320821945999967, 15.153816299000027 ], [ -91.322473093999974, 15.156015715000024 ], [ -91.324497546999964, 15.159482052000044 ], [ -91.326964502999942, 15.162375501000042 ], [ -91.328724111999975, 15.163666262000049 ], [ -91.330765862999954, 15.164135535000071 ], [ -91.33238357099998, 15.165578863000064 ], [ -91.332166550999943, 15.167666113000053 ], [ -91.332775652999942, 15.16883084400007 ], [ -91.332204045999958, 15.170003782000038 ], [ -91.33036268699999, 15.171040790000063 ], [ -91.330545929999971, 15.174220048000052 ], [ -91.329790463999984, 15.175619820000065 ], [ -91.33004757499998, 15.176577466000026 ], [ -91.330897709999988, 15.177268376000029 ], [ -91.330893153999966, 15.178884972000048 ], [ -91.330348380999965, 15.180042284000024 ], [ -91.329113502999974, 15.180569744000024 ], [ -91.328247080999972, 15.181577802000049 ], [ -91.328710777999959, 15.183630550000032 ], [ -91.329478128999938, 15.184422529000074 ], [ -91.330820648999975, 15.184707005000064 ], [ -91.330621354999948, 15.186530024000035 ], [ -91.331259627999941, 15.187984184000072 ], [ -91.331003587999987, 15.18925660900004 ], [ -91.329427782999971, 15.190378027000065 ], [ -91.326010707999956, 15.196699382000077 ], [ -91.324892476999935, 15.197468303000051 ], [ -91.323490836999952, 15.197443179000061 ], [ -91.322235080999974, 15.198021270000027 ], [ -91.319708812999977, 15.202359715000057 ], [ -91.316199781999956, 15.202103015000034 ], [ -91.314436562999958, 15.202411777000066 ], [ -91.31292558399997, 15.20260040900007 ], [ -91.311977826999964, 15.202404637000029 ], [ -91.311155140999972, 15.202354402000026 ], [ -91.310519362999969, 15.202499879000072 ], [ -91.309985392999977, 15.202789592000045 ], [ -91.309119428999963, 15.203133292000075 ], [ -91.308407568999939, 15.203117773000031 ], [ -91.30795640599996, 15.202724631000024 ], [ -91.307750046999956, 15.202050904000032 ], [ -91.307769448999977, 15.200420884000039 ], [ -91.30816265499999, 15.199838654000075 ], [ -91.308599439999966, 15.199553863000062 ], [ -91.309241551999946, 15.199269484000069 ], [ -91.309664793999957, 15.198785761000067 ], [ -91.309599398999978, 15.197429622000072 ], [ -91.309392767999952, 15.19642489000006 ], [ -91.308239930999946, 15.194669700000077 ], [ -91.306882345999952, 15.194011040000078 ], [ -91.305551395999942, 15.193587550000075 ], [ -91.304561194999962, 15.192594990000032 ], [ -91.30400741599999, 15.191435130000059 ], [ -91.301618393999945, 15.19007502900007 ], [ -91.299547206999989, 15.189195170000062 ], [ -91.299036630999979, 15.188600480000048 ], [ -91.298735466999972, 15.187495614000056 ], [ -91.299052991999986, 15.18655810100006 ], [ -91.299587943999938, 15.18585156000006 ], [ -91.299660906999975, 15.184874917000059 ], [ -91.299406422999937, 15.183751199000028 ], [ -91.297141618999945, 15.180622886000037 ], [ -91.296630876999984, 15.180632580000065 ], [ -91.29628551899998, 15.176917769000056 ], [ -91.295929242999989, 15.175943529000051 ], [ -91.295278991999965, 15.175292421000051 ], [ -91.29455805799995, 15.175115250000033 ], [ -91.293697658999974, 15.17579220500005 ], [ -91.292922443999942, 15.176073278000047 ], [ -91.292140034999989, 15.176091070000041 ], [ -91.291538677999938, 15.175870739000061 ], [ -91.291186287999949, 15.175284012000077 ], [ -91.291099386999974, 15.174663147000047 ], [ -91.291378185999974, 15.172828369000058 ], [ -91.288608376999946, 15.168883906000076 ], [ -91.288183015999948, 15.16775549700003 ], [ -91.287776392999945, 15.166900616000078 ], [ -91.28705931199994, 15.166610483000056 ], [ -91.286132468999938, 15.166874567000036 ], [ -91.285559914999965, 15.16698092200005 ], [ -91.285003703999962, 15.166936024000051 ], [ -91.284329776999982, 15.166415753000024 ], [ -91.28394613599994, 15.165814093000051 ], [ -91.282469857999956, 15.164834700000029 ], [ -91.280869759999973, 15.164569452000023 ], [ -91.279439559999958, 15.164079552000032 ], [ -91.278186031999951, 15.162816021000026 ], [ -91.276772415999972, 15.161717327000076 ], [ -91.275787528999956, 15.161323443000072 ], [ -91.27446605099999, 15.161988891000021 ], [ -91.273087918999977, 15.162539797000022 ], [ -91.272359951999988, 15.162306021000063 ], [ -91.27188412199996, 15.161746568000069 ], [ -91.27098228899996, 15.160795233000044 ], [ -91.27018600599996, 15.16081059000004 ], [ -91.26928155, 15.16132669700005 ], [ -91.268352892999985, 15.162029012000062 ], [ -91.267955054999959, 15.16274895600003 ], [ -91.267627797999978, 15.163656971000023 ], [ -91.266430239999977, 15.164669003000029 ], [ -91.265481794999971, 15.165298852000035 ], [ -91.264173347999986, 15.165429992000043 ], [ -91.263723561999939, 15.165102307000041 ], [ -91.263336484999968, 15.164145871000073 ], [ -91.263179604999948, 15.16313133500006 ], [ -91.261818160999951, 15.162490479000041 ], [ -91.26047631299997, 15.162085870000055 ], [ -91.259882173999983, 15.161632801000053 ], [ -91.25959755699995, 15.161021704000063 ], [ -91.258902712999941, 15.158022675000041 ], [ -91.257158058999948, 15.156673914000066 ], [ -91.253279774999953, 15.152771363000056 ], [ -91.252918728999987, 15.152052351000066 ], [ -91.252909361999968, 15.150997154000038 ], [ -91.253096538999955, 15.149943482000026 ], [ -91.253239018999977, 15.149234013000068 ], [ -91.253290238999966, 15.14859049100005 ], [ -91.253172766999967, 15.148094781000054 ], [ -91.25091673899999, 15.146078901000067 ], [ -91.24975062499999, 15.145322012000065 ], [ -91.248492623999937, 15.144779044000074 ], [ -91.243339123999988, 15.144374108000022 ], [ -91.242509051999946, 15.144687344000033 ], [ -91.241365935999966, 15.14495295100005 ], [ -91.240609905999975, 15.144679328000052 ], [ -91.240304278999986, 15.144227332000071 ], [ -91.240323740999941, 15.14356097700005 ], [ -91.240625461999969, 15.143007527000066 ], [ -91.240744562999964, 15.142387133000057 ], [ -91.240759207999986, 15.141669903000036 ], [ -91.240084315999979, 15.14072701200007 ], [ -91.239027422999982, 15.139568761000078 ], [ -91.23801670499995, 15.139156451000076 ], [ -91.23678741699996, 15.138525533000063 ], [ -91.236433425999962, 15.138157884000066 ], [ -91.23626876899999, 15.137677616000076 ], [ -91.236271743999964, 15.134437733000027 ], [ -91.235888880999937, 15.133203398000035 ], [ -91.235374676999982, 15.132452666000063 ], [ -91.234605786999964, 15.131702202000042 ], [ -91.233180195999978, 15.129716388000077 ], [ -91.231338944999948, 15.128424319000032 ], [ -91.230032163999965, 15.127191781000022 ], [ -91.228603024999984, 15.124871533000032 ], [ -91.227857203999974, 15.123800405000054 ], [ -91.226789986999961, 15.122992226000065 ], [ -91.225327322999988, 15.122891502000073 ], [ -91.223943893999945, 15.122493158000054 ], [ -91.223026533999985, 15.121985505000055 ], [ -91.221418640999957, 15.120197017000066 ], [ -91.219824749999987, 15.119451318000074 ], [ -91.218222312999956, 15.118964233000042 ], [ -91.216067901999963, 15.117667330000074 ], [ -91.214177139999947, 15.116897786000038 ], [ -91.209769270999971, 15.116422357000033 ], [ -91.208054836999963, 15.115777293000065 ], [ -91.205827276999969, 15.112681305000024 ], [ -91.20556057899995, 15.111416228000053 ], [ -91.206123495999975, 15.110503408000056 ], [ -91.208953778999955, 15.109880804000056 ], [ -91.209585917999959, 15.109377459000029 ], [ -91.212674822999986, 15.10404163100003 ], [ -91.213398965999943, 15.101989101000072 ] ] ] ] } },
{ "type": "Feature", "properties": { "Codigo": 2212, "datos_finales_color_riesgo": "ffaa00" }, "geometry": { "type": "MultiPolygon", "coordinates": [ [ [ [ -90.032623606999948, 14.214219951000075 ], [ -90.031136979999985, 14.210865628000022 ], [ -90.028402566999944, 14.207186481000065 ], [ -90.025594124999941, 14.206123145000049 ], [ -90.020381218999944, 14.205452033000029 ], [ -90.015659262999975, 14.20542249500005 ], [ -90.015036012999985, 14.205255545000057 ], [ -90.014911178999967, 14.204627463000065 ], [ -90.015184488999978, 14.20408111100005 ], [ -90.015639714999963, 14.203383507000069 ], [ -90.019391351999957, 14.19656446700003 ], [ -90.020388537999963, 14.19070107500005 ], [ -90.020779352999966, 14.182580269000027 ], [ -90.023981053999989, 14.177248858000041 ], [ -90.024003981999954, 14.176245567000024 ], [ -90.024019343999953, 14.174891098000046 ], [ -90.023139955999966, 14.172901242000023 ], [ -90.018117935999953, 14.169191393000062 ], [ -90.01586694599996, 14.167917098000032 ], [ -90.009367936999979, 14.166533380000033 ], [ -90.005518287999962, 14.166835270000036 ], [ -90.000006556999949, 14.166619600000047 ], [ -89.997104009999987, 14.167438931000049 ], [ -89.993709034999938, 14.16585322800006 ], [ -89.989919074999989, 14.164702780000027 ], [ -89.988859422999951, 14.164959267000029 ], [ -89.985830373999988, 14.162173584000072 ], [ -89.981948865999982, 14.160562435000031 ], [ -89.980673102999958, 14.159140965000063 ], [ -89.978158679999979, 14.15773775200006 ], [ -89.973488716999952, 14.154614072000072 ], [ -89.967425038999977, 14.153005669000038 ], [ -89.963419181999939, 14.150940040000023 ], [ -89.960454968999954, 14.150711738000041 ], [ -89.95824163399999, 14.149824654000042 ], [ -89.957587718999946, 14.149370480000073 ], [ -89.957188046999988, 14.148631677000026 ], [ -89.956893656999966, 14.14789195000003 ], [ -89.956584244999988, 14.145587487000057 ], [ -89.954212495999968, 14.142877580000061 ], [ -89.951790656999947, 14.139460386000053 ], [ -89.949760927999989, 14.134965623000028 ], [ -89.94934679499994, 14.132972517000042 ], [ -89.948088749999954, 14.131116567000049 ], [ -89.94665176899997, 14.127501906000077 ], [ -89.945560611999952, 14.122200673000066 ], [ -89.945422841999971, 14.119218852000074 ], [ -89.944799580999984, 14.118382385000075 ], [ -89.944386831999964, 14.114597871000058 ], [ -89.943526111999972, 14.113572131000069 ], [ -89.94349852299996, 14.110871659000054 ], [ -89.942219205999947, 14.10736963100004 ], [ -89.941873602999976, 14.104145866000067 ], [ -89.942304844999967, 14.103160249000041 ], [ -89.944497017999936, 14.102820094000037 ], [ -89.948748683999952, 14.104026555000075 ], [ -89.952842344999965, 14.108031555000025 ], [ -89.95293096599994, 14.113413771000069 ], [ -89.955531654999959, 14.114152218000072 ], [ -89.959092083999963, 14.113823618000026 ], [ -89.960256333999951, 14.113162167000041 ], [ -89.96352372199999, 14.112645794000059 ], [ -89.966493863999972, 14.111342213000057 ], [ -89.969779699999947, 14.10859765500004 ], [ -89.97158155599999, 14.105939349000039 ], [ -89.97159800299994, 14.10162964500006 ], [ -89.971593816999984, 14.100019866000025 ], [ -89.973027825999964, 14.098760052000046 ], [ -89.977971369999977, 14.097591714000032 ], [ -89.978699068999958, 14.097311861000037 ], [ -89.979260721999935, 14.096554679000064 ], [ -89.979163249999942, 14.095525074000022 ], [ -89.977264937999962, 14.092965868000022 ], [ -89.976584210999988, 14.09091072800004 ], [ -89.976550182999972, 14.087962885000024 ], [ -89.974319596999976, 14.084427565000055 ], [ -89.973486155999979, 14.080756262000023 ], [ -89.971670356999937, 14.078704930000072 ], [ -89.971669014999975, 14.077359333000061 ], [ -89.971082385999978, 14.075935268000023 ], [ -89.970028295999953, 14.074443243000076 ], [ -89.968772746999946, 14.073847241000067 ], [ -89.966889536999986, 14.07485080400005 ], [ -89.965224544999955, 14.074960800000042 ], [ -89.964540468999985, 14.074438570000041 ], [ -89.96307775799994, 14.072849944000041 ], [ -89.958952543999942, 14.072737005000022 ], [ -89.958583536999981, 14.072351936000075 ], [ -89.956843646999971, 14.071002485000065 ], [ -89.956897906999984, 14.066423513000075 ], [ -89.956090676999963, 14.065686365000033 ], [ -89.952814754999963, 14.065197999000077 ], [ -89.950079423999966, 14.065540465000026 ], [ -89.948919304999947, 14.064907205000054 ], [ -89.946469580999974, 14.065295008000021 ], [ -89.94603486599999, 14.064244218000056 ], [ -89.943910861999939, 14.063703716000077 ], [ -89.941653970999937, 14.061026922000053 ], [ -89.939455466999959, 14.060787966000078 ], [ -89.938359367999965, 14.059997442000054 ], [ -89.935355841999979, 14.060339733000035 ], [ -89.933624142999975, 14.059001549000072 ], [ -89.931266138999945, 14.058240115000046 ], [ -89.928868840999939, 14.05873452000003 ], [ -89.927827696999941, 14.05781597400005 ], [ -89.921869148999974, 14.056653035000068 ], [ -89.919123935999949, 14.053986799000029 ], [ -89.916763513999967, 14.053371954000056 ], [ -89.911116152999966, 14.046139883000023 ], [ -89.907905194999955, 14.045456528000045 ], [ -89.907708733999982, 14.041574381000032 ], [ -89.905040922999945, 14.040831352000055 ], [ -89.903248516999952, 14.039605111000071 ], [ -89.903107889999944, 14.03854112700003 ], [ -89.903684102999989, 14.037133020000056 ], [ -89.906142261999946, 14.03622196200007 ], [ -89.906893325999988, 14.034921054000051 ], [ -89.906623584999977, 14.034344182000041 ], [ -89.905925025999977, 14.033801327000049 ], [ -89.904597623999962, 14.033293316000027 ], [ -89.904874070999938, 14.031433237000044 ], [ -89.905122239999969, 14.030860733000054 ], [ -89.905435159999968, 14.030330824000032 ], [ -89.905599640999981, 14.029489728000044 ], [ -89.905617682999946, 14.028145578000021 ], [ -89.905515307999963, 14.027632929000049 ], [ -89.905392136999978, 14.02703310000004 ], [ -89.904641603999949, 14.02433473800005 ], [ -89.90451784399994, 14.023778920000041 ], [ -89.904480795999973, 14.02326597900003 ], [ -89.904512785999941, 14.022519135000039 ], [ -89.904545335999956, 14.021730533000039 ], [ -89.904660869999987, 14.021262437000075 ], [ -89.90499687099998, 14.020648161000054 ], [ -89.905532519999952, 14.019801653000059 ], [ -89.906378204999953, 14.018681423000032 ], [ -89.906713635999949, 14.018108903000041 ], [ -89.906933079999988, 14.014804366000021 ], [ -89.907137581999962, 14.014209851000032 ], [ -89.910425683999961, 14.011819298000034 ], [ -89.913443648999987, 14.010043823000046 ], [ -89.914342298999941, 14.009841934000065 ], [ -89.915064132999987, 14.009808238000062 ], [ -89.915652497999986, 14.009943285000077 ], [ -89.916632144999937, 14.010211998000045 ], [ -89.917260156999987, 14.010668125000052 ], [ -89.917626359999986, 14.011078026000064 ], [ -89.918013949999988, 14.011488196000073 ], [ -89.918843304999939, 14.011584541000047 ], [ -89.919306179999978, 14.01129129800006 ], [ -89.919643253999936, 14.010592347000056 ], [ -89.919672624999976, 14.010037351000051 ], [ -89.919730207999976, 14.009014265000076 ], [ -89.919788065999967, 14.007926841000028 ], [ -89.919884441999955, 14.007245144000024 ], [ -89.920155085999966, 14.006628875000047 ], [ -89.920600248999961, 14.006015952000041 ], [ -89.921128993999957, 14.005723543000045 ], [ -89.921653731999982, 14.005688447000068 ], [ -89.922262913999987, 14.005909531000043 ], [ -89.922718660999976, 14.006150112000057 ], [ -89.92343735299994, 14.006308243000035 ], [ -89.924048523999943, 14.00638034800005 ], [ -89.924725572999989, 14.006410393000067 ], [ -89.925490174999936, 14.006420100000071 ], [ -89.926584754999965, 14.006305307000048 ], [ -89.927155985999946, 14.006077763000064 ], [ -89.927640233999966, 14.005827667000062 ], [ -89.92819091299998, 14.005493753000053 ], [ -89.928703077999955, 14.004795873000035 ], [ -89.92873468099998, 14.004027557000029 ], [ -89.928631680999956, 14.003557796000052 ], [ -89.928355589999967, 14.002977474000033 ], [ -89.928212646999953, 14.002208074000066 ], [ -89.928238115999989, 14.001161995000075 ], [ -89.92893244399994, 13.998847712000043 ], [ -89.930542360999937, 13.994440921000034 ], [ -89.930807982999966, 13.993894555000054 ], [ -89.931269454999949, 13.993529018000061 ], [ -89.932092631999978, 13.993390435000038 ], [ -89.933033618999957, 13.993520867000029 ], [ -89.933620807999944, 13.994004655000026 ], [ -89.934037491999959, 13.994662377000054 ], [ -89.934320919999948, 13.995082495000077 ], [ -89.935000038999988, 13.995521160000067 ], [ -89.935518259999981, 13.995409188000053 ], [ -89.935859753999978, 13.994894250000073 ], [ -89.935913487999983, 13.994285371000046 ], [ -89.935937964999937, 13.990171151000027 ], [ -89.936048355999958, 13.988732181000046 ], [ -89.936285286999976, 13.988037568000038 ], [ -89.936717098999964, 13.987597139000059 ], [ -89.937373825999941, 13.987412406000033 ], [ -89.938319114999956, 13.987216641000032 ], [ -89.938898977999941, 13.987074956000072 ], [ -89.93975255, 13.986952528000074 ], [ -89.940377870999953, 13.986826088000043 ], [ -89.941203770999948, 13.986479800000041 ], [ -89.941820138999958, 13.985893815000054 ], [ -89.942130584999973, 13.985407821000024 ], [ -89.942746365999938, 13.984865848000027 ], [ -89.943384929999979, 13.984873896000067 ], [ -89.944219357999941, 13.985018739000054 ], [ -89.944918212999937, 13.985100915000032 ], [ -89.945572982999977, 13.985019985000065 ], [ -89.946476521999955, 13.984570801000075 ], [ -89.946908891999954, 13.98408633300005 ], [ -89.947054474999959, 13.983434578000072 ], [ -89.947275761999947, 13.982783773000051 ], [ -89.947769188999985, 13.982270721000077 ], [ -89.948430217999942, 13.981758648000039 ], [ -89.949198538999951, 13.981174547000023 ], [ -89.949959766999939, 13.980689692000055 ], [ -89.951190105999956, 13.982501124000066 ], [ -89.95211401499995, 13.984628159000067 ], [ -89.952316845999974, 13.986649054000054 ], [ -89.952655229999948, 13.988383803000033 ], [ -89.952646780999942, 13.989024873000062 ], [ -89.952661829999954, 13.990339019000032 ], [ -89.952777379999986, 13.991526871000076 ], [ -89.953456279999955, 13.992335744000059 ], [ -89.954234262999989, 13.993082647000051 ], [ -89.954784349999954, 13.993666389000055 ], [ -89.955365688999962, 13.994379213000059 ], [ -89.956009806999987, 13.995284724000044 ], [ -89.956657050999979, 13.995997243000033 ], [ -89.956974757999944, 13.996802704000061 ], [ -89.957586108999976, 13.997739408000029 ], [ -89.958426472999975, 13.998711724000032 ], [ -89.959262205999948, 14.000036176000037 ], [ -89.959762516999945, 14.001110333000042 ], [ -89.959878861999982, 14.002986788000044 ], [ -89.962099525999975, 14.006602089000069 ], [ -89.96653747299996, 14.012212740000052 ], [ -89.969436577999943, 14.015505759000064 ], [ -89.969821481999986, 14.016085159000056 ], [ -89.971763045999978, 14.017641299000047 ], [ -89.972922230999984, 14.018996870000024 ], [ -89.974848194999936, 14.021701966000023 ], [ -89.979739269999982, 14.028688574000057 ], [ -89.979713464999975, 14.032202368000071 ], [ -89.979896873999962, 14.033161927000037 ], [ -89.978883530999951, 14.03575578400006 ], [ -89.979523578999988, 14.039190976000043 ], [ -89.980699472999959, 14.041266952000058 ], [ -89.980718665999973, 14.043154632000039 ], [ -89.980271879999975, 14.047465779000049 ], [ -89.979095620999942, 14.050130963000072 ], [ -89.978777366999964, 14.054995711000061 ], [ -89.978698882999936, 14.057185825000033 ], [ -89.979315990999964, 14.060033733000068 ], [ -89.980490475999943, 14.061120838000022 ], [ -89.985916782999936, 14.062139162000051 ], [ -89.98743727699997, 14.063299421000067 ], [ -89.990734697999983, 14.064232363000031 ], [ -89.991988351999964, 14.065285416000052 ], [ -89.994869394999967, 14.066006534000053 ], [ -89.997284238999953, 14.066431704000024 ], [ -90.000727908999977, 14.06742052900006 ], [ -90.002573794999989, 14.067359933000034 ], [ -90.012902799999949, 14.069210713000075 ], [ -90.017603594999969, 14.070831253000051 ], [ -90.019853977999958, 14.072266787000046 ], [ -90.020540013999948, 14.073407537000037 ], [ -90.02215289899999, 14.075179493000064 ], [ -90.024493663999976, 14.076607084000045 ], [ -90.030433038999945, 14.077849842000035 ], [ -90.033196731999965, 14.079491416000053 ], [ -90.036189929999978, 14.081903440000076 ], [ -90.03871290799998, 14.084819924000044 ], [ -90.039653252999983, 14.085398187000067 ], [ -90.041596956999967, 14.085435605000043 ], [ -90.044196548999935, 14.082454451000046 ], [ -90.045534459999942, 14.079684708000059 ], [ -90.04812465599997, 14.076615318000052 ], [ -90.05277521499994, 14.06993032400004 ], [ -90.056103391999955, 14.066742255000065 ], [ -90.059436408999943, 14.062263822000034 ], [ -90.060590006999973, 14.061130889000026 ], [ -90.062119549999977, 14.059355649000054 ], [ -90.064943073999984, 14.056950383000071 ], [ -90.065463556999987, 14.056490463000046 ], [ -90.066587874999982, 14.055155054000068 ], [ -90.06713293699994, 14.053537146000053 ], [ -90.069353598999953, 14.053103501000066 ], [ -90.070251686999939, 14.052503647000037 ], [ -90.071915469999965, 14.052528341000027 ], [ -90.074241385999983, 14.053866097000025 ], [ -90.074669599999936, 14.055022801000064 ], [ -90.075023943999952, 14.056031846000053 ], [ -90.076623319999953, 14.059990081000024 ], [ -90.08236687699997, 14.066512612000054 ], [ -90.079221304999976, 14.072783070000071 ], [ -90.078992691999986, 14.073389930000076 ], [ -90.078011543999935, 14.075422551000031 ], [ -90.07732680099997, 14.07783695300003 ], [ -90.07540518799999, 14.081605746000037 ], [ -90.070943277999959, 14.09396642300004 ], [ -90.068810040999949, 14.098478764000049 ], [ -90.066169932999969, 14.105714636000073 ], [ -90.064551429999938, 14.109711610000033 ], [ -90.063606320999952, 14.113012338000033 ], [ -90.067930321999938, 14.116209143000049 ], [ -90.068766412999935, 14.117221823000023 ], [ -90.072923676999949, 14.122162986000035 ], [ -90.076281225999935, 14.127417257000047 ], [ -90.078164235999964, 14.13196944300006 ], [ -90.079445625999938, 14.133721326000057 ], [ -90.082332918999953, 14.139541088000044 ], [ -90.083239148999951, 14.142548301000033 ], [ -90.085339909999959, 14.146099493000065 ], [ -90.08802061199998, 14.149448859000074 ], [ -90.089461264999954, 14.152924290000044 ], [ -90.090442310999947, 14.153927401000033 ], [ -90.090338464999945, 14.155767448000063 ], [ -90.089699442999972, 14.156659465000075 ], [ -90.088320794999959, 14.157349451000073 ], [ -90.082254893999959, 14.158790775000057 ], [ -90.079876601999956, 14.16029379400004 ], [ -90.078922539999951, 14.160756326000069 ], [ -90.079094815999952, 14.163432868000029 ], [ -90.08443951199996, 14.168871662000072 ], [ -90.08427188, 14.172346750000031 ], [ -90.083196459999954, 14.173564204000058 ], [ -90.079508215999965, 14.175654090000023 ], [ -90.075662971999975, 14.176132136000035 ], [ -90.068938897999942, 14.17774109000004 ], [ -90.066594650999946, 14.179543505000026 ], [ -90.067533313999945, 14.181095976000051 ], [ -90.06988129399997, 14.18238008000003 ], [ -90.072563803999969, 14.182980736000047 ], [ -90.078231962999951, 14.186399501000039 ], [ -90.085817133999967, 14.193931647000056 ], [ -90.08756847899997, 14.195652021000058 ], [ -90.089293323999982, 14.198225542000046 ], [ -90.090910016999942, 14.201930071000049 ], [ -90.090852457999972, 14.205256359000032 ], [ -90.093102489999978, 14.211203898000065 ], [ -90.093035635999968, 14.211997859000064 ], [ -90.09390015699995, 14.213443260000076 ], [ -90.094243008999968, 14.215276316000029 ], [ -90.097069527999963, 14.21854961300005 ], [ -90.098231096999939, 14.219710734000046 ], [ -90.099039612999945, 14.220379857000069 ], [ -90.099165475999939, 14.220855543000027 ], [ -90.09911976799998, 14.221399141000063 ], [ -90.098880226999938, 14.221941513000047 ], [ -90.09800822699998, 14.222256056000049 ], [ -90.093749486999968, 14.22301260100005 ], [ -90.088422958999956, 14.225090453000064 ], [ -90.084844739999937, 14.225570627000025 ], [ -90.08132339399998, 14.224956375000033 ], [ -90.078830162999964, 14.225121197000021 ], [ -90.077074945999982, 14.225943029000064 ], [ -90.075961149999955, 14.22674334900006 ], [ -90.074277457999983, 14.229109272000073 ], [ -90.068416656999943, 14.239293608000025 ], [ -90.065313963999984, 14.236635252000042 ], [ -90.061335414999974, 14.234365722000064 ], [ -90.057756067999946, 14.230947313000058 ], [ -90.053437489999965, 14.229567584000051 ], [ -90.051618023999936, 14.225389624000059 ], [ -90.050128952999955, 14.223802060000025 ], [ -90.047745764999945, 14.223205903000064 ], [ -90.04303857299999, 14.223294428000031 ], [ -90.040139201999978, 14.221815788000072 ], [ -90.036454465999952, 14.218356333000031 ], [ -90.035968508999986, 14.216574560000026 ], [ -90.034680296999966, 14.215127145000054 ], [ -90.033872054999961, 14.214411557000062 ], [ -90.032623606999948, 14.214219951000075 ] ] ] ] } },
{ "type": "Feature", "properties": { "Codigo": 1222, "datos_finales_color_riesgo": "ffaa00" }, "geometry": { "type": "MultiPolygon", "coordinates": [ [ [ [ -91.97010908499999, 14.771167573000071 ], [ -91.973064113999953, 14.770291409000038 ], [ -91.975261286999967, 14.769432185000028 ], [ -91.977305127999955, 14.769446894000055 ], [ -91.97984979499995, 14.768775616000028 ], [ -91.980269236999959, 14.767734461000032 ], [ -91.979193058999954, 14.765917156000057 ], [ -91.978066814999977, 14.765126813000052 ], [ -91.973630860999947, 14.762738630000058 ], [ -91.969363482999938, 14.761070938000046 ], [ -91.968020315999979, 14.76073610900005 ], [ -91.967270409999969, 14.759940617000041 ], [ -91.967560178999975, 14.759194971000056 ], [ -91.969378836999965, 14.757810909000057 ], [ -91.975310380999986, 14.753618921000054 ], [ -91.977283050999972, 14.75305247700004 ], [ -91.982416083999965, 14.750965376000067 ], [ -91.984490219999941, 14.749920184000075 ], [ -91.988148033999948, 14.747156361000066 ], [ -91.991905779999968, 14.744104753000045 ], [ -91.994277527999941, 14.742580501000077 ], [ -91.994870311999989, 14.742199999000036 ], [ -91.997241437999946, 14.740675710000062 ], [ -91.997834792999981, 14.740295203000073 ], [ -91.998901393999972, 14.740025224000021 ], [ -92.00030413799999, 14.738867361000075 ], [ -92.000800389999938, 14.738007291000031 ], [ -92.002084846999935, 14.737193563000062 ], [ -92.002691762999973, 14.733700997000028 ], [ -92.00362372799998, 14.731494674000032 ], [ -92.005660413999976, 14.730836712000041 ], [ -92.008416250999971, 14.730467711000074 ], [ -92.009832083999981, 14.729214915000057 ], [ -92.01059978699999, 14.724406518000023 ], [ -92.011025897999957, 14.723764220000078 ], [ -92.011559625999951, 14.718820340000036 ], [ -92.012359983999943, 14.718604528000071 ], [ -92.01410956699999, 14.717985941000052 ], [ -92.01630903399996, 14.718536577000066 ], [ -92.017289355999935, 14.718837937000046 ], [ -92.018400869999937, 14.719012153000051 ], [ -92.019753477999984, 14.719017880000024 ], [ -92.022285671999953, 14.718774324000037 ], [ -92.023791049999943, 14.718759202000058 ], [ -92.024620596999966, 14.718635 ], [ -92.025232341999981, 14.718403656000078 ], [ -92.026259983999978, 14.717856520000055 ], [ -92.027485543999944, 14.717054820000044 ], [ -92.028448425999954, 14.716315294000026 ], [ -92.029345249999949, 14.715809404000026 ], [ -92.030655894999938, 14.715454407000038 ], [ -92.032490441999983, 14.715037180000024 ], [ -92.03373473399995, 14.714851396000029 ], [ -92.035720803999936, 14.714562468000054 ], [ -92.036507351999944, 14.714310349000073 ], [ -92.037141782999981, 14.713931032000062 ], [ -92.037601572999961, 14.71352951700004 ], [ -92.038303643999939, 14.712682641000072 ], [ -92.038983274999964, 14.711921551000046 ], [ -92.040078032999986, 14.711013012000024 ], [ -92.041237260999935, 14.710360124000033 ], [ -92.042656880999971, 14.709898155000076 ], [ -92.043508534999944, 14.709753635000027 ], [ -92.044970140999965, 14.709780003000049 ], [ -92.046387256999935, 14.709892061000062 ], [ -92.047914821999939, 14.709835057000078 ], [ -92.048461045999943, 14.709709604000068 ], [ -92.04907375, 14.709245410000051 ], [ -92.049752788999967, 14.708610848000035 ], [ -92.050323055999968, 14.707891085000028 ], [ -92.051114237999968, 14.706557481000061 ], [ -92.052168040999959, 14.705032839000069 ], [ -92.053198124999938, 14.703890047000073 ], [ -92.053527404999954, 14.703318459000059 ], [ -92.053704602999971, 14.702745117000063 ], [ -92.053927433999945, 14.701684911000029 ], [ -92.054302929999949, 14.700624197000025 ], [ -92.054807837999988, 14.699840872000038 ], [ -92.055333981999979, 14.699248612000076 ], [ -92.056078197999966, 14.698699047000048 ], [ -92.056625719999943, 14.698128340000039 ], [ -92.056976665999969, 14.697779451000031 ], [ -92.057218855999963, 14.697207502000026 ], [ -92.05759378, 14.696274473000074 ], [ -92.058032620999938, 14.695597095000039 ], [ -92.059105199999976, 14.694814934000021 ], [ -92.060023161999936, 14.694351944000061 ], [ -92.061029223999981, 14.693783081000049 ], [ -92.061514545999955, 14.693363536000049 ], [ -92.062094078999962, 14.692630217000044 ], [ -92.062335979999943, 14.692121540000073 ], [ -92.062577879999935, 14.691612865000025 ], [ -92.063170387999946, 14.690829872000052 ], [ -92.063608878999958, 14.690363799000068 ], [ -92.06435264199996, 14.689772393000055 ], [ -92.065119446999972, 14.68908502000005 ], [ -92.065667823999945, 14.688301842000044 ], [ -92.066063309999947, 14.687709028000029 ], [ -92.066458120999982, 14.687137678000056 ], [ -92.067050600999949, 14.686354673000039 ], [ -92.068146914999943, 14.685021093000046 ], [ -92.068475409999962, 14.684618982000075 ], [ -92.068804304999958, 14.684258685000032 ], [ -92.069503734999955, 14.683985755000037 ], [ -92.070528601999968, 14.684032804000026 ], [ -92.071138410999936, 14.684226223000053 ], [ -92.07200910399996, 14.684633134000023 ], [ -92.073206185999936, 14.685274137000022 ], [ -92.074207618999935, 14.685787787000038 ], [ -92.075165162999951, 14.686387143000047 ], [ -92.075774005999961, 14.686813339000025 ], [ -92.076447990999952, 14.687347146000036 ], [ -92.076817467999945, 14.68768876200005 ], [ -92.077491818999988, 14.688136687000053 ], [ -92.078101733999972, 14.688309747000062 ], [ -92.079104834999953, 14.688292259000036 ], [ -92.08061229399999, 14.687873334000074 ], [ -92.081223983999962, 14.687621492000062 ], [ -92.082274389999952, 14.686839128000031 ], [ -92.08288767099998, 14.686205329000074 ], [ -92.08350130299999, 14.685485645000028 ], [ -92.084159880999948, 14.684425990000022 ], [ -92.08459977199999, 14.683610694000038 ], [ -92.085215067999968, 14.682487582000022 ], [ -92.086124821999988, 14.680902300000071 ], [ -92.087017352999965, 14.679267226000036 ], [ -92.08717220799997, 14.678736706000052 ], [ -92.087372348999963, 14.677782593000074 ], [ -92.087508542999956, 14.676572833000023 ], [ -92.087643010999955, 14.675638803000027 ], [ -92.087997381999969, 14.674302203000025 ], [ -92.088506118999987, 14.672690475000024 ], [ -92.089188439999987, 14.671207121000066 ], [ -92.089497684999969, 14.670252301000062 ], [ -92.089696844999935, 14.669530973000064 ], [ -92.089839335999955, 14.666792262000058 ], [ -92.090062943999953, 14.665350051000075 ], [ -92.09061552299994, 14.663652601000024 ], [ -92.091055680999943, 14.662614665000035 ], [ -92.091801437999948, 14.661640075000037 ], [ -92.092370389999985, 14.661175581000066 ], [ -92.093069629999945, 14.660924047000037 ], [ -92.093571253999983, 14.660883059000071 ], [ -92.094181460999948, 14.660970194000072 ], [ -92.09481337699998, 14.661142163000022 ], [ -92.09592517599998, 14.661338600000022 ], [ -92.097690717999967, 14.66162119300003 ], [ -92.09899930399996, 14.661668080000027 ], [ -92.10050474799999, 14.661547342000063 ], [ -92.101464724999971, 14.661401887000068 ], [ -92.102228958999945, 14.661150574000033 ], [ -92.102928453999937, 14.66083459500004 ], [ -92.103344572999958, 14.660411296000063 ], [ -92.103717592999942, 14.659881602000041 ], [ -92.104245667999976, 14.658758092000028 ], [ -92.104685318999941, 14.65782635100004 ], [ -92.105191307999974, 14.656850791000068 ], [ -92.10563159899999, 14.65575971100003 ], [ -92.106007015999978, 14.654635608000035 ], [ -92.106822128999966, 14.652706324000064 ], [ -92.10774446299996, 14.651096128000063 ], [ -92.108227678999981, 14.650291113000037 ], [ -92.10912536799998, 14.649317043000053 ], [ -92.109717079999939, 14.648661607000065 ], [ -92.11032983299998, 14.648111349000033 ], [ -92.111927090999984, 14.646928616000025 ], [ -92.112583274999963, 14.646399987000052 ], [ -92.113240203999965, 14.645829545000026 ], [ -92.113548021999975, 14.645193361000054 ], [ -92.113724254999966, 14.644664027000033 ], [ -92.113901068999951, 14.644133569000076 ], [ -92.114384246999975, 14.643328538000048 ], [ -92.114932414999942, 14.642523751000056 ], [ -92.11530546399996, 14.641972567000039 ], [ -92.116224750999947, 14.641095733000043 ], [ -92.117623587999958, 14.640314510000053 ], [ -92.11906651399994, 14.639534575000027 ], [ -92.119766097999957, 14.639027558000066 ], [ -92.120379123999953, 14.638541684000074 ], [ -92.121627327999988, 14.637251332000062 ], [ -92.122480789999898, 14.636426207000056 ], [ -92.123180763999983, 14.635962124000059 ], [ -92.12407680299998, 14.635519118000047 ], [ -92.124754135999979, 14.635202984000045 ], [ -92.125387861999968, 14.634760116000052 ], [ -92.126001699999961, 14.634209813000041 ], [ -92.126855716999955, 14.633236631000045 ], [ -92.12738184599999, 14.632558299000038 ], [ -92.128412448999939, 14.631097582000052 ], [ -92.12933335699995, 14.629932527000051 ], [ -92.129968226999949, 14.629340481000042 ], [ -92.13066767, 14.628854897000053 ], [ -92.131650958999955, 14.628348901000038 ], [ -92.132197271999985, 14.628138481000065 ], [ -92.132699067999965, 14.628034123000077 ], [ -92.133288232999973, 14.627994503000025 ], [ -92.133876652999959, 14.627996691000021 ], [ -92.134880156999941, 14.627957477000052 ], [ -92.135930891999976, 14.627711628000043 ], [ -92.13443093699999, 14.629750369000021 ], [ -92.132913720999966, 14.631448882000029 ], [ -92.132617320999941, 14.632003777000023 ], [ -92.132576871999959, 14.632846661000031 ], [ -92.133015125999975, 14.633851800000059 ], [ -92.133729820999974, 14.634805984000025 ], [ -92.134461742999974, 14.63595573200007 ], [ -92.134771668999974, 14.636836084000038 ], [ -92.134654852999972, 14.638360122000051 ], [ -92.134153506999951, 14.639379846000054 ], [ -92.133193290999941, 14.640057710000065 ], [ -92.132160139999939, 14.64053866200004 ], [ -92.129098703999944, 14.641459541000074 ], [ -92.125963256999967, 14.642452427000023 ], [ -92.124376385999938, 14.643091733000063 ], [ -92.123564029999955, 14.64364467200005 ], [ -92.12378107699999, 14.644668203000037 ], [ -92.12664517799999, 14.646992228000045 ], [ -92.12712155, 14.647604256000022 ], [ -92.127229770999975, 14.648268015000042 ], [ -92.127057973999968, 14.649737594000044 ], [ -92.126608497999939, 14.651565496000046 ], [ -92.126403254999957, 14.652246158000025 ], [ -92.126031312999942, 14.653105876000041 ], [ -92.125642518999939, 14.653677362000053 ], [ -92.12311210699994, 14.655426228000067 ], [ -92.122167995999973, 14.65655160600005 ], [ -92.122350188999974, 14.657000932000074 ], [ -92.122809290999953, 14.657433222000066 ], [ -92.124130453999953, 14.658693710000023 ], [ -92.12436822699999, 14.659178276000034 ], [ -92.12441880099999, 14.660326620000035 ], [ -92.124079777999953, 14.662244203000057 ], [ -92.123812804999943, 14.664431013000069 ], [ -92.123874101999945, 14.667552497000031 ], [ -92.123687691999976, 14.668160902000068 ], [ -92.123224851999964, 14.668662038000036 ], [ -92.120494621999967, 14.66967330600005 ], [ -92.119570795999948, 14.670351238000023 ], [ -92.119364861999941, 14.671193490000064 ], [ -92.119213275999982, 14.672233708000022 ], [ -92.119152612999983, 14.673614422000071 ], [ -92.119143859999951, 14.675802201000067 ], [ -92.118918127999962, 14.676948363000065 ], [ -92.11937581699999, 14.677596498000071 ], [ -92.119983531999935, 14.67774232000005 ], [ -92.120810947999985, 14.678103686000043 ], [ -92.121545434999973, 14.678626295000072 ], [ -92.122408856999982, 14.679275958000062 ], [ -92.123180355999978, 14.679834868000057 ], [ -92.123805429999948, 14.680141214000059 ], [ -92.124744652999937, 14.680270194000059 ], [ -92.125426518999973, 14.680308926000066 ], [ -92.126071651999951, 14.680096642000024 ], [ -92.127043132999972, 14.679702510000027 ], [ -92.127546095999946, 14.680066022000062 ], [ -92.127597894999951, 14.68090925000007 ], [ -92.126590781999937, 14.683113620000029 ], [ -92.125900676999947, 14.683977785000025 ], [ -92.124937657999965, 14.684865783000077 ], [ -92.123764036999944, 14.685580080000022 ], [ -92.122119121999958, 14.686573975000044 ], [ -92.12023607399999, 14.688035934000027 ], [ -92.119297242999949, 14.688961289000076 ], [ -92.118342577999954, 14.690360077000037 ], [ -92.118096632999936, 14.699577092000027 ], [ -92.117636594999965, 14.700805983000066 ], [ -92.117238712999949, 14.702310847000035 ], [ -92.117321584999956, 14.703212954000037 ], [ -92.11767598199998, 14.703862959000048 ], [ -92.11842678499994, 14.704967630000056 ], [ -92.119441311999935, 14.705596411000045 ], [ -92.120864703999985, 14.705889978000073 ], [ -92.122478254999976, 14.70595598500006 ], [ -92.123478082999952, 14.706781324000076 ], [ -92.12418377099999, 14.707854164000025 ], [ -92.124318774999949, 14.708937278000064 ], [ -92.124159579999969, 14.70998989800006 ], [ -92.123811246999935, 14.710431569000036 ], [ -92.123068066999963, 14.710895475000029 ], [ -92.121876632999943, 14.711236764000034 ], [ -92.120711509999978, 14.711384905000045 ], [ -92.119552566999971, 14.711728566000033 ], [ -92.119030135999935, 14.712152616000026 ], [ -92.118822264999949, 14.712741719000064 ], [ -92.115632584999958, 14.723613209000064 ], [ -92.115421354999967, 14.731651666000062 ], [ -92.11555591299998, 14.735714752000035 ], [ -92.115910144999987, 14.739726693000023 ], [ -92.116813140999966, 14.742854760000057 ], [ -92.116549687999964, 14.743395054000075 ], [ -92.115939539999943, 14.743233384000064 ], [ -92.115361027999938, 14.742858254000055 ], [ -92.111003323999967, 14.739487532000055 ], [ -92.106466429999955, 14.737664220000056 ], [ -92.103116915999976, 14.735698522000064 ], [ -92.099349735999965, 14.734368507000056 ], [ -92.095302493999952, 14.732401115000073 ], [ -92.090725824999936, 14.731979754000065 ], [ -92.08815735, 14.730866717000026 ], [ -92.085169489999942, 14.731343114000026 ], [ -92.083966455999985, 14.732059329000037 ], [ -92.083438608999984, 14.732640347000029 ], [ -92.082935195999937, 14.733624890000044 ], [ -92.082738921999976, 14.734328135000055 ], [ -92.082349560999944, 14.735110849000023 ], [ -92.081811070999947, 14.73601162500006 ], [ -92.079417671999977, 14.738141303000077 ], [ -92.077042474999985, 14.74062473400005 ], [ -92.074034757999982, 14.743290934000072 ], [ -92.072096099999953, 14.744531871000049 ], [ -92.070172553999953, 14.745627072000048 ], [ -92.06997432899999, 14.746092987000054 ], [ -92.069947578999972, 14.746786728000075 ], [ -92.070295868999949, 14.747625493000044 ], [ -92.070859806999977, 14.748134022000045 ], [ -92.071644853999942, 14.74853156100005 ], [ -92.076012313999968, 14.748377285000061 ], [ -92.077365291999968, 14.748618867000062 ], [ -92.077860121999947, 14.749274011000068 ], [ -92.07813321499998, 14.750880899000038 ], [ -92.077629593999973, 14.752311795000026 ], [ -92.076617760999966, 14.752953013000024 ], [ -92.075263331999963, 14.753598507000049 ], [ -92.074890946999972, 14.753921343000059 ], [ -92.074656429999948, 14.754457178000052 ], [ -92.07474857599999, 14.755185297000025 ], [ -92.07518926099999, 14.755738524000037 ], [ -92.075570343999971, 14.756107315000065 ], [ -92.078280940999946, 14.758820086000071 ], [ -92.078223384999944, 14.759939736000035 ], [ -92.078087467999978, 14.760501958000077 ], [ -92.077879891999942, 14.760982531000025 ], [ -92.077401514999963, 14.761515134000035 ], [ -92.076936846999956, 14.761963037000044 ], [ -92.07517379899997, 14.763244242000042 ], [ -92.073197402999938, 14.764578819000064 ], [ -92.072161877999974, 14.76545045000006 ], [ -92.071484049999981, 14.766044391000037 ], [ -92.071294061999936, 14.766617692000068 ], [ -92.07151612199999, 14.767790442000035 ], [ -92.072368516999973, 14.768206333000023 ], [ -92.07488809299997, 14.768329444000074 ], [ -92.075532271999975, 14.768690247000052 ], [ -92.07585458799997, 14.769229439000071 ], [ -92.07426521299999, 14.777887142000054 ], [ -92.074534017999952, 14.788318544000049 ], [ -92.072558736999952, 14.787693607000051 ], [ -92.070348853999974, 14.787888119000058 ], [ -92.069094579999955, 14.788958864000051 ], [ -92.068604863999951, 14.790223664000052 ], [ -92.068777666999949, 14.791508092000072 ], [ -92.069071090999955, 14.792561348000049 ], [ -92.070973269999968, 14.796042772000021 ], [ -92.073486565999985, 14.799088183000038 ], [ -92.073561602999973, 14.800427587000058 ], [ -92.07270645899996, 14.801449097000045 ], [ -92.071897222999951, 14.801642468000068 ], [ -92.071029600999964, 14.801499978000038 ], [ -92.070330320999972, 14.800830433000044 ], [ -92.069724170999962, 14.799703597000075 ], [ -92.069422539999948, 14.798938471000042 ], [ -92.068532322999943, 14.798105423000038 ], [ -92.067360010999948, 14.797647537000046 ], [ -92.066242348999936, 14.797991066000066 ], [ -92.065302823999957, 14.798369213000058 ], [ -92.064379625999948, 14.798867205000022 ], [ -92.061509515999944, 14.80144559200005 ], [ -92.060750860999974, 14.80189451900003 ], [ -92.059795937999979, 14.802201387000025 ], [ -92.058742552999945, 14.802311221000025 ], [ -92.053535612999951, 14.801079628000025 ], [ -92.052055991999964, 14.800246360000074 ], [ -92.050283465999939, 14.799863893000065 ], [ -92.049793339999951, 14.799191760000042 ], [ -92.047739332999981, 14.797174078000069 ], [ -92.044482179999989, 14.795398878000071 ], [ -92.041794269999968, 14.794665631000044 ], [ -92.038507211999956, 14.795085881000034 ], [ -92.035736044999965, 14.796904964000078 ], [ -92.034083906999967, 14.798727572000075 ], [ -92.032925573999989, 14.80089915700006 ], [ -92.031913036999981, 14.803058919000023 ], [ -92.030622883999968, 14.808222258000058 ], [ -92.030292456999973, 14.808607338000058 ], [ -92.02965519299994, 14.809035198000061 ], [ -92.029110637999963, 14.808988831000022 ], [ -92.028615615999968, 14.808774300000039 ], [ -92.027657335999947, 14.808516 ], [ -92.023126929999989, 14.807053789000065 ], [ -92.019711188999963, 14.80517586600007 ], [ -92.017938472999958, 14.804714048000051 ], [ -92.01560225299994, 14.802232713000024 ], [ -92.015073780999955, 14.800686838000047 ], [ -92.015221616999952, 14.793921995000062 ], [ -92.014341947999981, 14.792863921000048 ], [ -92.01297795399995, 14.792835488000037 ], [ -92.004417888999967, 14.795171744000072 ], [ -92.00221511699999, 14.795059389000073 ], [ -92.001034530999959, 14.794671200000039 ], [ -91.989360966999982, 14.783210517000043 ], [ -91.988183133999939, 14.782247099000074 ], [ -91.985826040999939, 14.780510082000035 ], [ -91.983566351999968, 14.779062755000041 ], [ -91.977372890999959, 14.776063451000027 ], [ -91.972165297999936, 14.772876277000023 ], [ -91.97010908499999, 14.771167573000071 ] ] ] ] } },
{ "type": "Feature", "properties": { "Codigo": 2211, "datos_finales_color_riesgo": "ffaa00" }, "geometry": { "type": "MultiPolygon", "coordinates": [ [ [ [ -89.902662858999975, 14.159360692000064 ], [ -89.900631051999937, 14.157476486000064 ], [ -89.89889313399999, 14.156952846000024 ], [ -89.897795364999979, 14.157078616000035 ], [ -89.895240795999939, 14.158680012000048 ], [ -89.893298535999975, 14.158934792000025 ], [ -89.892243744999973, 14.158749553000064 ], [ -89.889991918999954, 14.156720199000063 ], [ -89.889195365999967, 14.156855479000058 ], [ -89.88730134399998, 14.158410035000031 ], [ -89.885149812999941, 14.15679168500003 ], [ -89.884332320999988, 14.156638843000053 ], [ -89.881956923999951, 14.157313443000078 ], [ -89.879622124999969, 14.159121812000024 ], [ -89.87889299599999, 14.158851583000057 ], [ -89.877669798999989, 14.15727911700003 ], [ -89.877910818999965, 14.155176009000058 ], [ -89.876483606999955, 14.153509457000041 ], [ -89.874385439999969, 14.152988868000023 ], [ -89.868154539999978, 14.146834986000044 ], [ -89.867736989999969, 14.144174742000075 ], [ -89.868690339999944, 14.142891387000077 ], [ -89.868923047999942, 14.140764488000059 ], [ -89.868315894999967, 14.139279049000038 ], [ -89.8664394, 14.138588611000046 ], [ -89.865398471999981, 14.137317611000071 ], [ -89.865284584999984, 14.136259626000026 ], [ -89.863895653999975, 14.134936674000073 ], [ -89.862972268999954, 14.134332030000053 ], [ -89.860516898999947, 14.133981645000063 ], [ -89.856517146999977, 14.130790335000029 ], [ -89.853793203999942, 14.130377682000073 ], [ -89.850797627999953, 14.12718026500005 ], [ -89.848590890999958, 14.126001167000027 ], [ -89.847679261999986, 14.124968845000069 ], [ -89.847433308999939, 14.123638244000063 ], [ -89.846637394999959, 14.122896390000051 ], [ -89.843774394999969, 14.120331615000055 ], [ -89.842566427999941, 14.11852447800004 ], [ -89.841866536999987, 14.114008323000064 ], [ -89.842534010999941, 14.11110160800007 ], [ -89.843183634999946, 14.110034468000038 ], [ -89.843113987999971, 14.107744513000057 ], [ -89.842411201999937, 14.107256715000062 ], [ -89.840505132999965, 14.107563535000054 ], [ -89.836190969999961, 14.111953966000044 ], [ -89.835323373999984, 14.111425604000033 ], [ -89.832755196999983, 14.104785474000039 ], [ -89.831604509999977, 14.077483807000021 ], [ -89.84091356, 14.076599160000058 ], [ -89.84367432199997, 14.076808014000051 ], [ -89.851956073999986, 14.076170208000065 ], [ -89.858986455999968, 14.076182892000077 ], [ -89.861613224999985, 14.074184241000069 ], [ -89.862997545999974, 14.074085997000054 ], [ -89.864015857999959, 14.073184963000074 ], [ -89.86463736099995, 14.070008864000044 ], [ -89.863861103999966, 14.06863751000003 ], [ -89.863736219999964, 14.067027432000032 ], [ -89.867925988999957, 14.063597430000073 ], [ -89.868351629999907, 14.063248527000042 ], [ -89.867570949999958, 14.061776672000065 ], [ -89.864329559999987, 14.061165689000063 ], [ -89.859233586999949, 14.056359858000064 ], [ -89.858959137999989, 14.05423087500003 ], [ -89.859528725999951, 14.053330778000031 ], [ -89.860195287999943, 14.049602195000034 ], [ -89.860638641999969, 14.04926708000005 ], [ -89.861094314999946, 14.048537064000072 ], [ -89.861193563999961, 14.047957054000051 ], [ -89.860952166999937, 14.047217978000049 ], [ -89.860355567999989, 14.046539753000047 ], [ -89.859825635999982, 14.045975269000053 ], [ -89.859284278999951, 14.045443368000065 ], [ -89.858735920999948, 14.044577269000058 ], [ -89.859076099999982, 14.043922510000073 ], [ -89.859732778999955, 14.043585653000036 ], [ -89.862510137999948, 14.041957970000055 ], [ -89.865642787999946, 14.040302122000071 ], [ -89.867275154999959, 14.039675389000024 ], [ -89.867939310999986, 14.03959482700003 ], [ -89.868841814999939, 14.039629096000056 ], [ -89.869742932999941, 14.039807825000025 ], [ -89.87029996199999, 14.040038530000061 ], [ -89.870776328999966, 14.040334787000063 ], [ -89.871297778999974, 14.040631627000039 ], [ -89.871855236999977, 14.040873624000028 ], [ -89.872333143999981, 14.041014131000054 ], [ -89.873424983999939, 14.041452672000048 ], [ -89.874484738999968, 14.041700032000051 ], [ -89.875773823999964, 14.041917620000049 ], [ -89.877420103999953, 14.041927614000031 ], [ -89.879170288999944, 14.041906202000064 ], [ -89.880978188999961, 14.041806511000061 ], [ -89.883027622999975, 14.041586885000072 ], [ -89.884663555999964, 14.041507521000028 ], [ -89.886766397999963, 14.041613636000022 ], [ -89.888045610999939, 14.041708 ], [ -89.889119212999958, 14.041788418000067 ], [ -89.889929673999973, 14.041876737000052 ], [ -89.89065, 14.041875849000064 ], [ -89.891462851999961, 14.041829867000047 ], [ -89.892140105999943, 14.041593637000062 ], [ -89.893083806999982, 14.041147490000071 ], [ -89.894258184999956, 14.040571109000041 ], [ -89.895917409999981, 14.039621684000053 ], [ -89.897325800999965, 14.038623872000073 ], [ -89.89820565299999, 14.037808902000052 ], [ -89.89895857, 14.037104046000024 ], [ -89.899599013999989, 14.036208113000043 ], [ -89.900242579999897, 14.035122581000053 ], [ -89.900776502999975, 14.034537947000047 ], [ -89.90180262399997, 14.033891890000064 ], [ -89.902620096999954, 14.033500521000065 ], [ -89.903217117999986, 14.033295957000064 ], [ -89.90392572899998, 14.033305032000044 ], [ -89.904597623999962, 14.033293316000027 ], [ -89.905925025999977, 14.033801327000049 ], [ -89.906623584999977, 14.034344182000041 ], [ -89.906893325999988, 14.034921054000051 ], [ -89.906142261999946, 14.03622196200007 ], [ -89.903684102999989, 14.037133020000056 ], [ -89.903107889999944, 14.03854112700003 ], [ -89.903248516999952, 14.039605111000071 ], [ -89.905040922999945, 14.040831352000055 ], [ -89.907708733999982, 14.041574381000032 ], [ -89.907905194999955, 14.045456528000045 ], [ -89.911116152999966, 14.046139883000023 ], [ -89.916763513999967, 14.053371954000056 ], [ -89.919123935999949, 14.053986799000029 ], [ -89.921869148999974, 14.056653035000068 ], [ -89.927827696999941, 14.05781597400005 ], [ -89.928868840999939, 14.05873452000003 ], [ -89.931266138999945, 14.058240115000046 ], [ -89.933624142999975, 14.059001549000072 ], [ -89.935355841999979, 14.060339733000035 ], [ -89.938359367999965, 14.059997442000054 ], [ -89.939455466999959, 14.060787966000078 ], [ -89.941653970999937, 14.061026922000053 ], [ -89.943910861999939, 14.063703716000077 ], [ -89.94603486599999, 14.064244218000056 ], [ -89.946469580999974, 14.065295008000021 ], [ -89.948919304999947, 14.064907205000054 ], [ -89.950079423999966, 14.065540465000026 ], [ -89.952814754999963, 14.065197999000077 ], [ -89.956090676999963, 14.065686365000033 ], [ -89.956897906999984, 14.066423513000075 ], [ -89.956843646999971, 14.071002485000065 ], [ -89.958583536999981, 14.072351936000075 ], [ -89.958952543999942, 14.072737005000022 ], [ -89.96307775799994, 14.072849944000041 ], [ -89.964540468999985, 14.074438570000041 ], [ -89.965224544999955, 14.074960800000042 ], [ -89.966889536999986, 14.07485080400005 ], [ -89.968772746999946, 14.073847241000067 ], [ -89.970028295999953, 14.074443243000076 ], [ -89.971082385999978, 14.075935268000023 ], [ -89.971669014999975, 14.077359333000061 ], [ -89.971670356999937, 14.078704930000072 ], [ -89.973486155999979, 14.080756262000023 ], [ -89.974319596999976, 14.084427565000055 ], [ -89.976550182999972, 14.087962885000024 ], [ -89.976584210999988, 14.09091072800004 ], [ -89.977264937999962, 14.092965868000022 ], [ -89.979163249999942, 14.095525074000022 ], [ -89.979260721999935, 14.096554679000064 ], [ -89.978699068999958, 14.097311861000037 ], [ -89.977971369999977, 14.097591714000032 ], [ -89.973027825999964, 14.098760052000046 ], [ -89.971593816999984, 14.100019866000025 ], [ -89.97159800299994, 14.10162964500006 ], [ -89.97158155599999, 14.105939349000039 ], [ -89.969779699999947, 14.10859765500004 ], [ -89.966493863999972, 14.111342213000057 ], [ -89.96352372199999, 14.112645794000059 ], [ -89.960256333999951, 14.113162167000041 ], [ -89.959092083999963, 14.113823618000026 ], [ -89.955531654999959, 14.114152218000072 ], [ -89.95293096599994, 14.113413771000069 ], [ -89.952842344999965, 14.108031555000025 ], [ -89.948748683999952, 14.104026555000075 ], [ -89.944497017999936, 14.102820094000037 ], [ -89.942304844999967, 14.103160249000041 ], [ -89.941873602999976, 14.104145866000067 ], [ -89.942219205999947, 14.10736963100004 ], [ -89.94349852299996, 14.110871659000054 ], [ -89.943526111999972, 14.113572131000069 ], [ -89.944386831999964, 14.114597871000058 ], [ -89.944799580999984, 14.118382385000075 ], [ -89.945422841999971, 14.119218852000074 ], [ -89.945560611999952, 14.122200673000066 ], [ -89.94665176899997, 14.127501906000077 ], [ -89.948088749999954, 14.131116567000049 ], [ -89.94934679499994, 14.132972517000042 ], [ -89.949760927999989, 14.134965623000028 ], [ -89.951790656999947, 14.139460386000053 ], [ -89.954212495999968, 14.142877580000061 ], [ -89.956584244999988, 14.145587487000057 ], [ -89.956893656999966, 14.14789195000003 ], [ -89.957188046999988, 14.148631677000026 ], [ -89.957587718999946, 14.149370480000073 ], [ -89.95824163399999, 14.149824654000042 ], [ -89.960454968999954, 14.150711738000041 ], [ -89.963419181999939, 14.150940040000023 ], [ -89.967425038999977, 14.153005669000038 ], [ -89.973488716999952, 14.154614072000072 ], [ -89.978158679999979, 14.15773775200006 ], [ -89.980673102999958, 14.159140965000063 ], [ -89.981948865999982, 14.160562435000031 ], [ -89.985830373999988, 14.162173584000072 ], [ -89.988859422999951, 14.164959267000029 ], [ -89.987818670999957, 14.166851691000033 ], [ -89.98784313799996, 14.167627519000064 ], [ -89.986636356999952, 14.169474951000041 ], [ -89.986423388999981, 14.171058308000056 ], [ -89.98571730599997, 14.172485321000067 ], [ -89.984553588999972, 14.174309572000027 ], [ -89.984105365999937, 14.177495179000061 ], [ -89.981948084999942, 14.18287742800004 ], [ -89.981633916999954, 14.185938276000059 ], [ -89.980796651999981, 14.188133477000065 ], [ -89.979664660999958, 14.188863105000053 ], [ -89.977747640999951, 14.188762147000034 ], [ -89.976010255999938, 14.187680224000076 ], [ -89.974343206999947, 14.187663674000078 ], [ -89.973634600999958, 14.188093834000028 ], [ -89.972752551999974, 14.189996055000051 ], [ -89.972456396999974, 14.195128507000049 ], [ -89.971140076999973, 14.198446419000049 ], [ -89.968337506999944, 14.197935680000057 ], [ -89.965846133999946, 14.19808131800005 ], [ -89.964458402999981, 14.198936295000067 ], [ -89.961605514999974, 14.199379823000072 ], [ -89.961653374999969, 14.196400337000057 ], [ -89.96250801399998, 14.191877828000031 ], [ -89.961361237999938, 14.189894598000024 ], [ -89.959927065999977, 14.188727244000063 ], [ -89.959900403999939, 14.187386991000039 ], [ -89.957471388999977, 14.184951742000067 ], [ -89.956853972999966, 14.183187450000048 ], [ -89.95463740799994, 14.181136427000069 ], [ -89.953647539999963, 14.180709560000025 ], [ -89.951853581999956, 14.181278232000068 ], [ -89.949972312999989, 14.183485945000029 ], [ -89.949208965999958, 14.188003891000051 ], [ -89.949377614999946, 14.189882127000033 ], [ -89.950708374999977, 14.192157844000064 ], [ -89.950570361999951, 14.19512035200006 ], [ -89.949759867999944, 14.195853907000071 ], [ -89.948155691999943, 14.196194672000047 ], [ -89.946742951999965, 14.197057116000053 ], [ -89.946084756999937, 14.197907739000073 ], [ -89.945514000999935, 14.200260792000051 ], [ -89.942702442999973, 14.202235275000078 ], [ -89.942095359999939, 14.204876818000059 ], [ -89.940435240999989, 14.204898477000029 ], [ -89.93903579299996, 14.206013883000026 ], [ -89.936850601999936, 14.205028675000051 ], [ -89.934551428999953, 14.206536631000063 ], [ -89.93395968499999, 14.206529043000046 ], [ -89.933735777999971, 14.206014826000057 ], [ -89.932578340999953, 14.204539317000069 ], [ -89.929560780999964, 14.203504992000035 ], [ -89.928366794999988, 14.199381979000066 ], [ -89.926018221999982, 14.197095355000044 ], [ -89.921401881999941, 14.196183758000075 ], [ -89.920990854999957, 14.195520385000066 ], [ -89.920951767999952, 14.195031117000042 ], [ -89.921132069999942, 14.194360681000035 ], [ -89.92166337499998, 14.193487064000067 ], [ -89.921379071999979, 14.192521678000048 ], [ -89.91670288399996, 14.189800931000036 ], [ -89.915595058999941, 14.188605950000067 ], [ -89.914911650999954, 14.185759388000065 ], [ -89.913049794999949, 14.183732931000065 ], [ -89.911374771999988, 14.18303293300005 ], [ -89.909039589999963, 14.181276901000047 ], [ -89.908676838999952, 14.179147862000036 ], [ -89.910104796999974, 14.177886256000022 ], [ -89.910326418999944, 14.176856282000074 ], [ -89.906685503999938, 14.170468965000055 ], [ -89.904810825999959, 14.160742954000057 ], [ -89.903763959999935, 14.159459569000035 ], [ -89.902662858999975, 14.159360692000064 ] ] ] ] } },
{ "type": "Feature", "properties": { "Codigo": 1004, "datos_finales_color_riesgo": "ffaa00" }, "geometry": { "type": "MultiPolygon", "coordinates": [ [ [ [ -91.441004114999942, 14.539651547000062 ], [ -91.439501210999936, 14.538946696000039 ], [ -91.437099596999985, 14.535988610000061 ], [ -91.436518491999948, 14.534835697000062 ], [ -91.434183522999945, 14.531566201000032 ], [ -91.432517903999951, 14.529521376000048 ], [ -91.431428948999951, 14.524240057000043 ], [ -91.428628510999943, 14.521626096000034 ], [ -91.429053022999938, 14.520718300000055 ], [ -91.43179975299995, 14.519596686000057 ], [ -91.433263421999982, 14.518356880000056 ], [ -91.434189326999956, 14.516732718000071 ], [ -91.434423373999948, 14.515857532000041 ], [ -91.434693243999959, 14.514918185000056 ], [ -91.435614700999963, 14.51392330300007 ], [ -91.436976729999969, 14.513689467000063 ], [ -91.441404251999984, 14.515238547000024 ], [ -91.443838086999961, 14.513733948000038 ], [ -91.444358056999988, 14.511186230000021 ], [ -91.445589864999988, 14.510830585000065 ], [ -91.449462788999938, 14.511334129000033 ], [ -91.453534833999981, 14.512226456000064 ], [ -91.454942829999936, 14.513137344000029 ], [ -91.454441076999956, 14.514747449000026 ], [ -91.454617570999972, 14.516638834000048 ], [ -91.455822206999983, 14.517528042000038 ], [ -91.46787762699995, 14.519455520000065 ], [ -91.472875063999936, 14.519811249000043 ], [ -91.47366046799999, 14.519863815000065 ], [ -91.474828860999935, 14.521402361000071 ], [ -91.47539180199999, 14.523201350000022 ], [ -91.475909736999938, 14.531315894000045 ], [ -91.476687140999957, 14.535843730000067 ], [ -91.476507192999975, 14.538829876000023 ], [ -91.47605264699996, 14.539402012000039 ], [ -91.473019970999985, 14.539756241000077 ], [ -91.472027308999941, 14.540231080000069 ], [ -91.471242744999984, 14.542912733000037 ], [ -91.469743414999982, 14.54436382800003 ], [ -91.467704408999964, 14.543081680000057 ], [ -91.467493789999935, 14.542422735000059 ], [ -91.465858252999965, 14.541507022000076 ], [ -91.464344842999935, 14.541971638000064 ], [ -91.464608164999959, 14.549520701000063 ], [ -91.46243067499995, 14.55156949700006 ], [ -91.457711676999963, 14.553447876000064 ], [ -91.454664346999948, 14.553211974000021 ], [ -91.453300438999975, 14.551599728000042 ], [ -91.452287119999937, 14.551197588000036 ], [ -91.451287625999953, 14.549895057000072 ], [ -91.451045170999976, 14.545574096000053 ], [ -91.449939097999959, 14.542510575000051 ], [ -91.448481520999962, 14.54087170300005 ], [ -91.447519517999979, 14.540354643000057 ], [ -91.441004114999942, 14.539651547000062 ] ] ] ] } },
{ "type": "Feature", "properties": { "Codigo": 405, "datos_finales_color_riesgo": "ffaa00" }, "geometry": { "type": "MultiPolygon", "coordinates": [ [ [ [ -90.923788302999981, 14.792863921000048 ], [ -90.929554748999976, 14.789060703000075 ], [ -90.930423228999985, 14.788068864000024 ], [ -90.931184886999972, 14.787935638000022 ], [ -90.937810197999966, 14.782713278000074 ], [ -90.939584213999979, 14.783493824000061 ], [ -90.941523273999962, 14.783700900000042 ], [ -90.945147918999965, 14.782617233000053 ], [ -90.950094256999989, 14.783197772000051 ], [ -90.954135925999935, 14.782763762000059 ], [ -90.975093769999944, 14.780003922000049 ], [ -90.979412036999975, 14.780911539000044 ], [ -90.980621928999938, 14.782016677000058 ], [ -90.983241808999935, 14.783305834000032 ], [ -90.987002773999961, 14.786499204000052 ], [ -90.988452998999946, 14.788807133000034 ], [ -90.99083062599999, 14.794545723000056 ], [ -90.991561876999981, 14.797717138000053 ], [ -90.991711843999951, 14.802865876000055 ], [ -90.989327653999965, 14.809477879000042 ], [ -90.97886579499999, 14.827702061000025 ], [ -90.975382508999985, 14.832490107000069 ], [ -90.97390689599996, 14.835270493000053 ], [ -90.970616405999976, 14.83928187500004 ], [ -90.970317969999897, 14.840215636000039 ], [ -90.966130115999988, 14.845548486000041 ], [ -90.965621613999986, 14.84677632000006 ], [ -90.964240942999936, 14.848073235000072 ], [ -90.964032989999964, 14.84963242300006 ], [ -90.963136043999953, 14.851353803000052 ], [ -90.964061028999936, 14.855316536000032 ], [ -90.964589805999935, 14.863702441000044 ], [ -90.965173006999976, 14.866034471000035 ], [ -90.96441004899998, 14.872407366000061 ], [ -90.963021450999975, 14.878177165000068 ], [ -90.955709479999939, 14.889051666000057 ], [ -90.955405261999942, 14.890335492000077 ], [ -90.953508607999936, 14.893222596000044 ], [ -90.952438088999941, 14.896870462000038 ], [ -90.951229956999953, 14.892957125000066 ], [ -90.950340062999942, 14.891381375000037 ], [ -90.950016729999959, 14.888174001000039 ], [ -90.947894408999957, 14.880723820000071 ], [ -90.947391831999937, 14.873693632000027 ], [ -90.947620430999962, 14.866651913000055 ], [ -90.946010365999939, 14.854296235000049 ], [ -90.94485636099995, 14.850150695000025 ], [ -90.941874550999955, 14.84368115500007 ], [ -90.939716759999953, 14.841379041000039 ], [ -90.93676885299999, 14.839013346000058 ], [ -90.934265411999945, 14.835397839000052 ], [ -90.933801314999982, 14.830283688000065 ], [ -90.934323527999936, 14.829275190000033 ], [ -90.934255668999981, 14.828472616000056 ], [ -90.93513190799996, 14.826986118000036 ], [ -90.937050653999961, 14.824168210000039 ], [ -90.937453626999968, 14.820666890000041 ], [ -90.934640102999936, 14.816647644000057 ], [ -90.934351760999959, 14.814791499000023 ], [ -90.934860457999946, 14.814162396000029 ], [ -90.935753872999953, 14.81312220600006 ], [ -90.935860294999941, 14.81175416800005 ], [ -90.934512226999971, 14.809375715000044 ], [ -90.929756537999936, 14.801380016000053 ], [ -90.925778402999981, 14.797049786000059 ], [ -90.925284823999959, 14.797006938000038 ], [ -90.924026303999938, 14.79512059700005 ], [ -90.923788302999981, 14.792863921000048 ] ] ] ] } },
{ "type": "Feature", "properties": { "Codigo": 2216, "datos_finales_color_riesgo": "ffaa00" }, "geometry": { "type": "MultiPolygon", "coordinates": [ [ [ [ -90.132501107999985, 14.332669528000054 ], [ -90.129155554999954, 14.331514767000044 ], [ -90.120194903999959, 14.32727303300004 ], [ -90.11930106899996, 14.326771084000029 ], [ -90.11866835099994, 14.326494709000031 ], [ -90.118098209999971, 14.326259737000044 ], [ -90.117740450999975, 14.325170464000053 ], [ -90.119373419999988, 14.321648754000023 ], [ -90.121157324999956, 14.313322870000036 ], [ -90.121085952999977, 14.311156661000041 ], [ -90.121688173999985, 14.309644380000066 ], [ -90.124304227999971, 14.287892713000076 ], [ -90.125057975999937, 14.275719158000072 ], [ -90.124502847999963, 14.273672411000064 ], [ -90.122956227999964, 14.27212849700004 ], [ -90.12215847899995, 14.271686463000037 ], [ -90.120225265999977, 14.270187536000037 ], [ -90.119747811999957, 14.269910810000056 ], [ -90.112076459999969, 14.265697216000035 ], [ -90.107406405999939, 14.263833099000067 ], [ -90.098476989999938, 14.259058584000059 ], [ -90.08838091299998, 14.255123026000035 ], [ -90.082292077999966, 14.252106581000078 ], [ -90.076744214999962, 14.250416353000048 ], [ -90.070508027999949, 14.247273666000069 ], [ -90.066005454999981, 14.246038594000026 ], [ -90.067440209999972, 14.244056930000056 ], [ -90.068416656999943, 14.239293608000025 ], [ -90.074277457999983, 14.229109272000073 ], [ -90.075961149999955, 14.22674334900006 ], [ -90.077074945999982, 14.225943029000064 ], [ -90.078830162999964, 14.225121197000021 ], [ -90.08132339399998, 14.224956375000033 ], [ -90.084844739999937, 14.225570627000025 ], [ -90.088422958999956, 14.225090453000064 ], [ -90.093749486999968, 14.22301260100005 ], [ -90.09800822699998, 14.222256056000049 ], [ -90.098880226999938, 14.221941513000047 ], [ -90.09911976799998, 14.221399141000063 ], [ -90.099165475999939, 14.220855543000027 ], [ -90.099039612999945, 14.220379857000069 ], [ -90.098231096999939, 14.219710734000046 ], [ -90.097069527999963, 14.21854961300005 ], [ -90.094243008999968, 14.215276316000029 ], [ -90.09390015699995, 14.213443260000076 ], [ -90.093035635999968, 14.211997859000064 ], [ -90.093102489999978, 14.211203898000065 ], [ -90.090852457999972, 14.205256359000032 ], [ -90.090910016999942, 14.201930071000049 ], [ -90.108252560999972, 14.211036555000021 ], [ -90.11154038699999, 14.212218814000039 ], [ -90.127328367999951, 14.220436078000034 ], [ -90.13195331299994, 14.221976251000058 ], [ -90.133480760999987, 14.223005020000073 ], [ -90.142060674999982, 14.22674203400004 ], [ -90.145072105999986, 14.228681528000038 ], [ -90.152934115999983, 14.232156738000072 ], [ -90.162574826999958, 14.237390418000075 ], [ -90.165215068999942, 14.238124035000055 ], [ -90.180296023999972, 14.250436249000074 ], [ -90.184732363999956, 14.253739116000077 ], [ -90.189299754999979, 14.258107009000071 ], [ -90.193689595999956, 14.261496140000077 ], [ -90.195128594999971, 14.260879700000032 ], [ -90.200018181999951, 14.256062047000057 ], [ -90.203299926999989, 14.253480085000035 ], [ -90.206095481999967, 14.250893498000039 ], [ -90.20759568699998, 14.252396887000032 ], [ -90.208672913999976, 14.252481759000034 ], [ -90.209545118999984, 14.253142297000068 ], [ -90.211497798999972, 14.25663694900004 ], [ -90.211790422999968, 14.260751213000049 ], [ -90.211233387999982, 14.262180836000027 ], [ -90.207248676999939, 14.267362735000063 ], [ -90.209755255999937, 14.270770199000026 ], [ -90.210030408999955, 14.272256979000076 ], [ -90.209735500999955, 14.278010494000057 ], [ -90.210244295999985, 14.278810172000021 ], [ -90.211946601999955, 14.28257740500004 ], [ -90.212949286999958, 14.288162095000075 ], [ -90.210896420999973, 14.295404528000063 ], [ -90.20959761599994, 14.297918332000052 ], [ -90.208381005999968, 14.29902405200005 ], [ -90.205894895999961, 14.297503386000074 ], [ -90.200583231999985, 14.295002194000062 ], [ -90.198685723999972, 14.293593397000052 ], [ -90.196033495999984, 14.292221984000037 ], [ -90.193612386999973, 14.292520841000055 ], [ -90.191379565999966, 14.294112369000061 ], [ -90.190935216999947, 14.295631298000046 ], [ -90.188740446999986, 14.299232896000035 ], [ -90.188099450999971, 14.30185141100003 ], [ -90.186241001999974, 14.331870271000071 ], [ -90.185775986999943, 14.334197298000049 ], [ -90.175872235999975, 14.332833151000045 ], [ -90.166703934999987, 14.332899932000032 ], [ -90.158425058999967, 14.332042209000065 ], [ -90.147950667999964, 14.332483244000059 ], [ -90.137450663999971, 14.331616147000034 ], [ -90.133837665999977, 14.331732833000046 ], [ -90.132501107999985, 14.332669528000054 ] ] ] ] } },
{ "type": "Feature", "properties": { "Codigo": 2217, "datos_finales_color_riesgo": "ffaa00" }, "geometry": { "type": "MultiPolygon", "coordinates": [ [ [ [ -90.066021155999977, 14.337222188000055 ], [ -90.063616411999988, 14.336054481000076 ], [ -90.059211243999982, 14.336592562000021 ], [ -90.051187398999957, 14.336759331000053 ], [ -90.025308046999953, 14.342616648000046 ], [ -90.023368007999977, 14.342619383000056 ], [ -90.022514360999935, 14.34194149800004 ], [ -90.022258667999949, 14.337282827000024 ], [ -90.023912591999988, 14.335532392000061 ], [ -90.028217687999984, 14.334105301000022 ], [ -90.030306704999987, 14.331137686000034 ], [ -90.032248249999952, 14.326174597000033 ], [ -90.032470288999946, 14.32320164500004 ], [ -90.032099726999945, 14.320786854000062 ], [ -90.034669187999953, 14.317452641000045 ], [ -90.034663715999955, 14.314123497000026 ], [ -90.035857891999967, 14.311700019000057 ], [ -90.036929551999947, 14.310538221000058 ], [ -90.037173719999942, 14.308119809000061 ], [ -90.033230859999946, 14.302679055000056 ], [ -90.032773661999954, 14.295089516000075 ], [ -90.031028406999951, 14.291176473000064 ], [ -90.03000667699996, 14.289953554000022 ], [ -90.027607959999955, 14.288733749000073 ], [ -90.022591214999977, 14.287484551000034 ], [ -90.000590766999949, 14.286589522000043 ], [ -89.998778628999958, 14.288726158000031 ], [ -89.996366852999984, 14.289248848000057 ], [ -89.994936032999988, 14.290822450000064 ], [ -89.994914178999977, 14.291639461000045 ], [ -89.99282306899994, 14.295639619000042 ], [ -89.992277962999935, 14.296022175000076 ], [ -89.991740084999947, 14.295817821000071 ], [ -89.989853277999941, 14.291335003000029 ], [ -89.986847441999942, 14.28713715300006 ], [ -89.985762008999984, 14.28507004100004 ], [ -89.981826127999966, 14.280752004000021 ], [ -89.979776302999937, 14.278444618000037 ], [ -89.978562112999953, 14.277229256000055 ], [ -89.97795559399998, 14.276622144000044 ], [ -89.977768535999985, 14.275721216000022 ], [ -89.980009823999978, 14.272175769000057 ], [ -89.980186068999956, 14.271154150000029 ], [ -89.981797883999945, 14.268109793000065 ], [ -89.982347728999969, 14.263586732000022 ], [ -89.981677579999939, 14.262718067000037 ], [ -89.980007703999945, 14.262437271000067 ], [ -89.978616082999963, 14.260428360000049 ], [ -89.977133563999985, 14.257035468000026 ], [ -89.977115606999973, 14.256212321000078 ], [ -89.977848290999987, 14.255035207000049 ], [ -89.980811917999972, 14.254413526000064 ], [ -89.984143520999964, 14.256319420000068 ], [ -89.985254229999953, 14.257000621000032 ], [ -89.98794492799999, 14.256408134000026 ], [ -89.990430557999957, 14.256615636000049 ], [ -89.992098569999939, 14.255291107000062 ], [ -89.992290938999986, 14.254356592000022 ], [ -89.99269142299994, 14.253787061000025 ], [ -89.99599849599997, 14.242479279000065 ], [ -89.997894968999958, 14.239008222000052 ], [ -89.998805059999938, 14.23700466300005 ], [ -89.99884908699994, 14.234023911000065 ], [ -89.997733428999936, 14.231881986000076 ], [ -89.997319965999964, 14.22976131300004 ], [ -89.99787691399996, 14.229168895000043 ], [ -89.999885986999971, 14.226227512000037 ], [ -90.00100004799998, 14.226255052000056 ], [ -90.006541528999946, 14.22634264900006 ], [ -90.011405725999964, 14.224914601000023 ], [ -90.01528630699994, 14.224713652000048 ], [ -90.016312179999943, 14.225112546000048 ], [ -90.017862197999989, 14.226664919000029 ], [ -90.018539225999973, 14.228382487000033 ], [ -90.019587843999943, 14.22859313500004 ], [ -90.021961859999976, 14.227852863000066 ], [ -90.028006545999972, 14.222481320000043 ], [ -90.028680101999953, 14.22203588900004 ], [ -90.030466471999944, 14.219056397000031 ], [ -90.031762412999967, 14.216054989000042 ], [ -90.032540193999978, 14.215291360000037 ], [ -90.032623606999948, 14.214219951000075 ], [ -90.033872054999961, 14.214411557000062 ], [ -90.034680296999966, 14.215127145000054 ], [ -90.035968508999986, 14.216574560000026 ], [ -90.036454465999952, 14.218356333000031 ], [ -90.040139201999978, 14.221815788000072 ], [ -90.04303857299999, 14.223294428000031 ], [ -90.047745764999945, 14.223205903000064 ], [ -90.050128952999955, 14.223802060000025 ], [ -90.051618023999936, 14.225389624000059 ], [ -90.053437489999965, 14.229567584000051 ], [ -90.057756067999946, 14.230947313000058 ], [ -90.061335414999974, 14.234365722000064 ], [ -90.065313963999984, 14.236635252000042 ], [ -90.068416656999943, 14.239293608000025 ], [ -90.067440209999972, 14.244056930000056 ], [ -90.066005454999981, 14.246038594000026 ], [ -90.070508027999949, 14.247273666000069 ], [ -90.076744214999962, 14.250416353000048 ], [ -90.082292077999966, 14.252106581000078 ], [ -90.08838091299998, 14.255123026000035 ], [ -90.098476989999938, 14.259058584000059 ], [ -90.107406405999939, 14.263833099000067 ], [ -90.112076459999969, 14.265697216000035 ], [ -90.119747811999957, 14.269910810000056 ], [ -90.120225265999977, 14.270187536000037 ], [ -90.12215847899995, 14.271686463000037 ], [ -90.122956227999964, 14.27212849700004 ], [ -90.124502847999963, 14.273672411000064 ], [ -90.125057975999937, 14.275719158000072 ], [ -90.124304227999971, 14.287892713000076 ], [ -90.121688173999985, 14.309644380000066 ], [ -90.121085952999977, 14.311156661000041 ], [ -90.121157324999956, 14.313322870000036 ], [ -90.119373419999988, 14.321648754000023 ], [ -90.117740450999975, 14.325170464000053 ], [ -90.118098209999971, 14.326259737000044 ], [ -90.11866835099994, 14.326494709000031 ], [ -90.11930106899996, 14.326771084000029 ], [ -90.120194903999959, 14.32727303300004 ], [ -90.129155554999954, 14.331514767000044 ], [ -90.132501107999985, 14.332669528000054 ], [ -90.132748110999955, 14.334370483000043 ], [ -90.131764659999988, 14.338040152000076 ], [ -90.131789597999955, 14.340993834000074 ], [ -90.13230600299994, 14.341543114000046 ], [ -90.132480663999957, 14.342877409000039 ], [ -90.13507743699995, 14.346288946000072 ], [ -90.13510437399998, 14.349769885000057 ], [ -90.13471479399999, 14.350491100000056 ], [ -90.13338762799998, 14.350862281000047 ], [ -90.13147012, 14.35062343900006 ], [ -90.130641582999942, 14.349895382000057 ], [ -90.130106312999942, 14.349962283000025 ], [ -90.128208734999987, 14.348888223000074 ], [ -90.121567679999941, 14.350337375000038 ], [ -90.115179584999964, 14.350431276000052 ], [ -90.101776533999953, 14.348226566000051 ], [ -90.098631154999964, 14.347175416000027 ], [ -90.096828767999966, 14.346054885000058 ], [ -90.092792937999945, 14.345097745000032 ], [ -90.089809634999938, 14.34329548200003 ], [ -90.07997400499994, 14.339650019000032 ], [ -90.07587369, 14.339040666000074 ], [ -90.071085432999951, 14.337688953000054 ], [ -90.066021155999977, 14.337222188000055 ] ] ] ] } },
{ "type": "Feature", "properties": { "Codigo": 1021, "datos_finales_color_pelyexp": "ffaa00" }, "geometry": { "type": "MultiPolygon", "coordinates": [ [ [ [ -91.540584042999967, 14.38096187900004 ], [ -91.540490492999936, 14.380271230000062 ], [ -91.540727986999968, 14.379595936000044 ], [ -91.541143069999976, 14.37898302800005 ], [ -91.541118132999941, 14.378680116000055 ], [ -91.540888779999989, 14.378330230000074 ], [ -91.540688778999936, 14.377973053000062 ], [ -91.540583647999938, 14.377479398000048 ], [ -91.540779439999937, 14.37692713000007 ], [ -91.540914803999954, 14.376744640000027 ], [ -91.541410515999985, 14.376076346000048 ], [ -91.542175451999981, 14.375676942000041 ], [ -91.543424232999939, 14.374607704000027 ], [ -91.54330321499998, 14.373544502000072 ], [ -91.542415107999943, 14.372280984000042 ], [ -91.541251030999945, 14.371584493000057 ], [ -91.541110160999949, 14.37124562200006 ], [ -91.541412568999988, 14.370484867000073 ], [ -91.542533419999984, 14.368846659000042 ], [ -91.542579817999979, 14.367586097000071 ], [ -91.542185162999942, 14.366842334000069 ], [ -91.542359558999976, 14.366548083000055 ], [ -91.541791094999951, 14.366000328000041 ], [ -91.541544106999936, 14.365305458000023 ], [ -91.54122810199999, 14.364746688000025 ], [ -91.541203074999942, 14.363100268000039 ], [ -91.540411780999989, 14.361423266000031 ], [ -91.540696927999988, 14.360732073000065 ], [ -91.541277887999968, 14.36045191200003 ], [ -91.541484941999954, 14.360043613000073 ], [ -91.541273727999965, 14.359552280000059 ], [ -91.541480152999952, 14.359008187000029 ], [ -91.541367141999956, 14.358426113000064 ], [ -91.54043040199997, 14.357592374000035 ], [ -91.53937763, 14.357081392000055 ], [ -91.538862693999988, 14.356918944000029 ], [ -91.538519138999959, 14.35716560000003 ], [ -91.537685002999979, 14.357991114000072 ], [ -91.53686548, 14.358682170000066 ], [ -91.536145461999979, 14.358649514000035 ], [ -91.535248033999949, 14.358374152000067 ], [ -91.53438068, 14.358249039000043 ], [ -91.53359143199998, 14.357536368000069 ], [ -91.533037470999943, 14.356872796000061 ], [ -91.532873606999942, 14.356379391000075 ], [ -91.53305461399998, 14.355805710000027 ], [ -91.533748347999961, 14.354914702000031 ], [ -91.534832133999942, 14.354186697000046 ], [ -91.53526511199999, 14.354098872000066 ], [ -91.535851301999969, 14.353895332000036 ], [ -91.536414699999966, 14.353306122000049 ], [ -91.536492697999961, 14.352697084000056 ], [ -91.53631117499998, 14.351559255000041 ], [ -91.535939299999939, 14.350232070000061 ], [ -91.535426398999959, 14.349561049000044 ], [ -91.535316476999981, 14.348373308000077 ], [ -91.535555779999981, 14.347404712000071 ], [ -91.536454494999987, 14.345957947000045 ], [ -91.537109141999963, 14.344444347000035 ], [ -91.537884166999959, 14.342607703000056 ], [ -91.538883712999962, 14.340379658000074 ], [ -91.539073864999978, 14.338401420000025 ], [ -91.539137877999963, 14.336353050000071 ], [ -91.538936733999947, 14.335738072000026 ], [ -91.538578160999975, 14.335426566000024 ], [ -91.53778777399998, 14.335651286000029 ], [ -91.536984402999963, 14.335578412000075 ], [ -91.536670283999968, 14.335417465000035 ], [ -91.536584149999953, 14.334432784000057 ], [ -91.536173270999939, 14.333815536000031 ], [ -91.535808399999951, 14.333264924000048 ], [ -91.535413532999939, 14.332579175000035 ], [ -91.535318277999977, 14.331739348000042 ], [ -91.535328822999986, 14.331191871000044 ], [ -91.535614732999989, 14.330897812000046 ], [ -91.536084666999955, 14.330870299000026 ], [ -91.536634462999984, 14.331173442000022 ], [ -91.537352479999981, 14.331144843000061 ], [ -91.538173428999983, 14.330784788000074 ], [ -91.53859201299997, 14.330948459000069 ], [ -91.53906206299996, 14.330946402000052 ], [ -91.539361668999959, 14.330792319000068 ], [ -91.539450780999971, 14.330295422000063 ], [ -91.539353241999947, 14.32996810800006 ], [ -91.53918595, 14.329494533000059 ], [ -91.539209190999941, 14.328870615000028 ], [ -91.539036814999974, 14.328298477000033 ], [ -91.53868328599998, 14.328083597000045 ], [ -91.53783623299995, 14.328443768000056 ], [ -91.536052357999949, 14.329520959000035 ], [ -91.535463746999937, 14.329294370000071 ], [ -91.535069179999937, 14.328672274000041 ], [ -91.534265245999961, 14.327046214000063 ], [ -91.533335207999983, 14.325100337000038 ], [ -91.532755905999977, 14.324898764000068 ], [ -91.532302213999969, 14.324460324000029 ], [ -91.531969165999953, 14.323903200000075 ], [ -91.53173456899998, 14.322494386000074 ], [ -91.531530223999937, 14.321869543000048 ], [ -91.531280269999968, 14.321414104000041 ], [ -91.53074369699999, 14.320916941000064 ], [ -91.530289257999982, 14.320312003000026 ], [ -91.530133748999958, 14.319676554000068 ], [ -91.529028929999981, 14.318769689000021 ], [ -91.528452520999963, 14.318347819000053 ], [ -91.527833180999949, 14.317716308000058 ], [ -91.527087181999946, 14.316707183000062 ], [ -91.527396515999953, 14.315823163000061 ], [ -91.5281419, 14.315123978000031 ], [ -91.529204877999973, 14.315357021000068 ], [ -91.530386616999976, 14.314910559000054 ], [ -91.531388093999965, 14.314299457000061 ], [ -91.532049573999984, 14.313104030000034 ], [ -91.532531178999989, 14.311828840000032 ], [ -91.532525439999972, 14.310572741000044 ], [ -91.532834745999935, 14.30968871500005 ], [ -91.534029506999957, 14.308291600000075 ], [ -91.53367809599996, 14.307580193000035 ], [ -91.532928176999974, 14.307277909000049 ], [ -91.531169091999971, 14.307081849000042 ], [ -91.529651238999975, 14.30634154300003 ], [ -91.52827389, 14.305872213000043 ], [ -91.526997521999988, 14.304638578000038 ], [ -91.526316863999966, 14.304251099000055 ], [ -91.52607487099999, 14.303717452000058 ], [ -91.525514126999951, 14.303813220000052 ], [ -91.524936840999942, 14.303187645000037 ], [ -91.52503758499995, 14.302909937000038 ], [ -91.524864365999974, 14.302559894000069 ], [ -91.525192023999978, 14.301879494000048 ], [ -91.525605791999965, 14.300995026000066 ], [ -91.526143637999951, 14.30060228800005 ], [ -91.527065129999983, 14.300360665000028 ], [ -91.528003640999941, 14.300034092000033 ], [ -91.529221895999967, 14.299977899000055 ], [ -91.530824571999972, 14.300242553000032 ], [ -91.532443494999939, 14.300252506000049 ], [ -91.53312073699999, 14.299893098000041 ], [ -91.53325727899994, 14.299298392000026 ], [ -91.53306076399997, 14.298195892000024 ], [ -91.533737301999963, 14.297683713000026 ], [ -91.534589061999952, 14.296710510000025 ], [ -91.534917901999961, 14.295821093000029 ], [ -91.535041168999953, 14.294942118000051 ], [ -91.534702942999957, 14.293778704000033 ], [ -91.534196089999966, 14.292138608000073 ], [ -91.534258436999949, 14.290616361000048 ], [ -91.53447087099994, 14.290099832000067 ], [ -91.534846149999964, 14.289593230000037 ], [ -91.534584019999954, 14.287605885000062 ], [ -91.534068069999989, 14.28643121600004 ], [ -91.533207107999942, 14.28593703100006 ], [ -91.53225538199996, 14.285895893000031 ], [ -91.531145118999973, 14.286715490000063 ], [ -91.529961413999956, 14.286697981000032 ], [ -91.529316921999964, 14.286171410000065 ], [ -91.528609131999985, 14.284766198000057 ], [ -91.528770142999974, 14.283880303000046 ], [ -91.529477118999978, 14.283137946000068 ], [ -91.530781440999988, 14.282307732000049 ], [ -91.531057997999937, 14.281882167000049 ], [ -91.531985385999974, 14.280574739000031 ], [ -91.532472839999969, 14.279825837000033 ], [ -91.532996966999974, 14.279582181000023 ], [ -91.534165992999988, 14.280205171000034 ], [ -91.535125072999961, 14.280591422000043 ], [ -91.536504294999986, 14.281502055000033 ], [ -91.538521626999966, 14.281673009000031 ], [ -91.539743036999937, 14.281776505000039 ], [ -91.539967905999958, 14.281469980000054 ], [ -91.539756857999976, 14.280995611000037 ], [ -91.539835434999986, 14.28041345500003 ], [ -91.539892931999987, 14.279741843000068 ], [ -91.539968754999961, 14.279238101000033 ], [ -91.539953913999966, 14.278629803000058 ], [ -91.539940951999938, 14.27820556000006 ], [ -91.539750061999939, 14.277411501000074 ], [ -91.53945029199997, 14.276629616000037 ], [ -91.539251140999966, 14.276017735000039 ], [ -91.539429562999942, 14.275398830000029 ], [ -91.539568661999965, 14.274417890000052 ], [ -91.539651091999986, 14.273416025000074 ], [ -91.539631195999959, 14.272872923000023 ], [ -91.539681696999935, 14.272499260000075 ], [ -91.539661488999968, 14.271888260000026 ], [ -91.539572206999935, 14.27139638400007 ], [ -91.53901339, 14.270991429000048 ], [ -91.53864641399997, 14.270670510000059 ], [ -91.538678267999956, 14.270025334000024 ], [ -91.538832496999987, 14.269498446000057 ], [ -91.53919439699996, 14.269025070000055 ], [ -91.539643607999949, 14.268690728000024 ], [ -91.540226116999975, 14.268656020000037 ], [ -91.541109606999953, 14.268860447000066 ], [ -91.542869567999958, 14.269311068000036 ], [ -91.543216017999953, 14.268953084000032 ], [ -91.542723772999977, 14.267885835000072 ], [ -91.542354690999957, 14.267106615000046 ], [ -91.541095264999967, 14.265737171000069 ], [ -91.54114373699997, 14.264922175000038 ], [ -91.541280319999942, 14.264344440000059 ], [ -91.54213243099997, 14.263598473000059 ], [ -91.54408127399995, 14.26267331400004 ], [ -91.544505577999985, 14.262334880000026 ], [ -91.544481274999953, 14.261840865000067 ], [ -91.544151792999969, 14.261093301000074 ], [ -91.543141511999977, 14.259800277000068 ], [ -91.54229872799999, 14.258703751000041 ], [ -91.542203273999974, 14.258130802000039 ], [ -91.542445662999967, 14.257013186000052 ], [ -91.543031157999962, 14.256497614000068 ], [ -91.544083103999981, 14.256493011000032 ], [ -91.545205085999953, 14.25717432700003 ], [ -91.54609233299999, 14.257993818000045 ], [ -91.546565274999978, 14.258374712000034 ], [ -91.547591118999947, 14.259042688000022 ], [ -91.548305803999938, 14.259703444000024 ], [ -91.550031642999954, 14.260753023000063 ], [ -91.550913287999947, 14.261115007000058 ], [ -91.551854275999972, 14.261365477000027 ], [ -91.553054431999954, 14.261207408000075 ], [ -91.553747903999977, 14.260627208000074 ], [ -91.554125343999942, 14.259454291000054 ], [ -91.553866981999988, 14.258017035000023 ], [ -91.554174158999956, 14.257474647000038 ], [ -91.554551529999969, 14.257458707000069 ], [ -91.55518180599995, 14.257716087000063 ], [ -91.556281370999955, 14.258385960000055 ], [ -91.556908433999979, 14.258497761000058 ], [ -91.557430838999949, 14.25855910000007 ], [ -91.557929695999974, 14.257750120000026 ], [ -91.558040502999972, 14.256947833000027 ], [ -91.558275305999985, 14.256082681000066 ], [ -91.558507316999965, 14.25531571700003 ], [ -91.558974195999951, 14.254394525000066 ], [ -91.559362185999987, 14.253397088000042 ], [ -91.559808799999985, 14.252341946000058 ], [ -91.55992131499994, 14.251211694000062 ], [ -91.560170619999951, 14.249889893000045 ], [ -91.560158254999976, 14.248773072000063 ], [ -91.560001948999968, 14.24745826000003 ], [ -91.55912361899999, 14.246988381000051 ], [ -91.558604822999939, 14.246755972000074 ], [ -91.558289294999952, 14.246450998000057 ], [ -91.558050864999984, 14.24583930700004 ], [ -91.558026862999952, 14.244901144000039 ], [ -91.558560933999956, 14.243278985000074 ], [ -91.559662294999953, 14.241983339000058 ], [ -91.560560931999987, 14.241041080000059 ], [ -91.561303410999983, 14.240290995000066 ], [ -91.56218768399998, 14.24011833000003 ], [ -91.563010769999948, 14.240292900000043 ], [ -91.563654054999972, 14.241092085000048 ], [ -91.564205553999955, 14.24195295800007 ], [ -91.564685372999975, 14.243017141000053 ], [ -91.565472867999972, 14.243756822000023 ], [ -91.566488337999942, 14.24430036800004 ], [ -91.567284380999979, 14.244271348000041 ], [ -91.567814616999954, 14.243907922000062 ], [ -91.567866233999951, 14.243142955000053 ], [ -91.56802817199997, 14.242355954000061 ], [ -91.568598217999977, 14.241470187000061 ], [ -91.569147442999963, 14.24085378500007 ], [ -91.570190570999955, 14.23959968500003 ], [ -91.57027413899999, 14.238586844000054 ], [ -91.57001545199995, 14.237586308000061 ], [ -91.569416846999957, 14.237093526000024 ], [ -91.569371106999938, 14.236759833000065 ], [ -91.569469218999984, 14.236490120000042 ], [ -91.569755398999973, 14.236294962000045 ], [ -91.57036347199994, 14.236453801000039 ], [ -91.570674525999948, 14.236850931000049 ], [ -91.570753190999937, 14.237141393000059 ], [ -91.570998350999957, 14.237614214000075 ], [ -91.571805281999957, 14.238173538000069 ], [ -91.572516556999972, 14.238759888000061 ], [ -91.573170761999961, 14.238779351000062 ], [ -91.573690816999942, 14.238352649000035 ], [ -91.574443633999977, 14.237631051000051 ], [ -91.574616282999955, 14.236779372000058 ], [ -91.574237034999953, 14.235973260000037 ], [ -91.57365426399997, 14.235493762000033 ], [ -91.572826357999986, 14.235073185000033 ], [ -91.572277059999976, 14.23480803700005 ], [ -91.572012960999984, 14.23431546300003 ], [ -91.572040250999976, 14.233764321000024 ], [ -91.572369779999974, 14.233396631000062 ], [ -91.573206521999964, 14.232875869000054 ], [ -91.573838740999975, 14.23232508500007 ], [ -91.57440603699996, 14.231998161000035 ], [ -91.574957438999945, 14.231866301000025 ], [ -91.575506630999939, 14.232244642000069 ], [ -91.575845828999945, 14.232928622000031 ], [ -91.576037007999957, 14.23366018300004 ], [ -91.576165144999948, 14.234112648000064 ], [ -91.576537514999984, 14.234422662000043 ], [ -91.576967179999897, 14.234216078000031 ], [ -91.57737971399996, 14.233838659000071 ], [ -91.578510997999956, 14.232985521000046 ], [ -91.579839246999938, 14.232896016000041 ], [ -91.580495362999955, 14.232919939000055 ], [ -91.581140415999982, 14.232943457000033 ], [ -91.58145467199995, 14.232817128000022 ], [ -91.581696309999984, 14.232546762000027 ], [ -91.581779671999982, 14.231501608000031 ], [ -91.581986235999977, 14.230822106000062 ], [ -91.581862469999976, 14.230337977000033 ], [ -91.581507444999943, 14.22998414500006 ], [ -91.581033256999945, 14.229926250000062 ], [ -91.580456804999983, 14.229844569000022 ], [ -91.579860903999986, 14.229711549000058 ], [ -91.579041927999981, 14.229316725000047 ], [ -91.577989260999971, 14.228990291000059 ], [ -91.577549567999938, 14.228957250000065 ], [ -91.576998403999937, 14.229153611000072 ], [ -91.576284367999961, 14.229932334000068 ], [ -91.57569005299996, 14.230344305000074 ], [ -91.574968902999956, 14.230361708000032 ], [ -91.574485353999989, 14.230223843000033 ], [ -91.574352221999959, 14.22997334300004 ], [ -91.574626584999976, 14.229616669000052 ], [ -91.57496658599996, 14.229130448000035 ], [ -91.575637374999985, 14.228545800000063 ], [ -91.576219930999969, 14.227983089000077 ], [ -91.576581447999956, 14.227378290000047 ], [ -91.577043050999976, 14.226923831000022 ], [ -91.577516357999968, 14.226609341000028 ], [ -91.578252511999949, 14.226489447000063 ], [ -91.57872141699994, 14.226927032000049 ], [ -91.579038880999974, 14.227186098000061 ], [ -91.57977105599997, 14.227462870000068 ], [ -91.580754903999946, 14.227305596000065 ], [ -91.581635563999953, 14.226741525000023 ], [ -91.582392968999955, 14.225801028000035 ], [ -91.583049660999961, 14.224580942000046 ], [ -91.583531018999963, 14.223641693000047 ], [ -91.584059515999968, 14.223326940000049 ], [ -91.584645887999955, 14.223572011000044 ], [ -91.585001369999986, 14.224022775000037 ], [ -91.585235653999973, 14.224527943000055 ], [ -91.585778943999969, 14.224794487000054 ], [ -91.586131285999954, 14.22478751500006 ], [ -91.586439452999969, 14.224753890000045 ], [ -91.586737490999951, 14.224564202000067 ], [ -91.586989280999944, 14.224110680000024 ], [ -91.587230388999956, 14.22373260300003 ], [ -91.587457393999955, 14.223482150000052 ], [ -91.587514991999967, 14.223214306000045 ], [ -91.587635004999981, 14.222912175000033 ], [ -91.587609934999989, 14.222287578000078 ], [ -91.587249479999969, 14.222063626000022 ], [ -91.586692983999967, 14.222134055000026 ], [ -91.586197369999979, 14.222444793000022 ], [ -91.585738216999971, 14.222613680000052 ], [ -91.585237033999988, 14.222503009000036 ], [ -91.584937428999979, 14.222192014000029 ], [ -91.584758918999967, 14.221805072000052 ], [ -91.584678137999958, 14.221073018000027 ], [ -91.585171756999955, 14.220392211000046 ], [ -91.58565613899998, 14.219999978000033 ], [ -91.586118625999973, 14.219827825000039 ], [ -91.586614655999938, 14.219653237000045 ], [ -91.587233269999956, 14.219715050000048 ], [ -91.587795504999974, 14.21980353400005 ], [ -91.58810557299995, 14.219721853000067 ], [ -91.588391766999962, 14.219537445000071 ], [ -91.588441974999967, 14.218492441000024 ], [ -91.588667756999939, 14.217220449000024 ], [ -91.588660388999983, 14.215680246000034 ], [ -91.588413984999988, 14.214948947000039 ], [ -91.588057482999943, 14.214282775000072 ], [ -91.588010486999963, 14.213690590000056 ], [ -91.588240645999974, 14.213334103000022 ], [ -91.588703539999983, 14.21319631800003 ], [ -91.58964021099996, 14.212580971000023 ], [ -91.590465994999988, 14.212300734000053 ], [ -91.591482889999952, 14.212216105000039 ], [ -91.592389800999968, 14.212653301000046 ], [ -91.593225076999943, 14.212666460000037 ], [ -91.593954830999962, 14.212274032000039 ], [ -91.594593175999989, 14.211851048000028 ], [ -91.59536437, 14.211502850000045 ], [ -91.596012590999976, 14.211468009000043 ], [ -91.597243111999944, 14.211871220000035 ], [ -91.597818632999974, 14.212159392000046 ], [ -91.598209982999947, 14.212170566000054 ], [ -91.598964426999942, 14.211647901000049 ], [ -91.599337626999954, 14.211193810000054 ], [ -91.600265387999968, 14.210474576000024 ], [ -91.600669333999974, 14.21031524700004 ], [ -91.601154706999978, 14.210226847000058 ], [ -91.601871722999988, 14.210094295000033 ], [ -91.602387868999983, 14.209521062000022 ], [ -91.60237276099997, 14.208681006000063 ], [ -91.602048726999953, 14.207885456000042 ], [ -91.601350359999969, 14.207307046000039 ], [ -91.601029887999971, 14.206648226000027 ], [ -91.601154338999947, 14.205584612000052 ], [ -91.601681256999939, 14.20495747700005 ], [ -91.602274779999959, 14.204405431000055 ], [ -91.602828349999982, 14.204128787000059 ], [ -91.603597326999989, 14.20392541800004 ], [ -91.604612306999968, 14.203769944000044 ], [ -91.605106925999962, 14.203315285000031 ], [ -91.605038019999938, 14.202766290000056 ], [ -91.604713620999974, 14.20189534900004 ], [ -91.603904290999935, 14.201198978000036 ], [ -91.603207485999974, 14.201119860000063 ], [ -91.602699553999969, 14.200924489000045 ], [ -91.602542436999954, 14.200397441000064 ], [ -91.602561337999987, 14.199740332000033 ], [ -91.602249087999951, 14.199095519000025 ], [ -91.601725271999953, 14.198653239000066 ], [ -91.601009311999974, 14.19834144400005 ], [ -91.599756279999951, 14.198280366000063 ], [ -91.598854513999981, 14.197998063000057 ], [ -91.598687125999959, 14.197788772000024 ], [ -91.598674944999971, 14.197292324000045 ], [ -91.599046702999942, 14.196665255000028 ], [ -91.599901168999963, 14.195282661000022 ], [ -91.600656526999956, 14.193954374000043 ], [ -91.601402709999945, 14.193013878000045 ], [ -91.60229506, 14.192622022000023 ], [ -91.603267208999966, 14.191991041000051 ], [ -91.604519577999952, 14.191219341000021 ], [ -91.605591993999951, 14.190758208000034 ], [ -91.606627688999936, 14.19040969200006 ], [ -91.607292259999952, 14.190128457000071 ], [ -91.607742844999962, 14.189706311000066 ], [ -91.608078859999978, 14.188961217000042 ], [ -91.608036976999983, 14.188398071000051 ], [ -91.607632583999987, 14.187750669000025 ], [ -91.607477351999989, 14.187271968000061 ], [ -91.607635645999949, 14.186366176000035 ], [ -91.608100397999976, 14.186042569000051 ], [ -91.608318360999988, 14.185459936000029 ], [ -91.608479659999944, 14.184575980000034 ], [ -91.608954352999945, 14.184573784000065 ], [ -91.60988139899996, 14.184515637000061 ], [ -91.610740685999986, 14.184145447000049 ], [ -91.611567587999957, 14.183926196000073 ], [ -91.612285091999979, 14.183912096000029 ], [ -91.612859767999964, 14.184038678000036 ], [ -91.613489588999983, 14.184154231000036 ], [ -91.613875334999989, 14.184023188000026 ], [ -91.614137918999972, 14.183635504000051 ], [ -91.614289620999955, 14.182954950000067 ], [ -91.614184059999957, 14.182396156000038 ], [ -91.613854092999986, 14.181933746000027 ], [ -91.613640843999974, 14.181600883000044 ], [ -91.613486170999977, 14.181192268000075 ], [ -91.613914809999983, 14.180699966000077 ], [ -91.614349245999961, 14.180596100000059 ], [ -91.614984342999946, 14.180539053000075 ], [ -91.615914213999986, 14.180427562000034 ], [ -91.616538176999939, 14.179982508000023 ], [ -91.61720897899994, 14.179451612000037 ], [ -91.617813491999982, 14.178910252000037 ], [ -91.618272170999944, 14.177895656000032 ], [ -91.618466511999941, 14.176890524000044 ], [ -91.618816254999956, 14.176288265000039 ], [ -91.619148683999981, 14.175819727000032 ], [ -91.619666291999977, 14.175564187000077 ], [ -91.6202792, 14.175215122000054 ], [ -91.620662916999947, 14.174674788000061 ], [ -91.62074837199998, 14.174092765000069 ], [ -91.620390899999961, 14.173232770000027 ], [ -91.620509366999954, 14.172629051000058 ], [ -91.620806196999979, 14.172379935000038 ], [ -91.621213201999979, 14.172087220000037 ], [ -91.621875154999941, 14.172008728000037 ], [ -91.62249703399999, 14.172185600000034 ], [ -91.623079752999956, 14.172283131000029 ], [ -91.623542001999965, 14.172000925000077 ], [ -91.624312112999974, 14.171469546000026 ], [ -91.625071977999937, 14.171099775000073 ], [ -91.62547849699996, 14.170710119000034 ], [ -91.62576274099996, 14.170148703000052 ], [ -91.625837833999981, 14.169706748000067 ], [ -91.625747347999948, 14.169265569000061 ], [ -91.625622896999971, 14.168652218000034 ], [ -91.625564571999973, 14.168017014000043 ], [ -91.625858204999986, 14.167121659000031 ], [ -91.625931279999975, 14.166270422000025 ], [ -91.625659137999946, 14.165646656000035 ], [ -91.62584947, 14.165209545000039 ], [ -91.626065682999979, 14.16498436300003 ], [ -91.626331358999948, 14.16471653900004 ], [ -91.626746846999936, 14.164302022000072 ], [ -91.627142745999947, 14.163769338000066 ], [ -91.627563402999954, 14.163203339000063 ], [ -91.628094922999935, 14.162650693000046 ], [ -91.628645026999948, 14.16228189900005 ], [ -91.629265187999977, 14.161705835000078 ], [ -91.629607065999949, 14.161084912000035 ], [ -91.629911737999976, 14.160531560000038 ], [ -91.630004359999987, 14.16037344700004 ], [ -91.630308058999958, 14.160262962000047 ], [ -91.630735877999939, 14.160196757000051 ], [ -91.631250739999984, 14.160180096000033 ], [ -91.632142958999964, 14.159798911000053 ], [ -91.633100014999968, 14.159137376000047 ], [ -91.633825587999979, 14.158541556000046 ], [ -91.634451530999968, 14.157785760000024 ], [ -91.635136866999972, 14.156547636000028 ], [ -91.635157549999974, 14.155820208000023 ], [ -91.635575702999972, 14.155366593000053 ], [ -91.635308290999944, 14.154648265000048 ], [ -91.635616660999972, 14.153691999000046 ], [ -91.63591400699994, 14.153143170000021 ], [ -91.636748624999939, 14.152708051000047 ], [ -91.637997012999961, 14.151887369000065 ], [ -91.638697104999949, 14.151360413000077 ], [ -91.639538328999947, 14.150944350000032 ], [ -91.640433741999971, 14.150125599000035 ], [ -91.64116624899998, 14.149493802000052 ], [ -91.641142013999968, 14.148919179000075 ], [ -91.640875401999949, 14.148433495000063 ], [ -91.640374343999952, 14.148025308000058 ], [ -91.639981536999983, 14.147740731000056 ], [ -91.639441676999979, 14.147399562000032 ], [ -91.639214065999965, 14.146885046000023 ], [ -91.639330432999941, 14.146674437000058 ], [ -91.63959394699998, 14.14653951400004 ], [ -91.640248885999938, 14.146412281000039 ], [ -91.64086625799996, 14.146600311000043 ], [ -91.641307843999982, 14.146856011000068 ], [ -91.641960614999959, 14.147368635000078 ], [ -91.643174898999973, 14.147797164000053 ], [ -91.64425898799999, 14.148046616000045 ], [ -91.645355870999936, 14.148245080000038 ], [ -91.646134855999946, 14.148214043000053 ], [ -91.646828598999946, 14.147803348000025 ], [ -91.646963754999945, 14.147004911000067 ], [ -91.646750850999979, 14.146174186000053 ], [ -91.646661920999975, 14.145784202000073 ], [ -91.646555597999964, 14.145394300000078 ], [ -91.646636464999972, 14.14518524500005 ], [ -91.647349215999952, 14.145483608000063 ], [ -91.647937518999981, 14.145631680000065 ], [ -91.650405264999961, 14.147534553000071 ], [ -91.651742962999947, 14.147958972000026 ], [ -91.652516723999952, 14.148181446000024 ], [ -91.653391832999944, 14.148801947000038 ], [ -91.65454196, 14.149238021000031 ], [ -91.655370968999989, 14.149470990000054 ], [ -91.655439032999936, 14.149483362000069 ], [ -91.656171943999937, 14.149616579000053 ], [ -91.656230469999969, 14.150278884000045 ], [ -91.656176062999975, 14.150569955000037 ], [ -91.656034274999968, 14.150770569000031 ], [ -91.655811989999961, 14.151013980000073 ], [ -91.655542309999987, 14.151315889000045 ], [ -91.655170213999952, 14.151245086000074 ], [ -91.655069243999947, 14.15094597600006 ], [ -91.654976918999978, 14.150672475000022 ], [ -91.654868200999942, 14.150454891000038 ], [ -91.654703425999969, 14.150340758000027 ], [ -91.654492423999955, 14.150359948000073 ], [ -91.654394094999986, 14.15056035200007 ], [ -91.654361885999947, 14.150984349000055 ], [ -91.654346096999973, 14.151506471000062 ], [ -91.654287282999974, 14.151847547000045 ], [ -91.654199841999969, 14.15205244200007 ], [ -91.654099008999935, 14.15227763200005 ], [ -91.653830544999948, 14.152558940000063 ], [ -91.653552010999988, 14.152850800000067 ], [ -91.653352973999972, 14.153101609000032 ], [ -91.65299687199996, 14.153482505000056 ], [ -91.652697867999962, 14.153840690000038 ], [ -91.652450081999973, 14.154123778000042 ], [ -91.652162475999944, 14.154343266000069 ], [ -91.651761975999989, 14.15433587800004 ], [ -91.651301443999955, 14.15431678300007 ], [ -91.650970297999947, 14.154321319000076 ], [ -91.650644840999973, 14.154325777000054 ], [ -91.650547337999967, 14.154487328000073 ], [ -91.650623168999971, 14.154750511000032 ], [ -91.65098306499999, 14.155300217000047 ], [ -91.651591212999961, 14.155593289000024 ], [ -91.6518544, 14.155737450000061 ], [ -91.651924175999966, 14.155799783000077 ], [ -91.651963193999961, 14.155918873000076 ], [ -91.651817009999945, 14.156018404000065 ], [ -91.651625258999957, 14.156132122000031 ], [ -91.651389435999988, 14.156329454000058 ], [ -91.651114831999962, 14.156676094000034 ], [ -91.650938329999974, 14.156997286000035 ], [ -91.65081106599996, 14.157386400000064 ], [ -91.650822846999972, 14.157645346000038 ], [ -91.650985068999944, 14.157884141000068 ], [ -91.651198995999948, 14.15813087500004 ], [ -91.651396136999949, 14.158440051000071 ], [ -91.651585571999988, 14.158606131000056 ], [ -91.651873109999897, 14.158733943000072 ], [ -91.652225527999974, 14.158777205000035 ], [ -91.652498259999959, 14.158830081000076 ], [ -91.652868715999944, 14.158856160000028 ], [ -91.653061151999964, 14.158946655000022 ], [ -91.653296076999936, 14.15912955400006 ], [ -91.653440025999942, 14.159278811000036 ], [ -91.653535148999936, 14.159441934000029 ], [ -91.653476446999946, 14.15957512500006 ], [ -91.653368609999973, 14.159660841000061 ], [ -91.653019400999938, 14.159578601000021 ], [ -91.652660011999956, 14.159673518000034 ], [ -91.65247298099996, 14.160050239000043 ], [ -91.65231765599998, 14.160183594000046 ], [ -91.652016694999986, 14.160170717000028 ], [ -91.651850799999977, 14.159950988000048 ], [ -91.651682180999956, 14.159757546000037 ], [ -91.651493294999966, 14.159700517000033 ], [ -91.651148531999979, 14.159758491000048 ], [ -91.651044148999972, 14.159852385000022 ], [ -91.650964580999982, 14.16012904400003 ], [ -91.650910032999946, 14.160338903000024 ], [ -91.650851782999951, 14.160563001000071 ], [ -91.650962982999943, 14.16078445900007 ], [ -91.651055549999967, 14.16085449600007 ], [ -91.65126907399997, 14.160948894000057 ], [ -91.65144535099995, 14.161098681000055 ], [ -91.651647725999965, 14.161236751000047 ], [ -91.65172219599998, 14.161439630000075 ], [ -91.651539555999989, 14.161605210000062 ], [ -91.651262727999949, 14.161651065000058 ], [ -91.650916264999978, 14.161708454000063 ], [ -91.650574688999939, 14.161770126000022 ], [ -91.650303040999972, 14.161863217000075 ], [ -91.649912183999959, 14.161978225000041 ], [ -91.64941354199999, 14.162059385000077 ], [ -91.648943569999972, 14.162004348000039 ], [ -91.648656708999965, 14.161876823000057 ], [ -91.648558033999961, 14.162028755000051 ], [ -91.648494233999941, 14.162306238000042 ], [ -91.648495306999962, 14.162519797000073 ], [ -91.648431140999946, 14.162724580000031 ], [ -91.648302397999942, 14.162931189000062 ], [ -91.64819246899998, 14.163091790000067 ], [ -91.648182189999943, 14.163225600000033 ], [ -91.648341089999974, 14.163338438000039 ], [ -91.648505057999955, 14.163533041000051 ], [ -91.64858070799994, 14.16375987400005 ], [ -91.648679527999946, 14.163963876000025 ], [ -91.648954805999949, 14.16423853200007 ], [ -91.649308152999936, 14.164451670000062 ], [ -91.649623688999952, 14.164442998000027 ], [ -91.64987333299996, 14.164391952000074 ], [ -91.65011631499999, 14.164342269000031 ], [ -91.650467623999987, 14.164431791000027 ], [ -91.650610695999944, 14.164604401000076 ], [ -91.650557637999952, 14.164818054000023 ], [ -91.650308440999936, 14.164883699000029 ], [ -91.650118222999936, 14.164833957000042 ], [ -91.649897281999984, 14.164849864000075 ], [ -91.649672064999947, 14.165013308000027 ], [ -91.649281643999984, 14.16501751800007 ], [ -91.649122405999947, 14.164984134000065 ], [ -91.648856203999969, 14.165062521000038 ], [ -91.648755708999943, 14.165222173000075 ], [ -91.648950247999949, 14.165551220000054 ], [ -91.649121474999959, 14.165724794000027 ], [ -91.649080801999958, 14.165942251000047 ], [ -91.648788216999947, 14.166137 ], [ -91.648332302999961, 14.165960157000029 ], [ -91.647927617999983, 14.165754424000056 ], [ -91.647656544999961, 14.165848814000071 ], [ -91.647592689999954, 14.166285942000059 ], [ -91.64743270799994, 14.16658030900004 ], [ -91.647609453999962, 14.166701201000024 ], [ -91.648437927999964, 14.166532533000066 ], [ -91.648813403999952, 14.166767049000043 ], [ -91.64880754099994, 14.167060678000041 ], [ -91.648339893999946, 14.167273133000037 ], [ -91.648106809999945, 14.167426962000036 ], [ -91.647606057999951, 14.167528185000037 ], [ -91.647386802999961, 14.16764899900005 ], [ -91.647168467999961, 14.168035260000067 ], [ -91.647250815999939, 14.168357112000024 ], [ -91.647431547999986, 14.168687108000029 ], [ -91.647707777999983, 14.168741621000038 ], [ -91.647730622999973, 14.16890621500005 ], [ -91.647327191999977, 14.168951111000069 ], [ -91.646924731999945, 14.169189350000067 ], [ -91.646544324999979, 14.169434643000045 ], [ -91.646304076999968, 14.169822487000033 ], [ -91.646159380999961, 14.17023851700003 ], [ -91.645999825999979, 14.170618814000022 ], [ -91.64565463699995, 14.170570336000026 ], [ -91.645702812999957, 14.169932775000063 ], [ -91.645664788999966, 14.169667999000069 ], [ -91.645334314999957, 14.169626611000069 ], [ -91.645046581999964, 14.169752061000054 ], [ -91.644770392999988, 14.169865617000028 ], [ -91.644764022999937, 14.170058995000034 ], [ -91.644757724999977, 14.170266695000066 ], [ -91.644780782999987, 14.170474254000055 ], [ -91.64471098599995, 14.170808068000042 ], [ -91.644622410999943, 14.171090858000071 ], [ -91.644271891999949, 14.171443421000049 ], [ -91.643802892999986, 14.171843843000033 ], [ -91.643301483999949, 14.172356280000031 ], [ -91.642772712999943, 14.172517563000042 ], [ -91.642213968999954, 14.172326877000046 ], [ -91.641962396999986, 14.171919896000077 ], [ -91.641916248999962, 14.171497615000021 ], [ -91.64178958499997, 14.171118684000078 ], [ -91.641587710999943, 14.170955727000035 ], [ -91.641407234999974, 14.17097728300007 ], [ -91.641124266999952, 14.171630284000059 ], [ -91.640943366999977, 14.171756681000033 ], [ -91.64075055699999, 14.171968149000065 ], [ -91.640527227999939, 14.172213090000071 ], [ -91.640410887999963, 14.172347328000058 ], [ -91.64035348499999, 14.17247764800004 ], [ -91.640525124999954, 14.172763906000057 ], [ -91.640725516999964, 14.173210069000049 ], [ -91.640798426999936, 14.173675719000073 ], [ -91.641118021999944, 14.174418640000056 ], [ -91.641587874999971, 14.174445047000063 ], [ -91.642093062999948, 14.17419916700004 ], [ -91.64262757099999, 14.173945984000056 ], [ -91.643243091999977, 14.174132603000032 ], [ -91.643575022999983, 14.174284503000024 ], [ -91.644032408999976, 14.174547973000074 ], [ -91.644401129999949, 14.174897103000035 ], [ -91.644625963999943, 14.175345317000051 ], [ -91.644743330999972, 14.175812080000071 ], [ -91.644730699999968, 14.176220319000038 ], [ -91.644549056999949, 14.176323373000059 ], [ -91.644308265999939, 14.176566883000078 ], [ -91.644057687999975, 14.176544510000042 ], [ -91.643564867999942, 14.176447874000075 ], [ -91.643093144999966, 14.17604910700004 ], [ -91.642557162999935, 14.176008695000064 ], [ -91.641949328999942, 14.176276549000022 ], [ -91.64166417199999, 14.176492738000036 ], [ -91.641704199999936, 14.17715852300006 ], [ -91.6415161, 14.177703657000052 ], [ -91.641444067999942, 14.17797611900005 ], [ -91.641467052999985, 14.178169357000058 ], [ -91.641583229999981, 14.178414893000024 ], [ -91.641954621999957, 14.178884727000025 ], [ -91.642351645999952, 14.178938534000054 ], [ -91.642775750999988, 14.178621428000042 ], [ -91.643083034999961, 14.178426615000035 ], [ -91.643582361999961, 14.178474361000042 ], [ -91.644021889999976, 14.178558082000052 ], [ -91.64430826399996, 14.178647574000024 ], [ -91.644846704999964, 14.178862182000046 ], [ -91.644848644999968, 14.179248867000069 ], [ -91.644564959999968, 14.179758654000068 ], [ -91.644500701999959, 14.180117012000039 ], [ -91.644665041999986, 14.18068910900007 ], [ -91.644586715999935, 14.181169271000044 ], [ -91.644346920999965, 14.181650205000039 ], [ -91.644172174999937, 14.18193031900006 ], [ -91.644011065999962, 14.182002698000076 ], [ -91.643467981999947, 14.182012451000048 ], [ -91.643375439999943, 14.182585774000074 ], [ -91.643411552999964, 14.182930247000058 ], [ -91.64346023, 14.183394565000071 ], [ -91.643182856999942, 14.183471515000065 ], [ -91.642829893999988, 14.183569436000028 ], [ -91.642528686999981, 14.183513584000025 ], [ -91.642446301999939, 14.183184570000037 ], [ -91.642503332999979, 14.182847730000049 ], [ -91.642259945999967, 14.182612577000043 ], [ -91.641966294999975, 14.182599654000057 ], [ -91.641739595999979, 14.182765438000047 ], [ -91.641542038999944, 14.182888116000072 ], [ -91.64139529199997, 14.182943192000039 ], [ -91.641162175999966, 14.183247977000065 ], [ -91.641023297999936, 14.183363214000053 ], [ -91.640719626999953, 14.183533839000063 ], [ -91.64049885299994, 14.183768020000059 ], [ -91.640255942999943, 14.184025681000037 ], [ -91.640023224999936, 14.184456450000027 ], [ -91.640073744999938, 14.184703058000025 ], [ -91.640136074999987, 14.185007312000039 ], [ -91.640352707999966, 14.185041781000052 ], [ -91.640539356999966, 14.184926622000035 ], [ -91.640933185999984, 14.184423475000074 ], [ -91.64122716199995, 14.184500846000049 ], [ -91.641456227999981, 14.184807679000073 ], [ -91.64165481799995, 14.18537290300003 ], [ -91.641918818999955, 14.185739820000038 ], [ -91.641968038999948, 14.186133586000039 ], [ -91.64201805099998, 14.186656790000029 ], [ -91.642233984999962, 14.18727160800006 ], [ -91.642303089999984, 14.187879965000036 ], [ -91.64206242399996, 14.18818903600004 ], [ -91.641929459999972, 14.188505467000027 ], [ -91.641896442999951, 14.189006282000037 ], [ -91.641614542999946, 14.189534285000036 ], [ -91.641073114999983, 14.190375510000024 ], [ -91.640621178999936, 14.190903513000023 ], [ -91.640287346999969, 14.191173792000029 ], [ -91.640272417999938, 14.191490739000074 ], [ -91.640548410999941, 14.191639806000069 ], [ -91.640757594999968, 14.191638810000029 ], [ -91.640911649999964, 14.191621964000035 ], [ -91.641186944999959, 14.191631394000069 ], [ -91.641649807999954, 14.191720491000069 ], [ -91.641717076999953, 14.191961855000045 ], [ -91.641591459999972, 14.192161172000056 ], [ -91.641255825999963, 14.192194996000069 ], [ -91.641024756999968, 14.192222951000076 ], [ -91.640804858999957, 14.19228307700007 ], [ -91.64049664099997, 14.192295286000046 ], [ -91.640084018999971, 14.192345588000023 ], [ -91.639637454999956, 14.19221344400006 ], [ -91.639307109999947, 14.192204274000062 ], [ -91.638917204999984, 14.192394105000062 ], [ -91.638648700999966, 14.192642437000075 ], [ -91.638676759999953, 14.193055555000058 ], [ -91.63838502699997, 14.19342931500006 ], [ -91.638199846999953, 14.193582964000029 ], [ -91.637827722999987, 14.193536992000077 ], [ -91.637424143999965, 14.193071055000075 ], [ -91.637128168999936, 14.192595059000041 ], [ -91.636863458999983, 14.192500835000033 ], [ -91.63653114899995, 14.192588345000047 ], [ -91.636455713999965, 14.193161585000041 ], [ -91.636272007999935, 14.193611215000033 ], [ -91.636204930999952, 14.193897974000038 ], [ -91.636213689999977, 14.194093902000077 ], [ -91.63607039499999, 14.194395111000063 ], [ -91.635424437999973, 14.194388626000034 ], [ -91.63503568699997, 14.194934707000073 ], [ -91.634334353999975, 14.195548147000068 ], [ -91.634147012999961, 14.195681100000058 ], [ -91.633953752999957, 14.195818254000073 ], [ -91.633772287999989, 14.195774906000054 ], [ -91.633689187999948, 14.195718111000076 ], [ -91.633569123999962, 14.195698325000023 ], [ -91.633449374999941, 14.195742146000043 ], [ -91.633243060999973, 14.195684603000075 ], [ -91.633087946999979, 14.195516011000052 ], [ -91.632903883999973, 14.195278984000026 ], [ -91.632777831999988, 14.195195313000056 ], [ -91.632589669999959, 14.195070414000043 ], [ -91.632276310999941, 14.195033703000036 ], [ -91.632118682999987, 14.194824392000044 ], [ -91.631967208999981, 14.194871785000032 ], [ -91.631825, 14.194963854000036 ], [ -91.63168282099997, 14.195022397000059 ], [ -91.631632368999988, 14.195188724000047 ], [ -91.631666876999986, 14.195387430000039 ], [ -91.63192945899999, 14.195672582000043 ], [ -91.632152807999944, 14.195834363000074 ], [ -91.632372276999945, 14.195914744000049 ], [ -91.632682016999979, 14.195967558000063 ], [ -91.632849482999973, 14.196148114000039 ], [ -91.632905865999987, 14.196320517000061 ], [ -91.633008489999952, 14.196634312000072 ], [ -91.633250295999972, 14.196980776000032 ], [ -91.633334950999938, 14.197206105000078 ], [ -91.633302091999951, 14.197393014000056 ], [ -91.633269775999963, 14.197576840000067 ], [ -91.633121733999985, 14.197588566000036 ], [ -91.633053665999967, 14.197293212000034 ], [ -91.632970209999939, 14.19711637100005 ], [ -91.63293048099996, 14.196984117000056 ], [ -91.632801401999984, 14.196899917000053 ], [ -91.632683479999969, 14.196961539000029 ], [ -91.632663240999989, 14.197087155000077 ], [ -91.632806817999949, 14.19729002300005 ], [ -91.632801060999952, 14.197530914000026 ], [ -91.632795826999939, 14.19787696800006 ], [ -91.632760640999948, 14.198148552000077 ], [ -91.632663641999955, 14.198333878000028 ], [ -91.632415800999979, 14.198547621000046 ], [ -91.63241136399995, 14.198762473000045 ], [ -91.632198520999964, 14.198969335000072 ], [ -91.631396614999971, 14.199009312000044 ], [ -91.630812661999983, 14.199083435000034 ], [ -91.630432347999943, 14.19903196100006 ], [ -91.630113068999947, 14.199160119000055 ], [ -91.629949137999972, 14.199235386000055 ], [ -91.629821209999989, 14.199208002000034 ], [ -91.629744910999989, 14.199073512000041 ], [ -91.629504548999989, 14.199040619000073 ], [ -91.629342966999957, 14.199035192000053 ], [ -91.62912649399999, 14.199027922000028 ], [ -91.628899632999946, 14.199020302000065 ], [ -91.628463313999987, 14.199082781000072 ], [ -91.628259080999953, 14.199519121000037 ], [ -91.628099113999951, 14.200138534000075 ], [ -91.627940137999985, 14.200604445000067 ], [ -91.627813940999943, 14.200851639000064 ], [ -91.627724098999977, 14.201242802000024 ], [ -91.627558608999948, 14.201494274000027 ], [ -91.627373145999968, 14.201722184000062 ], [ -91.627104279999969, 14.201732496000034 ], [ -91.627056953999954, 14.201538219000042 ], [ -91.627088490999938, 14.201352616000065 ], [ -91.627215596999974, 14.201112270000067 ], [ -91.627060679999943, 14.201165403000061 ], [ -91.626894086999982, 14.201222542000039 ], [ -91.626743912999984, 14.201207202000035 ], [ -91.626592523999989, 14.201191737000045 ], [ -91.626319742999954, 14.201136627000039 ], [ -91.626102069999945, 14.201371281000036 ], [ -91.626150030999952, 14.201596013000028 ], [ -91.62626205, 14.201746261000039 ], [ -91.62642025599996, 14.201935210000045 ], [ -91.626613859999964, 14.202166434000048 ], [ -91.626667539999971, 14.202486169000053 ], [ -91.626641720999942, 14.202790656000047 ], [ -91.626248006999958, 14.202657013000078 ], [ -91.625969821999945, 14.202658322000048 ], [ -91.625563331999956, 14.202751594000063 ], [ -91.625433334999968, 14.202833625000039 ], [ -91.625446977999957, 14.202955689000078 ], [ -91.625513607999949, 14.203034492000029 ], [ -91.625795336999943, 14.203256827000075 ], [ -91.626250033999952, 14.203517979000026 ], [ -91.626506567999968, 14.203687856000045 ], [ -91.626672760999952, 14.20389791100007 ], [ -91.626601488999938, 14.204130689000067 ], [ -91.626514604999954, 14.204375355000025 ], [ -91.626237200999981, 14.204534975000058 ], [ -91.625797095999985, 14.204609418000075 ], [ -91.62538697299999, 14.204780946000028 ], [ -91.625000965999959, 14.20488455800006 ], [ -91.624688949999907, 14.205151642000033 ], [ -91.624595502999966, 14.205402117000062 ], [ -91.624551438999958, 14.20586822100006 ], [ -91.624460339999985, 14.206198848000042 ], [ -91.624191450999945, 14.206221795000033 ], [ -91.623927232999961, 14.206219446000034 ], [ -91.623849126999971, 14.206364558000075 ], [ -91.623981097999945, 14.207269016000055 ], [ -91.623797997999986, 14.20727849900004 ], [ -91.623509529999978, 14.207076306000033 ], [ -91.623401171999944, 14.207080914000073 ], [ -91.623343016999968, 14.207158507000031 ], [ -91.623477695999952, 14.207664331000046 ], [ -91.623507789999962, 14.208097145000067 ], [ -91.623430432999953, 14.208210076000057 ], [ -91.623299045999943, 14.208270685000059 ], [ -91.623159173999966, 14.208339202000047 ], [ -91.623173913999949, 14.208452436000073 ], [ -91.623266506999983, 14.208486350000044 ], [ -91.623386427999947, 14.208439143000021 ], [ -91.623502009999982, 14.208463947000041 ], [ -91.623647188999939, 14.208495103000075 ], [ -91.623726369999986, 14.208564858000045 ], [ -91.623904036999988, 14.208721374000049 ], [ -91.623909249999897, 14.208885892000069 ], [ -91.623912511999947, 14.208988852000061 ], [ -91.623914825999975, 14.209061894000058 ], [ -91.623939803999974, 14.209107505000077 ], [ -91.624038164999945, 14.209121355000036 ], [ -91.624184423999964, 14.209030503000065 ], [ -91.624320687999955, 14.208995514000037 ], [ -91.624464824999961, 14.209069258000056 ], [ -91.624550569999897, 14.209201956000072 ], [ -91.624630882999952, 14.209333251000032 ], [ -91.624697156999957, 14.209474625000041 ], [ -91.62473018299994, 14.209620286000074 ], [ -91.624742076999951, 14.209719019000033 ], [ -91.624756958999967, 14.209842559000037 ], [ -91.62471861099999, 14.209956835000071 ], [ -91.624452160999965, 14.210055501000056 ], [ -91.624251225999956, 14.210080683000058 ], [ -91.624081354999987, 14.21013484100007 ], [ -91.623999445999971, 14.21019349900007 ], [ -91.623992294999937, 14.210230744000057 ], [ -91.62406105599996, 14.21030190700003 ], [ -91.624257082999975, 14.210375481000028 ], [ -91.624394012999971, 14.210475021000036 ], [ -91.62449277099995, 14.210569015000033 ], [ -91.624587184999939, 14.210674480000023 ], [ -91.624627459999942, 14.210808822000047 ], [ -91.624638279999942, 14.210960305000071 ], [ -91.62448081499997, 14.211019658000055 ], [ -91.624408987999971, 14.211130675000049 ], [ -91.624495445999969, 14.211209461000067 ], [ -91.624615567999967, 14.211239428000056 ], [ -91.62479560099996, 14.211253848000069 ], [ -91.624866534999967, 14.211357832000033 ], [ -91.624731273999942, 14.211528573000066 ], [ -91.624593867999977, 14.211598282000068 ], [ -91.624314940999966, 14.211627581000073 ], [ -91.623827127999959, 14.211609519000035 ], [ -91.62347142499999, 14.211526611000068 ], [ -91.623155894999968, 14.211419301000035 ], [ -91.622978394999961, 14.211389603000043 ], [ -91.62276448099999, 14.21138042900003 ], [ -91.622574291999967, 14.211422031000041 ], [ -91.622326598999962, 14.211438460000068 ], [ -91.622175868999989, 14.211548574000062 ], [ -91.621923661999972, 14.211707506000039 ], [ -91.621794318999946, 14.211907195000038 ], [ -91.621825447999981, 14.21213014500006 ], [ -91.621828028999971, 14.212148627000033 ], [ -91.621876766999947, 14.212247126000022 ], [ -91.621820027999945, 14.212377154000023 ], [ -91.621890884999971, 14.212465873000042 ], [ -91.622011045999955, 14.212503475000062 ], [ -91.622152384999936, 14.212604585000065 ], [ -91.62234340399999, 14.212730906000047 ], [ -91.622445809999988, 14.212870364000025 ], [ -91.622550798999953, 14.213004722000051 ], [ -91.622692363999988, 14.213151629000038 ], [ -91.622729379999953, 14.213253229000031 ], [ -91.622761354999966, 14.213390473000061 ], [ -91.622660240999949, 14.213513076000027 ], [ -91.622574386999986, 14.213556733000075 ], [ -91.622501760999967, 14.213638493000076 ], [ -91.622460482999941, 14.213730283000075 ], [ -91.622476608999989, 14.213826892000043 ], [ -91.622522750999963, 14.213943616000051 ], [ -91.622627001999945, 14.214031474000024 ], [ -91.622790924999947, 14.214097661000039 ], [ -91.62292184599994, 14.214201364000076 ], [ -91.623039916999971, 14.214357240000027 ], [ -91.623142077999944, 14.214492109000048 ], [ -91.623195666999948, 14.214595418000044 ], [ -91.623238423999965, 14.214677843000061 ], [ -91.623334592999981, 14.214827774000071 ], [ -91.623248843999988, 14.214927510000052 ], [ -91.623162775999958, 14.214927914000043 ], [ -91.623068643999943, 14.214880014000073 ], [ -91.622987395999985, 14.214732651000077 ], [ -91.622981270999958, 14.214615813000023 ], [ -91.622881809999967, 14.21454503800004 ], [ -91.622746074999952, 14.214522776000024 ], [ -91.622209441999985, 14.214655056000026 ], [ -91.621901381999976, 14.21459543800006 ], [ -91.621807890999946, 14.214677295000058 ], [ -91.621847852999963, 14.214847579000036 ], [ -91.621801571999981, 14.214982646000067 ], [ -91.621682500999952, 14.215166397000075 ], [ -91.62150356799998, 14.215375872000038 ], [ -91.621296257999973, 14.215649089000067 ], [ -91.621068396999988, 14.215986010000051 ], [ -91.620923819999973, 14.216286920000073 ], [ -91.620760596999958, 14.21650904300003 ], [ -91.620734840999944, 14.216575316000046 ], [ -91.620818652999958, 14.216646165000043 ], [ -91.62096167499999, 14.216558987000042 ], [ -91.621133874999941, 14.216570901000068 ], [ -91.621275671999967, 14.216680610000026 ], [ -91.621235240999965, 14.217028407000043 ], [ -91.621189648999973, 14.217303410000056 ], [ -91.621193096999946, 14.217473865000045 ], [ -91.621321748999947, 14.217646277000028 ], [ -91.62167158799997, 14.217883887000028 ], [ -91.621882625999945, 14.218027223000036 ], [ -91.622007450999945, 14.218230076000054 ], [ -91.622032135999973, 14.218368081000051 ], [ -91.621866441999941, 14.218618204000052 ], [ -91.621815344999959, 14.218834713000035 ], [ -91.621809472999985, 14.219071488000054 ], [ -91.62187750399994, 14.219274592000033 ], [ -91.621959831999959, 14.219377220000069 ], [ -91.621995887999958, 14.219480128000043 ], [ -91.621960376999937, 14.219683842000052 ], [ -91.621948502999942, 14.219920521000063 ], [ -91.621971970999937, 14.220266441000035 ], [ -91.621972823999954, 14.220439452000051 ], [ -91.621928278999974, 14.220579600000065 ], [ -91.621630681999989, 14.220527565000054 ], [ -91.621327642999972, 14.220429757000034 ], [ -91.621002859999976, 14.220153947000028 ], [ -91.620835960999955, 14.22015981900006 ], [ -91.620549749999952, 14.220301099000039 ], [ -91.620524027999977, 14.220401514000059 ], [ -91.620537229999968, 14.220583476000058 ], [ -91.620554951999964, 14.220827753000037 ], [ -91.620583516999943, 14.22098975800003 ], [ -91.620559119999939, 14.221144221000031 ], [ -91.620666166999968, 14.221225139000069 ], [ -91.620778566999945, 14.221215989000029 ], [ -91.621026295999968, 14.221204650000061 ], [ -91.62153122899997, 14.221311284000024 ], [ -91.621872647999965, 14.221294319000037 ], [ -91.622229058999949, 14.221276609000029 ], [ -91.622696886999961, 14.221271863000027 ], [ -91.622781373999942, 14.221382574000074 ], [ -91.622675552999965, 14.221550432000072 ], [ -91.622463308999954, 14.221764023000048 ], [ -91.62241299599998, 14.221904480000035 ], [ -91.62244166499994, 14.222076230000027 ], [ -91.622684763999985, 14.222341303000064 ], [ -91.622884283999952, 14.222503861000064 ], [ -91.622987164999984, 14.222679786000072 ], [ -91.623030816999972, 14.223068582000053 ], [ -91.623048680999943, 14.22386911600006 ], [ -91.623012299999971, 14.224014032000071 ], [ -91.622896333999961, 14.224005530000056 ], [ -91.622445286999948, 14.223749822000059 ], [ -91.621990339999968, 14.223643400000071 ], [ -91.62159146, 14.223622656000032 ], [ -91.621406542999978, 14.223736605000056 ], [ -91.62137504399999, 14.223931253000046 ], [ -91.621482249999985, 14.224043832000064 ], [ -91.62165947599999, 14.224251071000026 ], [ -91.621841607999954, 14.224512566000044 ], [ -91.622060484999963, 14.224928390000059 ], [ -91.622156629999949, 14.22539312400005 ], [ -91.622102973999972, 14.225795947000051 ], [ -91.62186337299994, 14.226104654000039 ], [ -91.621609525999986, 14.226345579000053 ], [ -91.621295375999978, 14.226582263000068 ], [ -91.620534713999973, 14.227426716000025 ], [ -91.620364308999967, 14.227814208000041 ], [ -91.620292935999942, 14.228008836000072 ], [ -91.620471367999983, 14.228277307000042 ], [ -91.620607977999953, 14.228515486000049 ], [ -91.620839627999942, 14.229012364000027 ], [ -91.621112298999947, 14.229376936000051 ], [ -91.62144503899998, 14.229661907000036 ], [ -91.621639718999973, 14.229944651000039 ], [ -91.621880628999975, 14.230399593000072 ], [ -91.622161668999979, 14.230661612000063 ], [ -91.622497399999986, 14.23090619900006 ], [ -91.622591000999989, 14.231036121000045 ], [ -91.622612576999984, 14.231252960000063 ], [ -91.62255085399994, 14.231357462000062 ], [ -91.622445112999969, 14.231410224000058 ], [ -91.622347366999975, 14.231424041000025 ], [ -91.62221823699997, 14.231420831000037 ], [ -91.621977553999955, 14.231408603000034 ], [ -91.621754692999957, 14.231440182000028 ], [ -91.621590444999981, 14.231456219000052 ], [ -91.621438384999976, 14.231563795000056 ], [ -91.62127105199994, 14.231747773000052 ], [ -91.621094088999939, 14.231962328000066 ], [ -91.621102848999953, 14.23210528900006 ], [ -91.621194550999974, 14.23232368500004 ], [ -91.621397704999936, 14.232322731000068 ], [ -91.621605690999957, 14.23224553600005 ], [ -91.621822456999951, 14.232285938000075 ], [ -91.62208435499997, 14.232462939000072 ], [ -91.62208801, 14.232868266000025 ], [ -91.621708768999952, 14.23305031600006 ], [ -91.621136221999961, 14.233396734000053 ], [ -91.620789349999939, 14.23360606500006 ], [ -91.620600364999973, 14.233847699000023 ], [ -91.620421132999979, 14.233938075000026 ], [ -91.620317902999943, 14.234131648000073 ], [ -91.620417350999958, 14.234227725000039 ], [ -91.620724287999963, 14.234144985000057 ], [ -91.620892271999935, 14.23421264600006 ], [ -91.621115394999947, 14.234466214000065 ], [ -91.62124728799995, 14.234745671000042 ], [ -91.621274394999944, 14.234949236000034 ], [ -91.62146308199999, 14.235138385000027 ], [ -91.621699274999969, 14.235375156000032 ], [ -91.622079440999983, 14.235353045000068 ], [ -91.622381444999974, 14.235326219000058 ], [ -91.622636716999978, 14.235330101000045 ], [ -91.622818890999952, 14.235406651000062 ], [ -91.622976894999965, 14.235541326000032 ], [ -91.623115973999973, 14.235659869000074 ], [ -91.622947193999948, 14.235963799000046 ], [ -91.622818572999961, 14.236289605000024 ], [ -91.622856954999975, 14.236736871000062 ], [ -91.622844329999964, 14.237285411000073 ], [ -91.622824874999935, 14.23756497200003 ], [ -91.622873263999963, 14.237869620000026 ], [ -91.623059455999964, 14.238308126000049 ], [ -91.623011882999947, 14.239056113000061 ], [ -91.622957582999959, 14.239438433000032 ], [ -91.622826229999987, 14.239947230000041 ], [ -91.622467667999956, 14.24047736700004 ], [ -91.622267950999969, 14.240823832000046 ], [ -91.621937234999962, 14.241367387000025 ], [ -91.621167691999972, 14.24239151200004 ], [ -91.620990048999943, 14.242615477000072 ], [ -91.620899556999973, 14.243101714000034 ], [ -91.62113734799999, 14.243680641000026 ], [ -91.62122121499999, 14.244310418000055 ], [ -91.621320436999952, 14.244805399000029 ], [ -91.621385170999986, 14.245094718000075 ], [ -91.621424174999959, 14.245269043000064 ], [ -91.621569239999985, 14.245335761000035 ], [ -91.621939663999967, 14.245220938000045 ], [ -91.622402319999935, 14.245001646000048 ], [ -91.623060432999978, 14.244433182000023 ], [ -91.623825908999947, 14.243897873000037 ], [ -91.624023938999983, 14.243768212000077 ], [ -91.624394784999936, 14.243739326000025 ], [ -91.624598703999936, 14.243728030000057 ], [ -91.624747260999982, 14.243746712000075 ], [ -91.624953248999986, 14.243884506000029 ], [ -91.62518991799999, 14.243996371000037 ], [ -91.62539202399995, 14.244091898000022 ], [ -91.625269771999967, 14.244422777000068 ], [ -91.625289651999935, 14.244690978000051 ], [ -91.62553638299994, 14.244888777000028 ], [ -91.625790409999979, 14.244945814000062 ], [ -91.625958082999944, 14.244983461000061 ], [ -91.626047939999978, 14.245129220000024 ], [ -91.625985060999938, 14.245270315000027 ], [ -91.625872799999968, 14.24534716200003 ], [ -91.625395472999969, 14.245412739000074 ], [ -91.625085491999982, 14.245558945000028 ], [ -91.62482199599998, 14.245727547000058 ], [ -91.624464228999955, 14.245948097000053 ], [ -91.624159962999954, 14.246135665000054 ], [ -91.624126524999951, 14.24622871400004 ], [ -91.624129580999977, 14.246373112000072 ], [ -91.624273561999985, 14.24641766600007 ], [ -91.624449734999985, 14.246407790000035 ], [ -91.624660931999983, 14.246457960000043 ], [ -91.624928542999953, 14.246640743000057 ], [ -91.624966607999966, 14.246905277000053 ], [ -91.62487699199994, 14.247106193000036 ], [ -91.624785919999965, 14.247310371000026 ], [ -91.624618021999936, 14.247614706000036 ], [ -91.624282189999974, 14.24809115100004 ], [ -91.623903287999951, 14.248436783000045 ], [ -91.623649621999959, 14.248718420000046 ], [ -91.623118451999972, 14.249150630000031 ], [ -91.622732291999966, 14.249502476000032 ], [ -91.622425889999988, 14.249781651000035 ], [ -91.622366406999959, 14.249932169000033 ], [ -91.622466603999953, 14.250096545000076 ], [ -91.622813362999977, 14.250287404000062 ], [ -91.62300712199999, 14.250523663000024 ], [ -91.623365172999968, 14.250920194000059 ], [ -91.623582875999944, 14.251161293000052 ], [ -91.623727579999979, 14.251448635000031 ], [ -91.623790101999987, 14.251802620000035 ], [ -91.623685411999986, 14.252201159000037 ], [ -91.623534212999971, 14.252572778000058 ], [ -91.623431049999965, 14.253003293000063 ], [ -91.623334639999939, 14.253405627000063 ], [ -91.623374843999954, 14.253696217000027 ], [ -91.623428320999949, 14.254082738000022 ], [ -91.623658501999955, 14.254259368000078 ], [ -91.623873035999964, 14.254502613000056 ], [ -91.624036310999941, 14.254696344000024 ], [ -91.624232608999989, 14.255003 ], [ -91.62417778799994, 14.255170619000069 ], [ -91.623886342999981, 14.255316736000054 ], [ -91.623404715999982, 14.255454703000055 ], [ -91.62313715099998, 14.255740928000023 ], [ -91.62312693299998, 14.256487313000036 ], [ -91.62301621499995, 14.256605439000055 ], [ -91.622742802999937, 14.256647436000037 ], [ -91.622683194999979, 14.256763152000076 ], [ -91.622604996999939, 14.25691495600006 ], [ -91.622851882999953, 14.257135434000077 ], [ -91.623228754999957, 14.257382438000036 ], [ -91.623544442999957, 14.257448800000077 ], [ -91.623906506999958, 14.257514943000047 ], [ -91.624087351999947, 14.257516381000073 ], [ -91.624263619999965, 14.257517783000026 ], [ -91.624596205999978, 14.257534874000044 ], [ -91.624816472999953, 14.257714199000077 ], [ -91.624873132999937, 14.257917479000071 ], [ -91.624681730999953, 14.258125255000039 ], [ -91.62446706899999, 14.258331010000063 ], [ -91.624248165999973, 14.258702120000066 ], [ -91.624041677999969, 14.258976853000036 ], [ -91.623988684999972, 14.259124834000033 ], [ -91.62400768399999, 14.259215210000036 ], [ -91.624100771999963, 14.259282620000022 ], [ -91.624276662999989, 14.259213942000031 ], [ -91.624483635999979, 14.259264791000021 ], [ -91.624597776999963, 14.259438590000059 ], [ -91.624629014999982, 14.259709878000024 ], [ -91.62454766799999, 14.25996268800003 ], [ -91.624527588999968, 14.260248583000077 ], [ -91.624671820999936, 14.260568999000043 ], [ -91.625355989999946, 14.260839679000071 ], [ -91.625742859999946, 14.26112250400007 ], [ -91.625984588999984, 14.261336334000077 ], [ -91.626119909999943, 14.261503056000038 ], [ -91.626108931999966, 14.261652480000066 ], [ -91.625916814999982, 14.261776915000041 ], [ -91.625531798999987, 14.261630653000054 ], [ -91.625338359999944, 14.261725938000041 ], [ -91.625412801999971, 14.26199942900007 ], [ -91.625383952999982, 14.262289231000068 ], [ -91.625408755999956, 14.262595669000063 ], [ -91.625620874999981, 14.262808108000058 ], [ -91.625708350999957, 14.263045399000077 ], [ -91.625618190999944, 14.263201644000048 ], [ -91.625507672999959, 14.263360479000028 ], [ -91.625319274999981, 14.263428559000033 ], [ -91.624715698999978, 14.262754692000044 ], [ -91.624450372999945, 14.262447248000058 ], [ -91.624180582999941, 14.262285683000073 ], [ -91.623915034999982, 14.262312694000059 ], [ -91.623647971999958, 14.262432938000075 ], [ -91.623128684999983, 14.262536601000022 ], [ -91.622705554999982, 14.262715829000058 ], [ -91.622435036999946, 14.262868361000073 ], [ -91.622415741999987, 14.263196725000057 ], [ -91.622477680999964, 14.263404360000038 ], [ -91.622674930999949, 14.263541145000033 ], [ -91.622963032999962, 14.263661967000075 ], [ -91.623288632999959, 14.263854933000061 ], [ -91.62366076699999, 14.264079342000059 ], [ -91.623814751999987, 14.264268592000064 ], [ -91.624159947999942, 14.264502235000066 ], [ -91.624313202999986, 14.264714044000073 ], [ -91.624402238999949, 14.264899077000052 ], [ -91.62445925899999, 14.265174727000044 ], [ -91.624377763999973, 14.265235534000055 ], [ -91.624133033999954, 14.265203912000061 ], [ -91.62386984699998, 14.265417208000031 ], [ -91.623931297999945, 14.265691136000044 ], [ -91.624006251999958, 14.265812910000022 ], [ -91.624088558999972, 14.265839237000023 ], [ -91.624202462999961, 14.265924571000028 ], [ -91.624247822999962, 14.265996871000027 ], [ -91.624326774999986, 14.266135800000029 ], [ -91.624303241999939, 14.266519469000059 ], [ -91.624360974999945, 14.266719562000048 ], [ -91.624526147999973, 14.26688480100006 ], [ -91.62457597599996, 14.266982653000071 ], [ -91.62465483599999, 14.267137519000073 ], [ -91.62466935499998, 14.267285346000051 ], [ -91.624619044999974, 14.267468286000053 ], [ -91.624416567999958, 14.267671515000075 ], [ -91.624308372999963, 14.267948721000039 ], [ -91.624108087999957, 14.268199646000028 ], [ -91.623970042999986, 14.268375856000034 ], [ -91.623780256999964, 14.268376751000062 ], [ -91.623468890999959, 14.268322880000028 ], [ -91.623118123999973, 14.268186693000075 ], [ -91.623050707999937, 14.268103046000022 ], [ -91.622931593999965, 14.268151314000022 ], [ -91.622898173999943, 14.268252179000058 ], [ -91.622753437999961, 14.268570378000049 ], [ -91.622688971999935, 14.268940563000058 ], [ -91.622495841999978, 14.269070728000031 ], [ -91.622221626999988, 14.269393110000067 ], [ -91.62213279599996, 14.269630151000058 ], [ -91.622270860999947, 14.269852766000042 ], [ -91.622410523999974, 14.270002859000044 ], [ -91.622397536999983, 14.270146039000053 ], [ -91.62231952799999, 14.270220595000069 ], [ -91.622227890999966, 14.270263241000066 ], [ -91.621978572999978, 14.27005342800004 ], [ -91.621816766999984, 14.269820555000024 ], [ -91.621711811999944, 14.269759622000038 ], [ -91.621585153999945, 14.26968609000005 ], [ -91.621306595999954, 14.269527178000033 ], [ -91.621097535999979, 14.26958731700006 ], [ -91.620957408999971, 14.26973872800005 ], [ -91.620858368999961, 14.269889945000045 ], [ -91.620775085999981, 14.27006207900007 ], [ -91.62070728499998, 14.270199792000028 ], [ -91.620567534999964, 14.270427531000053 ], [ -91.620469145999948, 14.270710414000064 ], [ -91.620419104999939, 14.27087857500004 ], [ -91.620390330999953, 14.270995114000073 ], [ -91.620465689999946, 14.271111 ], [ -91.620644635999952, 14.271379384000056 ], [ -91.620767369999953, 14.271530537000046 ], [ -91.62091630499998, 14.271713958000078 ], [ -91.620830466999962, 14.272160891000055 ], [ -91.620944701999974, 14.272414364000042 ], [ -91.621089026999982, 14.272613838000041 ], [ -91.62113962899997, 14.272846881000078 ], [ -91.621091074999981, 14.273027918000025 ], [ -91.62103093099995, 14.273131246000048 ], [ -91.621004217999939, 14.273268766000058 ], [ -91.621054034999986, 14.273355716000026 ], [ -91.62115870699995, 14.273734757000057 ], [ -91.621076050999989, 14.273908671000072 ], [ -91.620925627999952, 14.27399426900007 ], [ -91.620781215999955, 14.274071279000054 ], [ -91.62054438199999, 14.274055218000058 ], [ -91.620306952999954, 14.273918941000034 ], [ -91.620127817999958, 14.273700335000058 ], [ -91.619903444999977, 14.273434235000025 ], [ -91.619532688999982, 14.273192198000061 ], [ -91.619005134999952, 14.272995742000035 ], [ -91.61845105399999, 14.272608881000053 ], [ -91.618098671999974, 14.272093579000057 ], [ -91.617949603999989, 14.272019857000032 ], [ -91.617794966999952, 14.272007225000038 ], [ -91.617713194999965, 14.272089663000031 ], [ -91.617708247999985, 14.272276695000073 ], [ -91.617714719999981, 14.272398793000036 ], [ -91.617741638999973, 14.272472027000049 ], [ -91.61785462399996, 14.272596829000065 ], [ -91.617937480999956, 14.272735508000039 ], [ -91.618020316999946, 14.272868696000046 ], [ -91.618077613999958, 14.272981014000038 ], [ -91.618161, 14.27311615800005 ], [ -91.618198745999962, 14.273341105000043 ], [ -91.618297592999966, 14.273546732000057 ], [ -91.618414472999973, 14.27383814500007 ], [ -91.61852541799999, 14.274116228000025 ], [ -91.618708710999954, 14.274384431000044 ], [ -91.61896631799999, 14.274644651000074 ], [ -91.619189862999974, 14.274991106000073 ], [ -91.619237625999972, 14.275140016000023 ], [ -91.619297084999971, 14.275325388000056 ], [ -91.619408472999964, 14.27571210800005 ], [ -91.619516355999963, 14.275876703000051 ], [ -91.619637672999943, 14.276094866000051 ], [ -91.61975466399997, 14.276190444000065 ], [ -91.619761098999959, 14.276304909000032 ], [ -91.61958700699995, 14.276315268000076 ], [ -91.619404974999952, 14.276302766000072 ], [ -91.619274115999985, 14.276351087000023 ], [ -91.61922376199999, 14.276456277000023 ], [ -91.619249782999987, 14.276574466000056 ], [ -91.619294987999979, 14.27660196100004 ], [ -91.619473121999988, 14.276676971000029 ], [ -91.61961938799999, 14.276738561000059 ], [ -91.619765902999973, 14.276800256000058 ], [ -91.620032948999949, 14.277070746000049 ], [ -91.620016216999943, 14.277248292000024 ], [ -91.619955837999953, 14.277372723000042 ], [ -91.619875986999944, 14.277434248000077 ], [ -91.619784546999938, 14.277486003000035 ], [ -91.619526440999948, 14.277521565000029 ], [ -91.619258937999973, 14.277635409000027 ], [ -91.619062259999964, 14.277827158000036 ], [ -91.618451308999965, 14.278238636000026 ], [ -91.618309615999976, 14.278361186000041 ], [ -91.618234106999978, 14.278523741000072 ], [ -91.618332079999959, 14.278655589000039 ], [ -91.618276487999935, 14.278784972000039 ], [ -91.618095093999955, 14.27890222700006 ], [ -91.617986003999988, 14.278931771000032 ], [ -91.617714215999968, 14.279039500000067 ], [ -91.617689521999978, 14.279203426000038 ], [ -91.617508194999971, 14.279320980000023 ], [ -91.61751673699996, 14.279465966000032 ], [ -91.61758357399998, 14.279528625000069 ], [ -91.617631356999937, 14.279589542000053 ], [ -91.617572774999985, 14.279719500000056 ], [ -91.617476005999947, 14.279935587000068 ], [ -91.617336067999986, 14.28012706800007 ], [ -91.617099898999982, 14.280450571000074 ], [ -91.617004618999943, 14.280597874000023 ], [ -91.61692644499999, 14.280718731000036 ], [ -91.616940597999985, 14.280876957000032 ], [ -91.61699385199995, 14.280962578000072 ], [ -91.617073914999935, 14.280960308000033 ], [ -91.61736691599998, 14.280827250000073 ], [ -91.617746207999971, 14.28076440600006 ], [ -91.618058614999939, 14.28062936300006 ], [ -91.618384866999975, 14.280645051000022 ], [ -91.61873028499997, 14.280761423000058 ], [ -91.619011683999986, 14.28105615000004 ], [ -91.619264857999951, 14.281209528000034 ], [ -91.619713312999977, 14.281283750000057 ], [ -91.620022333999941, 14.281255581000039 ], [ -91.620269704999941, 14.281422343000031 ], [ -91.620319366999979, 14.281572861000029 ], [ -91.620231911999952, 14.281693492000045 ], [ -91.619941254999958, 14.281874234000043 ], [ -91.619771570999944, 14.281985711000061 ], [ -91.61956195199997, 14.281935174000068 ], [ -91.619415154999956, 14.28192632300005 ], [ -91.619322073999967, 14.282096594000052 ], [ -91.619265933999941, 14.282218986000032 ], [ -91.619293664999987, 14.282375226000056 ], [ -91.619523980999986, 14.282489006000048 ], [ -91.619812102999958, 14.282631344000038 ], [ -91.619922418999977, 14.282901490000029 ], [ -91.619846696999957, 14.283064683000077 ], [ -91.619512688999976, 14.28305268400004 ], [ -91.61913009899996, 14.283064660000036 ], [ -91.618953463999958, 14.283221542000035 ], [ -91.618811663999963, 14.283388438000031 ], [ -91.618773969999907, 14.28350395800004 ], [ -91.618882961999986, 14.28373752400006 ], [ -91.619061407999936, 14.28394701600007 ], [ -91.619191035999961, 14.284244606000073 ], [ -91.619168832999947, 14.284567328000037 ], [ -91.619090066999945, 14.28481873800007 ], [ -91.618967009999949, 14.284962736000068 ], [ -91.618791207999948, 14.28522674900006 ], [ -91.618768056999954, 14.285825200000033 ], [ -91.618660607999971, 14.285906337000029 ], [ -91.618481371999962, 14.285928393000063 ], [ -91.61823949699999, 14.285867606000068 ], [ -91.617922022999949, 14.28568251300004 ], [ -91.617486941999971, 14.285462027000051 ], [ -91.617232783999953, 14.285517687000038 ], [ -91.61695229299994, 14.28557911200005 ], [ -91.616511093999975, 14.28611587100005 ], [ -91.616419489999942, 14.286439293000058 ], [ -91.616274157999953, 14.28659602700003 ], [ -91.616109556999959, 14.286754289000044 ], [ -91.615340997999965, 14.287088890000064 ], [ -91.615167817999975, 14.286945376000062 ], [ -91.614956198999948, 14.286690407000037 ], [ -91.614978560999987, 14.286286602000075 ], [ -91.61483117399996, 14.286026074000063 ], [ -91.614649402999987, 14.285858488000031 ], [ -91.614355639999985, 14.285850316000051 ], [ -91.614051100999973, 14.286145274000035 ], [ -91.613730549999957, 14.286158778000072 ], [ -91.61359295799997, 14.286065794000024 ], [ -91.613352600999974, 14.28599906900007 ], [ -91.612995883999986, 14.286085829000058 ], [ -91.612769119999939, 14.286388213000066 ], [ -91.612611439999966, 14.286621579000041 ], [ -91.612687125999969, 14.287107234000075 ], [ -91.613287274999948, 14.287602604000028 ], [ -91.613554438999984, 14.288174237000021 ], [ -91.61374673399996, 14.288967859000024 ], [ -91.614188238999986, 14.289182304000065 ], [ -91.614600699999983, 14.289433237000026 ], [ -91.614654970999936, 14.290033777000076 ], [ -91.614751141999989, 14.290612931000055 ], [ -91.615544284999942, 14.291711493000037 ], [ -91.615695656999947, 14.292115154000044 ], [ -91.615689349999968, 14.292613423000034 ], [ -91.615178465999975, 14.292947704000028 ], [ -91.61428915, 14.292972932000055 ], [ -91.612989866999953, 14.292260218000024 ], [ -91.612440116999949, 14.291978327000038 ], [ -91.61224273, 14.290774076000048 ], [ -91.612342909999938, 14.289907919000029 ], [ -91.612097228999971, 14.289501684000072 ], [ -91.611539080999989, 14.289266652000038 ], [ -91.610861509999907, 14.289524429000039 ], [ -91.610231007999971, 14.289508806000072 ], [ -91.610115625999981, 14.289939006000054 ], [ -91.610530068999935, 14.290595887000052 ], [ -91.610358659999974, 14.291580135000061 ], [ -91.610059922999937, 14.29255542900006 ], [ -91.610129957999959, 14.292860639000025 ], [ -91.610238874999936, 14.293108380000035 ], [ -91.610631351999984, 14.293278413000053 ], [ -91.610974031999945, 14.293387677000055 ], [ -91.610741300999962, 14.293847069000037 ], [ -91.610416125999961, 14.294090470000071 ], [ -91.610298807999982, 14.294322319000059 ], [ -91.610105035999936, 14.294476790000033 ], [ -91.609827319999965, 14.294514219000064 ], [ -91.609466016999988, 14.294680516000028 ], [ -91.608447449999971, 14.294621609000046 ], [ -91.608226169999966, 14.294801716000052 ], [ -91.60829309199994, 14.295225972000026 ], [ -91.60859504199999, 14.295435688000055 ], [ -91.609090617999982, 14.295331533000024 ], [ -91.609583974999964, 14.295275057000026 ], [ -91.610145347999946, 14.295172950000051 ], [ -91.610378682999965, 14.295325515000059 ], [ -91.610395051999944, 14.295553109000025 ], [ -91.61017652299995, 14.295810235000033 ], [ -91.609459408999953, 14.295764931000065 ], [ -91.609275940999964, 14.295852628000034 ], [ -91.609421851999969, 14.296322984000028 ], [ -91.609809052999935, 14.296575420000067 ], [ -91.610303180999949, 14.297100792000037 ], [ -91.61046601399994, 14.29745450300004 ], [ -91.610455420999983, 14.297821108000051 ], [ -91.610440322999978, 14.298111200000051 ], [ -91.61043502299998, 14.298526156000037 ], [ -91.610434354999938, 14.298578484000075 ], [ -91.61031642599994, 14.298957674000064 ], [ -91.610212752999985, 14.299254520000034 ], [ -91.610094604999972, 14.299600597000051 ], [ -91.609867794999957, 14.299828856000033 ], [ -91.609666264999987, 14.299980185000038 ], [ -91.609108590999938, 14.300068718000034 ], [ -91.608353361999946, 14.299804893000044 ], [ -91.607745936999947, 14.299731339000061 ], [ -91.606844871999954, 14.299678245000052 ], [ -91.606198889999973, 14.299728991000052 ], [ -91.605720990999941, 14.300113135000061 ], [ -91.60551789699997, 14.30062967300006 ], [ -91.605381783999974, 14.301379815000075 ], [ -91.605564864999963, 14.302249090000032 ], [ -91.606788125999969, 14.303392228000064 ], [ -91.60708886399999, 14.303797329000076 ], [ -91.607341300999963, 14.304270405000068 ], [ -91.60742679699996, 14.304703607000022 ], [ -91.607443942999964, 14.30537705100005 ], [ -91.607543899999939, 14.30591578800005 ], [ -91.607704927999976, 14.306683916000054 ], [ -91.607589633999964, 14.306944953000027 ], [ -91.607472505999965, 14.307210141000041 ], [ -91.607504625999979, 14.307826524000063 ], [ -91.607714253999973, 14.308069448000026 ], [ -91.607701619999943, 14.308326957000077 ], [ -91.607668109999963, 14.308577788000036 ], [ -91.607474268999965, 14.308720966000067 ], [ -91.607112983999968, 14.30872264900006 ], [ -91.606848602999946, 14.308649355000057 ], [ -91.606423229999962, 14.308332910000047 ], [ -91.606231919999971, 14.308236736000026 ], [ -91.605888945999936, 14.308214164000049 ], [ -91.605790909999939, 14.308440192000035 ], [ -91.60587118899997, 14.308806374000028 ], [ -91.605957056999955, 14.309470607000037 ], [ -91.606127622999963, 14.309715526000048 ], [ -91.606108190999976, 14.309965358000056 ], [ -91.605981731999975, 14.310292221000054 ], [ -91.606210647999944, 14.310414595000054 ], [ -91.606391789999975, 14.310426535000033 ], [ -91.60666708399998, 14.310213838000038 ], [ -91.607206280999947, 14.30981523500003 ], [ -91.60758234299999, 14.309845707000022 ], [ -91.607794633999958, 14.310175020000031 ], [ -91.60772772699994, 14.310852049000061 ], [ -91.607577214999935, 14.311328063000076 ], [ -91.607434185999978, 14.311717483000052 ], [ -91.60726692899999, 14.312054831000069 ], [ -91.607196788999943, 14.312728294000067 ], [ -91.607066673999952, 14.313360592000038 ], [ -91.606968992999953, 14.313659125000072 ], [ -91.606726966999986, 14.314006667000058 ], [ -91.606371731999957, 14.313993634000042 ], [ -91.606310139999948, 14.313738466000075 ], [ -91.606258714999967, 14.31352541900003 ], [ -91.606247898999982, 14.313480612000035 ], [ -91.606162541999936, 14.313126988000022 ], [ -91.605968813999937, 14.312717184000064 ], [ -91.605651963999946, 14.312584430000072 ], [ -91.605466920999959, 14.312578861000077 ], [ -91.605257967999989, 14.312652013000047 ], [ -91.604962672999989, 14.313088419000053 ], [ -91.604780639999944, 14.313301448000061 ], [ -91.604572759999897, 14.313544725000042 ], [ -91.604358303999959, 14.31381963900003 ], [ -91.604067961999988, 14.314143235000074 ], [ -91.603943877999939, 14.314675517000069 ], [ -91.603674057999967, 14.315091707000022 ], [ -91.603661083999953, 14.315442658000052 ], [ -91.603933997999945, 14.31597260500007 ], [ -91.604321983999967, 14.31625589500004 ], [ -91.604469150999989, 14.316512662000036 ], [ -91.604496474999962, 14.316857958000071 ], [ -91.604174226999987, 14.317299934000062 ], [ -91.603842705999966, 14.317707975000076 ], [ -91.603436574999989, 14.31838102100005 ], [ -91.602845375999948, 14.318476281000073 ], [ -91.602525452999942, 14.318610442000022 ], [ -91.601930061999951, 14.31874665600003 ], [ -91.601422046999971, 14.318804545000035 ], [ -91.601026543999978, 14.318696645000045 ], [ -91.600610565999943, 14.318358585000055 ], [ -91.600421008999945, 14.317929436000043 ], [ -91.600260720999984, 14.317727388000037 ], [ -91.599724153999944, 14.317598481000061 ], [ -91.599203562999946, 14.31780866500003 ], [ -91.598714521999966, 14.317925504000073 ], [ -91.598522251999952, 14.318119636000063 ], [ -91.598511862999942, 14.318537517000038 ], [ -91.598906050999972, 14.319051288000026 ], [ -91.599164081999959, 14.319756650000045 ], [ -91.598764744999983, 14.320197708000023 ], [ -91.598382854999954, 14.320199474000049 ], [ -91.597782846999962, 14.319648461000043 ], [ -91.597195185999965, 14.319622532000039 ], [ -91.596638105999943, 14.319844709000051 ], [ -91.596316358999957, 14.320132636000039 ], [ -91.596347217999948, 14.320438032000027 ], [ -91.596573316999979, 14.320618401000047 ], [ -91.597006347999979, 14.321065160000046 ], [ -91.597224046999941, 14.321532009000066 ], [ -91.597180092999963, 14.322021445000075 ], [ -91.596709794999981, 14.322508286000073 ], [ -91.596171271999935, 14.322520320000024 ], [ -91.595690158999957, 14.322255194000036 ], [ -91.595240321999938, 14.322381394000047 ], [ -91.594860371999971, 14.322784164000041 ], [ -91.59470576199999, 14.323182845000076 ], [ -91.594519638999941, 14.324179088000051 ], [ -91.594390359999977, 14.324781212000062 ], [ -91.594524464999949, 14.325174451000066 ], [ -91.594577808999986, 14.325711497000043 ], [ -91.594860478999976, 14.325832772000069 ], [ -91.595238722999966, 14.325877825000077 ], [ -91.595571059999941, 14.325632391000056 ], [ -91.59590448099999, 14.325610528000027 ], [ -91.59612832, 14.325747098000022 ], [ -91.596197922999977, 14.325941149000073 ], [ -91.59615254299996, 14.326198131000069 ], [ -91.59655326699999, 14.326388469000051 ], [ -91.596881691999954, 14.326520644000027 ], [ -91.597265069999935, 14.326769548000073 ], [ -91.597672096999986, 14.327200122000022 ], [ -91.597542589999989, 14.327753910000069 ], [ -91.597420887999988, 14.328780291000044 ], [ -91.597108771999956, 14.329163059000052 ], [ -91.596689191999985, 14.329264520000038 ], [ -91.595792156999948, 14.32884056100005 ], [ -91.594340994999982, 14.328569830000049 ], [ -91.593647535999935, 14.328945400000066 ], [ -91.593098927999961, 14.328900186000055 ], [ -91.592905112999972, 14.329321193000055 ], [ -91.592858, 14.329703332000065 ], [ -91.592823822999947, 14.330734680000035 ], [ -91.593235525999944, 14.330818717000056 ], [ -91.593704873999968, 14.330673334000039 ], [ -91.5942527, 14.330556233000038 ], [ -91.594528650999962, 14.330336775000035 ], [ -91.595004570999947, 14.330370822000077 ], [ -91.595149004999939, 14.331433880000077 ], [ -91.595688044999974, 14.332495116000075 ], [ -91.595551629999989, 14.333084188000043 ], [ -91.595158450999975, 14.333380224000052 ], [ -91.594380153999964, 14.332531385000038 ], [ -91.593960275999962, 14.332781570000066 ], [ -91.593992536999963, 14.33327593100006 ], [ -91.593954185999962, 14.333545442000059 ], [ -91.593906611999955, 14.333832103000077 ], [ -91.593760739999937, 14.334042833000069 ], [ -91.593632578999973, 14.334250720000057 ], [ -91.59355898299998, 14.334450992000029 ], [ -91.593476042999953, 14.334646762000034 ], [ -91.593375012999957, 14.334956214000044 ], [ -91.593432588999974, 14.335296742000025 ], [ -91.593547675999957, 14.335964168000032 ], [ -91.593730729999947, 14.336231415000043 ], [ -91.593774589999953, 14.336626534000061 ], [ -91.593346696999959, 14.336532912000052 ], [ -91.593120291999981, 14.336516981000045 ], [ -91.592550008999979, 14.33685937100006 ], [ -91.592477511999959, 14.337286833000064 ], [ -91.592466655999942, 14.337932119000072 ], [ -91.592269579999936, 14.338619158000029 ], [ -91.592098904999943, 14.33898345700004 ], [ -91.591931431999967, 14.339086466000026 ], [ -91.59136353599996, 14.339103043000023 ], [ -91.590872920999971, 14.338943861000075 ], [ -91.590503980999983, 14.338772685000038 ], [ -91.590176519999943, 14.33851973000003 ], [ -91.589848665999966, 14.338184986000044 ], [ -91.589448175999962, 14.338250440000024 ], [ -91.589088630999981, 14.338502420000054 ], [ -91.588855156999955, 14.338693123000041 ], [ -91.588620657999968, 14.338884662000055 ], [ -91.588566883999988, 14.339122374000056 ], [ -91.588656550999985, 14.339353703000029 ], [ -91.588849143999937, 14.339666349000026 ], [ -91.58884617199999, 14.340016245000072 ], [ -91.588792856999987, 14.340557216000036 ], [ -91.588551195999969, 14.340846864000071 ], [ -91.588487057999941, 14.341291453000053 ], [ -91.588671455999986, 14.34147564500006 ], [ -91.588894598999957, 14.341612706000035 ], [ -91.58917083099999, 14.341618758000038 ], [ -91.589441273999967, 14.34157788400006 ], [ -91.58957227799999, 14.341254159000073 ], [ -91.589869572999987, 14.341050841000026 ], [ -91.590142714999956, 14.340993040000058 ], [ -91.590627216999962, 14.340748695000059 ], [ -91.591098079999938, 14.340912029000037 ], [ -91.591256862999956, 14.341344144000061 ], [ -91.591607700999987, 14.341659311000058 ], [ -91.591928081999981, 14.341816870000059 ], [ -91.592330831999959, 14.342013930000064 ], [ -91.59268106799999, 14.341611451000063 ], [ -91.592901407999989, 14.341196535000051 ], [ -91.592892374999963, 14.340762280000035 ], [ -91.592848247999939, 14.340205096000034 ], [ -91.592978775999939, 14.33978443500007 ], [ -91.593382833999954, 14.339386748000038 ], [ -91.59376285799999, 14.339158811000061 ], [ -91.594145520999973, 14.339255729000058 ], [ -91.594643671999961, 14.339660815000059 ], [ -91.595299994999948, 14.340370706000044 ], [ -91.595197762999987, 14.340829484000039 ], [ -91.594869230999961, 14.341369647000022 ], [ -91.594983412999966, 14.341783693000025 ], [ -91.595100847999959, 14.342383080000047 ], [ -91.596081635999951, 14.342684087000066 ], [ -91.596957223999937, 14.342832808000026 ], [ -91.598397057999989, 14.34304006900004 ], [ -91.598918429999969, 14.343555566000077 ], [ -91.599549930999956, 14.34385375100004 ], [ -91.600316615999986, 14.344006773000046 ], [ -91.600812287999986, 14.344317629000045 ], [ -91.600622924999982, 14.344789087000038 ], [ -91.600155761999986, 14.345013566000034 ], [ -91.599241064999944, 14.345253801000069 ], [ -91.598482237999974, 14.345671020000054 ], [ -91.597874364999939, 14.346151281000061 ], [ -91.597485487999961, 14.346738694000067 ], [ -91.596701519999954, 14.347217129000057 ], [ -91.596611788999951, 14.347561273000053 ], [ -91.597998071999939, 14.348000433000038 ], [ -91.598302929999988, 14.348330726000029 ], [ -91.598692983999968, 14.34858282700003 ], [ -91.599258439999971, 14.349394971000038 ], [ -91.598599258999968, 14.350785673000075 ], [ -91.59794575699999, 14.351203406000025 ], [ -91.59756269799999, 14.351029030000063 ], [ -91.597199331999946, 14.350617437000039 ], [ -91.597155294999936, 14.350136615000054 ], [ -91.59682038699998, 14.349860389000071 ], [ -91.596401265999987, 14.349917429000072 ], [ -91.596141409999973, 14.350185975000045 ], [ -91.59607773099998, 14.350517268000033 ], [ -91.595948699999951, 14.35083613300003 ], [ -91.595676775999948, 14.35130842600006 ], [ -91.595583451999971, 14.351647884000045 ], [ -91.596410680999952, 14.351852453000049 ], [ -91.597428205999961, 14.351644054000076 ], [ -91.597938022999983, 14.351756270000067 ], [ -91.598318004999953, 14.352021854000043 ], [ -91.598450880999962, 14.352492275000031 ], [ -91.598217574999978, 14.35284981500007 ], [ -91.598427495999942, 14.353052534000028 ], [ -91.598442353999985, 14.353421655000034 ], [ -91.598248406999971, 14.353817206000031 ], [ -91.598123341999951, 14.35417129700005 ], [ -91.59814797699994, 14.354645167000058 ], [ -91.598529205999967, 14.355165359000068 ], [ -91.599133232999975, 14.355850016000034 ], [ -91.60016501199999, 14.355883421000044 ], [ -91.600559741999973, 14.356492661000061 ], [ -91.600641822999989, 14.357256121000034 ], [ -91.600319223999975, 14.358046922000028 ], [ -91.599979895999979, 14.35808669000005 ], [ -91.59944072199994, 14.357940849000045 ], [ -91.599065239999959, 14.357763566000074 ], [ -91.598484893999967, 14.357751935000067 ], [ -91.597701590999975, 14.357834032000028 ], [ -91.597126681999953, 14.357894286000032 ], [ -91.597024266999938, 14.357980692000069 ], [ -91.59695861299997, 14.35807408900007 ], [ -91.596931323999968, 14.358503877000032 ], [ -91.596859823999978, 14.358905225000058 ], [ -91.596851842999968, 14.359104652000042 ], [ -91.59688962599995, 14.35937606400006 ], [ -91.596659396999939, 14.359464041000024 ], [ -91.596384047999948, 14.359669280000048 ], [ -91.59625588099999, 14.360166370000059 ], [ -91.596323775999963, 14.360700746000077 ], [ -91.597257996999986, 14.362147720000053 ], [ -91.597616720999952, 14.363406397000062 ], [ -91.597857796999961, 14.364640157000053 ], [ -91.597480461999965, 14.364921981000066 ], [ -91.596958796999957, 14.365064435000022 ], [ -91.596670079999967, 14.364772966000032 ], [ -91.596200339999939, 14.364851525000063 ], [ -91.596005698999988, 14.365107039000065 ], [ -91.595653547999973, 14.365197783000042 ], [ -91.595511884999951, 14.365605821000031 ], [ -91.595475635999946, 14.366354216000047 ], [ -91.594937935999951, 14.367941077000069 ], [ -91.594697620999966, 14.368371850000074 ], [ -91.594396703999962, 14.368802902000027 ], [ -91.594068925999977, 14.36939516700005 ], [ -91.593916825999941, 14.369820193000066 ], [ -91.594152235999957, 14.370646203000035 ], [ -91.59414897299996, 14.371108104000029 ], [ -91.594190958999945, 14.371811480000076 ], [ -91.59468379499998, 14.372198880000042 ], [ -91.595394913999939, 14.372281524000073 ], [ -91.595815949999974, 14.372308736000036 ], [ -91.5960483, 14.372660964000033 ], [ -91.595685321999952, 14.373085794000076 ], [ -91.59521807499999, 14.373302786000067 ], [ -91.594471756999951, 14.373913134000077 ], [ -91.594095007999954, 14.374613074000024 ], [ -91.594165121999936, 14.375010858000053 ], [ -91.593795726999986, 14.375524130000031 ], [ -91.593686550999962, 14.37601606000004 ], [ -91.593075730999942, 14.376167920000057 ], [ -91.592535174999966, 14.376323482000032 ], [ -91.592151675999958, 14.37648637500007 ], [ -91.59184733, 14.376781828000048 ], [ -91.59172504899999, 14.377128807000076 ], [ -91.59174171799998, 14.377573267000059 ], [ -91.591348548999974, 14.377547675000073 ], [ -91.582355948999975, 14.37696217000007 ], [ -91.581436290999989, 14.383022179000022 ], [ -91.581285563999984, 14.386216982000064 ], [ -91.571315310999978, 14.385014471000034 ], [ -91.563375321999956, 14.383938927000031 ], [ -91.552243344999965, 14.382493942000053 ], [ -91.549164478999955, 14.382025831000021 ], [ -91.54507244199999, 14.38156215600003 ], [ -91.54440191599997, 14.381426090000048 ], [ -91.543261489999963, 14.381302394000045 ], [ -91.541801137999983, 14.38113267600005 ], [ -91.540973471999962, 14.38100759200006 ], [ -91.540584042999967, 14.38096187900004 ] ] ] ] } },
{ "type": "Feature", "properties": { "Codigo": 2207, "datos_finales_color_riesgo": "ffaa00" }, "geometry": { "type": "MultiPolygon", "coordinates": [ [ [ [ -89.665585410999938, 14.185479438000073 ], [ -89.672082351999961, 14.173654683000052 ], [ -89.680976293999947, 14.166352194000069 ], [ -89.68216463899995, 14.165602358000058 ], [ -89.683859161999976, 14.163806575000024 ], [ -89.684458873999972, 14.163049710000053 ], [ -89.688631828999974, 14.159468906000029 ], [ -89.689822897999989, 14.158527201000027 ], [ -89.690147335999939, 14.157808272000068 ], [ -89.693100322999953, 14.155797277000033 ], [ -89.701949465999974, 14.147779841000045 ], [ -89.702543569999989, 14.147404288000075 ], [ -89.709297097999979, 14.141752506000046 ], [ -89.712079689999939, 14.139300972000058 ], [ -89.713561892999962, 14.13808546000007 ], [ -89.71967297599997, 14.128606442000034 ], [ -89.722570516999951, 14.128243077000036 ], [ -89.733580882999945, 14.129530657000032 ], [ -89.737733512999966, 14.129310572000065 ], [ -89.739690953999968, 14.127032510000049 ], [ -89.740619134999974, 14.12450797300005 ], [ -89.741416885999968, 14.123751331000051 ], [ -89.743337113999985, 14.119611623000026 ], [ -89.744391800999949, 14.118350568000039 ], [ -89.744548693999945, 14.117320005000067 ], [ -89.746772757999963, 14.114902124000025 ], [ -89.749453376999952, 14.114493695000021 ], [ -89.760544872999958, 14.117755015000057 ], [ -89.761564711999938, 14.129292145000022 ], [ -89.761122895999961, 14.133868454000037 ], [ -89.761309876999974, 14.137651906000031 ], [ -89.761689665999938, 14.139213420000033 ], [ -89.764003764999984, 14.142209555000022 ], [ -89.765567869999984, 14.151537398000073 ], [ -89.766380611999978, 14.152911754000058 ], [ -89.766910013999961, 14.156081341000061 ], [ -89.76799921199995, 14.158232539000039 ], [ -89.768155599999943, 14.161484006000023 ], [ -89.768667494999988, 14.162092474000076 ], [ -89.769251621999956, 14.162664669000037 ], [ -89.769769851999968, 14.163071191000029 ], [ -89.770016418999944, 14.163834090000023 ], [ -89.768673091999972, 14.168681562000074 ], [ -89.769183874999953, 14.174065298000073 ], [ -89.769944757999951, 14.175186144000065 ], [ -89.769921473999943, 14.175972492000028 ], [ -89.768146933999958, 14.183361468000044 ], [ -89.767416117999971, 14.190353680000044 ], [ -89.76610819199999, 14.19317340200007 ], [ -89.763034871999935, 14.209127974000069 ], [ -89.762528069999973, 14.213277864000077 ], [ -89.762829734999968, 14.220286248000036 ], [ -89.76186430499996, 14.227709712000035 ], [ -89.760982848999959, 14.227452842000048 ], [ -89.750904010999989, 14.224224592000041 ], [ -89.745818863999943, 14.22209674800007 ], [ -89.740998267999942, 14.220972373000052 ], [ -89.73531444799994, 14.218493072000058 ], [ -89.730014844999971, 14.21537223100006 ], [ -89.724251941999967, 14.214468281000052 ], [ -89.718429445999959, 14.214171694000072 ], [ -89.71149818799995, 14.212349664000044 ], [ -89.708566051999981, 14.213029328000061 ], [ -89.707975337999983, 14.213956782000025 ], [ -89.707780622999962, 14.215779009000073 ], [ -89.70526048399995, 14.217483402000028 ], [ -89.70112474199999, 14.217668966000076 ], [ -89.698092740999982, 14.217333646000043 ], [ -89.696895478999977, 14.21664785300004 ], [ -89.692404787999976, 14.211930396000071 ], [ -89.689146501999971, 14.211849159000053 ], [ -89.688060940999947, 14.210607371000037 ], [ -89.687237266999944, 14.208184227000061 ], [ -89.688246596999988, 14.20691391500003 ], [ -89.690346901999987, 14.206511894000073 ], [ -89.690620329999945, 14.204892809000057 ], [ -89.690147588999935, 14.203950687000031 ], [ -89.687784081999951, 14.201693564000038 ], [ -89.685296360999985, 14.201534952000031 ], [ -89.681975339999951, 14.198270257000047 ], [ -89.677985555999953, 14.195339329000035 ], [ -89.673510830999987, 14.194017689000077 ], [ -89.670857067999975, 14.190587246000064 ], [ -89.669208328999957, 14.18974385100006 ], [ -89.665585410999938, 14.185479438000073 ] ] ] ] } },
{ "type": "Feature", "properties": { "Codigo": 1322, "datos_finales_color_riesgo": "ffaa00" }, "geometry": { "type": "MultiPolygon", "coordinates": [ [ [ [ -91.530622119999975, 15.671896424000067 ], [ -91.532112272999939, 15.657708633000027 ], [ -91.532363102999966, 15.649109385000031 ], [ -91.532867278999959, 15.648388580000073 ], [ -91.532976975999986, 15.646576033000031 ], [ -91.534292415999971, 15.643022666000036 ], [ -91.534602698999947, 15.641200162000075 ], [ -91.536176490999935, 15.638770368000053 ], [ -91.538841548999983, 15.639295405000041 ], [ -91.544664295999951, 15.641834322000022 ], [ -91.547870073999945, 15.643978426000047 ], [ -91.551453020999986, 15.644811047000076 ], [ -91.558883954999942, 15.643853394000075 ], [ -91.563086380999948, 15.643893407000064 ], [ -91.567597252999974, 15.643337693000035 ], [ -91.585705121999979, 15.643264317000046 ], [ -91.59768257799999, 15.641201419000026 ], [ -91.599286893999988, 15.641464751000058 ], [ -91.605120974999977, 15.641090691000045 ], [ -91.613499965999949, 15.641552819000026 ], [ -91.62391742799997, 15.640401648000022 ], [ -91.627953038999976, 15.64045744200007 ], [ -91.64063564099996, 15.63685907200005 ], [ -91.647339078999948, 15.633662840000056 ], [ -91.652165972999967, 15.627966518000051 ], [ -91.660688840999967, 15.620444081000073 ], [ -91.666787836999958, 15.614888713000028 ], [ -91.67156444799997, 15.610457815000075 ], [ -91.676138529999946, 15.603406297000049 ], [ -91.678923115999964, 15.599336092000044 ], [ -91.680030220999981, 15.597476258000029 ], [ -91.691736883999965, 15.589654679000034 ], [ -91.691611112999965, 15.589861112000051 ], [ -91.691583334999962, 15.603194446000032 ], [ -91.702805554999941, 15.619333337000057 ], [ -91.698555555999974, 15.624333333000038 ], [ -91.736972326999989, 15.637104679000061 ], [ -91.736936213999968, 15.637223323000057 ], [ -91.737339667999947, 15.641404962000024 ], [ -91.739982752999936, 15.646019806000027 ], [ -91.743211245999987, 15.649599643000045 ], [ -91.747318640999936, 15.655354917000068 ], [ -91.74871366299999, 15.658266610000055 ], [ -91.75026868599997, 15.661527217000071 ], [ -91.750481664999938, 15.663610751000022 ], [ -91.749358463999954, 15.66757351900003 ], [ -91.745638306999979, 15.670548613000051 ], [ -91.73848628099995, 15.671470139000064 ], [ -91.73669518, 15.672391936000054 ], [ -91.735252061999972, 15.670964515000037 ], [ -91.73299334799998, 15.669516547000057 ], [ -91.730241919999969, 15.668641924000042 ], [ -91.728922879999971, 15.667621922000023 ], [ -91.722492527999975, 15.664643516000069 ], [ -91.717525186999978, 15.663081280000029 ], [ -91.713126185999954, 15.662858884000059 ], [ -91.709289670999965, 15.663780855000027 ], [ -91.705258360999949, 15.664151368000034 ], [ -91.70132786299996, 15.665543780000064 ], [ -91.698298783999974, 15.66720586100007 ], [ -91.689704179999978, 15.676002304000065 ], [ -91.683932597999956, 15.680568336000022 ], [ -91.679726882999944, 15.683250058000056 ], [ -91.678057407999972, 15.68488274200007 ], [ -91.666645951999953, 15.688896643000078 ], [ -91.657725953999943, 15.68959340300006 ], [ -91.643844205999983, 15.693184161000033 ], [ -91.63313044299997, 15.69394559400007 ], [ -91.628395372999989, 15.694034559000045 ], [ -91.625842816999977, 15.693451369000059 ], [ -91.620984695999937, 15.691635691000045 ], [ -91.618337569999937, 15.689777401000072 ], [ -91.615178721999939, 15.688407306000045 ], [ -91.607397933999948, 15.686213537000071 ], [ -91.596513564999952, 15.680767278000076 ], [ -91.590580102999979, 15.679568839000069 ], [ -91.582717212999967, 15.676272164000068 ], [ -91.576781017999963, 15.675081250000062 ], [ -91.573345219999965, 15.673704273000055 ], [ -91.562507898999968, 15.671524057000056 ], [ -91.556025193999972, 15.669573198000023 ], [ -91.552189987999952, 15.669311741000058 ], [ -91.548999349999974, 15.669752696000046 ], [ -91.53952456199994, 15.669625291000045 ], [ -91.535506096999939, 15.670785831000046 ], [ -91.531734416999939, 15.671104012000058 ], [ -91.530622119999975, 15.671896424000067 ] ] ] ] } },
{ "type": "Feature", "properties": { "Codigo": 316, "datos_finales_color_riesgo": "ffaa00" }, "geometry": { "type": "MultiPolygon", "coordinates": [ [ [ [ -90.806731938999974, 14.571794284000077 ], [ -90.805590534999965, 14.570064521000063 ], [ -90.803475951999985, 14.569470889000058 ], [ -90.799133376999976, 14.566569112000025 ], [ -90.799202921999949, 14.56493656300006 ], [ -90.797743218999983, 14.562805077000064 ], [ -90.794473805999985, 14.560280416000069 ], [ -90.783939570999962, 14.554911937000043 ], [ -90.779888458999949, 14.551619582000058 ], [ -90.779629216999979, 14.550873941000077 ], [ -90.779995475999954, 14.549846229000025 ], [ -90.783749039999975, 14.546409862000075 ], [ -90.78699723699998, 14.543874470000048 ], [ -90.788016427999935, 14.542771584000036 ], [ -90.789677951999977, 14.542254171000025 ], [ -90.794238949999965, 14.540850345000024 ], [ -90.79794170699995, 14.543088780000062 ], [ -90.801774413999965, 14.546147247000022 ], [ -90.805941849999954, 14.546145684000066 ], [ -90.809505641999976, 14.546742668000036 ], [ -90.81367628299995, 14.546595295000031 ], [ -90.817720386999952, 14.547584053000037 ], [ -90.820526005999966, 14.546102341000051 ], [ -90.824410504999946, 14.546283048000078 ], [ -90.827307634999954, 14.547532057000069 ], [ -90.829008337999937, 14.549647549000042 ], [ -90.830080918999954, 14.559377837000056 ], [ -90.826228097999945, 14.559548758000062 ], [ -90.824079323999968, 14.560373627000047 ], [ -90.822170326999981, 14.561815146000072 ], [ -90.82179894799998, 14.562553754000078 ], [ -90.82104131799997, 14.56271047000007 ], [ -90.817405520999955, 14.567808898000067 ], [ -90.814445539999952, 14.571095116000038 ], [ -90.813755079999964, 14.571375544000034 ], [ -90.810321270999964, 14.572195018000059 ], [ -90.806731938999974, 14.571794284000077 ] ] ] ] } },
{ "type": "Feature", "properties": { "Codigo": 1108, "datos_finales_color_riesgo": "ffaa00" }, "geometry": { "type": "MultiPolygon", "coordinates": [ [ [ [ -91.653367491999973, 14.607379799000057 ], [ -91.65555573499995, 14.605687375000059 ], [ -91.65636619299994, 14.605119174000038 ], [ -91.656946697999956, 14.604680719000044 ], [ -91.657049578999988, 14.603884717000028 ], [ -91.65706935899999, 14.602441923000072 ], [ -91.657072451999966, 14.601932348000048 ], [ -91.657119826999974, 14.601295346000029 ], [ -91.657384044999958, 14.600872017000029 ], [ -91.658084063999979, 14.60043085500007 ], [ -91.658608185999981, 14.600294888000064 ], [ -91.659306595999965, 14.600214158000028 ], [ -91.660672210999962, 14.599649128000067 ], [ -91.661306350999951, 14.599355597000056 ], [ -91.662116903999959, 14.598765907000029 ], [ -91.662598847999959, 14.59831218000005 ], [ -91.66355350799995, 14.597298458000068 ], [ -91.664901795999981, 14.59604291900007 ], [ -91.665516183999955, 14.595462262000069 ], [ -91.666352715999949, 14.594119044000024 ], [ -91.66760721299994, 14.592151097000055 ], [ -91.668431862999967, 14.590849609000031 ], [ -91.669047178999961, 14.590110755000069 ], [ -91.669639685999982, 14.589498324000033 ], [ -91.671566431999963, 14.588119480000046 ], [ -91.672355069999981, 14.58749685600003 ], [ -91.672782760999951, 14.587085735000073 ], [ -91.67333103499999, 14.586494507000054 ], [ -91.673717, 14.585784843000056 ], [ -91.673873372999935, 14.585149583000032 ], [ -91.674097656999948, 14.584120360000043 ], [ -91.674376829999972, 14.582933260000061 ], [ -91.674567858999978, 14.58203153200003 ], [ -91.674839076999945, 14.581300877000047 ], [ -91.675396940999974, 14.580072417000054 ], [ -91.676245126999959, 14.578602666000052 ], [ -91.677971742999944, 14.576032808000036 ], [ -91.678302385999984, 14.575450505000049 ], [ -91.67878658799998, 14.574603535000051 ], [ -91.679571650999947, 14.572718726000062 ], [ -91.680123036999987, 14.571692470000073 ], [ -91.680541246999951, 14.571014612000056 ], [ -91.681200651999973, 14.570063541000025 ], [ -91.681662054999947, 14.569535074000044 ], [ -91.682232173999978, 14.568965413000058 ], [ -91.682637270999976, 14.568637754000065 ], [ -91.683631804999948, 14.568198161000055 ], [ -91.686121784999955, 14.567362455000023 ], [ -91.686995641999943, 14.567022734000034 ], [ -91.687564610999971, 14.566644009000072 ], [ -91.688069170999938, 14.566072833000021 ], [ -91.688422687999946, 14.565342616000066 ], [ -91.688480036999977, 14.56486497700007 ], [ -91.688549074999969, 14.564176101000044 ], [ -91.68869419899994, 14.563667315000032 ], [ -91.689243817999966, 14.562830853000037 ], [ -91.690394752999964, 14.561733351000044 ], [ -91.692565453999975, 14.559643808000033 ], [ -91.692959618999964, 14.559295731000077 ], [ -91.693332195999972, 14.558968998000068 ], [ -91.693912153999975, 14.558590317000039 ], [ -91.694413923999946, 14.558486904000063 ], [ -91.695156205999979, 14.558320426000023 ], [ -91.695583232999979, 14.558005293000065 ], [ -91.69597876399996, 14.557423319000065 ], [ -91.696268196999938, 14.556437363000043 ], [ -91.696369088999973, 14.555949792000035 ], [ -91.696636290999948, 14.554995351000059 ], [ -91.697043390999966, 14.554318526000031 ], [ -91.697831827999948, 14.553696927000033 ], [ -91.700513398999988, 14.551705052000045 ], [ -91.701401205999957, 14.550850096000033 ], [ -91.70183960899999, 14.550470607000022 ], [ -91.702560991999974, 14.550102854000045 ], [ -91.703041525999936, 14.549957495000058 ], [ -91.703772687999958, 14.549802222000039 ], [ -91.704536330999986, 14.549647127000071 ], [ -91.705463474999988, 14.549503102000074 ], [ -91.706259925999973, 14.549391122000031 ], [ -91.70685956799997, 14.549309687000061 ], [ -91.707633734999945, 14.549239387000057 ], [ -91.708114079999973, 14.549125654000022 ], [ -91.708562809999989, 14.548862593000024 ], [ -91.709405388999983, 14.548198310000032 ], [ -91.710592192999968, 14.546786766000025 ], [ -91.711403423999968, 14.545724563000022 ], [ -91.713362229999973, 14.544408776000068 ], [ -91.714510807999943, 14.543681749000029 ], [ -91.717822696999974, 14.549208404000069 ], [ -91.718296491999979, 14.550229081000055 ], [ -91.720967831999985, 14.555314908000071 ], [ -91.72203966099994, 14.558354676000022 ], [ -91.722932234999973, 14.561401375000059 ], [ -91.722769802999949, 14.56402423000003 ], [ -91.722093467999969, 14.569759545000068 ], [ -91.721452792999969, 14.571515372000022 ], [ -91.719174284999951, 14.575619298000049 ], [ -91.715050747999953, 14.579755992000059 ], [ -91.714370971999983, 14.581037 ], [ -91.713930195999978, 14.582217626000045 ], [ -91.713682073999962, 14.583388012000057 ], [ -91.713735485999962, 14.584380396000029 ], [ -91.714149412999973, 14.585427873000071 ], [ -91.717347762999964, 14.58931326000004 ], [ -91.719109679999974, 14.592815592000022 ], [ -91.721443162999947, 14.597813704000032 ], [ -91.723888042999988, 14.600413531000072 ], [ -91.724486786999989, 14.601920762000077 ], [ -91.72435253499998, 14.614435309000044 ], [ -91.72479920699999, 14.617366569000069 ], [ -91.724061954999968, 14.618739940000069 ], [ -91.723862294999947, 14.61935466500006 ], [ -91.723565101999952, 14.619777896000073 ], [ -91.723148020999986, 14.620263750000049 ], [ -91.722553682999944, 14.621301171000027 ], [ -91.722375605999957, 14.621894544000043 ], [ -91.722045613999967, 14.622369572000025 ], [ -91.721651303999977, 14.622728991000031 ], [ -91.721190637999939, 14.623224769000046 ], [ -91.72125162399999, 14.624016063000056 ], [ -91.721879783999952, 14.624656798000046 ], [ -91.722051602999954, 14.625145875000044 ], [ -91.722113539999953, 14.625773335000076 ], [ -91.721839827999986, 14.62785205800003 ], [ -91.721857240999952, 14.628552718000037 ], [ -91.722158598999954, 14.629318213000033 ], [ -91.722569805999967, 14.629851543000029 ], [ -91.723001128999954, 14.630618879000053 ], [ -91.723039366999956, 14.631532081000046 ], [ -91.722904397999969, 14.632295183000053 ], [ -91.72289985599997, 14.63308046800006 ], [ -91.722895920999974, 14.63376067400003 ], [ -91.722958664999965, 14.634249153000042 ], [ -91.723064221999948, 14.634759335000069 ], [ -91.723125983999978, 14.635417301000075 ], [ -91.723122787999955, 14.635969827000054 ], [ -91.72303145799998, 14.636711696000077 ], [ -91.72287529099998, 14.637326659000053 ], [ -91.722673271999952, 14.638344759000063 ], [ -91.722310683999979, 14.640636551000057 ], [ -91.721267505999947, 14.643814999000028 ], [ -91.721133501999986, 14.644408613000053 ], [ -91.720737094999947, 14.645022251000057 ], [ -91.720342864999964, 14.645360195000023 ], [ -91.71988306899999, 14.645696649000058 ], [ -91.719488129999945, 14.646056057000067 ], [ -91.719070618999979, 14.646605172000022 ], [ -91.718739520999975, 14.64726210200007 ], [ -91.718249857999979, 14.649042450000024 ], [ -91.717893498999956, 14.650250654000047 ], [ -91.717361197999935, 14.651776527000038 ], [ -91.717052136999939, 14.652433577000068 ], [ -91.716700301999936, 14.652961577000042 ], [ -91.715427491999947, 14.654292399000042 ], [ -91.714395153999988, 14.655581602000041 ], [ -91.713932106999948, 14.656470564000074 ], [ -91.71353577299999, 14.657063847000074 ], [ -91.713184662999936, 14.657465294000076 ], [ -91.712790647999952, 14.657760285000052 ], [ -91.71252298, 14.658778006000034 ], [ -91.712583849999987, 14.659385120000024 ], [ -91.713666171999989, 14.660970761000044 ], [ -91.714163339999971, 14.661695541000029 ], [ -91.714289076999989, 14.662524480000059 ], [ -91.714042594999967, 14.663690341000063 ], [ -91.713621311999987, 14.66487670500004 ], [ -91.713089183999955, 14.666360755000028 ], [ -91.712691433999964, 14.667291878000071 ], [ -91.71233848199995, 14.667905739000048 ], [ -91.711481725999988, 14.669026405000068 ], [ -91.711172744999942, 14.669661975000054 ], [ -91.711146843999984, 14.670319455000026 ], [ -91.711075799999946, 14.671253515000046 ], [ -91.710919441999977, 14.671889931000067 ], [ -91.710193985999979, 14.67288363800003 ], [ -91.70960058899999, 14.673623839000072 ], [ -91.709226975999968, 14.674194639000063 ], [ -91.708741435999968, 14.675146735000055 ], [ -91.708187814999974, 14.676524436000022 ], [ -91.707680664999941, 14.677497875000029 ], [ -91.707109054999989, 14.678279997000061 ], [ -91.706515758999956, 14.678998720000038 ], [ -91.705592976999981, 14.680182269000056 ], [ -91.705130829999973, 14.680901719000076 ], [ -91.704844037999976, 14.681409717000065 ], [ -91.704578798999989, 14.682002583000042 ], [ -91.704399939999973, 14.682808355000077 ], [ -91.704196942999943, 14.683869357000049 ], [ -91.70358493599997, 14.687856856000053 ], [ -91.703404108999962, 14.688896512000042 ], [ -91.70326989299997, 14.689511572000072 ], [ -91.703048917999979, 14.689976998000077 ], [ -91.702303308999944, 14.690631579000069 ], [ -91.700925832999985, 14.691154940000047 ], [ -91.70024914399994, 14.691342107000025 ], [ -91.699657545999969, 14.691763648000062 ], [ -91.699325818999966, 14.692504150000048 ], [ -91.699082723999936, 14.693076791000067 ], [ -91.698751367999989, 14.693754020000029 ], [ -91.698180308999952, 14.69442990400006 ], [ -91.697565334999979, 14.695169944000043 ], [ -91.696709325999961, 14.696035180000024 ], [ -91.695942582999976, 14.696625214000051 ], [ -91.695395250999979, 14.69691930700003 ], [ -91.69441140899994, 14.697317155000064 ], [ -91.693536549999976, 14.697737081000071 ], [ -91.692879789999949, 14.698179701000072 ], [ -91.692440808999947, 14.698600949000024 ], [ -91.691672706999952, 14.699318639000069 ], [ -91.691255643999966, 14.699762608000071 ], [ -91.690486268999962, 14.700692711000045 ], [ -91.689978980999967, 14.701666101000058 ], [ -91.689669637999941, 14.702343438000071 ], [ -91.68892584799994, 14.702679341000078 ], [ -91.688115910999954, 14.703205823000076 ], [ -91.68763198399995, 14.703860700000064 ], [ -91.686841103999939, 14.704790667000054 ], [ -91.686467549999975, 14.705234872000062 ], [ -91.685897693999948, 14.705698300000051 ], [ -91.68541616899995, 14.705949801000031 ], [ -91.684935345999975, 14.706180968000069 ], [ -91.684431505999953, 14.706475280000063 ], [ -91.683817598999951, 14.707024327000056 ], [ -91.683313446999989, 14.70746665300004 ], [ -91.682829874999982, 14.708058243000039 ], [ -91.682521898999937, 14.708502813000052 ], [ -91.682148329999961, 14.708947007000063 ], [ -91.681383039999957, 14.709281631000067 ], [ -91.680815579999944, 14.709342807000041 ], [ -91.680157676999954, 14.709868993000043 ], [ -91.679434497999978, 14.710438873000044 ], [ -91.678778699999953, 14.710710837000022 ], [ -91.678147053999965, 14.710537746000057 ], [ -91.676951152999948, 14.709893648000048 ], [ -91.67621193299999, 14.709464579000041 ], [ -91.675275381999938, 14.709225337000078 ], [ -91.674075131999984, 14.709304347000057 ], [ -91.673200961999953, 14.709596513000065 ], [ -91.672457966999957, 14.709889428000054 ], [ -91.670880531999956, 14.711005783000076 ], [ -91.670375254999954, 14.711532814000066 ], [ -91.669628256999943, 14.712484436000068 ], [ -91.669404613999973, 14.713374654000063 ], [ -91.669533384999966, 14.714251078000075 ], [ -91.667546259999938, 14.714289376000067 ], [ -91.666335703999948, 14.713958125000033 ], [ -91.66549129699996, 14.713456103000055 ], [ -91.665271195999935, 14.712710221000066 ], [ -91.666164656999968, 14.709819400000072 ], [ -91.66679265, 14.706958680000071 ], [ -91.666818783999986, 14.702652726000053 ], [ -91.66648599399997, 14.700009074000036 ], [ -91.66634017299998, 14.698883970000054 ], [ -91.666400443999976, 14.697560058000022 ], [ -91.666838752999979, 14.695725335000077 ], [ -91.667412990999935, 14.69444505000007 ], [ -91.667900552999981, 14.693195904000049 ], [ -91.667665495999984, 14.686489631000029 ], [ -91.668727685999954, 14.684364704000075 ], [ -91.670935443999952, 14.681480243000067 ], [ -91.671765348999941, 14.680234172000041 ], [ -91.67194994, 14.679555017000041 ], [ -91.671979479999948, 14.678218493000031 ], [ -91.672098822999942, 14.67652203800003 ], [ -91.672056792999967, 14.672617927000033 ], [ -91.672461299999952, 14.668670038000073 ], [ -91.673578236999958, 14.665331853000055 ], [ -91.677210805999948, 14.659287133000078 ], [ -91.681079309999973, 14.647912689000066 ], [ -91.681739713999946, 14.64227358100004 ], [ -91.681462452999938, 14.64157597600007 ], [ -91.680058149999979, 14.640616621000049 ], [ -91.679207725999959, 14.640576768000074 ], [ -91.675605872999938, 14.640411674000063 ], [ -91.674293042999977, 14.640844872000059 ], [ -91.672973487999968, 14.641816995000056 ], [ -91.672074270999985, 14.644388089000074 ], [ -91.670661994999989, 14.646874892000028 ], [ -91.669580274999987, 14.649678823000045 ], [ -91.667481253999938, 14.65238991700005 ], [ -91.665091957999948, 14.653771665000022 ], [ -91.660286867999957, 14.654866044000073 ], [ -91.657154960999947, 14.654875101000073 ], [ -91.656372795999971, 14.654577935000077 ], [ -91.655651337999984, 14.65384158300003 ], [ -91.655590031999964, 14.653141810000022 ], [ -91.655652705999955, 14.652570436000076 ], [ -91.656527737999966, 14.652006014000051 ], [ -91.657032314999981, 14.651478998000073 ], [ -91.657386807999956, 14.650631349000037 ], [ -91.657522148999988, 14.649846837000041 ], [ -91.657455014999982, 14.646576473000039 ], [ -91.657414527999947, 14.646077948000027 ], [ -91.65732028299999, 14.64545030000005 ], [ -91.657291795999981, 14.644696483000075 ], [ -91.657405660999984, 14.643911849000062 ], [ -91.657611494999969, 14.643366155000024 ], [ -91.657837241999971, 14.642884982000055 ], [ -91.658223824999936, 14.642100790000029 ], [ -91.658478747999936, 14.641401711000071 ], [ -91.65855811099999, 14.640850770000043 ], [ -91.658970410999984, 14.63764757000007 ], [ -91.659050484999966, 14.636979121000024 ], [ -91.659087167999985, 14.636384995000071 ], [ -91.659090393999975, 14.635853953000037 ], [ -91.65900742599996, 14.635088520000068 ], [ -91.658869591999974, 14.634471923000035 ], [ -91.658581355999956, 14.633588927000062 ], [ -91.658173079999983, 14.632504114000028 ], [ -91.657862019999982, 14.63165375400007 ], [ -91.657778795999945, 14.630931257000043 ], [ -91.657896849999986, 14.62773652900006 ], [ -91.657460094999976, 14.62599281100006 ], [ -91.657088526999985, 14.625362435000056 ], [ -91.656206416999964, 14.623865859000034 ], [ -91.654740846999971, 14.621380625000029 ], [ -91.65441653299996, 14.620900798000037 ], [ -91.653942730999972, 14.620006556000021 ], [ -91.65378203099999, 14.61952767300005 ], [ -91.653664774999982, 14.619060340000033 ], [ -91.653216167999972, 14.615745963000052 ], [ -91.653101119999974, 14.614917070000047 ], [ -91.653053758999988, 14.613834335000035 ], [ -91.653124851999962, 14.611021253000047 ], [ -91.653187211999978, 14.609736897000062 ], [ -91.653279080999937, 14.60903687800004 ], [ -91.653382876999956, 14.608092867000039 ], [ -91.653367491999973, 14.607379799000057 ] ] ] ] } },
{ "type": "Feature", "properties": { "Codigo": 1310, "datos_finales_color_riesgo": "ffaa00" }, "geometry": { "type": "MultiPolygon", "coordinates": [ [ [ [ -91.622537634999958, 15.411132380000026 ], [ -91.62253973299994, 15.408691954000062 ], [ -91.624738746999981, 15.406369083000072 ], [ -91.626134174999947, 15.403327165000064 ], [ -91.626745427999936, 15.401402318000066 ], [ -91.627209620999963, 15.396950253000057 ], [ -91.625596106999978, 15.39135665200007 ], [ -91.621717987999943, 15.386863045000041 ], [ -91.619984982999938, 15.386181184000066 ], [ -91.595240434999937, 15.385841071000073 ], [ -91.587885061999941, 15.384065900000053 ], [ -91.57779286799996, 15.383808436000038 ], [ -91.575806735999947, 15.383219530000076 ], [ -91.562525032999986, 15.375670638000031 ], [ -91.559575004999942, 15.373621313000058 ], [ -91.552268395999988, 15.366841429000033 ], [ -91.54199538499995, 15.35731009400007 ], [ -91.537930772999971, 15.354454449000059 ], [ -91.535243990999959, 15.353386101000069 ], [ -91.53484604199997, 15.353767619000052 ], [ -91.533931898999981, 15.353289355000072 ], [ -91.534058046999974, 15.351731063000045 ], [ -91.535065172999964, 15.349394478000022 ], [ -91.535677654999972, 15.346379677000073 ], [ -91.536896353999964, 15.342494385000066 ], [ -91.538666453999952, 15.339502974000027 ], [ -91.539513329999977, 15.337089613000046 ], [ -91.539423025999952, 15.33584398000005 ], [ -91.539945859999989, 15.335242956000059 ], [ -91.539926832999981, 15.333875770000077 ], [ -91.541748332999987, 15.328658947000065 ], [ -91.542739920999963, 15.328281288000028 ], [ -91.545532111999989, 15.328294975000063 ], [ -91.554634885999974, 15.32490251400003 ], [ -91.55514848699994, 15.324279923000063 ], [ -91.556720233999954, 15.323667560000047 ], [ -91.557316562999972, 15.323287279000056 ], [ -91.561763075999977, 15.321498084000041 ], [ -91.572034569999971, 15.319242207000059 ], [ -91.591575122999984, 15.320754806000025 ], [ -91.607295294999972, 15.320065871000054 ], [ -91.609083099999964, 15.319678178000061 ], [ -91.61114708299999, 15.318278727000063 ], [ -91.61412846199994, 15.313861506000023 ], [ -91.616487763999942, 15.308163668000077 ], [ -91.620754772999987, 15.289756695000051 ], [ -91.62258679699994, 15.278544126000043 ], [ -91.624201225999968, 15.272644968000066 ], [ -91.624847614999965, 15.270972249000067 ], [ -91.626703913999961, 15.265173968000056 ], [ -91.628439296999943, 15.261669643000062 ], [ -91.629078754999966, 15.259977655000057 ], [ -91.629672811999967, 15.255324054000027 ], [ -91.630278682999972, 15.254140285000062 ], [ -91.631473874999983, 15.250011206000067 ], [ -91.632341667999981, 15.248632432000022 ], [ -91.634544092999988, 15.25215064300005 ], [ -91.640563990999965, 15.260360561000027 ], [ -91.647296265999955, 15.268357713000057 ], [ -91.653367095999954, 15.275845676000074 ], [ -91.655162386999962, 15.279055087000074 ], [ -91.658154484999955, 15.282875001000036 ], [ -91.66043775199995, 15.287254444000041 ], [ -91.661616074999984, 15.28839135000004 ], [ -91.662083569999936, 15.289835842000059 ], [ -91.663355034999938, 15.291064816000073 ], [ -91.664055236999957, 15.292711813000039 ], [ -91.671334874999957, 15.298936622000042 ], [ -91.68277121899996, 15.306121279000024 ], [ -91.689305440999988, 15.314439340000035 ], [ -91.69976399699999, 15.326078205000044 ], [ -91.701580809999939, 15.328808372000026 ], [ -91.701851127999987, 15.329339852000032 ], [ -91.700438297999938, 15.330942826000069 ], [ -91.699606061999987, 15.333355899000026 ], [ -91.699365788999955, 15.338694254000075 ], [ -91.698583448999955, 15.341126817000031 ], [ -91.696709557999952, 15.343085236000036 ], [ -91.692975906999948, 15.349205338000047 ], [ -91.692373094999937, 15.351677334000044 ], [ -91.692155543999945, 15.355665607000049 ], [ -91.691424518999952, 15.357125620000033 ], [ -91.688157903999979, 15.359528843000078 ], [ -91.682932108999978, 15.362111389000063 ], [ -91.678571644999977, 15.36511246300006 ], [ -91.667667721999976, 15.37630989400003 ], [ -91.662008723999975, 15.38380640400004 ], [ -91.661500396999941, 15.38526537000007 ], [ -91.660631456999965, 15.385932404000073 ], [ -91.656675450999956, 15.391837989000067 ], [ -91.652694578999956, 15.400756629000057 ], [ -91.650835083999937, 15.407374137000033 ], [ -91.649852245999966, 15.408796291000044 ], [ -91.64776528799996, 15.408774562000076 ], [ -91.645675680999943, 15.409973029000071 ], [ -91.64499350899996, 15.41082076500004 ], [ -91.642605776999972, 15.412725785000077 ], [ -91.637397899999939, 15.414684685000054 ], [ -91.634409035999965, 15.414901341000075 ], [ -91.627529072999948, 15.413316719000022 ], [ -91.622537634999958, 15.411132380000026 ] ] ] ] } },
{ "type": "Feature", "properties": { "Codigo": 1421, "datos_finales_color_riesgo": "ffaa00" }, "geometry": { "type": "MultiPolygon", "coordinates": [ [ [ [ -90.622054495999976, 14.885602413000072 ], [ -90.622803370999975, 14.886142089000032 ], [ -90.62334281599999, 14.886454856000057 ], [ -90.623836866999966, 14.886724239000046 ], [ -90.624501774999942, 14.886873426000022 ], [ -90.625508845999946, 14.886741567000058 ], [ -90.626008179999985, 14.886581861000025 ], [ -90.627322693999986, 14.886210375000076 ], [ -90.628081889999976, 14.886020602000031 ], [ -90.629225173999941, 14.885856257000057 ], [ -90.630330105999974, 14.886066443000061 ], [ -90.631009973999937, 14.886919333000037 ], [ -90.631453116999978, 14.887704274000043 ], [ -90.631963818999964, 14.888576869000076 ], [ -90.632351726999957, 14.889262988000041 ], [ -90.63304612, 14.889797556000076 ], [ -90.634028269999988, 14.889928534000035 ], [ -90.634876626999983, 14.889816457000052 ], [ -90.635467393999988, 14.889525541000069 ], [ -90.636069647999989, 14.889246036000031 ], [ -90.636840967999944, 14.888956978000067 ], [ -90.637835576999976, 14.88895707000006 ], [ -90.63848805899994, 14.889182884000036 ], [ -90.639050291999979, 14.889485690000072 ], [ -90.639654616999962, 14.889975267000068 ], [ -90.640024094999944, 14.890330294000023 ], [ -90.640764155999989, 14.890832558000056 ], [ -90.641782253999963, 14.890756082000053 ], [ -90.642656607999982, 14.890335933000074 ], [ -90.64340550899999, 14.890079373000049 ], [ -90.644648151999945, 14.890070692000052 ], [ -90.645222738999962, 14.890252773000043 ], [ -90.645999936999942, 14.890491143000077 ], [ -90.646496189999937, 14.890561742000045 ], [ -90.64713138799999, 14.890349176000029 ], [ -90.647704627999985, 14.889585984000064 ], [ -90.647890317999952, 14.88911470000005 ], [ -90.648042443999941, 14.888632907000044 ], [ -90.648217214999988, 14.888151347000075 ], [ -90.64847307399998, 14.887527193000039 ], [ -90.648899895999989, 14.886718452000025 ], [ -90.649588364999943, 14.885714759000052 ], [ -90.649953748999962, 14.885377448000042 ], [ -90.650804686999948, 14.885078990000068 ], [ -90.651302475999955, 14.885007297000072 ], [ -90.652216952999936, 14.885060711000051 ], [ -90.652927710999961, 14.885160595000059 ], [ -90.653525292999973, 14.885310139000069 ], [ -90.654662865999967, 14.885673006000047 ], [ -90.655978972999947, 14.886225163000063 ], [ -90.656551556999943, 14.886539326000047 ], [ -90.657179618999976, 14.886985061000075 ], [ -90.657649192999941, 14.887429174000033 ], [ -90.658062208999979, 14.887895295000021 ], [ -90.65837387199997, 14.888337793000062 ], [ -90.658862401999954, 14.889177367000059 ], [ -90.659400372999983, 14.889579260000062 ], [ -90.660191352999959, 14.889564752000069 ], [ -90.660848232999967, 14.889440455000056 ], [ -90.661368915999958, 14.889346387000046 ], [ -90.661923009999953, 14.889330584000049 ], [ -90.662815239999986, 14.889349848000052 ], [ -90.663692869999977, 14.889699859000075 ], [ -90.664219359999947, 14.89014454200003 ], [ -90.665057657999967, 14.890966214000059 ], [ -90.666153209999948, 14.892108980000046 ], [ -90.667236097999989, 14.893296785000075 ], [ -90.668580285999951, 14.89443078000005 ], [ -90.669365483999968, 14.894956012000023 ], [ -90.670039129999964, 14.89537959300003 ], [ -90.671330927999975, 14.896096314000033 ], [ -90.671938291999936, 14.896366755000031 ], [ -90.672761726999966, 14.896523067000032 ], [ -90.673890617999973, 14.896622623000042 ], [ -90.674710347999962, 14.897070264000035 ], [ -90.675360653999974, 14.897560227000042 ], [ -90.676462306999952, 14.898088648000055 ], [ -90.677004115999978, 14.89819239600007 ], [ -90.677759464999951, 14.898309606000055 ], [ -90.678560560999983, 14.898438566000038 ], [ -90.679246672999966, 14.898731245000022 ], [ -90.680084808999936, 14.899630799000022 ], [ -90.680294807999985, 14.900083537000057 ], [ -90.680140499999936, 14.900774268000077 ], [ -90.680028767999943, 14.901718408000022 ], [ -90.680622321999977, 14.902196489000062 ], [ -90.681356567999956, 14.902333801000054 ], [ -90.682433380999953, 14.902962460000026 ], [ -90.683015562999969, 14.903473175000045 ], [ -90.683814568999935, 14.903799738000032 ], [ -90.68440074199998, 14.903937801000041 ], [ -90.684998527999937, 14.904075982000052 ], [ -90.685585296999989, 14.904158710000047 ], [ -90.686216179999974, 14.904297220000046 ], [ -90.686733832999948, 14.904544135000037 ], [ -90.687326471999938, 14.905110283000056 ], [ -90.687781944999983, 14.905851227000028 ], [ -90.688135569999986, 14.906613728000025 ], [ -90.688489090999951, 14.907386391000045 ], [ -90.68881034399999, 14.907972385000051 ], [ -90.68948031299999, 14.908748242000058 ], [ -90.690019573999962, 14.909039415000052 ], [ -90.690537012999982, 14.909253567000064 ], [ -90.691259317999936, 14.909370401000047 ], [ -90.691936692999946, 14.909398693000071 ], [ -90.692508898999961, 14.909432695000078 ], [ -90.692162377999978, 14.91399182400005 ], [ -90.691128624999976, 14.918189392000045 ], [ -90.69024527, 14.919556035000028 ], [ -90.688052502999938, 14.922212719000072 ], [ -90.687073054999985, 14.923438333000036 ], [ -90.685858930999984, 14.924993595000046 ], [ -90.684463871999981, 14.926577510000072 ], [ -90.682017139999971, 14.929020355000034 ], [ -90.681252459999939, 14.930682914000045 ], [ -90.680728509999938, 14.934156003000055 ], [ -90.679643771999963, 14.935712530000046 ], [ -90.678442645999951, 14.937613449000025 ], [ -90.674764621999941, 14.942792505000057 ], [ -90.67346796399994, 14.948860827000033 ], [ -90.672672630999955, 14.949958352000067 ], [ -90.671987223999963, 14.952278943000067 ], [ -90.671589930999971, 14.952657738000028 ], [ -90.670974529999967, 14.954947415000049 ], [ -90.669369697999969, 14.957800692000035 ], [ -90.667170036999948, 14.961030716000039 ], [ -90.66355185499998, 14.964265384000043 ], [ -90.662819582999987, 14.966178885000033 ], [ -90.661887928999988, 14.967194775000053 ], [ -90.661095644999989, 14.967838277000055 ], [ -90.660269957999958, 14.968508539000027 ], [ -90.660387626999977, 14.967567880000047 ], [ -90.660327036999945, 14.966835450000076 ], [ -90.660184723999976, 14.966300944000068 ], [ -90.65992883199999, 14.965688477000072 ], [ -90.65886483099996, 14.963914669000076 ], [ -90.658527453999966, 14.963478671000075 ], [ -90.658190342999944, 14.962964751000072 ], [ -90.657775687999958, 14.962317904000031 ], [ -90.655994744999987, 14.959283166000034 ], [ -90.654541531999939, 14.957627315000025 ], [ -90.653919873999939, 14.957110466000074 ], [ -90.653115247999949, 14.956648203000043 ], [ -90.651401299999975, 14.955898767000065 ], [ -90.649912480999944, 14.955384278000054 ], [ -90.648287196999945, 14.954868374000057 ], [ -90.647972024999945, 14.954476637000027 ], [ -90.647637096999972, 14.953819305000025 ], [ -90.647430518999954, 14.952896775000056 ], [ -90.647147908999955, 14.95159626700007 ], [ -90.646460777999948, 14.950802042000078 ], [ -90.64591674899998, 14.950519748000033 ], [ -90.64534877799997, 14.950302708000038 ], [ -90.644672210999943, 14.949552633000053 ], [ -90.644477012999971, 14.948652806000041 ], [ -90.643829723999943, 14.94841348500006 ], [ -90.642748034999954, 14.948225018000073 ], [ -90.642630960999952, 14.947458126000072 ], [ -90.642549728999938, 14.945483230000036 ], [ -90.642521522999971, 14.944928441000059 ], [ -90.642541608999977, 14.944152803000065 ], [ -90.642713285999946, 14.943056871000067 ], [ -90.642711841999983, 14.942125163000071 ], [ -90.642570655999975, 14.941492413000049 ], [ -90.641718182999966, 14.940207478000048 ], [ -90.639005004999945, 14.936952980000058 ], [ -90.63877036599996, 14.936529319000044 ], [ -90.638503798999977, 14.935838807000039 ], [ -90.638170008999964, 14.935082098000066 ], [ -90.63735414699994, 14.93459596100007 ], [ -90.637476295999988, 14.933888010000032 ], [ -90.638597670999957, 14.932457457000055 ], [ -90.638797785999941, 14.931894862000036 ], [ -90.638394284999947, 14.931246981000072 ], [ -90.638025881999965, 14.930522666000059 ], [ -90.63789475599998, 14.930033445000049 ], [ -90.637583867999979, 14.929254388000061 ], [ -90.637100241999974, 14.928605674000039 ], [ -90.636831599999937, 14.928159074000064 ], [ -90.636506647999965, 14.927657685000042 ], [ -90.636159817999953, 14.927032973000053 ], [ -90.635798704999956, 14.926652046000072 ], [ -90.634783478999964, 14.925654518000044 ], [ -90.634456630999978, 14.925273946000061 ], [ -90.634165465999956, 14.924816945000032 ], [ -90.634037167999963, 14.92401718900004 ], [ -90.633976175999976, 14.923328802000071 ], [ -90.63353116799999, 14.922337173000074 ], [ -90.632914619999951, 14.922374834000038 ], [ -90.632113286999981, 14.922688395000023 ], [ -90.631528558999946, 14.922948860000076 ], [ -90.630950250999945, 14.922676350000074 ], [ -90.630429836999951, 14.922261015000061 ], [ -90.629862772999957, 14.922022501000072 ], [ -90.629349482999942, 14.922017181000058 ], [ -90.628312242999982, 14.921972547000053 ], [ -90.62766301399995, 14.921866433000048 ], [ -90.626939450999942, 14.921337183000048 ], [ -90.626076121999972, 14.919997892000026 ], [ -90.625476909999975, 14.919515100000069 ], [ -90.624736653999946, 14.91939674200006 ], [ -90.623286661999941, 14.919553336000035 ], [ -90.622784757999966, 14.919569577000061 ], [ -90.621987697999941, 14.919494662000034 ], [ -90.621464752999941, 14.919311923000066 ], [ -90.620907566999961, 14.918916516000024 ], [ -90.620744649999949, 14.91841792300005 ], [ -90.620374985999945, 14.917815545000053 ], [ -90.619777604999967, 14.91722095800003 ], [ -90.619325493999952, 14.916828901000031 ], [ -90.618498042999988, 14.916403574000071 ], [ -90.617746128999954, 14.916290720000063 ], [ -90.617087486999935, 14.916039927000043 ], [ -90.616373647999978, 14.915633846000048 ], [ -90.615933169999948, 14.915240776000076 ], [ -90.615631614999984, 14.914677495000035 ], [ -90.615619299999935, 14.913740043000075 ], [ -90.615706907999936, 14.913009163000027 ], [ -90.615952810999943, 14.912457235000034 ], [ -90.616167656999949, 14.911561674000041 ], [ -90.615959276999945, 14.910816419000071 ], [ -90.615463239999897, 14.910301934000074 ], [ -90.614740388999962, 14.909661989000028 ], [ -90.614438777999965, 14.909104356000057 ], [ -90.614616528999989, 14.908518968000067 ], [ -90.61497393799999, 14.90812291900005 ], [ -90.615456480999967, 14.907806093000033 ], [ -90.61602142299995, 14.907230383000069 ], [ -90.616121341999985, 14.906488339000077 ], [ -90.61620620399998, 14.903949409000063 ], [ -90.61648256899997, 14.902633252000044 ], [ -90.616964363999955, 14.902383042000054 ], [ -90.617800949999946, 14.902025852000065 ], [ -90.618501856999956, 14.90154528100004 ], [ -90.618906566999954, 14.901017584000044 ], [ -90.618993667999973, 14.900330739000026 ], [ -90.61907290299996, 14.899355840000055 ], [ -90.619181511999955, 14.898825063000061 ], [ -90.619381766999936, 14.89825006500007 ], [ -90.619835385999977, 14.897445063000077 ], [ -90.62016115299997, 14.89686120600004 ], [ -90.620440817999963, 14.896298326000021 ], [ -90.620602085999963, 14.893986041000062 ], [ -90.620653798999967, 14.89350661900005 ], [ -90.621047956999973, 14.891875468000023 ], [ -90.621905005999963, 14.889649453000061 ], [ -90.622292998999967, 14.88857837200004 ], [ -90.622412384999961, 14.888069160000043 ], [ -90.622436159999907, 14.886960421000026 ], [ -90.622054495999976, 14.885602413000072 ] ] ] ] } },
{ "type": "Feature", "properties": { "Codigo": 503, "datos_finales_color_riesgo": "ffaa00" }, "geometry": { "type": "MultiPolygon", "coordinates": [ [ [ [ -90.903380373999937, 14.270577224000021 ], [ -90.902620064999951, 14.269947019000028 ], [ -90.900935237999988, 14.268536050000023 ], [ -90.899014241999964, 14.265429792000077 ], [ -90.899748409999972, 14.263503597000067 ], [ -90.900266837999936, 14.260297973000036 ], [ -90.899985466999965, 14.259103816000049 ], [ -90.899013474999947, 14.258138520000045 ], [ -90.893183822999958, 14.247565317000067 ], [ -90.891038150999975, 14.241744993000054 ], [ -90.88737293, 14.235027914000057 ], [ -90.886221168999953, 14.229751771000053 ], [ -90.886801402999936, 14.228870212000061 ], [ -90.888205641999946, 14.228287358000046 ], [ -90.888654628999973, 14.227571803000046 ], [ -90.889077334999968, 14.226319481000075 ], [ -90.889231307999978, 14.225699589000044 ], [ -90.889373125999953, 14.225079590000064 ], [ -90.889697405999982, 14.224449906000075 ], [ -90.890800234999972, 14.223463381000045 ], [ -90.891349718999948, 14.222834553000041 ], [ -90.89163911299994, 14.222282497000037 ], [ -90.891703144999951, 14.221495763000064 ], [ -90.891419239999948, 14.220769215000075 ], [ -90.890791586999967, 14.219963955000026 ], [ -90.890576884999973, 14.219517017000044 ], [ -90.890329547999954, 14.218906007000044 ], [ -90.889985627999977, 14.217784714000061 ], [ -90.88985685099999, 14.21712504900006 ], [ -90.88977962499996, 14.216400327000031 ], [ -90.889784968999948, 14.215824301000055 ], [ -90.889823269999965, 14.215315213000054 ], [ -90.890013703999955, 14.214757766000048 ], [ -90.890444568999953, 14.213807097000029 ], [ -90.890909643999976, 14.212725702000057 ], [ -90.890971107999974, 14.211591043000055 ], [ -90.890858049999963, 14.211046733000046 ], [ -90.890659706999941, 14.210584126000072 ], [ -90.890191910999988, 14.210086384000022 ], [ -90.889538105999975, 14.209669459000054 ], [ -90.888664719999952, 14.209333051000044 ], [ -90.88812599299996, 14.209180324000044 ], [ -90.887554427999987, 14.209010360000036 ], [ -90.887084196999979, 14.208775778000074 ], [ -90.886653354999964, 14.20804002400007 ], [ -90.886500917999967, 14.207373372000063 ], [ -90.886474283999974, 14.206563250000045 ], [ -90.886502415999985, 14.205964838000057 ], [ -90.886581427999943, 14.204812266000033 ], [ -90.886442819999957, 14.20377863300007 ], [ -90.886165652999978, 14.203078121000033 ], [ -90.885991854999986, 14.202156004000074 ], [ -90.88601992599996, 14.200441595000029 ], [ -90.885717808999971, 14.199747643000023 ], [ -90.88550773299994, 14.19874274700004 ], [ -90.885668408999948, 14.197772753000038 ], [ -90.885859410999956, 14.197215313000072 ], [ -90.886003588999984, 14.196213546000024 ], [ -90.886028624999938, 14.195324811000035 ], [ -90.886288601999979, 14.194570309000028 ], [ -90.886647736999976, 14.194047108000063 ], [ -90.887057535999986, 14.193491598000037 ], [ -90.887435736999976, 14.192909827000051 ], [ -90.887810597999987, 14.192313345000059 ], [ -90.888025109999944, 14.190966551000031 ], [ -90.888114655999971, 14.190424028000052 ], [ -90.888624972999935, 14.18995185600005 ], [ -90.890078619999898, 14.189569326000026 ], [ -90.891245121999987, 14.189250899000058 ], [ -90.892141275999961, 14.188995605000059 ], [ -90.892649309999967, 14.188769647000072 ], [ -90.893276341999979, 14.188445332000072 ], [ -90.893827790999978, 14.187905736000062 ], [ -90.89418175899999, 14.187187063000067 ], [ -90.894187381999984, 14.186578282000028 ], [ -90.894107732999942, 14.186051209000027 ], [ -90.893911043999935, 14.185473407000075 ], [ -90.893729340999982, 14.185027894000029 ], [ -90.893497895999985, 14.184515298000065 ], [ -90.893224250999936, 14.183996685000068 ], [ -90.892883806999976, 14.183440208000036 ], [ -90.892394567999986, 14.182761562000053 ], [ -90.892119587999957, 14.182200011000077 ], [ -90.891959512999961, 14.181293830000072 ], [ -90.892157473999987, 14.179979639000067 ], [ -90.892263049999897, 14.179454196000052 ], [ -90.892250825999952, 14.178960472000028 ], [ -90.892005492999942, 14.178134869000075 ], [ -90.891708127999948, 14.17749066500005 ], [ -90.891824010999983, 14.176476214000047 ], [ -90.892384749999962, 14.175617036000062 ], [ -90.893066880999982, 14.174963373000026 ], [ -90.893533188999982, 14.174550663000048 ], [ -90.894408961999943, 14.174176567000075 ], [ -90.895460720999949, 14.173926005000055 ], [ -90.896280900999955, 14.173742311000069 ], [ -90.896815354999944, 14.173660024000071 ], [ -90.897405249999963, 14.173214506000022 ], [ -90.897431394999956, 14.172450024000057 ], [ -90.897314946999984, 14.171581501000048 ], [ -90.896987493999973, 14.170432126000037 ], [ -90.896868653999945, 14.169823381000072 ], [ -90.896785117999968, 14.169214945000022 ], [ -90.89686334299995, 14.168452049000052 ], [ -90.897046305999936, 14.167880968000077 ], [ -90.897355000999937, 14.167233046000035 ], [ -90.89754420099996, 14.165984282000068 ], [ -90.897533610999972, 14.165185591000068 ], [ -90.897150667999938, 14.164279716000067 ], [ -90.896568910999974, 14.16371887300005 ], [ -90.895757714999945, 14.162931233000052 ], [ -90.895265629999983, 14.162250308000068 ], [ -90.894775893999963, 14.161377380000033 ], [ -90.894514518999983, 14.160785458000078 ], [ -90.89444877599999, 14.160194122000064 ], [ -90.89448999199999, 14.159552894000058 ], [ -90.894586001999983, 14.158807098000068 ], [ -90.89478722399997, 14.158201161000022 ], [ -90.895112071999961, 14.157683284000029 ], [ -90.895579562999956, 14.157200544000034 ], [ -90.896136288999969, 14.156580779000024 ], [ -90.896622405999949, 14.155960396000069 ], [ -90.896911465999949, 14.155494161000036 ], [ -90.896991113999945, 14.154575397000031 ], [ -90.896872275999954, 14.153966652000065 ], [ -90.89668448499998, 14.153114446000075 ], [ -90.896601429999976, 14.152454056000067 ], [ -90.896767976999968, 14.151777778000053 ], [ -90.897022104999962, 14.151207318000047 ], [ -90.897364079999988, 14.150776563000022 ], [ -90.897991271999956, 14.150296343000036 ], [ -90.898637908999945, 14.149589250000076 ], [ -90.899143373999948, 14.148813147000055 ], [ -90.899449146999984, 14.148415957000054 ], [ -90.90002291899998, 14.147953336000057 ], [ -90.900756115999968, 14.147524867000072 ], [ -90.901257744999953, 14.147165532000031 ], [ -90.901849843999969, 14.146596887000044 ], [ -90.90200032599995, 14.145713752000063 ], [ -90.901775362999956, 14.145000163000077 ], [ -90.901454114999979, 14.143931047000024 ], [ -90.901485002999948, 14.143150788000071 ], [ -90.901654201999975, 14.142624759000057 ], [ -90.902274122999984, 14.141734431000032 ], [ -90.90277744399998, 14.140683810000041 ], [ -90.902923496999961, 14.140156449000074 ], [ -90.903121672999987, 14.139056853000056 ], [ -90.903318799999965, 14.138071331000049 ], [ -90.903489248999961, 14.137407506000045 ], [ -90.903827576999959, 14.136423217000072 ], [ -90.904069836999952, 14.135691112000075 ], [ -90.904309195999986, 14.135212003000049 ], [ -90.904642479999893, 14.134777768000049 ], [ -90.90495223299996, 14.134321862000036 ], [ -90.905077639999945, 14.133519834000026 ], [ -90.90510960499995, 14.132556591000025 ], [ -90.905493747999969, 14.131686783000077 ], [ -90.905875510999977, 14.131140010000024 ], [ -90.906233181999937, 14.130569304000062 ], [ -90.90633318099998, 14.129950044000054 ], [ -90.906225540999969, 14.129063525000049 ], [ -90.905428123999968, 14.126018041000066 ], [ -90.904885327999978, 14.123671715000057 ], [ -90.904729011999962, 14.122729424000056 ], [ -90.904852940999945, 14.122087780000072 ], [ -90.905210379999971, 14.121540794000055 ], [ -90.905615074999957, 14.121015680000028 ], [ -90.905971417999979, 14.120651674000044 ], [ -90.906352163999941, 14.120150069000033 ], [ -90.90654526899999, 14.119600520000063 ], [ -90.906387263999989, 14.118842332000042 ], [ -90.906089491999978, 14.117990306000024 ], [ -90.905861263999952, 14.117254099000036 ], [ -90.90586756, 14.11656511700005 ], [ -90.905921138999986, 14.115831363000041 ], [ -90.906044261999966, 14.11521343000004 ], [ -90.906268696999973, 14.114337707000061 ], [ -90.906505662999962, 14.113610067000025 ], [ -90.906708287999948, 14.112524054000062 ], [ -90.907064717999958, 14.111641571000064 ], [ -90.907214916999976, 14.110655633000022 ], [ -90.907223710999972, 14.109692185000029 ], [ -90.907208367999942, 14.108773710000037 ], [ -90.907099493999965, 14.107831832000045 ], [ -90.906945633999953, 14.106682851000073 ], [ -90.90681449799996, 14.10558037900006 ], [ -90.906824557999983, 14.104478004000043 ], [ -90.906932995999966, 14.10381927800006 ], [ -90.907023702999936, 14.103264318000072 ], [ -90.907172007999975, 14.102485074000072 ], [ -90.907510247999937, 14.101500766000072 ], [ -90.90822733899995, 14.099709847000042 ], [ -90.907746629999963, 14.097471379000069 ], [ -90.905705070999943, 14.09405362900003 ], [ -90.905068859999972, 14.090343107000024 ], [ -90.903812357999982, 14.088155502000063 ], [ -90.903134013999988, 14.087288870000066 ], [ -90.90407248799994, 14.081144258000052 ], [ -90.903674547999969, 14.078210693000074 ], [ -90.903124427999956, 14.077625312000066 ], [ -90.902414406999981, 14.069262575000039 ], [ -90.903156017999947, 14.06775426400003 ], [ -90.904336562999958, 14.06709242200003 ], [ -90.914209667999955, 14.067960739000057 ], [ -90.916137435999985, 14.066627542000049 ], [ -90.91462506299996, 14.063177173000042 ], [ -90.914465068999959, 14.061551456000075 ], [ -90.914486769999939, 14.060753029000068 ], [ -90.915741242999957, 14.059076268000069 ], [ -90.918056458999956, 14.056154807000041 ], [ -90.918241218999981, 14.052357615000062 ], [ -90.917350013999965, 14.043747038000049 ], [ -90.91885072299999, 14.04034974800004 ], [ -90.920531618999973, 14.036468272000036 ], [ -90.921639850999952, 14.035397912000064 ], [ -90.923557001999939, 14.030516488000046 ], [ -90.925035478999973, 14.028346807000048 ], [ -90.927100349999989, 14.024906828000042 ], [ -90.927987196999936, 14.023678648000043 ], [ -90.930213644999981, 14.020594707000043 ], [ -90.932578957999965, 14.017693786000052 ], [ -90.93516111799994, 14.013888746000077 ], [ -90.937538565999944, 14.011038693000046 ], [ -90.940976366999962, 14.006875989000036 ], [ -90.940653947999976, 14.002358236000077 ], [ -90.942081900999938, 14.002054076000036 ], [ -90.941539784999975, 13.999730401000022 ], [ -90.940405484999985, 13.996551109000052 ], [ -90.940199138999958, 13.992962872000021 ], [ -90.942684632999942, 13.992952337000077 ], [ -90.944562925999946, 13.992017136000072 ], [ -90.947316271999966, 13.992065303000061 ], [ -90.951575532999982, 13.989333767000062 ], [ -90.95264151799995, 13.988092288000075 ], [ -90.953700136999942, 13.98781316700007 ], [ -90.978533639999966, 13.988677646000042 ], [ -90.979507298999977, 13.98779335100005 ], [ -90.980676022999944, 13.983643794000045 ], [ -90.981315846999962, 13.978257403000043 ], [ -90.982972386999961, 13.970878879000054 ], [ -90.98355388799996, 13.969986780000056 ], [ -90.984449145999974, 13.964777968000021 ], [ -90.987770337999962, 13.965152142000022 ], [ -90.994145869999954, 13.965804185000025 ], [ -91.003745390999939, 13.966746025000077 ], [ -91.003833349999979, 13.967222206000031 ], [ -91.003138938999939, 13.97224998300004 ], [ -91.008219130999976, 13.97297665800005 ], [ -91.011298221999937, 13.973338904000059 ], [ -91.013143021999952, 13.973439530000064 ], [ -91.012860708999938, 13.974508516000071 ], [ -91.011186262999956, 13.977678151000077 ], [ -91.010707000999957, 13.979941426000039 ], [ -91.008902466999984, 13.983028636000029 ], [ -91.008856739999942, 13.984108201000026 ], [ -91.004953542999942, 13.992844426000033 ], [ -91.004849061999948, 13.994160729000043 ], [ -91.002814877999981, 13.998831991000031 ], [ -91.001710935999938, 14.002009605000069 ], [ -91.000724358999946, 14.002382159000035 ], [ -91.000116247999983, 14.004673695000065 ], [ -90.999203419999958, 14.006147115000033 ], [ -90.998640536999972, 14.008489851000036 ], [ -90.997358887999951, 14.010666235000031 ], [ -90.996828545999961, 14.013054419000071 ], [ -90.995056797999951, 14.016306660000055 ], [ -90.991778598999986, 14.025078195000049 ], [ -90.990366779999988, 14.027567477000048 ], [ -90.989352492999956, 14.031170474000078 ], [ -90.987622373999955, 14.034460252000031 ], [ -90.987584620999939, 14.035537603000023 ], [ -90.986190165999972, 14.038012303000073 ], [ -90.986193349999951, 14.039104677000068 ], [ -90.98499531899995, 14.041209356000024 ], [ -90.983135249999975, 14.046438691000048 ], [ -90.981139311999982, 14.050326004000055 ], [ -90.97919800599999, 14.05621995100006 ], [ -90.976163267999937, 14.062615293000022 ], [ -90.97491336, 14.067299501000036 ], [ -90.973714517999952, 14.069596114000035 ], [ -90.972884558999965, 14.07027934100006 ], [ -90.972877807999964, 14.071045162000075 ], [ -90.976934361999952, 14.076643701000023 ], [ -90.980138347999969, 14.07998598100005 ], [ -90.980882787999974, 14.081596274000049 ], [ -90.983636089999948, 14.085009303000049 ], [ -90.985847212999943, 14.087570563000043 ], [ -90.98650179699996, 14.089008392000039 ], [ -90.988974181999936, 14.091082687000039 ], [ -90.989900491999947, 14.090106513000023 ], [ -90.994431628999962, 14.077755637000053 ], [ -90.996104422999963, 14.074573817000044 ], [ -90.997202854999955, 14.07441801300007 ], [ -91.004707082999971, 14.076349733000029 ], [ -91.008557655999937, 14.076911352000025 ], [ -91.01323879399996, 14.078253553000025 ], [ -91.01417515899999, 14.079042976000039 ], [ -91.014757327999973, 14.102395149000074 ], [ -91.018309219999935, 14.103086372000064 ], [ -91.024787203999949, 14.103361002000042 ], [ -91.024581163999983, 14.103968190000046 ], [ -91.024567074999936, 14.104461728000047 ], [ -91.024409661999982, 14.105201484000077 ], [ -91.023599143999945, 14.105574391000061 ], [ -91.022791487999939, 14.105615207000028 ], [ -91.022313561999965, 14.105738931000076 ], [ -91.021797804999949, 14.106357126000034 ], [ -91.021470579999971, 14.107057076000046 ], [ -91.021284238999954, 14.107794330000047 ], [ -91.020677529999944, 14.108154217000049 ], [ -91.019932775999962, 14.10821474200003 ], [ -91.019303645999969, 14.108423069000025 ], [ -91.018749343999957, 14.108946048000064 ], [ -91.018325257999948, 14.10960226900005 ], [ -91.018029504999959, 14.110074282000028 ], [ -91.017396018999989, 14.11018315900003 ], [ -91.016863945999944, 14.109874901000069 ], [ -91.016305953999961, 14.110288271000059 ], [ -91.016085028999953, 14.111073809000061 ], [ -91.015402021999989, 14.11128732800006 ], [ -91.014989441999944, 14.111749336000059 ], [ -91.014887458999965, 14.112298629000065 ], [ -91.014685292999957, 14.113189375000047 ], [ -91.014261470999941, 14.113812826000071 ], [ -91.01405069499998, 14.114561166000044 ], [ -91.014479446999985, 14.115039152000065 ], [ -91.015161412999987, 14.115481947000035 ], [ -91.015045968999971, 14.116449095000064 ], [ -91.014348919999975, 14.117145976000074 ], [ -91.013661867999986, 14.117890384000077 ], [ -91.013091457999963, 14.118598475000056 ], [ -91.012730283999986, 14.119069939000042 ], [ -91.011768396999969, 14.119805290000045 ], [ -91.011642900999959, 14.120461701000067 ], [ -91.011559266999939, 14.121362457000032 ], [ -91.011358634999965, 14.122073598000043 ], [ -91.011714473999973, 14.12261763500004 ], [ -91.01254210799999, 14.122482141000035 ], [ -91.013279888999989, 14.122630571000059 ], [ -91.013664335999977, 14.123213249000059 ], [ -91.013647669999955, 14.124000468000077 ], [ -91.013045477999981, 14.124433791000058 ], [ -91.012493158999973, 14.124721803000057 ], [ -91.011963722999951, 14.125240449000046 ], [ -91.01131481499999, 14.125987419000069 ], [ -91.011080981999953, 14.126588710000021 ], [ -91.010648941999989, 14.127021175000039 ], [ -91.010024009999938, 14.127272430000062 ], [ -91.009582037999962, 14.127781625000068 ], [ -91.009446353999977, 14.128609653000069 ], [ -91.00882453, 14.130765489000055 ], [ -91.00885905199999, 14.132652261000032 ], [ -91.008012389999976, 14.133307211000044 ], [ -91.006756613999983, 14.132290298000044 ], [ -91.006815013999983, 14.130701391000059 ], [ -91.004838523999979, 14.128840311000033 ], [ -91.002854301999946, 14.130457279000041 ], [ -91.001426212999945, 14.132874110000046 ], [ -90.998563168999965, 14.133783357000027 ], [ -90.998067927999955, 14.134423118000029 ], [ -90.998043706999965, 14.135537857000031 ], [ -90.999456953999982, 14.136811419000026 ], [ -90.999448399999949, 14.138319398000021 ], [ -90.998770419999971, 14.13913837900003 ], [ -90.991260675999968, 14.141506653000022 ], [ -90.990289305999966, 14.142380761000027 ], [ -90.986539710999978, 14.145028814000057 ], [ -90.984710357999973, 14.145987200000036 ], [ -90.983961825999984, 14.146790851000048 ], [ -90.983258529999944, 14.148108854000043 ], [ -90.982679564999955, 14.149110477000022 ], [ -90.979944537999984, 14.151682202000075 ], [ -90.97575649199996, 14.15309056600006 ], [ -90.971918216999939, 14.157345029000055 ], [ -90.970854358999986, 14.158906189000049 ], [ -90.969735275999938, 14.162771272000043 ], [ -90.968053323999982, 14.165745964000052 ], [ -90.968366559999936, 14.169770009000047 ], [ -90.969665228999986, 14.171494621000022 ], [ -90.974120468999956, 14.174394734000032 ], [ -90.975097606999952, 14.174785927000073 ], [ -90.979980552999962, 14.177123625000036 ], [ -90.980615283999953, 14.177419283000063 ], [ -90.981512947999988, 14.177832377000072 ], [ -90.982323947999987, 14.178292181000074 ], [ -90.984469453999964, 14.179649956000048 ], [ -90.987002384999982, 14.181584815000065 ], [ -90.985301065999977, 14.185969229000023 ], [ -90.986265841999966, 14.190717203000077 ], [ -90.987194411999951, 14.192357302000062 ], [ -90.987255700999981, 14.194004794000023 ], [ -90.985103275999961, 14.196686463000049 ], [ -90.984270848999984, 14.198051933000045 ], [ -90.983182995999982, 14.203089870000042 ], [ -90.98353296199997, 14.208222381000041 ], [ -90.982536853999989, 14.210084615000028 ], [ -90.982708125999977, 14.212251522000031 ], [ -90.983663256999989, 14.215080214000068 ], [ -90.983543156999986, 14.217786875000058 ], [ -90.982798885999955, 14.225063185000067 ], [ -90.981592558999978, 14.226853592000055 ], [ -90.980962118999969, 14.23303399200006 ], [ -90.981726067999944, 14.235812507000048 ], [ -90.984598111999958, 14.240766378000046 ], [ -90.985275292999972, 14.242823465000072 ], [ -90.985313423999969, 14.250662139000042 ], [ -90.985726134999936, 14.253616161000025 ], [ -90.988366220999978, 14.262095831000067 ], [ -90.989473867999948, 14.263878662000025 ], [ -90.989874227999962, 14.266272294000032 ], [ -90.990456876999986, 14.266853308000066 ], [ -90.992727319999972, 14.273681740000029 ], [ -90.990171680999936, 14.273870296000041 ], [ -90.985896059999959, 14.272752015000037 ], [ -90.985048993999953, 14.272730167000077 ], [ -90.984446577999961, 14.273069600000042 ], [ -90.984543391999978, 14.273839680000037 ], [ -90.98482398799996, 14.274912920000077 ], [ -90.984896563999939, 14.276128991000064 ], [ -90.984505800999955, 14.276892687000043 ], [ -90.984180986999945, 14.27727400200007 ], [ -90.983265277999976, 14.277609648000066 ], [ -90.982001387999958, 14.277568442000074 ], [ -90.980322910999973, 14.27745367700004 ], [ -90.978636061999964, 14.277109519000021 ], [ -90.963234329999977, 14.273726186000033 ], [ -90.959077494999974, 14.273715454000069 ], [ -90.958424570999966, 14.273294169000053 ], [ -90.957359513999961, 14.268675184000074 ], [ -90.953967816999977, 14.266543919000071 ], [ -90.954517167999938, 14.260534710000059 ], [ -90.95405169299994, 14.25968804200005 ], [ -90.951438146999976, 14.25771706200004 ], [ -90.949235171999987, 14.257543370000064 ], [ -90.946305356999972, 14.258404876000043 ], [ -90.944987388999948, 14.261342857000045 ], [ -90.944595167999978, 14.264301239000076 ], [ -90.943757894999976, 14.26537615500007 ], [ -90.94112635, 14.266093308000052 ], [ -90.939438854999935, 14.267050160000053 ], [ -90.938604368999961, 14.268069729000047 ], [ -90.937691003999987, 14.26903777800004 ], [ -90.937058612999977, 14.269611776000033 ], [ -90.936441183999989, 14.269814272000076 ], [ -90.934520230999965, 14.270266399000036 ], [ -90.93410894799996, 14.270597185000042 ], [ -90.933603322999943, 14.271112404000064 ], [ -90.932916186999989, 14.272099339000022 ], [ -90.932517464999989, 14.272956613000076 ], [ -90.932477886999948, 14.275008704000072 ], [ -90.932334294999976, 14.275640019000036 ], [ -90.931581914999981, 14.275905713000043 ], [ -90.930684717999952, 14.276048149000076 ], [ -90.93001581499999, 14.275860476000048 ], [ -90.929729726999938, 14.275417456000071 ], [ -90.929210567999974, 14.270948876000034 ], [ -90.92858791499998, 14.270074823000073 ], [ -90.928088048999939, 14.267679174000023 ], [ -90.927215392999983, 14.25823740900006 ], [ -90.92656300699997, 14.257389075000049 ], [ -90.925327444999937, 14.256927630000064 ], [ -90.920238925999968, 14.258219575000055 ], [ -90.915800072999957, 14.258000081000034 ], [ -90.91525484899995, 14.25784621300005 ], [ -90.914733988999956, 14.256365319000054 ], [ -90.913658019999957, 14.255491790000065 ], [ -90.912909482999964, 14.25628948700006 ], [ -90.912343441999951, 14.259404382000071 ], [ -90.911289, 14.259965575000024 ], [ -90.910504356999979, 14.26040600500005 ], [ -90.909672554999986, 14.260936383000058 ], [ -90.908790814999975, 14.261669638000058 ], [ -90.90692545, 14.263820888000055 ], [ -90.90440222899997, 14.269476993000069 ], [ -90.903380373999937, 14.270577224000021 ] ] ] ] } },
{ "type": "Feature", "properties": { "Codigo": 402, "datos_finales_color_riesgo": "ffaa00" }, "geometry": { "type": "MultiPolygon", "coordinates": [ [ [ [ -90.864284231999989, 14.808371486000055 ], [ -90.869580905999953, 14.811845150000067 ], [ -90.87749254199997, 14.810653179000042 ], [ -90.880388669999945, 14.809696064000036 ], [ -90.885965539999972, 14.805682257000058 ], [ -90.889993612999945, 14.803335939000021 ], [ -90.891097942999977, 14.803309908000074 ], [ -90.892534258999945, 14.802568542000074 ], [ -90.899186319999956, 14.801210630000071 ], [ -90.901358785999946, 14.800273732000051 ], [ -90.911147014999983, 14.797102886000062 ], [ -90.914330772999961, 14.794931416000054 ], [ -90.91988383599994, 14.796422865000068 ], [ -90.921675418999939, 14.794142707000049 ], [ -90.923788302999981, 14.792863921000048 ], [ -90.924026303999938, 14.79512059700005 ], [ -90.925284823999959, 14.797006938000038 ], [ -90.925778402999981, 14.797049786000059 ], [ -90.929756537999936, 14.801380016000053 ], [ -90.934512226999971, 14.809375715000044 ], [ -90.935860294999941, 14.81175416800005 ], [ -90.935753872999953, 14.81312220600006 ], [ -90.934860457999946, 14.814162396000029 ], [ -90.934351760999959, 14.814791499000023 ], [ -90.934640102999936, 14.816647644000057 ], [ -90.937453626999968, 14.820666890000041 ], [ -90.937050653999961, 14.824168210000039 ], [ -90.93513190799996, 14.826986118000036 ], [ -90.934255668999981, 14.828472616000056 ], [ -90.934323527999936, 14.829275190000033 ], [ -90.933801314999982, 14.830283688000065 ], [ -90.934265411999945, 14.835397839000052 ], [ -90.93676885299999, 14.839013346000058 ], [ -90.939716759999953, 14.841379041000039 ], [ -90.941874550999955, 14.84368115500007 ], [ -90.94485636099995, 14.850150695000025 ], [ -90.946010365999939, 14.854296235000049 ], [ -90.947620430999962, 14.866651913000055 ], [ -90.947391831999937, 14.873693632000027 ], [ -90.947894408999957, 14.880723820000071 ], [ -90.950016729999959, 14.888174001000039 ], [ -90.950340062999942, 14.891381375000037 ], [ -90.951229956999953, 14.892957125000066 ], [ -90.952438088999941, 14.896870462000038 ], [ -90.951936069999988, 14.898309518000076 ], [ -90.951216267999939, 14.905272294000042 ], [ -90.948913514999958, 14.909009626000056 ], [ -90.944716166999967, 14.915860963000057 ], [ -90.942816472999937, 14.917498648000048 ], [ -90.942794209999988, 14.918312836000041 ], [ -90.941602073999945, 14.919811159000062 ], [ -90.940979631999937, 14.924244585000054 ], [ -90.94021700199994, 14.924245625000026 ], [ -90.938894269999935, 14.924266464000027 ], [ -90.937244919999955, 14.924186083000052 ], [ -90.936318850999953, 14.924089626000068 ], [ -90.935777143999985, 14.924007928000037 ], [ -90.935257612999976, 14.923915135000072 ], [ -90.934559933999935, 14.923623067000051 ], [ -90.933986694999987, 14.923255315000063 ], [ -90.933337254999969, 14.922656448000055 ], [ -90.932844794999937, 14.922101922000024 ], [ -90.932455697999956, 14.921428602000049 ], [ -90.932402754999941, 14.920769614000051 ], [ -90.931613311999968, 14.920903665000026 ], [ -90.930357975999982, 14.920925067000042 ], [ -90.929635350999945, 14.92087447800003 ], [ -90.928766465999956, 14.920691536000049 ], [ -90.927910056999963, 14.920419473000038 ], [ -90.927402047999976, 14.920338065000067 ], [ -90.926904811999975, 14.920344852000028 ], [ -90.925693668999941, 14.920542834000059 ], [ -90.925070421999976, 14.920668204000037 ], [ -90.924559877999968, 14.920851073000051 ], [ -90.92409416299995, 14.921143909000023 ], [ -90.923536215999945, 14.921545470000069 ], [ -90.922662389999971, 14.921877519000077 ], [ -90.921965585999942, 14.921497321000061 ], [ -90.921023222999963, 14.92074215100007 ], [ -90.920215393999968, 14.920130519000054 ], [ -90.919471979999969, 14.919826697000076 ], [ -90.918714678999947, 14.919819808000057 ], [ -90.918238092999957, 14.92003459600005 ], [ -90.917767562999984, 14.920766755000045 ], [ -90.917559959999949, 14.92121553800007 ], [ -90.917245377999961, 14.922158073000048 ], [ -90.917148689999976, 14.922849581000037 ], [ -90.917074278999962, 14.923519832000068 ], [ -90.916804141999989, 14.924550874000033 ], [ -90.916416020999975, 14.924986715000045 ], [ -90.915568212999972, 14.924967696000067 ], [ -90.914476073999936, 14.924507064000068 ], [ -90.91382314699996, 14.924215344000061 ], [ -90.913136429999952, 14.923934609000071 ], [ -90.912290264999967, 14.923806029000048 ], [ -90.911428875999945, 14.924051173000066 ], [ -90.91084548799995, 14.924738231000049 ], [ -90.910294563999969, 14.925611953000043 ], [ -90.909882555999957, 14.926114204000044 ], [ -90.909119499999974, 14.926700220000043 ], [ -90.908106910999948, 14.927383344000077 ], [ -90.907435935999956, 14.927816579000023 ], [ -90.906176777999974, 14.928289609000046 ], [ -90.905608284999971, 14.928635675000066 ], [ -90.905263683999976, 14.929192752000063 ], [ -90.90466059299996, 14.929572386000075 ], [ -90.903577098999961, 14.929419007000035 ], [ -90.902741102999983, 14.929378584000062 ], [ -90.901587025999959, 14.929794945000026 ], [ -90.900820932999977, 14.929673831000059 ], [ -90.900293768999973, 14.929411465000044 ], [ -90.89974031099996, 14.928926346000026 ], [ -90.89936536, 14.928421403000073 ], [ -90.899134508999964, 14.927911008000024 ], [ -90.899114260999966, 14.927006094000035 ], [ -90.899263055999938, 14.926457396000046 ], [ -90.899620660999972, 14.925758134000034 ], [ -90.899903278999943, 14.925364275000049 ], [ -90.900648006999972, 14.924633552000046 ], [ -90.901152951999961, 14.924192033000054 ], [ -90.901725295999938, 14.923508291000076 ], [ -90.901762059999953, 14.922652468000024 ], [ -90.901360374999967, 14.922029816000077 ], [ -90.901226247999944, 14.921068513000023 ], [ -90.901496745999964, 14.920485912000061 ], [ -90.902126865999946, 14.919712336000032 ], [ -90.90303198099997, 14.918670200000065 ], [ -90.903350794999938, 14.918255206000026 ], [ -90.903585408999959, 14.917658722000056 ], [ -90.903277454999966, 14.916953349000039 ], [ -90.902723348999984, 14.91653713200003 ], [ -90.902361777999943, 14.916150918000028 ], [ -90.902031532999956, 14.915528925000046 ], [ -90.901772520999941, 14.914927914000032 ], [ -90.901307603999953, 14.914179311000055 ], [ -90.901121242999977, 14.913453591000064 ], [ -90.901135026999953, 14.912751170000035 ], [ -90.900904924999963, 14.912163977000034 ], [ -90.90036665699995, 14.911553629000025 ], [ -90.900237857999969, 14.910821661000057 ], [ -90.90068387299999, 14.909865677000028 ], [ -90.901031195999963, 14.909444171000075 ], [ -90.901439852999943, 14.908626770000069 ], [ -90.901591118999988, 14.90782056200004 ], [ -90.901955111999939, 14.907176695000032 ], [ -90.902148282999974, 14.906420572000059 ], [ -90.901911312999971, 14.90576328700007 ], [ -90.901586474999988, 14.905363857000054 ], [ -90.901224515999957, 14.905019431000028 ], [ -90.900622317999989, 14.90441527400003 ], [ -90.899766424999939, 14.90410133000006 ], [ -90.899007816999983, 14.90411583100007 ], [ -90.898284774999979, 14.904115973000046 ], [ -90.897766133999937, 14.903700075000074 ], [ -90.897548558999972, 14.903259830000025 ], [ -90.89721489499999, 14.902275232000022 ], [ -90.897040833999938, 14.901780045000066 ], [ -90.896817917999954, 14.90111272200005 ], [ -90.896409653999967, 14.900454993000039 ], [ -90.896278861999974, 14.899869841000054 ], [ -90.896799789999989, 14.899331338000025 ], [ -90.897453113999973, 14.899093365000056 ], [ -90.898135599999989, 14.898842101000071 ], [ -90.898890791999975, 14.898459352000032 ], [ -90.899199440999951, 14.897592469000074 ], [ -90.899214208999979, 14.896967991000054 ], [ -90.898803376999979, 14.896275228000036 ], [ -90.898704222999982, 14.895601138000075 ], [ -90.898803405999956, 14.894655525000076 ], [ -90.8989544, 14.89381656300003 ], [ -90.898716386999979, 14.893268831000057 ], [ -90.897823080999956, 14.893224492000058 ], [ -90.897207587999958, 14.893456041000036 ], [ -90.896285856999953, 14.893647499000053 ], [ -90.895577896999953, 14.893533697000066 ], [ -90.895060887999989, 14.893430680000051 ], [ -90.894090105999965, 14.893232004000026 ], [ -90.893367577999982, 14.893003981000049 ], [ -90.89289355599999, 14.892840363000062 ], [ -90.892308901999968, 14.892587626000022 ], [ -90.891736096999978, 14.892251413000054 ], [ -90.891360428999974, 14.891708059000052 ], [ -90.89119283499997, 14.891027690000044 ], [ -90.891146454999955, 14.890363120000075 ], [ -90.890938616999961, 14.889462127000058 ], [ -90.890599425999937, 14.888990267000054 ], [ -90.890075149999973, 14.888502015000029 ], [ -90.889512392999961, 14.888208814000052 ], [ -90.888855157999956, 14.887837934000061 ], [ -90.888352965999957, 14.887288891000026 ], [ -90.888222766999945, 14.886526414000059 ], [ -90.88828196299994, 14.885874111000078 ], [ -90.888194150999936, 14.885112024000023 ], [ -90.887769249999963, 14.884259860000043 ], [ -90.887721570999986, 14.883729686000038 ], [ -90.887703772999942, 14.882814632000077 ], [ -90.887567997999952, 14.882088245000034 ], [ -90.88702972699997, 14.881429311000034 ], [ -90.886787476999984, 14.880784394000045 ], [ -90.886904515999959, 14.880215078000049 ], [ -90.887510062999979, 14.879928120000045 ], [ -90.888042653999946, 14.879500430000064 ], [ -90.888230512999939, 14.87869457000005 ], [ -90.888177197999937, 14.878206138000053 ], [ -90.887867400999937, 14.877401344000077 ], [ -90.887287378999986, 14.87673750700003 ], [ -90.886896774999968, 14.87612172200005 ], [ -90.887056360999964, 14.875475993000066 ], [ -90.887405401999956, 14.874933662000046 ], [ -90.887200028999985, 14.874258591000057 ], [ -90.886823034999964, 14.873915140000065 ], [ -90.886438154999951, 14.873248581000041 ], [ -90.886222221999958, 14.872644573000059 ], [ -90.885932512999943, 14.87198453700006 ], [ -90.88562329199999, 14.871122142000047 ], [ -90.885468372999981, 14.870215992000055 ], [ -90.88548678899997, 14.869398408000052 ], [ -90.885509658999979, 14.868719792000036 ], [ -90.885426024999958, 14.868066173000045 ], [ -90.884976925999979, 14.867496158000051 ], [ -90.884510392999971, 14.867106702000058 ], [ -90.88382887399996, 14.866493880000064 ], [ -90.883520859999976, 14.866104753000059 ], [ -90.883340206999947, 14.865635478000058 ], [ -90.88324608399995, 14.864986280000039 ], [ -90.883198106999942, 14.864487731000054 ], [ -90.883055671999955, 14.863910377000025 ], [ -90.882848696999986, 14.863461188000031 ], [ -90.882399866999947, 14.862865194000051 ], [ -90.881780098999968, 14.862412198000072 ], [ -90.881203591999963, 14.861929102000033 ], [ -90.880896139999948, 14.861483503000045 ], [ -90.880768724999939, 14.860974056000032 ], [ -90.880568394999955, 14.860380353000039 ], [ -90.88042510799994, 14.859891090000076 ], [ -90.880090697999947, 14.859471222000025 ], [ -90.879660451999939, 14.85917358100005 ], [ -90.879095395999968, 14.859065577000024 ], [ -90.878328880999959, 14.85907430900005 ], [ -90.87761769299999, 14.858828284000026 ], [ -90.877048847999959, 14.858573407000051 ], [ -90.876520563999975, 14.85850527100007 ], [ -90.875617404999957, 14.858831246000022 ], [ -90.874946926999939, 14.859113061000073 ], [ -90.874238396999942, 14.859486009000022 ], [ -90.873642522999944, 14.859679280000023 ], [ -90.872697384999981, 14.859607274000041 ], [ -90.872085585999969, 14.859529318000057 ], [ -90.871409609999944, 14.859423657000036 ], [ -90.870843463999961, 14.859427443000072 ], [ -90.870359764999989, 14.859549461000029 ], [ -90.869495093999944, 14.859739098000034 ], [ -90.868622983999956, 14.85974003900003 ], [ -90.868077490999951, 14.859591531000035 ], [ -90.867282621999948, 14.859295001000078 ], [ -90.866488468999989, 14.858926189000044 ], [ -90.864970199999959, 14.858151935000024 ], [ -90.863656300999935, 14.857379571000024 ], [ -90.862988869999981, 14.856819915000074 ], [ -90.862053953999975, 14.85612449100006 ], [ -90.861594087999947, 14.855713596000044 ], [ -90.86132940899995, 14.855233361000046 ], [ -90.861680469999953, 14.85448778600005 ], [ -90.862236109999969, 14.854547172000025 ], [ -90.862688464999962, 14.854777278000029 ], [ -90.863450772999954, 14.854603655000062 ], [ -90.86393146599994, 14.853841208000063 ], [ -90.864225311999974, 14.853185452000048 ], [ -90.864326182999946, 14.852374294000072 ], [ -90.863848359999963, 14.851899987000024 ], [ -90.863024505999988, 14.851720643000021 ], [ -90.862563612999963, 14.851414783000052 ], [ -90.861975789999974, 14.850850220000041 ], [ -90.861600243999987, 14.850367825000035 ], [ -90.860948338999947, 14.849649054000054 ], [ -90.86034742399994, 14.849471777000076 ], [ -90.859445979999975, 14.849626025000077 ], [ -90.858930174999955, 14.850180310000042 ], [ -90.858534666999958, 14.850782023000022 ], [ -90.857913304999954, 14.850794303000043 ], [ -90.857555898999976, 14.850357249000069 ], [ -90.857237864999945, 14.849695797000038 ], [ -90.856184037999981, 14.849288391000073 ], [ -90.855674443999987, 14.849212478000027 ], [ -90.854812206999952, 14.849159249000024 ], [ -90.854053305999969, 14.848989517000064 ], [ -90.853658846999963, 14.848543079000024 ], [ -90.854071858999987, 14.848051095000073 ], [ -90.854366037999966, 14.847422467000058 ], [ -90.854020016999982, 14.846715571000061 ], [ -90.853689866999957, 14.846342021000055 ], [ -90.852973563999967, 14.845622630000037 ], [ -90.852523994999956, 14.845113554000022 ], [ -90.852169541999956, 14.844379472000071 ], [ -90.852125496999975, 14.843783827000038 ], [ -90.852186443999983, 14.842844674000048 ], [ -90.852347389999977, 14.842244166000057 ], [ -90.852551602999938, 14.841729904000033 ], [ -90.852913569999942, 14.840879404000077 ], [ -90.853109520999965, 14.840437350000059 ], [ -90.853843990999962, 14.840020655000046 ], [ -90.854365146999953, 14.839451746000066 ], [ -90.854584379999949, 14.83894439900007 ], [ -90.854699345999961, 14.838472221000075 ], [ -90.854765909999969, 14.83772738600004 ], [ -90.854647655999941, 14.837002290000044 ], [ -90.854382180999949, 14.836253228000032 ], [ -90.853940275999946, 14.835439269000062 ], [ -90.853289544999939, 14.834902340000042 ], [ -90.852455222999936, 14.834320777000073 ], [ -90.852120668999987, 14.833865862000039 ], [ -90.851897894999979, 14.833261769000046 ], [ -90.85186489299997, 14.832135375000064 ], [ -90.851925609999967, 14.831218807000027 ], [ -90.851893503999975, 14.830530656000064 ], [ -90.851182008999956, 14.829094097000052 ], [ -90.851931794999985, 14.826415207000025 ], [ -90.85231756099995, 14.824973078000028 ], [ -90.854423700999973, 14.82308955700006 ], [ -90.854453624999962, 14.82229129600006 ], [ -90.856757411999979, 14.82037570600005 ], [ -90.858327642999939, 14.819910296000046 ], [ -90.859144158999982, 14.819170176000057 ], [ -90.860349784999983, 14.81711217700007 ], [ -90.861283588999981, 14.81151748800005 ], [ -90.864284231999989, 14.808371486000055 ] ] ] ] } },
{ "type": "Feature", "properties": { "Codigo": 711, "datos_finales_color_riesgo": "ffaa00" }, "geometry": { "type": "MultiPolygon", "coordinates": [ [ [ [ -91.116824452999936, 14.704357965000042 ], [ -91.117977332999942, 14.702818581000031 ], [ -91.120264153999983, 14.700998064000032 ], [ -91.121940934999941, 14.698581773000058 ], [ -91.12275152899997, 14.698859454000058 ], [ -91.123753159999978, 14.69905508100004 ], [ -91.124491072999945, 14.699350241000047 ], [ -91.125320205999969, 14.699700360000065 ], [ -91.125966565999988, 14.700048999000046 ], [ -91.126590578999981, 14.700364696000065 ], [ -91.127032963999966, 14.700612275000026 ], [ -91.127457505999985, 14.701591725000071 ], [ -91.127748717999964, 14.702215387000024 ], [ -91.128451846999951, 14.702576905000058 ], [ -91.129408410999986, 14.702684033000025 ], [ -91.129848255999946, 14.703230946000076 ], [ -91.12997734399994, 14.704086005000022 ], [ -91.130554315999973, 14.704612561000033 ], [ -91.130411047999985, 14.705354718000024 ], [ -91.130108125999982, 14.706173534000072 ], [ -91.129885624999986, 14.706815641000048 ], [ -91.129764437999938, 14.707690147000051 ], [ -91.129941819999942, 14.708257533000051 ], [ -91.130493995999984, 14.708971410000061 ], [ -91.130638570999963, 14.709439126000063 ], [ -91.130733729999974, 14.710326672000065 ], [ -91.130816424999978, 14.71131465600007 ], [ -91.131060494999986, 14.712092698000049 ], [ -91.131272216999946, 14.71264906600004 ], [ -91.131436298999972, 14.713416296000048 ], [ -91.131578713999943, 14.714138165000065 ], [ -91.131710358999953, 14.714693887000067 ], [ -91.131921611999985, 14.715305603000047 ], [ -91.132100247999972, 14.715795054000068 ], [ -91.132230567999954, 14.716506659000061 ], [ -91.132226327999945, 14.71700480100003 ], [ -91.13233308699995, 14.717893571000047 ], [ -91.132635352999955, 14.718517319000057 ], [ -91.133447305999937, 14.719532647000051 ], [ -91.134373933999939, 14.720439319000036 ], [ -91.134858433999966, 14.721063403000073 ], [ -91.135160158999952, 14.721820441000034 ], [ -91.135726337999984, 14.722257658000046 ], [ -91.136453221999943, 14.72249621900005 ], [ -91.13715917899998, 14.72260243900007 ], [ -91.137946910999972, 14.72244158500007 ], [ -91.138348494999946, 14.722101398000063 ], [ -91.139091802999985, 14.721840774000043 ], [ -91.140003948999947, 14.723090727000056 ], [ -91.140565813999956, 14.724038505000067 ], [ -91.140616949999981, 14.724715581000055 ], [ -91.140742341999953, 14.726080087000071 ], [ -91.141035216999967, 14.72651509800005 ], [ -91.141611125999987, 14.727108273000056 ], [ -91.142343079999989, 14.728189584000063 ], [ -91.142781295999953, 14.728869768000038 ], [ -91.143119829999989, 14.729327736000073 ], [ -91.14345779599995, 14.729784570000049 ], [ -91.143808296999964, 14.730131927000059 ], [ -91.144271519999961, 14.730601062000062 ], [ -91.14515634299994, 14.731040814000039 ], [ -91.145956181999964, 14.731235877000074 ], [ -91.141276713999957, 14.73649983100006 ], [ -91.138522368999986, 14.73976159700004 ], [ -91.135959065999941, 14.737409349000075 ], [ -91.133323890999975, 14.734030770000061 ], [ -91.131443616999945, 14.730883065000057 ], [ -91.129809381999962, 14.726860729000066 ], [ -91.125181213999952, 14.719986650000067 ], [ -91.122171165999987, 14.713798897000061 ], [ -91.121742817999973, 14.711976690000029 ], [ -91.117640138999946, 14.706548201000032 ], [ -91.116824452999936, 14.704357965000042 ] ] ] ] } },
{ "type": "Feature", "properties": { "Codigo": 404, "datos_finales_color_riesgo": "ffaa00" }, "geometry": { "type": "MultiPolygon", "coordinates": [ [ [ [ -90.864284231999989, 14.808371486000055 ], [ -90.872978228999955, 14.765952518000063 ], [ -90.872811269999943, 14.762890049000077 ], [ -90.871367643999974, 14.760112878000029 ], [ -90.870720027999937, 14.757601693000026 ], [ -90.868573535999985, 14.754539046000048 ], [ -90.868378355999937, 14.753664148000041 ], [ -90.866052468999953, 14.750198865000073 ], [ -90.862738079999986, 14.747297078000031 ], [ -90.860788935999949, 14.745557710000071 ], [ -90.855531247999977, 14.740342739000027 ], [ -90.85339692499997, 14.738740533000055 ], [ -90.852696418999983, 14.738689980000061 ], [ -90.848679459999971, 14.736399338000069 ], [ -90.845948126999986, 14.735504223000078 ], [ -90.848491253999953, 14.732459086000063 ], [ -90.848768928999959, 14.731482407000044 ], [ -90.850008914999989, 14.731016160000024 ], [ -90.850611972999957, 14.729876466000064 ], [ -90.853593222999962, 14.727407973000027 ], [ -90.854888876999951, 14.72599344300005 ], [ -90.85679493799995, 14.724995689000025 ], [ -90.863454733999959, 14.724628043000052 ], [ -90.865430042999947, 14.723307815000055 ], [ -90.866239073999964, 14.720549143000028 ], [ -90.865764309999975, 14.716027920000045 ], [ -90.867093469999986, 14.712822232000065 ], [ -90.867505544999972, 14.709884819000024 ], [ -90.866827740999952, 14.703444974000035 ], [ -90.86915458499999, 14.700792854000042 ], [ -90.872452306999946, 14.698592377000068 ], [ -90.876660278999964, 14.69603309200005 ], [ -90.878583288999948, 14.696127496000031 ], [ -90.880737558999954, 14.698232259000065 ], [ -90.883762173999969, 14.698590828000022 ], [ -90.897660955999982, 14.69453014100003 ], [ -90.900159267999982, 14.694349461000058 ], [ -90.901864777999947, 14.694803147000073 ], [ -90.904123985999945, 14.696393606000072 ], [ -90.905952978999949, 14.696860809000043 ], [ -90.909552978999955, 14.699806328000022 ], [ -90.914746774999969, 14.70014225500006 ], [ -90.916053227999953, 14.701508305000061 ], [ -90.916519911999956, 14.704424421000056 ], [ -90.917745779999962, 14.706643663000023 ], [ -90.919704800999966, 14.708955329000048 ], [ -90.921939471999963, 14.710225769000033 ], [ -90.925555764999956, 14.710266079000064 ], [ -90.930445273999965, 14.709183653000025 ], [ -90.934332773999984, 14.709384382000053 ], [ -90.936243984999976, 14.70902753300004 ], [ -90.93957243899996, 14.710680303000061 ], [ -90.93968509299998, 14.713391072000036 ], [ -90.942750889999957, 14.717693636000035 ], [ -90.942294010999944, 14.718519791000062 ], [ -90.941463389999967, 14.728499814000031 ], [ -90.941737645999979, 14.731366770000022 ], [ -90.942870623999966, 14.736351343000024 ], [ -90.942742904999989, 14.739508404000048 ], [ -90.941346702999965, 14.741600316000074 ], [ -90.940663012999948, 14.741729773000031 ], [ -90.939350927999953, 14.74332767900006 ], [ -90.938559602999987, 14.745211471000061 ], [ -90.937971924999943, 14.745743890000028 ], [ -90.937953283999946, 14.746552473000065 ], [ -90.937218771999937, 14.746838471000046 ], [ -90.935397207999983, 14.749407718000043 ], [ -90.934244975999945, 14.750046907000069 ], [ -90.934090745999981, 14.750769559000048 ], [ -90.933229535999942, 14.750888367000073 ], [ -90.930816844999981, 14.754096114000049 ], [ -90.930603760999986, 14.755762526000069 ], [ -90.930934126999944, 14.757282445000044 ], [ -90.933235734999982, 14.759633271000041 ], [ -90.935323586999971, 14.776018886000031 ], [ -90.937069703999953, 14.78122244900004 ], [ -90.937810197999966, 14.782713278000074 ], [ -90.931184886999972, 14.787935638000022 ], [ -90.930423228999985, 14.788068864000024 ], [ -90.929554748999976, 14.789060703000075 ], [ -90.923788302999981, 14.792863921000048 ], [ -90.921675418999939, 14.794142707000049 ], [ -90.91988383599994, 14.796422865000068 ], [ -90.914330772999961, 14.794931416000054 ], [ -90.911147014999983, 14.797102886000062 ], [ -90.901358785999946, 14.800273732000051 ], [ -90.899186319999956, 14.801210630000071 ], [ -90.892534258999945, 14.802568542000074 ], [ -90.891097942999977, 14.803309908000074 ], [ -90.889993612999945, 14.803335939000021 ], [ -90.885965539999972, 14.805682257000058 ], [ -90.880388669999945, 14.809696064000036 ], [ -90.87749254199997, 14.810653179000042 ], [ -90.869580905999953, 14.811845150000067 ], [ -90.864284231999989, 14.808371486000055 ] ] ] ] } },
{ "type": "Feature", "properties": { "Codigo": 1902, "datos_finales_color_riesgo": "ffaa00" }, "geometry": { "type": "MultiPolygon", "coordinates": [ [ [ [ -89.555695277999973, 15.031586321000077 ], [ -89.556213697999965, 15.030175822000047 ], [ -89.556362587999956, 15.029435611000054 ], [ -89.55637448799996, 15.028694450000046 ], [ -89.556328402999952, 15.027912918000027 ], [ -89.556343670999979, 15.026961931000073 ], [ -89.556357723999952, 15.026086526000029 ], [ -89.556386004999979, 15.025554363000026 ], [ -89.556413393999946, 15.025041368000075 ], [ -89.556513284999937, 15.024134543000059 ], [ -89.556736372999978, 15.023219427000072 ], [ -89.557197719999976, 15.022541498000066 ], [ -89.557820679999963, 15.02199352100007 ], [ -89.55800983499995, 15.021311465000053 ], [ -89.557724023999981, 15.020672986000022 ], [ -89.557320519999962, 15.020387037000035 ], [ -89.556747458999951, 15.019887510000046 ], [ -89.55634972699994, 15.019567794000068 ], [ -89.55569204599999, 15.018987996000021 ], [ -89.555333571999938, 15.018356314000073 ], [ -89.555255688999978, 15.017494186000022 ], [ -89.555478114999971, 15.016547467000066 ], [ -89.555785607999951, 15.016015022000033 ], [ -89.556320116999984, 15.015370924000024 ], [ -89.556845451999948, 15.014466029000062 ], [ -89.557121194999979, 15.013777385000026 ], [ -89.557400351999945, 15.012875526000073 ], [ -89.557549575999985, 15.012184965000074 ], [ -89.557573734999949, 15.011402238000073 ], [ -89.557531145999974, 15.010474069000054 ], [ -89.557426601999964, 15.009789819000048 ], [ -89.557197898999959, 15.008993109000073 ], [ -89.557172265999952, 15.00845561400007 ], [ -89.557121471999949, 15.007315186000028 ], [ -89.557292614999938, 15.006668961000059 ], [ -89.557951644999946, 15.005750287000069 ], [ -89.558396665999965, 15.005254894000075 ], [ -89.558773907999978, 15.00467836100006 ], [ -89.559036772999946, 15.004067372000065 ], [ -89.559187947999988, 15.003253844000028 ], [ -89.559166325999968, 15.001994247000027 ], [ -89.559083386999987, 14.998981354000023 ], [ -89.559100181999952, 14.997932215000048 ], [ -89.559021875999974, 14.997094904000051 ], [ -89.55873576, 14.996331179000038 ], [ -89.558363079999936, 14.995935124000027 ], [ -89.557934596999985, 14.995471648000034 ], [ -89.557218894999949, 14.995002700000043 ], [ -89.556409482999982, 14.99462260100006 ], [ -89.555942268999956, 14.994403397000042 ], [ -89.555144703999986, 14.993320496000024 ], [ -89.554810792999945, 14.992679040000041 ], [ -89.554768003999982, 14.991763280000043 ], [ -89.554883274999952, 14.991016914000056 ], [ -89.555145163999953, 14.990429610000035 ], [ -89.555657859999897, 14.989946527000029 ], [ -89.556262997999966, 14.989453556000058 ], [ -89.556828683999981, 14.988524433000066 ], [ -89.55695516899999, 14.987801928000067 ], [ -89.556964991999962, 14.987188241000069 ], [ -89.556769306999968, 14.986504872000069 ], [ -89.556062351999969, 14.984874958000034 ], [ -89.555579345999945, 14.98412066800006 ], [ -89.554651404999959, 14.982555115000025 ], [ -89.554029378999985, 14.981965720000062 ], [ -89.553336212999966, 14.981542244000025 ], [ -89.552722399999936, 14.981165103000023 ], [ -89.551787312999977, 14.978634679000038 ], [ -89.553439859999969, 14.974996992000058 ], [ -89.554552620999971, 14.973788410000054 ], [ -89.561188107999953, 14.97072806400007 ], [ -89.568281741999954, 14.969500117000052 ], [ -89.571784744999945, 14.965639576000058 ], [ -89.573854881999978, 14.964252306000049 ], [ -89.575262987999963, 14.962503499000036 ], [ -89.575876656999981, 14.962572183000077 ], [ -89.576369931999977, 14.962647492000031 ], [ -89.577117137999949, 14.962759572000039 ], [ -89.577377307999939, 14.96278505500004 ], [ -89.577594419999969, 14.96280512800007 ], [ -89.577766648999955, 14.962826765000045 ], [ -89.577876023999977, 14.962855128000058 ], [ -89.578005062999978, 14.96290276600007 ], [ -89.578098185999977, 14.962953750000054 ], [ -89.578187659999969, 14.963018679000072 ], [ -89.578389, 14.963139 ], [ -89.580189319999988, 14.962422342000025 ], [ -89.581638264999981, 14.962015614000052 ], [ -89.582133692999946, 14.96193826800004 ], [ -89.582715921999977, 14.961919452000075 ], [ -89.583738250999943, 14.962039921000041 ], [ -89.585005294999974, 14.96218781400006 ], [ -89.586279996999963, 14.962396348000027 ], [ -89.58783774699998, 14.962691052000025 ], [ -89.590185246999965, 14.963576768000053 ], [ -89.591337, 14.96387549800005 ], [ -89.592962234999959, 14.964366900000073 ], [ -89.594570456999975, 14.96501721900006 ], [ -89.595862445999956, 14.965317674000062 ], [ -89.598248410999986, 14.965732080000066 ], [ -89.600583711999946, 14.966556003000051 ], [ -89.601079665999976, 14.96502705100005 ], [ -89.601796415999956, 14.963236127000073 ], [ -89.601570924999976, 14.963117431000057 ], [ -89.601715810999963, 14.962143696000055 ], [ -89.60199283899999, 14.960896657000035 ], [ -89.602511657999969, 14.959249647000036 ], [ -89.603000251999958, 14.958479380000028 ], [ -89.603409616999954, 14.958068461000039 ], [ -89.603955399999961, 14.957557979000057 ], [ -89.604603008999959, 14.95697466200005 ], [ -89.604833672999973, 14.956634878000045 ], [ -89.605171839999969, 14.95621423800003 ], [ -89.605588662999935, 14.955055569000024 ], [ -89.605694711999945, 14.955028003000052 ], [ -89.605727339999987, 14.955089754000028 ], [ -89.60577105699997, 14.955134548000046 ], [ -89.605800820999946, 14.955175406000023 ], [ -89.605862578999961, 14.955200870000056 ], [ -89.606012179999937, 14.955216976000031 ], [ -89.606287572999975, 14.955216114000052 ], [ -89.606989907999946, 14.955242143000078 ], [ -89.60766033799996, 14.95526222500007 ], [ -89.608137208999949, 14.955279609000058 ], [ -89.608396572999936, 14.955294202000061 ], [ -89.608661988999984, 14.955293299000061 ], [ -89.608881434999944, 14.95530967600007 ], [ -89.608935113999962, 14.955358388000036 ], [ -89.608956864999982, 14.955406976000063 ], [ -89.608966313999986, 14.955535060000045 ], [ -89.608985668999935, 14.95568064400004 ], [ -89.609013842999957, 14.955726816000038 ], [ -89.609085235999942, 14.955759547000071 ], [ -89.609399800999938, 14.955797862000054 ], [ -89.609756153999967, 14.955844800000023 ], [ -89.609835841999939, 14.955882073000055 ], [ -89.610032749999959, 14.956075049000049 ], [ -89.610157740999966, 14.956190122000066 ], [ -89.610339944999964, 14.956261062000067 ], [ -89.610596530999942, 14.956333509000046 ], [ -89.611154907999946, 14.956354168000075 ], [ -89.612112802999945, 14.956421651000028 ], [ -89.61262439099994, 14.95646210700005 ], [ -89.612816313999986, 14.956474797000055 ], [ -89.61300208099999, 14.956490450000047 ], [ -89.613118616999941, 14.95653569600006 ], [ -89.613184390999947, 14.956600155000046 ], [ -89.613260566999941, 14.956749762000072 ], [ -89.613390113999969, 14.95699214800004 ], [ -89.613454224999941, 14.957087956000066 ], [ -89.61350934699999, 14.957128484000066 ], [ -89.614115505999962, 14.956872529000066 ], [ -89.614355589999946, 14.956751025000074 ], [ -89.614451010999971, 14.956702123000071 ], [ -89.614561684999956, 14.956678662000058 ], [ -89.614636901999972, 14.956687913000053 ], [ -89.615027354999938, 14.957349380000039 ], [ -89.615198132999978, 14.957650156000057 ], [ -89.615313089999972, 14.957705847000057 ], [ -89.615877501999989, 14.957893178000063 ], [ -89.616242554999985, 14.958008068000026 ], [ -89.616767122999988, 14.958174340000028 ], [ -89.616948174999948, 14.958216847000074 ], [ -89.617089388999943, 14.958236804000023 ], [ -89.617272232999937, 14.958216607000054 ], [ -89.617421345999958, 14.958182842000042 ], [ -89.617587351999987, 14.958149142000025 ], [ -89.617844017999971, 14.958103848000064 ], [ -89.618011541999977, 14.958074633000024 ], [ -89.618105218999972, 14.958076488000074 ], [ -89.618144135999955, 14.958088299000053 ], [ -89.618205674999956, 14.958116745000041 ], [ -89.618773567999938, 14.95848916500006 ], [ -89.619203988999971, 14.958776430000057 ], [ -89.619402943999944, 14.958904133000033 ], [ -89.619601870999986, 14.959038888000066 ], [ -89.61969967899995, 14.959067473000061 ], [ -89.61985584699994, 14.959015185000055 ], [ -89.620210042999986, 14.958889719000069 ], [ -89.62050037299997, 14.958848824000029 ], [ -89.620698304999962, 14.958822300000065 ], [ -89.620392109999955, 14.958321230000024 ], [ -89.620040294999967, 14.95765384200007 ], [ -89.619922515999974, 14.957336977000068 ], [ -89.619852459999947, 14.95699714400007 ], [ -89.619798530999958, 14.956595634000053 ], [ -89.619688910999969, 14.956224779000024 ], [ -89.619563761999984, 14.955768972000044 ], [ -89.619556, 14.955444 ], [ -89.619340805999968, 14.95492839800005 ], [ -89.61930151599995, 14.954494284000077 ], [ -89.61921446599996, 14.954128060000073 ], [ -89.61926647699994, 14.953810512000075 ], [ -89.619423, 14.953523558000029 ], [ -89.61954428699994, 14.95339522300003 ], [ -89.619573086999935, 14.953241938000076 ], [ -89.619542397999965, 14.953096834000064 ], [ -89.619467207999946, 14.952951173000031 ], [ -89.619603204999976, 14.952765431000046 ], [ -89.619637282999975, 14.952699821000067 ], [ -89.619643565999979, 14.952540971000076 ], [ -89.619565838999961, 14.952255793000063 ], [ -89.619629520999979, 14.951839678000056 ], [ -89.619613777999973, 14.951554739000073 ], [ -89.61981164599996, 14.951396627000065 ], [ -89.619922301999964, 14.951164145000064 ], [ -89.619971163999935, 14.950969925000038 ], [ -89.619923853999978, 14.950783290000061 ], [ -89.619258448999972, 14.950647424000067 ], [ -89.618220817999941, 14.950529163000056 ], [ -89.617942104999941, 14.950365112000043 ], [ -89.61773231699999, 14.95024163100004 ], [ -89.617107956999973, 14.949648884000055 ], [ -89.615957335999951, 14.948425680000071 ], [ -89.615032281999959, 14.947452497000029 ], [ -89.614938158999962, 14.947216806000029 ], [ -89.615033097999969, 14.946992011000077 ], [ -89.615239655999972, 14.946709029000033 ], [ -89.615546061999964, 14.946229046000042 ], [ -89.616055611999968, 14.94560948000003 ], [ -89.61658052699994, 14.945122039000069 ], [ -89.617405361999943, 14.94397520800004 ], [ -89.617667303999951, 14.943596619000061 ], [ -89.617722239999978, 14.94311949400003 ], [ -89.617447122999977, 14.942477970000027 ], [ -89.617569238999977, 14.942209498000068 ], [ -89.617767011999945, 14.941748568000037 ], [ -89.618323286999953, 14.941091351000068 ], [ -89.618447472999947, 14.940943807000053 ], [ -89.61833606, 14.940708052000048 ], [ -89.618113201999961, 14.940244944000028 ], [ -89.618445553999948, 14.939177707000056 ], [ -89.618426839999984, 14.938153806000059 ], [ -89.618336954999961, 14.937741702000039 ], [ -89.61830411599999, 14.937374332000047 ], [ -89.618305205999945, 14.937107250000054 ], [ -89.618317604999959, 14.936873598000034 ], [ -89.618344698999977, 14.936472214000048 ], [ -89.618415735999974, 14.93601024000003 ], [ -89.618392406999988, 14.935371528000076 ], [ -89.619872289999989, 14.935608089000027 ], [ -89.61989971099996, 14.935249745000021 ], [ -89.619974170999967, 14.934815854000021 ], [ -89.620006311999987, 14.934573646000047 ], [ -89.62007463399999, 14.934371966000072 ], [ -89.620205613999985, 14.934084701000074 ], [ -89.620351922999987, 14.933858078000071 ], [ -89.620456713999943, 14.933626247000063 ], [ -89.620609221999985, 14.933152267000025 ], [ -89.620677644999944, 14.932925344000068 ], [ -89.620751076999966, 14.932743877000064 ], [ -89.620819191999942, 14.932592682000063 ], [ -89.620956798999941, 14.931952041000045 ], [ -89.621035441999936, 14.931765546000065 ], [ -89.621067580999977, 14.931523338000034 ], [ -89.621131652999964, 14.931089406000069 ], [ -89.620673974999988, 14.93108064300003 ], [ -89.620725386999936, 14.930661957000041 ], [ -89.620726522999973, 14.930382706000046 ], [ -89.620578490999947, 14.930113622000022 ], [ -89.620667449999985, 14.929968965000057 ], [ -89.620861151999975, 14.929873045000022 ], [ -89.620850607999955, 14.929749487000038 ], [ -89.620751977999987, 14.929555777000076 ], [ -89.620675506999987, 14.929346041000031 ], [ -89.62212115799997, 14.929695294000055 ], [ -89.622007440999937, 14.929136346000064 ], [ -89.621878441999968, 14.92826049100006 ], [ -89.621792427999935, 14.927680168000052 ], [ -89.621756732999984, 14.926949669000066 ], [ -89.621765155999981, 14.926235451000025 ], [ -89.62164080499997, 14.924215738000044 ], [ -89.621654597999964, 14.92353913200003 ], [ -89.621666145999939, 14.923415660000046 ], [ -89.621655448999945, 14.923329694000074 ], [ -89.621655971999985, 14.923200808000047 ], [ -89.621678564999968, 14.923077378000073 ], [ -89.621662759999936, 14.922889357000031 ], [ -89.62165289099994, 14.922599322000053 ], [ -89.621681747999958, 14.922293325000055 ], [ -89.621677620999947, 14.92194961000007 ], [ -89.621678601999974, 14.921707950000041 ], [ -89.621701390999988, 14.921536187000072 ], [ -89.62175205599999, 14.921300088000066 ], [ -89.621841925999945, 14.920929882000053 ], [ -89.621908832999964, 14.920774400000028 ], [ -89.621997677999957, 14.920656594000036 ], [ -89.622108505999961, 14.920565724000028 ], [ -89.622257970999954, 14.920480372000043 ], [ -89.622390911999958, 14.920384216000059 ], [ -89.622556, 14.920194 ], [ -89.622362315999965, 14.920056098000032 ], [ -89.622251254999981, 14.91994349600003 ], [ -89.622109156999954, 14.919898081000042 ], [ -89.621970996999949, 14.91983024600006 ], [ -89.62190226499996, 14.919710328000065 ], [ -89.621872154999949, 14.919549427000049 ], [ -89.621873853999944, 14.919130645000052 ], [ -89.621853509999937, 14.918826119000073 ], [ -89.621854456999984, 14.918592919000048 ], [ -89.621822402999953, 14.918299560000037 ], [ -89.621776159999968, 14.917992292000065 ], [ -89.621750976999977, 14.917761301000041 ], [ -89.621770516999959, 14.917627457000037 ], [ -89.62187219399999, 14.917147585000066 ], [ -89.621927182999968, 14.917055438000034 ], [ -89.62194412599996, 14.916976075000036 ], [ -89.62199, 14.916789227000038 ], [ -89.622030619999975, 14.916727041000058 ], [ -89.622085935999962, 14.916554082000061 ], [ -89.622302303999959, 14.915898016000028 ], [ -89.622350944999937, 14.915614201000039 ], [ -89.622304868999947, 14.915265373000068 ], [ -89.622237160999987, 14.914981113000067 ], [ -89.622183671999949, 14.914703834000022 ], [ -89.622278, 14.914694 ], [ -89.632175587999939, 14.910194033000039 ], [ -89.633460228999979, 14.910951457000067 ], [ -89.634763735999968, 14.911412044000031 ], [ -89.636637409999935, 14.91158185200004 ], [ -89.637402753999936, 14.911174558000027 ], [ -89.638243865999982, 14.911138784000059 ], [ -89.639405186999966, 14.911143152000022 ], [ -89.640487962999941, 14.910757808000028 ], [ -89.641548087999979, 14.911034373000064 ], [ -89.642169796999951, 14.910783585000047 ], [ -89.643638713999962, 14.910271 ], [ -89.643972614999939, 14.910595626000031 ], [ -89.645011107999949, 14.910622468000042 ], [ -89.646275616999958, 14.910506872000042 ], [ -89.647077571999944, 14.910670058000051 ], [ -89.647906550999949, 14.910698079000042 ], [ -89.648457254999983, 14.91072917200006 ], [ -89.649155986999972, 14.911257477000049 ], [ -89.649468565999939, 14.911244133000025 ], [ -89.649756060999948, 14.911415471000055 ], [ -89.650263619999976, 14.911205528000039 ], [ -89.650810348999983, 14.91128236000003 ], [ -89.651109086999952, 14.91134971300005 ], [ -89.651249808999978, 14.921812755000076 ], [ -89.650656383999944, 14.922773422000034 ], [ -89.653436958999976, 14.925516857000048 ], [ -89.656511210999952, 14.927812050000057 ], [ -89.659173342999964, 14.929180344000031 ], [ -89.661564521999935, 14.931824359000075 ], [ -89.661635133999937, 14.933450409000045 ], [ -89.660741174999941, 14.934443950000059 ], [ -89.660145321999948, 14.937061222000068 ], [ -89.658356450999975, 14.940305393000074 ], [ -89.65844872699995, 14.943565800000044 ], [ -89.661143059999972, 14.94999019200003 ], [ -89.662302981999972, 14.951729231000058 ], [ -89.662971942999945, 14.954517349000071 ], [ -89.66506936799999, 14.957821766000052 ], [ -89.670316826999965, 14.964044208000075 ], [ -89.67283299199994, 14.966178814000045 ], [ -89.67406781599999, 14.968302609000034 ], [ -89.671402010999941, 14.968938533000028 ], [ -89.666445266999972, 14.968226235000031 ], [ -89.664814129999968, 14.96726347200007 ], [ -89.66322784099998, 14.967528021000078 ], [ -89.663229508999962, 14.968619290000049 ], [ -89.665340149999963, 14.975498969000057 ], [ -89.666898621999962, 14.979096825000056 ], [ -89.667160497999987, 14.981526907000045 ], [ -89.66646147199998, 14.98880557800004 ], [ -89.666837035999947, 14.990940533000071 ], [ -89.66830624399995, 14.994647687000054 ], [ -89.666750556999943, 14.994909285000062 ], [ -89.663736593999943, 14.995289426000056 ], [ -89.662409082999943, 14.995772135000038 ], [ -89.660641847999955, 14.99646053400005 ], [ -89.658818533999977, 14.997058945000049 ], [ -89.656410513999958, 14.997592324000038 ], [ -89.655386143999976, 14.997766851000051 ], [ -89.654140257999984, 14.998150270000053 ], [ -89.653252042999952, 14.998415940000029 ], [ -89.652111528999967, 14.998667736000073 ], [ -89.651016879999986, 14.998919071000046 ], [ -89.64989621899997, 14.999349446000053 ], [ -89.648729600999957, 14.999823147000029 ], [ -89.645995788999983, 15.001367224000035 ], [ -89.645451159999936, 15.001747385000044 ], [ -89.644989031999955, 15.001974160000032 ], [ -89.643603818999964, 15.002653372000054 ], [ -89.641571308999971, 15.003669454000033 ], [ -89.638993965999987, 15.004631194000069 ], [ -89.635690090999958, 15.005390318000025 ], [ -89.632429917999957, 15.006027035000045 ], [ -89.629626660999975, 15.006251817000077 ], [ -89.625321583999948, 15.006112363000057 ], [ -89.623814420999963, 15.006051625000055 ], [ -89.622659812999984, 15.006015295000054 ], [ -89.621739368999954, 15.006001623000031 ], [ -89.620837428999948, 15.006103324000037 ], [ -89.620030611999937, 15.006357644000047 ], [ -89.619102368999961, 15.006876467000041 ], [ -89.61828805, 15.007606870000075 ], [ -89.617727637999963, 15.008359102000043 ], [ -89.615500403999988, 15.012845339000023 ], [ -89.613582430999941, 15.016708735000066 ], [ -89.613151406999975, 15.017977441000028 ], [ -89.612850163999951, 15.019666726000025 ], [ -89.612819597999987, 15.020389593000061 ], [ -89.61277082, 15.020979036000028 ], [ -89.612149298999952, 15.021921036000037 ], [ -89.611456053999973, 15.022404949000077 ], [ -89.610391939999943, 15.022846088000051 ], [ -89.609369117999961, 15.023135500000024 ], [ -89.608169852999936, 15.023422270000026 ], [ -89.607268164999937, 15.023503593000044 ], [ -89.606524098999955, 15.023492479000026 ], [ -89.605490542999974, 15.023249096000029 ], [ -89.604458532999956, 15.022871447000057 ], [ -89.603582019999976, 15.022572853000042 ], [ -89.602997970999979, 15.022355362000042 ], [ -89.60235169699996, 15.022364881000044 ], [ -89.601683569999977, 15.022544462000042 ], [ -89.600914043999978, 15.022895170000027 ], [ -89.595969631999935, 15.027254671000037 ], [ -89.595428499999969, 15.028027421000047 ], [ -89.595042584999987, 15.028896155000041 ], [ -89.594815166999979, 15.029654424000057 ], [ -89.594543430999977, 15.030753935000064 ], [ -89.594195763999949, 15.031662734000065 ], [ -89.59375332799999, 15.032397463000052 ], [ -89.593135615999984, 15.033092322000073 ], [ -89.592619336999974, 15.033541580000076 ], [ -89.592144666999957, 15.033819942000036 ], [ -89.591004231999989, 15.03412667200007 ], [ -89.590318765999939, 15.034116377000032 ], [ -89.589577070999951, 15.033991267000033 ], [ -89.58899181299995, 15.033849322000037 ], [ -89.588308770999959, 15.033686724000063 ], [ -89.587684036999974, 15.033581419000029 ], [ -89.587175609999974, 15.033536539000067 ], [ -89.586549348999938, 15.033527123000056 ], [ -89.585214876999942, 15.033696625000061 ], [ -89.583717890999935, 15.034264256000029 ], [ -89.581510274999971, 15.035453079000035 ], [ -89.577871483999957, 15.037411304000045 ], [ -89.575760356999979, 15.038407428000028 ], [ -89.57406350299999, 15.039199902000064 ], [ -89.573393783999961, 15.03947527300005 ], [ -89.57270618299998, 15.039598040000044 ], [ -89.571648939999989, 15.039601254000047 ], [ -89.569947551999974, 15.039442394000048 ], [ -89.567975849999982, 15.039088738000032 ], [ -89.566122918999952, 15.038642078000066 ], [ -89.565188115999945, 15.038323268000056 ], [ -89.56446864899999, 15.038007716000038 ], [ -89.563867022999943, 15.037656708000043 ], [ -89.563461901999972, 15.037288365000052 ], [ -89.563202925999974, 15.036314037000068 ], [ -89.56325275599994, 15.035668230000056 ], [ -89.56338158799997, 15.034946888000036 ], [ -89.563585990999968, 15.034436571000072 ], [ -89.56375036299994, 15.033924518000049 ], [ -89.563799881999955, 15.03329788700006 ], [ -89.563776884999982, 15.032269585000051 ], [ -89.563687603999938, 15.031754822000039 ], [ -89.563284044999989, 15.031253353000068 ], [ -89.562663284999985, 15.030902058000038 ], [ -89.56197935099999, 15.030834155000036 ], [ -89.561249532999966, 15.031166130000031 ], [ -89.560596848999978, 15.031574872000022 ], [ -89.560021936999988, 15.031984790000024 ], [ -89.55945187399999, 15.032128482000076 ], [ -89.55853136199994, 15.032151767000073 ], [ -89.557963744999938, 15.032143162000068 ], [ -89.557222730999968, 15.031942360000073 ], [ -89.556365117999974, 15.031700293000029 ], [ -89.555695277999973, 15.031586321000077 ] ] ] ] } },
{ "type": "Feature", "properties": { "Codigo": 1506, "datos_finales_color_riesgo": "ffaa00" }, "geometry": { "type": "MultiPolygon", "coordinates": [ [ [ [ -90.452462953999941, 14.995513024000047 ], [ -90.451485361999971, 14.994878777000054 ], [ -90.446238394999966, 14.98927234100006 ], [ -90.445564841999953, 14.988423553000075 ], [ -90.445417803999987, 14.984907909000071 ], [ -90.446243361999962, 14.98204905700004 ], [ -90.447127378999937, 14.980674592000071 ], [ -90.448821288999966, 14.974471789000063 ], [ -90.450594593999938, 14.970383671000036 ], [ -90.452109047999954, 14.964947779000056 ], [ -90.453684111999962, 14.958748080000078 ], [ -90.45449574099996, 14.956653467000024 ], [ -90.455730503999973, 14.947829098000057 ], [ -90.456147604999956, 14.941607409000028 ], [ -90.455788348999988, 14.938781568000024 ], [ -90.453583783999989, 14.933878922000076 ], [ -90.451842277999958, 14.931373044000054 ], [ -90.450002153999947, 14.928960910000058 ], [ -90.448934617999953, 14.927705769000056 ], [ -90.437245492999978, 14.917415843000072 ], [ -90.43588065199998, 14.916076026000042 ], [ -90.435508762999973, 14.915121092000049 ], [ -90.43310756599999, 14.912165092000066 ], [ -90.432498347999967, 14.909829905000038 ], [ -90.43324187799999, 14.908967655000026 ], [ -90.433576124999945, 14.908444080000038 ], [ -90.433945670999947, 14.907734586000061 ], [ -90.434121311999945, 14.907219393000048 ], [ -90.434232271999974, 14.906430216000047 ], [ -90.434332735999988, 14.905595755000036 ], [ -90.434391037999944, 14.904497722000031 ], [ -90.434452853999971, 14.903102756000067 ], [ -90.434595524999963, 14.902478793000057 ], [ -90.435180553999942, 14.901760417000048 ], [ -90.435546515999988, 14.901400924000029 ], [ -90.435902013999964, 14.900944201000073 ], [ -90.436100148999969, 14.900440549000052 ], [ -90.436190407999959, 14.899486276000061 ], [ -90.436209242999951, 14.898827049000033 ], [ -90.436253381999961, 14.897991954000076 ], [ -90.436145928999963, 14.896573636000028 ], [ -90.435791434999942, 14.895965559000047 ], [ -90.435485092999954, 14.895115247000035 ], [ -90.435401687999956, 14.894510205000074 ], [ -90.435353187999965, 14.893850224000062 ], [ -90.435305847999985, 14.893092017000072 ], [ -90.435363088999964, 14.892082046000041 ], [ -90.435613580999984, 14.890930833000027 ], [ -90.436342703999969, 14.890444413000068 ], [ -90.437128383999948, 14.889937169000063 ], [ -90.43744027799994, 14.889336548000074 ], [ -90.437514827999962, 14.888776183000061 ], [ -90.437351564999972, 14.888247031000049 ], [ -90.43677140599999, 14.887625140000068 ], [ -90.436379605999946, 14.887324914000033 ], [ -90.436125153999967, 14.886848942000029 ], [ -90.436189570999943, 14.886212807000049 ], [ -90.436569119999945, 14.885634397000047 ], [ -90.437503197999945, 14.884996697000076 ], [ -90.438512705999983, 14.884656806000066 ], [ -90.439181943999984, 14.884421511000028 ], [ -90.439772608999988, 14.884153720000029 ], [ -90.441911101999949, 14.882941144000029 ], [ -90.442715565999947, 14.882708474000026 ], [ -90.443213401999969, 14.882681281000032 ], [ -90.444139812999936, 14.882691612000031 ], [ -90.444973730999948, 14.882865772000059 ], [ -90.445480522999958, 14.883014826000021 ], [ -90.446302966999951, 14.883177558000057 ], [ -90.447036997999987, 14.883207191000054 ], [ -90.447534452999946, 14.883212731000071 ], [ -90.448214174999976, 14.883022689000029 ], [ -90.448795872999938, 14.882578620000061 ], [ -90.449240441999962, 14.88224368300007 ], [ -90.449740288999976, 14.881996307000065 ], [ -90.450634972999978, 14.881841396000027 ], [ -90.451425426999947, 14.881861478000076 ], [ -90.452340110999955, 14.881881809000049 ], [ -90.453311918999987, 14.881882443000052 ], [ -90.454037441999958, 14.88164772600004 ], [ -90.454581589999975, 14.88153294500006 ], [ -90.455123606999962, 14.881550255000036 ], [ -90.455653762999987, 14.881588887000078 ], [ -90.456251116999965, 14.881738923000057 ], [ -90.45682538599999, 14.881877412000051 ], [ -90.457569476999936, 14.882039234000047 ], [ -90.458425917999989, 14.882224886000074 ], [ -90.45903521799994, 14.882297135000044 ], [ -90.460096368999984, 14.88235293200006 ], [ -90.461678519999964, 14.882337712000037 ], [ -90.463112913999964, 14.882397629000025 ], [ -90.464026710999974, 14.882494689000055 ], [ -90.465526901999965, 14.882687436000026 ], [ -90.46618211699996, 14.882705970000075 ], [ -90.46672427499999, 14.88271196200003 ], [ -90.467451007999955, 14.88242301400004 ], [ -90.468145414999981, 14.881968842000049 ], [ -90.468489270999953, 14.881555963000039 ], [ -90.468901370999959, 14.881065923000051 ], [ -90.469418317999953, 14.880346684000074 ], [ -90.470081352999955, 14.879694545000063 ], [ -90.470932804999961, 14.879362920000062 ], [ -90.471668113999954, 14.87928295200004 ], [ -90.472752666999952, 14.879273455000032 ], [ -90.473903475999975, 14.879406963000065 ], [ -90.474477375999982, 14.879578149000054 ], [ -90.475251061999984, 14.880091425000046 ], [ -90.475731153999959, 14.880591304000063 ], [ -90.476218823999943, 14.881388248000064 ], [ -90.476740806999942, 14.882179922000034 ], [ -90.477263372999971, 14.882921918000022 ], [ -90.478489556999989, 14.884363857000039 ], [ -90.479325442999937, 14.884373052000058 ], [ -90.479791986999942, 14.884092492000036 ], [ -90.480520429999956, 14.883605906000071 ], [ -90.481243835999976, 14.883602566000036 ], [ -90.481973665999988, 14.883995644000038 ], [ -90.482442306999985, 14.884484096000051 ], [ -90.482830978999971, 14.885059746000024 ], [ -90.483197595999968, 14.885635153000067 ], [ -90.483576195999945, 14.886078574000067 ], [ -90.484091011999965, 14.886490743000024 ], [ -90.484842870999955, 14.886938258000043 ], [ -90.485416229999942, 14.887208786000031 ], [ -90.486226691999946, 14.887459331000059 ], [ -90.487004757999955, 14.887599984000076 ], [ -90.487714920999963, 14.887738759000058 ], [ -90.488761149999959, 14.888135290000037 ], [ -90.489612192999971, 14.888792784000032 ], [ -90.489981051999962, 14.889126557000054 ], [ -90.490426771999978, 14.88969153000005 ], [ -90.491081732999987, 14.890687897000078 ], [ -90.492025598999987, 14.892105236000077 ], [ -90.492143472999942, 14.892655327000057 ], [ -90.492199697999979, 14.893666593000034 ], [ -90.492227509999964, 14.894172789000038 ], [ -90.49251310599999, 14.894879417000027 ], [ -90.493084094999972, 14.895357681000064 ], [ -90.49372877199994, 14.895287950000068 ], [ -90.494187223999973, 14.894754327000044 ], [ -90.494693412999936, 14.893958117000068 ], [ -90.495531633999974, 14.89376967000004 ], [ -90.496014479999985, 14.894038057000046 ], [ -90.496571566999989, 14.894714904000068 ], [ -90.497186932999966, 14.895172187000071 ], [ -90.498232407999978, 14.895236683000064 ], [ -90.499715608999963, 14.897719103000043 ], [ -90.501654290999966, 14.899675751000075 ], [ -90.505105145999948, 14.902116371000034 ], [ -90.506756161999988, 14.903952412000024 ], [ -90.512596436999956, 14.909523211000021 ], [ -90.514041392999957, 14.911970152000038 ], [ -90.513900139999976, 14.917541381000035 ], [ -90.512769142999957, 14.919954675000042 ], [ -90.511429327999963, 14.924868064000066 ], [ -90.508502410999938, 14.929782207000073 ], [ -90.508432499999969, 14.93085985700003 ], [ -90.506853632999935, 14.933876873000031 ], [ -90.506941569999981, 14.93712548600007 ], [ -90.507404242999939, 14.938295896000056 ], [ -90.509077119999972, 14.940120904000025 ], [ -90.516072314999974, 14.942956921000075 ], [ -90.519980544999953, 14.945387726000035 ], [ -90.525654237999959, 14.947370106000051 ], [ -90.527435361999949, 14.948435079000035 ], [ -90.533620496999959, 14.949992579000025 ], [ -90.535372218999953, 14.953180161000034 ], [ -90.538728410999965, 14.95547261400003 ], [ -90.540879573999973, 14.956644250000068 ], [ -90.543216740999981, 14.958773217000044 ], [ -90.545525635999979, 14.963389608000057 ], [ -90.54518348299996, 14.968597424000052 ], [ -90.542136036999977, 14.976587917000074 ], [ -90.542842833999941, 14.980004742000062 ], [ -90.546385216999965, 14.983991902000071 ], [ -90.547468480999953, 14.986389676000044 ], [ -90.547295438999981, 14.990717365000023 ], [ -90.546210448999943, 14.993105335000052 ], [ -90.544804174999967, 14.995088947000056 ], [ -90.541998951999972, 14.997747417000028 ], [ -90.538350320999939, 14.999127452000039 ], [ -90.531150418999971, 15.00058185000006 ], [ -90.527119998999979, 15.001713629000051 ], [ -90.525896623999984, 15.002876997000044 ], [ -90.523804757999983, 15.003842323000072 ], [ -90.520917074999943, 15.007827557000041 ], [ -90.520880688999966, 15.012492012000052 ], [ -90.519528622999985, 15.015836727000021 ], [ -90.51761361399997, 15.018173656000045 ], [ -90.515031, 15.020315814000071 ], [ -90.51315841, 15.020487305000074 ], [ -90.508699302999958, 15.020426059000044 ], [ -90.506160501999943, 15.019787313000052 ], [ -90.491336079999897, 15.020265596000058 ], [ -90.489460451999946, 15.020051796000075 ], [ -90.488095859999987, 15.019605365000075 ], [ -90.486015189999989, 15.018646255000021 ], [ -90.483417342999985, 15.017356194000058 ], [ -90.476905810999938, 15.015633143000059 ], [ -90.472715453999967, 15.014176245000044 ], [ -90.468422509999982, 15.01167024700004 ], [ -90.465603051999949, 15.009438056000022 ], [ -90.464592050999954, 15.008672492000073 ], [ -90.461201612999957, 15.005609589000073 ], [ -90.458182827999963, 15.001236432000042 ], [ -90.457616027999961, 15.000194639000028 ], [ -90.45674616299999, 14.999338033000072 ], [ -90.453641730999948, 14.996277117000034 ], [ -90.452462953999941, 14.995513024000047 ] ] ] ] } },
{ "type": "Feature", "properties": { "Codigo": 1402, "datos_finales_color_riesgo": "ffaa00" }, "geometry": { "type": "MultiPolygon", "coordinates": [ [ [ [ -90.973274121999964, 15.05439605600003 ], [ -90.972313374999942, 15.051145717000054 ], [ -90.971939674999987, 15.048812152000039 ], [ -90.968605730999968, 15.042225417000054 ], [ -90.968219104999946, 15.039665830000047 ], [ -90.968575945999987, 15.036411453000028 ], [ -90.969393261999983, 15.034482745000048 ], [ -90.969929642999944, 15.033377207000058 ], [ -90.970321945999956, 15.031836641000041 ], [ -90.97043275499999, 15.03087301000005 ], [ -90.970591929999955, 15.028543077000052 ], [ -90.970459453999979, 15.026574247000042 ], [ -90.969864624999957, 15.02421498800004 ], [ -90.969283595999968, 15.022855488000062 ], [ -90.968857532999948, 15.022007921000068 ], [ -90.96553520599997, 15.01521910200006 ], [ -90.964766661999988, 15.012557831000038 ], [ -90.964446713999962, 15.005294341000024 ], [ -90.965115452999953, 15.00216813000003 ], [ -90.966468033999945, 14.99750621000004 ], [ -90.967944814999953, 14.994758813000033 ], [ -90.969374331999973, 14.993198121000034 ], [ -90.972104141999978, 14.990219004000039 ], [ -90.975124347999952, 14.988848632000042 ], [ -90.976989763999939, 14.987819251000076 ], [ -90.981314643999951, 14.986904280000033 ], [ -90.984209610999983, 14.985558644000037 ], [ -90.985329500999967, 14.985464630000024 ], [ -90.987377877999961, 14.984247009000057 ], [ -90.989852072999952, 14.983904003000077 ], [ -90.992035564999981, 14.982772241000077 ], [ -91.002429020999955, 14.979455709000035 ], [ -91.005477247999977, 14.978100953000023 ], [ -91.009496662999936, 14.976074637000067 ], [ -91.011710339999979, 14.97927141100007 ], [ -91.011627665999981, 14.979793678000021 ], [ -91.013653874999989, 14.982913124000049 ], [ -91.014197122999974, 14.989904206000062 ], [ -91.014996785999983, 14.991838210000026 ], [ -91.01728572899998, 14.994205380000039 ], [ -91.019702106999944, 14.994663548000062 ], [ -91.023800363999953, 14.993883599000071 ], [ -91.028313925999953, 14.99102311200005 ], [ -91.032029957999953, 14.987427059000026 ], [ -91.033741884999984, 14.985365681000076 ], [ -91.033758932999945, 14.984834927000065 ], [ -91.034311102999936, 14.984684939000033 ], [ -91.03890552699994, 14.979544282000063 ], [ -91.041591077999954, 14.977226881000036 ], [ -91.045609471999967, 14.975217951000047 ], [ -91.054760610999949, 14.972462073000031 ], [ -91.066141634999951, 14.971554661000027 ], [ -91.071841297999981, 14.971602921000056 ], [ -91.083832084999983, 14.971705117000056 ], [ -91.093499394999981, 14.970576325000025 ], [ -91.096993129999987, 14.969301931000075 ], [ -91.105886339999984, 14.967126887000063 ], [ -91.112849993999987, 14.964482545000067 ], [ -91.116231312999957, 14.963087161000033 ], [ -91.123767163999958, 14.957618588000059 ], [ -91.125156816999947, 14.955950245000054 ], [ -91.128327578999972, 14.95348881700005 ], [ -91.129491092999956, 14.951427735000038 ], [ -91.130787039999973, 14.950373102000071 ], [ -91.132232984999973, 14.951787941000077 ], [ -91.133617216999937, 14.954563475000043 ], [ -91.133780916999967, 14.95672806500005 ], [ -91.133148424999945, 14.960466501000042 ], [ -91.130582814999968, 14.964220732000058 ], [ -91.129966414999956, 14.965892053000061 ], [ -91.124570761999962, 14.972634569000036 ], [ -91.110121551999953, 14.986821914000075 ], [ -91.108312618999946, 14.989681779000023 ], [ -91.105987372999948, 14.994950191000044 ], [ -91.104349337999963, 15.001875784000049 ], [ -91.101164460999939, 15.018053518000045 ], [ -91.098712175999935, 15.025070495000023 ], [ -91.096448769999938, 15.034818138000048 ], [ -91.092091289999985, 15.045846053000048 ], [ -91.090745696999988, 15.048143651000032 ], [ -91.089784351999981, 15.050299878000033 ], [ -91.088052827999945, 15.052917270000023 ], [ -91.085683742999947, 15.056370813000058 ], [ -91.082716355999935, 15.059514277000062 ], [ -91.078441150999936, 15.062845424000045 ], [ -91.073054645999946, 15.065317582000034 ], [ -91.070570653999937, 15.065870293000046 ], [ -91.067253944999948, 15.066334547000054 ], [ -91.06308801099999, 15.065450683000051 ], [ -91.058771424999975, 15.063430224000058 ], [ -91.054997731999947, 15.059880379000049 ], [ -91.050077857999952, 15.055325476000064 ], [ -91.042043339999964, 15.049394932000041 ], [ -91.039781405999975, 15.047544371000072 ], [ -91.036288771999978, 15.042942812000035 ], [ -91.03547903399999, 15.041057331000047 ], [ -91.034514684999976, 15.038160676000075 ], [ -91.034447014999955, 15.035651314000063 ], [ -91.033768240999962, 15.033049686000027 ], [ -91.032113724999988, 15.031211109000026 ], [ -91.03065064499998, 15.030552320000027 ], [ -91.02646735899998, 15.030517157000077 ], [ -91.016447935999963, 15.035050950000027 ], [ -91.013565400999937, 15.035558915000024 ], [ -91.009477968999988, 15.036335289000021 ], [ -91.004608470999983, 15.036655152000037 ], [ -91.000515445999952, 15.037591704000022 ], [ -90.996337490999963, 15.039342962000035 ], [ -90.994545488999961, 15.040619347000074 ], [ -90.99205555399999, 15.043379415000061 ], [ -90.989454070999955, 15.046624163000047 ], [ -90.983281982999983, 15.051389161000031 ], [ -90.980663547999939, 15.052830887000027 ], [ -90.977319897999962, 15.054011969000044 ], [ -90.97470741699999, 15.054509382000049 ], [ -90.973274121999964, 15.05439605600003 ] ] ] ] } },
{ "type": "Feature", "properties": { "Codigo": 2205, "datos_finales_color_riesgo": "ffaa00" }, "geometry": { "type": "MultiPolygon", "coordinates": [ [ [ [ -89.576841349999938, 14.376290690000076 ], [ -89.577756074999968, 14.373805575000063 ], [ -89.577786149999952, 14.371640544000059 ], [ -89.576076730999944, 14.367440596000051 ], [ -89.573264957999982, 14.363459402000046 ], [ -89.56749961, 14.359422966000068 ], [ -89.566811667999957, 14.358348883000076 ], [ -89.566193875999943, 14.355750187000069 ], [ -89.566118404999941, 14.355044955000039 ], [ -89.565812320999953, 14.354092640000033 ], [ -89.565362994999987, 14.353538838000077 ], [ -89.564991814999985, 14.353097881000053 ], [ -89.564677898999946, 14.352658883000061 ], [ -89.564490309999897, 14.352209305000031 ], [ -89.564492874999985, 14.351282907000041 ], [ -89.564660808999975, 14.350783197000055 ], [ -89.565011122999977, 14.350353834000032 ], [ -89.565768924999986, 14.350185404000058 ], [ -89.566763309999942, 14.350290097000027 ], [ -89.567757136999944, 14.350393647000033 ], [ -89.568486577999977, 14.350605078000058 ], [ -89.568975059999957, 14.350868308000031 ], [ -89.569634121999968, 14.35117914600005 ], [ -89.570157070999983, 14.351421434000031 ], [ -89.570611683999971, 14.351628879000032 ], [ -89.571146490999979, 14.351814914000045 ], [ -89.572037743999942, 14.351928248000036 ], [ -89.572678835999966, 14.351937527000075 ], [ -89.57409858599999, 14.351891493000039 ], [ -89.574696011999947, 14.351765852000028 ], [ -89.57559575, 14.351321849000044 ], [ -89.577344338999978, 14.349973822000038 ], [ -89.578341418999969, 14.349140773000045 ], [ -89.578945455999985, 14.348579637000057 ], [ -89.579378992999978, 14.348003623000068 ], [ -89.579831525999964, 14.347510258000057 ], [ -89.580352060999985, 14.347149903000059 ], [ -89.580844896999963, 14.347089312000037 ], [ -89.581412210999986, 14.347421362000034 ], [ -89.582017816999951, 14.347937899000044 ], [ -89.584271845999979, 14.348059561000071 ], [ -89.586351372999957, 14.346751203000053 ], [ -89.588302638999949, 14.344854182000063 ], [ -89.588621411999952, 14.342454047000047 ], [ -89.589705347999939, 14.340351550000037 ], [ -89.590737382999976, 14.333683711000049 ], [ -89.590196637999952, 14.330754374000037 ], [ -89.591692255999988, 14.327174983000077 ], [ -89.591544793999958, 14.326096319000044 ], [ -89.589736839999944, 14.322817008000072 ], [ -89.590007992999972, 14.321225275000074 ], [ -89.592048788999989, 14.318706546000044 ], [ -89.592663622999964, 14.313052792000065 ], [ -89.592624805999947, 14.312174295000034 ], [ -89.592588980999949, 14.311480911000046 ], [ -89.591872333999959, 14.310925581000049 ], [ -89.591171695999947, 14.310728199000039 ], [ -89.59065633099999, 14.310638421000021 ], [ -89.58977626699999, 14.31055920600005 ], [ -89.588947240999971, 14.310893730000032 ], [ -89.58832963399999, 14.311366705000069 ], [ -89.587545680999938, 14.31201106900005 ], [ -89.586860257999945, 14.312682798000026 ], [ -89.586232629999984, 14.313320374000057 ], [ -89.585834477999981, 14.313706220000029 ], [ -89.585190894999982, 14.31409756100004 ], [ -89.584685214999979, 14.314247141000067 ], [ -89.583674640999959, 14.314456031000077 ], [ -89.582797364999976, 14.31495684600003 ], [ -89.582185230999983, 14.315716503000033 ], [ -89.58170281799994, 14.316201556000067 ], [ -89.580811778999987, 14.31623498700003 ], [ -89.580272828999966, 14.316135818000078 ], [ -89.579636294999943, 14.315870490000066 ], [ -89.579070059999935, 14.315471890000026 ], [ -89.578662213999962, 14.315198571000053 ], [ -89.578026642999987, 14.314831694000077 ], [ -89.576961580999978, 14.314894201000072 ], [ -89.575799793999977, 14.315267883000047 ], [ -89.57492960899998, 14.315300465000064 ], [ -89.573912440999948, 14.31521920800003 ], [ -89.572691298999985, 14.314966864000041 ], [ -89.572142294999935, 14.314958936000039 ], [ -89.571418765999965, 14.315126778000035 ], [ -89.570828605999964, 14.31554254200006 ], [ -89.570227795999983, 14.315935583000055 ], [ -89.569607906999977, 14.316060908000054 ], [ -89.568887083999982, 14.316050489000077 ], [ -89.568395630999987, 14.315986963000057 ], [ -89.567821975999948, 14.315811661000055 ], [ -89.567280075999975, 14.31560296300006 ], [ -89.566553128999942, 14.315234738000072 ], [ -89.56581466099999, 14.314901325000051 ], [ -89.565250896999942, 14.314722774000074 ], [ -89.563685289999967, 14.314407852000045 ], [ -89.56254359199994, 14.313994118000039 ], [ -89.561748723999983, 14.313603455000077 ], [ -89.560866138999984, 14.312931672000047 ], [ -89.560243526999955, 14.312476926000045 ], [ -89.559681591999947, 14.311799629000063 ], [ -89.559487738999962, 14.311003541000048 ], [ -89.560015159999978, 14.310186307000038 ], [ -89.560389336999947, 14.309667012000034 ], [ -89.560204487999954, 14.309039189000032 ], [ -89.559629629999961, 14.308450851000032 ], [ -89.559060072999955, 14.308274464000021 ], [ -89.557976834999977, 14.308013899000059 ], [ -89.557360376999952, 14.307915818000026 ], [ -89.556245527999977, 14.304758138000068 ], [ -89.556217978999939, 14.304060378000031 ], [ -89.55599927899999, 14.303376770000057 ], [ -89.555436359999987, 14.302766035000047 ], [ -89.554421166999987, 14.302560608000022 ], [ -89.553747114999965, 14.302484254000035 ], [ -89.553244693999943, 14.302421672000037 ], [ -89.552412971999956, 14.302174893000029 ], [ -89.5512328, 14.301179430000047 ], [ -89.547022520999974, 14.296667830000047 ], [ -89.545550942999967, 14.29513324900006 ], [ -89.544661576999943, 14.293209929000056 ], [ -89.544468388999974, 14.290519258000074 ], [ -89.546140625999953, 14.286718258000064 ], [ -89.547281397999939, 14.285513885000057 ], [ -89.54704936, 14.278807765000067 ], [ -89.547649310999986, 14.27759327800004 ], [ -89.548576322999963, 14.277162131000068 ], [ -89.548115762999942, 14.276672490000067 ], [ -89.547989060999953, 14.275990221000029 ], [ -89.548850459999983, 14.275801859000069 ], [ -89.549414086999946, 14.276323459000025 ], [ -89.550089932999981, 14.276276839000047 ], [ -89.550461472999984, 14.275205719000041 ], [ -89.550207141999977, 14.274622029000057 ], [ -89.549734723999961, 14.27415140200003 ], [ -89.548939728999983, 14.274424235000026 ], [ -89.548744712999962, 14.273707123000065 ], [ -89.549245416999952, 14.273156948000064 ], [ -89.549999698999954, 14.272442314000045 ], [ -89.550396602999967, 14.271945923000033 ], [ -89.550278182999989, 14.271440934000054 ], [ -89.549685975999978, 14.271276630000045 ], [ -89.549148063999951, 14.271269960000041 ], [ -89.548358571999984, 14.271258512000031 ], [ -89.547735323999973, 14.27089176800007 ], [ -89.547378242999969, 14.270294172000035 ], [ -89.547228424999957, 14.269496470000036 ], [ -89.547111332999975, 14.269018584000037 ], [ -89.546647459999974, 14.268709442000045 ], [ -89.546205032999978, 14.268435590000024 ], [ -89.545688351999956, 14.26798575600003 ], [ -89.54504628699999, 14.267147059000024 ], [ -89.54478398699996, 14.265570253000021 ], [ -89.544415661999949, 14.266468763000034 ], [ -89.544290246999935, 14.267181224000069 ], [ -89.543677355999989, 14.267122677000032 ], [ -89.542400293999947, 14.265968960000066 ], [ -89.541428936999978, 14.264420221000023 ], [ -89.540421685999945, 14.26283598200007 ], [ -89.540004678999935, 14.262376306000021 ], [ -89.538424554999949, 14.260199226000054 ], [ -89.537228268999968, 14.258647214000064 ], [ -89.535451774999956, 14.256339763000028 ], [ -89.534287583999969, 14.254885253000054 ], [ -89.533349604999955, 14.253580722000038 ], [ -89.529204310999944, 14.248673934000067 ], [ -89.526601058999972, 14.245632243000045 ], [ -89.526322820999951, 14.244575402000066 ], [ -89.525285974999974, 14.243802017000064 ], [ -89.52367899099994, 14.242601685000068 ], [ -89.522104046999971, 14.241425511000045 ], [ -89.522078394999937, 14.240080101000046 ], [ -89.523287859999982, 14.238305858000047 ], [ -89.523206961999961, 14.236714781000046 ], [ -89.521658776999971, 14.235531103000028 ], [ -89.519440181999983, 14.235482950000062 ], [ -89.519008975999952, 14.235087366000073 ], [ -89.518749513999978, 14.234581449000075 ], [ -89.518788515999972, 14.233584529000041 ], [ -89.518797952999989, 14.232931333000067 ], [ -89.518828609999957, 14.232440934000067 ], [ -89.519037485999945, 14.231832398000051 ], [ -89.519797498999935, 14.230737667000028 ], [ -89.520996167999954, 14.22977796400005 ], [ -89.52175617599994, 14.22921130800006 ], [ -89.52247515, 14.228377753000075 ], [ -89.523009682999941, 14.227653217000068 ], [ -89.523589563999963, 14.226950780000038 ], [ -89.524351589999981, 14.226250992000075 ], [ -89.52562859599999, 14.225801299000068 ], [ -89.529162778999989, 14.225177931000076 ], [ -89.529673427999967, 14.224424818000045 ], [ -89.528504256999952, 14.223571680000077 ], [ -89.526465316999975, 14.223090670000033 ], [ -89.523317745999975, 14.224606544000039 ], [ -89.522028238999951, 14.224362084000063 ], [ -89.521762862999935, 14.222806687000059 ], [ -89.525237463999986, 14.219457441000031 ], [ -89.530801053999937, 14.218150401000059 ], [ -89.532251029999941, 14.217808113000046 ], [ -89.533419594999941, 14.217828463000046 ], [ -89.53392844199999, 14.21783584800005 ], [ -89.53449614699997, 14.217776382000068 ], [ -89.535085892999973, 14.217712721000055 ], [ -89.536032238999951, 14.217475942000021 ], [ -89.536732621999988, 14.217363104000071 ], [ -89.537422306999986, 14.217155321000064 ], [ -89.538306453999951, 14.217698485000028 ], [ -89.538762316999964, 14.217995094000059 ], [ -89.539272541999935, 14.218254122000076 ], [ -89.539744877999965, 14.218494544000066 ], [ -89.540492971999981, 14.219085383000049 ], [ -89.541267238999978, 14.219704809000064 ], [ -89.541737308999984, 14.220018543000037 ], [ -89.542322408999951, 14.220640868000032 ], [ -89.542907832999958, 14.221280125000021 ], [ -89.543910094999944, 14.221550782000065 ], [ -89.544454751999979, 14.221486447000075 ], [ -89.545207740999956, 14.221224268000071 ], [ -89.545984909999959, 14.221121539000023 ], [ -89.546898759999976, 14.221349156000031 ], [ -89.547599357999957, 14.221565785000053 ], [ -89.548286108999946, 14.221552016000032 ], [ -89.550166175999948, 14.220882953000057 ], [ -89.550655793999965, 14.220672241000045 ], [ -89.551223057999948, 14.220223426000075 ], [ -89.551643333999948, 14.219665287000055 ], [ -89.551816481999936, 14.219193850000067 ], [ -89.551976439999976, 14.21844801900005 ], [ -89.552448412999979, 14.21787482600007 ], [ -89.553165882999963, 14.217322098000068 ], [ -89.553710255999988, 14.216894383000067 ], [ -89.554131784999981, 14.216252753000049 ], [ -89.55448703199994, 14.215443158000028 ], [ -89.554652569999973, 14.214709814000059 ], [ -89.555033849999973, 14.214090167000052 ], [ -89.555383087999985, 14.213676558000031 ], [ -89.555727445999935, 14.213241438000068 ], [ -89.556310909999979, 14.212484779000022 ], [ -89.556796029999987, 14.211805689000073 ], [ -89.55716104399994, 14.211113583000042 ], [ -89.557386165999958, 14.210569540000051 ], [ -89.55768408099999, 14.210183397000037 ], [ -89.558118268999976, 14.209849996000059 ], [ -89.558793034999951, 14.20947943300007 ], [ -89.559470461999979, 14.209277042000053 ], [ -89.560324701999946, 14.209161828000049 ], [ -89.561424112999987, 14.209088504000022 ], [ -89.562311903999955, 14.209011001000022 ], [ -89.562804579999977, 14.208940227000028 ], [ -89.563871647999974, 14.20871070100003 ], [ -89.564394254999968, 14.208572649000075 ], [ -89.565476827999987, 14.208465208000064 ], [ -89.566134855999962, 14.20847466400005 ], [ -89.567220931999941, 14.20851847800003 ], [ -89.567764064999949, 14.208514993000051 ], [ -89.568578847999959, 14.208331475000023 ], [ -89.569196168999952, 14.208010834000049 ], [ -89.569767805999959, 14.207651168000041 ], [ -89.570488046999969, 14.207293634000052 ], [ -89.570911942999942, 14.206490626000061 ], [ -89.571163691999971, 14.205712228000039 ], [ -89.571660219999956, 14.205423698000061 ], [ -89.57223729399999, 14.205431974000021 ], [ -89.572877205999987, 14.20549193100004 ], [ -89.573425860999976, 14.205505438000046 ], [ -89.573947201999943, 14.205450846000076 ], [ -89.57599013, 14.204247857000041 ], [ -89.577167399999951, 14.203572979000057 ], [ -89.578094486999987, 14.20315067100006 ], [ -89.579111165999961, 14.202846998000041 ], [ -89.579983259999949, 14.202658611000061 ], [ -89.581502978999936, 14.202401619000057 ], [ -89.58256894799996, 14.202243075000069 ], [ -89.583451587999946, 14.202122534000068 ], [ -89.584430132999955, 14.202085736000072 ], [ -89.585025450999979, 14.202072797000028 ], [ -89.58555189399999, 14.202063388000056 ], [ -89.586060073999988, 14.202114656000049 ], [ -89.59212327399996, 14.202634483000054 ], [ -89.593786596999962, 14.202945945000067 ], [ -89.594493762999946, 14.20264794700006 ], [ -89.599497165999935, 14.20276317400004 ], [ -89.627970826999956, 14.204482292000023 ], [ -89.630584737999982, 14.203179616000057 ], [ -89.637276549999967, 14.199542985000051 ], [ -89.640964748999977, 14.198060043000055 ], [ -89.646526048999988, 14.194823633000055 ], [ -89.658760729999983, 14.189117450000026 ], [ -89.665585410999938, 14.185479438000073 ], [ -89.669208328999957, 14.18974385100006 ], [ -89.670857067999975, 14.190587246000064 ], [ -89.673510830999987, 14.194017689000077 ], [ -89.677985555999953, 14.195339329000035 ], [ -89.681975339999951, 14.198270257000047 ], [ -89.685296360999985, 14.201534952000031 ], [ -89.687784081999951, 14.201693564000038 ], [ -89.690147588999935, 14.203950687000031 ], [ -89.690620329999945, 14.204892809000057 ], [ -89.690346901999987, 14.206511894000073 ], [ -89.688246596999988, 14.20691391500003 ], [ -89.687237266999944, 14.208184227000061 ], [ -89.688060940999947, 14.210607371000037 ], [ -89.689146501999971, 14.211849159000053 ], [ -89.692404787999976, 14.211930396000071 ], [ -89.696895478999977, 14.21664785300004 ], [ -89.698092740999982, 14.217333646000043 ], [ -89.70112474199999, 14.217668966000076 ], [ -89.70526048399995, 14.217483402000028 ], [ -89.707780622999962, 14.215779009000073 ], [ -89.707975337999983, 14.213956782000025 ], [ -89.708566051999981, 14.213029328000061 ], [ -89.71149818799995, 14.212349664000044 ], [ -89.718429445999959, 14.214171694000072 ], [ -89.724251941999967, 14.214468281000052 ], [ -89.730014844999971, 14.21537223100006 ], [ -89.73531444799994, 14.218493072000058 ], [ -89.740998267999942, 14.220972373000052 ], [ -89.745818863999943, 14.22209674800007 ], [ -89.750904010999989, 14.224224592000041 ], [ -89.760982848999959, 14.227452842000048 ], [ -89.76186430499996, 14.227709712000035 ], [ -89.771889940999984, 14.230638879000026 ], [ -89.779792684999961, 14.232059377000041 ], [ -89.782908046999978, 14.233572025000058 ], [ -89.788117032999935, 14.234850981000022 ], [ -89.787642618999939, 14.236078215000077 ], [ -89.786948331999952, 14.23673477400007 ], [ -89.783198759999948, 14.247878213000035 ], [ -89.780609922999986, 14.253728040000055 ], [ -89.779605615999969, 14.257629748000056 ], [ -89.778911409999978, 14.258436377000066 ], [ -89.776135531999955, 14.26586254800003 ], [ -89.772678200999962, 14.273178961000042 ], [ -89.7727301, 14.274774433000061 ], [ -89.77566914099998, 14.277282605000039 ], [ -89.778941873999941, 14.281922766000037 ], [ -89.781093622999947, 14.284829940000066 ], [ -89.784027060999961, 14.290718280000021 ], [ -89.786393632999989, 14.302090963000069 ], [ -89.787660155999959, 14.30406404200005 ], [ -89.790523254999982, 14.304581289000055 ], [ -89.793453901999953, 14.303888368000059 ], [ -89.796980565999945, 14.304668442000036 ], [ -89.797815752999952, 14.305968634000067 ], [ -89.797089378999942, 14.308585233000031 ], [ -89.795775480999964, 14.310310161000075 ], [ -89.795627598999943, 14.311351047000073 ], [ -89.793739097999946, 14.314901138000039 ], [ -89.792680263999955, 14.316144158000043 ], [ -89.792103072999964, 14.319576500000039 ], [ -89.790844032999985, 14.321302119000052 ], [ -89.789596690999986, 14.327653103000046 ], [ -89.787738673999968, 14.33180621300005 ], [ -89.786636974999965, 14.335681739000051 ], [ -89.78606037899999, 14.342425494000054 ], [ -89.785791526999958, 14.357163104000051 ], [ -89.785320677999948, 14.364836014000048 ], [ -89.781153773999961, 14.364605563000055 ], [ -89.777224073999946, 14.363578066000059 ], [ -89.772270890999948, 14.364252073000046 ], [ -89.771353667999961, 14.364797105000036 ], [ -89.769157670999959, 14.365023335000046 ], [ -89.757644281999944, 14.370107164000046 ], [ -89.755421826999964, 14.370358846000045 ], [ -89.753430986999945, 14.371367598000063 ], [ -89.753364960999988, 14.373974918000044 ], [ -89.751082420999978, 14.383062748000043 ], [ -89.749678394999989, 14.396510005000039 ], [ -89.748595645999956, 14.400953101000027 ], [ -89.747161358999961, 14.401647750000052 ], [ -89.740723956999943, 14.400059058000068 ], [ -89.739823546999958, 14.399472170000024 ], [ -89.736553448999985, 14.399966465000034 ], [ -89.732145961999947, 14.399530811000034 ], [ -89.727979768999944, 14.396446246000039 ], [ -89.723572632999947, 14.396351284000048 ], [ -89.717314551999948, 14.400935557000025 ], [ -89.716927256999952, 14.40465221200003 ], [ -89.714562684999976, 14.406520957000055 ], [ -89.7098918, 14.406557459000055 ], [ -89.707893440999953, 14.408005756000023 ], [ -89.704884925999977, 14.407593598000062 ], [ -89.698998965999976, 14.41163283000003 ], [ -89.696999268999946, 14.412418531000071 ], [ -89.694047703999956, 14.411834356000043 ], [ -89.691788272999986, 14.412094977000038 ], [ -89.691899237999962, 14.414186608000023 ], [ -89.692508269999962, 14.415325956000061 ], [ -89.695534641999984, 14.418730334000031 ], [ -89.695902756999942, 14.420857172000069 ], [ -89.695519125999965, 14.422725194000066 ], [ -89.691053399999987, 14.423827219000032 ], [ -89.683279619999951, 14.424129897000057 ], [ -89.671925923999936, 14.421288497000035 ], [ -89.668068263999942, 14.421174203000078 ], [ -89.659370528999943, 14.419430580000039 ], [ -89.654377928999963, 14.41952907600006 ], [ -89.652856143999941, 14.420673230000034 ], [ -89.652638727999943, 14.424179808000076 ], [ -89.651273738999976, 14.426682635000077 ], [ -89.645507441999939, 14.430378865000023 ], [ -89.641692429999978, 14.431007266000051 ], [ -89.638391749999982, 14.430581025000038 ], [ -89.632488113999955, 14.426841554000077 ], [ -89.62855540299995, 14.425179497000045 ], [ -89.621766977999982, 14.423853392000069 ], [ -89.616774093999936, 14.423591077000026 ], [ -89.622402943999987, 14.420763703000034 ], [ -89.625700292999966, 14.417169302000048 ], [ -89.629003119999936, 14.414781263000066 ], [ -89.63062419399995, 14.412041888000033 ], [ -89.631239823999977, 14.41025412700003 ], [ -89.632982664999986, 14.397395026000027 ], [ -89.633579987999951, 14.396513163000066 ], [ -89.634462243999963, 14.390373195000052 ], [ -89.636014793999948, 14.385039473000063 ], [ -89.63658798299997, 14.380199613000059 ], [ -89.636252485999989, 14.376163854000026 ], [ -89.634137639999949, 14.374451173000068 ], [ -89.631644648999952, 14.374606392000032 ], [ -89.629178687999968, 14.372419227000023 ], [ -89.628599355999938, 14.370678738000038 ], [ -89.626705048999952, 14.368702833000043 ], [ -89.625940653999976, 14.36529519100003 ], [ -89.625002331999951, 14.364298899000062 ], [ -89.623497887999974, 14.363577777000046 ], [ -89.617166183999984, 14.364217471000075 ], [ -89.60515862599999, 14.368059452000068 ], [ -89.603507316999981, 14.369018642000071 ], [ -89.601098930999967, 14.369442203000062 ], [ -89.594821563999972, 14.371378625000034 ], [ -89.590410863999978, 14.37185673700003 ], [ -89.583439479999981, 14.376301493000028 ], [ -89.578170338999939, 14.375905948000025 ], [ -89.576841349999938, 14.376290690000076 ] ] ] ] } },
{ "type": "Feature", "properties": { "Codigo": 1217, "datos_finales_color_riesgo": "ffaa00" }, "geometry": { "type": "MultiPolygon", "coordinates": [ [ [ [ -92.074534017999952, 14.788318544000049 ], [ -92.07426521299999, 14.777887142000054 ], [ -92.07585458799997, 14.769229439000071 ], [ -92.075532271999975, 14.768690247000052 ], [ -92.07488809299997, 14.768329444000074 ], [ -92.072368516999973, 14.768206333000023 ], [ -92.07151612199999, 14.767790442000035 ], [ -92.071294061999936, 14.766617692000068 ], [ -92.071484049999981, 14.766044391000037 ], [ -92.072161877999974, 14.76545045000006 ], [ -92.073197402999938, 14.764578819000064 ], [ -92.07517379899997, 14.763244242000042 ], [ -92.076936846999956, 14.761963037000044 ], [ -92.077401514999963, 14.761515134000035 ], [ -92.077879891999942, 14.760982531000025 ], [ -92.078087467999978, 14.760501958000077 ], [ -92.078223384999944, 14.759939736000035 ], [ -92.078280940999946, 14.758820086000071 ], [ -92.075570343999971, 14.756107315000065 ], [ -92.07518926099999, 14.755738524000037 ], [ -92.07474857599999, 14.755185297000025 ], [ -92.074656429999948, 14.754457178000052 ], [ -92.074890946999972, 14.753921343000059 ], [ -92.075263331999963, 14.753598507000049 ], [ -92.076617760999966, 14.752953013000024 ], [ -92.077629593999973, 14.752311795000026 ], [ -92.07813321499998, 14.750880899000038 ], [ -92.077860121999947, 14.749274011000068 ], [ -92.077365291999968, 14.748618867000062 ], [ -92.076012313999968, 14.748377285000061 ], [ -92.071644853999942, 14.74853156100005 ], [ -92.070859806999977, 14.748134022000045 ], [ -92.070295868999949, 14.747625493000044 ], [ -92.069947578999972, 14.746786728000075 ], [ -92.06997432899999, 14.746092987000054 ], [ -92.070172553999953, 14.745627072000048 ], [ -92.072096099999953, 14.744531871000049 ], [ -92.074034757999982, 14.743290934000072 ], [ -92.077042474999985, 14.74062473400005 ], [ -92.079417671999977, 14.738141303000077 ], [ -92.081811070999947, 14.73601162500006 ], [ -92.082349560999944, 14.735110849000023 ], [ -92.082738921999976, 14.734328135000055 ], [ -92.082935195999937, 14.733624890000044 ], [ -92.083438608999984, 14.732640347000029 ], [ -92.083966455999985, 14.732059329000037 ], [ -92.085169489999942, 14.731343114000026 ], [ -92.08815735, 14.730866717000026 ], [ -92.090725824999936, 14.731979754000065 ], [ -92.095302493999952, 14.732401115000073 ], [ -92.099349735999965, 14.734368507000056 ], [ -92.103116915999976, 14.735698522000064 ], [ -92.106466429999955, 14.737664220000056 ], [ -92.111003323999967, 14.739487532000055 ], [ -92.115361027999938, 14.742858254000055 ], [ -92.115939539999943, 14.743233384000064 ], [ -92.116549687999964, 14.743395054000075 ], [ -92.116813140999966, 14.742854760000057 ], [ -92.115910144999987, 14.739726693000023 ], [ -92.11555591299998, 14.735714752000035 ], [ -92.115421354999967, 14.731651666000062 ], [ -92.115632584999958, 14.723613209000064 ], [ -92.118822264999949, 14.712741719000064 ], [ -92.119030135999935, 14.712152616000026 ], [ -92.119552566999971, 14.711728566000033 ], [ -92.120711509999978, 14.711384905000045 ], [ -92.121876632999943, 14.711236764000034 ], [ -92.123068066999963, 14.710895475000029 ], [ -92.123811246999935, 14.710431569000036 ], [ -92.124159579999969, 14.70998989800006 ], [ -92.124318774999949, 14.708937278000064 ], [ -92.12418377099999, 14.707854164000025 ], [ -92.123478082999952, 14.706781324000076 ], [ -92.122478254999976, 14.70595598500006 ], [ -92.120864703999985, 14.705889978000073 ], [ -92.119441311999935, 14.705596411000045 ], [ -92.11842678499994, 14.704967630000056 ], [ -92.11767598199998, 14.703862959000048 ], [ -92.117321584999956, 14.703212954000037 ], [ -92.117238712999949, 14.702310847000035 ], [ -92.117636594999965, 14.700805983000066 ], [ -92.118096632999936, 14.699577092000027 ], [ -92.118342577999954, 14.690360077000037 ], [ -92.119297242999949, 14.688961289000076 ], [ -92.12023607399999, 14.688035934000027 ], [ -92.122119121999958, 14.686573975000044 ], [ -92.123764036999944, 14.685580080000022 ], [ -92.124937657999965, 14.684865783000077 ], [ -92.125900676999947, 14.683977785000025 ], [ -92.126590781999937, 14.683113620000029 ], [ -92.127597894999951, 14.68090925000007 ], [ -92.127546095999946, 14.680066022000062 ], [ -92.127043132999972, 14.679702510000027 ], [ -92.126071651999951, 14.680096642000024 ], [ -92.125426518999973, 14.680308926000066 ], [ -92.124744652999937, 14.680270194000059 ], [ -92.123805429999948, 14.680141214000059 ], [ -92.123180355999978, 14.679834868000057 ], [ -92.122408856999982, 14.679275958000062 ], [ -92.121545434999973, 14.678626295000072 ], [ -92.120810947999985, 14.678103686000043 ], [ -92.119983531999935, 14.67774232000005 ], [ -92.11937581699999, 14.677596498000071 ], [ -92.118918127999962, 14.676948363000065 ], [ -92.119143859999951, 14.675802201000067 ], [ -92.119152612999983, 14.673614422000071 ], [ -92.119213275999982, 14.672233708000022 ], [ -92.119364861999941, 14.671193490000064 ], [ -92.119570795999948, 14.670351238000023 ], [ -92.120494621999967, 14.66967330600005 ], [ -92.123224851999964, 14.668662038000036 ], [ -92.123687691999976, 14.668160902000068 ], [ -92.123874101999945, 14.667552497000031 ], [ -92.123812804999943, 14.664431013000069 ], [ -92.124079777999953, 14.662244203000057 ], [ -92.12441880099999, 14.660326620000035 ], [ -92.12436822699999, 14.659178276000034 ], [ -92.124130453999953, 14.658693710000023 ], [ -92.122809290999953, 14.657433222000066 ], [ -92.122350188999974, 14.657000932000074 ], [ -92.122167995999973, 14.65655160600005 ], [ -92.12311210699994, 14.655426228000067 ], [ -92.125642518999939, 14.653677362000053 ], [ -92.126031312999942, 14.653105876000041 ], [ -92.126403254999957, 14.652246158000025 ], [ -92.126608497999939, 14.651565496000046 ], [ -92.127057973999968, 14.649737594000044 ], [ -92.127229770999975, 14.648268015000042 ], [ -92.12712155, 14.647604256000022 ], [ -92.12664517799999, 14.646992228000045 ], [ -92.12378107699999, 14.644668203000037 ], [ -92.123564029999955, 14.64364467200005 ], [ -92.124376385999938, 14.643091733000063 ], [ -92.125963256999967, 14.642452427000023 ], [ -92.129098703999944, 14.641459541000074 ], [ -92.132160139999939, 14.64053866200004 ], [ -92.133193290999941, 14.640057710000065 ], [ -92.134153506999951, 14.639379846000054 ], [ -92.134654852999972, 14.638360122000051 ], [ -92.134771668999974, 14.636836084000038 ], [ -92.134461742999974, 14.63595573200007 ], [ -92.133729820999974, 14.634805984000025 ], [ -92.133015125999975, 14.633851800000059 ], [ -92.132576871999959, 14.632846661000031 ], [ -92.132617320999941, 14.632003777000023 ], [ -92.132913720999966, 14.631448882000029 ], [ -92.13443093699999, 14.629750369000021 ], [ -92.135930891999976, 14.627711628000043 ], [ -92.136160257999961, 14.627228806000062 ], [ -92.137077579999982, 14.626521387000025 ], [ -92.137706829999956, 14.625875051000037 ], [ -92.139099766999948, 14.623138631000074 ], [ -92.139273091999939, 14.619610035000051 ], [ -92.137667077999936, 14.617175562000057 ], [ -92.137041716999988, 14.616981134000071 ], [ -92.137125081999955, 14.616823108000062 ], [ -92.137375153999983, 14.616946152000025 ], [ -92.137388559999977, 14.616850505000059 ], [ -92.137436334999961, 14.616525115000059 ], [ -92.137564626999961, 14.615989905000049 ], [ -92.138915337999947, 14.613429444000076 ], [ -92.14349548499996, 14.610110312000074 ], [ -92.149774384999944, 14.605757605000065 ], [ -92.154861547999985, 14.604664085000024 ], [ -92.15561194199995, 14.604780940000069 ], [ -92.157649678999974, 14.604500133000045 ], [ -92.173209527999973, 14.606850998000027 ], [ -92.17643577399997, 14.607312185000069 ], [ -92.176342157999954, 14.608143600000062 ], [ -92.176127381999947, 14.608944075000068 ], [ -92.175857331999964, 14.609627955000065 ], [ -92.175462444999937, 14.610178044000065 ], [ -92.174958563999951, 14.610856575000071 ], [ -92.174628448999954, 14.611619347000044 ], [ -92.174560129999975, 14.612510745000066 ], [ -92.174644315999956, 14.613276112000051 ], [ -92.175056406999943, 14.613871997000047 ], [ -92.17578264299999, 14.614410226000075 ], [ -92.176927241999977, 14.615110404000063 ], [ -92.179907542999956, 14.616988943000024 ], [ -92.180253768999989, 14.617669345000024 ], [ -92.180404754999984, 14.618265433000033 ], [ -92.180265068999972, 14.620568065000043 ], [ -92.180066174999979, 14.621310963000042 ], [ -92.17962648799994, 14.622201055000062 ], [ -92.178772657999957, 14.623195918000022 ], [ -92.178247733999967, 14.623597509000035 ], [ -92.176761340999974, 14.624442088000023 ], [ -92.174859603999948, 14.625708972000041 ], [ -92.174420442999974, 14.626451014000054 ], [ -92.174286938999956, 14.627235951000046 ], [ -92.174301662999937, 14.629040752000037 ], [ -92.174365172999956, 14.629593588000034 ], [ -92.174580670999944, 14.630316477000065 ], [ -92.174861798999984, 14.630868957000075 ], [ -92.175338226999941, 14.631805224000061 ], [ -92.175488709999968, 14.632378712000047 ], [ -92.175573401999941, 14.633165552000037 ], [ -92.175525968999978, 14.634057024000072 ], [ -92.175065081999946, 14.634862273000067 ], [ -92.174540681999986, 14.63511468300004 ], [ -92.173907491999955, 14.635283082000058 ], [ -92.172991106999973, 14.635449341000026 ], [ -92.172096035999971, 14.635658618000036 ], [ -92.171026462999976, 14.635973497000066 ], [ -92.169519610999942, 14.636519609000061 ], [ -92.168689545999939, 14.636878274000026 ], [ -92.168011705999959, 14.637342580000052 ], [ -92.16685216799999, 14.63827301200007 ], [ -92.165736245999938, 14.639330166000036 ], [ -92.16323833499996, 14.642272978000051 ], [ -92.161178568999958, 14.644898656000066 ], [ -92.158199864999972, 14.648178698000038 ], [ -92.157827397999938, 14.648602260000075 ], [ -92.157519613999966, 14.649259983000036 ], [ -92.157408482999983, 14.649789590000069 ], [ -92.157384248999961, 14.650511624000046 ], [ -92.157425259999968, 14.651170610000065 ], [ -92.157575382999937, 14.651828859000034 ], [ -92.157813285999964, 14.652297575000034 ], [ -92.158138747999942, 14.652786947000038 ], [ -92.158397412999989, 14.653594760000033 ], [ -92.158307912999987, 14.654082630000062 ], [ -92.157760674999963, 14.654675072000032 ], [ -92.15710562199996, 14.654928098000028 ], [ -92.156101510999974, 14.655093968000074 ], [ -92.155141492999974, 14.655111954000063 ], [ -92.153855134999958, 14.655022523000071 ], [ -92.152699608999967, 14.654869147000056 ], [ -92.15189305499996, 14.654824395000048 ], [ -92.150082880999946, 14.65481778700007 ], [ -92.149472086999936, 14.654878839000048 ], [ -92.148795384999971, 14.655024403000027 ], [ -92.148249092999947, 14.655214517000047 ], [ -92.147396136999987, 14.655762869000057 ], [ -92.147045117999937, 14.656334532000074 ], [ -92.146845827999982, 14.65714067600004 ], [ -92.145854287999953, 14.659749773000044 ], [ -92.145585621999942, 14.661532048000026 ], [ -92.145253259999947, 14.662825895000026 ], [ -92.144942948999983, 14.664119820000053 ], [ -92.14489595799995, 14.66501127600003 ], [ -92.145003011999961, 14.665542807000065 ], [ -92.14517531499996, 14.666011291000075 ], [ -92.145500354999967, 14.666606907000073 ], [ -92.14647703899999, 14.667842277000034 ], [ -92.146931524999957, 14.668735578000053 ], [ -92.147016452999935, 14.669436537000024 ], [ -92.14705472199995, 14.670795027000054 ], [ -92.14721626499994, 14.674193759000048 ], [ -92.147055469999941, 14.676295108000033 ], [ -92.146805135999955, 14.678884321000055 ], [ -92.146449211999936, 14.680709215000036 ], [ -92.145919393999975, 14.68232101500007 ], [ -92.145192796999936, 14.684081257000059 ], [ -92.14336981799994, 14.687302029000023 ], [ -92.142973537999978, 14.688150380000025 ], [ -92.142730915999948, 14.688891943000044 ], [ -92.142640864999976, 14.689656669000044 ], [ -92.14265936299995, 14.690420667000069 ], [ -92.142895203999956, 14.691568561000054 ], [ -92.143219526999985, 14.692205991000037 ], [ -92.144022822999943, 14.693271224000057 ], [ -92.145194323999988, 14.694889286000034 ], [ -92.145627704999981, 14.695697757000062 ], [ -92.145930810999971, 14.69627181900006 ], [ -92.146363531999953, 14.697101754000073 ], [ -92.146665815999938, 14.697888267000053 ], [ -92.146815763999939, 14.698589464000065 ], [ -92.146898881999959, 14.69975826700005 ], [ -92.147045369999944, 14.701351078000073 ], [ -92.147474232999969, 14.703178853000054 ], [ -92.147601967999947, 14.704070950000073 ], [ -92.147621224999966, 14.704793137000024 ], [ -92.147571500999959, 14.706237187000056 ], [ -92.147414131999938, 14.707446918000073 ], [ -92.147082520999959, 14.708677476000048 ], [ -92.146991315999969, 14.709590240000068 ], [ -92.146921847999977, 14.710735878000037 ], [ -92.146915165999985, 14.712455821000049 ], [ -92.146976714999937, 14.713348805000066 ], [ -92.146973250999963, 14.714240418000031 ], [ -92.147143124999957, 14.715493165000055 ], [ -92.14731530499995, 14.716152631000057 ], [ -92.147572838999963, 14.717257658000051 ], [ -92.148741519999987, 14.71963962500007 ], [ -92.149695558999952, 14.721087361000059 ], [ -92.150128835999965, 14.721938764000072 ], [ -92.15051783399997, 14.722831819000078 ], [ -92.15101516499999, 14.724085761000026 ], [ -92.152592778999974, 14.728685281000025 ], [ -92.153085932999943, 14.73012453900003 ], [ -92.15576931399994, 14.735867194000036 ], [ -92.156355336999979, 14.736719147000031 ], [ -92.156919631999983, 14.737485132000074 ], [ -92.157376, 14.737933172000055 ], [ -92.157941851999965, 14.738295725000057 ], [ -92.158530170999938, 14.738553262000039 ], [ -92.159445615999971, 14.738747570000044 ], [ -92.160056818999976, 14.738791603000038 ], [ -92.160688838999988, 14.738858312000048 ], [ -92.161756913999966, 14.739222675000065 ], [ -92.162497047999977, 14.739713548000054 ], [ -92.164975339999955, 14.742079838000052 ], [ -92.16586631499996, 14.742911398000047 ], [ -92.166411357999948, 14.743104344000074 ], [ -92.16708663299994, 14.743403986000033 ], [ -92.167979412999955, 14.743916862000049 ], [ -92.168349128999978, 14.74425834300007 ], [ -92.168870568999978, 14.744705467000074 ], [ -92.16921864699998, 14.745088682000073 ], [ -92.169543277999935, 14.745684268000048 ], [ -92.169694786999969, 14.746152662000043 ], [ -92.169735915999979, 14.746790172000033 ], [ -92.169797245999973, 14.747766778000027 ], [ -92.170135836999975, 14.750655333000054 ], [ -92.17028572199996, 14.751399460000073 ], [ -92.17065248099999, 14.752526329000034 ], [ -92.170889067999951, 14.753375863000031 ], [ -92.171060457999943, 14.754269237000074 ], [ -92.171101114999942, 14.755033313000069 ], [ -92.171077038999954, 14.755564360000051 ], [ -92.170966027999953, 14.756052153000041 ], [ -92.170680184999981, 14.756708832000072 ], [ -92.170000996999988, 14.757428511000057 ], [ -92.168141977999937, 14.758590322000032 ], [ -92.167070404999947, 14.759117598000046 ], [ -92.16639298199999, 14.759369423000066 ], [ -92.163990470999977, 14.759913348000055 ], [ -92.162702196999987, 14.760162951000041 ], [ -92.162134411999943, 14.760288590000073 ], [ -92.16136882, 14.76081694800007 ], [ -92.161126724999974, 14.761261317000049 ], [ -92.160950083999978, 14.761898036000048 ], [ -92.160859226999946, 14.762726047000058 ], [ -92.160747458999936, 14.763404814000069 ], [ -92.160446981999939, 14.767862979000029 ], [ -92.160297976999971, 14.772491203000072 ], [ -92.160337216999949, 14.773764935000031 ], [ -92.160530716999972, 14.774487753000074 ], [ -92.16087685499997, 14.77523259700007 ], [ -92.161549855999965, 14.776148139000043 ], [ -92.162442343999942, 14.776767265000046 ], [ -92.163575070999968, 14.777281035000044 ], [ -92.165144164999958, 14.777881131000072 ], [ -92.168455614999971, 14.779337314000031 ], [ -92.169107971999949, 14.779891140000075 ], [ -92.169455940999967, 14.780317298000057 ], [ -92.169910886999958, 14.781168748000027 ], [ -92.170039609999947, 14.781678874000022 ], [ -92.170168110999953, 14.782400320000022 ], [ -92.170270830999982, 14.784100317000025 ], [ -92.170049982999956, 14.784757224000032 ], [ -92.169677290999971, 14.785180790000027 ], [ -92.169041723999953, 14.785857675000045 ], [ -92.168602612999962, 14.786641491000069 ], [ -92.168556538999951, 14.787150986000029 ], [ -92.168554434999976, 14.787703584000042 ], [ -92.168661265999958, 14.788319858000023 ], [ -92.168986374999974, 14.788957258000039 ], [ -92.170093012999985, 14.790702680000038 ], [ -92.170310213999983, 14.791160011000045 ], [ -92.170568906999961, 14.791702245000067 ], [ -92.170784603999948, 14.792403665000052 ], [ -92.170891519999941, 14.792999596000072 ], [ -92.171041674999969, 14.793679307000048 ], [ -92.171236110999985, 14.794168198000023 ], [ -92.171735952999938, 14.794828825000025 ], [ -92.172300764999989, 14.795510023000077 ], [ -92.172963643999935, 14.796366736000039 ], [ -92.173799324999948, 14.797447820000059 ], [ -92.175060385999984, 14.798922557000026 ], [ -92.176684535999982, 14.802065440000035 ], [ -92.177152441999965, 14.802887544000043 ], [ -92.177510844999972, 14.803640320000056 ], [ -92.175125952999963, 14.804468048000047 ], [ -92.171489963999989, 14.805317248000051 ], [ -92.16122911399998, 14.804621300000065 ], [ -92.153161981999972, 14.802566723000041 ], [ -92.148444205999965, 14.802167380000071 ], [ -92.141842010999937, 14.798925607000058 ], [ -92.139451145999942, 14.798306460000049 ], [ -92.135606766999956, 14.798688731000027 ], [ -92.130870865999952, 14.805934945000047 ], [ -92.129154258999961, 14.805747656000051 ], [ -92.126722638999979, 14.80630687200005 ], [ -92.124458466999954, 14.807540213000038 ], [ -92.123362658999952, 14.807365410000045 ], [ -92.122492541999975, 14.806382337000059 ], [ -92.119552108999983, 14.802344732000051 ], [ -92.119128739999951, 14.801048071000025 ], [ -92.118298662999962, 14.800371382000037 ], [ -92.118283918999964, 14.799564466000049 ], [ -92.117104450999989, 14.798403906000033 ], [ -92.114762356999961, 14.795518931000061 ], [ -92.113472361999982, 14.794842725000024 ], [ -92.11237780099998, 14.794665614000053 ], [ -92.111112294999941, 14.793683244000022 ], [ -92.110531518999949, 14.793692303000057 ], [ -92.108732725999971, 14.795742057000041 ], [ -92.108621924999966, 14.801968224000063 ], [ -92.106345286999954, 14.803114324000035 ], [ -92.101663574999975, 14.802732246000062 ], [ -92.09752765199994, 14.800419827000042 ], [ -92.092841336999982, 14.799069102000033 ], [ -92.090794732999939, 14.797822507000035 ], [ -92.087986156999989, 14.795616862000031 ], [ -92.081999348999943, 14.794911685000045 ], [ -92.075410482999985, 14.789653252000051 ], [ -92.074534017999952, 14.788318544000049 ] ] ] ] } },
{ "type": "Feature", "properties": { "Codigo": 607, "datos_finales_color_riesgo": "ffaa00" }, "geometry": { "type": "MultiPolygon", "coordinates": [ [ [ [ -90.23544355599995, 14.060663370000043 ], [ -90.238951140999973, 14.061181115000068 ], [ -90.240609427999971, 14.061013778000074 ], [ -90.245500733999961, 14.059327465000024 ], [ -90.253213434999964, 14.058473678000041 ], [ -90.254771011999935, 14.057924589000038 ], [ -90.255924868999955, 14.056749900000057 ], [ -90.256027199999949, 14.054860959000052 ], [ -90.255440992999979, 14.051401530000021 ], [ -90.25531764499999, 14.045982739000067 ], [ -90.254737991999946, 14.044497040000067 ], [ -90.256179549999956, 14.04183407000005 ], [ -90.258992424999974, 14.040944642000056 ], [ -90.261936127999945, 14.041599013000052 ], [ -90.263470322999979, 14.042715002000023 ], [ -90.265956694999943, 14.042537645000039 ], [ -90.266821929999935, 14.041892551000046 ], [ -90.267510586999947, 14.040484442000036 ], [ -90.268800096999939, 14.040145607000056 ], [ -90.270664311999951, 14.043621729000051 ], [ -90.271826775999955, 14.04434393400004 ], [ -90.27349279699996, 14.044344671000033 ], [ -90.275804757999936, 14.042927741000028 ], [ -90.277905135999958, 14.040867064000054 ], [ -90.281540480999979, 14.039861285000029 ], [ -90.283269549999943, 14.041134045000035 ], [ -90.283927861999985, 14.043125303000068 ], [ -90.285804840999958, 14.042792977000033 ], [ -90.286887626999942, 14.043361791000052 ], [ -90.287487110999962, 14.043575149000048 ], [ -90.28820828399995, 14.045339027000068 ], [ -90.28824337399999, 14.046680815000059 ], [ -90.289380939999944, 14.048689867000064 ], [ -90.289976851999938, 14.04940451300007 ], [ -90.291020003999961, 14.05019982500005 ], [ -90.29454057099997, 14.050655926000047 ], [ -90.296361608999973, 14.049626227000033 ], [ -90.30084588599999, 14.048631925000052 ], [ -90.30170818299996, 14.049664551000035 ], [ -90.301874317999989, 14.051821920000066 ], [ -90.300768721999987, 14.054325270000049 ], [ -90.300174703999971, 14.055811341000037 ], [ -90.29886133399998, 14.058225411000024 ], [ -90.297368404999986, 14.06021742300004 ], [ -90.296345460999987, 14.061338483000043 ], [ -90.295633399999986, 14.067792497000028 ], [ -90.295211446999986, 14.068705746000035 ], [ -90.288176313999941, 14.074839193000059 ], [ -90.287560636999956, 14.077705876000039 ], [ -90.288073819999966, 14.078377828000043 ], [ -90.288845451999975, 14.08782706900007 ], [ -90.289619611999967, 14.093487021000044 ], [ -90.290494713999976, 14.09476373800004 ], [ -90.292300208999961, 14.095820574000072 ], [ -90.295020847999979, 14.09628359900006 ], [ -90.29756727299997, 14.099163227000076 ], [ -90.298867453999947, 14.099469129000056 ], [ -90.283344604999968, 14.10455842600004 ], [ -90.277685328999951, 14.105812159000038 ], [ -90.272179773999937, 14.105324155000062 ], [ -90.270589080999969, 14.104497685000069 ], [ -90.266905048999945, 14.100808891000042 ], [ -90.263893744999962, 14.097417884000038 ], [ -90.260768147999954, 14.094887052000047 ], [ -90.257044485999984, 14.093910918000063 ], [ -90.250964216999989, 14.094211943000062 ], [ -90.247756107999976, 14.093370270000037 ], [ -90.24537999599994, 14.09217112400006 ], [ -90.24360986399995, 14.090506935000064 ], [ -90.243659320999939, 14.088892915000031 ], [ -90.2445148, 14.088503003000028 ], [ -90.247578410999949, 14.086338562000037 ], [ -90.24770052599996, 14.085801384000035 ], [ -90.247110371999952, 14.084516519000033 ], [ -90.246696114999963, 14.083949504000032 ], [ -90.242454386999952, 14.082115936000037 ], [ -90.239503324999987, 14.081559398000024 ], [ -90.23668866099996, 14.080675828000039 ], [ -90.234866093999983, 14.079007610000076 ], [ -90.233625202999974, 14.076152628000045 ], [ -90.233454293999955, 14.072093905000031 ], [ -90.23244103199994, 14.071230960000037 ], [ -90.231497143999945, 14.071042866000028 ], [ -90.231088267999951, 14.070130400000039 ], [ -90.233315653999966, 14.068332500000054 ], [ -90.233488474999945, 14.067283313000075 ], [ -90.234399060999976, 14.066007737000064 ], [ -90.235285515999976, 14.063226819000022 ], [ -90.23544355599995, 14.060663370000043 ] ] ] ] } },
{ "type": "Feature", "properties": { "Codigo": 2008, "datos_finales_color_riesgo": "ffaa00" }, "geometry": { "type": "MultiPolygon", "coordinates": [ [ [ [ -89.353601214999969, 14.460998590000031 ], [ -89.353659849999985, 14.459712234000051 ], [ -89.353408548999937, 14.458971629000075 ], [ -89.352943370999981, 14.45870831600007 ], [ -89.352608560999954, 14.458189799000024 ], [ -89.352655547999973, 14.457404178000047 ], [ -89.352546723999978, 14.456375838000042 ], [ -89.352074544999937, 14.455832626000074 ], [ -89.351615032999973, 14.45522304800005 ], [ -89.350870436999969, 14.453850903000045 ], [ -89.351040232999935, 14.453272519000052 ], [ -89.351745450999942, 14.452837823000038 ], [ -89.352325287999975, 14.452388770000027 ], [ -89.352587049999954, 14.451779092000038 ], [ -89.352737158999958, 14.451023275000068 ], [ -89.352717182999982, 14.450119287000064 ], [ -89.352753991999975, 14.449282740000058 ], [ -89.352890882999986, 14.448627127000066 ], [ -89.353554102999965, 14.447253115000024 ], [ -89.353461452999966, 14.446616507000044 ], [ -89.35313640399994, 14.446209834000058 ], [ -89.352442817999986, 14.445897862000038 ], [ -89.351804748999939, 14.445731152000064 ], [ -89.351077371999963, 14.445397215000071 ], [ -89.350693004999982, 14.445078749000061 ], [ -89.350315590999969, 14.444370035000077 ], [ -89.350052365999943, 14.443651810000063 ], [ -89.349732795999955, 14.442910150000046 ], [ -89.349331657999983, 14.442201069000077 ], [ -89.348685289999935, 14.441834538000023 ], [ -89.348602187999973, 14.441181157000074 ], [ -89.349041021999938, 14.439333225000041 ], [ -89.349995294999985, 14.43835408800004 ], [ -89.35049812699998, 14.436555652000038 ], [ -89.35072913, 14.433856092000042 ], [ -89.350295571999936, 14.429599490000044 ], [ -89.354946755999947, 14.422286338000049 ], [ -89.356057575999955, 14.42224372000004 ], [ -89.358471735999956, 14.423524303000022 ], [ -89.361706424999966, 14.424178973000039 ], [ -89.369145964999973, 14.428842642000063 ], [ -89.372665738999956, 14.429808451000042 ], [ -89.373463828999945, 14.430957976000059 ], [ -89.374224876999961, 14.432500679000043 ], [ -89.377878848999956, 14.436123191000036 ], [ -89.379010979999975, 14.436736300000064 ], [ -89.380671271999972, 14.436654641000075 ], [ -89.382544573999951, 14.432027244000039 ], [ -89.382956527999966, 14.429030239000042 ], [ -89.383093081999959, 14.428460324000071 ], [ -89.383395968999935, 14.428020453000045 ], [ -89.384018285999957, 14.42758548300003 ], [ -89.38451682799996, 14.427682262000076 ], [ -89.385265320999963, 14.428717047000077 ], [ -89.38653835599996, 14.44214217800004 ], [ -89.387896100999967, 14.447532255000056 ], [ -89.389082706999943, 14.449580149000042 ], [ -89.390193031999956, 14.45040274400003 ], [ -89.392918278999957, 14.450484024000048 ], [ -89.39339188699995, 14.449833523000052 ], [ -89.396282223999947, 14.447180189000051 ], [ -89.400696235999987, 14.447286099000053 ], [ -89.401567506999982, 14.445449101000065 ], [ -89.40182922799994, 14.444833696000046 ], [ -89.402143581999951, 14.443789234000064 ], [ -89.402450414999976, 14.443247854000049 ], [ -89.402828239999963, 14.442539447000058 ], [ -89.403204594999977, 14.441886302000057 ], [ -89.403397014999939, 14.441331888000036 ], [ -89.403545114999986, 14.440653819000033 ], [ -89.403752844999985, 14.43983111600005 ], [ -89.403912568999942, 14.439185941000062 ], [ -89.404116159999944, 14.438620413000024 ], [ -89.404345058999979, 14.437921012000061 ], [ -89.404784058999951, 14.43693485600005 ], [ -89.406109129999948, 14.43285953700007 ], [ -89.406312165999964, 14.432327843000053 ], [ -89.406562218999966, 14.43175173800006 ], [ -89.406889416999945, 14.431309941000052 ], [ -89.40740275, 14.431027809000057 ], [ -89.408096582999974, 14.43100454100005 ], [ -89.408926492999967, 14.431374848000075 ], [ -89.409481538999955, 14.431739836000077 ], [ -89.410143886999947, 14.43183906400003 ], [ -89.410798461999946, 14.431737340000041 ], [ -89.411354456999959, 14.43132158700007 ], [ -89.411912042999973, 14.430806569000026 ], [ -89.412228938999988, 14.43032060400003 ], [ -89.41256382399996, 14.428026315000068 ], [ -89.412837721999949, 14.426647242000058 ], [ -89.413179326999966, 14.426027387000033 ], [ -89.413517390999971, 14.425664719000054 ], [ -89.414177438999957, 14.425183971000024 ], [ -89.414746412999989, 14.42467927000007 ], [ -89.415054085999941, 14.424081459000035 ], [ -89.415624661999971, 14.423476362000031 ], [ -89.416338071999974, 14.423241251000036 ], [ -89.417327583999963, 14.42293361000003 ], [ -89.417897086999972, 14.422395057000074 ], [ -89.418629077999981, 14.421034212000052 ], [ -89.419222022999975, 14.420440725000049 ], [ -89.419842203999963, 14.420315881000022 ], [ -89.420645286999957, 14.420227659000034 ], [ -89.42138111, 14.420037998000055 ], [ -89.421924403999981, 14.419689712000036 ], [ -89.422787279999966, 14.419445562000021 ], [ -89.423602057999972, 14.419313503000069 ], [ -89.424244442999964, 14.419211549000067 ], [ -89.424729074999959, 14.418984219000038 ], [ -89.425447614999939, 14.418426464000049 ], [ -89.425765182999953, 14.417895349000048 ], [ -89.425819127999944, 14.417416652000043 ], [ -89.425827317999961, 14.416903411000021 ], [ -89.426343221999957, 14.416130467000073 ], [ -89.428077606999977, 14.415062318000025 ], [ -89.428530346999935, 14.414656225000044 ], [ -89.428994479999972, 14.414261587000055 ], [ -89.429547901999968, 14.414002567000068 ], [ -89.43036307899996, 14.413880641000048 ], [ -89.430854950999958, 14.413888085000053 ], [ -89.431657835999943, 14.413811098000053 ], [ -89.432452124999941, 14.413510582000072 ], [ -89.433045057999948, 14.412950896000041 ], [ -89.433423424999944, 14.412198414000045 ], [ -89.434084473999974, 14.411649910000051 ], [ -89.435005122999939, 14.411373858000047 ], [ -89.435979822999968, 14.411265602000071 ], [ -89.436552129999939, 14.411274248000041 ], [ -89.437147003999939, 14.411283234000052 ], [ -89.43800467799997, 14.411363885000071 ], [ -89.438539791999972, 14.411527668000076 ], [ -89.439073171999951, 14.411836974000039 ], [ -89.439646944999936, 14.412481987000035 ], [ -89.440181232999976, 14.413426531000027 ], [ -89.440920453999979, 14.413750221000043 ], [ -89.442257458999961, 14.415321793000032 ], [ -89.442290956999955, 14.416091791000042 ], [ -89.442472502999976, 14.416943005000064 ], [ -89.443025819999946, 14.417419591000055 ], [ -89.445119531999978, 14.418946153000036 ], [ -89.445732798999984, 14.419256653000048 ], [ -89.446257463999984, 14.419387545000063 ], [ -89.446805413999982, 14.419473657000026 ], [ -89.447846713999979, 14.419511913000065 ], [ -89.44837333199996, 14.419519846000071 ], [ -89.449218199999962, 14.419644274000063 ], [ -89.449683628999935, 14.419897253000045 ], [ -89.45113794599996, 14.420610796000062 ], [ -89.452458955999987, 14.421043635000046 ], [ -89.453545111999972, 14.421137830000077 ], [ -89.454038066999942, 14.421078676000036 ], [ -89.455126889999974, 14.421004785000036 ], [ -89.455867930999943, 14.421216765000054 ], [ -89.456686531999935, 14.421575461000032 ], [ -89.457508492999978, 14.421722082000031 ], [ -89.458491295999977, 14.421837269000036 ], [ -89.459015460999979, 14.422000849000028 ], [ -89.459684988999982, 14.422379861000024 ], [ -89.460535126999957, 14.422904880000033 ], [ -89.461025849999942, 14.423023951000062 ], [ -89.461997426999972, 14.423117518000026 ], [ -89.462911031999965, 14.423253086000045 ], [ -89.463647676999983, 14.42374479800003 ], [ -89.464269058999946, 14.424277658000051 ], [ -89.464868505999959, 14.424733462000063 ], [ -89.465844992999962, 14.425250207000033 ], [ -89.467036965999966, 14.42590444800004 ], [ -89.467512039999974, 14.426245549000043 ], [ -89.467975391999971, 14.426632737000034 ], [ -89.468416726999976, 14.426984616000027 ], [ -89.469283304999976, 14.427901384000052 ], [ -89.46985056599999, 14.42823370900004 ], [ -89.470456433999971, 14.428320640000038 ], [ -89.470960983999987, 14.428261626000051 ], [ -89.471587522999982, 14.427735056000074 ], [ -89.471896603999937, 14.42700288900005 ], [ -89.472224601999983, 14.426539546000072 ], [ -89.472919822999984, 14.426025282000069 ], [ -89.473528431999966, 14.425901250000038 ], [ -89.474097813999947, 14.426099327000031 ], [ -89.474933859999965, 14.42608926500003 ], [ -89.475387966999961, 14.425593954000021 ], [ -89.47549100399999, 14.424858699000026 ], [ -89.475769065999941, 14.423926345000041 ], [ -89.476545201999954, 14.423345578000067 ], [ -89.477224429999978, 14.423110884000039 ], [ -89.478259656999967, 14.422802521000051 ], [ -89.478766354999948, 14.422643100000073 ], [ -89.479527215999951, 14.422296783000036 ], [ -89.482073122999964, 14.421297854000045 ], [ -89.482591697999965, 14.421082182000077 ], [ -89.483145637999939, 14.420789181000032 ], [ -89.483724658999961, 14.420373563000055 ], [ -89.484257601999957, 14.419979826000031 ], [ -89.484756221999987, 14.419596854000076 ], [ -89.485633230999952, 14.419151825000029 ], [ -89.486424407999948, 14.419085762000066 ], [ -89.48838686299996, 14.41948396500004 ], [ -89.489440319999972, 14.419488369000021 ], [ -89.49035012, 14.41916679600007 ], [ -89.490723275999983, 14.418736810000041 ], [ -89.491248821999989, 14.418075524000074 ], [ -89.491704981999987, 14.417445928000063 ], [ -89.492197946999966, 14.416683731000035 ], [ -89.492772520999949, 14.41581104100004 ], [ -89.493310863999966, 14.415070953000054 ], [ -89.493801665999968, 14.414409143000057 ], [ -89.494410437999989, 14.413569675000076 ], [ -89.495171890999984, 14.412442491000036 ], [ -89.496633318999955, 14.409786630000042 ], [ -89.496950016999961, 14.409300501000075 ], [ -89.497174944999983, 14.40883444800005 ], [ -89.497603951999963, 14.408495540000047 ], [ -89.498191634999955, 14.408225562000041 ], [ -89.49902407799999, 14.407701948000067 ], [ -89.499529095999947, 14.406906054000046 ], [ -89.49983787299999, 14.406185104000031 ], [ -89.500216375999969, 14.405409899000063 ], [ -89.50056512399999, 14.405057384000031 ], [ -89.501270034999948, 14.404655985000034 ], [ -89.501819920999935, 14.40461900400004 ], [ -89.50234992299994, 14.405151544000034 ], [ -89.502639895999948, 14.405635391000033 ], [ -89.504122696999957, 14.407464988000072 ], [ -89.504924590999963, 14.408157268000025 ], [ -89.50545877799999, 14.408422445000042 ], [ -89.506038982999939, 14.408631886000023 ], [ -89.506791470999985, 14.40885516000003 ], [ -89.507578230999968, 14.409033805000035 ], [ -89.508229978999964, 14.409110023000039 ], [ -89.509021412999971, 14.408988590000035 ], [ -89.509520589999966, 14.408566068000027 ], [ -89.509863535999955, 14.407879455000057 ], [ -89.510858632999941, 14.407168635000062 ], [ -89.511838437999984, 14.408221217000062 ], [ -89.51237138, 14.409311197000022 ], [ -89.512497248999978, 14.410038596000049 ], [ -89.512563463999982, 14.412404627000058 ], [ -89.512550611999984, 14.413230400000032 ], [ -89.512658546999944, 14.414403241000059 ], [ -89.512696610999967, 14.414895770000044 ], [ -89.512688795999964, 14.415397777000067 ], [ -89.512634752999986, 14.415931821000072 ], [ -89.51273452099997, 14.416848402000028 ], [ -89.51344097599997, 14.417093548000025 ], [ -89.514011378999953, 14.41719112100003 ], [ -89.514638443999957, 14.417367389000049 ], [ -89.515432359999977, 14.417869961000065 ], [ -89.515996906999987, 14.418381555000053 ], [ -89.516412910999975, 14.418878542000073 ], [ -89.516846978999979, 14.419665785000063 ], [ -89.517458832999978, 14.420076523000034 ], [ -89.518159569999966, 14.419908591000024 ], [ -89.518670951999979, 14.419446740000069 ], [ -89.519416374999935, 14.419346036000036 ], [ -89.519741631999977, 14.419797673000062 ], [ -89.519731410999952, 14.420455361000052 ], [ -89.519616944999939, 14.421190498000044 ], [ -89.519343548999984, 14.421834149000063 ], [ -89.519103614999949, 14.422522298000047 ], [ -89.519182974999978, 14.423338153000032 ], [ -89.51941223099999, 14.424044514000059 ], [ -89.51983532099996, 14.424831594000068 ], [ -89.520377971999949, 14.425263873000063 ], [ -89.521010910999962, 14.425809194000067 ], [ -89.521499357999971, 14.426786806000052 ], [ -89.52127255399995, 14.427374726000039 ], [ -89.519791278999946, 14.429116501000067 ], [ -89.519466268999963, 14.430137388000048 ], [ -89.519337793999966, 14.431028032000029 ], [ -89.519029527999976, 14.431716297000037 ], [ -89.518437398999936, 14.432231111000021 ], [ -89.517524484999967, 14.432787445000031 ], [ -89.516543567999975, 14.433286351000049 ], [ -89.51585186899996, 14.433577396000032 ], [ -89.515182807999963, 14.433901494000054 ], [ -89.514777934999984, 14.434175340000024 ], [ -89.514220799999975, 14.434635369000034 ], [ -89.513259365999943, 14.435369244000071 ], [ -89.512668602999952, 14.435794919000045 ], [ -89.512055073999989, 14.43623266700007 ], [ -89.511582726999961, 14.436415236000073 ], [ -89.510995776999948, 14.436596106000025 ], [ -89.510157920999973, 14.43671796700005 ], [ -89.50922688899999, 14.436949023000068 ], [ -89.507503017999966, 14.437347731000045 ], [ -89.50662754199999, 14.437691307000023 ], [ -89.505980711999939, 14.438073250000059 ], [ -89.505492428999958, 14.438534274000062 ], [ -89.504987506999953, 14.439318886000024 ], [ -89.504704099999969, 14.439894653000067 ], [ -89.504499966999958, 14.440472727000042 ], [ -89.504262808999954, 14.441015329000038 ], [ -89.503861941999958, 14.441734909000047 ], [ -89.503343908999966, 14.442653594000035 ], [ -89.503028039999947, 14.443083319000039 ], [ -89.502711271999942, 14.443570575000024 ], [ -89.50192958699995, 14.445243590000075 ], [ -89.501691132999952, 14.445831303000034 ], [ -89.501355113999978, 14.446807974000023 ], [ -89.50121379899997, 14.447810106000077 ], [ -89.501197374999947, 14.448859227000071 ], [ -89.501053212999977, 14.450005745000055 ], [ -89.500988957999937, 14.451188430000059 ], [ -89.501471054999968, 14.451864709000063 ], [ -89.501993526999968, 14.452107174000048 ], [ -89.502413037999986, 14.452380831000028 ], [ -89.502814156999989, 14.453089757000043 ], [ -89.502893725999968, 14.453850320000072 ], [ -89.502817230999938, 14.454372739000064 ], [ -89.502647800999966, 14.454951322000056 ], [ -89.502341205999983, 14.455526736000024 ], [ -89.50158447199999, 14.45704439900004 ], [ -89.50005222599998, 14.460536411000078 ], [ -89.499472796999953, 14.461710295000046 ], [ -89.499244134999969, 14.462409852000064 ], [ -89.499140435999948, 14.463189124000053 ], [ -89.49901620199995, 14.463801097000044 ], [ -89.499008506999985, 14.464291813000045 ], [ -89.49932746099995, 14.465145079000024 ], [ -89.499995814999977, 14.465612011000076 ], [ -89.500414971999987, 14.465909366000062 ], [ -89.500671011999941, 14.466381441000067 ], [ -89.500489468999945, 14.46699256200003 ], [ -89.500140794999936, 14.467332644000066 ], [ -89.499454404999938, 14.468015231000038 ], [ -89.499606627999981, 14.468535408000037 ], [ -89.500183820999951, 14.468945696000048 ], [ -89.50099641099996, 14.469002929000055 ], [ -89.501457968999944, 14.468775102000052 ], [ -89.501829463999968, 14.46845679300003 ], [ -89.502522622999948, 14.468043977000036 ], [ -89.503287219999947, 14.46824491700005 ], [ -89.503324394999936, 14.468791592000059 ], [ -89.503257137999981, 14.470866757000067 ], [ -89.503202496999961, 14.471434634000047 ], [ -89.502896383999939, 14.471977331000062 ], [ -89.502456705999975, 14.472249489000035 ], [ -89.501760161999982, 14.472138697000048 ], [ -89.501126823999982, 14.47161587100004 ], [ -89.50027255699996, 14.471335731000067 ], [ -89.499401519999935, 14.47146041700006 ], [ -89.499539955999978, 14.474962613000059 ], [ -89.499644959999955, 14.475576869000065 ], [ -89.499966319999942, 14.476240612000026 ], [ -89.500557083999979, 14.476561966000077 ], [ -89.501278369999966, 14.476572708000049 ], [ -89.501929193999956, 14.476682823000033 ], [ -89.502714289999972, 14.477018348000058 ], [ -89.503200573999948, 14.477393430000063 ], [ -89.503710912999964, 14.47845039200007 ], [ -89.503955035999979, 14.478944858000034 ], [ -89.504607715999953, 14.479712825000036 ], [ -89.505264190999981, 14.480202142000053 ], [ -89.505979199999956, 14.480614474000049 ], [ -89.506808989999968, 14.481018357000039 ], [ -89.507592844999976, 14.481397857000047 ], [ -89.508116848999975, 14.481583929000067 ], [ -89.50918865899996, 14.481878566000034 ], [ -89.510193380999965, 14.482094346000054 ], [ -89.510671944999956, 14.482224449000057 ], [ -89.511730132999958, 14.482686998000077 ], [ -89.512498823999977, 14.483333683000069 ], [ -89.512835478999989, 14.48376294600007 ], [ -89.513280831999964, 14.484572953000054 ], [ -89.513383404999956, 14.485345145000053 ], [ -89.513363972999969, 14.485846978000041 ], [ -89.513308815999949, 14.486448704000054 ], [ -89.513045816999977, 14.487159050000059 ], [ -89.512611228999958, 14.487844280000047 ], [ -89.511913457999981, 14.488548167000033 ], [ -89.511042826999983, 14.489270918000045 ], [ -89.51007534699994, 14.490372484000034 ], [ -89.508684081999945, 14.491911182000024 ], [ -89.509196521999968, 14.492356606000044 ], [ -89.509730539999964, 14.492644381000048 ], [ -89.510471492999955, 14.492844963000039 ], [ -89.511020433999988, 14.492919697000048 ], [ -89.511706514999958, 14.492963747000033 ], [ -89.512643967999963, 14.493078103000073 ], [ -89.513215312999989, 14.493164450000052 ], [ -89.513716369999941, 14.493338889000029 ], [ -89.514408327999945, 14.493784715000061 ], [ -89.515113741999983, 14.494073898000067 ], [ -89.516029617999948, 14.494087497000066 ], [ -89.518785848999983, 14.493614992000062 ], [ -89.51997705499997, 14.493611221000037 ], [ -89.520489524999959, 14.493797103000077 ], [ -89.52059666699995, 14.494278247000068 ], [ -89.520345429999963, 14.494977496000047 ], [ -89.51978480799994, 14.495649587000059 ], [ -89.519704981999951, 14.496385227000076 ], [ -89.520097942999939, 14.496881895000058 ], [ -89.520664246999957, 14.497291993000033 ], [ -89.521333426999945, 14.497714898000027 ], [ -89.521679952999989, 14.498256011000024 ], [ -89.521691378999947, 14.498970440000051 ], [ -89.521201965999978, 14.499531879000074 ], [ -89.520669021999936, 14.499914391000061 ], [ -89.519916465999984, 14.500416636000068 ], [ -89.519162561999963, 14.501041850000036 ], [ -89.518847472999937, 14.501416304000031 ], [ -89.518642591999935, 14.502038378000066 ], [ -89.518974638999964, 14.502801568000052 ], [ -89.519563003999963, 14.503245850000042 ], [ -89.520433246999971, 14.503995587000077 ], [ -89.520909148999976, 14.504336645000024 ], [ -89.521360657999935, 14.504756324000027 ], [ -89.521779224999989, 14.505097658000068 ], [ -89.523874751999983, 14.507338080000068 ], [ -89.525107545999958, 14.509052297000039 ], [ -89.525856059999967, 14.510257209000031 ], [ -89.52624928299997, 14.510776445000033 ], [ -89.526869920999957, 14.511344185000041 ], [ -89.527782989999935, 14.511580001000027 ], [ -89.528859330999978, 14.511595942000042 ], [ -89.529408614999966, 14.511615359000075 ], [ -89.529981411999984, 14.511612554000067 ], [ -89.530854058999978, 14.511469754000075 ], [ -89.531405665999955, 14.511377491000076 ], [ -89.531966530999966, 14.511397074000058 ], [ -89.53249290399998, 14.511437584000078 ], [ -89.533269201999985, 14.511605909000025 ], [ -89.533736339999962, 14.511768533000065 ], [ -89.534225687999935, 14.511955182000065 ], [ -89.534908787999939, 14.512232708000056 ], [ -89.536439313999949, 14.512500186000068 ], [ -89.537068033999958, 14.512588462000053 ], [ -89.538219321999975, 14.512962038000069 ], [ -89.539111609999964, 14.513009065000062 ], [ -89.539664098999936, 14.512860377000038 ], [ -89.540321313999982, 14.512568799000064 ], [ -89.540815534999979, 14.512442942000064 ], [ -89.541594987999986, 14.512409307000041 ], [ -89.542245328999968, 14.512597188000029 ], [ -89.542746270999942, 14.512783992000038 ], [ -89.543704011999978, 14.513054260000047 ], [ -89.544254064999961, 14.513062371000046 ], [ -89.545201087999942, 14.513277185000049 ], [ -89.54547886499995, 14.513849988000061 ], [ -89.545042716999944, 14.514636821000067 ], [ -89.544559669999956, 14.514751566000029 ], [ -89.543620398999963, 14.514782853000042 ], [ -89.542655319999938, 14.514946903000066 ], [ -89.542585687999974, 14.51573800500006 ], [ -89.542646962999981, 14.516229759000055 ], [ -89.543080016999966, 14.517095981000068 ], [ -89.54386412599996, 14.517509254000061 ], [ -89.54466132899995, 14.517788440000061 ], [ -89.545620355999972, 14.518014719000064 ], [ -89.547019657999954, 14.518494598000075 ], [ -89.546136077999961, 14.521240498000054 ], [ -89.54416764299998, 14.523133122000047 ], [ -89.542664029999969, 14.523773300000073 ], [ -89.541288433999966, 14.523816182000076 ], [ -89.540167688999986, 14.524601913000026 ], [ -89.539030159999982, 14.525535209000054 ], [ -89.532416611999963, 14.526877198000022 ], [ -89.529055773999971, 14.525872807000042 ], [ -89.525443327999938, 14.525998652000055 ], [ -89.523705334999988, 14.526698403000069 ], [ -89.522412848999977, 14.528684327000065 ], [ -89.521237320999944, 14.532815872000072 ], [ -89.520260038999936, 14.533790924000073 ], [ -89.517203561999963, 14.534762123000064 ], [ -89.516376133999984, 14.535523867000052 ], [ -89.51663803799994, 14.538987321000036 ], [ -89.515275853999981, 14.545292626000048 ], [ -89.513783719999935, 14.547659127000031 ], [ -89.513820347999967, 14.554690473000051 ], [ -89.511771008999972, 14.556423522000046 ], [ -89.508991910999953, 14.556236478000073 ], [ -89.507273235999946, 14.553925893000041 ], [ -89.50520731599994, 14.552702356000054 ], [ -89.497098350999977, 14.553946301000053 ], [ -89.49228192399994, 14.551654650000046 ], [ -89.490903008999965, 14.551533539000047 ], [ -89.483902103999981, 14.549161560000073 ], [ -89.477943778999986, 14.550192323000033 ], [ -89.476333497999974, 14.551220784000066 ], [ -89.473849068999982, 14.551455256000054 ], [ -89.47221633099997, 14.552400976000058 ], [ -89.470750101999954, 14.553364995000038 ], [ -89.466086945999962, 14.554093395000052 ], [ -89.460824478999939, 14.554012660000069 ], [ -89.456696497999985, 14.554451093000068 ], [ -89.45604328, 14.554915076000043 ], [ -89.45112925799998, 14.555719466000028 ], [ -89.447470749999979, 14.556932090000032 ], [ -89.445449726999982, 14.559076697000023 ], [ -89.442087897999954, 14.565978005000034 ], [ -89.437593125999967, 14.570772374000057 ], [ -89.436200931999963, 14.571907614000054 ], [ -89.432657325999969, 14.573482727000055 ], [ -89.430193225999972, 14.573952787000053 ], [ -89.426859122999986, 14.573919841000077 ], [ -89.426584061999961, 14.573053637000044 ], [ -89.426181241999984, 14.572602937000056 ], [ -89.425707898999974, 14.572179364000021 ], [ -89.423569761999943, 14.570614447000025 ], [ -89.42119762599998, 14.569983515000047 ], [ -89.41821495399995, 14.567565070000057 ], [ -89.41763164799994, 14.567173647000061 ], [ -89.41589357, 14.565232340000023 ], [ -89.406416969999952, 14.558000265000032 ], [ -89.403981884999951, 14.556942883000033 ], [ -89.402154501999973, 14.555270918000076 ], [ -89.399598441999956, 14.553927323000039 ], [ -89.397827036999956, 14.552128707000065 ], [ -89.396963271999937, 14.551074037000035 ], [ -89.396947615999977, 14.545797052000069 ], [ -89.396601102999966, 14.544239266000034 ], [ -89.396503367999969, 14.542340073000048 ], [ -89.396931794999944, 14.541705835000073 ], [ -89.397631640999975, 14.533622662000028 ], [ -89.397201683999981, 14.530103852000025 ], [ -89.395591581999952, 14.52454734500003 ], [ -89.39346295699994, 14.520294996000075 ], [ -89.392464399999938, 14.51931047000005 ], [ -89.391194104999954, 14.517087478000064 ], [ -89.390600789999951, 14.507081110000058 ], [ -89.391449670999975, 14.503116040000066 ], [ -89.392842143999985, 14.489930388000062 ], [ -89.39288413099996, 14.487765955000043 ], [ -89.394121469999959, 14.48454242400004 ], [ -89.39479199699997, 14.478630619000057 ], [ -89.394547140999975, 14.474581011000055 ], [ -89.39410976299996, 14.472735279000062 ], [ -89.393244662999962, 14.471670488000029 ], [ -89.390193117999956, 14.470163699000068 ], [ -89.378920525999945, 14.468674776000057 ], [ -89.375015638999969, 14.468747708000024 ], [ -89.373459739999987, 14.467521031000047 ], [ -89.372802910999951, 14.466722277000031 ], [ -89.372631183999943, 14.463752432000035 ], [ -89.371795925999947, 14.463033285000051 ], [ -89.366264311999942, 14.462900469000033 ], [ -89.36290366299994, 14.461912099000074 ], [ -89.353601214999969, 14.460998590000031 ] ] ] ] } },
{ "type": "Feature", "properties": { "Codigo": 1008, "datos_finales_color_riesgo": "ffaa00" }, "geometry": { "type": "MultiPolygon", "coordinates": [ [ [ [ -91.454231696999955, 14.599375241000075 ], [ -91.456720718999975, 14.596908342000063 ], [ -91.457330799999966, 14.596268371000065 ], [ -91.458169235999947, 14.595407328000022 ], [ -91.45994832599996, 14.592830623000054 ], [ -91.460618849999946, 14.586913579000054 ], [ -91.460314796999967, 14.585591926000063 ], [ -91.458516403999965, 14.583533934000059 ], [ -91.452957887999958, 14.581924461000028 ], [ -91.447308352999983, 14.579410394000035 ], [ -91.446260645999985, 14.574713508000059 ], [ -91.445016135999936, 14.570625417000031 ], [ -91.444799298999953, 14.566558847000067 ], [ -91.443448501999967, 14.561838469000065 ], [ -91.444749240999954, 14.551933989000077 ], [ -91.444261329999961, 14.549554710000052 ], [ -91.443301137999981, 14.548279527000034 ], [ -91.442237483999975, 14.545880601000022 ], [ -91.441004114999942, 14.539651547000062 ], [ -91.447519517999979, 14.540354643000057 ], [ -91.448481520999962, 14.54087170300005 ], [ -91.449939097999959, 14.542510575000051 ], [ -91.451045170999976, 14.545574096000053 ], [ -91.451287625999953, 14.549895057000072 ], [ -91.452287119999937, 14.551197588000036 ], [ -91.453300438999975, 14.551599728000042 ], [ -91.454664346999948, 14.553211974000021 ], [ -91.457711676999963, 14.553447876000064 ], [ -91.46243067499995, 14.55156949700006 ], [ -91.464608164999959, 14.549520701000063 ], [ -91.464344842999935, 14.541971638000064 ], [ -91.465858252999965, 14.541507022000076 ], [ -91.467493789999935, 14.542422735000059 ], [ -91.467704408999964, 14.543081680000057 ], [ -91.469743414999982, 14.54436382800003 ], [ -91.471242744999984, 14.542912733000037 ], [ -91.472027308999941, 14.540231080000069 ], [ -91.473019970999985, 14.539756241000077 ], [ -91.47605264699996, 14.539402012000039 ], [ -91.475824607999982, 14.540264861000026 ], [ -91.475076687999945, 14.542007864000027 ], [ -91.474187337999979, 14.543314953000049 ], [ -91.472887705999938, 14.546596590000036 ], [ -91.473038288999987, 14.553375510000023 ], [ -91.473806808999939, 14.556239029000039 ], [ -91.474875883999971, 14.557484309000074 ], [ -91.475963822999972, 14.558686775000069 ], [ -91.478049440999939, 14.55988104000005 ], [ -91.481294652999964, 14.560377794000033 ], [ -91.482776333999936, 14.559309533000032 ], [ -91.483348128999978, 14.553380406000031 ], [ -91.48462114299997, 14.553049697000063 ], [ -91.485318478999943, 14.553532138000037 ], [ -91.487961607999978, 14.554793194000069 ], [ -91.492735599999946, 14.558799946000022 ], [ -91.49516281199999, 14.563435540000057 ], [ -91.495546969999964, 14.565289843000073 ], [ -91.495106555999939, 14.576940310000055 ], [ -91.494350960999952, 14.581946335000055 ], [ -91.493627271999969, 14.582679463000034 ], [ -91.492890943999953, 14.583735642000022 ], [ -91.491454688999966, 14.586120524000023 ], [ -91.491074524999988, 14.588535946000036 ], [ -91.491860346999943, 14.594441097000072 ], [ -91.490195551999989, 14.599445732000049 ], [ -91.488728695999953, 14.601023672000053 ], [ -91.485513694999952, 14.601871679000055 ], [ -91.48452034, 14.601476562000073 ], [ -91.477561152999954, 14.601410922000071 ], [ -91.465500311999961, 14.599446221000051 ], [ -91.460018891999937, 14.599780698000075 ], [ -91.454231696999955, 14.599375241000075 ] ] ] ] } },
{ "type": "Feature", "properties": { "Codigo": 1230, "datos_finales_color_riesgo": "ffaa00" }, "geometry": { "type": "MultiPolygon", "coordinates": [ [ [ [ -92.137125081999955, 14.616823108000062 ], [ -92.135687359999963, 14.616115695000076 ], [ -92.133720202999939, 14.615134036000029 ], [ -92.132657843999937, 14.614623135000045 ], [ -92.131928343999959, 14.614133460000062 ], [ -92.129377938999937, 14.61280242600003 ], [ -92.128017566999972, 14.612069754000061 ], [ -92.127118721999977, 14.611581245000025 ], [ -92.126298946999952, 14.611151083000038 ], [ -92.124780592999969, 14.610319357000037 ], [ -92.123693561999971, 14.609737899000038 ], [ -92.122552055999961, 14.609150925000051 ], [ -92.121179455999936, 14.608394732000022 ], [ -92.120232120999958, 14.60788885900007 ], [ -92.119224260999943, 14.607377512000028 ], [ -92.118258831999981, 14.606877646000044 ], [ -92.117220780999958, 14.606372389000057 ], [ -92.115593529999956, 14.605529570000044 ], [ -92.11390572, 14.604675377000035 ], [ -92.112321604999977, 14.603938261000053 ], [ -92.111641169999984, 14.603530640000031 ], [ -92.109127582999974, 14.602240338000058 ], [ -92.107257766999965, 14.601304882000022 ], [ -92.103742097999941, 14.599450053000055 ], [ -92.101902268999936, 14.598473111000033 ], [ -92.099042797999971, 14.597014242000057 ], [ -92.097251477999976, 14.596048708000069 ], [ -92.094750356999953, 14.594787601000064 ], [ -92.093475761999969, 14.594177816000069 ], [ -92.092862426999943, 14.593840360000058 ], [ -92.091156677999948, 14.592991998000059 ], [ -92.090239793999956, 14.592497563000052 ], [ -92.086190255999952, 14.590397145000054 ], [ -92.086086878999936, 14.59030513600004 ], [ -92.085565595999981, 14.591342612000062 ], [ -92.085067350999964, 14.592367807000073 ], [ -92.084609643999954, 14.593490089000056 ], [ -92.084152185999983, 14.59464771100005 ], [ -92.083171886999935, 14.596280111000056 ], [ -92.082354704999943, 14.597711233000041 ], [ -92.082084637999969, 14.598184192000076 ], [ -92.080472188999977, 14.600944431000073 ], [ -92.078054109999982, 14.599589836000064 ], [ -92.076026658999979, 14.598584496000058 ], [ -92.074873049999951, 14.597973790000026 ], [ -92.072706805999985, 14.597010588000046 ], [ -92.070819640999957, 14.596163294000064 ], [ -92.067330542999969, 14.594596331000048 ], [ -92.065583651999987, 14.593907091000062 ], [ -92.064551309999956, 14.593330859000048 ], [ -92.064368651999985, 14.593161260000045 ], [ -92.063391082999942, 14.592631778000055 ], [ -92.061120200999937, 14.591398198000036 ], [ -92.058941807999986, 14.590411375000031 ], [ -92.057830039999942, 14.589717830000041 ], [ -92.055989342999965, 14.588581462000036 ], [ -92.055479849999983, 14.588266321000049 ], [ -92.053954253999962, 14.587322671000038 ], [ -92.053474213999948, 14.587007779000032 ], [ -92.053158460999953, 14.586809730000027 ], [ -92.050807212999985, 14.585334936000038 ], [ -92.050820172999977, 14.584567020000065 ], [ -92.050859628999945, 14.582454142000074 ], [ -92.050920691999977, 14.579944391000026 ], [ -92.050930179999966, 14.578707327000075 ], [ -92.050970113999938, 14.577499512000031 ], [ -92.051039205999984, 14.575272450000057 ], [ -92.051080006999939, 14.574188330000027 ], [ -92.050249741999949, 14.571354623000047 ], [ -92.049964173999967, 14.570302119000075 ], [ -92.049129458999971, 14.567692272000045 ], [ -92.048623785999951, 14.56609542700005 ], [ -92.048611150999989, 14.566055526000071 ], [ -92.048989130999985, 14.565784682000071 ], [ -92.049704946999952, 14.565581362000046 ], [ -92.049715330999959, 14.565578282000047 ], [ -92.051234363999981, 14.565127736000022 ], [ -92.053093317999981, 14.564585254000065 ], [ -92.05350961299996, 14.564441117000058 ], [ -92.054321456999958, 14.563781880000022 ], [ -92.054816230999961, 14.563380678000044 ], [ -92.055199530999971, 14.56308096600003 ], [ -92.05504648499999, 14.562816912000073 ], [ -92.055504198999984, 14.562542906000033 ], [ -92.055951568999944, 14.56165635900004 ], [ -92.056300175999979, 14.561347735000027 ], [ -92.057437909999976, 14.563177991000032 ], [ -92.057873941999958, 14.563770982000051 ], [ -92.058024099999955, 14.563975191000054 ], [ -92.058634028999961, 14.564707436000049 ], [ -92.060781063999968, 14.567266475000054 ], [ -92.062824068999987, 14.566264008000076 ], [ -92.064910102999988, 14.565337037000063 ], [ -92.065506859999971, 14.565056192000043 ], [ -92.066971385999977, 14.564565652000056 ], [ -92.06733331099997, 14.564444424000044 ], [ -92.067107211999939, 14.563502047000043 ], [ -92.066620996999973, 14.561449135000032 ], [ -92.06655554799994, 14.561111083000071 ], [ -92.066725933999976, 14.56040635100004 ], [ -92.06703373199997, 14.55908776900003 ], [ -92.067166681999936, 14.558638862000066 ], [ -92.067188209999983, 14.558615579000048 ], [ -92.067204832999948, 14.558597603000067 ], [ -92.067317076999984, 14.558476213000063 ], [ -92.067895545999988, 14.558177815000022 ], [ -92.068269525999938, 14.558039828000062 ], [ -92.068489570999986, 14.557982232000029 ], [ -92.069289158999936, 14.557697235000035 ], [ -92.069735080999976, 14.557470407000039 ], [ -92.070598240999971, 14.556972190000067 ], [ -92.070985856999982, 14.556747305000044 ], [ -92.07235736199999, 14.555709229000058 ], [ -92.074972207999963, 14.553833289000067 ], [ -92.076611115999981, 14.554249964000064 ], [ -92.076642223999954, 14.554261049000047 ], [ -92.078122071999985, 14.552305537000052 ], [ -92.07824995499999, 14.552111123000032 ], [ -92.078292188999967, 14.551970577000077 ], [ -92.078304978999938, 14.551855627000066 ], [ -92.07829598, 14.551781662000053 ], [ -92.078290618999972, 14.551749696000059 ], [ -92.07823760399998, 14.551452096000048 ], [ -92.078114169999935, 14.550981153000066 ], [ -92.078034140999989, 14.550761833000024 ], [ -92.077989273999947, 14.550513723000051 ], [ -92.077985867999985, 14.550351301000035 ], [ -92.078027760999987, 14.550166647000026 ], [ -92.078119773999958, 14.549979664000034 ], [ -92.078271578999988, 14.549708790000068 ], [ -92.078512750999948, 14.549181443000066 ], [ -92.078758802999971, 14.548702659000071 ], [ -92.07902781699994, 14.548277728000073 ], [ -92.079059012999949, 14.548157265000043 ], [ -92.079142683999976, 14.547834177000027 ], [ -92.079302059999975, 14.546915918000025 ], [ -92.079722219999951, 14.546944460000077 ], [ -92.081527808999965, 14.547388897000076 ], [ -92.082038239999974, 14.546897686000023 ], [ -92.08309759299999, 14.546199383000044 ], [ -92.083575696999958, 14.545557577000068 ], [ -92.083608509999976, 14.545481224000071 ], [ -92.080527811999957, 14.544666642000038 ], [ -92.080727155999966, 14.544198739000024 ], [ -92.081268186999978, 14.542928815000039 ], [ -92.08133335399998, 14.542944402000046 ], [ -92.081760133999978, 14.543067441000062 ], [ -92.084416689999955, 14.543833290000066 ], [ -92.084390222999957, 14.542114996000066 ], [ -92.08438887899996, 14.542027758000074 ], [ -92.084414005999975, 14.541981784000029 ], [ -92.084805589999974, 14.541361100000074 ], [ -92.085094266999988, 14.54146937400003 ], [ -92.085124470999972, 14.541481619000024 ], [ -92.085250043999963, 14.541527802000076 ], [ -92.085304121999968, 14.541645573000039 ], [ -92.086277294999945, 14.543431300000066 ], [ -92.086388850999981, 14.543611100000021 ], [ -92.087166682999964, 14.543861116000073 ], [ -92.087356778999947, 14.542303638000021 ], [ -92.087450590999936, 14.541953579000051 ], [ -92.088065564999965, 14.540903218000039 ], [ -92.088100409999981, 14.540781216000028 ], [ -92.087978647999989, 14.540521115000047 ], [ -92.087380977999942, 14.540065438000056 ], [ -92.087008242999957, 14.539670361000049 ], [ -92.086998620999964, 14.539461426000059 ], [ -92.086975434999943, 14.538957958000026 ], [ -92.086975911999957, 14.538940792000062 ], [ -92.086972254999978, 14.538888890000067 ], [ -92.087024139999983, 14.538484366000034 ], [ -92.087122586999953, 14.538298151000049 ], [ -92.087467868999966, 14.538193587000023 ], [ -92.088544488999958, 14.537992520000046 ], [ -92.089464161999956, 14.537853747000042 ], [ -92.091489326999977, 14.536925513000028 ], [ -92.091638900999953, 14.536944427000037 ], [ -92.092515355999979, 14.537073163000059 ], [ -92.092586773999983, 14.537087303000021 ], [ -92.092874433999953, 14.537387814000056 ], [ -92.093547624999985, 14.538091073000032 ], [ -92.094522921999953, 14.537488034000035 ], [ -92.095589959999984, 14.537030154000036 ], [ -92.096437938999941, 14.536692115000051 ], [ -92.096603175999974, 14.536656574000062 ], [ -92.096856756999955, 14.536601832000031 ], [ -92.097236080999949, 14.536373939000043 ], [ -92.097295963999954, 14.53625726000007 ], [ -92.097356907999938, 14.536147808000067 ], [ -92.097081794999951, 14.53590289300007 ], [ -92.09651551099995, 14.535398764000035 ], [ -92.096192769999959, 14.53508221800007 ], [ -92.096046412999954, 14.534910921000062 ], [ -92.095985903999974, 14.534694862000038 ], [ -92.095951025999966, 14.534569668000074 ], [ -92.095845731999987, 14.534121503000051 ], [ -92.095861049999939, 14.533728215000053 ], [ -92.095934688999989, 14.533246174000055 ], [ -92.096042290999947, 14.533073147000039 ], [ -92.096172032999959, 14.532950624000023 ], [ -92.096603845999937, 14.532695834000037 ], [ -92.096937547999971, 14.532602662000045 ], [ -92.097400643999947, 14.532501911000054 ], [ -92.097937520999949, 14.532321539000066 ], [ -92.098365177999938, 14.532088897000051 ], [ -92.09876116099997, 14.531656198000064 ], [ -92.099061498999959, 14.531377301000077 ], [ -92.09953756699997, 14.531150217000061 ], [ -92.099803021999946, 14.531065940000076 ], [ -92.100414189999981, 14.531126561000065 ], [ -92.100972125999988, 14.531352476000052 ], [ -92.101367569999979, 14.531685526000047 ], [ -92.101751260999947, 14.53206577800006 ], [ -92.102091650999967, 14.532310847000076 ], [ -92.102758429999938, 14.532536012000037 ], [ -92.103097123999987, 14.532545476000053 ], [ -92.10317102099998, 14.532519870000044 ], [ -92.103374586999962, 14.532449332000056 ], [ -92.103717457999949, 14.532199590000062 ], [ -92.103890598999953, 14.531892106000043 ], [ -92.103897723999978, 14.531713378000063 ], [ -92.103905223999959, 14.531525239000075 ], [ -92.103884438999955, 14.53103804400007 ], [ -92.103833050999981, 14.530620179000039 ], [ -92.103501102999985, 14.52986848200004 ], [ -92.10320552099995, 14.529128317000072 ], [ -92.103014131999942, 14.528581820000056 ], [ -92.10295767599996, 14.528299468000057 ], [ -92.102943121999942, 14.527957926000056 ], [ -92.103056008999943, 14.527680306000036 ], [ -92.103146177999974, 14.527551907000031 ], [ -92.103427661999945, 14.527230096000039 ], [ -92.10367593899997, 14.526911840000025 ], [ -92.103798973999972, 14.52673276400003 ], [ -92.103845603999957, 14.526490939000041 ], [ -92.103855021999948, 14.526119781000034 ], [ -92.10386325099995, 14.525583701000073 ], [ -92.103925301999936, 14.524964786000055 ], [ -92.104005832999974, 14.524392869000053 ], [ -92.10447235099997, 14.523682832000077 ], [ -92.10493852799999, 14.522925673000032 ], [ -92.105158827999958, 14.522601044000055 ], [ -92.105224501999942, 14.52233467800005 ], [ -92.105149651999966, 14.522017110000036 ], [ -92.10502719699997, 14.521805895000057 ], [ -92.104808425999977, 14.521654242000068 ], [ -92.104432961999976, 14.521574346000023 ], [ -92.104131412999948, 14.521682436000049 ], [ -92.103746784999942, 14.522009038000022 ], [ -92.103416487999937, 14.522323487000051 ], [ -92.103073206999966, 14.522514326000078 ], [ -92.102735291999977, 14.522610882000038 ], [ -92.102360420999958, 14.522613444000058 ], [ -92.102015229999949, 14.522539228000028 ], [ -92.101607370999943, 14.522159139000053 ], [ -92.101406189999977, 14.521930788000077 ], [ -92.101409608999973, 14.521565560000056 ], [ -92.10140596399998, 14.521059012000023 ], [ -92.101359697999953, 14.520511522000049 ], [ -92.101339439999947, 14.520217141000046 ], [ -92.101337278999949, 14.519916746000035 ], [ -92.101371748999952, 14.519800553000039 ], [ -92.101444430999948, 14.519555551000053 ], [ -92.101696210999989, 14.519528595000054 ], [ -92.101893174999987, 14.519389498000066 ], [ -92.102203851999946, 14.519332274000021 ], [ -92.102511042999936, 14.519281962000036 ], [ -92.102843101999952, 14.519248699000059 ], [ -92.103089950999959, 14.519164360000048 ], [ -92.103357785999947, 14.519048884000028 ], [ -92.103691915999946, 14.518812421000064 ], [ -92.10393411199999, 14.518573142000037 ], [ -92.104287910999972, 14.518123027000058 ], [ -92.104515494999987, 14.517818416000068 ], [ -92.104812484999968, 14.517334251000023 ], [ -92.10502889199995, 14.516950508000036 ], [ -92.105174997999939, 14.516622347000066 ], [ -92.105303279999987, 14.516273645000069 ], [ -92.10546643899994, 14.515859271000068 ], [ -92.105612071999985, 14.515465681000023 ], [ -92.105722430999947, 14.515082663000044 ], [ -92.105801223999947, 14.514734300000043 ], [ -92.10590132499999, 14.514399565000076 ], [ -92.10599687199999, 14.513923666000039 ], [ -92.106015770999988, 14.51360326300005 ], [ -92.106007459999944, 14.513431130000072 ], [ -92.10595932199999, 14.513128405000032 ], [ -92.105911009999943, 14.512801574000036 ], [ -92.105824584999937, 14.512581762000025 ], [ -92.105634731999942, 14.512235237000027 ], [ -92.105363306999948, 14.511851388000025 ], [ -92.105127503999938, 14.511505176000071 ], [ -92.104966874999946, 14.511289315000056 ], [ -92.104766717999951, 14.510984185000041 ], [ -92.104655675999936, 14.510781760000043 ], [ -92.104580254999973, 14.510616973000026 ], [ -92.104535579999947, 14.510303892000024 ], [ -92.104519380999989, 14.510018167000055 ], [ -92.104495344999975, 14.509625737000022 ], [ -92.104518822999978, 14.50944994200006 ], [ -92.104549940999959, 14.509353303000069 ], [ -92.104630793999945, 14.509290762000035 ], [ -92.104775817999951, 14.509303545000023 ], [ -92.105041594999989, 14.509394710000038 ], [ -92.10538194899999, 14.50953357800006 ], [ -92.105697907999968, 14.509720826000034 ], [ -92.105786599999988, 14.509764989000075 ], [ -92.106062658999974, 14.509811313000057 ], [ -92.106486780999944, 14.509801522000032 ], [ -92.10709065399999, 14.50971818000005 ], [ -92.107818067999972, 14.509609883000053 ], [ -92.108104134999962, 14.509573485000033 ], [ -92.108248711999977, 14.50952428100004 ], [ -92.108329264999952, 14.509420415000022 ], [ -92.108374296999955, 14.509292686000038 ], [ -92.108340569999939, 14.509027744000036 ], [ -92.108233109999958, 14.508832184000028 ], [ -92.108080195999946, 14.508705811000027 ], [ -92.107829129999971, 14.508693756000071 ], [ -92.107623915999966, 14.508667611000021 ], [ -92.107442898999977, 14.508565537000038 ], [ -92.107261408999989, 14.508398034000038 ], [ -92.107101202999957, 14.508240716000046 ], [ -92.106954365999968, 14.507976548000045 ], [ -92.106910930999959, 14.507835650000061 ], [ -92.106909812999959, 14.507680686000072 ], [ -92.106957485999942, 14.507428962000063 ], [ -92.107081853999944, 14.507028629000047 ], [ -92.107312610999941, 14.506675781000069 ], [ -92.107736110999952, 14.506090878000066 ], [ -92.107981352999957, 14.505786143000023 ], [ -92.108237894999945, 14.505577757000026 ], [ -92.108516040999973, 14.505424324000046 ], [ -92.108727575999978, 14.505347111000049 ], [ -92.108989067999971, 14.505334987000026 ], [ -92.109211827999957, 14.505343792000076 ], [ -92.109166660999961, 14.504916617000049 ], [ -92.109067413999981, 14.504031332000068 ], [ -92.108423477999963, 14.503060633000075 ], [ -92.108109909999939, 14.502747064000062 ], [ -92.107193415999973, 14.502092425000058 ], [ -92.107347492999963, 14.501857088000065 ], [ -92.107632495999951, 14.501410321000037 ], [ -92.108039813999937, 14.500762116000033 ], [ -92.108687431999954, 14.501266420000036 ], [ -92.109033864999958, 14.501627077000023 ], [ -92.10936843799999, 14.501969979000023 ], [ -92.109697366999967, 14.502308169000059 ], [ -92.110023404999936, 14.50259916400006 ], [ -92.110388006999983, 14.502932138000062 ], [ -92.110539243999938, 14.503035471000032 ], [ -92.110950259999981, 14.503084836000028 ], [ -92.111534713999959, 14.503133010000056 ], [ -92.111916595999958, 14.503033473000073 ], [ -92.113004202999946, 14.502469364000035 ], [ -92.114556643999947, 14.501638644000025 ], [ -92.114732894999975, 14.501675128000045 ], [ -92.114927101999967, 14.501723071000072 ], [ -92.115111658999979, 14.501848537000058 ], [ -92.11523419599996, 14.50206429900004 ], [ -92.115460069999983, 14.502410234000024 ], [ -92.115758598999946, 14.502775958000029 ], [ -92.116084481999962, 14.503044580000051 ], [ -92.116312615999959, 14.503199564000056 ], [ -92.116686762999962, 14.503440517000058 ], [ -92.117034539999963, 14.503562372000033 ], [ -92.117499695999982, 14.50369087200005 ], [ -92.117854943999987, 14.503787824000028 ], [ -92.118406549999975, 14.503878451000048 ], [ -92.118889000999957, 14.503929795000033 ], [ -92.119345983999949, 14.503986283000074 ], [ -92.119828363999943, 14.50402768400005 ], [ -92.120339015999946, 14.504098710000051 ], [ -92.120721906999961, 14.504138312000066 ], [ -92.120980090999979, 14.504216049000036 ], [ -92.122470064999959, 14.505094218000067 ], [ -92.124354619999963, 14.506480658000044 ], [ -92.125282205999952, 14.506827657000031 ], [ -92.126125368999965, 14.507204688000058 ], [ -92.127192746999981, 14.507650846000047 ], [ -92.128175227999975, 14.508062245000076 ], [ -92.128538537999987, 14.508136299000057 ], [ -92.129209755999966, 14.508149311000068 ], [ -92.129447553999967, 14.50817177600004 ], [ -92.129874116999986, 14.508204722000073 ], [ -92.130265752999946, 14.508289074000061 ], [ -92.130668320999973, 14.508340697000051 ], [ -92.131002904999946, 14.508262184000046 ], [ -92.131269503999988, 14.508053535000045 ], [ -92.131411303999982, 14.507584537000071 ], [ -92.131926540999984, 14.50776598300007 ], [ -92.132611183999984, 14.508196582000039 ], [ -92.133261835999974, 14.50856211100006 ], [ -92.133624300999941, 14.50871763300006 ], [ -92.133810989999972, 14.508797736000076 ], [ -92.13424779199994, 14.508947071000023 ], [ -92.134696005999956, 14.509128977000046 ], [ -92.135063703999947, 14.508995808000066 ], [ -92.135307556999976, 14.508732893000058 ], [ -92.135516216999974, 14.508241659000078 ], [ -92.136101983999936, 14.507377742000074 ], [ -92.13631449799999, 14.506956150000065 ], [ -92.136487382999974, 14.50661317600003 ], [ -92.136977158999969, 14.506370313000048 ], [ -92.137602428999969, 14.506322415000056 ], [ -92.138061489999984, 14.506460704000062 ], [ -92.138510260999965, 14.506718787000068 ], [ -92.13857094399998, 14.506780949000074 ], [ -92.138847960999954, 14.507064717000048 ], [ -92.139373971999987, 14.507191651000028 ], [ -92.139550869999937, 14.506940084000064 ], [ -92.139613652999969, 14.50636279500003 ], [ -92.139594791999968, 14.50531806500004 ], [ -92.13957729399999, 14.504458354000064 ], [ -92.139757150999969, 14.504119556000035 ], [ -92.139797672999975, 14.504043224000043 ], [ -92.140354866999985, 14.503854303000026 ], [ -92.141059207999945, 14.503925569000046 ], [ -92.141101420999973, 14.503940386000068 ], [ -92.141910456999938, 14.504224367000063 ], [ -92.14233640399999, 14.504417299000067 ], [ -92.142704247999973, 14.504305886000054 ], [ -92.142924379999954, 14.503858103000027 ], [ -92.142907912999988, 14.503139877000024 ], [ -92.142290559999935, 14.501228619000074 ], [ -92.142406301999983, 14.500259137000057 ], [ -92.142837956999983, 14.499711920000038 ], [ -92.143325543999936, 14.499175194000031 ], [ -92.143632709999963, 14.498411167000029 ], [ -92.143777762999946, 14.497666627000058 ], [ -92.143422007999959, 14.49710656700006 ], [ -92.143015287999958, 14.496489026000063 ], [ -92.142522012999962, 14.496253029000059 ], [ -92.141783061999945, 14.496029633000035 ], [ -92.141573815999948, 14.494920930000035 ], [ -92.141511087999959, 14.493795659000057 ], [ -92.142058353999971, 14.493760455000029 ], [ -92.142058973999951, 14.493760415000054 ], [ -92.142059548999953, 14.493760576000057 ], [ -92.142279798999937, 14.493822227000067 ], [ -92.142596193999964, 14.49391078900004 ], [ -92.142715953999982, 14.493944311000064 ], [ -92.143308604999959, 14.494149598000035 ], [ -92.143751949999967, 14.494513003000066 ], [ -92.143978648999962, 14.494647548000046 ], [ -92.144256537999979, 14.494436170000029 ], [ -92.144350021999969, 14.493995708000057 ], [ -92.144335490999936, 14.493482700000072 ], [ -92.144386061999967, 14.49305301000004 ], [ -92.144749385999944, 14.492767732000061 ], [ -92.14509144699997, 14.492514018000065 ], [ -92.14545577399997, 14.492364864000024 ], [ -92.145767755999941, 14.492404565000072 ], [ -92.146285403999968, 14.492641785000046 ], [ -92.146661869999946, 14.492681033000054 ], [ -92.146794572999966, 14.492664879000074 ], [ -92.147090679999963, 14.492531425000038 ], [ -92.14736933599994, 14.492424755000059 ], [ -92.147680775999959, 14.492391156000053 ], [ -92.148099069999944, 14.49227303400005 ], [ -92.148311615999944, 14.491946923000057 ], [ -92.148202440999967, 14.491717314000027 ], [ -92.14799592199995, 14.491404614000032 ], [ -92.147800613999948, 14.491154666000057 ], [ -92.147879400999955, 14.491054116000043 ], [ -92.147916642999974, 14.490944450000029 ], [ -92.147972218999939, 14.490972164000027 ], [ -92.148082263999981, 14.490837561000035 ], [ -92.148491886999977, 14.49052623700004 ], [ -92.148933930999988, 14.490350353000053 ], [ -92.148986783999987, 14.49032214500005 ], [ -92.149455823999972, 14.490071810000074 ], [ -92.149818192999987, 14.490022144000022 ], [ -92.150068296999962, 14.490051803000028 ], [ -92.150335219999988, 14.490175587000067 ], [ -92.15043310599998, 14.490331974000071 ], [ -92.150437194999938, 14.490448293000043 ], [ -92.150460832999954, 14.490810854000074 ], [ -92.150521030999982, 14.491214549000063 ], [ -92.150528686999962, 14.491265892000058 ], [ -92.150635854999962, 14.491587141000025 ], [ -92.150766623999971, 14.491829687000063 ], [ -92.151017137999986, 14.491914317000067 ], [ -92.151338740999961, 14.491802105000033 ], [ -92.151720739999973, 14.491493781000031 ], [ -92.151731375999987, 14.491485197000031 ], [ -92.151994577999972, 14.491106369000022 ], [ -92.152234469999939, 14.490845511000032 ], [ -92.152563375999989, 14.490631148000034 ], [ -92.152918032999935, 14.490628653000044 ], [ -92.153064050999944, 14.490753285000039 ], [ -92.153066786999943, 14.491122389000054 ], [ -92.152932495999949, 14.491492457000049 ], [ -92.152789214999984, 14.492059512000026 ], [ -92.15271761799994, 14.492711581000037 ], [ -92.152702236999971, 14.493214326000043 ], [ -92.152896059999989, 14.493585285000051 ], [ -92.153452214999959, 14.493860613000038 ], [ -92.153857778999964, 14.494028105000041 ], [ -92.154161360999979, 14.494153479000033 ], [ -92.154774698999972, 14.494409785000073 ], [ -92.155405210999959, 14.49440534200005 ], [ -92.155707733999975, 14.493975039000077 ], [ -92.155912374999957, 14.493228952000038 ], [ -92.15586932399998, 14.492577691000065 ], [ -92.155731571999979, 14.492038794000052 ], [ -92.15546146, 14.491686991000051 ], [ -92.155247284999973, 14.491148632000034 ], [ -92.155052355999942, 14.490628754000056 ], [ -92.155134152999949, 14.490214734000062 ], [ -92.155144432999975, 14.490162702000077 ], [ -92.15539156799997, 14.489993415000072 ], [ -92.155754306999938, 14.489953627000034 ], [ -92.156444058999966, 14.490209391000064 ], [ -92.157174375999944, 14.490781341000059 ], [ -92.158211086999984, 14.49144420600004 ], [ -92.158480410999971, 14.491630842000063 ], [ -92.158902506999937, 14.491923344000043 ], [ -92.159552254999937, 14.491937371000063 ], [ -92.159875119999981, 14.491674465000074 ], [ -92.159757019999972, 14.491209897000033 ], [ -92.15954200499999, 14.490559853000036 ], [ -92.159517219999941, 14.489796768000076 ], [ -92.15967451099999, 14.489445108000041 ], [ -92.159817928999985, 14.489124464000042 ], [ -92.160211820999962, 14.488918722000051 ], [ -92.160670687999982, 14.488838906000069 ], [ -92.161063319999982, 14.488794900000073 ], [ -92.161170111999979, 14.488673843000072 ], [ -92.161249983999937, 14.488583301000062 ], [ -92.162472226999967, 14.487416634000056 ], [ -92.162907417999975, 14.486952425000027 ], [ -92.163198665999971, 14.486641755000051 ], [ -92.163305511999965, 14.486527784000032 ], [ -92.16355098799994, 14.486154990000045 ], [ -92.16372185299997, 14.485911496000028 ], [ -92.164110278999942, 14.486114905000022 ], [ -92.164602219999949, 14.486417713000037 ], [ -92.165428228999986, 14.486930202000053 ], [ -92.166175609999982, 14.487437354000065 ], [ -92.166965705999985, 14.487997213000028 ], [ -92.167415558999949, 14.48832976500006 ], [ -92.167573481999966, 14.48842877800007 ], [ -92.168089877999989, 14.488766746000067 ], [ -92.168679169999962, 14.489151317000051 ], [ -92.169297463999953, 14.489597106000076 ], [ -92.170186141999977, 14.490177290000076 ], [ -92.170842379999954, 14.490620281000076 ], [ -92.171467643999961, 14.490963356000066 ], [ -92.171868925999945, 14.491266792000033 ], [ -92.172556014999941, 14.491792021000037 ], [ -92.172975478999945, 14.492101216000037 ], [ -92.173461310999983, 14.492392266000024 ], [ -92.173801968999953, 14.492672569000035 ], [ -92.17404550399999, 14.492900552000037 ], [ -92.17420515799995, 14.493229266000071 ], [ -92.180213157999958, 14.496933915000056 ], [ -92.180668376999961, 14.497112163000054 ], [ -92.181160140999964, 14.497385483000073 ], [ -92.181639725999958, 14.497647107000034 ], [ -92.18202249699999, 14.497897644000034 ], [ -92.182556491999947, 14.498158877000037 ], [ -92.183168767999973, 14.498378317000061 ], [ -92.183738993999953, 14.498633397000049 ], [ -92.184339492999982, 14.498894149000023 ], [ -92.185067480999976, 14.499224666000032 ], [ -92.185983814999986, 14.499677523000059 ], [ -92.187125263999974, 14.500274224000066 ], [ -92.187561826999968, 14.500484921000066 ], [ -92.187531637999939, 14.500517573000025 ], [ -92.186764140999969, 14.50184009700007 ], [ -92.185586562999958, 14.503869223000038 ], [ -92.185277791999965, 14.504333294000048 ], [ -92.185277822999979, 14.50583333000003 ], [ -92.184962713999937, 14.506313749000071 ], [ -92.184611600999972, 14.506787483000039 ], [ -92.184195603999967, 14.507209326000066 ], [ -92.183638902999974, 14.507555495000076 ], [ -92.182166801999983, 14.50898307600005 ], [ -92.180924231999938, 14.509546966000073 ], [ -92.179422992999946, 14.510018458000047 ], [ -92.178362808999964, 14.510539144000063 ], [ -92.177604905999942, 14.511235679000038 ], [ -92.176838536999981, 14.512235946000033 ], [ -92.176759849999939, 14.512508227000069 ], [ -92.176656818999959, 14.513797491000048 ], [ -92.176578954999968, 14.514876608000066 ], [ -92.176209467999968, 14.51576932200004 ], [ -92.175239017999957, 14.516791986000044 ], [ -92.174324899999988, 14.51815980300006 ], [ -92.17369783099997, 14.519106711000063 ], [ -92.172464779999984, 14.520948014000055 ], [ -92.170888623999986, 14.522963102000062 ], [ -92.168831194999939, 14.526550414000042 ], [ -92.168375737999952, 14.527532292000046 ], [ -92.167760309999949, 14.528604763000033 ], [ -92.167101959999968, 14.529688010000029 ], [ -92.166473731999986, 14.530488311000056 ], [ -92.16535033599996, 14.531197886000029 ], [ -92.164195547999952, 14.532022866000034 ], [ -92.161895164999976, 14.533441023000023 ], [ -92.159850392999942, 14.534598263000078 ], [ -92.158733741999981, 14.535152053000047 ], [ -92.157461656999942, 14.535735626000076 ], [ -92.156073765999963, 14.53641689400007 ], [ -92.154495465999958, 14.537285437000037 ], [ -92.152900184999964, 14.538155365000023 ], [ -92.152014047999955, 14.538978397000051 ], [ -92.15098971599997, 14.540011831000072 ], [ -92.15056478799994, 14.540695477000043 ], [ -92.150334158999954, 14.54108427500006 ], [ -92.149759943999982, 14.542334711000024 ], [ -92.149713813999938, 14.543361249000043 ], [ -92.149613390999946, 14.544314868000072 ], [ -92.149446680999972, 14.545028108000054 ], [ -92.148949996999988, 14.545990115000052 ], [ -92.14840974699996, 14.547265853000056 ], [ -92.148068516999956, 14.549090307000029 ], [ -92.147749793999935, 14.551050733000068 ], [ -92.147752408999963, 14.552851823000026 ], [ -92.147941534999973, 14.55370915900005 ], [ -92.148680405999983, 14.554761581000037 ], [ -92.149545720999981, 14.55546754900007 ], [ -92.150766723999936, 14.555965854000021 ], [ -92.151604487999975, 14.556186034000064 ], [ -92.152466308999976, 14.556420795000065 ], [ -92.153041536999979, 14.557149739000067 ], [ -92.15311711399994, 14.558636162000028 ], [ -92.152463681999961, 14.560399996000058 ], [ -92.151742541999965, 14.561734974000046 ], [ -92.151278008999952, 14.56287965100006 ], [ -92.150419840999973, 14.564903005000076 ], [ -92.14894271299994, 14.56685492500003 ], [ -92.145091626999942, 14.571128048000048 ], [ -92.144828381999957, 14.571731679000038 ], [ -92.144869645999961, 14.572946089000027 ], [ -92.145038872999976, 14.57413506000006 ], [ -92.145389018999936, 14.574837785000057 ], [ -92.145844537999949, 14.575368626000056 ], [ -92.14625222799998, 14.575612188000036 ], [ -92.147239299999967, 14.576169607000054 ], [ -92.147927247999974, 14.576390632000027 ], [ -92.148746609999989, 14.576688528000034 ], [ -92.149891008999987, 14.577319214000056 ], [ -92.150736368999958, 14.57814440900006 ], [ -92.151418579999984, 14.578868680000028 ], [ -92.151513415999943, 14.579083345000072 ], [ -92.151759211999945, 14.579850595000039 ], [ -92.151742327999955, 14.580454750000058 ], [ -92.151201318999938, 14.581456681000077 ], [ -92.150694057999942, 14.582643548000021 ], [ -92.14997464299995, 14.584219359000031 ], [ -92.149335775999987, 14.585061593000034 ], [ -92.148739209999974, 14.58580928300006 ], [ -92.148282724999945, 14.586597870000048 ], [ -92.14804322399999, 14.587646713000026 ], [ -92.148020317999965, 14.588903458000061 ], [ -92.148310312999968, 14.590304596000067 ], [ -92.148662563999949, 14.591401619000067 ], [ -92.148904567999978, 14.592132916000025 ], [ -92.149518309999962, 14.593688837000059 ], [ -92.150134715999968, 14.595600768000054 ], [ -92.150506305999954, 14.596552578000058 ], [ -92.150714659999949, 14.596947492000027 ], [ -92.150957928999958, 14.597846321000077 ], [ -92.151021220999951, 14.599123397000028 ], [ -92.151029813999969, 14.600275201000045 ], [ -92.15082343499995, 14.601438999000038 ], [ -92.150100616999964, 14.602564563000044 ], [ -92.149326180999935, 14.603498513000034 ], [ -92.148614211999984, 14.604170708000026 ], [ -92.146517813999935, 14.605668503000061 ], [ -92.144818452999971, 14.606588024000075 ], [ -92.143621188999987, 14.607545883000057 ], [ -92.142225058999941, 14.608756454000059 ], [ -92.140711435999947, 14.609967267000059 ], [ -92.140316910999957, 14.610529102000044 ], [ -92.139337358999967, 14.611848424000073 ], [ -92.138373892999937, 14.613404986000035 ], [ -92.138198658999954, 14.613773945000048 ], [ -92.137583562999964, 14.615910907000057 ], [ -92.137564626999961, 14.615989905000049 ], [ -92.137436334999961, 14.616525115000059 ], [ -92.137388559999977, 14.616850505000059 ], [ -92.137375153999983, 14.616946152000025 ], [ -92.137125081999955, 14.616823108000062 ] ] ] ] } },
{ "type": "Feature", "properties": { "Codigo": 1505, "datos_finales_color_riesgo": "ffaa00" }, "geometry": { "type": "MultiPolygon", "coordinates": [ [ [ [ -90.520917074999943, 15.007827557000041 ], [ -90.523804757999983, 15.003842323000072 ], [ -90.525896623999984, 15.002876997000044 ], [ -90.527119998999979, 15.001713629000051 ], [ -90.531150418999971, 15.00058185000006 ], [ -90.538350320999939, 14.999127452000039 ], [ -90.541998951999972, 14.997747417000028 ], [ -90.544804174999967, 14.995088947000056 ], [ -90.546210448999943, 14.993105335000052 ], [ -90.547295438999981, 14.990717365000023 ], [ -90.547468480999953, 14.986389676000044 ], [ -90.546385216999965, 14.983991902000071 ], [ -90.542842833999941, 14.980004742000062 ], [ -90.542136036999977, 14.976587917000074 ], [ -90.54518348299996, 14.968597424000052 ], [ -90.545525635999979, 14.963389608000057 ], [ -90.543216740999981, 14.958773217000044 ], [ -90.540879573999973, 14.956644250000068 ], [ -90.538728410999965, 14.95547261400003 ], [ -90.535372218999953, 14.953180161000034 ], [ -90.533620496999959, 14.949992579000025 ], [ -90.527435361999949, 14.948435079000035 ], [ -90.525654237999959, 14.947370106000051 ], [ -90.519980544999953, 14.945387726000035 ], [ -90.516072314999974, 14.942956921000075 ], [ -90.509077119999972, 14.940120904000025 ], [ -90.507404242999939, 14.938295896000056 ], [ -90.506941569999981, 14.93712548600007 ], [ -90.506853632999935, 14.933876873000031 ], [ -90.508432499999969, 14.93085985700003 ], [ -90.508502410999938, 14.929782207000073 ], [ -90.511429327999963, 14.924868064000066 ], [ -90.512769142999957, 14.919954675000042 ], [ -90.513900139999976, 14.917541381000035 ], [ -90.514041392999957, 14.911970152000038 ], [ -90.512596436999956, 14.909523211000021 ], [ -90.506756161999988, 14.903952412000024 ], [ -90.505105145999948, 14.902116371000034 ], [ -90.501654290999966, 14.899675751000075 ], [ -90.499715608999963, 14.897719103000043 ], [ -90.498232407999978, 14.895236683000064 ], [ -90.499221391999981, 14.895215863000033 ], [ -90.499731754999971, 14.895012528000052 ], [ -90.500076092999961, 14.894555565000076 ], [ -90.500421588999984, 14.893998110000041 ], [ -90.500833841999963, 14.893541884000058 ], [ -90.501289165999935, 14.893227280000076 ], [ -90.501732431999983, 14.893001753000021 ], [ -90.502662351999959, 14.892714905000048 ], [ -90.503739124999981, 14.892430782000076 ], [ -90.504475253999942, 14.892284099000051 ], [ -90.505008564999969, 14.89210358400004 ], [ -90.505542309999953, 14.891834995000067 ], [ -90.506065865999972, 14.891543707000039 ], [ -90.506726371999946, 14.891056293000076 ], [ -90.507684592999965, 14.890276258000029 ], [ -90.508563237999965, 14.889549554000041 ], [ -90.509622294999986, 14.888834971000051 ], [ -90.510155145999988, 14.888643146000049 ], [ -90.511163481999972, 14.888401153000075 ], [ -90.512942037999949, 14.88802522900005 ], [ -90.514166413999988, 14.887676031000069 ], [ -90.515083809999965, 14.88746578000007 ], [ -90.516271031999963, 14.887369113000034 ], [ -90.517572291999954, 14.887251092000042 ], [ -90.518319790999954, 14.887072863000071 ], [ -90.519178857999975, 14.887038125000061 ], [ -90.519811361999984, 14.887066426000047 ], [ -90.520770508999988, 14.887164885000061 ], [ -90.522407183999974, 14.887314708000076 ], [ -90.523378200999957, 14.887390698000047 ], [ -90.524113418999946, 14.887321855000039 ], [ -90.52465749299995, 14.887162863000071 ], [ -90.525441380999951, 14.88679755000004 ], [ -90.52596531599994, 14.886419262000061 ], [ -90.526707549999969, 14.885735046000036 ], [ -90.527088129999981, 14.88504692600003 ], [ -90.527630940999984, 14.884030813000038 ], [ -90.528221162999955, 14.883795522000071 ], [ -90.528729434999946, 14.883822458000054 ], [ -90.529416234999985, 14.884027479000054 ], [ -90.530000445999974, 14.884319475000041 ], [ -90.530448320999938, 14.884654042000022 ], [ -90.530986626999947, 14.885000873000024 ], [ -90.531906473999982, 14.885593473000029 ], [ -90.532986195999968, 14.886065832000043 ], [ -90.53386427199996, 14.88635081700005 ], [ -90.53451746799999, 14.886500131000048 ], [ -90.535217638999939, 14.886551704000055 ], [ -90.535906704999945, 14.886559114000022 ], [ -90.536857080999937, 14.886459793000029 ], [ -90.537585433999936, 14.885973007000075 ], [ -90.537896026999988, 14.885514479000051 ], [ -90.53840241599994, 14.884685400000023 ], [ -90.539061638999954, 14.883996858000046 ], [ -90.540221591999966, 14.883693118000053 ], [ -90.540923998999972, 14.883547075000024 ], [ -90.54152437, 14.883388644000036 ], [ -90.542170132999956, 14.883220534000031 ], [ -90.543237186999988, 14.882814146000044 ], [ -90.543681150999987, 14.882521911000026 ], [ -90.544227701999944, 14.882142689000034 ], [ -90.544991886999981, 14.88151397200005 ], [ -90.545402549999949, 14.88118862500005 ], [ -90.545802712999944, 14.880764919000057 ], [ -90.546203384999956, 14.880296048000048 ], [ -90.548514381999951, 14.877749444000074 ], [ -90.549415865999947, 14.876990050000074 ], [ -90.55014130699999, 14.876756141000044 ], [ -90.550648448999937, 14.876882387000023 ], [ -90.55128849099998, 14.877218969000069 ], [ -90.551888054999949, 14.877181330000042 ], [ -90.552523802999985, 14.876869664000026 ], [ -90.553160996999964, 14.876481219000027 ], [ -90.553957539999942, 14.876016556000025 ], [ -90.554594770999984, 14.875572773000044 ], [ -90.555525073999945, 14.875241653000046 ], [ -90.556248359999984, 14.875249361000044 ], [ -90.557004566999979, 14.87532404500007 ], [ -90.557694356999946, 14.875264765000054 ], [ -90.558249008999951, 14.87519388100003 ], [ -90.558871986999975, 14.875035638000043 ], [ -90.559508667999978, 14.874691213000062 ], [ -90.560923833999937, 14.873421155000074 ], [ -90.562063709999961, 14.872520823000059 ], [ -90.562697551999975, 14.872428182000021 ], [ -90.563340318999963, 14.87252309400003 ], [ -90.563709867999989, 14.872856768000076 ], [ -90.563861712999937, 14.873397043000068 ], [ -90.56380558099994, 14.874363104000054 ], [ -90.563797059999956, 14.875121885000055 ], [ -90.564147118999983, 14.876157759000023 ], [ -90.564731370999937, 14.876449670000056 ], [ -90.565510974999938, 14.876457948000052 ], [ -90.566577869999946, 14.876008529000046 ], [ -90.566989115999945, 14.875627809000036 ], [ -90.568462250999971, 14.874258940000061 ], [ -90.568907032999959, 14.873889864000034 ], [ -90.569582671999967, 14.873435150000034 ], [ -90.570489799999962, 14.872786391000034 ], [ -90.571331212999951, 14.872354883000071 ], [ -90.57288419799994, 14.871887989000072 ], [ -90.573982, 14.871734725000067 ], [ -90.575553563999961, 14.871630507000077 ], [ -90.576400860999968, 14.871606713000062 ], [ -90.577307868999981, 14.871330583000031 ], [ -90.57775434499996, 14.870807924000076 ], [ -90.578223090999984, 14.870318247000057 ], [ -90.578973788999974, 14.869898171000045 ], [ -90.579674228999977, 14.869871684000032 ], [ -90.580283939999958, 14.869911994000063 ], [ -90.580902945999981, 14.870160187000067 ], [ -90.581432069999948, 14.870555370000034 ], [ -90.583209676999957, 14.872019593000061 ], [ -90.585160427999938, 14.873369311000033 ], [ -90.586885140999982, 14.874739222000073 ], [ -90.587468213999955, 14.875140607000048 ], [ -90.588177585999972, 14.875356987000032 ], [ -90.58882466099999, 14.875066787000037 ], [ -90.589337936999982, 14.874644181000065 ], [ -90.589716966999958, 14.874076744000035 ], [ -90.589769808999961, 14.873396336000042 ], [ -90.589730639999971, 14.872845960000063 ], [ -90.58988726199999, 14.871969015000047 ], [ -90.59031007499999, 14.871588367000072 ], [ -90.591135841999971, 14.871464914000057 ], [ -90.591971626999964, 14.871484980000048 ], [ -90.592716582999969, 14.871580884000025 ], [ -90.594260888999941, 14.871894090000069 ], [ -90.595058877999975, 14.872286419000034 ], [ -90.59565250299994, 14.872731939000062 ], [ -90.596144385999935, 14.873243018000039 ], [ -90.596826008999983, 14.873920963000046 ], [ -90.597518555999955, 14.874609184000064 ], [ -90.597933447999935, 14.874943286000075 ], [ -90.598471389999986, 14.875332879000041 ], [ -90.599224957999979, 14.875649069000076 ], [ -90.599697771999956, 14.875786145000063 ], [ -90.600383799999975, 14.876067745000057 ], [ -90.600991542999964, 14.876288670000065 ], [ -90.601440976999982, 14.87654520500007 ], [ -90.603154460999974, 14.877893437000068 ], [ -90.604655948999948, 14.879040688000032 ], [ -90.605744688999948, 14.879711572000076 ], [ -90.606915177999952, 14.88013034100004 ], [ -90.607706212999972, 14.880105846000049 ], [ -90.608466003999979, 14.879860808000046 ], [ -90.60911307799995, 14.87957054900005 ], [ -90.609659156999953, 14.879225028000064 ], [ -90.610284775999958, 14.878879205000032 ], [ -90.611024695999959, 14.878382116000068 ], [ -90.611833625999964, 14.877786363000041 ], [ -90.613551401999985, 14.876694134000047 ], [ -90.614550063999957, 14.876319432000059 ], [ -90.615546051999956, 14.876187496000057 ], [ -90.61605425099998, 14.876170192000075 ], [ -90.616742950999935, 14.876211229000035 ], [ -90.617273528999988, 14.876270949000059 ], [ -90.618097241999976, 14.876389049000068 ], [ -90.618558683999936, 14.876558723000073 ], [ -90.619194839999977, 14.877049802000045 ], [ -90.619775131999972, 14.877923139000075 ], [ -90.62021421299994, 14.87912589900003 ], [ -90.620597681999982, 14.880211759000076 ], [ -90.620814699999983, 14.881016955000064 ], [ -90.620906108999975, 14.881946199000026 ], [ -90.620961135999949, 14.883122385000036 ], [ -90.621010086999945, 14.883793706000063 ], [ -90.621117382999955, 14.88433350400004 ], [ -90.621471463999967, 14.885029448000068 ], [ -90.622054495999976, 14.885602413000072 ], [ -90.622436159999907, 14.886960421000026 ], [ -90.622412384999961, 14.888069160000043 ], [ -90.622292998999967, 14.88857837200004 ], [ -90.621905005999963, 14.889649453000061 ], [ -90.621047956999973, 14.891875468000023 ], [ -90.620653798999967, 14.89350661900005 ], [ -90.620602085999963, 14.893986041000062 ], [ -90.620440817999963, 14.896298326000021 ], [ -90.62016115299997, 14.89686120600004 ], [ -90.619835385999977, 14.897445063000077 ], [ -90.619381766999936, 14.89825006500007 ], [ -90.619181511999955, 14.898825063000061 ], [ -90.61907290299996, 14.899355840000055 ], [ -90.618993667999973, 14.900330739000026 ], [ -90.618906566999954, 14.901017584000044 ], [ -90.618501856999956, 14.90154528100004 ], [ -90.617800949999946, 14.902025852000065 ], [ -90.616964363999955, 14.902383042000054 ], [ -90.61648256899997, 14.902633252000044 ], [ -90.61620620399998, 14.903949409000063 ], [ -90.616121341999985, 14.906488339000077 ], [ -90.61602142299995, 14.907230383000069 ], [ -90.615456480999967, 14.907806093000033 ], [ -90.61497393799999, 14.90812291900005 ], [ -90.614616528999989, 14.908518968000067 ], [ -90.614438777999965, 14.909104356000057 ], [ -90.614740388999962, 14.909661989000028 ], [ -90.615463239999897, 14.910301934000074 ], [ -90.615959276999945, 14.910816419000071 ], [ -90.616167656999949, 14.911561674000041 ], [ -90.615952810999943, 14.912457235000034 ], [ -90.615706907999936, 14.913009163000027 ], [ -90.615619299999935, 14.913740043000075 ], [ -90.615631614999984, 14.914677495000035 ], [ -90.615933169999948, 14.915240776000076 ], [ -90.616373647999978, 14.915633846000048 ], [ -90.617087486999935, 14.916039927000043 ], [ -90.617746128999954, 14.916290720000063 ], [ -90.618498042999988, 14.916403574000071 ], [ -90.619325493999952, 14.916828901000031 ], [ -90.619777604999967, 14.91722095800003 ], [ -90.620374985999945, 14.917815545000053 ], [ -90.620744649999949, 14.91841792300005 ], [ -90.620907566999961, 14.918916516000024 ], [ -90.621464752999941, 14.919311923000066 ], [ -90.621987697999941, 14.919494662000034 ], [ -90.622784757999966, 14.919569577000061 ], [ -90.623286661999941, 14.919553336000035 ], [ -90.624736653999946, 14.91939674200006 ], [ -90.625476909999975, 14.919515100000069 ], [ -90.626076121999972, 14.919997892000026 ], [ -90.626939450999942, 14.921337183000048 ], [ -90.62766301399995, 14.921866433000048 ], [ -90.628312242999982, 14.921972547000053 ], [ -90.629349482999942, 14.922017181000058 ], [ -90.629862772999957, 14.922022501000072 ], [ -90.630429836999951, 14.922261015000061 ], [ -90.630950250999945, 14.922676350000074 ], [ -90.631528558999946, 14.922948860000076 ], [ -90.632113286999981, 14.922688395000023 ], [ -90.632914619999951, 14.922374834000038 ], [ -90.63353116799999, 14.922337173000074 ], [ -90.633976175999976, 14.923328802000071 ], [ -90.634037167999963, 14.92401718900004 ], [ -90.634165465999956, 14.924816945000032 ], [ -90.634456630999978, 14.925273946000061 ], [ -90.634783478999964, 14.925654518000044 ], [ -90.635798704999956, 14.926652046000072 ], [ -90.636159817999953, 14.927032973000053 ], [ -90.636506647999965, 14.927657685000042 ], [ -90.636831599999937, 14.928159074000064 ], [ -90.637100241999974, 14.928605674000039 ], [ -90.637583867999979, 14.929254388000061 ], [ -90.63789475599998, 14.930033445000049 ], [ -90.638025881999965, 14.930522666000059 ], [ -90.638394284999947, 14.931246981000072 ], [ -90.638797785999941, 14.931894862000036 ], [ -90.638597670999957, 14.932457457000055 ], [ -90.637476295999988, 14.933888010000032 ], [ -90.63735414699994, 14.93459596100007 ], [ -90.638170008999964, 14.935082098000066 ], [ -90.638503798999977, 14.935838807000039 ], [ -90.63877036599996, 14.936529319000044 ], [ -90.639005004999945, 14.936952980000058 ], [ -90.641718182999966, 14.940207478000048 ], [ -90.642570655999975, 14.941492413000049 ], [ -90.642711841999983, 14.942125163000071 ], [ -90.642713285999946, 14.943056871000067 ], [ -90.642541608999977, 14.944152803000065 ], [ -90.642521522999971, 14.944928441000059 ], [ -90.642549728999938, 14.945483230000036 ], [ -90.642630960999952, 14.947458126000072 ], [ -90.642748034999954, 14.948225018000073 ], [ -90.643829723999943, 14.94841348500006 ], [ -90.644477012999971, 14.948652806000041 ], [ -90.644672210999943, 14.949552633000053 ], [ -90.64534877799997, 14.950302708000038 ], [ -90.64591674899998, 14.950519748000033 ], [ -90.646460777999948, 14.950802042000078 ], [ -90.647147908999955, 14.95159626700007 ], [ -90.647430518999954, 14.952896775000056 ], [ -90.647637096999972, 14.953819305000025 ], [ -90.647972024999945, 14.954476637000027 ], [ -90.648287196999945, 14.954868374000057 ], [ -90.649912480999944, 14.955384278000054 ], [ -90.651401299999975, 14.955898767000065 ], [ -90.653115247999949, 14.956648203000043 ], [ -90.653919873999939, 14.957110466000074 ], [ -90.654541531999939, 14.957627315000025 ], [ -90.655994744999987, 14.959283166000034 ], [ -90.657775687999958, 14.962317904000031 ], [ -90.658190342999944, 14.962964751000072 ], [ -90.658527453999966, 14.963478671000075 ], [ -90.65886483099996, 14.963914669000076 ], [ -90.65992883199999, 14.965688477000072 ], [ -90.660184723999976, 14.966300944000068 ], [ -90.660327036999945, 14.966835450000076 ], [ -90.660387626999977, 14.967567880000047 ], [ -90.660269957999958, 14.968508539000027 ], [ -90.657852796999975, 14.967249367000022 ], [ -90.655905922999978, 14.965316277000056 ], [ -90.652319005999971, 14.961178791000066 ], [ -90.650451851999946, 14.960094613000024 ], [ -90.648949199999947, 14.959408314000029 ], [ -90.646719806999954, 14.959481326000059 ], [ -90.645433097999955, 14.960137743000075 ], [ -90.643765319999943, 14.963083871000038 ], [ -90.640652787999954, 14.964612424000052 ], [ -90.638152846999958, 14.964670123000076 ], [ -90.636481157999981, 14.96329875400005 ], [ -90.634540391999963, 14.963478529000042 ], [ -90.633307790999936, 14.964121876000036 ], [ -90.63211483799995, 14.965914143000077 ], [ -90.630797896999979, 14.970265265000023 ], [ -90.627588963999983, 14.97219803400003 ], [ -90.626696481999943, 14.972858425000027 ], [ -90.62580176199998, 14.973141602000055 ], [ -90.624085861999959, 14.975202785000022 ], [ -90.623947628999986, 14.981151668000052 ], [ -90.623158263999983, 14.982516673000077 ], [ -90.621258285999943, 14.984089169000072 ], [ -90.615699266999968, 14.988079608000078 ], [ -90.60954628799999, 14.990718655000023 ], [ -90.605802374999939, 14.993493529000034 ], [ -90.604608781999957, 14.994628338000041 ], [ -90.60104202299999, 14.996560268000053 ], [ -90.596401812999943, 14.997493805000033 ], [ -90.591127342999982, 14.997068778000028 ], [ -90.588915485999962, 14.997309615000063 ], [ -90.588201350999952, 15.002093591000062 ], [ -90.587711117999959, 15.003175892000058 ], [ -90.587045805999935, 15.003863344000024 ], [ -90.586021129999949, 15.004685885000072 ], [ -90.584754576999956, 15.005423415000053 ], [ -90.582582425999988, 15.006619967000063 ], [ -90.577835341999958, 15.005828676000021 ], [ -90.57478645599997, 15.004819380000072 ], [ -90.572512427999982, 15.003974155000037 ], [ -90.569762337999975, 15.002078123000047 ], [ -90.568275642999936, 15.000345755000069 ], [ -90.567308460999982, 15.000241692000031 ], [ -90.565935277999984, 15.001827180000078 ], [ -90.562970262999954, 15.008086567000078 ], [ -90.562364393999985, 15.009006071000044 ], [ -90.560332107999955, 15.011482206000039 ], [ -90.558602648999965, 15.011945843000035 ], [ -90.557107328999962, 15.012100306000036 ], [ -90.555533394999941, 15.011914008000076 ], [ -90.554302048999944, 15.010925093000026 ], [ -90.553727364999986, 15.00976481500004 ], [ -90.553580912999962, 15.006044603000078 ], [ -90.553001276999964, 15.004197686000055 ], [ -90.552093439999965, 15.003167075000022 ], [ -90.551118819999942, 15.002492588000052 ], [ -90.550276598999972, 15.002281388000029 ], [ -90.549563230999979, 15.00233468600004 ], [ -90.548762520999958, 15.002864718000069 ], [ -90.547772615999975, 15.003684053000029 ], [ -90.543596262999984, 15.005537274000062 ], [ -90.540604735999977, 15.007810878000043 ], [ -90.538550783999938, 15.008204226000032 ], [ -90.536842681999985, 15.008274948000064 ], [ -90.534518231999982, 15.009358684000063 ], [ -90.531674521999946, 15.010787951000054 ], [ -90.53029756799998, 15.010955940000031 ], [ -90.529188361999957, 15.010876139000061 ], [ -90.526899345999936, 15.010541852000074 ], [ -90.524567497999954, 15.009942838000029 ], [ -90.522623777999968, 15.008985542000062 ], [ -90.520917074999943, 15.007827557000041 ] ] ] ] } },
{ "type": "Feature", "properties": { "Codigo": 204, "datos_finales_color_riesgo": "ffaa00" }, "geometry": { "type": "MultiPolygon", "coordinates": [ [ [ [ -89.836254929999939, 15.069038947000024 ], [ -89.826028575999942, 15.060477410000033 ], [ -89.823116398999957, 15.057565370000077 ], [ -89.81530636299999, 15.051108395000028 ], [ -89.811453698999969, 15.046871582000051 ], [ -89.809412772999963, 15.045023548000074 ], [ -89.808442378999985, 15.044052829000066 ], [ -89.806027268999969, 15.040859837000028 ], [ -89.803426245999958, 15.036899012000049 ], [ -89.801785372999973, 15.034673970000028 ], [ -89.796721106999939, 15.028632216000062 ], [ -89.795679856999982, 15.027982121000036 ], [ -89.795700205999935, 15.027436158000057 ], [ -89.793370350999965, 15.024312018000046 ], [ -89.792851535999944, 15.024216663000061 ], [ -89.789369127999976, 15.019973576000041 ], [ -89.788754923999988, 15.016823986000077 ], [ -89.789501089999987, 15.015148390000036 ], [ -89.790541959999985, 15.014342594000027 ], [ -89.792210495999939, 15.013416985000049 ], [ -89.79331493899997, 15.013368237000066 ], [ -89.811847549999982, 15.015377150000063 ], [ -89.837957090999964, 15.015358125000034 ], [ -89.84660712499999, 15.017384600000071 ], [ -89.854403074999937, 15.020017461000066 ], [ -89.867464964999954, 15.023624565000034 ], [ -89.871341517999952, 15.024059476000048 ], [ -89.872278527999981, 15.023593816000073 ], [ -89.873004567999942, 15.021068785000068 ], [ -89.871479927999985, 15.017551136000066 ], [ -89.870500924999988, 15.017155033000051 ], [ -89.870314150999945, 15.016384957000071 ], [ -89.868664786999943, 15.014735810000047 ], [ -89.866251667999961, 15.011352638000062 ], [ -89.863048098999968, 15.008149294000077 ], [ -89.861614076999956, 15.005161092000037 ], [ -89.860546261999957, 15.004093302000058 ], [ -89.859787943999947, 15.003301793000048 ], [ -89.857410067999979, 15.001139151000075 ], [ -89.855822150999984, 14.99931246500006 ], [ -89.855373623999981, 14.997587302000056 ], [ -89.853816975999962, 14.994975489000069 ], [ -89.85188001299997, 14.990940809000051 ], [ -89.851101903999961, 14.990158037000072 ], [ -89.849359702999948, 14.985872094000058 ], [ -89.846902335999971, 14.982814392000023 ], [ -89.847263670999951, 14.978319413000065 ], [ -89.84812592899999, 14.977435183000068 ], [ -89.848258401999942, 14.975801581000042 ], [ -89.849496164999948, 14.972859335000066 ], [ -89.851014483999961, 14.964898379000033 ], [ -89.85136154199995, 14.960532968000052 ], [ -89.851176541999962, 14.959805808000056 ], [ -89.849362522999968, 14.958496333000028 ], [ -89.848753735999935, 14.957296049000036 ], [ -89.849006259999953, 14.954871775000072 ], [ -89.850026742999944, 14.952366682000047 ], [ -89.84990391599996, 14.951317582000058 ], [ -89.849178199999983, 14.950453160000052 ], [ -89.848091421999982, 14.950345602000027 ], [ -89.84637311099999, 14.950992289000055 ], [ -89.84558389099999, 14.951772575000064 ], [ -89.843993501999989, 14.953196399000035 ], [ -89.842878298999949, 14.953166299000031 ], [ -89.840562301999967, 14.952213253000025 ], [ -89.840771707999977, 14.949448680000046 ], [ -89.83967377, 14.948598271000037 ], [ -89.839654682999935, 14.947801174000062 ], [ -89.838340822999953, 14.946396985000035 ], [ -89.836573099999953, 14.945822837000037 ], [ -89.834482913999977, 14.946577146000038 ], [ -89.832930162999958, 14.947689904000072 ], [ -89.832237085999964, 14.950261510000075 ], [ -89.830287364999947, 14.952434176000054 ], [ -89.824186796999982, 14.952910282000062 ], [ -89.820881527999973, 14.952451168000039 ], [ -89.818514021999988, 14.951694713000052 ], [ -89.817321377999974, 14.95054267200004 ], [ -89.816554280999981, 14.948953008000046 ], [ -89.815059186999974, 14.947334001000058 ], [ -89.815005739999947, 14.946000336000054 ], [ -89.814020959999937, 14.944374904000028 ], [ -89.814632354999958, 14.944045973000073 ], [ -89.816124192999951, 14.943012639000074 ], [ -89.816486470999962, 14.942612509000071 ], [ -89.816806507999956, 14.942124887000034 ], [ -89.816906047999964, 14.941633059000026 ], [ -89.816962073999946, 14.940982617000031 ], [ -89.816900043999965, 14.940465965000044 ], [ -89.816723759999945, 14.939077540000028 ], [ -89.816486669999961, 14.937207469000043 ], [ -89.816502542999956, 14.936130969000033 ], [ -89.816558215999976, 14.935504225000045 ], [ -89.816727469999989, 14.934968222000066 ], [ -89.817057635999959, 14.934501054000066 ], [ -89.81764078499998, 14.93403853500007 ], [ -89.818199323999977, 14.933709982000039 ], [ -89.818993336999938, 14.933313601000066 ], [ -89.819726270999979, 14.933438927000054 ], [ -89.820209139999974, 14.933558513000037 ], [ -89.820829798999966, 14.933701460000066 ], [ -89.821655557999975, 14.934026715000073 ], [ -89.822202864999952, 14.934460957000056 ], [ -89.822542434999946, 14.934892309000077 ], [ -89.823061936999977, 14.935638796000035 ], [ -89.824423597999953, 14.938753604000055 ], [ -89.824848523999947, 14.939656785000068 ], [ -89.825482216999944, 14.940138499000057 ], [ -89.826569393999989, 14.940331938000043 ], [ -89.827076903999966, 14.940316417000076 ], [ -89.828257132999966, 14.940063068000029 ], [ -89.82900515099999, 14.939400783000053 ], [ -89.832412330999944, 14.933615193000037 ], [ -89.83487103799996, 14.929566929000032 ], [ -89.835691256999951, 14.928726152000024 ], [ -89.83618045899999, 14.928374015000031 ], [ -89.836995417999958, 14.927892073000066 ], [ -89.837758777999966, 14.927723181000033 ], [ -89.83858980499997, 14.92768953500007 ], [ -89.839422136999985, 14.927566738000053 ], [ -89.840039836999949, 14.92747595700007 ], [ -89.841803923999976, 14.927218180000068 ], [ -89.843167281999968, 14.927057559000048 ], [ -89.844323231999965, 14.926871494000068 ], [ -89.844832600999951, 14.926766789000055 ], [ -89.845551103999981, 14.926529530000039 ], [ -89.84620251299998, 14.926157031000059 ], [ -89.848253567999961, 14.924727086000075 ], [ -89.848928820999959, 14.924310890000072 ], [ -89.84966856599999, 14.924208220000025 ], [ -89.851444106999963, 14.924277833000076 ], [ -89.852595473999941, 14.924405427000067 ], [ -89.853564196999969, 14.924441340000044 ], [ -89.856124680999983, 14.924453999000036 ], [ -89.856886323999959, 14.924441901000023 ], [ -89.857973194999943, 14.924255940000023 ], [ -89.859822708999957, 14.92398902900004 ], [ -89.860630524999976, 14.923954980000076 ], [ -89.862595166999938, 14.92371332700003 ], [ -89.863800128999969, 14.923348368000063 ], [ -89.86445312699999, 14.922864094000033 ], [ -89.865062956999964, 14.922154615000068 ], [ -89.865862765999964, 14.921111389000032 ], [ -89.866708409999944, 14.920068789000027 ], [ -89.867364972999951, 14.919337366000036 ], [ -89.867786042999967, 14.918916491000061 ], [ -89.868578683999942, 14.918366392000053 ], [ -89.869230364999964, 14.917971244000057 ], [ -89.870136581999986, 14.917512987000066 ], [ -89.870875965999971, 14.91743394100007 ], [ -89.871544368999935, 14.917487104000031 ], [ -89.872463409999966, 14.917746860000022 ], [ -89.873448601999939, 14.918208425000046 ], [ -89.874109211999951, 14.918800991000069 ], [ -89.87560548099998, 14.920604781000065 ], [ -89.876287047999938, 14.921354517000054 ], [ -89.877038651999953, 14.922037490000037 ], [ -89.878041232999976, 14.922904478000078 ], [ -89.878840300999968, 14.923476353000069 ], [ -89.879526816999942, 14.923844651000024 ], [ -89.880399096999952, 14.924170336000032 ], [ -89.881711050999968, 14.924434296000072 ], [ -89.883052218999978, 14.924484194000058 ], [ -89.883929583999986, 14.924457779000022 ], [ -89.885590728999944, 14.924173412000073 ], [ -89.886677617999965, 14.923986182000021 ], [ -89.887950643999943, 14.923689737000075 ], [ -89.888971382999955, 14.923299556000075 ], [ -89.88988173599995, 14.922594086000061 ], [ -89.890049824999949, 14.922125700000038 ], [ -89.891352857999948, 14.918127477000041 ], [ -89.891834488999962, 14.916720880000071 ], [ -89.892282191999982, 14.916099401000054 ], [ -89.892771617999983, 14.915724547000025 ], [ -89.893489989999978, 14.915532268000049 ], [ -89.89445813399999, 14.915567990000056 ], [ -89.89530913499999, 14.915759011000034 ], [ -89.895974655999964, 14.916014105000045 ], [ -89.896983750999937, 14.916431879000072 ], [ -89.898362555999938, 14.916809517000047 ], [ -89.899214588999939, 14.916888795000034 ], [ -89.899813946999984, 14.916942068000026 ], [ -89.900644013999965, 14.916974768000046 ], [ -89.901819586999977, 14.917035845000044 ], [ -89.903180662999944, 14.917031708000025 ], [ -89.904565255999955, 14.91700643300004 ], [ -89.905927559999952, 14.916957147000062 ], [ -89.907150272999957, 14.916928541000061 ], [ -89.908790324999984, 14.916816396000058 ], [ -89.909587809999948, 14.916692857000044 ], [ -89.911321802999964, 14.916423945000076 ], [ -89.913066898999944, 14.916190156000027 ], [ -89.914384054999971, 14.91605104000007 ], [ -89.915631528999938, 14.91595499500005 ], [ -89.916612268999984, 14.915923070000076 ], [ -89.917374067999958, 14.915900606000037 ], [ -89.920022640999946, 14.915925007000055 ], [ -89.91984686699999, 14.917263578000075 ], [ -89.91872613399994, 14.919135724000057 ], [ -89.916621988999964, 14.922891998000068 ], [ -89.917185879999977, 14.925514879000048 ], [ -89.919879419999972, 14.927319922000038 ], [ -89.922873272999936, 14.928663946000029 ], [ -89.923962200999938, 14.93021030500006 ], [ -89.923887002999948, 14.931007310000041 ], [ -89.924572363999971, 14.931913884000039 ], [ -89.924921891999986, 14.934597089000022 ], [ -89.92492128899994, 14.941363873000057 ], [ -89.925518046999969, 14.942339239000034 ], [ -89.926142724999977, 14.945511507000049 ], [ -89.925656217999972, 14.951992947000065 ], [ -89.925942574999965, 14.961468054000022 ], [ -89.926834334999967, 14.96476019000005 ], [ -89.928381143999957, 14.968080339000039 ], [ -89.927648550999947, 14.974507670000037 ], [ -89.926063212999964, 14.977505663000045 ], [ -89.923775790999969, 14.98022777500006 ], [ -89.921876746999942, 14.981080278000036 ], [ -89.919703742999957, 14.983873860000074 ], [ -89.919027322999966, 14.98549911300006 ], [ -89.918316649999952, 14.985947760000045 ], [ -89.918059530999983, 14.986955622000039 ], [ -89.916065935999939, 14.98921430300004 ], [ -89.914171236999948, 14.992548849000059 ], [ -89.913424291999945, 14.994875181000054 ], [ -89.913010012999962, 15.000234387000035 ], [ -89.912631851999947, 15.001216890000023 ], [ -89.912471548999974, 15.00316063300005 ], [ -89.911827445999961, 15.004022137000049 ], [ -89.911339617999943, 15.006129609000027 ], [ -89.910748070999944, 15.007534734000046 ], [ -89.90961204599995, 15.008725902000037 ], [ -89.908235012999967, 15.012177993000023 ], [ -89.907587755999941, 15.012529251000046 ], [ -89.906981067999936, 15.014780691000055 ], [ -89.905773071999988, 15.016488929000047 ], [ -89.905356917999939, 15.018047663000061 ], [ -89.905461224999954, 15.024547098000028 ], [ -89.905801561999965, 15.026959283000053 ], [ -89.907028899999943, 15.031285437000065 ], [ -89.908650074999969, 15.034881031000054 ], [ -89.909587956999985, 15.039351106000026 ], [ -89.91124565399997, 15.042070182000032 ], [ -89.912074946999951, 15.044367125000065 ], [ -89.912664362999976, 15.047715027000038 ], [ -89.912582843999985, 15.050711798000066 ], [ -89.912159605999989, 15.051347150000026 ], [ -89.912490038999977, 15.055135116000031 ], [ -89.913736591999964, 15.05862515900003 ], [ -89.915721717999986, 15.060276403000046 ], [ -89.915529946999982, 15.065362073000074 ], [ -89.916142845999957, 15.069380762000037 ], [ -89.917680816999962, 15.07208240600005 ], [ -89.918432328999984, 15.073780074000069 ], [ -89.918499523999969, 15.077299219000054 ], [ -89.91670264399994, 15.08123093100005 ], [ -89.914550677999955, 15.082917272000032 ], [ -89.905491688999973, 15.084291428000029 ], [ -89.89925498499997, 15.086905950000073 ], [ -89.897564909999971, 15.086852313000065 ], [ -89.894764589999966, 15.085856774000035 ], [ -89.893236041999955, 15.084682268000051 ], [ -89.889434532999985, 15.084237276000067 ], [ -89.887247757999944, 15.084590974000037 ], [ -89.882888929999979, 15.087473489000047 ], [ -89.88176898599994, 15.087558515000069 ], [ -89.879824118999977, 15.088527212000031 ], [ -89.874893672999974, 15.089377930000069 ], [ -89.872947786999987, 15.090334131000077 ], [ -89.869335742999965, 15.090635205000069 ], [ -89.86737566499994, 15.092121631000055 ], [ -89.86423750299997, 15.092902093000077 ], [ -89.861780630999988, 15.094672770000045 ], [ -89.861181000999977, 15.095238943000027 ], [ -89.859904695999944, 15.094934550000062 ], [ -89.849243313999978, 15.08291508800005 ], [ -89.844976818999953, 15.078260915000044 ], [ -89.842946014999939, 15.075647995000054 ], [ -89.840707690999977, 15.073797397000021 ], [ -89.838583083999936, 15.070896472000072 ], [ -89.836254929999939, 15.069038947000024 ] ] ] ] } },
{ "type": "Feature", "properties": { "Codigo": 403, "datos_finales_color_pelyexp": "ffaa00" }, "geometry": { "type": "MultiPolygon", "coordinates": [ [ [ [ -90.692508898999961, 14.909432695000078 ], [ -90.691936692999946, 14.909398693000071 ], [ -90.691259317999936, 14.909370401000047 ], [ -90.690537012999982, 14.909253567000064 ], [ -90.690019573999962, 14.909039415000052 ], [ -90.68948031299999, 14.908748242000058 ], [ -90.68881034399999, 14.907972385000051 ], [ -90.688489090999951, 14.907386391000045 ], [ -90.688135569999986, 14.906613728000025 ], [ -90.687781944999983, 14.905851227000028 ], [ -90.687326471999938, 14.905110283000056 ], [ -90.686733832999948, 14.904544135000037 ], [ -90.686216179999974, 14.904297220000046 ], [ -90.685585296999989, 14.904158710000047 ], [ -90.684998527999937, 14.904075982000052 ], [ -90.68440074199998, 14.903937801000041 ], [ -90.683814568999935, 14.903799738000032 ], [ -90.683015562999969, 14.903473175000045 ], [ -90.682433380999953, 14.902962460000026 ], [ -90.681356567999956, 14.902333801000054 ], [ -90.680622321999977, 14.902196489000062 ], [ -90.680028767999943, 14.901718408000022 ], [ -90.680140499999936, 14.900774268000077 ], [ -90.680294807999985, 14.900083537000057 ], [ -90.680084808999936, 14.899630799000022 ], [ -90.679246672999966, 14.898731245000022 ], [ -90.678560560999983, 14.898438566000038 ], [ -90.677759464999951, 14.898309606000055 ], [ -90.677004115999978, 14.89819239600007 ], [ -90.676462306999952, 14.898088648000055 ], [ -90.675360653999974, 14.897560227000042 ], [ -90.674710347999962, 14.897070264000035 ], [ -90.673890617999973, 14.896622623000042 ], [ -90.672761726999966, 14.896523067000032 ], [ -90.671938291999936, 14.896366755000031 ], [ -90.671330927999975, 14.896096314000033 ], [ -90.670039129999964, 14.89537959300003 ], [ -90.669365483999968, 14.894956012000023 ], [ -90.668580285999951, 14.89443078000005 ], [ -90.667236097999989, 14.893296785000075 ], [ -90.666153209999948, 14.892108980000046 ], [ -90.665057657999967, 14.890966214000059 ], [ -90.664219359999947, 14.89014454200003 ], [ -90.663692869999977, 14.889699859000075 ], [ -90.662815239999986, 14.889349848000052 ], [ -90.661923009999953, 14.889330584000049 ], [ -90.661368915999958, 14.889346387000046 ], [ -90.660848232999967, 14.889440455000056 ], [ -90.660191352999959, 14.889564752000069 ], [ -90.659400372999983, 14.889579260000062 ], [ -90.658862401999954, 14.889177367000059 ], [ -90.65837387199997, 14.888337793000062 ], [ -90.658062208999979, 14.887895295000021 ], [ -90.657649192999941, 14.887429174000033 ], [ -90.657179618999976, 14.886985061000075 ], [ -90.656551556999943, 14.886539326000047 ], [ -90.655978972999947, 14.886225163000063 ], [ -90.654662865999967, 14.885673006000047 ], [ -90.653525292999973, 14.885310139000069 ], [ -90.652927710999961, 14.885160595000059 ], [ -90.652216952999936, 14.885060711000051 ], [ -90.651302475999955, 14.885007297000072 ], [ -90.650804686999948, 14.885078990000068 ], [ -90.649953748999962, 14.885377448000042 ], [ -90.649588364999943, 14.885714759000052 ], [ -90.648899895999989, 14.886718452000025 ], [ -90.64847307399998, 14.887527193000039 ], [ -90.648217214999988, 14.888151347000075 ], [ -90.648042443999941, 14.888632907000044 ], [ -90.647890317999952, 14.88911470000005 ], [ -90.647704627999985, 14.889585984000064 ], [ -90.64713138799999, 14.890349176000029 ], [ -90.646496189999937, 14.890561742000045 ], [ -90.645999936999942, 14.890491143000077 ], [ -90.645222738999962, 14.890252773000043 ], [ -90.644648151999945, 14.890070692000052 ], [ -90.64340550899999, 14.890079373000049 ], [ -90.642656607999982, 14.890335933000074 ], [ -90.641782253999963, 14.890756082000053 ], [ -90.640764155999989, 14.890832558000056 ], [ -90.640024094999944, 14.890330294000023 ], [ -90.639654616999962, 14.889975267000068 ], [ -90.639050291999979, 14.889485690000072 ], [ -90.63848805899994, 14.889182884000036 ], [ -90.637835576999976, 14.88895707000006 ], [ -90.636840967999944, 14.888956978000067 ], [ -90.636069647999989, 14.889246036000031 ], [ -90.635467393999988, 14.889525541000069 ], [ -90.634876626999983, 14.889816457000052 ], [ -90.634028269999988, 14.889928534000035 ], [ -90.63304612, 14.889797556000076 ], [ -90.632351726999957, 14.889262988000041 ], [ -90.631963818999964, 14.888576869000076 ], [ -90.631453116999978, 14.887704274000043 ], [ -90.631009973999937, 14.886919333000037 ], [ -90.630330105999974, 14.886066443000061 ], [ -90.629225173999941, 14.885856257000057 ], [ -90.628081889999976, 14.886020602000031 ], [ -90.627322693999986, 14.886210375000076 ], [ -90.626008179999985, 14.886581861000025 ], [ -90.625508845999946, 14.886741567000058 ], [ -90.624501774999942, 14.886873426000022 ], [ -90.623836866999966, 14.886724239000046 ], [ -90.62334281599999, 14.886454856000057 ], [ -90.622803370999975, 14.886142089000032 ], [ -90.622054495999976, 14.885602413000072 ], [ -90.621471463999967, 14.885029448000068 ], [ -90.621117382999955, 14.88433350400004 ], [ -90.621010086999945, 14.883793706000063 ], [ -90.620961135999949, 14.883122385000036 ], [ -90.620906108999975, 14.881946199000026 ], [ -90.620814699999983, 14.881016955000064 ], [ -90.620597681999982, 14.880211759000076 ], [ -90.62021421299994, 14.87912589900003 ], [ -90.619775131999972, 14.877923139000075 ], [ -90.619194839999977, 14.877049802000045 ], [ -90.619936479999978, 14.877187372000037 ], [ -90.620577841999989, 14.87725726900004 ], [ -90.621293278999985, 14.877296313000045 ], [ -90.622033876999978, 14.877264466000042 ], [ -90.622728916999961, 14.876939654000068 ], [ -90.623159430999976, 14.876223612000047 ], [ -90.623362154999938, 14.875525540000069 ], [ -90.623615816999973, 14.874682309000036 ], [ -90.623931750999986, 14.874037353000062 ], [ -90.624285992999944, 14.873605109000039 ], [ -90.624887297999976, 14.872931485000038 ], [ -90.625233568999988, 14.872484473000043 ], [ -90.625825974999941, 14.871880774000033 ], [ -90.626407942999947, 14.871488147000036 ], [ -90.627184672999988, 14.87112350700005 ], [ -90.627853601999959, 14.87090117200006 ], [ -90.628710204999948, 14.870664966000049 ], [ -90.629215529999954, 14.87059113600003 ], [ -90.62980177899999, 14.870549763000042 ], [ -90.630541949999952, 14.870502070000043 ], [ -90.631372530999954, 14.870415785000034 ], [ -90.632165233999956, 14.870076137000069 ], [ -90.632681276999961, 14.869604887000037 ], [ -90.633283265999978, 14.868971901000066 ], [ -90.634006005999936, 14.868339027000047 ], [ -90.634541402999957, 14.867742619000069 ], [ -90.634879780999938, 14.867271790000075 ], [ -90.635292997999954, 14.866698963000033 ], [ -90.63568713799998, 14.866331477000074 ], [ -90.636315918999969, 14.86611547800004 ], [ -90.636885322999944, 14.866073909000022 ], [ -90.637860708999938, 14.866123479000066 ], [ -90.639024114999984, 14.86612754600003 ], [ -90.639568965999956, 14.866101529000048 ], [ -90.640358982999942, 14.866006886000037 ], [ -90.640897233999965, 14.865893841000059 ], [ -90.641647643999988, 14.865703919000055 ], [ -90.64230080599998, 14.865433947000042 ], [ -90.642743076999977, 14.865177613000071 ], [ -90.643291615999942, 14.86481169800004 ], [ -90.643800628999941, 14.864396813000042 ], [ -90.644474564999939, 14.86376339900005 ], [ -90.645837340999947, 14.86256673500003 ], [ -90.646696557999974, 14.86208541700006 ], [ -90.647348743999942, 14.861957712000049 ], [ -90.648057133999941, 14.861893823000059 ], [ -90.648991706999936, 14.86195873500003 ], [ -90.649543136999966, 14.862075056000037 ], [ -90.650046046999989, 14.862222502000066 ], [ -90.65080028899996, 14.862427856000068 ], [ -90.651676954999971, 14.862587029000053 ], [ -90.652448309999954, 14.862713499000051 ], [ -90.65305740499997, 14.86275925700005 ], [ -90.653634996999983, 14.862765162000073 ], [ -90.654204294999943, 14.86278679000003 ], [ -90.655011165999952, 14.862581592000026 ], [ -90.655607914999962, 14.862318905000052 ], [ -90.656189178999966, 14.861984907000021 ], [ -90.657269762999988, 14.861323981000055 ], [ -90.657776438999974, 14.861122482000042 ], [ -90.658615302999976, 14.860965026000031 ], [ -90.659324371999958, 14.860837865000065 ], [ -90.660131729999989, 14.860640556000021 ], [ -90.66063745699995, 14.860527129000047 ], [ -90.661240464999935, 14.860383070000069 ], [ -90.662008973999946, 14.860019346000058 ], [ -90.662308344999985, 14.859444169000028 ], [ -90.66250436699994, 14.858600285000023 ], [ -90.662711585999944, 14.857470792000072 ], [ -90.662799743999983, 14.856831349000061 ], [ -90.663021596999954, 14.855852206000066 ], [ -90.663166893999971, 14.855189630000041 ], [ -90.663166248999971, 14.854493945000058 ], [ -90.662701375999973, 14.853887274000044 ], [ -90.662002535999989, 14.853065900000047 ], [ -90.661619275999954, 14.852428436000025 ], [ -90.661519242999987, 14.851905661000046 ], [ -90.661795633999986, 14.851145037000038 ], [ -90.662378401999945, 14.850613401000032 ], [ -90.662661236999952, 14.850062899000022 ], [ -90.662717827999984, 14.849335046000022 ], [ -90.662785252999981, 14.84835546100004 ], [ -90.662988205999966, 14.847621190000041 ], [ -90.663115115999972, 14.847156061000021 ], [ -90.663344077999966, 14.846323803000075 ], [ -90.66378647199997, 14.845996274000072 ], [ -90.664441805999957, 14.846327058000043 ], [ -90.665260011999976, 14.846627876000071 ], [ -90.666202748999979, 14.846684886000048 ], [ -90.666916004999962, 14.846866051000063 ], [ -90.667757070999983, 14.847309389000031 ], [ -90.66818537499995, 14.847591558000033 ], [ -90.669126335999977, 14.847814552000045 ], [ -90.670128844999965, 14.847603370000058 ], [ -90.670848633999981, 14.847230076000073 ], [ -90.671704524999939, 14.847049021000032 ], [ -90.672217338999985, 14.846975162000035 ], [ -90.673088634999942, 14.846873312000071 ], [ -90.673796642999946, 14.846840953000026 ], [ -90.674765710999964, 14.846716369000035 ], [ -90.675635445999944, 14.846597554000027 ], [ -90.676435631999937, 14.846413657000028 ], [ -90.677150111999936, 14.845503842000028 ], [ -90.677522378999981, 14.844619932000057 ], [ -90.677756639999984, 14.844047457000045 ], [ -90.678009921999944, 14.843596013000024 ], [ -90.678398546999972, 14.843136904000062 ], [ -90.679024951999963, 14.842699393000032 ], [ -90.679680862999987, 14.842433841000059 ], [ -90.680358430999945, 14.842097358000046 ], [ -90.680860936999977, 14.841628098000058 ], [ -90.681156965999946, 14.841086733000054 ], [ -90.68135867699999, 14.840625729000067 ], [ -90.681603053999936, 14.840082713000072 ], [ -90.682076823999978, 14.839422299000034 ], [ -90.682525994999935, 14.839054139000041 ], [ -90.683046268999988, 14.838877557000046 ], [ -90.683772786999953, 14.83879452900004 ], [ -90.684591049999938, 14.838872794000054 ], [ -90.685201717999973, 14.838929765000046 ], [ -90.68575311799998, 14.83877381700006 ], [ -90.686242572999959, 14.83854722500007 ], [ -90.687219819999939, 14.838305212000023 ], [ -90.687800910999954, 14.83825007300004 ], [ -90.688537618999987, 14.838136639000027 ], [ -90.689247357999989, 14.837720263000051 ], [ -90.689685797999971, 14.837432163000074 ], [ -90.690322072999948, 14.83704553900003 ], [ -90.690924695999968, 14.836930749000032 ], [ -90.691629411999941, 14.83693217800004 ], [ -90.692275281999969, 14.83662582900007 ], [ -90.692478459999961, 14.836023656000066 ], [ -90.692566709999937, 14.835529879000035 ], [ -90.69285171599995, 14.835039204000054 ], [ -90.693436222999935, 14.834661084000061 ], [ -90.694072699999936, 14.834254118000047 ], [ -90.694256416999963, 14.833570434000023 ], [ -90.694013501999962, 14.83299314900006 ], [ -90.693802146999985, 14.832395852000047 ], [ -90.694192858999941, 14.831734570000037 ], [ -90.69483134699999, 14.831136758000071 ], [ -90.695015870999953, 14.830376284000067 ], [ -90.694536465999988, 14.829656586000056 ], [ -90.694043958999941, 14.829187479000041 ], [ -90.693696517999967, 14.828669003000073 ], [ -90.693342878999943, 14.827859087000036 ], [ -90.693236972999955, 14.82706181900005 ], [ -90.693109687999936, 14.826364851000051 ], [ -90.692857775999983, 14.825706162000074 ], [ -90.692677178999986, 14.825110302000041 ], [ -90.692539028999988, 14.82445275300006 ], [ -90.692517660999954, 14.823565983000037 ], [ -90.692233070999976, 14.823033455000029 ], [ -90.691908235999961, 14.822354834000066 ], [ -90.69218705899999, 14.821459782000034 ], [ -90.69259587, 14.821060697000064 ], [ -90.693192052999962, 14.820562976000076 ], [ -90.6937488, 14.81984237100005 ], [ -90.694109326999978, 14.819068977000029 ], [ -90.694334660999971, 14.818345050000062 ], [ -90.694828222999945, 14.817725451000058 ], [ -90.695078884999987, 14.817295412000021 ], [ -90.694660628999941, 14.81661359900005 ], [ -90.694411555999977, 14.81574149000005 ], [ -90.694407148999971, 14.815006225000047 ], [ -90.694484302999967, 14.814516851000064 ], [ -90.694665884999949, 14.813812813000027 ], [ -90.694671321999976, 14.813299002000065 ], [ -90.694593342999951, 14.812714336000056 ], [ -90.694002583999975, 14.811879461000046 ], [ -90.693492554999978, 14.811314185000072 ], [ -90.692970594999963, 14.810725072000025 ], [ -90.692543495999985, 14.81027694900007 ], [ -90.691684260999978, 14.809801908000054 ], [ -90.691181742999959, 14.809679416000051 ], [ -90.690700226999979, 14.808670577000044 ], [ -90.690684339999962, 14.807923905000052 ], [ -90.690020568999955, 14.807134597000072 ], [ -90.689627980999944, 14.806826857000033 ], [ -90.68921125899999, 14.80649629100003 ], [ -90.688663297999938, 14.806116972000041 ], [ -90.688211176999971, 14.805786047000026 ], [ -90.687461161999977, 14.805194636000067 ], [ -90.68695116799995, 14.804629348000049 ], [ -90.686849547999941, 14.804032022000058 ], [ -90.686892332999946, 14.803390971000056 ], [ -90.687156220999952, 14.802260865000051 ], [ -90.687354139999968, 14.801768189000029 ], [ -90.688117807999959, 14.799866093000048 ], [ -90.688472613999977, 14.799192030000029 ], [ -90.689102002999959, 14.79873191400003 ], [ -90.689729458999977, 14.798399394000057 ], [ -90.690199566999979, 14.798181621000026 ], [ -90.691065572999946, 14.797957651000047 ], [ -90.691740569999979, 14.797684328000059 ], [ -90.692274735999945, 14.79711708800005 ], [ -90.692631004999953, 14.796302990000072 ], [ -90.692844775999959, 14.795407280000063 ], [ -90.693019538999977, 14.794742700000029 ], [ -90.69313525299998, 14.794008637000047 ], [ -90.693212512999935, 14.793507968000029 ], [ -90.693229893999955, 14.793016865000027 ], [ -90.693295336999938, 14.792481068000029 ], [ -90.693604124999979, 14.791655200000037 ], [ -90.694054609999966, 14.791040809000037 ], [ -90.69462312099995, 14.790626368000062 ], [ -90.695058456999959, 14.790291908000029 ], [ -90.69573539199996, 14.789832243000035 ], [ -90.696181804999981, 14.789602923000075 ], [ -90.696711621999953, 14.789444457000059 ], [ -90.697335702999965, 14.789428104000024 ], [ -90.698595706999981, 14.789428262000058 ], [ -90.699902298999973, 14.789523745000054 ], [ -90.701772605999963, 14.789658720000034 ], [ -90.702636954999946, 14.78964361900006 ], [ -90.703141279999954, 14.789591044000076 ], [ -90.703829173999964, 14.789246658000025 ], [ -90.70431412399995, 14.788773759000037 ], [ -90.704631289999952, 14.788250626000035 ], [ -90.704773078999949, 14.787295452000023 ], [ -90.704877388999989, 14.786537546000034 ], [ -90.705146714999955, 14.786037652000061 ], [ -90.705766208999989, 14.785297294000031 ], [ -90.706047467999952, 14.784821234000049 ], [ -90.706330717999947, 14.784100119000072 ], [ -90.706579920999957, 14.783249912000031 ], [ -90.706791696999971, 14.782481780000069 ], [ -90.706993085999954, 14.781597215000033 ], [ -90.70713376499998, 14.780745930000023 ], [ -90.707260998999971, 14.780069566000066 ], [ -90.707589366999969, 14.778532351000024 ], [ -90.708051022999939, 14.777953044000071 ], [ -90.70851154099995, 14.777537488000064 ], [ -90.709031706999951, 14.777133817000049 ], [ -90.709733099999937, 14.776604322000026 ], [ -90.71058802899995, 14.776320294000072 ], [ -90.711176962999957, 14.776221104000058 ], [ -90.712041416999966, 14.776135938000039 ], [ -90.713301826999952, 14.776090832000023 ], [ -90.715101306999941, 14.776108657000066 ], [ -90.715763294999988, 14.775905145000024 ], [ -90.716595522999967, 14.775515836000068 ], [ -90.717447872999969, 14.775477963000071 ], [ -90.718215595999936, 14.775485556000035 ], [ -90.718983933999937, 14.775434424000025 ], [ -90.719659929999978, 14.775055981000037 ], [ -90.720254220999948, 14.774442947000068 ], [ -90.720523115999981, 14.773979165000071 ], [ -90.720695814999942, 14.773502008000037 ], [ -90.720920207999939, 14.772686543000077 ], [ -90.721239582999942, 14.772000767000065 ], [ -90.721459944999935, 14.771571514000073 ], [ -90.721958838999967, 14.770922519000067 ], [ -90.722648857999957, 14.770310419000054 ], [ -90.723990920999938, 14.769332047000034 ], [ -90.725490173999958, 14.768249049000076 ], [ -90.726833216999978, 14.767118199000038 ], [ -90.728480348999938, 14.765651508000076 ], [ -90.73019807299994, 14.764314248000062 ], [ -90.730803762999983, 14.763771314000053 ], [ -90.731191677999959, 14.763354986000024 ], [ -90.731546862999949, 14.762680836000072 ], [ -90.73197281099999, 14.762066106000077 ], [ -90.73243348599999, 14.761627906000058 ], [ -90.733037827999965, 14.761213701000031 ], [ -90.733677330999967, 14.760822426000061 ], [ -90.73425642699999, 14.76054801500004 ], [ -90.735195426999951, 14.760207110000067 ], [ -90.735688933999938, 14.76007190100006 ], [ -90.736218417999964, 14.759937045000072 ], [ -90.736952656999961, 14.759699160000025 ], [ -90.737500653999973, 14.759457188000056 ], [ -90.739492327999983, 14.757825494000031 ], [ -90.740000391999956, 14.757291738000049 ], [ -90.740765831999965, 14.756222898000033 ], [ -90.741032815999972, 14.754757278000056 ], [ -90.741799266999976, 14.753589056000067 ], [ -90.74236031199996, 14.752811856000051 ], [ -90.742623235999986, 14.751738099000022 ], [ -90.742479945999946, 14.751002583000059 ], [ -90.742386568999962, 14.750266426000053 ], [ -90.742397168999958, 14.749238766000076 ], [ -90.743027095999935, 14.749039366000034 ], [ -90.743582842999956, 14.74967500200006 ], [ -90.744255100999965, 14.74970415100006 ], [ -90.744847750999952, 14.749687347000076 ], [ -90.745532519999983, 14.74957205100003 ], [ -90.746048410999947, 14.749289081000029 ], [ -90.746575557999961, 14.748983633000023 ], [ -90.74731994299998, 14.748657713000057 ], [ -90.748119573999986, 14.748432844000035 ], [ -90.748737357999971, 14.748228790000041 ], [ -90.74938892299997, 14.748012641000059 ], [ -90.750482226999964, 14.747613304000026 ], [ -90.750927506999972, 14.747311568000043 ], [ -90.752288456999963, 14.747520192000025 ], [ -90.753724643999988, 14.747522857000035 ], [ -90.754613209999945, 14.74750890200005 ], [ -90.755375194999942, 14.747672162000072 ], [ -90.756307097999979, 14.747902576000058 ], [ -90.756843103999984, 14.747863729000073 ], [ -90.757327593999946, 14.747302593000029 ], [ -90.757586083999968, 14.746540481000068 ], [ -90.757990379999967, 14.745989857000041 ], [ -90.758530242999939, 14.745573819000072 ], [ -90.759385944999963, 14.745481595000058 ], [ -90.760406334999971, 14.746024569000042 ], [ -90.760869457999945, 14.746416446000069 ], [ -90.761446295999974, 14.746810554000035 ], [ -90.762015517999941, 14.746871407000071 ], [ -90.762973467999984, 14.746825337000075 ], [ -90.763829509999937, 14.746700347000058 ], [ -90.764807813999937, 14.746820491000051 ], [ -90.765615763999961, 14.746972869000047 ], [ -90.766379218999987, 14.746936198000071 ], [ -90.766882132999967, 14.746785196000076 ], [ -90.767749318999961, 14.746705476000045 ], [ -90.768375970999955, 14.74671152600007 ], [ -90.769265570999949, 14.746653475000073 ], [ -90.770019588999958, 14.746460842000033 ], [ -90.770495256999936, 14.745622876000027 ], [ -90.770529856999985, 14.744447474000026 ], [ -90.77060622099998, 14.743672293000031 ], [ -90.770819863999975, 14.742864552000071 ], [ -90.771100264999973, 14.742168137000021 ], [ -90.771401477999973, 14.741650373000027 ], [ -90.771758783999985, 14.741265291000047 ], [ -90.772230031999982, 14.740859850000049 ], [ -90.772827197999959, 14.740454489000058 ], [ -90.773354281999957, 14.740150099000061 ], [ -90.774049842999943, 14.740111617000025 ], [ -90.774892670999975, 14.740142318000039 ], [ -90.775621674999968, 14.740182082000047 ], [ -90.77613592299997, 14.739998412000034 ], [ -90.776824161999969, 14.739595046000034 ], [ -90.777339759999961, 14.739278112000022 ], [ -90.778095672999939, 14.738953322000043 ], [ -90.778858440999954, 14.738982107000027 ], [ -90.779391841999939, 14.739198432000023 ], [ -90.780253391999963, 14.739672031000055 ], [ -90.781135978999941, 14.740246348000028 ], [ -90.781554985999946, 14.740528208000057 ], [ -90.782054501999937, 14.74071032300003 ], [ -90.782635108999955, 14.740792691000024 ], [ -90.78327681199994, 14.740400151000074 ], [ -90.783102928999938, 14.739577383000039 ], [ -90.78351999099999, 14.738904847000072 ], [ -90.784227029999954, 14.738878867000039 ], [ -90.785080210999979, 14.73897626400003 ], [ -90.785789955999974, 14.738682630000028 ], [ -90.785717965999936, 14.737939899000025 ], [ -90.785301422999964, 14.737414108000053 ], [ -90.785284844999978, 14.73681534800005 ], [ -90.785801658999958, 14.73637642500006 ], [ -90.786841192999987, 14.73611982400007 ], [ -90.787717016999977, 14.736272771000074 ], [ -90.788464516999966, 14.736779132000038 ], [ -90.789004480999949, 14.737438241000063 ], [ -90.789568317999965, 14.738032068000052 ], [ -90.790436486999965, 14.737851746000047 ], [ -90.790692621999938, 14.737310932000071 ], [ -90.79074279799994, 14.736823490000063 ], [ -90.790728446999935, 14.736002249000023 ], [ -90.790998847999958, 14.735139676000074 ], [ -90.791719607999937, 14.73490259700003 ], [ -90.792336191999937, 14.73475374800006 ], [ -90.793206473999987, 14.734362228000066 ], [ -90.793768537999938, 14.733980189000022 ], [ -90.794618732999936, 14.733277872000031 ], [ -90.79525038, 14.732784676000051 ], [ -90.796190862999936, 14.732162276000054 ], [ -90.796660631999941, 14.731955544000073 ], [ -90.7973683, 14.731807546000027 ], [ -90.798085798999978, 14.731835834000037 ], [ -90.799245389999953, 14.732102122000072 ], [ -90.80026874899994, 14.732355814000073 ], [ -90.800939848999974, 14.73244012300006 ], [ -90.801794381999969, 14.732459538000057 ], [ -90.802614698999946, 14.732477496000058 ], [ -90.803241539999988, 14.732461987000022 ], [ -90.804051247999951, 14.732380446000036 ], [ -90.804667958999971, 14.73227561300007 ], [ -90.805172866999953, 14.731920107000064 ], [ -90.805496256999959, 14.73149624000007 ], [ -90.805923819999975, 14.730867800000055 ], [ -90.806522641999948, 14.730230818000052 ], [ -90.80709473099995, 14.730003573000033 ], [ -90.808066452999981, 14.729734933000032 ], [ -90.809048501999939, 14.729477680000059 ], [ -90.809701874999973, 14.729129216000047 ], [ -90.81027805399998, 14.728492006000067 ], [ -90.810696456999949, 14.727674850000028 ], [ -90.810837561999961, 14.727199553000048 ], [ -90.810945465999964, 14.726678765000031 ], [ -90.811041642999953, 14.726170288000048 ], [ -90.81142624499995, 14.725308760000075 ], [ -90.811727591999954, 14.724823684000057 ], [ -90.81253619599994, 14.723395784000047 ], [ -90.816849030999947, 14.725798198000064 ], [ -90.82278964599999, 14.727143996000052 ], [ -90.826736657999959, 14.729358703000059 ], [ -90.833406147999938, 14.731011533000071 ], [ -90.834731868999938, 14.731971569000052 ], [ -90.840045060999955, 14.73418982000004 ], [ -90.845948126999986, 14.735504223000078 ], [ -90.848679459999971, 14.736399338000069 ], [ -90.852696418999983, 14.738689980000061 ], [ -90.85339692499997, 14.738740533000055 ], [ -90.855531247999977, 14.740342739000027 ], [ -90.860788935999949, 14.745557710000071 ], [ -90.862738079999986, 14.747297078000031 ], [ -90.866052468999953, 14.750198865000073 ], [ -90.868378355999937, 14.753664148000041 ], [ -90.868573535999985, 14.754539046000048 ], [ -90.870720027999937, 14.757601693000026 ], [ -90.871367643999974, 14.760112878000029 ], [ -90.872811269999943, 14.762890049000077 ], [ -90.872978228999955, 14.765952518000063 ], [ -90.864284231999989, 14.808371486000055 ], [ -90.861283588999981, 14.81151748800005 ], [ -90.860349784999983, 14.81711217700007 ], [ -90.859144158999982, 14.819170176000057 ], [ -90.858327642999939, 14.819910296000046 ], [ -90.856757411999979, 14.82037570600005 ], [ -90.854453624999962, 14.82229129600006 ], [ -90.854423700999973, 14.82308955700006 ], [ -90.85231756099995, 14.824973078000028 ], [ -90.851931794999985, 14.826415207000025 ], [ -90.851182008999956, 14.829094097000052 ], [ -90.851893503999975, 14.830530656000064 ], [ -90.851925609999967, 14.831218807000027 ], [ -90.85186489299997, 14.832135375000064 ], [ -90.851897894999979, 14.833261769000046 ], [ -90.852120668999987, 14.833865862000039 ], [ -90.852455222999936, 14.834320777000073 ], [ -90.853289544999939, 14.834902340000042 ], [ -90.853940275999946, 14.835439269000062 ], [ -90.854382180999949, 14.836253228000032 ], [ -90.854647655999941, 14.837002290000044 ], [ -90.854765909999969, 14.83772738600004 ], [ -90.854699345999961, 14.838472221000075 ], [ -90.854584379999949, 14.83894439900007 ], [ -90.854365146999953, 14.839451746000066 ], [ -90.853843990999962, 14.840020655000046 ], [ -90.853109520999965, 14.840437350000059 ], [ -90.852913569999942, 14.840879404000077 ], [ -90.852551602999938, 14.841729904000033 ], [ -90.852347389999977, 14.842244166000057 ], [ -90.852186443999983, 14.842844674000048 ], [ -90.852125496999975, 14.843783827000038 ], [ -90.852169541999956, 14.844379472000071 ], [ -90.852523994999956, 14.845113554000022 ], [ -90.852973563999967, 14.845622630000037 ], [ -90.853689866999957, 14.846342021000055 ], [ -90.854020016999982, 14.846715571000061 ], [ -90.854366037999966, 14.847422467000058 ], [ -90.854071858999987, 14.848051095000073 ], [ -90.853658846999963, 14.848543079000024 ], [ -90.854053305999969, 14.848989517000064 ], [ -90.854812206999952, 14.849159249000024 ], [ -90.855674443999987, 14.849212478000027 ], [ -90.856184037999981, 14.849288391000073 ], [ -90.857237864999945, 14.849695797000038 ], [ -90.857555898999976, 14.850357249000069 ], [ -90.857913304999954, 14.850794303000043 ], [ -90.858534666999958, 14.850782023000022 ], [ -90.858930174999955, 14.850180310000042 ], [ -90.859445979999975, 14.849626025000077 ], [ -90.86034742399994, 14.849471777000076 ], [ -90.860948338999947, 14.849649054000054 ], [ -90.861600243999987, 14.850367825000035 ], [ -90.861975789999974, 14.850850220000041 ], [ -90.862563612999963, 14.851414783000052 ], [ -90.863024505999988, 14.851720643000021 ], [ -90.863848359999963, 14.851899987000024 ], [ -90.864326182999946, 14.852374294000072 ], [ -90.864225311999974, 14.853185452000048 ], [ -90.86393146599994, 14.853841208000063 ], [ -90.863450772999954, 14.854603655000062 ], [ -90.862688464999962, 14.854777278000029 ], [ -90.862236109999969, 14.854547172000025 ], [ -90.861680469999953, 14.85448778600005 ], [ -90.86132940899995, 14.855233361000046 ], [ -90.861594087999947, 14.855713596000044 ], [ -90.862053953999975, 14.85612449100006 ], [ -90.862988869999981, 14.856819915000074 ], [ -90.863656300999935, 14.857379571000024 ], [ -90.864970199999959, 14.858151935000024 ], [ -90.866488468999989, 14.858926189000044 ], [ -90.867282621999948, 14.859295001000078 ], [ -90.868077490999951, 14.859591531000035 ], [ -90.868622983999956, 14.85974003900003 ], [ -90.869495093999944, 14.859739098000034 ], [ -90.870359764999989, 14.859549461000029 ], [ -90.870843463999961, 14.859427443000072 ], [ -90.871409609999944, 14.859423657000036 ], [ -90.872085585999969, 14.859529318000057 ], [ -90.872697384999981, 14.859607274000041 ], [ -90.873642522999944, 14.859679280000023 ], [ -90.874238396999942, 14.859486009000022 ], [ -90.874946926999939, 14.859113061000073 ], [ -90.875617404999957, 14.858831246000022 ], [ -90.876520563999975, 14.85850527100007 ], [ -90.877048847999959, 14.858573407000051 ], [ -90.87761769299999, 14.858828284000026 ], [ -90.878328880999959, 14.85907430900005 ], [ -90.879095395999968, 14.859065577000024 ], [ -90.879660451999939, 14.85917358100005 ], [ -90.880090697999947, 14.859471222000025 ], [ -90.88042510799994, 14.859891090000076 ], [ -90.880568394999955, 14.860380353000039 ], [ -90.880768724999939, 14.860974056000032 ], [ -90.880896139999948, 14.861483503000045 ], [ -90.881203591999963, 14.861929102000033 ], [ -90.881780098999968, 14.862412198000072 ], [ -90.882399866999947, 14.862865194000051 ], [ -90.882848696999986, 14.863461188000031 ], [ -90.883055671999955, 14.863910377000025 ], [ -90.883198106999942, 14.864487731000054 ], [ -90.88324608399995, 14.864986280000039 ], [ -90.883340206999947, 14.865635478000058 ], [ -90.883520859999976, 14.866104753000059 ], [ -90.88382887399996, 14.866493880000064 ], [ -90.884510392999971, 14.867106702000058 ], [ -90.884976925999979, 14.867496158000051 ], [ -90.885426024999958, 14.868066173000045 ], [ -90.885509658999979, 14.868719792000036 ], [ -90.88548678899997, 14.869398408000052 ], [ -90.885468372999981, 14.870215992000055 ], [ -90.88562329199999, 14.871122142000047 ], [ -90.885932512999943, 14.87198453700006 ], [ -90.886222221999958, 14.872644573000059 ], [ -90.886438154999951, 14.873248581000041 ], [ -90.886823034999964, 14.873915140000065 ], [ -90.887200028999985, 14.874258591000057 ], [ -90.887405401999956, 14.874933662000046 ], [ -90.887056360999964, 14.875475993000066 ], [ -90.886896774999968, 14.87612172200005 ], [ -90.887287378999986, 14.87673750700003 ], [ -90.887867400999937, 14.877401344000077 ], [ -90.888177197999937, 14.878206138000053 ], [ -90.888230512999939, 14.87869457000005 ], [ -90.888042653999946, 14.879500430000064 ], [ -90.887510062999979, 14.879928120000045 ], [ -90.886904515999959, 14.880215078000049 ], [ -90.886787476999984, 14.880784394000045 ], [ -90.88702972699997, 14.881429311000034 ], [ -90.887567997999952, 14.882088245000034 ], [ -90.887703772999942, 14.882814632000077 ], [ -90.887721570999986, 14.883729686000038 ], [ -90.887769249999963, 14.884259860000043 ], [ -90.888194150999936, 14.885112024000023 ], [ -90.88828196299994, 14.885874111000078 ], [ -90.888222766999945, 14.886526414000059 ], [ -90.888352965999957, 14.887288891000026 ], [ -90.888855157999956, 14.887837934000061 ], [ -90.889512392999961, 14.888208814000052 ], [ -90.890075149999973, 14.888502015000029 ], [ -90.890599425999937, 14.888990267000054 ], [ -90.890938616999961, 14.889462127000058 ], [ -90.891146454999955, 14.890363120000075 ], [ -90.89119283499997, 14.891027690000044 ], [ -90.891360428999974, 14.891708059000052 ], [ -90.891736096999978, 14.892251413000054 ], [ -90.892308901999968, 14.892587626000022 ], [ -90.89289355599999, 14.892840363000062 ], [ -90.893367577999982, 14.893003981000049 ], [ -90.894090105999965, 14.893232004000026 ], [ -90.895060887999989, 14.893430680000051 ], [ -90.895577896999953, 14.893533697000066 ], [ -90.896285856999953, 14.893647499000053 ], [ -90.897207587999958, 14.893456041000036 ], [ -90.897823080999956, 14.893224492000058 ], [ -90.898716386999979, 14.893268831000057 ], [ -90.8989544, 14.89381656300003 ], [ -90.898803405999956, 14.894655525000076 ], [ -90.898704222999982, 14.895601138000075 ], [ -90.898803376999979, 14.896275228000036 ], [ -90.899214208999979, 14.896967991000054 ], [ -90.899199440999951, 14.897592469000074 ], [ -90.898890791999975, 14.898459352000032 ], [ -90.898135599999989, 14.898842101000071 ], [ -90.897453113999973, 14.899093365000056 ], [ -90.896799789999989, 14.899331338000025 ], [ -90.896278861999974, 14.899869841000054 ], [ -90.896409653999967, 14.900454993000039 ], [ -90.896817917999954, 14.90111272200005 ], [ -90.897040833999938, 14.901780045000066 ], [ -90.89721489499999, 14.902275232000022 ], [ -90.897548558999972, 14.903259830000025 ], [ -90.897766133999937, 14.903700075000074 ], [ -90.898284774999979, 14.904115973000046 ], [ -90.899007816999983, 14.90411583100007 ], [ -90.899766424999939, 14.90410133000006 ], [ -90.900622317999989, 14.90441527400003 ], [ -90.901224515999957, 14.905019431000028 ], [ -90.901586474999988, 14.905363857000054 ], [ -90.901911312999971, 14.90576328700007 ], [ -90.902148282999974, 14.906420572000059 ], [ -90.901955111999939, 14.907176695000032 ], [ -90.901591118999988, 14.90782056200004 ], [ -90.901439852999943, 14.908626770000069 ], [ -90.901031195999963, 14.909444171000075 ], [ -90.90068387299999, 14.909865677000028 ], [ -90.900237857999969, 14.910821661000057 ], [ -90.90036665699995, 14.911553629000025 ], [ -90.900904924999963, 14.912163977000034 ], [ -90.901135026999953, 14.912751170000035 ], [ -90.901121242999977, 14.913453591000064 ], [ -90.901307603999953, 14.914179311000055 ], [ -90.901772520999941, 14.914927914000032 ], [ -90.902031532999956, 14.915528925000046 ], [ -90.902361777999943, 14.916150918000028 ], [ -90.902723348999984, 14.91653713200003 ], [ -90.903277454999966, 14.916953349000039 ], [ -90.903585408999959, 14.917658722000056 ], [ -90.903350794999938, 14.918255206000026 ], [ -90.90303198099997, 14.918670200000065 ], [ -90.902126865999946, 14.919712336000032 ], [ -90.901496745999964, 14.920485912000061 ], [ -90.901226247999944, 14.921068513000023 ], [ -90.901360374999967, 14.922029816000077 ], [ -90.901762059999953, 14.922652468000024 ], [ -90.901725295999938, 14.923508291000076 ], [ -90.901152951999961, 14.924192033000054 ], [ -90.900648006999972, 14.924633552000046 ], [ -90.899903278999943, 14.925364275000049 ], [ -90.899620660999972, 14.925758134000034 ], [ -90.899263055999938, 14.926457396000046 ], [ -90.899114260999966, 14.927006094000035 ], [ -90.899134508999964, 14.927911008000024 ], [ -90.89936536, 14.928421403000073 ], [ -90.89974031099996, 14.928926346000026 ], [ -90.900293768999973, 14.929411465000044 ], [ -90.900820932999977, 14.929673831000059 ], [ -90.901587025999959, 14.929794945000026 ], [ -90.900922221999963, 14.930428137000035 ], [ -90.90029620699994, 14.93089451700007 ], [ -90.899819419999972, 14.93106633900004 ], [ -90.899321954999948, 14.931094524000059 ], [ -90.898745771999984, 14.931035013000042 ], [ -90.89814784899994, 14.930941415000063 ], [ -90.897414243999947, 14.930823979000024 ], [ -90.896737493999979, 14.930653977000077 ], [ -90.895586162999962, 14.930488640000021 ], [ -90.89489731399999, 14.930428082000049 ], [ -90.89429864799996, 14.930411273000061 ], [ -90.893698651999955, 14.930471257000022 ], [ -90.893177780999963, 14.930577147000065 ], [ -90.892723113999978, 14.93080337300006 ], [ -90.891916349999974, 14.931279360000076 ], [ -90.890947012999959, 14.932106242000032 ], [ -90.889269998999964, 14.93372852400006 ], [ -90.888415403999943, 14.934401712000067 ], [ -90.887972229999946, 14.934639329000049 ], [ -90.887473259999979, 14.934821082000042 ], [ -90.886331971999937, 14.934756316000062 ], [ -90.88551991199995, 14.934583898000028 ], [ -90.884245682999961, 14.934275050000053 ], [ -90.883186730999967, 14.933869925000067 ], [ -90.882523551999952, 14.933501217000071 ], [ -90.881927470999983, 14.933220099000039 ], [ -90.881340910999938, 14.933093807000034 ], [ -90.880241062999971, 14.933424716000047 ], [ -90.879627320999987, 14.933760127000028 ], [ -90.878866650999953, 14.934093044000065 ], [ -90.877823712999941, 14.934424465000063 ], [ -90.876848903999985, 14.93467858200006 ], [ -90.876338843999974, 14.934805991000076 ], [ -90.875486800999965, 14.935215982000045 ], [ -90.87454538899999, 14.935558498000034 ], [ -90.874002506999943, 14.93559749700006 ], [ -90.873109850999981, 14.935589191000076 ], [ -90.87215017599999, 14.935426650000068 ], [ -90.871451925999963, 14.935199898000064 ], [ -90.870822887999964, 14.934787426000071 ], [ -90.870499835999965, 14.934268244000066 ], [ -90.870166876999974, 14.933693626000036 ], [ -90.869776968999986, 14.933063133000076 ], [ -90.869351676999941, 14.932663849000051 ], [ -90.868834060999973, 14.932438777000073 ], [ -90.868235353999978, 14.932367683000052 ], [ -90.867548367999973, 14.932119569000065 ], [ -90.866963663999968, 14.931806894000033 ], [ -90.866388958999948, 14.931658087000073 ], [ -90.865711171999976, 14.931596416000048 ], [ -90.864862062999975, 14.931709341000044 ], [ -90.864010484999937, 14.932130585000039 ], [ -90.863533575999952, 14.932312492000051 ], [ -90.863035133999972, 14.932439980000026 ], [ -90.862401226999964, 14.932522152000047 ], [ -90.86139512799997, 14.932534200000077 ], [ -90.860841287999961, 14.932507558000054 ], [ -90.860029380999947, 14.932323761000077 ], [ -90.859287817999984, 14.931898912000065 ], [ -90.85873550499997, 14.931718672000045 ], [ -90.857661899999982, 14.931686022000065 ], [ -90.856385127999943, 14.931641299000034 ], [ -90.85565057599996, 14.931623114000047 ], [ -90.855051912999954, 14.931607331000066 ], [ -90.854296563999981, 14.931402585000058 ], [ -90.853690884999935, 14.930923654000026 ], [ -90.852271847999987, 14.929239842000072 ], [ -90.851913641999943, 14.928873918000022 ], [ -90.850980206999964, 14.928414490000023 ], [ -90.850404426999944, 14.928376322000076 ], [ -90.84962404099997, 14.928413032000037 ], [ -90.848875370999963, 14.928647696000041 ], [ -90.848184490999984, 14.928794802000027 ], [ -90.847909139999956, 14.928099846000066 ], [ -90.848049154999956, 14.927629049000075 ], [ -90.848079244999951, 14.926881627000057 ], [ -90.846736208999971, 14.926671328000054 ], [ -90.845775329999981, 14.92669502900003 ], [ -90.84499484, 14.92674302000006 ], [ -90.844169387999955, 14.926756699000066 ], [ -90.843537142999935, 14.926673932000028 ], [ -90.84261283, 14.926467557000024 ], [ -90.841969965999965, 14.926285295000071 ], [ -90.841213883999956, 14.926157308000029 ], [ -90.840683740999964, 14.926086792000035 ], [ -90.840039672999978, 14.926025366000033 ], [ -90.838977610999962, 14.926004036000052 ], [ -90.837800432999984, 14.926169104000053 ], [ -90.837279348999971, 14.926296323000031 ], [ -90.836576531999981, 14.926476034000075 ], [ -90.835714585999938, 14.926770572000066 ], [ -90.835148926999977, 14.926825077000046 ], [ -90.83398454099995, 14.926814050000075 ], [ -90.832346351999945, 14.926733019000039 ], [ -90.830934876999947, 14.926631536000059 ], [ -90.829625338999961, 14.926442915000052 ], [ -90.828712297999971, 14.926215134000074 ], [ -90.828126249999968, 14.926044666000053 ], [ -90.827585725999938, 14.925852044000067 ], [ -90.827100967999968, 14.925716420000072 ], [ -90.826344803999973, 14.925598548000039 ], [ -90.825562548999983, 14.925822648000064 ], [ -90.824487226999963, 14.925966026000026 ], [ -90.823810565999963, 14.925854548000075 ], [ -90.823260299999959, 14.925476592000052 ], [ -90.822835208999948, 14.925010601000054 ], [ -90.822545896999941, 14.924557195000034 ], [ -90.822000438999964, 14.923760259000062 ], [ -90.821345342999962, 14.923699806000059 ], [ -90.820720310999945, 14.924056402000076 ], [ -90.820014385999968, 14.924544372000071 ], [ -90.819436401999951, 14.924669877000042 ], [ -90.818532230999949, 14.924716596000053 ], [ -90.817526716999964, 14.924618905000045 ], [ -90.816534836999949, 14.924379032000047 ], [ -90.816028674999984, 14.924121201000048 ], [ -90.815421880999963, 14.923764150000068 ], [ -90.814800950999938, 14.92371416900005 ], [ -90.81416552, 14.923949798000024 ], [ -90.813527195999939, 14.924471144000051 ], [ -90.812801244999946, 14.924755599000036 ], [ -90.812116575999937, 14.924231766000048 ], [ -90.811761696999952, 14.92360265800005 ], [ -90.811576152999976, 14.92294128900005 ], [ -90.81130918599996, 14.92252084200004 ], [ -90.810338056999967, 14.922413284000072 ], [ -90.80954266599997, 14.922845021000057 ], [ -90.809132685999941, 14.923126842000045 ], [ -90.808540327999935, 14.923581978000072 ], [ -90.807713221999961, 14.923761538000065 ], [ -90.807193259999963, 14.923778012000071 ], [ -90.806346319999989, 14.923737136000057 ], [ -90.805544760999965, 14.923631183000055 ], [ -90.804923702999986, 14.923537127000031 ], [ -90.804270220999967, 14.923376123000025 ], [ -90.803526108999961, 14.923161160000063 ], [ -90.80276116899995, 14.92282401600005 ], [ -90.801849291999986, 14.922430118000023 ], [ -90.801353761999962, 14.922271751000039 ], [ -90.800755607999974, 14.92221065800004 ], [ -90.799954001999936, 14.92211033500007 ], [ -90.79941106299998, 14.922159325000052 ], [ -90.798648110999977, 14.922712180000076 ], [ -90.797966359999975, 14.923046705000047 ], [ -90.797027942999989, 14.923093012000038 ], [ -90.796362844999976, 14.922933001000047 ], [ -90.794973217999939, 14.921721280000042 ], [ -90.794310593999967, 14.921319591000042 ], [ -90.793508847999988, 14.921233929000039 ], [ -90.791621761999977, 14.921194258000071 ], [ -90.791057067999986, 14.921156051000025 ], [ -90.790471639999964, 14.920930157000043 ], [ -90.789945014999944, 14.920463133000055 ], [ -90.789227195999956, 14.919951344000026 ], [ -90.788418237999963, 14.919492881000053 ], [ -90.787460430999943, 14.919165121000049 ], [ -90.786660170999937, 14.918992484000057 ], [ -90.785971896999968, 14.918886433000068 ], [ -90.785384783999973, 14.918826540000055 ], [ -90.784774468999956, 14.918820630000027 ], [ -90.784209111999985, 14.918847906000053 ], [ -90.783641369999941, 14.919051350000075 ], [ -90.783107577999942, 14.919342088000064 ], [ -90.78250389599998, 14.919765416000075 ], [ -90.781619797999952, 14.920009834000041 ], [ -90.780895932999954, 14.920089778000033 ], [ -90.780418426999972, 14.920327971000063 ], [ -90.780096078999975, 14.920896329000072 ], [ -90.77993023199997, 14.92166385400003 ], [ -90.77973181499999, 14.922266168000021 ], [ -90.778933214999938, 14.923006092000037 ], [ -90.778057545999957, 14.923502436000035 ], [ -90.777524293999988, 14.923738951000075 ], [ -90.776854791999938, 14.923952679000024 ], [ -90.77583468399996, 14.924205914000026 ], [ -90.774894337999967, 14.924439592000056 ], [ -90.774258874999987, 14.924675101000048 ], [ -90.773645604999956, 14.924954873000047 ], [ -90.773179487999982, 14.925213489000043 ], [ -90.77273612099998, 14.925462160000052 ], [ -90.771856682999953, 14.926322112000037 ], [ -90.77137510099999, 14.927009750000025 ], [ -90.771242909999955, 14.927776463000043 ], [ -90.770331337999949, 14.927696424000032 ], [ -90.769744569999943, 14.927657947000057 ], [ -90.768980031999945, 14.927343286000053 ], [ -90.76800665899998, 14.926499153000066 ], [ -90.767492259999983, 14.926033330000053 ], [ -90.766966026999967, 14.925588850000054 ], [ -90.766113753999946, 14.925054221000039 ], [ -90.765404331999946, 14.924915147000036 ], [ -90.764332779999961, 14.924806416000024 ], [ -90.76334101499998, 14.924620530000027 ], [ -90.762664927999936, 14.92451565600004 ], [ -90.762064075999945, 14.924772929000028 ], [ -90.761461059999988, 14.925239118000036 ], [ -90.760653991999959, 14.925724768000066 ], [ -90.759975060999977, 14.925894305000043 ], [ -90.758992743999954, 14.925917433000052 ], [ -90.757696115999977, 14.925783875000036 ], [ -90.756456946999947, 14.925485981000065 ], [ -90.755376655999953, 14.925156887000071 ], [ -90.75450961699994, 14.924929270000064 ], [ -90.75362120599999, 14.924634806000029 ], [ -90.753160321999985, 14.924443925000048 ], [ -90.752443118999963, 14.923714061000055 ], [ -90.749717865999969, 14.92062093800007 ], [ -90.748802979999937, 14.919468984000048 ], [ -90.748254731999964, 14.918913571000076 ], [ -90.747424142999989, 14.918367799000066 ], [ -90.746614040999987, 14.918030036000062 ], [ -90.745647252999959, 14.917514539000024 ], [ -90.744850947999964, 14.91696797000003 ], [ -90.744155674999945, 14.916423522000059 ], [ -90.743245464999973, 14.915941328000031 ], [ -90.742479290999938, 14.915680786000053 ], [ -90.741960848999952, 14.915554824000026 ], [ -90.741452638999988, 14.91550576000003 ], [ -90.74075176599996, 14.915498841000044 ], [ -90.739553617999945, 14.915563807000069 ], [ -90.739032413999951, 14.915646750000064 ], [ -90.737991970999985, 14.915735851000022 ], [ -90.737134303999937, 14.915617819000033 ], [ -90.736638746999972, 14.915414145000057 ], [ -90.736076387999958, 14.915156727000067 ], [ -90.735459101999936, 14.91476549600003 ], [ -90.734774104999985, 14.914352134000069 ], [ -90.733815288999949, 14.914189045000057 ], [ -90.732379196999943, 14.914240320000033 ], [ -90.731347959999937, 14.914504541000042 ], [ -90.730813651999938, 14.914784978000057 ], [ -90.730143125999973, 14.915152154000054 ], [ -90.729632031999984, 14.915378607000036 ], [ -90.728656304999959, 14.915775502000031 ], [ -90.728112467999949, 14.915857066000058 ], [ -90.727448396999989, 14.91560878100006 ], [ -90.727135966999981, 14.915221688000031 ], [ -90.72674584899994, 14.914711847000035 ], [ -90.725889930999983, 14.914428902000054 ], [ -90.725230548999946, 14.914784879000024 ], [ -90.724094908999973, 14.915312301000029 ], [ -90.723413803999961, 14.915579966000053 ], [ -90.722846154999957, 14.915827298000067 ], [ -90.722031368999978, 14.915940032000037 ], [ -90.721018093999987, 14.915600160000054 ], [ -90.720411050999985, 14.915286922000064 ], [ -90.719657579999989, 14.914927047000049 ], [ -90.71908179199994, 14.914844511000069 ], [ -90.718323558999941, 14.91493633500005 ], [ -90.717574282999976, 14.915280099000029 ], [ -90.71682402, 14.915662249000036 ], [ -90.71606613099999, 14.915721319000056 ], [ -90.715368343999955, 14.915478313000051 ], [ -90.714941910999983, 14.915165733000038 ], [ -90.71452940599994, 14.91463419300004 ], [ -90.714033048999966, 14.913464849000036 ], [ -90.713837943999977, 14.912693795000052 ], [ -90.713441590999935, 14.911733253000023 ], [ -90.712747165999986, 14.91111870900005 ], [ -90.711534891999975, 14.91032619200007 ], [ -90.71060493799996, 14.909580538000057 ], [ -90.710077505999948, 14.909210474000076 ], [ -90.709466540999983, 14.908777459000078 ], [ -90.708862402999955, 14.908358060000069 ], [ -90.708016902999987, 14.908522389000041 ], [ -90.707304222999937, 14.90859204800006 ], [ -90.706659126999966, 14.908640927000022 ], [ -90.70546150499996, 14.908606336000048 ], [ -90.703867987999956, 14.908612945000073 ], [ -90.703191149999952, 14.908533873000067 ], [ -90.702426577999972, 14.908130921000065 ], [ -90.701548899999977, 14.90777087500004 ], [ -90.700984877999986, 14.907677120000074 ], [ -90.700087891999942, 14.908096142000034 ], [ -90.69985653699996, 14.908555728000067 ], [ -90.699611810999954, 14.909289615000034 ], [ -90.69889632099995, 14.909623491000048 ], [ -90.69829944199995, 14.909397264000063 ], [ -90.697852375999958, 14.90895344300003 ], [ -90.697285510999961, 14.908035215000041 ], [ -90.696929158999978, 14.907525673000066 ], [ -90.696427293999989, 14.906939 ], [ -90.69571625399999, 14.906855047000022 ], [ -90.695159410999963, 14.90712387800005 ], [ -90.694713442999955, 14.907614047000038 ], [ -90.694230525999956, 14.90841103300005 ], [ -90.693612082999948, 14.909173897000073 ], [ -90.692508898999961, 14.909432695000078 ] ] ] ] } },
{ "type": "Feature", "properties": { "Codigo": 502, "datos_finales_color_riesgo": "ffaa00" }, "geometry": { "type": "MultiPolygon", "coordinates": [ [ [ [ -90.982290880999983, 14.373146348000034 ], [ -90.983880155999941, 14.369846782000025 ], [ -90.985090840999987, 14.364306247000059 ], [ -90.985574571999962, 14.354015194000056 ], [ -90.987067704999959, 14.350947462000022 ], [ -90.989699452999957, 14.350119207000034 ], [ -90.991410186999985, 14.348886629000049 ], [ -90.993070806999981, 14.346383935000063 ], [ -90.994059294999943, 14.343695934000039 ], [ -90.995925127999953, 14.341690843000038 ], [ -90.997775708999939, 14.338789826000038 ], [ -91.002096589999951, 14.332918394000046 ], [ -91.00225156, 14.332034083000053 ], [ -91.000863515999981, 14.330801284000074 ], [ -91.000900221999984, 14.329535302000068 ], [ -91.001167009999961, 14.328910613000062 ], [ -91.001675670999987, 14.328511625000033 ], [ -91.002186705999975, 14.328302430000065 ], [ -91.004126991999954, 14.328203534000068 ], [ -91.008666326999958, 14.326612756000031 ], [ -91.009634767999955, 14.325639241000033 ], [ -91.010027090999984, 14.324372840000024 ], [ -91.013046412999984, 14.320930199000031 ], [ -91.016510586999971, 14.317609833000063 ], [ -91.019016810999972, 14.315122985000073 ], [ -91.018894238999962, 14.31298358600003 ], [ -91.018353010999988, 14.311159251000049 ], [ -91.016829819999941, 14.308695263000061 ], [ -91.016814868999973, 14.307890846000078 ], [ -91.013778502999969, 14.304668663000029 ], [ -91.010708430999955, 14.301205560000028 ], [ -91.008887582999989, 14.296778028000062 ], [ -91.006915964999962, 14.29343027300007 ], [ -91.005509907999965, 14.287559163000026 ], [ -91.004150098999958, 14.285842043000059 ], [ -91.000463713999977, 14.282694493000065 ], [ -90.995006287999956, 14.274849751000033 ], [ -90.992727319999972, 14.273681740000029 ], [ -90.990456876999986, 14.266853308000066 ], [ -90.989874227999962, 14.266272294000032 ], [ -90.989473867999948, 14.263878662000025 ], [ -90.988366220999978, 14.262095831000067 ], [ -90.985726134999936, 14.253616161000025 ], [ -90.985313423999969, 14.250662139000042 ], [ -90.985275292999972, 14.242823465000072 ], [ -90.984598111999958, 14.240766378000046 ], [ -90.981726067999944, 14.235812507000048 ], [ -90.980962118999969, 14.23303399200006 ], [ -90.981592558999978, 14.226853592000055 ], [ -90.982798885999955, 14.225063185000067 ], [ -90.983543156999986, 14.217786875000058 ], [ -90.983663256999989, 14.215080214000068 ], [ -90.982708125999977, 14.212251522000031 ], [ -90.982536853999989, 14.210084615000028 ], [ -90.98353296199997, 14.208222381000041 ], [ -90.983182995999982, 14.203089870000042 ], [ -90.984270848999984, 14.198051933000045 ], [ -90.985103275999961, 14.196686463000049 ], [ -90.987255700999981, 14.194004794000023 ], [ -90.987194411999951, 14.192357302000062 ], [ -90.986265841999966, 14.190717203000077 ], [ -90.985301065999977, 14.185969229000023 ], [ -90.987002384999982, 14.181584815000065 ], [ -90.989625511999975, 14.183997108000028 ], [ -91.008780166999941, 14.187126879000061 ], [ -91.009695079999972, 14.187631519000035 ], [ -91.02037646399998, 14.189325256000075 ], [ -91.021290229999977, 14.189833235000037 ], [ -91.030555257999936, 14.191120584000032 ], [ -91.050993467999945, 14.195039387000065 ], [ -91.052511287999948, 14.192960752000033 ], [ -91.052567839999938, 14.188103703000024 ], [ -91.053311471999962, 14.187799091000045 ], [ -91.053788422999958, 14.186385252000036 ], [ -91.055915995999953, 14.183803190000049 ], [ -91.056848400999968, 14.17948191000005 ], [ -91.059924042999967, 14.176499677000038 ], [ -91.060027554999976, 14.174333829000034 ], [ -91.061117624999952, 14.17160774000007 ], [ -91.061364659999981, 14.169444179000038 ], [ -91.060362572999964, 14.16733603800003 ], [ -91.061479829999939, 14.16535686800006 ], [ -91.074715666999964, 14.166685776000065 ], [ -91.077418359999967, 14.166561729000023 ], [ -91.08544898699995, 14.160168747000057 ], [ -91.085565806999966, 14.159698603000038 ], [ -91.08665033699998, 14.159385297000028 ], [ -91.08800919, 14.157833784000047 ], [ -91.103973782999958, 14.14575870300007 ], [ -91.108101647999945, 14.148887735000073 ], [ -91.109440506999988, 14.14979977400003 ], [ -91.110210589999951, 14.150194448000036 ], [ -91.112001542999963, 14.151598059000037 ], [ -91.132036223999989, 14.16521857500004 ], [ -91.135687796999946, 14.168139028000041 ], [ -91.136957086999985, 14.168595124000035 ], [ -91.151785032999953, 14.17948844600005 ], [ -91.152643118999947, 14.179333514000064 ], [ -91.153441960999942, 14.178772556000069 ], [ -91.153479485999981, 14.177998990000049 ], [ -91.153116722999982, 14.177398577000076 ], [ -91.152723786999957, 14.176663494000024 ], [ -91.15246532399999, 14.175694469000064 ], [ -91.152475034999952, 14.175138726000057 ], [ -91.152641958999936, 14.174256576000062 ], [ -91.152817319999897, 14.173619640000027 ], [ -91.153045342999974, 14.173127711000063 ], [ -91.153330495999967, 14.17272999000005 ], [ -91.153733326999941, 14.172312839000028 ], [ -91.154216051999981, 14.171895171000074 ], [ -91.154993435999984, 14.171335170000077 ], [ -91.15554849199998, 14.171136090000061 ], [ -91.15644348099994, 14.171138455000062 ], [ -91.157182274999968, 14.171341834000032 ], [ -91.157684393999943, 14.171747872000026 ], [ -91.158328867999955, 14.172448728000063 ], [ -91.159105354999951, 14.173219509000035 ], [ -91.159518483999989, 14.173534482000036 ], [ -91.160505656999987, 14.173952147000023 ], [ -91.161155546999964, 14.173910814000067 ], [ -91.16159404299998, 14.173664511000027 ], [ -91.162476563999974, 14.173203572000034 ], [ -91.163095120999969, 14.173098730000049 ], [ -91.163804518999939, 14.173000229000024 ], [ -91.164583802999971, 14.172777994000057 ], [ -91.165241705999961, 14.172387628000024 ], [ -91.165739902999974, 14.172059303000026 ], [ -91.166549215999964, 14.171413643000051 ], [ -91.167233159999967, 14.171095771000068 ], [ -91.167853578999939, 14.170758208000052 ], [ -91.168656111999951, 14.170306802000027 ], [ -91.169404875999987, 14.169918246000066 ], [ -91.169802264999987, 14.169525874000044 ], [ -91.170166819999963, 14.169185222000067 ], [ -91.171066758999984, 14.168569608000041 ], [ -91.171963461999951, 14.168284977000042 ], [ -91.172634223999978, 14.168310425000072 ], [ -91.173262471999976, 14.16836717700005 ], [ -91.173928866999972, 14.168649035000044 ], [ -91.173473423999951, 14.169062435000058 ], [ -91.172791834999941, 14.169449258000043 ], [ -91.172361870999964, 14.16978941800005 ], [ -91.172079863999954, 14.170449285000075 ], [ -91.172174501999962, 14.171210313000074 ], [ -91.172442781999962, 14.17219295700005 ], [ -91.172488829999963, 14.172732188000055 ], [ -91.172431003999975, 14.173663769000029 ], [ -91.17214976799994, 14.174298787000055 ], [ -91.171793672999968, 14.174811227000077 ], [ -91.171438942999941, 14.175225390000037 ], [ -91.171182604999956, 14.175787166000077 ], [ -91.171303708999972, 14.176351821000026 ], [ -91.171778748999941, 14.176674027000047 ], [ -91.172431732999939, 14.176753569000027 ], [ -91.173509223999986, 14.177104087000032 ], [ -91.174283908999939, 14.177674853000042 ], [ -91.174582183999973, 14.178093992000072 ], [ -91.174902415999952, 14.178880461000062 ], [ -91.174896333999982, 14.179640719000076 ], [ -91.174858296999957, 14.181283050000047 ], [ -91.174695431999965, 14.182752710000045 ], [ -91.174505107999948, 14.184541874000047 ], [ -91.174465102999989, 14.186429339000028 ], [ -91.174483321999958, 14.187263212000062 ], [ -91.174478418999968, 14.187875486000053 ], [ -91.174447636999957, 14.188610703000052 ], [ -91.174817259999941, 14.189520688000073 ], [ -91.175189823999972, 14.190063534000046 ], [ -91.175611581999988, 14.190753620000066 ], [ -91.175677233999977, 14.191955017000055 ], [ -91.175622343999976, 14.192591764000042 ], [ -91.17549258799994, 14.193105930000058 ], [ -91.175109419999956, 14.193814734000057 ], [ -91.17482619499998, 14.19469489100004 ], [ -91.174541603999955, 14.195673320000026 ], [ -91.174434375999965, 14.196554818000038 ], [ -91.17442926199999, 14.197193072000061 ], [ -91.17464778499999, 14.198101906000034 ], [ -91.175272604999975, 14.198596971000029 ], [ -91.17592018, 14.199287648000052 ], [ -91.176216519999969, 14.19995192500005 ], [ -91.176461891999963, 14.200690374000033 ], [ -91.176719380999941, 14.201506866000045 ], [ -91.177436348999947, 14.201414043000057 ], [ -91.17800669899998, 14.200830929000062 ], [ -91.17858401699999, 14.200896327000066 ], [ -91.178932505999967, 14.201339572000052 ], [ -91.179091556999936, 14.201868365000053 ], [ -91.17926227199996, 14.202531684000064 ], [ -91.179382812999961, 14.20316976600003 ], [ -91.179536374999941, 14.204385389000038 ], [ -91.179615168999987, 14.205538309000076 ], [ -91.179760807999969, 14.206151729000055 ], [ -91.179968861999953, 14.206852610000055 ], [ -91.180263847999981, 14.207688592000068 ], [ -91.180408694999983, 14.208473724000044 ], [ -91.18040173299994, 14.209344688000044 ], [ -91.180118411999956, 14.210163844000022 ], [ -91.179434838999953, 14.210783379000077 ], [ -91.178930800999979, 14.21096368700006 ], [ -91.177925275999939, 14.21100573700005 ], [ -91.177247096999963, 14.210950861000072 ], [ -91.176669272999959, 14.210873023000033 ], [ -91.17617983699995, 14.210820715000068 ], [ -91.175427866999939, 14.210581126000022 ], [ -91.174929424999959, 14.210063298000023 ], [ -91.174469026999986, 14.209494925000058 ], [ -91.173779976999981, 14.209208364000062 ], [ -91.172887470999967, 14.209237698000038 ], [ -91.172179976999985, 14.209661588000074 ], [ -91.17185047199996, 14.210027357000058 ], [ -91.171316906999948, 14.210783581000044 ], [ -91.171048849999977, 14.211284255000066 ], [ -91.170705330999965, 14.211808079000036 ], [ -91.170375528999955, 14.212209994000034 ], [ -91.170044945999962, 14.212636760000066 ], [ -91.169664868999973, 14.213025863000041 ], [ -91.169044664999944, 14.213609698000027 ], [ -91.168762576999939, 14.214269553000065 ], [ -91.168691563999971, 14.215323036000029 ], [ -91.16868554499996, 14.216070863000027 ], [ -91.168777810999984, 14.217053296000074 ], [ -91.168798113999969, 14.217696260000025 ], [ -91.168889886999978, 14.218739695000068 ], [ -91.16902136899995, 14.219598157000064 ], [ -91.169103059999941, 14.220383937000065 ], [ -91.169197886999939, 14.221120112000051 ], [ -91.169578791999982, 14.222140904000071 ], [ -91.17011417599997, 14.22281831500004 ], [ -91.170500692999951, 14.223214417000065 ], [ -91.170947392999949, 14.223903578000034 ], [ -91.171093694999968, 14.224432274000037 ], [ -91.171098645999962, 14.225400482000055 ], [ -91.170852833999959, 14.226300117000051 ], [ -91.170271310999965, 14.226749810000058 ], [ -91.169658530999982, 14.226837753000041 ], [ -91.168918195999936, 14.227089655000043 ], [ -91.168050638999944, 14.22746371900007 ], [ -91.167319646999943, 14.227848995000045 ], [ -91.166613561999952, 14.227730605000033 ], [ -91.16637609299994, 14.227162797000062 ], [ -91.166295371999979, 14.226688826000043 ], [ -91.165942348999977, 14.226017323000065 ], [ -91.165257859999898, 14.225878763000026 ], [ -91.164708866999945, 14.225955885000076 ], [ -91.164009308999937, 14.226321056000074 ], [ -91.163426207999976, 14.226749255000072 ], [ -91.16288706399996, 14.227112269000031 ], [ -91.162351755999964, 14.227430121000054 ], [ -91.161855064999941, 14.227698559000032 ], [ -91.161357769999938, 14.228041555000061 ], [ -91.160847743999966, 14.228383320000034 ], [ -91.160349968999981, 14.228713883000069 ], [ -91.159839728999941, 14.229081630000053 ], [ -91.159265275999985, 14.229584445000057 ], [ -91.158790171999954, 14.230260869000062 ], [ -91.158544286999984, 14.230876926000064 ], [ -91.158399823999957, 14.231482465000056 ], [ -91.158268702999976, 14.232013549000044 ], [ -91.158023812999943, 14.232506474000047 ], [ -91.157741500999975, 14.232900826000048 ], [ -91.157306505999941, 14.233342576000041 ], [ -91.15673254, 14.233783252000023 ], [ -91.15581667899994, 14.234110574000056 ], [ -91.155206626999984, 14.234216575000062 ], [ -91.154711114999941, 14.234337013000072 ], [ -91.154074548999972, 14.23464163400007 ], [ -91.153625197999986, 14.235280963000037 ], [ -91.153543816999957, 14.235960418000047 ], [ -91.153523630999985, 14.236876457000051 ], [ -91.153478673999984, 14.237705314000038 ], [ -91.153320755999971, 14.238396603000069 ], [ -91.153055060999975, 14.239878984000029 ], [ -91.152999848999968, 14.240472784000076 ], [ -91.152970244999949, 14.240979794000054 ], [ -91.153142485999979, 14.241661211000064 ], [ -91.153683460999957, 14.242147781000028 ], [ -91.154353741999955, 14.242400369000052 ], [ -91.154831576999982, 14.242961011000034 ], [ -91.154813503999947, 14.243617233000066 ], [ -91.154578739999977, 14.244357634000039 ], [ -91.15375050099999, 14.244870893000041 ], [ -91.153063448999944, 14.24511298300007 ], [ -91.152450920999968, 14.245590626000023 ], [ -91.152029137999989, 14.245970330000034 ], [ -91.151645256999984, 14.246388739000054 ], [ -91.151324299999942, 14.246831357000076 ], [ -91.151079678999963, 14.247286992000056 ], [ -91.150755893999985, 14.248076407000042 ], [ -91.150585490999958, 14.248804876000065 ], [ -91.150541223999937, 14.249546747000068 ], [ -91.150561760999949, 14.250153559000069 ], [ -91.150632676999976, 14.250760760000048 ], [ -91.150818565999941, 14.251330444000075 ], [ -91.151205717999972, 14.252075662000038 ], [ -91.151694009999972, 14.252846517000023 ], [ -91.152093300999979, 14.253666386000077 ], [ -91.152176960999952, 14.254273688000069 ], [ -91.152285300999949, 14.25497946400003 ], [ -91.152432966999982, 14.255549978000033 ], [ -91.152592367999944, 14.256243722000022 ], [ -91.152778588999979, 14.256702696000048 ], [ -91.153066119999949, 14.257237015000044 ], [ -91.153554327999984, 14.258020294000062 ], [ -91.154280200999949, 14.259275370000069 ], [ -91.154730690999941, 14.259997351000038 ], [ -91.15497709899995, 14.260889466000037 ], [ -91.155009777999965, 14.261570932000041 ], [ -91.154941728999972, 14.262175930000069 ], [ -91.154746363999948, 14.262768642000026 ], [ -91.154575375999968, 14.26349710900007 ], [ -91.154493976999959, 14.264176561000056 ], [ -91.15448954499999, 14.264721046000034 ], [ -91.154456806999974, 14.265612130000022 ], [ -91.154423976999965, 14.266514511000025 ], [ -91.154331240999966, 14.26702103100007 ], [ -91.154135261999954, 14.267688300000032 ], [ -91.153814145999945, 14.26821790200006 ], [ -91.153365323999935, 14.268782667000039 ], [ -91.152904329999956, 14.269348464000075 ], [ -91.152507065999941, 14.269840195000029 ], [ -91.152005349999968, 14.270640654000033 ], [ -91.151715683999953, 14.271999699000048 ], [ -91.151656646999982, 14.272988863000023 ], [ -91.151740213999972, 14.273607459000061 ], [ -91.151875041999972, 14.274190303000069 ], [ -91.152286898999989, 14.275035129000059 ], [ -91.152675493999936, 14.275607513000068 ], [ -91.153139058999955, 14.276291190000052 ], [ -91.153440063999938, 14.276738627000043 ], [ -91.153815823999935, 14.277323340000066 ], [ -91.154216470999984, 14.277981674000046 ], [ -91.15447854699994, 14.278515797000068 ], [ -91.154714228999978, 14.279161554000041 ], [ -91.154811043999985, 14.279719250000028 ], [ -91.154804397999953, 14.280534845000034 ], [ -91.154786381999941, 14.281253199000048 ], [ -91.154507462999959, 14.282785175000072 ], [ -91.154514283999958, 14.283440456000051 ], [ -91.154688258999954, 14.283911762000059 ], [ -91.154833113999985, 14.28482907700004 ], [ -91.154828481999971, 14.285397282000076 ], [ -91.154695491999973, 14.286150894000059 ], [ -91.154412690999948, 14.28659493400005 ], [ -91.154080218999979, 14.286950473000047 ], [ -91.153429038999946, 14.287465083000029 ], [ -91.153033352999955, 14.287759125000036 ], [ -91.152612484999963, 14.288015691000055 ], [ -91.151976567999952, 14.288220878000061 ], [ -91.151230615999964, 14.287856969000075 ], [ -91.150967838999975, 14.287408696000057 ], [ -91.150618359999953, 14.286725897000053 ], [ -91.150268282999946, 14.286116528000036 ], [ -91.149866122999981, 14.285643446000051 ], [ -91.149041685999975, 14.285599756000067 ], [ -91.148405268999966, 14.285867064000058 ], [ -91.147207278999986, 14.286526523000077 ], [ -91.146212408999986, 14.28713672400005 ], [ -91.145816513999989, 14.287455602000023 ], [ -91.145420513999966, 14.287786908000044 ], [ -91.145048274999965, 14.288328523000075 ], [ -91.144813383999974, 14.289143462000027 ], [ -91.144770498999947, 14.289711368000042 ], [ -91.144773395999948, 14.290912260000027 ], [ -91.144812092999985, 14.29240941300003 ], [ -91.144816265999964, 14.293454416000031 ], [ -91.144810077999978, 14.294209005000027 ], [ -91.144818762999989, 14.294703880000043 ], [ -91.144825313999945, 14.295458570000051 ], [ -91.144871036999973, 14.296028296000031 ], [ -91.14510457199998, 14.296933875000036 ], [ -91.14536654799997, 14.297479304000035 ], [ -91.145591671999966, 14.297927289000029 ], [ -91.145892409999988, 14.298337455000024 ], [ -91.14648422199997, 14.298923864000074 ], [ -91.146822680999946, 14.299396457000057 ], [ -91.14703306399997, 14.300018301000023 ], [ -91.146963746999972, 14.300772398000049 ], [ -91.146500664999962, 14.301511001000051 ], [ -91.146218211999951, 14.301978754000061 ], [ -91.145947716999956, 14.302471453000067 ], [ -91.145689690999973, 14.302926968000065 ], [ -91.145456707999983, 14.303506946000027 ], [ -91.145325799999966, 14.304000733000066 ], [ -91.145180118999974, 14.304741806000038 ], [ -91.145120991999988, 14.305805520000035 ], [ -91.145172856999977, 14.307179637000047 ], [ -91.14541103, 14.309073739000041 ], [ -91.14533047599997, 14.309642478000058 ], [ -91.144931290999978, 14.310356720000073 ], [ -91.144266356999935, 14.310983028000066 ], [ -91.143566446999955, 14.311212538000063 ], [ -91.142817368999943, 14.311292543000036 ], [ -91.142117549999966, 14.311510751000071 ], [ -91.141378258999964, 14.311950069000034 ], [ -91.140890569999954, 14.312576623000041 ], [ -91.14066775799995, 14.313466210000058 ], [ -91.140712315999963, 14.31424604800003 ], [ -91.141301533999979, 14.315079853000043 ], [ -91.14165305099999, 14.315515276000042 ], [ -91.141951217999974, 14.316309525000065 ], [ -91.14132480699999, 14.31689771300006 ], [ -91.14057580299999, 14.316966412000056 ], [ -91.139634493999949, 14.317243725000026 ], [ -91.138958316999947, 14.317683527000042 ], [ -91.138649654999938, 14.318163487000049 ], [ -91.138491491999957, 14.318868305000024 ], [ -91.138600308999969, 14.319511953000074 ], [ -91.139027158999966, 14.320084664000035 ], [ -91.139315334999935, 14.320544447000032 ], [ -91.139488987999982, 14.321053040000038 ], [ -91.139419152999949, 14.321794702000034 ], [ -91.139032962999977, 14.322472879000031 ], [ -91.138408460999983, 14.322826096000028 ], [ -91.137697296999988, 14.322870226000077 ], [ -91.137193328999956, 14.322446028000059 ], [ -91.137224734999961, 14.321728920000055 ], [ -91.137383110999963, 14.320999252000036 ], [ -91.137018783999963, 14.32050158900006 ], [ -91.136342864999961, 14.320978664000052 ], [ -91.13571634699997, 14.321505831000025 ], [ -91.134980687999985, 14.321500055000058 ], [ -91.134145628999988, 14.32118508800005 ], [ -91.133409364999977, 14.321252733000051 ], [ -91.132875830999978, 14.32132309900004 ], [ -91.132214316999978, 14.321528019000027 ], [ -91.131487646999972, 14.321906395000042 ], [ -91.130632139999989, 14.322592160000056 ], [ -91.130093998999939, 14.323218288000078 ], [ -91.129745299999968, 14.323982600000022 ], [ -91.129664324999965, 14.324526472000059 ], [ -91.129634737999936, 14.32502104200006 ], [ -91.129604699999959, 14.325639873000057 ], [ -91.129587752999953, 14.326146969000035 ], [ -91.129529698999988, 14.32700055600003 ], [ -91.129114610999977, 14.328085173000034 ], [ -91.128741019999893, 14.32877585500006 ], [ -91.128329203999954, 14.329465105000054 ], [ -91.12776256899997, 14.330450241000051 ], [ -91.127416004999986, 14.330954736000024 ], [ -91.127184176999947, 14.331385576000059 ], [ -91.126950531999967, 14.33196552000004 ], [ -91.126730104999979, 14.332557993000023 ], [ -91.126586594999935, 14.333026809000046 ], [ -91.126468365999983, 14.33352067800007 ], [ -91.126412659999971, 14.334089600000027 ], [ -91.126395495999986, 14.334621546000051 ], [ -91.126516298999945, 14.335352274000059 ], [ -91.127244979999944, 14.336273074000076 ], [ -91.127798796999969, 14.336834378000049 ], [ -91.128340416999947, 14.337260026000024 ], [ -91.129111350999949, 14.337977808000062 ], [ -91.129301710999982, 14.338565617000029 ], [ -91.129365316999952, 14.339557981000041 ], [ -91.129302411999959, 14.340436382000064 ], [ -91.128882646999955, 14.341452048000065 ], [ -91.128610814999945, 14.342024912000056 ], [ -91.128384128999983, 14.342532611000024 ], [ -91.128174018999971, 14.343067553000026 ], [ -91.12808083499999, 14.343614713000022 ], [ -91.128256203999968, 14.344542439000065 ], [ -91.128674689999968, 14.345077825000033 ], [ -91.129017842999986, 14.345963945000051 ], [ -91.128893343999948, 14.346863322000047 ], [ -91.128533278999953, 14.34738578300005 ], [ -91.127832008999974, 14.348112283000034 ], [ -91.127248660999953, 14.348731260000022 ], [ -91.126788352999938, 14.349254057000053 ], [ -91.126382947999957, 14.349863141000071 ], [ -91.126125461999948, 14.350728700000047 ], [ -91.126154019999944, 14.351265526000077 ], [ -91.126293216999954, 14.351944437000043 ], [ -91.126365256999975, 14.352617168000052 ], [ -91.126365731999954, 14.353256571000031 ], [ -91.126288400999954, 14.353846784000041 ], [ -91.126155533999963, 14.354426390000071 ], [ -91.125809946999937, 14.355225731000075 ], [ -91.12553085199994, 14.355971375000024 ], [ -91.125413655999978, 14.356686664000051 ], [ -91.12544745799994, 14.357359095000049 ], [ -91.125651843999947, 14.358141322000051 ], [ -91.126112430999967, 14.358979798000064 ], [ -91.126768504999973, 14.359651500000041 ], [ -91.127228047999949, 14.359850570000049 ], [ -91.127794817999984, 14.359974795000028 ], [ -91.12839530399998, 14.359946781000076 ], [ -91.129097723999962, 14.359784005000051 ], [ -91.129782395999939, 14.359665148000033 ], [ -91.130376988999956, 14.359718416000021 ], [ -91.130861321999987, 14.360351473000037 ], [ -91.130912530999979, 14.360882830000037 ], [ -91.130972310999937, 14.361707970000055 ], [ -91.131112471999984, 14.362272791000066 ], [ -91.131363206999936, 14.362848647000021 ], [ -91.131682310999963, 14.363284965000048 ], [ -91.132057264999958, 14.363624568000034 ], [ -91.132499969999969, 14.363899185000037 ], [ -91.132953597999972, 14.364184053000031 ], [ -91.133463192999955, 14.364427564000039 ], [ -91.134188715999983, 14.364834318000021 ], [ -91.134333293999987, 14.365496325000038 ], [ -91.134117682999943, 14.365993948000039 ], [ -91.133419955999955, 14.366985959000033 ], [ -91.13262670599994, 14.368107131000045 ], [ -91.132271812999988, 14.36863076700007 ], [ -91.131877562999989, 14.36921847900004 ], [ -91.131612529999984, 14.369666004000067 ], [ -91.131380293999939, 14.370140897000056 ], [ -91.131084057999942, 14.370995988000061 ], [ -91.130962065999938, 14.371661538000069 ], [ -91.131038719999935, 14.372477777000029 ], [ -91.131495230999974, 14.37304509300003 ], [ -91.132217043999958, 14.373203296000042 ], [ -91.132974900999955, 14.373068067000077 ], [ -91.133584318999965, 14.37266618600006 ], [ -91.134232374999954, 14.372286072000065 ], [ -91.134964390999983, 14.372541500000068 ], [ -91.135536331999958, 14.373305156000072 ], [ -91.135844177999957, 14.373774141000069 ], [ -91.136062059999972, 14.374331664000067 ], [ -91.136245734999989, 14.374961217000077 ], [ -91.136368026999946, 14.375656936000041 ], [ -91.136505151999984, 14.376590007000061 ], [ -91.136533863999944, 14.37711101900004 ], [ -91.136500396999963, 14.377793087000043 ], [ -91.136506770999972, 14.378352331000031 ], [ -91.136472631999936, 14.379115730000024 ], [ -91.13616426599998, 14.380106296000065 ], [ -91.135879815999942, 14.380867723000051 ], [ -91.135692001999985, 14.381365564000077 ], [ -91.135354743999983, 14.381856577000065 ], [ -91.13498389099999, 14.382276157000035 ], [ -91.134608579999963, 14.382604195000056 ], [ -91.133777856999984, 14.382857470000033 ], [ -91.133142366999948, 14.382348617000048 ], [ -91.132405155999948, 14.382017447000067 ], [ -91.131882929999961, 14.381964749000076 ], [ -91.131171278999943, 14.381974941000067 ], [ -91.129962876999969, 14.382143883000026 ], [ -91.129304003999948, 14.382426743000053 ], [ -91.128917140999988, 14.382819071000029 ], [ -91.128577621999966, 14.383510009000076 ], [ -91.128298382999958, 14.384338116000038 ], [ -91.128181224999935, 14.385046628000055 ], [ -91.128086658999962, 14.385686410000062 ], [ -91.127787403999946, 14.386203692000038 ], [ -91.127343813999971, 14.386726613000064 ], [ -91.126688648999959, 14.387258022000026 ], [ -91.125979746999974, 14.387561938000033 ], [ -91.125584728999968, 14.388235484000063 ], [ -91.12540082199996, 14.38895589200007 ], [ -91.124829440999974, 14.389445029000058 ], [ -91.124105500999974, 14.389536441000075 ], [ -91.123321397999973, 14.389546032000055 ], [ -91.122707027999979, 14.389839390000077 ], [ -91.12230079599999, 14.390535435000061 ], [ -91.122067645999948, 14.391114237000068 ], [ -91.12181203199998, 14.391745955000033 ], [ -91.121754332999956, 14.392686519000051 ], [ -91.121994546999986, 14.393203558000039 ], [ -91.122417766999945, 14.393803392000052 ], [ -91.122879985999987, 14.394452107000063 ], [ -91.122987290999959, 14.394925166000064 ], [ -91.122774853999942, 14.395660027000076 ], [ -91.122076829999969, 14.396045350000065 ], [ -91.121684945999959, 14.396340470000041 ], [ -91.121230505999961, 14.396770655000068 ], [ -91.120920387999945, 14.397266377000051 ], [ -91.120699363999961, 14.397779750000041 ], [ -91.120209440999986, 14.398502234000034 ], [ -91.119420125999966, 14.399130833000072 ], [ -91.118920290999938, 14.399652153000034 ], [ -91.118688608999946, 14.400122511000063 ], [ -91.118560984999988, 14.400760892000051 ], [ -91.118483096999967, 14.401410964000036 ], [ -91.118399539999984, 14.402115216000027 ], [ -91.117916860999969, 14.402593742000022 ], [ -91.117181678999941, 14.40270762800003 ], [ -91.11644473199999, 14.403031619000046 ], [ -91.116293666999979, 14.403838129000064 ], [ -91.116088858999944, 14.405040727000028 ], [ -91.116004938999936, 14.405717862000074 ], [ -91.115839711999968, 14.406209081000043 ], [ -91.115557827999965, 14.406651922000037 ], [ -91.114997615999982, 14.407114006000029 ], [ -91.114227725999967, 14.407356389000029 ], [ -91.113497360999986, 14.407584397000051 ], [ -91.113083427999982, 14.407879323000031 ], [ -91.11241619399999, 14.408524681000074 ], [ -91.111950614999955, 14.408964920000074 ], [ -91.111367001999952, 14.409589479000033 ], [ -91.110402698999962, 14.410482112000068 ], [ -91.10975296099997, 14.410975093000047 ], [ -91.109305272999961, 14.411285557000042 ], [ -91.108623309999984, 14.411682257000052 ], [ -91.108131119999939, 14.412046586000031 ], [ -91.107671226999969, 14.412498155000037 ], [ -91.107020465999938, 14.413110868000047 ], [ -91.10658105899995, 14.413812256000028 ], [ -91.106276547999983, 14.414254902000039 ], [ -91.105593721999981, 14.414683214000036 ], [ -91.104805253999984, 14.414514213000075 ], [ -91.104027000999963, 14.414507964000052 ], [ -91.103512935999959, 14.414785121000023 ], [ -91.103030328999978, 14.415247794000038 ], [ -91.102637424999955, 14.415656965000039 ], [ -91.101872817999947, 14.416365894000023 ], [ -91.101364347999947, 14.41550213000005 ], [ -91.10109149799996, 14.413641639000048 ], [ -91.101270367999973, 14.410106104000022 ], [ -91.102301298999976, 14.408259482000062 ], [ -91.102621064999937, 14.404162498000062 ], [ -91.100723247999952, 14.402308152000046 ], [ -91.098034818999963, 14.402941730000066 ], [ -91.095312018999948, 14.404551021000032 ], [ -91.091693954999982, 14.408805484000027 ], [ -91.090166656999941, 14.409860662000028 ], [ -91.088804589999938, 14.409818013000063 ], [ -91.087015561999976, 14.408536053000034 ], [ -91.085959381999942, 14.408301563000066 ], [ -91.082873607999943, 14.409240128000022 ], [ -91.073647896999944, 14.418074576000038 ], [ -91.069510126999944, 14.420490965000056 ], [ -91.064711558999988, 14.42418738300006 ], [ -91.062608763999947, 14.425218430000029 ], [ -91.060063095999965, 14.427664639000056 ], [ -91.05360884299995, 14.429112748000023 ], [ -91.050647380999976, 14.431572350000067 ], [ -91.048508180999988, 14.432111565000071 ], [ -91.046615353999982, 14.431845113000065 ], [ -91.045468614999947, 14.430294797000045 ], [ -91.042464889999962, 14.427897665000046 ], [ -91.040038576999962, 14.428268366000054 ], [ -91.037966708999988, 14.430451647000041 ], [ -91.036903796999979, 14.430718431000059 ], [ -91.036123471999986, 14.430482619000031 ], [ -91.034060607999947, 14.427936207000073 ], [ -91.033434560999979, 14.425311392000026 ], [ -91.033671674999937, 14.421801371000072 ], [ -91.038168040999949, 14.414934526000025 ], [ -91.03846422099997, 14.411417071000074 ], [ -91.037233739999976, 14.409983516000068 ], [ -91.032881463999956, 14.41054261000005 ], [ -91.029203317999986, 14.412069686000052 ], [ -91.02517159699994, 14.415377410000076 ], [ -91.022796943999936, 14.417462006000051 ], [ -91.017247063999946, 14.423348176000047 ], [ -91.014216828999963, 14.426999573000046 ], [ -91.013550923999958, 14.428831842000022 ], [ -91.013056235999954, 14.430895991000057 ], [ -91.012209256999938, 14.431579043000056 ], [ -91.010518499999989, 14.437996772000076 ], [ -91.009918639999967, 14.438911208000036 ], [ -91.005696054999987, 14.442542214000071 ], [ -91.004358045999936, 14.442842655000049 ], [ -91.002547131999961, 14.442360786000052 ], [ -91.002471954999976, 14.439939410000022 ], [ -91.00347219799994, 14.437869416000069 ], [ -91.005085207999969, 14.436037299000077 ], [ -91.005061461999958, 14.434409338000023 ], [ -91.004583904999947, 14.434150005000049 ], [ -91.003998540999987, 14.433762115000036 ], [ -91.003519216999962, 14.433116441000038 ], [ -91.003529946999947, 14.430677718000027 ], [ -91.005339449999951, 14.427533524000069 ], [ -91.00611698199998, 14.423062340000058 ], [ -91.002875008999979, 14.42008665000003 ], [ -91.000711346999935, 14.419670710000048 ], [ -90.996827618999987, 14.419460424000022 ], [ -90.995236320999936, 14.419975563000037 ], [ -90.993936306999956, 14.420966470000053 ], [ -90.990372731999969, 14.420855945000028 ], [ -90.989308926999968, 14.419608845000027 ], [ -90.987975306999942, 14.414204788000063 ], [ -90.982499728999983, 14.408532680000064 ], [ -90.98186240299998, 14.395827217000033 ], [ -90.982525028999987, 14.38637251800003 ], [ -90.982290880999983, 14.373146348000034 ] ] ] ] } },
{ "type": "Feature", "properties": { "Codigo": 716, "datos_finales_color_riesgo": "ffaa00" }, "geometry": { "type": "MultiPolygon", "coordinates": [ [ [ [ -91.247269594999977, 14.751493715000038 ], [ -91.24722298599994, 14.750500344000045 ], [ -91.247236483999984, 14.749757094000074 ], [ -91.247542882999937, 14.74352903700003 ], [ -91.249073628999952, 14.739806917000067 ], [ -91.249712367999962, 14.736938881000071 ], [ -91.248814745999937, 14.734652321000056 ], [ -91.245110435999948, 14.73053920600006 ], [ -91.244578894999961, 14.72907671400003 ], [ -91.243420968999942, 14.728647674000058 ], [ -91.243274035999946, 14.727790235000043 ], [ -91.243109803999971, 14.726991410000039 ], [ -91.243198295999946, 14.725870276000023 ], [ -91.24340501599994, 14.724263131000043 ], [ -91.244070603999944, 14.723696544000063 ], [ -91.24553446499999, 14.723097592000045 ], [ -91.246060282999963, 14.722880150000037 ], [ -91.246768154999984, 14.72268555200003 ], [ -91.247248260999982, 14.722523117000037 ], [ -91.247842556999956, 14.72230619000004 ], [ -91.248857965999946, 14.722191861000056 ], [ -91.249359296999955, 14.722205820000056 ], [ -91.250236769999958, 14.722212452000065 ], [ -91.250966518999974, 14.722185202000048 ], [ -91.25163009299996, 14.721868243000074 ], [ -91.252211242999977, 14.721916690000057 ], [ -91.252914239999939, 14.722333212000024 ], [ -91.253276269999958, 14.722713270000042 ], [ -91.253899866999973, 14.723116765000043 ], [ -91.254775052999946, 14.723411440000064 ], [ -91.255468804999964, 14.723605331000044 ], [ -91.25609650399997, 14.723493700000063 ], [ -91.256817649999959, 14.723089040000048 ], [ -91.257561694999936, 14.722650658000077 ], [ -91.258410088999938, 14.722080882000057 ], [ -91.258949357999938, 14.721629657000051 ], [ -91.259433327999943, 14.720979185000033 ], [ -91.259711039999956, 14.72050340100003 ], [ -91.259965087999944, 14.720083921000025 ], [ -91.260661158999937, 14.719911783000043 ], [ -91.261250921999988, 14.720337598000071 ], [ -91.261485886999935, 14.720861296000066 ], [ -91.262095514999942, 14.723029294000071 ], [ -91.262408825999955, 14.723773875000063 ], [ -91.263054011999941, 14.724311946000057 ], [ -91.263841351999986, 14.724195841000039 ], [ -91.264838433999955, 14.723537905000057 ], [ -91.265366087999951, 14.723086579000039 ], [ -91.265802267999959, 14.722679755000058 ], [ -91.266307980999954, 14.722140144000036 ], [ -91.26679255, 14.721411706000026 ], [ -91.267105654999966, 14.720714749000024 ], [ -91.26720295399997, 14.720006008000041 ], [ -91.267173797999988, 14.719361844000048 ], [ -91.267140150999978, 14.718551577000028 ], [ -91.267877070999987, 14.717614897000033 ], [ -91.268507947999979, 14.717097677000027 ], [ -91.270360186999937, 14.716103795000038 ], [ -91.271074864999946, 14.721227938000027 ], [ -91.272132256999953, 14.724477025000056 ], [ -91.273045295999964, 14.729550679000056 ], [ -91.273488881999981, 14.741465859000073 ], [ -91.275728946999948, 14.747341350000056 ], [ -91.268602543999975, 14.748474310000063 ], [ -91.267197734999968, 14.749296392000076 ], [ -91.261385666999956, 14.751125835000039 ], [ -91.25263416699994, 14.75272618200006 ], [ -91.249608204999959, 14.75236889200005 ], [ -91.247269594999977, 14.751493715000038 ] ] ] ] } },
{ "type": "Feature", "properties": { "Codigo": 2208, "datos_finales_color_riesgo": "ffaa00" }, "geometry": { "type": "MultiPolygon", "coordinates": [ [ [ [ -89.71967297599997, 14.128606442000034 ], [ -89.72118388399997, 14.125460222000072 ], [ -89.721902228999966, 14.124882023000055 ], [ -89.722302414999945, 14.124313025000049 ], [ -89.726013196999986, 14.118874086000062 ], [ -89.726150833999952, 14.116162800000041 ], [ -89.728040398999951, 14.111751972000036 ], [ -89.732033736999938, 14.097090325000067 ], [ -89.732574480999972, 14.096470159000035 ], [ -89.732942025999989, 14.093802595000056 ], [ -89.733813940999937, 14.091321320000077 ], [ -89.736036539999986, 14.088137158000052 ], [ -89.73642727899994, 14.084402222000051 ], [ -89.73757737599999, 14.083249678000072 ], [ -89.739381444999935, 14.082414090000043 ], [ -89.739521686999979, 14.079988330000049 ], [ -89.739181113999962, 14.079015368000057 ], [ -89.73907711399994, 14.078278103000059 ], [ -89.739121309999973, 14.077608301000055 ], [ -89.739542989999961, 14.07689958800006 ], [ -89.739960229999951, 14.076503442000046 ], [ -89.740369062999946, 14.075884846000065 ], [ -89.74048414799995, 14.075026392000041 ], [ -89.740691498999979, 14.074102598000024 ], [ -89.74084779399999, 14.073558459000026 ], [ -89.741139759999953, 14.073149332000071 ], [ -89.741512285999988, 14.072684860000038 ], [ -89.741842304999977, 14.071997475000046 ], [ -89.741951986999936, 14.071519291000072 ], [ -89.742146661999982, 14.070673199000055 ], [ -89.742687172999979, 14.069654581000066 ], [ -89.743050337999989, 14.069034229000067 ], [ -89.743285854999954, 14.068569030000049 ], [ -89.743533634999949, 14.068013708000024 ], [ -89.743794376999972, 14.06735924000003 ], [ -89.744010256999957, 14.066647737000039 ], [ -89.744270531999973, 14.06602599200005 ], [ -89.744528120999973, 14.065593819000071 ], [ -89.744903134999959, 14.064952176000077 ], [ -89.745207325999957, 14.064454043000069 ], [ -89.745468330999984, 14.063821019000045 ], [ -89.745717981999974, 14.063132539000037 ], [ -89.745844587999954, 14.062274234000029 ], [ -89.745991835999973, 14.061550514000032 ], [ -89.746218139999939, 14.060918148000042 ], [ -89.746321144999968, 14.060093382000048 ], [ -89.746307289999947, 14.059479221000061 ], [ -89.746133542999985, 14.058807605000027 ], [ -89.745798712999942, 14.05824442100004 ], [ -89.745188399999961, 14.057745240000031 ], [ -89.74426929699996, 14.057253177000064 ], [ -89.743578029999981, 14.056796918000032 ], [ -89.743203061999964, 14.05584381400007 ], [ -89.743348248999951, 14.055265661000021 ], [ -89.743377345999988, 14.054026823000072 ], [ -89.743407310999942, 14.053502417000061 ], [ -89.743563109999968, 14.052990996000062 ], [ -89.743995635999966, 14.052327554000044 ], [ -89.74425288499998, 14.051917947000049 ], [ -89.744443514999944, 14.051395705000061 ], [ -89.744697728999938, 14.050383370000077 ], [ -89.744960016999983, 14.049617184000056 ], [ -89.745014832999971, 14.048970091000058 ], [ -89.744933618999937, 14.048254577000023 ], [ -89.744700558999966, 14.047771768000075 ], [ -89.744001318999949, 14.047104355000045 ], [ -89.74349596199994, 14.046460999000033 ], [ -89.743273104999957, 14.046033630000068 ], [ -89.743144661999963, 14.04542921500007 ], [ -89.743283173999941, 14.044504482000036 ], [ -89.743297059999975, 14.043522764000045 ], [ -89.743075102999967, 14.043072838000057 ], [ -89.742772015999947, 14.042678248000072 ], [ -89.742480372999978, 14.042251082000064 ], [ -89.742228944999965, 14.041432824000026 ], [ -89.741882903999965, 14.040846919000046 ], [ -89.741052278999973, 14.040602092000029 ], [ -89.740515617999961, 14.040538421000065 ], [ -89.74003679499998, 14.040431517000059 ], [ -89.739266611999938, 14.039918888000045 ], [ -89.737122721999981, 14.037920510000049 ], [ -89.7363441, 14.037229440000033 ], [ -89.735960863999935, 14.036822477000044 ], [ -89.735596622999935, 14.035890963000043 ], [ -89.735552009999935, 14.035041639000042 ], [ -89.735695590999967, 14.033760340000072 ], [ -89.735830904999943, 14.033103055000026 ], [ -89.736113040999953, 14.032526755000049 ], [ -89.73672714199995, 14.031977507000022 ], [ -89.737539616999982, 14.031909468000038 ], [ -89.738281041999983, 14.032042491000027 ], [ -89.738791723999952, 14.032306707000032 ], [ -89.73930132199996, 14.032647650000058 ], [ -89.739787005999972, 14.03304470300003 ], [ -89.740429288999962, 14.033689907000053 ], [ -89.740924273999951, 14.034287979000055 ], [ -89.741548285999954, 14.034631592000039 ], [ -89.742199576999951, 14.034640370000034 ], [ -89.743033905999937, 14.034662900000058 ], [ -89.743833095999946, 14.034717684000043 ], [ -89.744903937999936, 14.034978145000025 ], [ -89.745473281999978, 14.035141562000035 ], [ -89.746293219999984, 14.035364783000034 ], [ -89.746807075999982, 14.035405558000036 ], [ -89.747390657999972, 14.035379552000052 ], [ -89.748111666999989, 14.035322664000034 ], [ -89.748582401999954, 14.03518340200003 ], [ -89.74967363199994, 14.03481885900004 ], [ -89.750306798999986, 14.034514739000031 ], [ -89.751135079999983, 14.03414665300005 ], [ -89.751869853999949, 14.033933058000059 ], [ -89.752525239999954, 14.033651802000065 ], [ -89.752827782999987, 14.03326535900004 ], [ -89.75311611699999, 14.032287320000023 ], [ -89.75339958699999, 14.031654576000051 ], [ -89.75406462899997, 14.031507753000028 ], [ -89.754838293999967, 14.031774339000037 ], [ -89.755245675999959, 14.032069866000029 ], [ -89.756005420999941, 14.032504430000074 ], [ -89.756934203999947, 14.032304706000048 ], [ -89.757581585999958, 14.031811144000073 ], [ -89.758268545999954, 14.031708622000053 ], [ -89.758860698999968, 14.031894884000053 ], [ -89.759192237999969, 14.032692762000067 ], [ -89.759501734999958, 14.033455358000026 ], [ -89.759999799999946, 14.033797240000069 ], [ -89.760730020999972, 14.033907475000035 ], [ -89.761496380999972, 14.033872597000027 ], [ -89.762582430999942, 14.033875858000044 ], [ -89.763532551999958, 14.03384456200007 ], [ -89.76418949899994, 14.033451558000024 ], [ -89.765021811999986, 14.033618449000073 ], [ -89.765772530999982, 14.033874540000056 ], [ -89.766264332999981, 14.033881119000057 ], [ -89.770438640999942, 14.032943706000026 ], [ -89.773844188999988, 14.032252162000077 ], [ -89.774404816999947, 14.03221449800003 ], [ -89.775147273999949, 14.032235687000025 ], [ -89.775738661999981, 14.032478335000064 ], [ -89.776235825999947, 14.032886768000026 ], [ -89.776895110999988, 14.033151763000035 ], [ -89.777807811999935, 14.033275667000055 ], [ -89.778321525999957, 14.033327661000044 ], [ -89.778934017999973, 14.033715051000058 ], [ -89.779480756999988, 14.034671540000033 ], [ -89.780408479999949, 14.035375767000062 ], [ -89.781009475999952, 14.03571785400004 ], [ -89.781905951999988, 14.036176742000066 ], [ -89.782429529999945, 14.036350755000058 ], [ -89.783031919999985, 14.036593535000065 ], [ -89.784148946999949, 14.036864606000051 ], [ -89.78468381, 14.037017320000075 ], [ -89.785205994999956, 14.037291758000038 ], [ -89.785829632999935, 14.037669126000026 ], [ -89.786586372999977, 14.038325917000066 ], [ -89.787229598999943, 14.038915731000031 ], [ -89.787612174999936, 14.039377928000022 ], [ -89.788823774999969, 14.041035118000025 ], [ -89.78943344399994, 14.042415681000023 ], [ -89.789721480999958, 14.043067366000059 ], [ -89.789840172999959, 14.043592644000057 ], [ -89.789897782999958, 14.044353007000041 ], [ -89.78993612499994, 14.044878348000054 ], [ -89.789983226999937, 14.045604709000031 ], [ -89.790478082999982, 14.046224152000036 ], [ -89.791068319999965, 14.046511905000045 ], [ -89.792280710999989, 14.047286476000068 ], [ -89.792869990999975, 14.047684822000065 ], [ -89.793660025999941, 14.047573414000055 ], [ -89.794339488999981, 14.047224641000071 ], [ -89.795113890999971, 14.047447110000064 ], [ -89.79551965099995, 14.047865590000072 ], [ -89.795982787999947, 14.048273540000025 ], [ -89.796877916999961, 14.048876840000048 ], [ -89.797487112999988, 14.049465061000035 ], [ -89.798230185999955, 14.050278530000071 ], [ -89.798769162999974, 14.05101141800003 ], [ -89.799159814999939, 14.051685902000031 ], [ -89.799577601999943, 14.052071805000026 ], [ -89.80011564099999, 14.051999928000043 ], [ -89.800589805999948, 14.051615688000027 ], [ -89.801196448999974, 14.051557132000028 ], [ -89.801777149999964, 14.051743157000033 ], [ -89.802501261999964, 14.052300156000058 ], [ -89.803113588999963, 14.05266492800007 ], [ -89.803623961999961, 14.052961756000059 ], [ -89.804329462999988, 14.053194575000077 ], [ -89.805040787999985, 14.053840567000066 ], [ -89.805170136999948, 14.054433710000069 ], [ -89.805237191999936, 14.055349960000058 ], [ -89.806149872999981, 14.055942179000056 ], [ -89.804734802999974, 14.060387400000025 ], [ -89.801720192999937, 14.064030353000021 ], [ -89.801152637999962, 14.065556706000052 ], [ -89.801029462999963, 14.068508830000042 ], [ -89.798980695999944, 14.071531336000078 ], [ -89.796450927999956, 14.072558699000069 ], [ -89.793956560999959, 14.072705008000071 ], [ -89.78630164599997, 14.071623429000056 ], [ -89.784424210999987, 14.073501330000056 ], [ -89.783870391999983, 14.080518738000023 ], [ -89.78341293599999, 14.08114807100003 ], [ -89.782153582999968, 14.090273407000041 ], [ -89.78075798499998, 14.096034619000022 ], [ -89.77908451899998, 14.099630710000042 ], [ -89.775688522999985, 14.105159664000041 ], [ -89.774234679999907, 14.106778978000023 ], [ -89.774215680999987, 14.107594739000035 ], [ -89.773658934999958, 14.108205775000044 ], [ -89.773113961999968, 14.118201685000031 ], [ -89.772716024999966, 14.118578958000057 ], [ -89.772312006999982, 14.119264265000027 ], [ -89.77172143599995, 14.119523826000034 ], [ -89.768712408999988, 14.119105304000072 ], [ -89.764274979999982, 14.119231845000058 ], [ -89.762028073999943, 14.117833684000061 ], [ -89.760544872999958, 14.117755015000057 ], [ -89.749453376999952, 14.114493695000021 ], [ -89.746772757999963, 14.114902124000025 ], [ -89.744548693999945, 14.117320005000067 ], [ -89.744391800999949, 14.118350568000039 ], [ -89.743337113999985, 14.119611623000026 ], [ -89.741416885999968, 14.123751331000051 ], [ -89.740619134999974, 14.12450797300005 ], [ -89.739690953999968, 14.127032510000049 ], [ -89.737733512999966, 14.129310572000065 ], [ -89.733580882999945, 14.129530657000032 ], [ -89.722570516999951, 14.128243077000036 ], [ -89.71967297599997, 14.128606442000034 ] ] ] ] } },
{ "type": "Feature", "properties": { "Codigo": 1014, "datos_finales_color_pelyexp": "ffaa00" }, "geometry": { "type": "MultiPolygon", "coordinates": [ [ [ [ -91.172247252999966, 14.559981650000054 ], [ -91.163958011999966, 14.554208428000038 ], [ -91.161226461999945, 14.553110390000029 ], [ -91.157348413999955, 14.552788427000053 ], [ -91.156047744999967, 14.552293550000059 ], [ -91.152957974999936, 14.549999655000022 ], [ -91.151009897999984, 14.549120069000026 ], [ -91.14851456699995, 14.548918467000021 ], [ -91.146072791999984, 14.548762448000048 ], [ -91.142397461999963, 14.549039453000034 ], [ -91.139895354999965, 14.548126011000022 ], [ -91.137920820999966, 14.547990568000046 ], [ -91.137105561999988, 14.547776221000049 ], [ -91.136284139999987, 14.547743701000059 ], [ -91.135424028999978, 14.547622755000077 ], [ -91.134747471999958, 14.547464858000069 ], [ -91.134214779999979, 14.547162380000032 ], [ -91.133767926999951, 14.546789416000024 ], [ -91.133103618999939, 14.545933480000031 ], [ -91.132787763999943, 14.545498295000073 ], [ -91.132310038999947, 14.544866390000038 ], [ -91.13194285899999, 14.544329125000047 ], [ -91.131588251999972, 14.54388233700007 ], [ -91.131136854999966, 14.543223527000066 ], [ -91.130842261999987, 14.54260550500004 ], [ -91.130637905999947, 14.542083097000045 ], [ -91.130415659999983, 14.541343648000066 ], [ -91.130231549999962, 14.540758140000037 ], [ -91.130068011999981, 14.540071124000065 ], [ -91.129936258999976, 14.539465699000061 ], [ -91.129824533999965, 14.538754246000053 ], [ -91.129720470999985, 14.537959258000058 ], [ -91.129621332999989, 14.536579140000072 ], [ -91.129576145999977, 14.535747343000025 ], [ -91.129551970999955, 14.534692040000039 ], [ -91.129497135999941, 14.533490762000042 ], [ -91.129481841999961, 14.532207338000035 ], [ -91.129496552999967, 14.531216735000044 ], [ -91.12947060099998, 14.530441574000065 ], [ -91.129377157999954, 14.529900845000043 ], [ -91.129220174999944, 14.52919354900007 ], [ -91.129108128999974, 14.528589411000041 ], [ -91.129066382999952, 14.528106709000042 ], [ -91.129117639999947, 14.527458689000071 ], [ -91.129286224999987, 14.526786750000042 ], [ -91.129402254999945, 14.526158450000025 ], [ -91.129265610999937, 14.52537675700006 ], [ -91.128722210999968, 14.524838087000035 ], [ -91.128189568999971, 14.524605643000029 ], [ -91.127402256999972, 14.524389237000037 ], [ -91.126556013999959, 14.52414750500003 ], [ -91.125868180999987, 14.523754530000076 ], [ -91.125350825999988, 14.523222840000074 ], [ -91.124991657999942, 14.522565890000067 ], [ -91.124894597999969, 14.521698658000048 ], [ -91.124899070999959, 14.521167751000064 ], [ -91.124993892999953, 14.519960894000064 ], [ -91.12501846899994, 14.519383829000049 ], [ -91.124941435999972, 14.518410571000061 ], [ -91.124800156999981, 14.517424370000072 ], [ -91.124771761999966, 14.516871735000052 ], [ -91.124660426999981, 14.516185137000036 ], [ -91.124106436999966, 14.515393328000073 ], [ -91.123645305999958, 14.515141113000027 ], [ -91.122916574999977, 14.514926294000077 ], [ -91.122421311999972, 14.514940404000072 ], [ -91.122414945999935, 14.51432016800004 ], [ -91.12280021, 14.51359913400006 ], [ -91.123055832999967, 14.512987770000052 ], [ -91.123210514999982, 14.512176776000047 ], [ -91.123338679999961, 14.511416406000023 ], [ -91.123679693999975, 14.51050975000004 ], [ -91.123792400999946, 14.509794443000033 ], [ -91.123808776999965, 14.508745113000032 ], [ -91.123774874999981, 14.508227452000028 ], [ -91.123666791999938, 14.50756799100003 ], [ -91.123399150999944, 14.506923071000074 ], [ -91.123017008999966, 14.506381164000061 ], [ -91.122385434999956, 14.505717516000061 ], [ -91.122071619999986, 14.505117410000025 ], [ -91.12191693599999, 14.50455359800003 ], [ -91.121817691999979, 14.503740574000062 ], [ -91.121701822999967, 14.503111551000075 ], [ -91.121434448999935, 14.502436131000024 ], [ -91.12107524299995, 14.501857125000072 ], [ -91.12097337299997, 14.500393392000035 ], [ -91.120909784999981, 14.499890180000023 ], [ -91.120830665999961, 14.499372160000064 ], [ -91.120707372999959, 14.498661743000071 ], [ -91.120507039999893, 14.498149529000045 ], [ -91.120193130999951, 14.497630758000071 ], [ -91.119485397999938, 14.496995868000056 ], [ -91.119044030999987, 14.496261439000023 ], [ -91.119021911999937, 14.495241173000068 ], [ -91.119125512999972, 14.494643279000059 ], [ -91.119232903999944, 14.493664719000037 ], [ -91.119251297999938, 14.492996102000063 ], [ -91.119382875999975, 14.492242539000074 ], [ -91.119814515999963, 14.491448450000064 ], [ -91.119926208999971, 14.490783968000073 ], [ -91.11985649799999, 14.490044608000062 ], [ -91.11963486799999, 14.489377459000025 ], [ -91.119565157999943, 14.48863809900007 ], [ -91.119603405999953, 14.487677058000031 ], [ -91.119775457999935, 14.487072934000025 ], [ -91.120160547999944, 14.486366583000063 ], [ -91.120666376999964, 14.485778683000035 ], [ -91.12106416499995, 14.485353720000035 ], [ -91.121295714999974, 14.48491161100003 ], [ -91.121361974999957, 14.484202708000055 ], [ -91.121323473999951, 14.483404854000071 ], [ -91.121297686999981, 14.48288726100003 ], [ -91.121410367999943, 14.48210417100006 ], [ -91.12178049299996, 14.481383009000069 ], [ -91.122317188999943, 14.480707236000057 ], [ -91.122745230999953, 14.480267825000055 ], [ -91.123403278999945, 14.479637073000049 ], [ -91.123876985999971, 14.479212709000024 ], [ -91.124322294999956, 14.478580259000069 ], [ -91.124555975999954, 14.477813944000047 ], [ -91.124591535999969, 14.477238096000065 ], [ -91.124567401999968, 14.476453911000021 ], [ -91.124423190999948, 14.475610028000062 ], [ -91.124156133999975, 14.474898465000024 ], [ -91.123875781999971, 14.473906636000038 ], [ -91.123882121999941, 14.473152066000068 ], [ -91.12391817799994, 14.472517479000032 ], [ -91.12404627799998, 14.47169045000004 ], [ -91.12418927899995, 14.470952785000065 ], [ -91.124574947999974, 14.470171868000023 ], [ -91.124805760999948, 14.469745562000071 ], [ -91.125221024999973, 14.469098181000049 ], [ -91.125726834999966, 14.468436835000034 ], [ -91.126095054999951, 14.467938193000066 ], [ -91.126539835999949, 14.467364473000032 ], [ -91.126834970999937, 14.466525215000047 ], [ -91.126930062999975, 14.466037954000058 ], [ -91.126934399999982, 14.465520599000058 ], [ -91.126941587999966, 14.464663232000078 ], [ -91.127009143999942, 14.463865091000059 ], [ -91.127136554999936, 14.463187171000072 ], [ -91.12727685499999, 14.462700269000038 ], [ -91.12760332199997, 14.461786701000051 ], [ -91.127914268999973, 14.460857191000059 ], [ -91.12810060299995, 14.460341283000048 ], [ -91.128287671999942, 14.459737265000058 ], [ -91.128444608999985, 14.459131877000061 ], [ -91.117528066999967, 14.457000131000029 ], [ -91.115592399999969, 14.457166522000023 ], [ -91.108420800999966, 14.456241430000034 ], [ -91.105927418999954, 14.455463380000026 ], [ -91.101596722999943, 14.453240352000023 ], [ -91.09554722699994, 14.453845575000059 ], [ -91.094958442999939, 14.452607230000069 ], [ -91.09484022099997, 14.452128428000037 ], [ -91.094744099999957, 14.451640769000051 ], [ -91.094603640999935, 14.451118861000054 ], [ -91.09424295499997, 14.450389572000063 ], [ -91.093702838999945, 14.44976728000006 ], [ -91.093364924999946, 14.448951192000038 ], [ -91.093448345999946, 14.448344115000054 ], [ -91.093801228999951, 14.447403707000035 ], [ -91.094219373999977, 14.446626498000057 ], [ -91.094295260999957, 14.445542640000042 ], [ -91.09417721599999, 14.445043508000026 ], [ -91.094150623999951, 14.444218643000056 ], [ -91.094200051999962, 14.443655344000035 ], [ -91.094260123999959, 14.443135059000042 ], [ -91.094366012999956, 14.442475065000053 ], [ -91.094515766999962, 14.441836891000037 ], [ -91.094690987999968, 14.440862283000058 ], [ -91.094889732999945, 14.439779419000047 ], [ -91.095018016999973, 14.439075550000041 ], [ -91.095125197999948, 14.438263062000033 ], [ -91.09516367399999, 14.437623988000041 ], [ -91.095260946999986, 14.436681509000039 ], [ -91.095477188999951, 14.436129723000022 ], [ -91.09608284699999, 14.435516693000068 ], [ -91.09656486199998, 14.435130853000032 ], [ -91.096980672999962, 14.434623603000034 ], [ -91.097163466999973, 14.434051211000053 ], [ -91.097359680999944, 14.433195383000054 ], [ -91.097556278999946, 14.432362151000063 ], [ -91.097784249999961, 14.431724604000067 ], [ -91.097977685999979, 14.431195223000032 ], [ -91.098128928999984, 14.430447479000065 ], [ -91.09815619699998, 14.429829776000076 ], [ -91.097940189999974, 14.429058733000033 ], [ -91.097367534999989, 14.428381967000064 ], [ -91.097315958999957, 14.427903705000062 ], [ -91.097210858999972, 14.427176486000064 ], [ -91.097127598999975, 14.426470906000077 ], [ -91.097056381999948, 14.425712332000046 ], [ -91.09709828199999, 14.424736642000028 ], [ -91.097516092999967, 14.423991048000062 ], [ -91.097842189999938, 14.423603945000025 ], [ -91.09837171199996, 14.422806154000057 ], [ -91.098655491999978, 14.422146460000022 ], [ -91.099006823999957, 14.421379989000059 ], [ -91.099211348999972, 14.420839400000034 ], [ -91.099428758999977, 14.420146411000076 ], [ -91.099646434999954, 14.419421791000048 ], [ -91.100033252999935, 14.41843306100003 ], [ -91.100292764999949, 14.417968600000052 ], [ -91.100821344999986, 14.417279242000063 ], [ -91.101370964999944, 14.416774184000076 ], [ -91.101872817999947, 14.416365894000023 ], [ -91.102637424999955, 14.415656965000039 ], [ -91.103030328999978, 14.415247794000038 ], [ -91.103512935999959, 14.414785121000023 ], [ -91.104027000999963, 14.414507964000052 ], [ -91.104805253999984, 14.414514213000075 ], [ -91.105593721999981, 14.414683214000036 ], [ -91.106276547999983, 14.414254902000039 ], [ -91.10658105899995, 14.413812256000028 ], [ -91.107020465999938, 14.413110868000047 ], [ -91.107671226999969, 14.412498155000037 ], [ -91.108131119999939, 14.412046586000031 ], [ -91.108623309999984, 14.411682257000052 ], [ -91.109305272999961, 14.411285557000042 ], [ -91.10975296099997, 14.410975093000047 ], [ -91.110402698999962, 14.410482112000068 ], [ -91.111367001999952, 14.409589479000033 ], [ -91.111950614999955, 14.408964920000074 ], [ -91.11241619399999, 14.408524681000074 ], [ -91.113083427999982, 14.407879323000031 ], [ -91.113497360999986, 14.407584397000051 ], [ -91.114227725999967, 14.407356389000029 ], [ -91.114997615999982, 14.407114006000029 ], [ -91.115557827999965, 14.406651922000037 ], [ -91.115839711999968, 14.406209081000043 ], [ -91.116004938999936, 14.405717862000074 ], [ -91.116088858999944, 14.405040727000028 ], [ -91.116293666999979, 14.403838129000064 ], [ -91.11644473199999, 14.403031619000046 ], [ -91.117181678999941, 14.40270762800003 ], [ -91.117916860999969, 14.402593742000022 ], [ -91.118399539999984, 14.402115216000027 ], [ -91.118483096999967, 14.401410964000036 ], [ -91.118560984999988, 14.400760892000051 ], [ -91.118688608999946, 14.400122511000063 ], [ -91.118920290999938, 14.399652153000034 ], [ -91.119420125999966, 14.399130833000072 ], [ -91.120209440999986, 14.398502234000034 ], [ -91.120699363999961, 14.397779750000041 ], [ -91.120920387999945, 14.397266377000051 ], [ -91.121230505999961, 14.396770655000068 ], [ -91.121684945999959, 14.396340470000041 ], [ -91.122076829999969, 14.396045350000065 ], [ -91.122774853999942, 14.395660027000076 ], [ -91.122987290999959, 14.394925166000064 ], [ -91.122879985999987, 14.394452107000063 ], [ -91.122417766999945, 14.393803392000052 ], [ -91.121994546999986, 14.393203558000039 ], [ -91.121754332999956, 14.392686519000051 ], [ -91.12181203199998, 14.391745955000033 ], [ -91.122067645999948, 14.391114237000068 ], [ -91.12230079599999, 14.390535435000061 ], [ -91.122707027999979, 14.389839390000077 ], [ -91.123321397999973, 14.389546032000055 ], [ -91.124105500999974, 14.389536441000075 ], [ -91.124829440999974, 14.389445029000058 ], [ -91.12540082199996, 14.38895589200007 ], [ -91.125584728999968, 14.388235484000063 ], [ -91.125979746999974, 14.387561938000033 ], [ -91.126688648999959, 14.387258022000026 ], [ -91.127343813999971, 14.386726613000064 ], [ -91.127787403999946, 14.386203692000038 ], [ -91.128086658999962, 14.385686410000062 ], [ -91.128181224999935, 14.385046628000055 ], [ -91.128298382999958, 14.384338116000038 ], [ -91.128577621999966, 14.383510009000076 ], [ -91.128917140999988, 14.382819071000029 ], [ -91.129304003999948, 14.382426743000053 ], [ -91.129962876999969, 14.382143883000026 ], [ -91.131171278999943, 14.381974941000067 ], [ -91.131882929999961, 14.381964749000076 ], [ -91.132405155999948, 14.382017447000067 ], [ -91.133142366999948, 14.382348617000048 ], [ -91.133777856999984, 14.382857470000033 ], [ -91.134608579999963, 14.382604195000056 ], [ -91.13498389099999, 14.382276157000035 ], [ -91.135354743999983, 14.381856577000065 ], [ -91.135692001999985, 14.381365564000077 ], [ -91.135879815999942, 14.380867723000051 ], [ -91.13616426599998, 14.380106296000065 ], [ -91.136472631999936, 14.379115730000024 ], [ -91.136506770999972, 14.378352331000031 ], [ -91.136500396999963, 14.377793087000043 ], [ -91.136533863999944, 14.37711101900004 ], [ -91.136505151999984, 14.376590007000061 ], [ -91.136368026999946, 14.375656936000041 ], [ -91.136245734999989, 14.374961217000077 ], [ -91.136062059999972, 14.374331664000067 ], [ -91.135844177999957, 14.373774141000069 ], [ -91.135536331999958, 14.373305156000072 ], [ -91.134964390999983, 14.372541500000068 ], [ -91.134232374999954, 14.372286072000065 ], [ -91.133584318999965, 14.37266618600006 ], [ -91.132974900999955, 14.373068067000077 ], [ -91.132217043999958, 14.373203296000042 ], [ -91.131495230999974, 14.37304509300003 ], [ -91.131038719999935, 14.372477777000029 ], [ -91.130962065999938, 14.371661538000069 ], [ -91.131084057999942, 14.370995988000061 ], [ -91.131380293999939, 14.370140897000056 ], [ -91.131612529999984, 14.369666004000067 ], [ -91.131877562999989, 14.36921847900004 ], [ -91.132271812999988, 14.36863076700007 ], [ -91.13262670599994, 14.368107131000045 ], [ -91.133419955999955, 14.366985959000033 ], [ -91.134117682999943, 14.365993948000039 ], [ -91.134333293999987, 14.365496325000038 ], [ -91.134188715999983, 14.364834318000021 ], [ -91.133463192999955, 14.364427564000039 ], [ -91.132953597999972, 14.364184053000031 ], [ -91.132499969999969, 14.363899185000037 ], [ -91.132057264999958, 14.363624568000034 ], [ -91.131682310999963, 14.363284965000048 ], [ -91.131363206999936, 14.362848647000021 ], [ -91.131112471999984, 14.362272791000066 ], [ -91.130972310999937, 14.361707970000055 ], [ -91.130912530999979, 14.360882830000037 ], [ -91.130861321999987, 14.360351473000037 ], [ -91.130376988999956, 14.359718416000021 ], [ -91.129782395999939, 14.359665148000033 ], [ -91.129097723999962, 14.359784005000051 ], [ -91.12839530399998, 14.359946781000076 ], [ -91.127794817999984, 14.359974795000028 ], [ -91.127228047999949, 14.359850570000049 ], [ -91.126768504999973, 14.359651500000041 ], [ -91.126112430999967, 14.358979798000064 ], [ -91.125651843999947, 14.358141322000051 ], [ -91.12544745799994, 14.357359095000049 ], [ -91.125413655999978, 14.356686664000051 ], [ -91.12553085199994, 14.355971375000024 ], [ -91.125809946999937, 14.355225731000075 ], [ -91.126155533999963, 14.354426390000071 ], [ -91.126288400999954, 14.353846784000041 ], [ -91.126365731999954, 14.353256571000031 ], [ -91.126365256999975, 14.352617168000052 ], [ -91.126293216999954, 14.351944437000043 ], [ -91.126154019999944, 14.351265526000077 ], [ -91.126125461999948, 14.350728700000047 ], [ -91.126382947999957, 14.349863141000071 ], [ -91.126788352999938, 14.349254057000053 ], [ -91.127248660999953, 14.348731260000022 ], [ -91.127832008999974, 14.348112283000034 ], [ -91.128533278999953, 14.34738578300005 ], [ -91.128893343999948, 14.346863322000047 ], [ -91.129017842999986, 14.345963945000051 ], [ -91.128674689999968, 14.345077825000033 ], [ -91.128256203999968, 14.344542439000065 ], [ -91.12808083499999, 14.343614713000022 ], [ -91.128174018999971, 14.343067553000026 ], [ -91.128384128999983, 14.342532611000024 ], [ -91.128610814999945, 14.342024912000056 ], [ -91.128882646999955, 14.341452048000065 ], [ -91.129302411999959, 14.340436382000064 ], [ -91.129365316999952, 14.339557981000041 ], [ -91.129301710999982, 14.338565617000029 ], [ -91.129111350999949, 14.337977808000062 ], [ -91.128340416999947, 14.337260026000024 ], [ -91.127798796999969, 14.336834378000049 ], [ -91.127244979999944, 14.336273074000076 ], [ -91.126516298999945, 14.335352274000059 ], [ -91.126395495999986, 14.334621546000051 ], [ -91.126412659999971, 14.334089600000027 ], [ -91.126468365999983, 14.33352067800007 ], [ -91.126586594999935, 14.333026809000046 ], [ -91.126730104999979, 14.332557993000023 ], [ -91.126950531999967, 14.33196552000004 ], [ -91.127184176999947, 14.331385576000059 ], [ -91.127416004999986, 14.330954736000024 ], [ -91.12776256899997, 14.330450241000051 ], [ -91.128329203999954, 14.329465105000054 ], [ -91.128741019999893, 14.32877585500006 ], [ -91.129114610999977, 14.328085173000034 ], [ -91.129529698999988, 14.32700055600003 ], [ -91.129587752999953, 14.326146969000035 ], [ -91.129604699999959, 14.325639873000057 ], [ -91.129634737999936, 14.32502104200006 ], [ -91.129664324999965, 14.324526472000059 ], [ -91.129745299999968, 14.323982600000022 ], [ -91.130093998999939, 14.323218288000078 ], [ -91.130632139999989, 14.322592160000056 ], [ -91.131487646999972, 14.321906395000042 ], [ -91.132214316999978, 14.321528019000027 ], [ -91.132875830999978, 14.32132309900004 ], [ -91.133409364999977, 14.321252733000051 ], [ -91.134145628999988, 14.32118508800005 ], [ -91.134980687999985, 14.321500055000058 ], [ -91.13571634699997, 14.321505831000025 ], [ -91.136342864999961, 14.320978664000052 ], [ -91.137018783999963, 14.32050158900006 ], [ -91.137383110999963, 14.320999252000036 ], [ -91.137224734999961, 14.321728920000055 ], [ -91.137193328999956, 14.322446028000059 ], [ -91.137697296999988, 14.322870226000077 ], [ -91.138408460999983, 14.322826096000028 ], [ -91.139032962999977, 14.322472879000031 ], [ -91.139419152999949, 14.321794702000034 ], [ -91.139488987999982, 14.321053040000038 ], [ -91.139315334999935, 14.320544447000032 ], [ -91.139027158999966, 14.320084664000035 ], [ -91.138600308999969, 14.319511953000074 ], [ -91.138491491999957, 14.318868305000024 ], [ -91.138649654999938, 14.318163487000049 ], [ -91.138958316999947, 14.317683527000042 ], [ -91.139634493999949, 14.317243725000026 ], [ -91.14057580299999, 14.316966412000056 ], [ -91.14132480699999, 14.31689771300006 ], [ -91.141951217999974, 14.316309525000065 ], [ -91.14165305099999, 14.315515276000042 ], [ -91.141301533999979, 14.315079853000043 ], [ -91.140712315999963, 14.31424604800003 ], [ -91.14066775799995, 14.313466210000058 ], [ -91.140890569999954, 14.312576623000041 ], [ -91.141378258999964, 14.311950069000034 ], [ -91.142117549999966, 14.311510751000071 ], [ -91.142817368999943, 14.311292543000036 ], [ -91.143566446999955, 14.311212538000063 ], [ -91.144266356999935, 14.310983028000066 ], [ -91.144931290999978, 14.310356720000073 ], [ -91.14533047599997, 14.309642478000058 ], [ -91.14541103, 14.309073739000041 ], [ -91.145172856999977, 14.307179637000047 ], [ -91.145120991999988, 14.305805520000035 ], [ -91.145180118999974, 14.304741806000038 ], [ -91.145325799999966, 14.304000733000066 ], [ -91.145456707999983, 14.303506946000027 ], [ -91.145689690999973, 14.302926968000065 ], [ -91.145947716999956, 14.302471453000067 ], [ -91.146218211999951, 14.301978754000061 ], [ -91.146500664999962, 14.301511001000051 ], [ -91.146963746999972, 14.300772398000049 ], [ -91.14703306399997, 14.300018301000023 ], [ -91.146822680999946, 14.299396457000057 ], [ -91.14648422199997, 14.298923864000074 ], [ -91.145892409999988, 14.298337455000024 ], [ -91.145591671999966, 14.297927289000029 ], [ -91.14536654799997, 14.297479304000035 ], [ -91.14510457199998, 14.296933875000036 ], [ -91.144871036999973, 14.296028296000031 ], [ -91.144825313999945, 14.295458570000051 ], [ -91.144818762999989, 14.294703880000043 ], [ -91.144810077999978, 14.294209005000027 ], [ -91.144816265999964, 14.293454416000031 ], [ -91.144812092999985, 14.29240941300003 ], [ -91.144773395999948, 14.290912260000027 ], [ -91.144770498999947, 14.289711368000042 ], [ -91.144813383999974, 14.289143462000027 ], [ -91.145048274999965, 14.288328523000075 ], [ -91.145420513999966, 14.287786908000044 ], [ -91.145816513999989, 14.287455602000023 ], [ -91.146212408999986, 14.28713672400005 ], [ -91.147207278999986, 14.286526523000077 ], [ -91.148405268999966, 14.285867064000058 ], [ -91.149041685999975, 14.285599756000067 ], [ -91.149866122999981, 14.285643446000051 ], [ -91.150268282999946, 14.286116528000036 ], [ -91.150618359999953, 14.286725897000053 ], [ -91.150967838999975, 14.287408696000057 ], [ -91.151230615999964, 14.287856969000075 ], [ -91.151976567999952, 14.288220878000061 ], [ -91.152612484999963, 14.288015691000055 ], [ -91.153033352999955, 14.287759125000036 ], [ -91.153429038999946, 14.287465083000029 ], [ -91.154080218999979, 14.286950473000047 ], [ -91.154412690999948, 14.28659493400005 ], [ -91.154695491999973, 14.286150894000059 ], [ -91.154828481999971, 14.285397282000076 ], [ -91.154833113999985, 14.28482907700004 ], [ -91.154688258999954, 14.283911762000059 ], [ -91.154514283999958, 14.283440456000051 ], [ -91.154507462999959, 14.282785175000072 ], [ -91.154786381999941, 14.281253199000048 ], [ -91.154804397999953, 14.280534845000034 ], [ -91.154811043999985, 14.279719250000028 ], [ -91.154714228999978, 14.279161554000041 ], [ -91.15447854699994, 14.278515797000068 ], [ -91.154216470999984, 14.277981674000046 ], [ -91.153815823999935, 14.277323340000066 ], [ -91.153440063999938, 14.276738627000043 ], [ -91.153139058999955, 14.276291190000052 ], [ -91.152675493999936, 14.275607513000068 ], [ -91.152286898999989, 14.275035129000059 ], [ -91.151875041999972, 14.274190303000069 ], [ -91.151740213999972, 14.273607459000061 ], [ -91.151656646999982, 14.272988863000023 ], [ -91.151715683999953, 14.271999699000048 ], [ -91.152005349999968, 14.270640654000033 ], [ -91.152507065999941, 14.269840195000029 ], [ -91.152904329999956, 14.269348464000075 ], [ -91.153365323999935, 14.268782667000039 ], [ -91.153814145999945, 14.26821790200006 ], [ -91.154135261999954, 14.267688300000032 ], [ -91.154331240999966, 14.26702103100007 ], [ -91.154423976999965, 14.266514511000025 ], [ -91.154456806999974, 14.265612130000022 ], [ -91.15448954499999, 14.264721046000034 ], [ -91.154493976999959, 14.264176561000056 ], [ -91.154575375999968, 14.26349710900007 ], [ -91.154746363999948, 14.262768642000026 ], [ -91.154941728999972, 14.262175930000069 ], [ -91.155009777999965, 14.261570932000041 ], [ -91.15497709899995, 14.260889466000037 ], [ -91.154730690999941, 14.259997351000038 ], [ -91.154280200999949, 14.259275370000069 ], [ -91.153554327999984, 14.258020294000062 ], [ -91.153066119999949, 14.257237015000044 ], [ -91.152778588999979, 14.256702696000048 ], [ -91.152592367999944, 14.256243722000022 ], [ -91.152432966999982, 14.255549978000033 ], [ -91.152285300999949, 14.25497946400003 ], [ -91.152176960999952, 14.254273688000069 ], [ -91.152093300999979, 14.253666386000077 ], [ -91.151694009999972, 14.252846517000023 ], [ -91.151205717999972, 14.252075662000038 ], [ -91.150818565999941, 14.251330444000075 ], [ -91.150632676999976, 14.250760760000048 ], [ -91.150561760999949, 14.250153559000069 ], [ -91.150541223999937, 14.249546747000068 ], [ -91.150585490999958, 14.248804876000065 ], [ -91.150755893999985, 14.248076407000042 ], [ -91.151079678999963, 14.247286992000056 ], [ -91.151324299999942, 14.246831357000076 ], [ -91.151645256999984, 14.246388739000054 ], [ -91.152029137999989, 14.245970330000034 ], [ -91.152450920999968, 14.245590626000023 ], [ -91.153063448999944, 14.24511298300007 ], [ -91.15375050099999, 14.244870893000041 ], [ -91.154578739999977, 14.244357634000039 ], [ -91.154813503999947, 14.243617233000066 ], [ -91.154831576999982, 14.242961011000034 ], [ -91.154353741999955, 14.242400369000052 ], [ -91.153683460999957, 14.242147781000028 ], [ -91.153142485999979, 14.241661211000064 ], [ -91.152970244999949, 14.240979794000054 ], [ -91.152999848999968, 14.240472784000076 ], [ -91.153055060999975, 14.239878984000029 ], [ -91.153320755999971, 14.238396603000069 ], [ -91.153478673999984, 14.237705314000038 ], [ -91.153523630999985, 14.236876457000051 ], [ -91.153543816999957, 14.235960418000047 ], [ -91.153625197999986, 14.235280963000037 ], [ -91.154074548999972, 14.23464163400007 ], [ -91.154711114999941, 14.234337013000072 ], [ -91.155206626999984, 14.234216575000062 ], [ -91.15581667899994, 14.234110574000056 ], [ -91.15673254, 14.233783252000023 ], [ -91.157306505999941, 14.233342576000041 ], [ -91.157741500999975, 14.232900826000048 ], [ -91.158023812999943, 14.232506474000047 ], [ -91.158268702999976, 14.232013549000044 ], [ -91.158399823999957, 14.231482465000056 ], [ -91.158544286999984, 14.230876926000064 ], [ -91.158790171999954, 14.230260869000062 ], [ -91.159265275999985, 14.229584445000057 ], [ -91.159839728999941, 14.229081630000053 ], [ -91.160349968999981, 14.228713883000069 ], [ -91.160847743999966, 14.228383320000034 ], [ -91.161357769999938, 14.228041555000061 ], [ -91.161855064999941, 14.227698559000032 ], [ -91.162351755999964, 14.227430121000054 ], [ -91.16288706399996, 14.227112269000031 ], [ -91.163426207999976, 14.226749255000072 ], [ -91.164009308999937, 14.226321056000074 ], [ -91.164708866999945, 14.225955885000076 ], [ -91.165257859999898, 14.225878763000026 ], [ -91.165942348999977, 14.226017323000065 ], [ -91.166295371999979, 14.226688826000043 ], [ -91.16637609299994, 14.227162797000062 ], [ -91.166613561999952, 14.227730605000033 ], [ -91.167319646999943, 14.227848995000045 ], [ -91.168050638999944, 14.22746371900007 ], [ -91.168918195999936, 14.227089655000043 ], [ -91.169658530999982, 14.226837753000041 ], [ -91.170271310999965, 14.226749810000058 ], [ -91.170852833999959, 14.226300117000051 ], [ -91.171098645999962, 14.225400482000055 ], [ -91.171093694999968, 14.224432274000037 ], [ -91.170947392999949, 14.223903578000034 ], [ -91.170500692999951, 14.223214417000065 ], [ -91.17011417599997, 14.22281831500004 ], [ -91.169578791999982, 14.222140904000071 ], [ -91.169197886999939, 14.221120112000051 ], [ -91.169103059999941, 14.220383937000065 ], [ -91.16902136899995, 14.219598157000064 ], [ -91.168889886999978, 14.218739695000068 ], [ -91.168798113999969, 14.217696260000025 ], [ -91.168777810999984, 14.217053296000074 ], [ -91.16868554499996, 14.216070863000027 ], [ -91.168691563999971, 14.215323036000029 ], [ -91.168762576999939, 14.214269553000065 ], [ -91.169044664999944, 14.213609698000027 ], [ -91.169664868999973, 14.213025863000041 ], [ -91.170044945999962, 14.212636760000066 ], [ -91.170375528999955, 14.212209994000034 ], [ -91.170705330999965, 14.211808079000036 ], [ -91.171048849999977, 14.211284255000066 ], [ -91.171316906999948, 14.210783581000044 ], [ -91.17185047199996, 14.210027357000058 ], [ -91.172179976999985, 14.209661588000074 ], [ -91.172887470999967, 14.209237698000038 ], [ -91.173779976999981, 14.209208364000062 ], [ -91.174469026999986, 14.209494925000058 ], [ -91.174929424999959, 14.210063298000023 ], [ -91.175427866999939, 14.210581126000022 ], [ -91.17617983699995, 14.210820715000068 ], [ -91.176669272999959, 14.210873023000033 ], [ -91.177247096999963, 14.210950861000072 ], [ -91.177925275999939, 14.21100573700005 ], [ -91.178930800999979, 14.21096368700006 ], [ -91.179434838999953, 14.210783379000077 ], [ -91.180118411999956, 14.210163844000022 ], [ -91.18040173299994, 14.209344688000044 ], [ -91.180408694999983, 14.208473724000044 ], [ -91.180263847999981, 14.207688592000068 ], [ -91.179968861999953, 14.206852610000055 ], [ -91.179760807999969, 14.206151729000055 ], [ -91.179615168999987, 14.205538309000076 ], [ -91.179536374999941, 14.204385389000038 ], [ -91.179382812999961, 14.20316976600003 ], [ -91.17926227199996, 14.202531684000064 ], [ -91.179091556999936, 14.201868365000053 ], [ -91.178932505999967, 14.201339572000052 ], [ -91.188858373999949, 14.20250283200005 ], [ -91.189778969999963, 14.203015916000027 ], [ -91.197198541999967, 14.204023169000038 ], [ -91.200850516999935, 14.205032399000061 ], [ -91.217008180999983, 14.207531472000028 ], [ -91.218189978999987, 14.208123224000076 ], [ -91.218307348999986, 14.210290953000026 ], [ -91.217137846999947, 14.214115463000041 ], [ -91.215701971999977, 14.222659174000057 ], [ -91.214897932999975, 14.224614406000057 ], [ -91.210445306999986, 14.245514049000064 ], [ -91.209797458999958, 14.246664912000028 ], [ -91.20859772099999, 14.254708677000053 ], [ -91.206776370999989, 14.261220343000048 ], [ -91.205890958999987, 14.26683975900005 ], [ -91.205107406999957, 14.268512644000054 ], [ -91.202060083999982, 14.282264488000067 ], [ -91.201497704999952, 14.286561125000048 ], [ -91.200610392999977, 14.289686029000052 ], [ -91.200068525999939, 14.290304414000047 ], [ -91.199629201999983, 14.29361345500007 ], [ -91.234906414999955, 14.300168249000023 ], [ -91.244259052999951, 14.301397740000027 ], [ -91.244906621999974, 14.301853293000022 ], [ -91.267248692999942, 14.305581563000032 ], [ -91.267609113999981, 14.307155694000073 ], [ -91.270397885999955, 14.30813517200005 ], [ -91.271952470999963, 14.309684091000065 ], [ -91.272307470999976, 14.31098703300006 ], [ -91.27151125499995, 14.315486750000048 ], [ -91.270298363999984, 14.317502460000071 ], [ -91.270856181999989, 14.321521707000045 ], [ -91.270665817999941, 14.323683818000063 ], [ -91.268200805999982, 14.326845007000031 ], [ -91.267786390999959, 14.33169883100004 ], [ -91.266092135999941, 14.337604148000025 ], [ -91.26566300099995, 14.339915891000032 ], [ -91.263970637999989, 14.341645600000049 ], [ -91.262730970999939, 14.344324217000064 ], [ -91.260354623999945, 14.346985452000069 ], [ -91.260231123999972, 14.350148994000051 ], [ -91.25974856299996, 14.350813138000035 ], [ -91.25482085699997, 14.35243990500004 ], [ -91.253576362999979, 14.353849708000041 ], [ -91.253178399999967, 14.365189486000077 ], [ -91.249184717999981, 14.367594604000033 ], [ -91.244451978999962, 14.372323702000074 ], [ -91.244326325999964, 14.375059016000023 ], [ -91.245492026999955, 14.377384770000049 ], [ -91.245235992999937, 14.384648268000035 ], [ -91.247147843999983, 14.391987721000078 ], [ -91.247313155999962, 14.395235835000051 ], [ -91.246903198999973, 14.398458219000076 ], [ -91.24573666799995, 14.399563490000048 ], [ -91.244277376999946, 14.402902342000061 ], [ -91.243388291999963, 14.403948654000033 ], [ -91.242411850999986, 14.402902029000074 ], [ -91.225351581999973, 14.399154825000039 ], [ -91.219617408999966, 14.398107362000076 ], [ -91.211011400999951, 14.397620980000056 ], [ -91.20933015899999, 14.396031153000024 ], [ -91.206439693999982, 14.394346281000026 ], [ -91.203731232999985, 14.393096578000041 ], [ -91.202723335999963, 14.392535353000028 ], [ -91.202217690999987, 14.392430963000038 ], [ -91.20119266599994, 14.392634423000061 ], [ -91.200474585999984, 14.39322319200005 ], [ -91.200076638999974, 14.393925108000076 ], [ -91.199770660999945, 14.394648056000051 ], [ -91.199571964999961, 14.395506260000047 ], [ -91.199158988999955, 14.396419318000028 ], [ -91.198549021999952, 14.397615561000066 ], [ -91.197680847999948, 14.399284314000056 ], [ -91.197147504999975, 14.400029248000067 ], [ -91.195923492999952, 14.401047949000031 ], [ -91.193947357999946, 14.402989523000031 ], [ -91.192712270999948, 14.403940334000026 ], [ -91.192065690999982, 14.404494597000053 ], [ -91.191277046999971, 14.405561787000067 ], [ -91.190554738999936, 14.406953711000028 ], [ -91.188136050999958, 14.409717651000051 ], [ -91.187100696999948, 14.410113015000036 ], [ -91.185592074999988, 14.410839127000031 ], [ -91.18481415399998, 14.412006918000031 ], [ -91.184439185999963, 14.413009478000049 ], [ -91.18382503, 14.413776345000031 ], [ -91.183222287999968, 14.414564763000044 ], [ -91.182928218999962, 14.415523885000027 ], [ -91.182852910999941, 14.416306192000036 ], [ -91.181962928999951, 14.417137583000056 ], [ -91.180688130999954, 14.417395502000034 ], [ -91.179780391999941, 14.417556829000034 ], [ -91.178626435999945, 14.418420061000063 ], [ -91.178162405999956, 14.419108990000041 ], [ -91.177238745999944, 14.419873445000064 ], [ -91.17660246, 14.420505683000044 ], [ -91.175954892999982, 14.421170595000035 ], [ -91.175388233999968, 14.421792070000038 ], [ -91.174719923999987, 14.422156314000063 ], [ -91.173481805999984, 14.422318448000055 ], [ -91.172815240999967, 14.422539229000051 ], [ -91.172281258999988, 14.422919191000062 ], [ -91.171698687999935, 14.423713378000059 ], [ -91.171176752999941, 14.424462843000072 ], [ -91.170367983999938, 14.425063223000052 ], [ -91.169774687999961, 14.425324100000068 ], [ -91.169210457999952, 14.425645074000045 ], [ -91.168722485999979, 14.425996014000077 ], [ -91.168233788999942, 14.426435063000042 ], [ -91.167805475999955, 14.426861022000026 ], [ -91.167299680999974, 14.427477299000032 ], [ -91.166579214999956, 14.428403701000036 ], [ -91.166119316999982, 14.429005644000028 ], [ -91.16572075, 14.429549318000056 ], [ -91.165337367999939, 14.430078424000044 ], [ -91.164922295999986, 14.430725901000073 ], [ -91.164599883999983, 14.43124079200004 ], [ -91.164232044999949, 14.431711273000076 ], [ -91.163758636999944, 14.432121057000074 ], [ -91.163239927999939, 14.432471741000029 ], [ -91.162250220999965, 14.432937373000073 ], [ -91.161129438999978, 14.433413276000067 ], [ -91.161257683999963, 14.43417117100006 ], [ -91.162257384999975, 14.435171969000066 ], [ -91.164702918999978, 14.43649017000007 ], [ -91.166667389999986, 14.437669044000074 ], [ -91.173652000999937, 14.441249063000043 ], [ -91.177593291999983, 14.444251826000027 ], [ -91.180000670999959, 14.447150051000051 ], [ -91.179881188999957, 14.448227996000071 ], [ -91.178742830999965, 14.449432500000057 ], [ -91.176670323999986, 14.454161218000024 ], [ -91.175370289999989, 14.454572526000049 ], [ -91.170390417999954, 14.454441250000059 ], [ -91.169167461999962, 14.455490271000031 ], [ -91.167407950999973, 14.461674102000075 ], [ -91.166441685999985, 14.462163641000075 ], [ -91.163087103999942, 14.462097945000039 ], [ -91.162398740999947, 14.462556877000054 ], [ -91.162515940999981, 14.465222740000058 ], [ -91.163679502999969, 14.468095596000069 ], [ -91.168429797999977, 14.473565336000036 ], [ -91.169373894999978, 14.474371382000072 ], [ -91.170131390999984, 14.474534304000031 ], [ -91.170782004999978, 14.474157527000045 ], [ -91.172407852999982, 14.467666494000071 ], [ -91.17498995699998, 14.466224703000023 ], [ -91.176377594999963, 14.466097640000044 ], [ -91.177156117999971, 14.46531514000003 ], [ -91.176899032999984, 14.459665768000036 ], [ -91.17744184299994, 14.45842729900005 ], [ -91.179107478999981, 14.45746977400006 ], [ -91.182416713999942, 14.457119153000065 ], [ -91.185639957999967, 14.458578743000032 ], [ -91.189960825999947, 14.462295986000072 ], [ -91.194053727999972, 14.464256972000044 ], [ -91.197554342999979, 14.465058794000072 ], [ -91.199217266999938, 14.465945923000049 ], [ -91.20639295699999, 14.466775716000029 ], [ -91.205805837999947, 14.482921669000064 ], [ -91.204506890999937, 14.486278303000063 ], [ -91.202528905999941, 14.487129672000037 ], [ -91.195627437999974, 14.486509667000064 ], [ -91.19048765399998, 14.487486882000042 ], [ -91.190369478999969, 14.489833505000036 ], [ -91.191465855999979, 14.49096826400006 ], [ -91.19254485099998, 14.492461005000052 ], [ -91.192187082999965, 14.493469340000047 ], [ -91.186185583999986, 14.500220502000047 ], [ -91.186348923999958, 14.504015309000067 ], [ -91.187439567999945, 14.507925731000057 ], [ -91.189348775999974, 14.52105068700007 ], [ -91.191432, 14.531404687000077 ], [ -91.190786492999962, 14.535125467000057 ], [ -91.188895043999935, 14.537465152000038 ], [ -91.188259492999975, 14.53896048200005 ], [ -91.187872734999985, 14.542442617000063 ], [ -91.188756371999943, 14.546936626000047 ], [ -91.191706348999958, 14.55127602500005 ], [ -91.19259447799999, 14.555514751000032 ], [ -91.193825497999967, 14.558098851000068 ], [ -91.194359990999942, 14.562969738000049 ], [ -91.193178124999974, 14.567306573000053 ], [ -91.19172907699999, 14.569125485000029 ], [ -91.19065133099997, 14.571707551000031 ], [ -91.189646082999957, 14.572652102000063 ], [ -91.172247252999966, 14.559981650000054 ] ] ] ] } },
{ "type": "Feature", "properties": { "Codigo": 1228, "datos_finales_color_riesgo": "ffaa00" }, "geometry": { "type": "MultiPolygon", "coordinates": [ [ [ [ -91.660135525999976, 15.058046501000035 ], [ -91.660044609999943, 15.053990829000043 ], [ -91.660778128999937, 15.052621226000042 ], [ -91.661432092999974, 15.04853491700004 ], [ -91.662037191999957, 15.04715099200007 ], [ -91.665761389999943, 15.02796941400004 ], [ -91.669411276999938, 15.008736418000069 ], [ -91.67101612, 15.002053469000032 ], [ -91.671805929999948, 15.001688604000037 ], [ -91.672514115999945, 15.001458847000038 ], [ -91.67305549799994, 14.998966076000045 ], [ -91.675028193999935, 14.999147047000065 ], [ -91.677616275999981, 14.99953834300004 ], [ -91.681023452999966, 15.000664270000073 ], [ -91.683462569999961, 15.00156422200007 ], [ -91.68502076599998, 15.002146081000035 ], [ -91.686213871999939, 15.003883968000025 ], [ -91.688618996999935, 15.006269485000075 ], [ -91.689830003999987, 15.006795079000028 ], [ -91.700469946999988, 15.007032339000034 ], [ -91.702500831999942, 15.007510575000026 ], [ -91.704139902999941, 15.007806907000031 ], [ -91.701925492999976, 15.010768184000028 ], [ -91.70021621099994, 15.012564008000027 ], [ -91.699196116999985, 15.015442808000046 ], [ -91.699184241999944, 15.019229028000041 ], [ -91.700824593999982, 15.021729828000048 ], [ -91.703825545999962, 15.025040610000076 ], [ -91.707176497999967, 15.032990458000029 ], [ -91.707180296999979, 15.035158755000054 ], [ -91.70181003, 15.040447695000069 ], [ -91.700586028999965, 15.042223671000045 ], [ -91.699333304999982, 15.045568901000024 ], [ -91.69802692799999, 15.04654103300004 ], [ -91.69696731199997, 15.048328099000059 ], [ -91.697536465999974, 15.054354831000069 ], [ -91.698720383999955, 15.056325378000054 ], [ -91.700437301999955, 15.058032317000027 ], [ -91.701490542999977, 15.060083456000029 ], [ -91.701844326999947, 15.06454291600005 ], [ -91.702241263999952, 15.066008402000023 ], [ -91.703374973999985, 15.067453241000067 ], [ -91.703819345999989, 15.07107370500006 ], [ -91.702976823999961, 15.074823526000046 ], [ -91.702200805999951, 15.07594333000003 ], [ -91.701743350999948, 15.07793384200005 ], [ -91.702112536999948, 15.084838473000048 ], [ -91.70270438099999, 15.086768330000041 ], [ -91.702670600999966, 15.091376968000077 ], [ -91.701595678999979, 15.09421248600006 ], [ -91.700473347999946, 15.095946081000022 ], [ -91.694594929999937, 15.090359987000056 ], [ -91.693800703999955, 15.089017618000071 ], [ -91.694038789999979, 15.084213571000078 ], [ -91.692991037999946, 15.082401966000077 ], [ -91.690509099999986, 15.081695015000037 ], [ -91.688918868999963, 15.080174029000034 ], [ -91.686257311999952, 15.078898791000029 ], [ -91.685388949999947, 15.075158349000048 ], [ -91.683702258999972, 15.072696708000024 ], [ -91.680539933999967, 15.071280657000045 ], [ -91.678318003999948, 15.071242858000062 ], [ -91.67624989899997, 15.069835385000033 ], [ -91.676037611999959, 15.06824892000003 ], [ -91.676256615999989, 15.066868348000071 ], [ -91.673780882999949, 15.063696991000029 ], [ -91.67304945799998, 15.061449895000067 ], [ -91.67179163899999, 15.060370274000036 ], [ -91.668569109999964, 15.05923619400005 ], [ -91.666251321999937, 15.057901750000042 ], [ -91.663198205999947, 15.05711433700003 ], [ -91.661326556999938, 15.057334928000046 ], [ -91.660135525999976, 15.058046501000035 ] ] ] ] } },
{ "type": "Feature", "properties": { "Codigo": 205, "datos_finales_color_riesgo": "ffaa00" }, "geometry": { "type": "MultiPolygon", "coordinates": [ [ [ [ -89.818993336999938, 14.933313601000066 ], [ -89.819431608999935, 14.932441623000045 ], [ -89.818891012999984, 14.931867516000068 ], [ -89.81649213899999, 14.929080226000053 ], [ -89.815500810999936, 14.927232376000063 ], [ -89.815557639999952, 14.924794182000028 ], [ -89.816047487999981, 14.924359709000043 ], [ -89.815944603999981, 14.923543401000074 ], [ -89.816735788999949, 14.922784688000036 ], [ -89.816672022999967, 14.922070501000064 ], [ -89.817236893999961, 14.917052535000039 ], [ -89.816989209999974, 14.907185907000041 ], [ -89.817846006999957, 14.90515724200003 ], [ -89.819637666999938, 14.903997077000042 ], [ -89.82276230399998, 14.903112733000057 ], [ -89.831060183999966, 14.903988498000047 ], [ -89.833226169999989, 14.90321939200004 ], [ -89.836580503999983, 14.899719536000077 ], [ -89.838229633999958, 14.899529004000044 ], [ -89.841497807999986, 14.898226499000032 ], [ -89.842764265999961, 14.896818465000024 ], [ -89.845284204999984, 14.891981871000041 ], [ -89.847681488999967, 14.888985532000049 ], [ -89.848585517999936, 14.887753048000036 ], [ -89.848615206999966, 14.886948713000038 ], [ -89.851986669999974, 14.880835889000025 ], [ -89.853405349999946, 14.876523513000052 ], [ -89.856126124999946, 14.874245923000046 ], [ -89.858478907999938, 14.872933914000043 ], [ -89.861442341999975, 14.872286002000067 ], [ -89.862109178999958, 14.87175561600003 ], [ -89.86488968599997, 14.871879432000071 ], [ -89.869551392999938, 14.871198185000026 ], [ -89.874191593999967, 14.872008682000057 ], [ -89.875704850999966, 14.873019174000035 ], [ -89.879028579999954, 14.873422240000025 ], [ -89.884593570999982, 14.873241706000044 ], [ -89.890819328999953, 14.870685029000072 ], [ -89.896447700999943, 14.866477790000033 ], [ -89.898128240999938, 14.866021945000057 ], [ -89.904888589999985, 14.862657106000029 ], [ -89.910607734999985, 14.858930361000034 ], [ -89.913330134999967, 14.858038048000026 ], [ -89.915900965999981, 14.855968645000075 ], [ -89.920457670999951, 14.853586103000055 ], [ -89.925424889999988, 14.85039738200004 ], [ -89.926622832999954, 14.849264356000049 ], [ -89.931353133999949, 14.847021580000046 ], [ -89.938859837999985, 14.847155625000028 ], [ -89.940691889999982, 14.846516327000074 ], [ -89.942657434999944, 14.845007386000077 ], [ -89.94348612899995, 14.844996966000053 ], [ -89.944406673999936, 14.844024934000061 ], [ -89.946346443999971, 14.843108210000025 ], [ -89.95072892099995, 14.843264628000043 ], [ -89.951403270999947, 14.842799496000055 ], [ -89.958796585999949, 14.841664870000045 ], [ -89.96304063299999, 14.839812244000029 ], [ -89.964701600999945, 14.839783398000066 ], [ -89.967011936999938, 14.840703390000044 ], [ -89.968943095999975, 14.840897064000046 ], [ -89.972844843999951, 14.839037467000026 ], [ -89.975209373999974, 14.838609187000031 ], [ -89.976695069999948, 14.837958236000077 ], [ -89.980293457999949, 14.837630792000027 ], [ -89.981343237999965, 14.837910980000061 ], [ -89.98223939199994, 14.838850622000052 ], [ -89.981359594999958, 14.840493884000068 ], [ -89.98146804299995, 14.84262873800003 ], [ -89.986939304999964, 14.844700802000034 ], [ -89.989083134999987, 14.846260701000062 ], [ -89.991118512999947, 14.846855166000068 ], [ -89.994942714999979, 14.849259931000063 ], [ -89.99992199199994, 14.851477685000077 ], [ -90.007475438999961, 14.852559462000045 ], [ -90.011364660999959, 14.855069831000037 ], [ -90.01183909599996, 14.856815523000023 ], [ -90.010525929999972, 14.858458922000068 ], [ -90.009265310999979, 14.858982076000075 ], [ -90.006209831999968, 14.85875033800005 ], [ -90.000073388999965, 14.858874523000054 ], [ -89.998727813999949, 14.858741790000067 ], [ -89.995111530999964, 14.858908946000042 ], [ -89.991296791999957, 14.859620909000057 ], [ -89.989472559999967, 14.860822867000024 ], [ -89.98543790299999, 14.865834824000046 ], [ -89.985290005999957, 14.867165991000036 ], [ -89.984536162999973, 14.867962046000059 ], [ -89.98432735099999, 14.869291281000073 ], [ -89.983208825999952, 14.871022822000043 ], [ -89.982800074999943, 14.877003453000043 ], [ -89.983231909999972, 14.877915560000076 ], [ -89.983179959999973, 14.880898287000036 ], [ -89.984632289999979, 14.883168223000041 ], [ -89.985798242999977, 14.884332679000067 ], [ -89.986487589999967, 14.884840676000067 ], [ -89.986486732999936, 14.885653400000024 ], [ -89.988053741999977, 14.888528740000027 ], [ -89.984706985999935, 14.891979470000024 ], [ -89.984807217999958, 14.896619017000035 ], [ -89.983361037999941, 14.900692981000077 ], [ -89.983053558999984, 14.905014469000037 ], [ -89.982247781999945, 14.906734287000063 ], [ -89.981257092999954, 14.91338561200007 ], [ -89.98133000699994, 14.913900176000027 ], [ -89.981357991999971, 14.914598138000031 ], [ -89.981222675999959, 14.915269114000068 ], [ -89.980487592999964, 14.915662389000033 ], [ -89.979591892999963, 14.915711514000066 ], [ -89.978924948999975, 14.915797525000073 ], [ -89.978269169999976, 14.915873520000048 ], [ -89.977699310999981, 14.915906627000027 ], [ -89.976799208999978, 14.915938752000045 ], [ -89.975923283999975, 14.915860572000042 ], [ -89.975188895999963, 14.915581081000028 ], [ -89.974730373999989, 14.915372964000028 ], [ -89.973884847999955, 14.914823348000027 ], [ -89.972876156999973, 14.914361872000029 ], [ -89.97216158599997, 14.914284687000077 ], [ -89.971213800999976, 14.914406463000034 ], [ -89.970356339999967, 14.914710036000031 ], [ -89.967774409999947, 14.91580347200005 ], [ -89.965320711999937, 14.916774409000027 ], [ -89.964787785999988, 14.916946813000038 ], [ -89.964021686999956, 14.917232381000076 ], [ -89.963257490999979, 14.917464922000022 ], [ -89.962634498999989, 14.917479222000054 ], [ -89.961618915999964, 14.917509754000037 ], [ -89.96105412199995, 14.917471772000056 ], [ -89.960479182999961, 14.917329807000044 ], [ -89.959628967999947, 14.917116452000073 ], [ -89.95902989199999, 14.916874833000065 ], [ -89.957483987999979, 14.916563046000022 ], [ -89.956378622999978, 14.916498671000056 ], [ -89.955119893999949, 14.916567703000055 ], [ -89.954302244999951, 14.916556815000035 ], [ -89.953339854999967, 14.916437892000033 ], [ -89.952327432999937, 14.916244928000026 ], [ -89.951175049999961, 14.91614039600006 ], [ -89.950137470999948, 14.916126561000056 ], [ -89.948706392999952, 14.916152620000048 ], [ -89.946141041999965, 14.916477324000027 ], [ -89.945099091999964, 14.916732052000043 ], [ -89.943477087999952, 14.917248795000035 ], [ -89.942512969999939, 14.917704341000046 ], [ -89.941465935999986, 14.918317928000022 ], [ -89.940536898999937, 14.918754744000069 ], [ -89.939584661999959, 14.919190116000038 ], [ -89.937751210999977, 14.919840562000047 ], [ -89.93654420699994, 14.920068203000028 ], [ -89.935947945999942, 14.920080531000053 ], [ -89.935350183999958, 14.920075906000022 ], [ -89.93442876599994, 14.919974380000042 ], [ -89.933647642999972, 14.919761860000051 ], [ -89.932914270999959, 14.919415657000059 ], [ -89.932044451999957, 14.918909596000049 ], [ -89.930921976999969, 14.918334673000061 ], [ -89.930325397999979, 14.918124620000071 ], [ -89.929475614999944, 14.917843441000059 ], [ -89.92855644299999, 14.917585030000055 ], [ -89.926356108999983, 14.916974164000067 ], [ -89.925425662999942, 14.916693015000021 ], [ -89.924219382999979, 14.916340428000069 ], [ -89.923415881999972, 14.916071139000053 ], [ -89.922702397999956, 14.915961082000024 ], [ -89.921791347999942, 14.915948821000029 ], [ -89.920022640999946, 14.915925007000055 ], [ -89.917374067999958, 14.915900606000037 ], [ -89.916612268999984, 14.915923070000076 ], [ -89.915631528999938, 14.91595499500005 ], [ -89.914384054999971, 14.91605104000007 ], [ -89.913066898999944, 14.916190156000027 ], [ -89.911321802999964, 14.916423945000076 ], [ -89.909587809999948, 14.916692857000044 ], [ -89.908790324999984, 14.916816396000058 ], [ -89.907150272999957, 14.916928541000061 ], [ -89.905927559999952, 14.916957147000062 ], [ -89.904565255999955, 14.91700643300004 ], [ -89.903180662999944, 14.917031708000025 ], [ -89.901819586999977, 14.917035845000044 ], [ -89.900644013999965, 14.916974768000046 ], [ -89.899813946999984, 14.916942068000026 ], [ -89.899214588999939, 14.916888795000034 ], [ -89.898362555999938, 14.916809517000047 ], [ -89.896983750999937, 14.916431879000072 ], [ -89.895974655999964, 14.916014105000045 ], [ -89.89530913499999, 14.915759011000034 ], [ -89.89445813399999, 14.915567990000056 ], [ -89.893489989999978, 14.915532268000049 ], [ -89.892771617999983, 14.915724547000025 ], [ -89.892282191999982, 14.916099401000054 ], [ -89.891834488999962, 14.916720880000071 ], [ -89.891352857999948, 14.918127477000041 ], [ -89.890049824999949, 14.922125700000038 ], [ -89.88988173599995, 14.922594086000061 ], [ -89.888971382999955, 14.923299556000075 ], [ -89.887950643999943, 14.923689737000075 ], [ -89.886677617999965, 14.923986182000021 ], [ -89.885590728999944, 14.924173412000073 ], [ -89.883929583999986, 14.924457779000022 ], [ -89.883052218999978, 14.924484194000058 ], [ -89.881711050999968, 14.924434296000072 ], [ -89.880399096999952, 14.924170336000032 ], [ -89.879526816999942, 14.923844651000024 ], [ -89.878840300999968, 14.923476353000069 ], [ -89.878041232999976, 14.922904478000078 ], [ -89.877038651999953, 14.922037490000037 ], [ -89.876287047999938, 14.921354517000054 ], [ -89.87560548099998, 14.920604781000065 ], [ -89.874109211999951, 14.918800991000069 ], [ -89.873448601999939, 14.918208425000046 ], [ -89.872463409999966, 14.917746860000022 ], [ -89.871544368999935, 14.917487104000031 ], [ -89.870875965999971, 14.91743394100007 ], [ -89.870136581999986, 14.917512987000066 ], [ -89.869230364999964, 14.917971244000057 ], [ -89.868578683999942, 14.918366392000053 ], [ -89.867786042999967, 14.918916491000061 ], [ -89.867364972999951, 14.919337366000036 ], [ -89.866708409999944, 14.920068789000027 ], [ -89.865862765999964, 14.921111389000032 ], [ -89.865062956999964, 14.922154615000068 ], [ -89.86445312699999, 14.922864094000033 ], [ -89.863800128999969, 14.923348368000063 ], [ -89.862595166999938, 14.92371332700003 ], [ -89.860630524999976, 14.923954980000076 ], [ -89.859822708999957, 14.92398902900004 ], [ -89.857973194999943, 14.924255940000023 ], [ -89.856886323999959, 14.924441901000023 ], [ -89.856124680999983, 14.924453999000036 ], [ -89.853564196999969, 14.924441340000044 ], [ -89.852595473999941, 14.924405427000067 ], [ -89.851444106999963, 14.924277833000076 ], [ -89.84966856599999, 14.924208220000025 ], [ -89.848928820999959, 14.924310890000072 ], [ -89.848253567999961, 14.924727086000075 ], [ -89.84620251299998, 14.926157031000059 ], [ -89.845551103999981, 14.926529530000039 ], [ -89.844832600999951, 14.926766789000055 ], [ -89.844323231999965, 14.926871494000068 ], [ -89.843167281999968, 14.927057559000048 ], [ -89.841803923999976, 14.927218180000068 ], [ -89.840039836999949, 14.92747595700007 ], [ -89.839422136999985, 14.927566738000053 ], [ -89.83858980499997, 14.92768953500007 ], [ -89.837758777999966, 14.927723181000033 ], [ -89.836995417999958, 14.927892073000066 ], [ -89.83618045899999, 14.928374015000031 ], [ -89.835691256999951, 14.928726152000024 ], [ -89.83487103799996, 14.929566929000032 ], [ -89.832412330999944, 14.933615193000037 ], [ -89.82900515099999, 14.939400783000053 ], [ -89.828257132999966, 14.940063068000029 ], [ -89.827076903999966, 14.940316417000076 ], [ -89.826569393999989, 14.940331938000043 ], [ -89.825482216999944, 14.940138499000057 ], [ -89.824848523999947, 14.939656785000068 ], [ -89.824423597999953, 14.938753604000055 ], [ -89.823061936999977, 14.935638796000035 ], [ -89.822542434999946, 14.934892309000077 ], [ -89.822202864999952, 14.934460957000056 ], [ -89.821655557999975, 14.934026715000073 ], [ -89.820829798999966, 14.933701460000066 ], [ -89.820209139999974, 14.933558513000037 ], [ -89.819726270999979, 14.933438927000054 ], [ -89.818993336999938, 14.933313601000066 ] ] ] ] } },
{ "type": "Feature", "properties": { "Codigo": 1104, "datos_finales_color_riesgo": "ffaa00" }, "geometry": { "type": "MultiPolygon", "coordinates": [ [ [ [ -91.566380382999967, 14.629698540000049 ], [ -91.566761037999981, 14.62861958700006 ], [ -91.56704197, 14.627350200000024 ], [ -91.567480137999951, 14.626259172000061 ], [ -91.568042817999981, 14.625202803000036 ], [ -91.569041716999948, 14.623352546000035 ], [ -91.569615201999966, 14.622417135000035 ], [ -91.570255917999987, 14.621581565000042 ], [ -91.571056096999939, 14.620669010000029 ], [ -91.571809511999959, 14.619988917000057 ], [ -91.572778877999951, 14.61919941900004 ], [ -91.574569229999952, 14.617774293000025 ], [ -91.576829250999936, 14.61566730900006 ], [ -91.579889907999984, 14.612559576000024 ], [ -91.58235758099994, 14.609900148000065 ], [ -91.583993225999961, 14.607789282000056 ], [ -91.58494426499999, 14.60640303100007 ], [ -91.585893087999978, 14.60527098600005 ], [ -91.587163463999957, 14.603477636000036 ], [ -91.587932887999955, 14.602090270000076 ], [ -91.588415644999941, 14.601077419000035 ], [ -91.588600068999938, 14.600450314000057 ], [ -91.589224231999935, 14.600551259000042 ], [ -91.590611579999972, 14.600786750000054 ], [ -91.592763997999953, 14.601500274000045 ], [ -91.594816332999983, 14.602262892000056 ], [ -91.598617537999985, 14.603528637000068 ], [ -91.601415942999949, 14.603747680000026 ], [ -91.610102335999954, 14.602668560000041 ], [ -91.617769704999944, 14.600789880000036 ], [ -91.620783568999968, 14.59957724700007 ], [ -91.627405740999961, 14.597356474000037 ], [ -91.627712090999978, 14.598941276000062 ], [ -91.627185848999943, 14.599511046000032 ], [ -91.625416660999974, 14.600031687000069 ], [ -91.625042270999984, 14.600623814000073 ], [ -91.62455788699998, 14.601364437000029 ], [ -91.623815165999986, 14.601572479000026 ], [ -91.622463738999954, 14.601521569000056 ], [ -91.621940065999979, 14.60158288100007 ], [ -91.621458636999989, 14.601940477000028 ], [ -91.620931128999985, 14.602616433000037 ], [ -91.620557251999969, 14.603123812000035 ], [ -91.620051070999978, 14.603821357000072 ], [ -91.617616617999943, 14.606163925000033 ], [ -91.617393576999973, 14.606947885000068 ], [ -91.61781962699996, 14.608585381000069 ], [ -91.61783657899997, 14.609307489000059 ], [ -91.617571133999945, 14.610006456000065 ], [ -91.617218699999967, 14.610513952000076 ], [ -91.616932535999979, 14.611000372000035 ], [ -91.616723727999954, 14.611733570000069 ], [ -91.613846128999967, 14.613113041000076 ], [ -91.611068768999985, 14.614969887000029 ], [ -91.604653574999986, 14.617567631000043 ], [ -91.60169983899999, 14.618212051000057 ], [ -91.597456970999986, 14.620492672000069 ], [ -91.594493571999976, 14.622009215000048 ], [ -91.58955786699994, 14.625007498000059 ], [ -91.585385427999938, 14.626490605000072 ], [ -91.573301061999985, 14.629258572000026 ], [ -91.568882658999939, 14.629813355000067 ], [ -91.566380382999967, 14.629698540000049 ] ] ] ] } },
{ "type": "Feature", "properties": { "Codigo": 1407, "datos_finales_color_riesgo": "ffaa00" }, "geometry": { "type": "MultiPolygon", "coordinates": [ [ [ [ -91.152734423999959, 14.996385872000076 ], [ -91.152627155999937, 14.985865773000057 ], [ -91.153389238999978, 14.982711209000058 ], [ -91.155058428999951, 14.980015839000032 ], [ -91.156469250999976, 14.969822033000071 ], [ -91.156914530999984, 14.969183992000069 ], [ -91.157427193999979, 14.954129933000047 ], [ -91.157465984999988, 14.950606872000037 ], [ -91.159817713999985, 14.944744878000051 ], [ -91.16203031799995, 14.94497506700003 ], [ -91.16614637899994, 14.944284039000024 ], [ -91.172821415999977, 14.944287821000046 ], [ -91.179464591999988, 14.943594153000049 ], [ -91.18474596599998, 14.944011230000058 ], [ -91.192739577999987, 14.943696167000041 ], [ -91.201648994999971, 14.944122322000055 ], [ -91.21000945899999, 14.939644421000025 ], [ -91.211116262999951, 14.939561584000046 ], [ -91.21188736, 14.938486515000022 ], [ -91.214426682999942, 14.940803010000025 ], [ -91.217458170999976, 14.945366871000033 ], [ -91.219343149999986, 14.946946183000023 ], [ -91.233138858999951, 14.946872567000071 ], [ -91.236206458999959, 14.946721173000071 ], [ -91.236868495999943, 14.946327503000077 ], [ -91.241042529999959, 14.946713279000051 ], [ -91.238806946999944, 14.951413649000074 ], [ -91.238868594999985, 14.955748754000069 ], [ -91.239124782999966, 14.957318742000041 ], [ -91.24146185099994, 14.959992667000051 ], [ -91.242030785999987, 14.962044055000035 ], [ -91.238307721999945, 14.969218252000076 ], [ -91.236254950999978, 14.971914775000073 ], [ -91.236109427999963, 14.972656984000025 ], [ -91.234553722999976, 14.974177933000021 ], [ -91.232663909999985, 14.979167808000057 ], [ -91.232588473999954, 14.981067354000061 ], [ -91.234251714999971, 14.983731621000061 ], [ -91.235166039999967, 14.984616470000049 ], [ -91.236908773999971, 14.985314551000045 ], [ -91.241621057999964, 14.985415355000043 ], [ -91.241570447999948, 14.98712983300004 ], [ -91.240719828999943, 14.990319162000048 ], [ -91.238127387999953, 14.993183221000038 ], [ -91.235702686999957, 14.994645472000059 ], [ -91.226925524999956, 14.998130161000063 ], [ -91.218105307999963, 14.999345752000067 ], [ -91.21346331899997, 15.001596967000069 ], [ -91.211935234999942, 15.002546322000057 ], [ -91.210044570999969, 15.002861329000041 ], [ -91.208200386999977, 15.003316763000043 ], [ -91.206965781999941, 15.003354487000024 ], [ -91.20515149, 15.00315153400004 ], [ -91.203606660999981, 15.002621960000056 ], [ -91.20204619399999, 15.001739794000059 ], [ -91.198329497999964, 14.998816206000072 ], [ -91.195431652999957, 14.997487363000062 ], [ -91.187273062999964, 14.995902038000054 ], [ -91.18258693599995, 14.996065768000051 ], [ -91.166930810999986, 14.999735907000058 ], [ -91.163635622999948, 14.999440495000044 ], [ -91.157841442999938, 14.996942359000059 ], [ -91.152734423999959, 14.996385872000076 ] ] ] ] } },
{ "type": "Feature", "properties": { "Codigo": 902, "datos_finales_color_riesgo": "ffaa00" }, "geometry": { "type": "MultiPolygon", "coordinates": [ [ [ [ -91.439295861999938, 14.890675611000063 ], [ -91.439638565999985, 14.88284731300007 ], [ -91.440493897999943, 14.878601695000043 ], [ -91.445448058999943, 14.87103740200007 ], [ -91.445845758999951, 14.869194 ], [ -91.445956298999988, 14.863000036000074 ], [ -91.447604660999957, 14.862830419000034 ], [ -91.450387294999985, 14.861769120000076 ], [ -91.453498422999985, 14.858616467000047 ], [ -91.455872045999968, 14.856909479000024 ], [ -91.459146678999957, 14.855821997000078 ], [ -91.463801883999963, 14.854969666000045 ], [ -91.471181589999958, 14.855674192000038 ], [ -91.473562937999986, 14.859707658000048 ], [ -91.475456258999941, 14.86236739800006 ], [ -91.479162654999982, 14.870455493000065 ], [ -91.48117051, 14.872955521000051 ], [ -91.482222551999939, 14.875591574000055 ], [ -91.488352345999942, 14.88507170400004 ], [ -91.482398032999981, 14.890774108000073 ], [ -91.476175024999975, 14.894081593000067 ], [ -91.471918329999937, 14.894978564000041 ], [ -91.465766226999961, 14.896275152000044 ], [ -91.462430508999944, 14.896470845000067 ], [ -91.457732894999936, 14.895890188000067 ], [ -91.453441015999942, 14.894217394000066 ], [ -91.448803921999968, 14.893877618000033 ], [ -91.443109816999936, 14.892624470000044 ], [ -91.44045889399996, 14.89178847200003 ], [ -91.439295861999938, 14.890675611000063 ] ] ] ] } },
{ "type": "Feature", "properties": { "Codigo": 1016, "datos_finales_color_riesgo": "ffaa00" }, "geometry": { "type": "MultiPolygon", "coordinates": [ [ [ [ -91.243388291999963, 14.403948654000033 ], [ -91.243036368999981, 14.409221934000072 ], [ -91.24105528299998, 14.412274434000039 ], [ -91.23671092, 14.413967141000057 ], [ -91.234197476999952, 14.41711613800004 ], [ -91.231146748999947, 14.419449925000038 ], [ -91.22629534899994, 14.421471885000074 ], [ -91.221353202999978, 14.424693955000066 ], [ -91.215793863999977, 14.42985436500004 ], [ -91.214712897999959, 14.433346074000042 ], [ -91.213785906999988, 14.435333019000041 ], [ -91.212060736999945, 14.436669960000074 ], [ -91.207981624999945, 14.436062830000026 ], [ -91.206380982999974, 14.437117114000046 ], [ -91.206283083999949, 14.438195251000025 ], [ -91.207484808999936, 14.440851329000054 ], [ -91.207403174999968, 14.444096394000042 ], [ -91.204082394999944, 14.446775654000078 ], [ -91.202502402999983, 14.44986467800004 ], [ -91.203252455999973, 14.455204925000032 ], [ -91.205119349999961, 14.457756508000045 ], [ -91.207308760999979, 14.46353814500003 ], [ -91.20711347699995, 14.465985887000045 ], [ -91.20639295699999, 14.466775716000029 ], [ -91.199217266999938, 14.465945923000049 ], [ -91.197554342999979, 14.465058794000072 ], [ -91.194053727999972, 14.464256972000044 ], [ -91.189960825999947, 14.462295986000072 ], [ -91.185639957999967, 14.458578743000032 ], [ -91.182416713999942, 14.457119153000065 ], [ -91.179107478999981, 14.45746977400006 ], [ -91.17744184299994, 14.45842729900005 ], [ -91.176899032999984, 14.459665768000036 ], [ -91.177156117999971, 14.46531514000003 ], [ -91.176377594999963, 14.466097640000044 ], [ -91.17498995699998, 14.466224703000023 ], [ -91.172407852999982, 14.467666494000071 ], [ -91.170782004999978, 14.474157527000045 ], [ -91.170131390999984, 14.474534304000031 ], [ -91.169373894999978, 14.474371382000072 ], [ -91.168429797999977, 14.473565336000036 ], [ -91.163679502999969, 14.468095596000069 ], [ -91.162515940999981, 14.465222740000058 ], [ -91.162398740999947, 14.462556877000054 ], [ -91.163087103999942, 14.462097945000039 ], [ -91.166441685999985, 14.462163641000075 ], [ -91.167407950999973, 14.461674102000075 ], [ -91.169167461999962, 14.455490271000031 ], [ -91.170390417999954, 14.454441250000059 ], [ -91.175370289999989, 14.454572526000049 ], [ -91.176670323999986, 14.454161218000024 ], [ -91.178742830999965, 14.449432500000057 ], [ -91.179881188999957, 14.448227996000071 ], [ -91.180000670999959, 14.447150051000051 ], [ -91.177593291999983, 14.444251826000027 ], [ -91.173652000999937, 14.441249063000043 ], [ -91.166667389999986, 14.437669044000074 ], [ -91.164702918999978, 14.43649017000007 ], [ -91.162257384999975, 14.435171969000066 ], [ -91.161257683999963, 14.43417117100006 ], [ -91.161129438999978, 14.433413276000067 ], [ -91.162250220999965, 14.432937373000073 ], [ -91.163239927999939, 14.432471741000029 ], [ -91.163758636999944, 14.432121057000074 ], [ -91.164232044999949, 14.431711273000076 ], [ -91.164599883999983, 14.43124079200004 ], [ -91.164922295999986, 14.430725901000073 ], [ -91.165337367999939, 14.430078424000044 ], [ -91.16572075, 14.429549318000056 ], [ -91.166119316999982, 14.429005644000028 ], [ -91.166579214999956, 14.428403701000036 ], [ -91.167299680999974, 14.427477299000032 ], [ -91.167805475999955, 14.426861022000026 ], [ -91.168233788999942, 14.426435063000042 ], [ -91.168722485999979, 14.425996014000077 ], [ -91.169210457999952, 14.425645074000045 ], [ -91.169774687999961, 14.425324100000068 ], [ -91.170367983999938, 14.425063223000052 ], [ -91.171176752999941, 14.424462843000072 ], [ -91.171698687999935, 14.423713378000059 ], [ -91.172281258999988, 14.422919191000062 ], [ -91.172815240999967, 14.422539229000051 ], [ -91.173481805999984, 14.422318448000055 ], [ -91.174719923999987, 14.422156314000063 ], [ -91.175388233999968, 14.421792070000038 ], [ -91.175954892999982, 14.421170595000035 ], [ -91.17660246, 14.420505683000044 ], [ -91.177238745999944, 14.419873445000064 ], [ -91.178162405999956, 14.419108990000041 ], [ -91.178626435999945, 14.418420061000063 ], [ -91.179780391999941, 14.417556829000034 ], [ -91.180688130999954, 14.417395502000034 ], [ -91.181962928999951, 14.417137583000056 ], [ -91.182852910999941, 14.416306192000036 ], [ -91.182928218999962, 14.415523885000027 ], [ -91.183222287999968, 14.414564763000044 ], [ -91.18382503, 14.413776345000031 ], [ -91.184439185999963, 14.413009478000049 ], [ -91.18481415399998, 14.412006918000031 ], [ -91.185592074999988, 14.410839127000031 ], [ -91.187100696999948, 14.410113015000036 ], [ -91.188136050999958, 14.409717651000051 ], [ -91.190554738999936, 14.406953711000028 ], [ -91.191277046999971, 14.405561787000067 ], [ -91.192065690999982, 14.404494597000053 ], [ -91.192712270999948, 14.403940334000026 ], [ -91.193947357999946, 14.402989523000031 ], [ -91.195923492999952, 14.401047949000031 ], [ -91.197147504999975, 14.400029248000067 ], [ -91.197680847999948, 14.399284314000056 ], [ -91.198549021999952, 14.397615561000066 ], [ -91.199158988999955, 14.396419318000028 ], [ -91.199571964999961, 14.395506260000047 ], [ -91.199770660999945, 14.394648056000051 ], [ -91.200076638999974, 14.393925108000076 ], [ -91.200474585999984, 14.39322319200005 ], [ -91.20119266599994, 14.392634423000061 ], [ -91.202217690999987, 14.392430963000038 ], [ -91.202723335999963, 14.392535353000028 ], [ -91.203731232999985, 14.393096578000041 ], [ -91.206439693999982, 14.394346281000026 ], [ -91.20933015899999, 14.396031153000024 ], [ -91.211011400999951, 14.397620980000056 ], [ -91.219617408999966, 14.398107362000076 ], [ -91.225351581999973, 14.399154825000039 ], [ -91.242411850999986, 14.402902029000074 ], [ -91.243388291999963, 14.403948654000033 ] ] ] ] } },
{ "type": "Feature", "properties": { "Codigo": 505, "datos_finales_color_riesgo": "ffaa00" }, "geometry": { "type": "MultiPolygon", "coordinates": [ [ [ [ -90.752370549999966, 14.156971530000021 ], [ -90.754797839999981, 14.154085879000036 ], [ -90.754564003999974, 14.152203131000022 ], [ -90.753013756999962, 14.149003532000052 ], [ -90.752888694999967, 14.14382714900006 ], [ -90.754328424999983, 14.139890871000034 ], [ -90.754517074999967, 14.138005294000038 ], [ -90.754206329999988, 14.135998716000074 ], [ -90.753998012999944, 14.134758873000067 ], [ -90.753725587999952, 14.134036855000033 ], [ -90.752804677999961, 14.132702252000058 ], [ -90.752646218999985, 14.129744957000071 ], [ -90.753944126999954, 14.127275646000044 ], [ -90.754664669999954, 14.127207831000021 ], [ -90.755203045999963, 14.127186882000046 ], [ -90.755906382999967, 14.127103091000038 ], [ -90.75660738299996, 14.12678547400003 ], [ -90.759942688999956, 14.127042467000024 ], [ -90.760746609999956, 14.126555247000056 ], [ -90.762520802999973, 14.123597862000054 ], [ -90.764058601999977, 14.115507050000076 ], [ -90.76130999899999, 14.115863253000043 ], [ -90.756668867999963, 14.115129916000058 ], [ -90.753080931999989, 14.112151915000027 ], [ -90.748435308999944, 14.109237392000068 ], [ -90.746684377999941, 14.107882592000067 ], [ -90.740649099999985, 14.104262575000064 ], [ -90.733479340999963, 14.102286409000044 ], [ -90.725806990999956, 14.097735802000045 ], [ -90.725222988999974, 14.097347402000025 ], [ -90.721615332999988, 14.095496025000045 ], [ -90.71802312599999, 14.091922344000068 ], [ -90.716817891999938, 14.089833878000036 ], [ -90.715605895999943, 14.086333538000076 ], [ -90.715460078999968, 14.083659890000035 ], [ -90.716281445999982, 14.083212507000042 ], [ -90.717051108999954, 14.082786087000045 ], [ -90.717511101999946, 14.082316075000051 ], [ -90.717778215999942, 14.081460226000047 ], [ -90.71769149499994, 14.080813361000025 ], [ -90.717006584999979, 14.079989159000036 ], [ -90.716182954999965, 14.079617678000034 ], [ -90.715307417999952, 14.079172290000031 ], [ -90.715191251999954, 14.078461898000057 ], [ -90.715078320999964, 14.077309925000066 ], [ -90.714928101999988, 14.076823969000031 ], [ -90.714684851999948, 14.076326967000057 ], [ -90.714327238999942, 14.075869543000067 ], [ -90.713844932999962, 14.075501290000034 ], [ -90.710445040999957, 14.073221457000045 ], [ -90.710321801999953, 14.070782951000069 ], [ -90.712072177999971, 14.067724080000062 ], [ -90.712405900999954, 14.065463837000038 ], [ -90.711268244999985, 14.063052986000059 ], [ -90.710379193999984, 14.062286701000062 ], [ -90.710056931999986, 14.058802702000037 ], [ -90.708571393999989, 14.053047658000025 ], [ -90.707353478999948, 14.050514057000044 ], [ -90.706667577999951, 14.044339669000067 ], [ -90.704887640999971, 14.042717842000059 ], [ -90.70216759799996, 14.04238818400006 ], [ -90.701254030999962, 14.039567196000064 ], [ -90.702620718999981, 14.033547850000048 ], [ -90.703600242999983, 14.032244744000025 ], [ -90.703776055999981, 14.031434344000047 ], [ -90.709724369999947, 14.025042730000052 ], [ -90.710990837999987, 14.021801907000054 ], [ -90.711181802999988, 14.019051251000064 ], [ -90.711211689999971, 14.017904017000035 ], [ -90.70976015399998, 14.006218594000075 ], [ -90.709700718999954, 14.002295464000042 ], [ -90.709137822999935, 14.000503359000049 ], [ -90.708647986999949, 13.999684399000046 ], [ -90.706683123999937, 13.997435164000024 ], [ -90.706338522999943, 13.994744956000034 ], [ -90.707040952999989, 13.993835617000059 ], [ -90.70762461399994, 13.99323914100006 ], [ -90.709475961999942, 13.992817277000029 ], [ -90.710477195999943, 13.991925431000027 ], [ -90.710472194999966, 13.989743290000035 ], [ -90.71138089699997, 13.988206779000052 ], [ -90.710725434999972, 13.986477055000023 ], [ -90.710391920999939, 13.982427094000059 ], [ -90.711993603999986, 13.97829372800004 ], [ -90.712079444999972, 13.977214783000022 ], [ -90.712980416999983, 13.975867931000039 ], [ -90.713444680999942, 13.972656753000024 ], [ -90.714529046999985, 13.969423172000063 ], [ -90.715717171999984, 13.968095946000062 ], [ -90.715877034999949, 13.967365564000033 ], [ -90.717403514999944, 13.965911619000053 ], [ -90.718105270999956, 13.964292923000073 ], [ -90.7198334, 13.960735545000034 ], [ -90.72176886599999, 13.959139698000058 ], [ -90.722268200999963, 13.959166966000055 ], [ -90.725508157999968, 13.958336656000029 ], [ -90.728548152999963, 13.958142578000036 ], [ -90.737932538999985, 13.955767841000068 ], [ -90.749532433999946, 13.954721165000024 ], [ -90.754683515999943, 13.953577185000029 ], [ -90.764861878999966, 13.953385197000046 ], [ -90.76510837, 13.954088874000036 ], [ -90.766406638999968, 13.958520499000031 ], [ -90.767070962999981, 13.958770572000049 ], [ -90.76766485099995, 13.958528668000042 ], [ -90.776806530999977, 13.957085368000037 ], [ -90.776834855999937, 13.956362750000039 ], [ -90.777294472999984, 13.952752559000032 ], [ -90.779590275999965, 13.951769409000065 ], [ -90.783747785999935, 13.951233544000047 ], [ -90.785074197999961, 13.951303233000033 ], [ -90.785902246999967, 13.952030266000065 ], [ -90.786584180999967, 13.955465649000075 ], [ -90.787637742999948, 13.969039447000057 ], [ -90.788173256999983, 13.969219397000074 ], [ -90.793490908999956, 13.970165716000054 ], [ -90.794585060999964, 13.97065004600006 ], [ -90.794768530999988, 13.971363303000032 ], [ -90.796238618999951, 13.977192485000046 ], [ -90.796886172999962, 13.978667853000047 ], [ -90.797483418999946, 13.978988405000052 ], [ -90.824955018999958, 13.975233049000053 ], [ -90.827693085999954, 13.975694687000043 ], [ -90.827804096999955, 13.976252539000029 ], [ -90.827903722999963, 13.97691420700005 ], [ -90.828464692999944, 13.978887995000036 ], [ -90.829517401999965, 13.992128723000064 ], [ -90.830684390999977, 13.999850464000076 ], [ -90.830826933999958, 14.001116812000078 ], [ -90.830941159999952, 14.002134412000032 ], [ -90.865690647999941, 14.002379621000046 ], [ -90.866159985999957, 14.004544585000076 ], [ -90.865739211999937, 14.008581288000073 ], [ -90.86395022499994, 14.009700723000037 ], [ -90.862120651999987, 14.011953851000044 ], [ -90.862162536999961, 14.014364678000049 ], [ -90.86313624099995, 14.01528029900004 ], [ -90.865342417999955, 14.015464670000028 ], [ -90.867715479999958, 14.01655751900006 ], [ -90.868689427999982, 14.016698252000026 ], [ -90.869998908999946, 14.017712817000074 ], [ -90.873369987999979, 14.021300548000056 ], [ -90.874802470999953, 14.025294812000027 ], [ -90.874846963999971, 14.029632700000036 ], [ -90.889434550999965, 14.03119606000007 ], [ -90.895111297999961, 14.03201023500003 ], [ -90.89613368299996, 14.031227299000022 ], [ -90.897260958999937, 14.02198252200003 ], [ -90.903257132999954, 14.021173794000049 ], [ -90.914007066999943, 14.022223412000073 ], [ -90.921225258999982, 14.022088954000026 ], [ -90.92504740399994, 14.022582617000069 ], [ -90.927987196999936, 14.023678648000043 ], [ -90.927100349999989, 14.024906828000042 ], [ -90.925035478999973, 14.028346807000048 ], [ -90.923557001999939, 14.030516488000046 ], [ -90.921639850999952, 14.035397912000064 ], [ -90.920531618999973, 14.036468272000036 ], [ -90.91885072299999, 14.04034974800004 ], [ -90.917350013999965, 14.043747038000049 ], [ -90.918241218999981, 14.052357615000062 ], [ -90.918056458999956, 14.056154807000041 ], [ -90.915741242999957, 14.059076268000069 ], [ -90.914486769999939, 14.060753029000068 ], [ -90.914465068999959, 14.061551456000075 ], [ -90.91462506299996, 14.063177173000042 ], [ -90.916137435999985, 14.066627542000049 ], [ -90.914209667999955, 14.067960739000057 ], [ -90.904336562999958, 14.06709242200003 ], [ -90.903156017999947, 14.06775426400003 ], [ -90.902414406999981, 14.069262575000039 ], [ -90.903124427999956, 14.077625312000066 ], [ -90.903674547999969, 14.078210693000074 ], [ -90.90407248799994, 14.081144258000052 ], [ -90.903134013999988, 14.087288870000066 ], [ -90.903812357999982, 14.088155502000063 ], [ -90.905068859999972, 14.090343107000024 ], [ -90.905705070999943, 14.09405362900003 ], [ -90.907746629999963, 14.097471379000069 ], [ -90.90822733899995, 14.099709847000042 ], [ -90.907510247999937, 14.101500766000072 ], [ -90.907172007999975, 14.102485074000072 ], [ -90.907023702999936, 14.103264318000072 ], [ -90.906932995999966, 14.10381927800006 ], [ -90.906824557999983, 14.104478004000043 ], [ -90.90681449799996, 14.10558037900006 ], [ -90.906945633999953, 14.106682851000073 ], [ -90.907099493999965, 14.107831832000045 ], [ -90.907208367999942, 14.108773710000037 ], [ -90.907223710999972, 14.109692185000029 ], [ -90.907214916999976, 14.110655633000022 ], [ -90.907064717999958, 14.111641571000064 ], [ -90.906708287999948, 14.112524054000062 ], [ -90.906505662999962, 14.113610067000025 ], [ -90.906268696999973, 14.114337707000061 ], [ -90.906044261999966, 14.11521343000004 ], [ -90.905921138999986, 14.115831363000041 ], [ -90.90586756, 14.11656511700005 ], [ -90.905861263999952, 14.117254099000036 ], [ -90.906089491999978, 14.117990306000024 ], [ -90.906387263999989, 14.118842332000042 ], [ -90.90654526899999, 14.119600520000063 ], [ -90.906352163999941, 14.120150069000033 ], [ -90.905971417999979, 14.120651674000044 ], [ -90.905615074999957, 14.121015680000028 ], [ -90.905210379999971, 14.121540794000055 ], [ -90.904852940999945, 14.122087780000072 ], [ -90.904729011999962, 14.122729424000056 ], [ -90.904885327999978, 14.123671715000057 ], [ -90.905428123999968, 14.126018041000066 ], [ -90.906225540999969, 14.129063525000049 ], [ -90.90633318099998, 14.129950044000054 ], [ -90.906233181999937, 14.130569304000062 ], [ -90.905875510999977, 14.131140010000024 ], [ -90.905493747999969, 14.131686783000077 ], [ -90.90510960499995, 14.132556591000025 ], [ -90.905077639999945, 14.133519834000026 ], [ -90.90495223299996, 14.134321862000036 ], [ -90.904642479999893, 14.134777768000049 ], [ -90.904309195999986, 14.135212003000049 ], [ -90.904069836999952, 14.135691112000075 ], [ -90.903827576999959, 14.136423217000072 ], [ -90.903489248999961, 14.137407506000045 ], [ -90.903318799999965, 14.138071331000049 ], [ -90.903121672999987, 14.139056853000056 ], [ -90.902923496999961, 14.140156449000074 ], [ -90.90277744399998, 14.140683810000041 ], [ -90.902274122999984, 14.141734431000032 ], [ -90.901654201999975, 14.142624759000057 ], [ -90.901485002999948, 14.143150788000071 ], [ -90.901454114999979, 14.143931047000024 ], [ -90.901775362999956, 14.145000163000077 ], [ -90.90200032599995, 14.145713752000063 ], [ -90.901849843999969, 14.146596887000044 ], [ -90.901257744999953, 14.147165532000031 ], [ -90.900756115999968, 14.147524867000072 ], [ -90.90002291899998, 14.147953336000057 ], [ -90.899449146999984, 14.148415957000054 ], [ -90.899143373999948, 14.148813147000055 ], [ -90.898637908999945, 14.149589250000076 ], [ -90.897991271999956, 14.150296343000036 ], [ -90.897364079999988, 14.150776563000022 ], [ -90.897022104999962, 14.151207318000047 ], [ -90.896767976999968, 14.151777778000053 ], [ -90.896601429999976, 14.152454056000067 ], [ -90.89668448499998, 14.153114446000075 ], [ -90.896872275999954, 14.153966652000065 ], [ -90.896991113999945, 14.154575397000031 ], [ -90.896911465999949, 14.155494161000036 ], [ -90.896622405999949, 14.155960396000069 ], [ -90.896136288999969, 14.156580779000024 ], [ -90.895579562999956, 14.157200544000034 ], [ -90.895112071999961, 14.157683284000029 ], [ -90.89478722399997, 14.158201161000022 ], [ -90.894586001999983, 14.158807098000068 ], [ -90.89448999199999, 14.159552894000058 ], [ -90.89444877599999, 14.160194122000064 ], [ -90.894514518999983, 14.160785458000078 ], [ -90.894775893999963, 14.161377380000033 ], [ -90.895265629999983, 14.162250308000068 ], [ -90.895757714999945, 14.162931233000052 ], [ -90.896568910999974, 14.16371887300005 ], [ -90.897150667999938, 14.164279716000067 ], [ -90.897533610999972, 14.165185591000068 ], [ -90.89754420099996, 14.165984282000068 ], [ -90.897355000999937, 14.167233046000035 ], [ -90.897046305999936, 14.167880968000077 ], [ -90.89686334299995, 14.168452049000052 ], [ -90.896785117999968, 14.169214945000022 ], [ -90.896868653999945, 14.169823381000072 ], [ -90.896987493999973, 14.170432126000037 ], [ -90.897314946999984, 14.171581501000048 ], [ -90.897431394999956, 14.172450024000057 ], [ -90.897405249999963, 14.173214506000022 ], [ -90.896815354999944, 14.173660024000071 ], [ -90.896280900999955, 14.173742311000069 ], [ -90.895460720999949, 14.173926005000055 ], [ -90.894408961999943, 14.174176567000075 ], [ -90.893533188999982, 14.174550663000048 ], [ -90.893066880999982, 14.174963373000026 ], [ -90.892384749999962, 14.175617036000062 ], [ -90.891824010999983, 14.176476214000047 ], [ -90.891708127999948, 14.17749066500005 ], [ -90.892005492999942, 14.178134869000075 ], [ -90.892250825999952, 14.178960472000028 ], [ -90.892263049999897, 14.179454196000052 ], [ -90.892157473999987, 14.179979639000067 ], [ -90.891959512999961, 14.181293830000072 ], [ -90.891198685999939, 14.181566134000036 ], [ -90.890529058999959, 14.181740967000053 ], [ -90.889664397999979, 14.181973949000053 ], [ -90.888807697999937, 14.182347059000051 ], [ -90.887796302999959, 14.182859999000073 ], [ -90.886815590999959, 14.183372073000044 ], [ -90.884361825999974, 14.184302626000033 ], [ -90.883536829999969, 14.184626297000023 ], [ -90.882722534999971, 14.184919559000036 ], [ -90.882072893999975, 14.185184909000043 ], [ -90.881557242999975, 14.185420942000064 ], [ -90.880832454999961, 14.185986081000067 ], [ -90.880500913999981, 14.186343473000022 ], [ -90.88003293099996, 14.186931214000026 ], [ -90.879493273999969, 14.187507025000059 ], [ -90.879048266999973, 14.187864539000032 ], [ -90.878593037999963, 14.18820050000005 ], [ -90.878086187999941, 14.188547297000071 ], [ -90.877476610999963, 14.188922552000065 ], [ -90.875897058999954, 14.189770390000035 ], [ -90.875039300999958, 14.190313997000032 ], [ -90.874480734999963, 14.190680660000055 ], [ -90.873644462999948, 14.191154418000053 ], [ -90.872735085999977, 14.191707724000025 ], [ -90.871952370999963, 14.19190069800004 ], [ -90.871109227999966, 14.191993731000025 ], [ -90.870244876999948, 14.192126106000046 ], [ -90.868572284999971, 14.193013724000025 ], [ -90.866711737999935, 14.194189943000026 ], [ -90.86626726899999, 14.194486440000048 ], [ -90.865707481999948, 14.195042830000034 ], [ -90.865391447999968, 14.195841983000037 ], [ -90.864851448999957, 14.196448244000067 ], [ -90.864417299999957, 14.196754996000038 ], [ -90.863642715999958, 14.197189731000037 ], [ -90.862682622999955, 14.19765217500003 ], [ -90.861557303999973, 14.198263367000038 ], [ -90.860431494999943, 14.198864383000057 ], [ -90.859430584999984, 14.199356944000044 ], [ -90.859006549999947, 14.199633275000053 ], [ -90.858592453999961, 14.199960523000072 ], [ -90.858062178999944, 14.200638013000059 ], [ -90.85766788899997, 14.201075 ], [ -90.857253790999948, 14.201402245000054 ], [ -90.856428512999969, 14.201746138000033 ], [ -90.855666688999975, 14.201929072000041 ], [ -90.85507000199999, 14.201973424000073 ], [ -90.854545381999969, 14.202048916000024 ], [ -90.853884867999966, 14.202354742000068 ], [ -90.853336878999983, 14.202759846000049 ], [ -90.852684137999972, 14.203345861000059 ], [ -90.852113011999961, 14.203932606000023 ], [ -90.851542002999963, 14.204567922000024 ], [ -90.850628921999942, 14.205502875000036 ], [ -90.849738859999945, 14.206206475000045 ], [ -90.849138577999952, 14.206691293000063 ], [ -90.848517251999965, 14.207197380000025 ], [ -90.848081918999981, 14.207624942000052 ], [ -90.847737213999949, 14.208202415000073 ], [ -90.847451871999965, 14.209052640000039 ], [ -90.847231786999942, 14.20949117300006 ], [ -90.846878465999964, 14.209938671000032 ], [ -90.846349166999971, 14.210445579000066 ], [ -90.845727174999979, 14.211081546000059 ], [ -90.845332166999981, 14.211528666000049 ], [ -90.845009602999937, 14.211967401000038 ], [ -90.844727293999938, 14.212495733000026 ], [ -90.844452448999959, 14.213274884000043 ], [ -90.844220223999969, 14.21395502200005 ], [ -90.843947277999973, 14.214533134000021 ], [ -90.843603408999968, 14.215081240000075 ], [ -90.843023810999966, 14.215517653000063 ], [ -90.842179253999973, 14.215750619000062 ], [ -90.841446623999957, 14.216024126000036 ], [ -90.840939197999944, 14.216480388000036 ], [ -90.840513383999962, 14.216938514000049 ], [ -90.839820144999976, 14.217452958000024 ], [ -90.839344724999989, 14.217769443000066 ], [ -90.838919387999965, 14.218176742000026 ], [ -90.838441872999965, 14.218713463000029 ], [ -90.837789326999939, 14.219209067000065 ], [ -90.837056399999938, 14.219572916000061 ], [ -90.836488060999955, 14.219919052000023 ], [ -90.835946695999951, 14.220472131000065 ], [ -90.835728666999955, 14.220934386000067 ], [ -90.835589417999984, 14.221513697000034 ], [ -90.835292156999969, 14.222514014000069 ], [ -90.83504891199999, 14.223252770000045 ], [ -90.834565064999936, 14.224391455000045 ], [ -90.834239695999941, 14.225120430000061 ], [ -90.833987928999989, 14.22565918500004 ], [ -90.833354198999984, 14.226424896000026 ], [ -90.832741966999947, 14.227060906000077 ], [ -90.832130872999983, 14.22751620300005 ], [ -90.831686955999942, 14.22774372300006 ], [ -90.83077992699998, 14.228025772000024 ], [ -90.830006624999953, 14.228309032000027 ], [ -90.829488243999947, 14.228815990000044 ], [ -90.829102926999951, 14.22933319200007 ], [ -90.828706317999945, 14.230001648000041 ], [ -90.828351672999986, 14.230580119000024 ], [ -90.827759967999953, 14.231185803000074 ], [ -90.826994772999967, 14.231709710000075 ], [ -90.826291890999983, 14.232134786000074 ], [ -90.825785355999983, 14.232430624000074 ], [ -90.825216197999964, 14.232856914000024 ], [ -90.824923295999952, 14.233395280000025 ], [ -90.824863714999935, 14.234236219000024 ], [ -90.82483614299997, 14.234999514000037 ], [ -90.824800864999986, 14.235479235000071 ], [ -90.82475352099999, 14.236130528000047 ], [ -90.824592228999961, 14.236830481000027 ], [ -90.824382478999951, 14.237270206000062 ], [ -90.823975235999967, 14.237957753000046 ], [ -90.823474969999907, 14.238685111000052 ], [ -90.823016670999948, 14.239322491000053 ], [ -90.822868482999979, 14.239802309000027 ], [ -90.822643506999952, 14.240742265000051 ], [ -90.822409835999963, 14.241562413000054 ], [ -90.821846849999986, 14.242368259000045 ], [ -90.821133885999984, 14.242813550000051 ], [ -90.820473614999969, 14.243077474000074 ], [ -90.819768949999968, 14.243683228000066 ], [ -90.819311312999957, 14.244249445000037 ], [ -90.816969841999935, 14.244430215000023 ], [ -90.809045461999972, 14.243073347000063 ], [ -90.796583027999986, 14.243695025000022 ], [ -90.784905098999957, 14.241413786000066 ], [ -90.782852367999965, 14.239482519000035 ], [ -90.781655772999954, 14.23715597100005 ], [ -90.780857897999965, 14.232657751000033 ], [ -90.779795041999989, 14.221325991000072 ], [ -90.780698400999938, 14.218988455000044 ], [ -90.780738991999954, 14.218210623000061 ], [ -90.782191914999942, 14.216980550000073 ], [ -90.781948116999956, 14.214910210000028 ], [ -90.77887936799999, 14.213125382000044 ], [ -90.773240795999982, 14.208751564000067 ], [ -90.769122764999963, 14.20825800800003 ], [ -90.767205772999944, 14.207343318000028 ], [ -90.766231717999972, 14.206024039000056 ], [ -90.766639952999981, 14.199814634000063 ], [ -90.769004228999961, 14.188150035000035 ], [ -90.771079338999982, 14.186495477000051 ], [ -90.773044339999956, 14.185621469000068 ], [ -90.773045485999944, 14.183489029000043 ], [ -90.770466490999979, 14.181390196000052 ], [ -90.761799298999961, 14.171649029000037 ], [ -90.758255467999959, 14.16656832700005 ], [ -90.754936319999956, 14.159959270000058 ], [ -90.752370549999966, 14.156971530000021 ] ] ] ] } },
{ "type": "Feature", "properties": { "Codigo": 312, "datos_finales_color_riesgo": "ffaa00" }, "geometry": { "type": "MultiPolygon", "coordinates": [ [ [ [ -90.746763576999967, 14.461839491000035 ], [ -90.751692286999969, 14.465088592000029 ], [ -90.753722049999965, 14.465760795000051 ], [ -90.761204659999976, 14.470958672000052 ], [ -90.766777667999975, 14.475834403000022 ], [ -90.768723876999957, 14.477575291000051 ], [ -90.772216406999974, 14.48181788200003 ], [ -90.775891514999955, 14.484736184000042 ], [ -90.786395090999974, 14.488362669000026 ], [ -90.791367436999963, 14.488207294000063 ], [ -90.796353441999941, 14.486553137000044 ], [ -90.797419077999962, 14.486757397000076 ], [ -90.800094941999987, 14.490541342000029 ], [ -90.801341115999946, 14.491602287000035 ], [ -90.809426326999983, 14.494737579000059 ], [ -90.81160405199995, 14.495091079000076 ], [ -90.816336306999972, 14.496980701000041 ], [ -90.816502899999989, 14.498258563000036 ], [ -90.817208681999944, 14.499998877000053 ], [ -90.81700965899995, 14.505048061000025 ], [ -90.815758923999965, 14.506505876000062 ], [ -90.811245471999939, 14.509171175000063 ], [ -90.810404745999961, 14.509543964000045 ], [ -90.806761376999987, 14.511140893000061 ], [ -90.802436056999966, 14.512052560000029 ], [ -90.801763638999944, 14.512520636000033 ], [ -90.798654501999977, 14.513194007000038 ], [ -90.788267081999948, 14.516699272000039 ], [ -90.787147083999969, 14.517810259000044 ], [ -90.786271837999948, 14.522345808000068 ], [ -90.786327211999946, 14.524238173000072 ], [ -90.785220262999985, 14.528224865000027 ], [ -90.785584505999964, 14.533620333000044 ], [ -90.788119242999983, 14.53570441100004 ], [ -90.792100193999943, 14.538052846000028 ], [ -90.788739954999983, 14.53910316200006 ], [ -90.786980261999986, 14.539991236000049 ], [ -90.784176176999949, 14.539741088000028 ], [ -90.777585114999965, 14.534917993000022 ], [ -90.775658998999972, 14.534767567000074 ], [ -90.774648403999947, 14.535242501000027 ], [ -90.772587000999977, 14.537600396000073 ], [ -90.772450504999938, 14.547628585000041 ], [ -90.769950573999949, 14.551378256000078 ], [ -90.767180198999938, 14.546382288000075 ], [ -90.76463060399999, 14.54388560700005 ], [ -90.761893141999963, 14.542663377000054 ], [ -90.75582196199997, 14.542036026000062 ], [ -90.753531682999949, 14.540572906000023 ], [ -90.752148198999976, 14.529875185000037 ], [ -90.751514179999958, 14.528881977000026 ], [ -90.751654653999935, 14.52427636300007 ], [ -90.748643938999976, 14.488124785000025 ], [ -90.748169496999935, 14.478107796000074 ], [ -90.747250804999965, 14.46783242500004 ], [ -90.746763576999967, 14.461839491000035 ] ] ] ] } }
]
}
