{
"type": "FeatureCollection",
"name": "color_vul_muy_alto",
"crs": { "type": "name", "properties": { "name": "urn:ogc:def:crs:OGC:1.3:CRS84" } },
"features": [
{ "type": "Feature", "properties": { "Codigo": 611, "datos_finales_color_riesgo": "152640" }, "geometry": { "type": "MultiPolygon", "coordinates": [ [ [ [ -90.407870168999978, 14.132212910000021 ], [ -90.407420830999968, 14.127904636000039 ], [ -90.406494579999958, 14.126269710000031 ], [ -90.405992630999947, 14.124156056000061 ], [ -90.405710112999941, 14.123100583000053 ], [ -90.404737907999959, 14.12072439800005 ], [ -90.40345621299997, 14.114468290000048 ], [ -90.40304536299999, 14.11417139200006 ], [ -90.402799443999982, 14.111878701000023 ], [ -90.401972843999943, 14.105796891000068 ], [ -90.400932376999947, 14.103632259000051 ], [ -90.40024746499995, 14.103528880000056 ], [ -90.398620350999977, 14.10167860100006 ], [ -90.398109170999987, 14.099876511000048 ], [ -90.397275093999951, 14.089617691000058 ], [ -90.397688440999957, 14.087240657000052 ], [ -90.397924195999963, 14.086701183000059 ], [ -90.398286902999985, 14.086290679000058 ], [ -90.402977051999983, 14.084282712000061 ], [ -90.403429978999952, 14.083309694000036 ], [ -90.403477180999971, 14.078724470000054 ], [ -90.402473602999976, 14.077139541000065 ], [ -90.396465740999986, 14.076206395000042 ], [ -90.39372307299999, 14.073998536000033 ], [ -90.39323865099999, 14.073514519000071 ], [ -90.392489138999963, 14.070446273000073 ], [ -90.394374479999954, 14.068272596000043 ], [ -90.394266110999979, 14.066657792000058 ], [ -90.39352086699995, 14.065866075000031 ], [ -90.393018087999963, 14.064400582000076 ], [ -90.389530370999978, 14.060941401000036 ], [ -90.388194606999946, 14.06035670600005 ], [ -90.387035554999954, 14.05979650300003 ], [ -90.387126671999965, 14.058444705000056 ], [ -90.387632538999981, 14.05805495900006 ], [ -90.38892931099997, 14.056060134000063 ], [ -90.390727216999949, 14.053018294000026 ], [ -90.392555207999976, 14.050941100000045 ], [ -90.393496002999939, 14.050752513000077 ], [ -90.397339973999976, 14.048785094000038 ], [ -90.398148314999958, 14.04772669700003 ], [ -90.398181880999971, 14.04362915300004 ], [ -90.398227553999959, 14.041735957000071 ], [ -90.399170631999937, 14.038626093000062 ], [ -90.399827636999987, 14.037136955000051 ], [ -90.400808963999964, 14.03657951100007 ], [ -90.401344858999948, 14.036238603000072 ], [ -90.401734141999952, 14.035718831000054 ], [ -90.402003930999967, 14.034615099000064 ], [ -90.402001405999954, 14.02950198800005 ], [ -90.40219385599994, 14.028948482000033 ], [ -90.40279385499997, 14.028664716000037 ], [ -90.408245299999976, 14.029194064000023 ], [ -90.414217649999955, 14.02907052200004 ], [ -90.416507678999949, 14.017042751000076 ], [ -90.41033084899999, 14.017894819000048 ], [ -90.407097349999958, 14.017516926000042 ], [ -90.405764559999966, 14.014058531000046 ], [ -90.405350933999955, 14.013765019000061 ], [ -90.404529003999983, 14.010698288000071 ], [ -90.404050062999943, 14.010042726000052 ], [ -90.40386857499999, 14.007874942000058 ], [ -90.404277217999947, 14.006964654000058 ], [ -90.407441555999981, 14.004320024000037 ], [ -90.408812742999942, 14.003014629000063 ], [ -90.408933206999961, 14.00232709200003 ], [ -90.407222521999984, 14.001887597000064 ], [ -90.407209508999983, 14.001243801000044 ], [ -90.407001287999947, 14.000475962000053 ], [ -90.406738117999964, 14.000019200000054 ], [ -90.406366419999983, 13.999649354000042 ], [ -90.402725404999956, 13.998511639000071 ], [ -90.40220999, 13.998325442000066 ], [ -90.401760668999941, 13.99796943900003 ], [ -90.40131435, 13.997295028000053 ], [ -90.402780949999965, 13.995832600000028 ], [ -90.404950379999946, 13.995680801000049 ], [ -90.409031770999945, 13.996475385000053 ], [ -90.411188468999967, 13.995964302000061 ], [ -90.417011584999955, 13.995768946000055 ], [ -90.42279610199995, 13.994991483000035 ], [ -90.423661060999962, 13.994373952000046 ], [ -90.427157793999982, 13.99367707600004 ], [ -90.428443390999973, 13.992669883000076 ], [ -90.429540893999956, 13.991053154000042 ], [ -90.430009136999956, 13.987628615000062 ], [ -90.427857545999984, 13.987012962000051 ], [ -90.426920634999988, 13.986045430000047 ], [ -90.427066076999949, 13.97582397900004 ], [ -90.43130728899996, 13.975015186000064 ], [ -90.432922557999973, 13.973933517000034 ], [ -90.433061389999978, 13.965006052000035 ], [ -90.431868183999939, 13.964006484000038 ], [ -90.42624663, 13.96262353000003 ], [ -90.425067810999963, 13.961842028000035 ], [ -90.423757203999969, 13.947581675000038 ], [ -90.423370125999952, 13.947194763000027 ], [ -90.422404360999963, 13.939938215000041 ], [ -90.422021101999974, 13.937438540000073 ], [ -90.421485827999959, 13.936863734000042 ], [ -90.414203903999976, 13.935145706000071 ], [ -90.413599517999955, 13.935069271000032 ], [ -90.413093997999965, 13.934939686000064 ], [ -90.412656874999982, 13.934378329000026 ], [ -90.412658824999937, 13.933217500000069 ], [ -90.413906052999948, 13.929136159000052 ], [ -90.414287170999955, 13.928288765000048 ], [ -90.41644176599999, 13.924683404000064 ], [ -90.417751910999982, 13.924188012000059 ], [ -90.420691960999989, 13.921728063000046 ], [ -90.422515987999986, 13.918309961000034 ], [ -90.424067347999937, 13.914350310000032 ], [ -90.427117719999956, 13.909370944000045 ], [ -90.428986623999947, 13.907050861000073 ], [ -90.433399335999979, 13.905090668000071 ], [ -90.436408560999951, 13.902924792000022 ], [ -90.43808340399994, 13.900210726000068 ], [ -90.442892649999976, 13.887699320000024 ], [ -90.44291029599998, 13.886617676000071 ], [ -90.446242377999965, 13.879164417000027 ], [ -90.447328603999949, 13.876446344000044 ], [ -90.448563856999954, 13.876849969000034 ], [ -90.451106077999953, 13.877865737000036 ], [ -90.45406249199999, 13.878795455000045 ], [ -90.455567695999946, 13.879144268000061 ], [ -90.456031003999954, 13.879321872000048 ], [ -90.455130285999985, 13.880883302000029 ], [ -90.453320924999957, 13.883775695000054 ], [ -90.450829097999986, 13.889348593000022 ], [ -90.446436035999966, 13.898411296000063 ], [ -90.445108796999989, 13.900323918000026 ], [ -90.444124337999938, 13.902758450000022 ], [ -90.444058979999966, 13.904130941000062 ], [ -90.446535660999984, 13.906085656000073 ], [ -90.449102251999989, 13.906802494000033 ], [ -90.450080818999936, 13.907752274000075 ], [ -90.454337644999953, 13.909412725000038 ], [ -90.457439434999969, 13.911410013000022 ], [ -90.458350974999973, 13.912151284000061 ], [ -90.458824905999961, 13.91427247200005 ], [ -90.460097416999986, 13.922556500000042 ], [ -90.460143984999945, 13.926335516000051 ], [ -90.460709848999954, 13.927240316000052 ], [ -90.462838, 13.928007812000033 ], [ -90.462365652999949, 13.930236587000024 ], [ -90.461234581999975, 13.931433115000061 ], [ -90.459969035999961, 13.933612954000068 ], [ -90.456652194999947, 13.937554464000073 ], [ -90.455361889999949, 13.938029949000054 ], [ -90.454288990999942, 13.937868536000053 ], [ -90.452536253999938, 13.93918272600007 ], [ -90.45144136, 13.939339522000068 ], [ -90.450548405999939, 13.940321657000027 ], [ -90.449484119999966, 13.940586045000032 ], [ -90.44748868299996, 13.941624363000074 ], [ -90.445544203999987, 13.941602828000043 ], [ -90.444387700999982, 13.941106235000063 ], [ -90.443439124999941, 13.942568817000051 ], [ -90.443042782999953, 13.947689203000039 ], [ -90.442718059999947, 13.948145396000029 ], [ -90.44255590399996, 13.94942990800007 ], [ -90.442884431999971, 13.953138444000047 ], [ -90.442928160999941, 13.956198048000033 ], [ -90.441324529999974, 13.963835238000058 ], [ -90.43930215499995, 13.967445595000072 ], [ -90.439630084999976, 13.97041672000006 ], [ -90.440632988999937, 13.972214893000057 ], [ -90.440589756999941, 13.97303991900003 ], [ -90.44273265399994, 13.975797543000056 ], [ -90.447156252999946, 13.975698426000065 ], [ -90.450158238999961, 13.97721494700005 ], [ -90.451365130999989, 13.977668032000054 ], [ -90.454347580999979, 13.977075975000048 ], [ -90.456482259999973, 13.977653949000057 ], [ -90.457839451999973, 13.977374558000065 ], [ -90.460529172999941, 13.975057229000072 ], [ -90.461410478999937, 13.972512047000066 ], [ -90.462339549999967, 13.971251333000055 ], [ -90.463918777999936, 13.970808217000069 ], [ -90.466081967999969, 13.972425326000064 ], [ -90.466161756999952, 13.973270853000031 ], [ -90.467028265999943, 13.974133621000021 ], [ -90.467274867999947, 13.975163829000053 ], [ -90.469633724999937, 13.978087267000035 ], [ -90.470308814999953, 13.979009013000052 ], [ -90.470068947999948, 13.983338401000026 ], [ -90.469674501999975, 13.983718239000041 ], [ -90.468409482999959, 13.98952078700006 ], [ -90.466251314999965, 13.991917143000023 ], [ -90.463395986999956, 13.994502675000035 ], [ -90.462600221999935, 13.994460471000025 ], [ -90.462072201999945, 13.99494278700007 ], [ -90.455906665999976, 13.996345082000062 ], [ -90.452749976999939, 13.999712128000056 ], [ -90.452226209999935, 14.000278027000036 ], [ -90.451896335999947, 14.001141829000062 ], [ -90.451774010999941, 14.001956996000047 ], [ -90.45555933899999, 14.002630281000052 ], [ -90.454907129999981, 14.003464729000029 ], [ -90.454634641999974, 14.005890901000043 ], [ -90.453611214999967, 14.028631276000056 ], [ -90.45245373099999, 14.031377858000042 ], [ -90.450953397999967, 14.037406943000065 ], [ -90.450486935999947, 14.044439526000076 ], [ -90.449970821999955, 14.04654916800007 ], [ -90.448261681999952, 14.049949366000021 ], [ -90.44614854799994, 14.056289220000053 ], [ -90.444596798999953, 14.06435594900006 ], [ -90.444722105999972, 14.067341871000053 ], [ -90.445235350999951, 14.067949193000061 ], [ -90.447666484999957, 14.071226023000065 ], [ -90.447547955999937, 14.071898931000021 ], [ -90.447405557999957, 14.072429300000067 ], [ -90.447108371999946, 14.072938833000023 ], [ -90.446772057999965, 14.073429884000063 ], [ -90.445850073999964, 14.074364173000049 ], [ -90.443446006999977, 14.076766580000026 ], [ -90.442784237999945, 14.078017541000065 ], [ -90.44198404499997, 14.081725392000067 ], [ -90.442388986999958, 14.093043568000041 ], [ -90.443141932999936, 14.093583434000038 ], [ -90.44403244199998, 14.094029900000066 ], [ -90.444572652999966, 14.09445345000006 ], [ -90.444935369999939, 14.094920289000072 ], [ -90.443960574999949, 14.103232466000065 ], [ -90.443969218999939, 14.105467327000042 ], [ -90.444692977999978, 14.10629371400006 ], [ -90.459758337999972, 14.108562619000054 ], [ -90.461730475999957, 14.109350192000022 ], [ -90.461208036999949, 14.113009115000068 ], [ -90.458164982999961, 14.118326255000056 ], [ -90.456897439999977, 14.119728936000058 ], [ -90.456411189999983, 14.120482651000032 ], [ -90.455963853999947, 14.121118205000073 ], [ -90.453390595999963, 14.123082963000058 ], [ -90.439055919999987, 14.124779274000048 ], [ -90.436960762999945, 14.124488189000033 ], [ -90.437505898999973, 14.11821883500005 ], [ -90.438251819999948, 14.114787127000056 ], [ -90.438250002999951, 14.111585719000061 ], [ -90.435625310999967, 14.110753747000047 ], [ -90.426603502999967, 14.109247028000027 ], [ -90.426195545999974, 14.110802129000035 ], [ -90.425534696999989, 14.122711793000065 ], [ -90.424681235999969, 14.126939508000078 ], [ -90.424381980999954, 14.127415093000025 ], [ -90.421256378999942, 14.13323999000005 ], [ -90.419694250999953, 14.13472734100003 ], [ -90.419488323999985, 14.135492999000064 ], [ -90.414110996999966, 14.133503093000058 ], [ -90.407870168999978, 14.132212910000021 ] ] ] ] } },
{ "type": "Feature", "properties": { "Codigo": 407, "datos_finales_color_riesgo": "152640" }, "geometry": { "type": "MultiPolygon", "coordinates": [ [ [ [ -90.988161167999976, 14.690019289000077 ], [ -90.989457206999987, 14.685912099000063 ], [ -90.990136987999961, 14.685047084000075 ], [ -90.993396751999967, 14.683881327000051 ], [ -90.996752925999942, 14.681618404000062 ], [ -90.996679092999955, 14.678958740000041 ], [ -90.994465936999973, 14.675111492000042 ], [ -90.99426613899999, 14.67239765000005 ], [ -90.995065357999977, 14.67134274700004 ], [ -90.995076794999989, 14.669449672000042 ], [ -90.993045908999989, 14.667639496000049 ], [ -90.987543443999982, 14.666971763000049 ], [ -90.98061338399998, 14.665027512000052 ], [ -90.970064750999938, 14.660546116000035 ], [ -90.968332400999941, 14.658793712000033 ], [ -90.967720116999942, 14.654795353000054 ], [ -90.965961470999957, 14.651875870000026 ], [ -90.964304456999969, 14.651900905000048 ], [ -90.962450231999981, 14.654120068000054 ], [ -90.960545698999965, 14.654499848000057 ], [ -90.958437501999981, 14.65388155200003 ], [ -90.956883888999982, 14.652326060000064 ], [ -90.956638130999977, 14.643415084000026 ], [ -90.958800635999978, 14.633072618000028 ], [ -90.95927919899998, 14.63244313000007 ], [ -90.959313944999963, 14.630817996000076 ], [ -90.960493389999954, 14.627718647000052 ], [ -90.959571533999963, 14.622400508000055 ], [ -90.958847459999959, 14.620350791000021 ], [ -90.957819808999943, 14.619080067000027 ], [ -90.957290312999987, 14.61537160000006 ], [ -90.95685486299999, 14.614729580000073 ], [ -90.955804377999982, 14.603950018000035 ], [ -90.956395384999951, 14.601312024000038 ], [ -90.957626655999945, 14.599302020000039 ], [ -90.957680378999953, 14.598508409000033 ], [ -90.960268474999964, 14.596336305000023 ], [ -90.961172905999945, 14.596872845000064 ], [ -90.96204838899996, 14.597593248000067 ], [ -90.966969147999976, 14.599384741000051 ], [ -90.971552728999939, 14.600450285000022 ], [ -90.973473632999969, 14.600636413000075 ], [ -90.974501661999966, 14.600285007000025 ], [ -90.975388674999977, 14.600005795000072 ], [ -90.98165643599998, 14.594919397000069 ], [ -90.987155141999949, 14.591592828000046 ], [ -90.987621820999948, 14.590911194000057 ], [ -90.988409841999953, 14.59079825200007 ], [ -90.98956420199994, 14.589684261000059 ], [ -90.993788825999957, 14.587862435000034 ], [ -90.996943728999952, 14.585811081000031 ], [ -91.00144983499996, 14.584016365000025 ], [ -91.00301249499995, 14.582566910000025 ], [ -91.004308264999963, 14.584026124000047 ], [ -91.008130936999976, 14.586508845000026 ], [ -91.010873008999965, 14.588824169000077 ], [ -91.010855635999974, 14.589402372000052 ], [ -91.01396730099998, 14.593065036000041 ], [ -91.017237874999978, 14.596286215000077 ], [ -91.021455683999989, 14.601644690000057 ], [ -91.026421191999987, 14.606757539000057 ], [ -91.032027963999951, 14.609967815000061 ], [ -91.036512832999961, 14.610469892000026 ], [ -91.038333670999975, 14.610190390000071 ], [ -91.039256337999973, 14.609094522000078 ], [ -91.039993262999985, 14.606246190000036 ], [ -91.041305929999965, 14.604007029000059 ], [ -91.041758868999977, 14.595623459000024 ], [ -91.042551666999941, 14.592479617000038 ], [ -91.043486093999945, 14.591156765000051 ], [ -91.044993517999956, 14.589570988000048 ], [ -91.048489104999987, 14.58771377000005 ], [ -91.05577651599998, 14.584721195000043 ], [ -91.060423482999965, 14.583886634000066 ], [ -91.061094555999944, 14.583415503000026 ], [ -91.073044504999984, 14.582955231000028 ], [ -91.080489581999984, 14.583941705000029 ], [ -91.088343446999943, 14.585621507000042 ], [ -91.091251426999975, 14.586629213000037 ], [ -91.101802390999978, 14.592032473000074 ], [ -91.104492823999976, 14.592658697000047 ], [ -91.10531250799994, 14.593386069000076 ], [ -91.114199662999965, 14.59748412600004 ], [ -91.111957217999986, 14.613060855000072 ], [ -91.112277994999943, 14.615980215000036 ], [ -91.110652002999984, 14.627454463000049 ], [ -91.109154353999941, 14.63021672900004 ], [ -91.107074484999941, 14.634844945000054 ], [ -91.104021277999948, 14.638370578000035 ], [ -91.103901203999953, 14.639179556000045 ], [ -91.10322242899997, 14.639521956000067 ], [ -91.099755546999972, 14.648895693000043 ], [ -91.098556404999954, 14.651182455000026 ], [ -91.095968662999951, 14.655448269000033 ], [ -91.093964113999959, 14.657675308000023 ], [ -91.091303848999985, 14.662657772000045 ], [ -91.09137590499995, 14.663180255000043 ], [ -91.090801076999981, 14.663835242000061 ], [ -91.090039617999935, 14.668080932000066 ], [ -91.089442291999944, 14.66865213400007 ], [ -91.088274598999988, 14.671967041000073 ], [ -91.087456543999963, 14.672632440000029 ], [ -91.087426347999951, 14.673436489000039 ], [ -91.08581762099999, 14.675885834000042 ], [ -91.081498167999939, 14.679659301000072 ], [ -91.079700296999988, 14.681961304000026 ], [ -91.07970770899999, 14.682508105000068 ], [ -91.079096610999954, 14.682921012000065 ], [ -91.078316158999939, 14.684587528000066 ], [ -91.077460841999937, 14.693751879000047 ], [ -91.07654327099999, 14.694702194000058 ], [ -91.075913779999951, 14.697343684000032 ], [ -91.075190343999964, 14.704479162000041 ], [ -91.073630008999942, 14.704541885000026 ], [ -91.071640437999974, 14.705906870000035 ], [ -91.068337746999987, 14.707262025000034 ], [ -91.064610130999938, 14.710013174000039 ], [ -91.060207368999954, 14.712192664000042 ], [ -91.058837018999952, 14.712355147000039 ], [ -91.056974631999935, 14.711790545000042 ], [ -91.053911629999959, 14.711946708000028 ], [ -91.05166223399999, 14.712817936000022 ], [ -91.049714764999976, 14.713863382000056 ], [ -91.047514473999968, 14.716320946000053 ], [ -91.045158308999987, 14.720114620000061 ], [ -91.035049489999949, 14.72178107600007 ], [ -91.029773717999944, 14.725998210000057 ], [ -91.025435539999989, 14.726931568000055 ], [ -91.01467616299999, 14.726957019000054 ], [ -91.008225218999939, 14.728312450000033 ], [ -91.005795913999975, 14.728768217000038 ], [ -90.999668203999988, 14.728716470000052 ], [ -90.995849143999976, 14.728841574000057 ], [ -90.994403446999968, 14.727649777000067 ], [ -90.994213293999962, 14.72413967500006 ], [ -90.99486292499995, 14.716618947000029 ], [ -90.99611058399995, 14.708923779000031 ], [ -90.994226526999967, 14.705931048000025 ], [ -90.993262754999989, 14.705609815000059 ], [ -90.99026715499997, 14.702791556000022 ], [ -90.989927535999982, 14.697673907000024 ], [ -90.990749765999965, 14.693418020000024 ], [ -90.988161167999976, 14.690019289000077 ] ] ] ] } },
{ "type": "Feature", "properties": { "Codigo": 1325, "datos_finales_color_riesgo": "152640" }, "geometry": { "type": "MultiPolygon", "coordinates": [ [ [ [ -91.484684590999962, 15.823812098000076 ], [ -91.488424348999956, 15.82024337200005 ], [ -91.489352476999954, 15.818851222000035 ], [ -91.489931669999976, 15.818011341000044 ], [ -91.49092813499999, 15.816685186000029 ], [ -91.492559667999956, 15.814769191000039 ], [ -91.494305941999983, 15.813112689000036 ], [ -91.496054979999897, 15.811946495000029 ], [ -91.499989167999956, 15.80877541600006 ], [ -91.502574085999981, 15.807544892000067 ], [ -91.505257656999959, 15.806700254000077 ], [ -91.508641208999961, 15.804995004000034 ], [ -91.513822492999964, 15.801574622000032 ], [ -91.51438770599998, 15.801590915000077 ], [ -91.516011594999952, 15.800437242000044 ], [ -91.518005692999964, 15.798915524000051 ], [ -91.523389200999986, 15.794920091000051 ], [ -91.524891724999975, 15.793835566000041 ], [ -91.525617601999954, 15.793898107000075 ], [ -91.527174662999983, 15.792449024000064 ], [ -91.529473738999968, 15.789872932000037 ], [ -91.533068979999939, 15.786249238000039 ], [ -91.534076513999935, 15.785351096000056 ], [ -91.535870194999973, 15.782372713000029 ], [ -91.537372062999964, 15.778754032000052 ], [ -91.538844341999948, 15.771194534000074 ], [ -91.538629668999988, 15.768425182000044 ], [ -91.539424728999961, 15.766715540000064 ], [ -91.541298692999987, 15.75686980100005 ], [ -91.542013037999936, 15.755588914000043 ], [ -91.543100986999946, 15.752137986000037 ], [ -91.544840664999981, 15.749716099000068 ], [ -91.544934536999961, 15.748983507000048 ], [ -91.545536274999961, 15.748028355000031 ], [ -91.547732029999963, 15.745930334000036 ], [ -91.547753509999893, 15.745123824000075 ], [ -91.55152579099996, 15.742115497000043 ], [ -91.55654771799999, 15.737143923000076 ], [ -91.56269174, 15.732973839000067 ], [ -91.564963686999988, 15.731939238000052 ], [ -91.56576936, 15.732321882000065 ], [ -91.570202990999974, 15.738677738000035 ], [ -91.570765685999959, 15.741702451000037 ], [ -91.572029659999941, 15.743949950000058 ], [ -91.576637859999948, 15.749756649000062 ], [ -91.579969874999961, 15.752651415000059 ], [ -91.591041268999959, 15.759093015000076 ], [ -91.594397052999966, 15.762740177000069 ], [ -91.59862785699994, 15.768441232000043 ], [ -91.602230175999978, 15.773695305000047 ], [ -91.604094410999949, 15.77534094300006 ], [ -91.607881821999968, 15.778129800000045 ], [ -91.61563619399999, 15.781796873000076 ], [ -91.623675463999973, 15.788416513000072 ], [ -91.627688694999961, 15.788504018000026 ], [ -91.638616677999948, 15.785677036000038 ], [ -91.644147275999956, 15.785505963000048 ], [ -91.647898078999958, 15.785927007000055 ], [ -91.652714963999983, 15.78711495400006 ], [ -91.657529721999936, 15.789609971000061 ], [ -91.661863566999955, 15.792594527000062 ], [ -91.664479197999981, 15.79542157700007 ], [ -91.666517762999945, 15.798890185000062 ], [ -91.669951377999951, 15.802813596000021 ], [ -91.673509242999955, 15.807835895000039 ], [ -91.674368750999975, 15.809977617000072 ], [ -91.682612307999989, 15.821033305000071 ], [ -91.683368018999943, 15.822736003000045 ], [ -91.686422232999973, 15.825521428000059 ], [ -91.690612686999941, 15.828213125000048 ], [ -91.687828313999944, 15.830436724000037 ], [ -91.684734151999976, 15.835164334000069 ], [ -91.681829301999983, 15.841541435000067 ], [ -91.680626985999936, 15.843453669000041 ], [ -91.679429634999963, 15.844598786000063 ], [ -91.672459144999948, 15.849191805000032 ], [ -91.668289902999959, 15.850895955000055 ], [ -91.666115243999968, 15.851725413000054 ], [ -91.659233335999943, 15.852635358000043 ], [ -91.650631895999936, 15.852348087000053 ], [ -91.625997930999972, 15.853215720000037 ], [ -91.616479589999983, 15.853130287000056 ], [ -91.603719255999977, 15.854009863000044 ], [ -91.596728144999986, 15.855322681000075 ], [ -91.588369074999946, 15.856040003000032 ], [ -91.579370565999966, 15.857895001000031 ], [ -91.564848316999985, 15.85989496600007 ], [ -91.554275299999972, 15.862191482000071 ], [ -91.54798571799995, 15.864247351000074 ], [ -91.539328551999972, 15.868944239000029 ], [ -91.536456194999971, 15.869724697000038 ], [ -91.535938172999977, 15.869692951000047 ], [ -91.535771379999971, 15.868948448000026 ], [ -91.529102241999965, 15.862373293000076 ], [ -91.525107507999962, 15.856917690000046 ], [ -91.521137821999957, 15.853819978000047 ], [ -91.516507209999986, 15.85142376400006 ], [ -91.507470942999987, 15.842906733000063 ], [ -91.500062660999959, 15.837180930000045 ], [ -91.498893727999985, 15.836411399000042 ], [ -91.497465964999947, 15.835372322000069 ], [ -91.496789962999969, 15.834781303000057 ], [ -91.494434770999987, 15.831887530000074 ], [ -91.487229047999961, 15.825391141000068 ], [ -91.484684590999962, 15.823812098000076 ] ] ] ] } },
{ "type": "Feature", "properties": { "Codigo": 1907, "datos_finales_color_riesgo": "152640" }, "geometry": { "type": "MultiPolygon", "coordinates": [ [ [ [ -89.696245929999975, 14.854825001000052 ], [ -89.696882647999985, 14.853125578000061 ], [ -89.702735073999975, 14.847571575000075 ], [ -89.704882417999954, 14.846093550000035 ], [ -89.705512238999972, 14.84564553000007 ], [ -89.706285849999972, 14.844551789000036 ], [ -89.706176143999983, 14.840231308000057 ], [ -89.707135081999979, 14.836551352000072 ], [ -89.708813349999957, 14.833325205000051 ], [ -89.710140076999949, 14.828946277000057 ], [ -89.710762211999963, 14.828273540000055 ], [ -89.714523282999949, 14.829811361000054 ], [ -89.71725698299997, 14.831550012000037 ], [ -89.721283623999966, 14.835295594000058 ], [ -89.723465786999952, 14.839113018000035 ], [ -89.724474722999958, 14.840065235000054 ], [ -89.726030406999939, 14.840651690000072 ], [ -89.729889426999989, 14.84056107400005 ], [ -89.731050871999969, 14.839398259000063 ], [ -89.731587159999947, 14.836756026000046 ], [ -89.732351879999953, 14.835625927000024 ], [ -89.735584327999959, 14.832753398000023 ], [ -89.738786605999962, 14.831848606000051 ], [ -89.740378331999977, 14.832236842000043 ], [ -89.749549480999974, 14.832003326000063 ], [ -89.752853466999966, 14.832482275000075 ], [ -89.759479585999941, 14.834485370000039 ], [ -89.768850861999965, 14.835712065000052 ], [ -89.770210417999976, 14.836507655000048 ], [ -89.771345634999989, 14.838034806000053 ], [ -89.77112799799994, 14.840462751000075 ], [ -89.770061215999988, 14.842527764000067 ], [ -89.771689242999969, 14.845170132000021 ], [ -89.781393782999942, 14.848300548000054 ], [ -89.786090767999951, 14.847979224000028 ], [ -89.787928572999988, 14.846887611000056 ], [ -89.791179420999981, 14.84364652000005 ], [ -89.794674577999956, 14.841456136000033 ], [ -89.798752558999979, 14.84061461400006 ], [ -89.803465592999942, 14.840574152000045 ], [ -89.809044329999949, 14.842699056000072 ], [ -89.820157580999989, 14.843376865000039 ], [ -89.823482172999945, 14.846728685000073 ], [ -89.825544567999941, 14.847409563000042 ], [ -89.828455654999971, 14.85032334400006 ], [ -89.829664849999972, 14.850753132000023 ], [ -89.832890499999962, 14.854104622000023 ], [ -89.838577016999977, 14.855373753000038 ], [ -89.841531159999988, 14.856624356000054 ], [ -89.842920719999938, 14.858899682000072 ], [ -89.842264726999986, 14.861397426000053 ], [ -89.844392158999938, 14.863366876000043 ], [ -89.852060661999985, 14.864624608000042 ], [ -89.852643479999983, 14.865205974000048 ], [ -89.853736479999952, 14.865416230000051 ], [ -89.861543007999956, 14.864164233000054 ], [ -89.862670169999944, 14.865624370000035 ], [ -89.862054778999948, 14.868777400000056 ], [ -89.862109178999958, 14.87175561600003 ], [ -89.861442341999975, 14.872286002000067 ], [ -89.858478907999938, 14.872933914000043 ], [ -89.856126124999946, 14.874245923000046 ], [ -89.853405349999946, 14.876523513000052 ], [ -89.851986669999974, 14.880835889000025 ], [ -89.848615206999966, 14.886948713000038 ], [ -89.848585517999936, 14.887753048000036 ], [ -89.847681488999967, 14.888985532000049 ], [ -89.845284204999984, 14.891981871000041 ], [ -89.842764265999961, 14.896818465000024 ], [ -89.841497807999986, 14.898226499000032 ], [ -89.838229633999958, 14.899529004000044 ], [ -89.836580503999983, 14.899719536000077 ], [ -89.833226169999989, 14.90321939200004 ], [ -89.831060183999966, 14.903988498000047 ], [ -89.82276230399998, 14.903112733000057 ], [ -89.819637666999938, 14.903997077000042 ], [ -89.817846006999957, 14.90515724200003 ], [ -89.816989209999974, 14.907185907000041 ], [ -89.817236893999961, 14.917052535000039 ], [ -89.816672022999967, 14.922070501000064 ], [ -89.816735788999949, 14.922784688000036 ], [ -89.815944603999981, 14.923543401000074 ], [ -89.816047487999981, 14.924359709000043 ], [ -89.815557639999952, 14.924794182000028 ], [ -89.815500810999936, 14.927232376000063 ], [ -89.81649213899999, 14.929080226000053 ], [ -89.818891012999984, 14.931867516000068 ], [ -89.819431608999935, 14.932441623000045 ], [ -89.818993336999938, 14.933313601000066 ], [ -89.818199323999977, 14.933709982000039 ], [ -89.81764078499998, 14.93403853500007 ], [ -89.817057635999959, 14.934501054000066 ], [ -89.816727469999989, 14.934968222000066 ], [ -89.816558215999976, 14.935504225000045 ], [ -89.816502542999956, 14.936130969000033 ], [ -89.816486669999961, 14.937207469000043 ], [ -89.816723759999945, 14.939077540000028 ], [ -89.816900043999965, 14.940465965000044 ], [ -89.816962073999946, 14.940982617000031 ], [ -89.816906047999964, 14.941633059000026 ], [ -89.816806507999956, 14.942124887000034 ], [ -89.816486470999962, 14.942612509000071 ], [ -89.816124192999951, 14.943012639000074 ], [ -89.814632354999958, 14.944045973000073 ], [ -89.814020959999937, 14.944374904000028 ], [ -89.813394563999964, 14.944618974000036 ], [ -89.812795548999986, 14.944777649000059 ], [ -89.812277262999942, 14.944893432000072 ], [ -89.811389714999962, 14.945095476000063 ], [ -89.809802468999976, 14.945317083000077 ], [ -89.808205419999979, 14.945416651000073 ], [ -89.806689586999937, 14.945440594000047 ], [ -89.805507348999981, 14.945435339000028 ], [ -89.804634151999949, 14.945530337000037 ], [ -89.803472244999966, 14.94564160300007 ], [ -89.802377399999955, 14.945927611000059 ], [ -89.801744547999988, 14.946019192000051 ], [ -89.801147680999975, 14.946032272000025 ], [ -89.800596977999987, 14.946024553000029 ], [ -89.80010314499998, 14.946017631000075 ], [ -89.799575072999971, 14.946010227000045 ], [ -89.798911448999945, 14.945867743000065 ], [ -89.798225950999949, 14.945634663000021 ], [ -89.797290267999983, 14.945286337000027 ], [ -89.796833319999962, 14.945101602000022 ], [ -89.79628841899995, 14.944703454000035 ], [ -89.795550031999937, 14.944202142000051 ], [ -89.794327696999972, 14.943341904000022 ], [ -89.793838023999967, 14.942782006000073 ], [ -89.793368670999939, 14.942495517000054 ], [ -89.790699103999941, 14.941772939000032 ], [ -89.786811541999953, 14.941892064000058 ], [ -89.781954478999978, 14.942922918000022 ], [ -89.778892553999981, 14.942710444000056 ], [ -89.777116773999978, 14.941450696000061 ], [ -89.774973982999938, 14.940944170000023 ], [ -89.763799498999958, 14.943669596000063 ], [ -89.763198362999958, 14.944240037000043 ], [ -89.760518937999962, 14.944918679000068 ], [ -89.759280940999986, 14.946001472000034 ], [ -89.752649291999944, 14.949320029000035 ], [ -89.751615963999939, 14.951068156000076 ], [ -89.74816444399994, 14.952828091000072 ], [ -89.74922782499999, 14.947008531000051 ], [ -89.749486477999938, 14.940780238000059 ], [ -89.746260589999963, 14.933974159000059 ], [ -89.744406659999981, 14.93195130600003 ], [ -89.742622458999961, 14.92838555700007 ], [ -89.742472883999937, 14.925411909000047 ], [ -89.743309994999947, 14.922005410000054 ], [ -89.743027531999985, 14.92122493100004 ], [ -89.742848153999944, 14.920073494000064 ], [ -89.740029108999977, 14.917639625000049 ], [ -89.739244687999985, 14.91743658300004 ], [ -89.732695848999981, 14.916364635000036 ], [ -89.730941691999988, 14.915551831000073 ], [ -89.727733910999973, 14.912974605000045 ], [ -89.722855178999964, 14.911112614000047 ], [ -89.719475156999977, 14.908310511000025 ], [ -89.717982460999963, 14.905877401000055 ], [ -89.717452259999959, 14.903801176000059 ], [ -89.717044395999949, 14.901119550000033 ], [ -89.717458894999936, 14.899270168000044 ], [ -89.717436507999935, 14.892786363000027 ], [ -89.719599344999949, 14.888973529000054 ], [ -89.720003616999975, 14.886568742000065 ], [ -89.721640449999938, 14.882923262000077 ], [ -89.725205492999976, 14.878376521000064 ], [ -89.728208557999949, 14.875573193000037 ], [ -89.72878514599995, 14.875581423000028 ], [ -89.728990128999953, 14.874069825000049 ], [ -89.727625349999983, 14.872697209000023 ], [ -89.726526239999941, 14.872636376000059 ], [ -89.722758694999982, 14.870552289000045 ], [ -89.71778851, 14.866782952000051 ], [ -89.714513218999969, 14.865613155000062 ], [ -89.708867959999964, 14.86268943400006 ], [ -89.704761389999987, 14.859460431000059 ], [ -89.69872980699995, 14.856669775000057 ], [ -89.696245929999975, 14.854825001000052 ] ] ] ] } },
{ "type": "Feature", "properties": { "Codigo": 1409, "datos_finales_color_riesgo": "152640" }, "geometry": { "type": "MultiPolygon", "coordinates": [ [ [ [ -91.142477394999958, 15.219339225000056 ], [ -91.139768360999938, 15.215377846000024 ], [ -91.139522686999953, 15.214208920000033 ], [ -91.138085825999951, 15.206210647000034 ], [ -91.134258863999946, 15.202012915000068 ], [ -91.132232718999944, 15.198678427000061 ], [ -91.130906972999981, 15.191637842000034 ], [ -91.129875100999982, 15.189734912000063 ], [ -91.127105599999936, 15.187615328000049 ], [ -91.121087011999975, 15.185408756000072 ], [ -91.11720337, 15.183418708000033 ], [ -91.112542893999944, 15.181158891000052 ], [ -91.103336604999981, 15.178423602000066 ], [ -91.094975010999974, 15.176401102000057 ], [ -91.091228838999939, 15.176378427000031 ], [ -91.088608939999972, 15.176766254000029 ], [ -91.083795490999989, 15.179079419000061 ], [ -91.07557989299994, 15.186387801000024 ], [ -91.075045431999968, 15.186836194000023 ], [ -91.073778743999981, 15.187734672000033 ], [ -91.071642620999967, 15.187796584000068 ], [ -91.070122627999979, 15.187000760000046 ], [ -91.06935012799994, 15.185675919000062 ], [ -91.068577063999953, 15.184349943000029 ], [ -91.067356921999988, 15.18089991100004 ], [ -91.065434645999972, 15.176134667000042 ], [ -91.063802424999949, 15.172413378000044 ], [ -91.06261101299998, 15.167739119000032 ], [ -91.062614888999974, 15.166101269000023 ], [ -91.063666758999943, 15.163812748000055 ], [ -91.066152037999984, 15.160498439000037 ], [ -91.067804734999982, 15.158186802000046 ], [ -91.070306546999973, 15.152585169000076 ], [ -91.071821203999946, 15.144957623000039 ], [ -91.071683978999943, 15.144187206000026 ], [ -91.070858165999937, 15.14343236600007 ], [ -91.069939792999946, 15.143267501000025 ], [ -91.066616900999975, 15.14414950400004 ], [ -91.06126848699995, 15.14410362600006 ], [ -91.057651352999983, 15.143582293000065 ], [ -91.051020802999972, 15.141447854000035 ], [ -91.044636137999987, 15.140033770000059 ], [ -91.033576092999965, 15.139079235000054 ], [ -91.032227888999955, 15.139000844000066 ], [ -91.030284276999964, 15.139050539000038 ], [ -91.02611002399999, 15.139380058000029 ], [ -91.022659102999967, 15.139831050000055 ], [ -91.017132498999956, 15.14133909800006 ], [ -91.01018167699999, 15.144550232000029 ], [ -91.006714226999975, 15.146633011000063 ], [ -91.002390215999981, 15.148407693000024 ], [ -90.998544988999981, 15.150211378000051 ], [ -90.992487121999943, 15.151720832000024 ], [ -90.990623982999978, 15.151860120000038 ], [ -90.989420355999982, 15.147675770000035 ], [ -90.989416204999941, 15.144975016000046 ], [ -90.990635768999937, 15.141123997000022 ], [ -90.99357394499998, 15.134494895000046 ], [ -90.994705958999987, 15.129798164000022 ], [ -90.998984423999957, 15.118093386000055 ], [ -90.999039717999949, 15.110833176000028 ], [ -90.998738323999987, 15.108876399000053 ], [ -90.998479560999954, 15.107209162000061 ], [ -90.998076568999977, 15.103874575000077 ], [ -90.997913039999958, 15.102653221000025 ], [ -91.001212190999979, 15.101396967000028 ], [ -91.008113654999988, 15.101272580000057 ], [ -91.016243049999957, 15.103259721000029 ], [ -91.020424566999964, 15.104828025000074 ], [ -91.028654856999935, 15.10517550700007 ], [ -91.030187622999961, 15.105011516000047 ], [ -91.039701992999937, 15.104048181000053 ], [ -91.050896573999978, 15.103447954000046 ], [ -91.052885619999984, 15.103354383000067 ], [ -91.062324672999978, 15.102611952000075 ], [ -91.066869359999941, 15.101870284000029 ], [ -91.068533255999967, 15.101667615000054 ], [ -91.069770914999935, 15.101348336000058 ], [ -91.07013901, 15.101014860000078 ], [ -91.070373070999949, 15.100395584000069 ], [ -91.071353125999963, 15.098151542000039 ], [ -91.072960352999985, 15.098169751000057 ], [ -91.078700505999961, 15.099780776000046 ], [ -91.083194846999959, 15.102114222000068 ], [ -91.08701655699997, 15.105108364000046 ], [ -91.091382893999935, 15.110663327000054 ], [ -91.09294879, 15.11115548600003 ], [ -91.094207558999983, 15.111275668000076 ], [ -91.098156742999947, 15.110701191000032 ], [ -91.101320237999971, 15.109499893000077 ], [ -91.10442891699995, 15.107855283000049 ], [ -91.106177545999969, 15.106559588000039 ], [ -91.107210045999977, 15.106101700000067 ], [ -91.108378150999954, 15.105823423000061 ], [ -91.110592378999968, 15.106108513000038 ], [ -91.115903217999971, 15.107751208000025 ], [ -91.118484509999973, 15.107950042000027 ], [ -91.122479391999946, 15.108516418000022 ], [ -91.131709606999948, 15.10848892100006 ], [ -91.138058844999989, 15.107091968000077 ], [ -91.142270589999953, 15.104726140000025 ], [ -91.144917859999964, 15.102619643000025 ], [ -91.14524937799996, 15.097046514000056 ], [ -91.146530223999946, 15.087982691000036 ], [ -91.148623223999948, 15.085943881000048 ], [ -91.148788995999951, 15.090162151000072 ], [ -91.149172464999936, 15.091126602000031 ], [ -91.150725364999971, 15.092655256000057 ], [ -91.154094148999945, 15.094080104000057 ], [ -91.159483998999974, 15.096557226000073 ], [ -91.162930657999937, 15.097054026000023 ], [ -91.17692595699998, 15.096551524000063 ], [ -91.183857238999963, 15.095833434000042 ], [ -91.193544566999947, 15.096097341000075 ], [ -91.196829965999939, 15.096910908000041 ], [ -91.203741024999943, 15.099844233000056 ], [ -91.207236227999942, 15.10081860300005 ], [ -91.211246439999968, 15.101253627000062 ], [ -91.213398965999943, 15.101989101000072 ], [ -91.212674822999986, 15.10404163100003 ], [ -91.209585917999959, 15.109377459000029 ], [ -91.208953778999955, 15.109880804000056 ], [ -91.206123495999975, 15.110503408000056 ], [ -91.20556057899995, 15.111416228000053 ], [ -91.205827276999969, 15.112681305000024 ], [ -91.208054836999963, 15.115777293000065 ], [ -91.209769270999971, 15.116422357000033 ], [ -91.214177139999947, 15.116897786000038 ], [ -91.216067901999963, 15.117667330000074 ], [ -91.218222312999956, 15.118964233000042 ], [ -91.219824749999987, 15.119451318000074 ], [ -91.221418640999957, 15.120197017000066 ], [ -91.223026533999985, 15.121985505000055 ], [ -91.223943893999945, 15.122493158000054 ], [ -91.225327322999988, 15.122891502000073 ], [ -91.226789986999961, 15.122992226000065 ], [ -91.227857203999974, 15.123800405000054 ], [ -91.228603024999984, 15.124871533000032 ], [ -91.230032163999965, 15.127191781000022 ], [ -91.231338944999948, 15.128424319000032 ], [ -91.233180195999978, 15.129716388000077 ], [ -91.234605786999964, 15.131702202000042 ], [ -91.235374676999982, 15.132452666000063 ], [ -91.235888880999937, 15.133203398000035 ], [ -91.236271743999964, 15.134437733000027 ], [ -91.23626876899999, 15.137677616000076 ], [ -91.236433425999962, 15.138157884000066 ], [ -91.23678741699996, 15.138525533000063 ], [ -91.23801670499995, 15.139156451000076 ], [ -91.239027422999982, 15.139568761000078 ], [ -91.240084315999979, 15.14072701200007 ], [ -91.240759207999986, 15.141669903000036 ], [ -91.240744562999964, 15.142387133000057 ], [ -91.240625461999969, 15.143007527000066 ], [ -91.240323740999941, 15.14356097700005 ], [ -91.240304278999986, 15.144227332000071 ], [ -91.240609905999975, 15.144679328000052 ], [ -91.241365935999966, 15.14495295100005 ], [ -91.242509051999946, 15.144687344000033 ], [ -91.243339123999988, 15.144374108000022 ], [ -91.248492623999937, 15.144779044000074 ], [ -91.24975062499999, 15.145322012000065 ], [ -91.25091673899999, 15.146078901000067 ], [ -91.253172766999967, 15.148094781000054 ], [ -91.253290238999966, 15.14859049100005 ], [ -91.253239018999977, 15.149234013000068 ], [ -91.253096538999955, 15.149943482000026 ], [ -91.252909361999968, 15.150997154000038 ], [ -91.252918728999987, 15.152052351000066 ], [ -91.253279774999953, 15.152771363000056 ], [ -91.257158058999948, 15.156673914000066 ], [ -91.258902712999941, 15.158022675000041 ], [ -91.25959755699995, 15.161021704000063 ], [ -91.259882173999983, 15.161632801000053 ], [ -91.26047631299997, 15.162085870000055 ], [ -91.261818160999951, 15.162490479000041 ], [ -91.263179604999948, 15.16313133500006 ], [ -91.263336484999968, 15.164145871000073 ], [ -91.263723561999939, 15.165102307000041 ], [ -91.264173347999986, 15.165429992000043 ], [ -91.265481794999971, 15.165298852000035 ], [ -91.266430239999977, 15.164669003000029 ], [ -91.267627797999978, 15.163656971000023 ], [ -91.267955054999959, 15.16274895600003 ], [ -91.268352892999985, 15.162029012000062 ], [ -91.26928155, 15.16132669700005 ], [ -91.27018600599996, 15.16081059000004 ], [ -91.27098228899996, 15.160795233000044 ], [ -91.27188412199996, 15.161746568000069 ], [ -91.272359951999988, 15.162306021000063 ], [ -91.273087918999977, 15.162539797000022 ], [ -91.27446605099999, 15.161988891000021 ], [ -91.275787528999956, 15.161323443000072 ], [ -91.276772415999972, 15.161717327000076 ], [ -91.278186031999951, 15.162816021000026 ], [ -91.279439559999958, 15.164079552000032 ], [ -91.280869759999973, 15.164569452000023 ], [ -91.282469857999956, 15.164834700000029 ], [ -91.28394613599994, 15.165814093000051 ], [ -91.284329776999982, 15.166415753000024 ], [ -91.285003703999962, 15.166936024000051 ], [ -91.285559914999965, 15.16698092200005 ], [ -91.286132468999938, 15.166874567000036 ], [ -91.28705931199994, 15.166610483000056 ], [ -91.287776392999945, 15.166900616000078 ], [ -91.288183015999948, 15.16775549700003 ], [ -91.288608376999946, 15.168883906000076 ], [ -91.291378185999974, 15.172828369000058 ], [ -91.291099386999974, 15.174663147000047 ], [ -91.291186287999949, 15.175284012000077 ], [ -91.291538677999938, 15.175870739000061 ], [ -91.292140034999989, 15.176091070000041 ], [ -91.292922443999942, 15.176073278000047 ], [ -91.293697658999974, 15.17579220500005 ], [ -91.29455805799995, 15.175115250000033 ], [ -91.295278991999965, 15.175292421000051 ], [ -91.295929242999989, 15.175943529000051 ], [ -91.29628551899998, 15.176917769000056 ], [ -91.296630876999984, 15.180632580000065 ], [ -91.297141618999945, 15.180622886000037 ], [ -91.299406422999937, 15.183751199000028 ], [ -91.299660906999975, 15.184874917000059 ], [ -91.299587943999938, 15.18585156000006 ], [ -91.299052991999986, 15.18655810100006 ], [ -91.298735466999972, 15.187495614000056 ], [ -91.299036630999979, 15.188600480000048 ], [ -91.299547206999989, 15.189195170000062 ], [ -91.301618393999945, 15.19007502900007 ], [ -91.30400741599999, 15.191435130000059 ], [ -91.304561194999962, 15.192594990000032 ], [ -91.305551395999942, 15.193587550000075 ], [ -91.306882345999952, 15.194011040000078 ], [ -91.308239930999946, 15.194669700000077 ], [ -91.309392767999952, 15.19642489000006 ], [ -91.309599398999978, 15.197429622000072 ], [ -91.309664793999957, 15.198785761000067 ], [ -91.309241551999946, 15.199269484000069 ], [ -91.308599439999966, 15.199553863000062 ], [ -91.30816265499999, 15.199838654000075 ], [ -91.307769448999977, 15.200420884000039 ], [ -91.307750046999956, 15.202050904000032 ], [ -91.30795640599996, 15.202724631000024 ], [ -91.308407568999939, 15.203117773000031 ], [ -91.309119428999963, 15.203133292000075 ], [ -91.309985392999977, 15.202789592000045 ], [ -91.310519362999969, 15.202499879000072 ], [ -91.311155140999972, 15.202354402000026 ], [ -91.311977826999964, 15.202404637000029 ], [ -91.31292558399997, 15.20260040900007 ], [ -91.314436562999958, 15.202411777000066 ], [ -91.316199781999956, 15.202103015000034 ], [ -91.319708812999977, 15.202359715000057 ], [ -91.319757547999984, 15.203330501000039 ], [ -91.319555512999955, 15.204161590000069 ], [ -91.319070085999954, 15.204712651000023 ], [ -91.318403299999943, 15.205393400000048 ], [ -91.318380653999952, 15.206342187000075 ], [ -91.318495270999961, 15.207072837000055 ], [ -91.318596619999937, 15.207569540000065 ], [ -91.318214957999942, 15.208311164000065 ], [ -91.317610266999964, 15.208715594000068 ], [ -91.317186579999941, 15.209034392000035 ], [ -91.316685202999963, 15.209760431000063 ], [ -91.316527595999958, 15.210634777000053 ], [ -91.316702354999961, 15.211336505000077 ], [ -91.317163874999949, 15.211894647000065 ], [ -91.31768890699999, 15.21207368000006 ], [ -91.31866566399998, 15.212139732000026 ], [ -91.319565995999938, 15.212306884000043 ], [ -91.320076022999956, 15.212471114000039 ], [ -91.320673659999954, 15.212957966000033 ], [ -91.320994909999968, 15.214188360000037 ], [ -91.320921034999969, 15.214848691000043 ], [ -91.321248240999978, 15.215401304000068 ], [ -91.322031826999989, 15.216062387000022 ], [ -91.322298502999956, 15.216545636000035 ], [ -91.322804724999969, 15.217192220000072 ], [ -91.323369254999989, 15.21804258700007 ], [ -91.323379523999961, 15.218656097000064 ], [ -91.322893378999936, 15.219294146000038 ], [ -91.322186378999959, 15.219318240000064 ], [ -91.321587790999956, 15.218948874000034 ], [ -91.320915553999953, 15.218477282000038 ], [ -91.320164803999944, 15.21829656500006 ], [ -91.31923130399997, 15.218494064000026 ], [ -91.318354126999964, 15.219143861000077 ], [ -91.317792919999988, 15.219782465000037 ], [ -91.317682769999976, 15.220393943000033 ], [ -91.31763183299995, 15.221167411000067 ], [ -91.317629911999973, 15.223313844000074 ], [ -91.317863088999957, 15.22420580000005 ], [ -91.318217721999986, 15.224967620000029 ], [ -91.318496626999945, 15.225815860000068 ], [ -91.318582962999983, 15.226298890000066 ], [ -91.318609390999939, 15.226780345000066 ], [ -91.318604753999978, 15.227364369000043 ], [ -91.318449222999959, 15.228048939000075 ], [ -91.31797757399994, 15.228688211000076 ], [ -91.317597837999983, 15.229181308000022 ], [ -91.317266572999984, 15.229724475000069 ], [ -91.317068521999943, 15.230195210000034 ], [ -91.316396258999987, 15.230967409000073 ], [ -91.31572020699997, 15.231484263000027 ], [ -91.31530898799997, 15.232130760000075 ], [ -91.315508098999942, 15.232989700000076 ], [ -91.31590427399999, 15.234234220000076 ], [ -91.31600492199999, 15.234819033000065 ], [ -91.315951885999937, 15.235781147000068 ], [ -91.315582141999982, 15.236917116000029 ], [ -91.315367708999986, 15.237397891000057 ], [ -91.314987022999958, 15.238007335000077 ], [ -91.314425747999962, 15.238645923000036 ], [ -91.313600168999983, 15.23908708600004 ], [ -91.312607044999936, 15.23908865900006 ], [ -91.309799476999956, 15.234555500000056 ], [ -91.306819799999971, 15.232788787000061 ], [ -91.302973274999943, 15.230740974000071 ], [ -91.298974502999954, 15.229550517000064 ], [ -91.291741772999956, 15.228149023000071 ], [ -91.285959283999944, 15.227918567000074 ], [ -91.282413160999965, 15.227317593000066 ], [ -91.276018336999982, 15.225920883000072 ], [ -91.260710791999941, 15.225452677000021 ], [ -91.254201581999951, 15.224273636000078 ], [ -91.233783376999952, 15.223867761000065 ], [ -91.228714671999967, 15.223606439000037 ], [ -91.223751023999966, 15.22372314200004 ], [ -91.209157173999984, 15.223270639000077 ], [ -91.20624608299994, 15.222880279000037 ], [ -91.204691526999966, 15.222150534000036 ], [ -91.203621682999938, 15.221542138000075 ], [ -91.202482643999986, 15.220999834000054 ], [ -91.199811129999944, 15.220557088000078 ], [ -91.17883778099997, 15.220898666000039 ], [ -91.169547008999984, 15.221555170000045 ], [ -91.161357080999949, 15.221910774000037 ], [ -91.159206696999945, 15.222026462000031 ], [ -91.152102740999965, 15.222056253000062 ], [ -91.147688831999972, 15.221257412000057 ], [ -91.14343181199996, 15.220018103000029 ], [ -91.142477394999958, 15.219339225000056 ] ] ] ] } },
{ "type": "Feature", "properties": { "Codigo": 908, "datos_finales_color_riesgo": "152640" }, "geometry": { "type": "MultiPolygon", "coordinates": [ [ [ [ -91.575274760999946, 14.922124952000047 ], [ -91.574343443999965, 14.920977996000033 ], [ -91.57354666399999, 14.919694035000077 ], [ -91.573357192999936, 14.918383351000045 ], [ -91.573494760999949, 14.917344740000033 ], [ -91.573785531999988, 14.916243813000051 ], [ -91.574535791999949, 14.914975139000035 ], [ -91.575327796999943, 14.913982406000059 ], [ -91.578152498999941, 14.912472402000049 ], [ -91.578788204999967, 14.912009718000036 ], [ -91.579467338999962, 14.911568769000041 ], [ -91.580095803999939, 14.910526419000064 ], [ -91.580264451999938, 14.909791927000072 ], [ -91.580445545999964, 14.908753578000074 ], [ -91.580344299999979, 14.907271704000038 ], [ -91.579475780999985, 14.90523483100003 ], [ -91.580148230999953, 14.902885502000061 ], [ -91.580411436999952, 14.899599241000033 ], [ -91.58037236499996, 14.898026232000063 ], [ -91.579807977999963, 14.897718803000032 ], [ -91.580500318999952, 14.897116357000073 ], [ -91.581332033999956, 14.896697810000035 ], [ -91.583080111999948, 14.896240865000038 ], [ -91.586317730999951, 14.894882428000074 ], [ -91.591529761999936, 14.891837897000073 ], [ -91.592668018999973, 14.891261880000059 ], [ -91.593893477999984, 14.890675089000069 ], [ -91.595098396999958, 14.889940154000044 ], [ -91.596521554999981, 14.88914214700003 ], [ -91.597333503999948, 14.888447727000027 ], [ -91.597783656999979, 14.887916053000026 ], [ -91.597978566999984, 14.886520727000061 ], [ -91.597731055999986, 14.885270709000054 ], [ -91.59475189799997, 14.879404271000055 ], [ -91.594330337999963, 14.877676379000036 ], [ -91.596145216999957, 14.878089727000031 ], [ -91.598176210999952, 14.879488497000068 ], [ -91.600001128999963, 14.880420488000027 ], [ -91.600744131999988, 14.880501853000055 ], [ -91.601689155999964, 14.880422876000068 ], [ -91.603520941999989, 14.879479295000067 ], [ -91.605093056999976, 14.878897937000033 ], [ -91.606380538999986, 14.879219868000064 ], [ -91.607227934999969, 14.879960562000065 ], [ -91.608679326999948, 14.881355725000049 ], [ -91.609578308999971, 14.88275092300006 ], [ -91.609640858999967, 14.884501477000072 ], [ -91.60945238499994, 14.885720599000024 ], [ -91.609562298999947, 14.886516696000058 ], [ -91.609922907999987, 14.886990041000047 ], [ -91.612697208999975, 14.887820356000077 ], [ -91.614851311999985, 14.890167704000078 ], [ -91.616461550999986, 14.89117623900006 ], [ -91.618098788999987, 14.89105052900004 ], [ -91.621624938999958, 14.890502303000062 ], [ -91.624304269999982, 14.89175900500004 ], [ -91.628414601999964, 14.895469311000056 ], [ -91.629493464999939, 14.897477915000024 ], [ -91.629269540999985, 14.900182642000061 ], [ -91.627858610999965, 14.904557 ], [ -91.627133531999959, 14.905389897000077 ], [ -91.625485576999949, 14.909474691000071 ], [ -91.622988727999939, 14.912649332000058 ], [ -91.621297422999987, 14.915035619000037 ], [ -91.620499263999989, 14.916203623000058 ], [ -91.620153616999971, 14.916653488000065 ], [ -91.619172065999976, 14.917697221000026 ], [ -91.618305925999948, 14.918134905000045 ], [ -91.616917773999944, 14.918434974000036 ], [ -91.615918068999974, 14.918407462000062 ], [ -91.615260391999982, 14.918226094000033 ], [ -91.614647740999942, 14.918090190000044 ], [ -91.614034807999985, 14.917998348000026 ], [ -91.613125881999963, 14.917948778000039 ], [ -91.612375738999958, 14.918053828000041 ], [ -91.611692267999956, 14.918271138000023 ], [ -91.610803033999957, 14.918774183000039 ], [ -91.60971043699999, 14.919098600000041 ], [ -91.607688527999983, 14.919019644000059 ], [ -91.605782193999971, 14.918676984000058 ], [ -91.604966333999982, 14.918340960000023 ], [ -91.604058977999955, 14.918048441000053 ], [ -91.602992318999952, 14.917864543000064 ], [ -91.601583344999938, 14.917878534000067 ], [ -91.600512830999946, 14.918291171000021 ], [ -91.599920844999986, 14.918464938000056 ], [ -91.59901107099995, 14.918547499000056 ], [ -91.59733178, 14.918227628000068 ], [ -91.596558675999972, 14.917840993000027 ], [ -91.595090611999979, 14.917560819000073 ], [ -91.591243353999971, 14.917740542000047 ], [ -91.587727226999959, 14.918369670000061 ], [ -91.584253712999953, 14.920297217000041 ], [ -91.582697917999951, 14.921348522000073 ], [ -91.57967161299996, 14.922578249000026 ], [ -91.577124263999963, 14.922798559000057 ], [ -91.575274760999946, 14.922124952000047 ] ] ] ] } },
{ "type": "Feature", "properties": { "Codigo": 1105, "datos_finales_color_riesgo": "152640" }, "geometry": { "type": "MultiPolygon", "coordinates": [ [ [ [ -91.556629362999956, 14.637338415000045 ], [ -91.561722902999975, 14.634174646000076 ], [ -91.564110206999942, 14.632258418000049 ], [ -91.566380382999967, 14.629698540000049 ], [ -91.568882658999939, 14.629813355000067 ], [ -91.573301061999985, 14.629258572000026 ], [ -91.585385427999938, 14.626490605000072 ], [ -91.58955786699994, 14.625007498000059 ], [ -91.594493571999976, 14.622009215000048 ], [ -91.597456970999986, 14.620492672000069 ], [ -91.60169983899999, 14.618212051000057 ], [ -91.604653574999986, 14.617567631000043 ], [ -91.611068768999985, 14.614969887000029 ], [ -91.613846128999967, 14.613113041000076 ], [ -91.616723727999954, 14.611733570000069 ], [ -91.616932535999979, 14.611000372000035 ], [ -91.617218699999967, 14.610513952000076 ], [ -91.617571133999945, 14.610006456000065 ], [ -91.61783657899997, 14.609307489000059 ], [ -91.61781962699996, 14.608585381000069 ], [ -91.617393576999973, 14.606947885000068 ], [ -91.617616617999943, 14.606163925000033 ], [ -91.620051070999978, 14.603821357000072 ], [ -91.620557251999969, 14.603123812000035 ], [ -91.620931128999985, 14.602616433000037 ], [ -91.621458636999989, 14.601940477000028 ], [ -91.621940065999979, 14.60158288100007 ], [ -91.622463738999954, 14.601521569000056 ], [ -91.623815165999986, 14.601572479000026 ], [ -91.62455788699998, 14.601364437000029 ], [ -91.625042270999984, 14.600623814000073 ], [ -91.625416660999974, 14.600031687000069 ], [ -91.627185848999943, 14.599511046000032 ], [ -91.627712090999978, 14.598941276000062 ], [ -91.627405740999961, 14.597356474000037 ], [ -91.627909772999942, 14.597186562000047 ], [ -91.631361528999946, 14.595695009000053 ], [ -91.633658697999977, 14.594780810000032 ], [ -91.635544732999961, 14.594305978000023 ], [ -91.638365473999954, 14.593150729000058 ], [ -91.641162744999974, 14.592128634000062 ], [ -91.645208196999988, 14.591048215000058 ], [ -91.64945454399998, 14.59040955200004 ], [ -91.653155123999966, 14.590033194000057 ], [ -91.654334920999986, 14.590061466000066 ], [ -91.657192597999938, 14.590255313000057 ], [ -91.658758832999979, 14.590176181000061 ], [ -91.660642788999951, 14.590032195000049 ], [ -91.664476222999951, 14.590230418000033 ], [ -91.668431862999967, 14.590849609000031 ], [ -91.66760721299994, 14.592151097000055 ], [ -91.666352715999949, 14.594119044000024 ], [ -91.665516183999955, 14.595462262000069 ], [ -91.664901795999981, 14.59604291900007 ], [ -91.66355350799995, 14.597298458000068 ], [ -91.662598847999959, 14.59831218000005 ], [ -91.662116903999959, 14.598765907000029 ], [ -91.661306350999951, 14.599355597000056 ], [ -91.660672210999962, 14.599649128000067 ], [ -91.659306595999965, 14.600214158000028 ], [ -91.658608185999981, 14.600294888000064 ], [ -91.658084063999979, 14.60043085500007 ], [ -91.657384044999958, 14.600872017000029 ], [ -91.657119826999974, 14.601295346000029 ], [ -91.657072451999966, 14.601932348000048 ], [ -91.65706935899999, 14.602441923000072 ], [ -91.657049578999988, 14.603884717000028 ], [ -91.656946697999956, 14.604680719000044 ], [ -91.65636619299994, 14.605119174000038 ], [ -91.65555573499995, 14.605687375000059 ], [ -91.653367491999973, 14.607379799000057 ], [ -91.652456162999954, 14.608122541000057 ], [ -91.651941886999964, 14.608448375000023 ], [ -91.65111045499998, 14.608931694000034 ], [ -91.649348174999943, 14.610025423000025 ], [ -91.648757045999957, 14.610488654000051 ], [ -91.647724961999984, 14.61161936700006 ], [ -91.646790557999964, 14.612903179000057 ], [ -91.646361785999943, 14.613474687000064 ], [ -91.645628370999987, 14.614053462000072 ], [ -91.644872906999979, 14.614537197000061 ], [ -91.644226703999948, 14.614989923000053 ], [ -91.643515775999958, 14.61540046600004 ], [ -91.642826056999979, 14.615852938000046 ], [ -91.642365631999951, 14.616285274000063 ], [ -91.641992752999954, 14.61663337400006 ], [ -91.641390171999944, 14.617160923000029 ], [ -91.64069901199997, 14.61784614000004 ], [ -91.639012079999986, 14.619121005000068 ], [ -91.638353906999953, 14.619817706000049 ], [ -91.637968220999937, 14.620452722000039 ], [ -91.637490207999974, 14.621947057000057 ], [ -91.637356523999983, 14.622455867000042 ], [ -91.637079320999987, 14.623186426000075 ], [ -91.635594414999957, 14.627063494000026 ], [ -91.635280971999975, 14.628398338000068 ], [ -91.635186659999988, 14.629576281000027 ], [ -91.635158970999953, 14.630489086000068 ], [ -91.635110334999979, 14.631317022000076 ], [ -91.635161466999989, 14.631868716000042 ], [ -91.63544959099994, 14.632847775000073 ], [ -91.635674578999954, 14.633528169000044 ], [ -91.635691578999968, 14.634345193000058 ], [ -91.63516376199999, 14.635064111000077 ], [ -91.633774973999948, 14.635671765000041 ], [ -91.632660119999969, 14.636174810000057 ], [ -91.632123498999988, 14.636533228000076 ], [ -91.631574986999965, 14.637124334000077 ], [ -91.630794595999987, 14.638054179000051 ], [ -91.629226438999979, 14.639509308000072 ], [ -91.628799073999971, 14.639931635000039 ], [ -91.626513655999986, 14.642698856000038 ], [ -91.625706582999953, 14.644551651000029 ], [ -91.625590550999959, 14.645666181000024 ], [ -91.625617882999961, 14.646494560000065 ], [ -91.625712242999953, 14.647089447000042 ], [ -91.625955968999961, 14.648204970000052 ], [ -91.626298000999952, 14.649375311000028 ], [ -91.626239824999971, 14.649957995000022 ], [ -91.626072687999965, 14.650519702000054 ], [ -91.625905478999982, 14.651092703000074 ], [ -91.625735162999945, 14.652163975000065 ], [ -91.625699162999979, 14.65272645400006 ], [ -91.62576882799999, 14.653652254000065 ], [ -91.617089834999945, 14.654065202000027 ], [ -91.608470066999985, 14.653920010000036 ], [ -91.607566909999946, 14.65359032300006 ], [ -91.607125743999973, 14.653063410000073 ], [ -91.60695763199999, 14.652301985000065 ], [ -91.60807527899999, 14.649355132000039 ], [ -91.609058821999952, 14.648529409000048 ], [ -91.609957300999952, 14.647389064000038 ], [ -91.610187019999955, 14.645926093000071 ], [ -91.610202862999984, 14.644424554000068 ], [ -91.609785431999967, 14.643907957000067 ], [ -91.609441253999989, 14.643185029000051 ], [ -91.60943167299996, 14.641943215000026 ], [ -91.610755931999961, 14.638328673000046 ], [ -91.611498758999971, 14.63462025900003 ], [ -91.61134294499999, 14.633839700000067 ], [ -91.610462629999972, 14.633303398000066 ], [ -91.609784649999938, 14.632333290000076 ], [ -91.609492634999981, 14.631621971000072 ], [ -91.609332895999955, 14.631005223000045 ], [ -91.609325479999939, 14.630432322000047 ], [ -91.609427538999967, 14.629796798000029 ], [ -91.609368544999938, 14.629121896000072 ], [ -91.608766998999954, 14.628270881000049 ], [ -91.608371609999949, 14.627944239000044 ], [ -91.607534791999967, 14.627600269000027 ], [ -91.605366444999959, 14.627155680000044 ], [ -91.604205792999949, 14.627284316000043 ], [ -91.603636211999969, 14.627346435000049 ], [ -91.602896666999982, 14.627403017000063 ], [ -91.602023434999978, 14.62758873000007 ], [ -91.601017196999976, 14.62807080500005 ], [ -91.600513891999981, 14.628386412000054 ], [ -91.600097079999955, 14.62878728000004 ], [ -91.599526327999968, 14.629399639000042 ], [ -91.598956654999938, 14.629841394000039 ], [ -91.598475887999939, 14.629987646000075 ], [ -91.597624648999954, 14.630088732000047 ], [ -91.59646782499999, 14.630251250000072 ], [ -91.595900026999971, 14.630396972000028 ], [ -91.595287504999988, 14.630732247000026 ], [ -91.594037158999981, 14.631913347000022 ], [ -91.591952580999987, 14.633982012000047 ], [ -91.589794672999972, 14.637259190000066 ], [ -91.589353504999963, 14.638106192000066 ], [ -91.589017848999958, 14.639420479000023 ], [ -91.589078934999975, 14.640121380000039 ], [ -91.589468584999963, 14.64052711100004 ], [ -91.590182496999944, 14.641401449000057 ], [ -91.59054823699995, 14.642190068000048 ], [ -91.590544172999955, 14.642826169000045 ], [ -91.590274759999943, 14.644034650000037 ], [ -91.589682569999979, 14.644540640000059 ], [ -91.589243419999946, 14.645069024000065 ], [ -91.589043768999943, 14.645620330000042 ], [ -91.588920540999936, 14.646923473000072 ], [ -91.588878500999954, 14.647508499000025 ], [ -91.588658054999939, 14.647953466000047 ], [ -91.58815234399998, 14.648544720000075 ], [ -91.587297940999974, 14.649218596000026 ], [ -91.586203994999948, 14.649784801000067 ], [ -91.584806189999938, 14.650137866000023 ], [ -91.583539892999966, 14.65034257800005 ], [ -91.582972449999943, 14.650423863000071 ], [ -91.581969070999946, 14.650439217000041 ], [ -91.581075466999948, 14.650347898000064 ], [ -91.580574951999949, 14.650218298000027 ], [ -91.579661519999945, 14.649872628000026 ], [ -91.578531973999986, 14.649207008000076 ], [ -91.577595522999957, 14.648742553000034 ], [ -91.577075310999987, 14.648519043000022 ], [ -91.57650903199999, 14.648420668000028 ], [ -91.575896945999943, 14.648586406000049 ], [ -91.575566156999969, 14.64922163500006 ], [ -91.575428855999974, 14.650175543000046 ], [ -91.574792550999973, 14.650765964000072 ], [ -91.573634810999977, 14.651141897000059 ], [ -91.573132767999937, 14.651159156000062 ], [ -91.572151707999978, 14.651132798000049 ], [ -91.570494949999954, 14.651058221000028 ], [ -91.568859548999967, 14.651091100000031 ], [ -91.567702465999957, 14.651274927000031 ], [ -91.566413306999948, 14.651691821000043 ], [ -91.56571306799998, 14.652026466000052 ], [ -91.565032796999958, 14.652680988000043 ], [ -91.564308038999968, 14.653483247000054 ], [ -91.563823610999975, 14.654180779000058 ], [ -91.563405579999937, 14.654751046000058 ], [ -91.562835352999969, 14.655257096000071 ], [ -91.562200941999947, 14.655550332000075 ], [ -91.56147879699995, 14.655949231000022 ], [ -91.560799885999984, 14.656391330000076 ], [ -91.560162974999969, 14.65706644200003 ], [ -91.559503057999962, 14.657975294000039 ], [ -91.558752598999945, 14.659329882000065 ], [ -91.558067153999957, 14.660768477000033 ], [ -91.557650071999944, 14.661544374000073 ], [ -91.557183111999962, 14.661960659000044 ], [ -91.55431594099997, 14.663810522000063 ], [ -91.552853617999972, 14.665838577000045 ], [ -91.550872423999976, 14.668139074000067 ], [ -91.54991271099999, 14.669179345000032 ], [ -91.548034154999982, 14.671218324000051 ], [ -91.545716554999956, 14.673475989000053 ], [ -91.543339062999962, 14.675569422000024 ], [ -91.537265856999966, 14.681786170000066 ], [ -91.535118465999972, 14.683113775000038 ], [ -91.533290288999979, 14.68399934200005 ], [ -91.527140576999955, 14.683797706000064 ], [ -91.521213354999986, 14.685207369000068 ], [ -91.516507609999962, 14.68551178000007 ], [ -91.517391697999983, 14.683928854000044 ], [ -91.519527702999937, 14.681807065000044 ], [ -91.526105908999966, 14.676680950000048 ], [ -91.526916924999966, 14.676028520000045 ], [ -91.529456324999956, 14.674304628000073 ], [ -91.532620193999946, 14.672915700000033 ], [ -91.533300829999973, 14.67301377800004 ], [ -91.533799942999963, 14.673355885000035 ], [ -91.534506618999956, 14.67390154800006 ], [ -91.535889470999962, 14.674083139000061 ], [ -91.537214090999953, 14.67368360200004 ], [ -91.538931480999963, 14.672949832000029 ], [ -91.541449935999935, 14.670514981000053 ], [ -91.541820581999957, 14.669927520000044 ], [ -91.542122861999985, 14.66906055000004 ], [ -91.542053654999961, 14.667680550000057 ], [ -91.541774554999961, 14.667063022000036 ], [ -91.541648051999971, 14.666361712000025 ], [ -91.541740236999942, 14.665848203000053 ], [ -91.544230962999961, 14.664254889000063 ], [ -91.54476032299999, 14.663707956000053 ], [ -91.545113216999937, 14.662905702000046 ], [ -91.54510875599999, 14.662087650000046 ], [ -91.544469954999954, 14.661457705000032 ], [ -91.543947128999946, 14.660577655000054 ], [ -91.543783012999938, 14.659947291000037 ], [ -91.543658049999976, 14.65901210800007 ], [ -91.543838335999965, 14.658161317000065 ], [ -91.548768286999973, 14.654122352000059 ], [ -91.55083747399999, 14.650952408000023 ], [ -91.551808003999952, 14.649134842000024 ], [ -91.555271049999988, 14.643896815000062 ], [ -91.555849371999955, 14.642683531000046 ], [ -91.556236197999965, 14.641383187000031 ], [ -91.556629362999956, 14.637338415000045 ] ] ] ] } },
{ "type": "Feature", "properties": { "Codigo": 706, "datos_finales_color_riesgo": "152640" }, "geometry": { "type": "MultiPolygon", "coordinates": [ [ [ [ -91.306886354999961, 14.771360641000058 ], [ -91.308061368999972, 14.769855398000061 ], [ -91.312679142999968, 14.766200565000076 ], [ -91.317588550999972, 14.760911867000061 ], [ -91.317879489999939, 14.752515419000076 ], [ -91.32022969799999, 14.747387616000026 ], [ -91.322034168999949, 14.745441724000045 ], [ -91.323924190999946, 14.742703347000031 ], [ -91.326417856999967, 14.740720607000071 ], [ -91.329096164999953, 14.737657988000024 ], [ -91.331246553999961, 14.736608145000048 ], [ -91.334593000999973, 14.732527834000052 ], [ -91.33536315899994, 14.730931374000022 ], [ -91.33799810499994, 14.728043427000046 ], [ -91.33978420599999, 14.725951493000025 ], [ -91.341300112999988, 14.723127775000023 ], [ -91.341898718999971, 14.718568937000043 ], [ -91.341181573999961, 14.714317012000038 ], [ -91.340740684999957, 14.713676666000026 ], [ -91.340216888999976, 14.707728086000031 ], [ -91.343092261999971, 14.704538986000045 ], [ -91.347752369999967, 14.699308643000052 ], [ -91.349131947999979, 14.696513243000027 ], [ -91.34929273299997, 14.694886388000043 ], [ -91.34975439499999, 14.694537184000069 ], [ -91.349766883999962, 14.69318267500006 ], [ -91.351448067999968, 14.687921972000026 ], [ -91.35097708099994, 14.686731236000071 ], [ -91.350582368999937, 14.680785822000075 ], [ -91.350048284999957, 14.679886115000045 ], [ -91.349320687999978, 14.670899241000029 ], [ -91.349195036999959, 14.666839070000037 ], [ -91.351944671999945, 14.66166839400006 ], [ -91.353116067999963, 14.654463067000052 ], [ -91.355297356999984, 14.650076887000068 ], [ -91.356903020999937, 14.645686611000031 ], [ -91.357979019999959, 14.645411762000037 ], [ -91.36167581899997, 14.642631438000024 ], [ -91.362821105999956, 14.640366372000074 ], [ -91.364869026999941, 14.638193505000061 ], [ -91.368142484999964, 14.637635765000027 ], [ -91.370583296999939, 14.639366748000043 ], [ -91.372528143999943, 14.639358888000061 ], [ -91.375461899999948, 14.636950332000026 ], [ -91.378980160999959, 14.637499079000065 ], [ -91.383175867999967, 14.63411966700005 ], [ -91.385406954999951, 14.633919358000071 ], [ -91.388626040999952, 14.635870219000026 ], [ -91.393316484999957, 14.635518503000071 ], [ -91.396004397999945, 14.636487196000076 ], [ -91.398959455999943, 14.640702488000045 ], [ -91.401302508999947, 14.642595197000048 ], [ -91.402681264999956, 14.642648725000072 ], [ -91.405080461999944, 14.641919507000068 ], [ -91.40857370699996, 14.642665365000028 ], [ -91.41045956399995, 14.642156283000077 ], [ -91.412129897999989, 14.640715882000052 ], [ -91.414374148999968, 14.639904161000061 ], [ -91.420757940999977, 14.639520490000052 ], [ -91.422696907999978, 14.638636567000049 ], [ -91.42434695899999, 14.636853595000048 ], [ -91.430404629999941, 14.636139795000076 ], [ -91.432636865999939, 14.634555011000032 ], [ -91.433374188999949, 14.633424507000029 ], [ -91.433769125999959, 14.630749493000053 ], [ -91.43307488499994, 14.627445753000075 ], [ -91.436485919999939, 14.623482663000061 ], [ -91.44083666399996, 14.619274978000021 ], [ -91.445587891999935, 14.614521902000035 ], [ -91.447676796999986, 14.610994943000037 ], [ -91.448765923999986, 14.608482673000026 ], [ -91.450099688999956, 14.606570833000035 ], [ -91.450321582999948, 14.605618732000039 ], [ -91.450283770999988, 14.604391485000065 ], [ -91.44991792799999, 14.60386481300003 ], [ -91.449497865999945, 14.603542281000045 ], [ -91.449321614999974, 14.602534432000027 ], [ -91.449508854999976, 14.601643113000023 ], [ -91.449807157999942, 14.600714115000073 ], [ -91.450603939999951, 14.600008745000025 ], [ -91.452161565999972, 14.599587486000075 ], [ -91.454231696999955, 14.599375241000075 ], [ -91.460018891999937, 14.599780698000075 ], [ -91.465500311999961, 14.599446221000051 ], [ -91.477561152999954, 14.601410922000071 ], [ -91.48452034, 14.601476562000073 ], [ -91.485513694999952, 14.601871679000055 ], [ -91.482788771999935, 14.607302085000072 ], [ -91.474475216999963, 14.615669683000021 ], [ -91.472100417999968, 14.620320363000076 ], [ -91.468322477999948, 14.624243212000067 ], [ -91.465432824999937, 14.626889478000066 ], [ -91.464357432999975, 14.628687865000074 ], [ -91.46023013699994, 14.638736454000025 ], [ -91.457595276999939, 14.64024992800006 ], [ -91.45568444, 14.640942272000075 ], [ -91.447905481999953, 14.641445274000034 ], [ -91.440796463999959, 14.642715131000045 ], [ -91.440322974999958, 14.642966169000033 ], [ -91.439789877999942, 14.643441640000049 ], [ -91.43954628099999, 14.64416648100007 ], [ -91.439589659999967, 14.645006228000057 ], [ -91.439544384999977, 14.64607473500007 ], [ -91.439271471999973, 14.646842312000047 ], [ -91.434917899999959, 14.650052257000027 ], [ -91.432640122999942, 14.650593921000052 ], [ -91.431231160999971, 14.651431783000078 ], [ -91.426803655999947, 14.651883182000063 ], [ -91.423088922999966, 14.65335390000007 ], [ -91.419582957999978, 14.654106280000065 ], [ -91.41719001499996, 14.655162197000038 ], [ -91.416203724999946, 14.656114688000059 ], [ -91.416574299999979, 14.658727069000065 ], [ -91.42261806199997, 14.663932518000024 ], [ -91.426332350999985, 14.668560549000063 ], [ -91.428168334999953, 14.671895756000026 ], [ -91.429353196999955, 14.675486407000051 ], [ -91.430244662999939, 14.680268154000032 ], [ -91.430358199999944, 14.684363361000067 ], [ -91.429988363999939, 14.688451910000026 ], [ -91.429714484999977, 14.689665736000052 ], [ -91.42932875799994, 14.69069464100005 ], [ -91.42913430599998, 14.691431092000073 ], [ -91.428211579999981, 14.693377156000054 ], [ -91.426670103999982, 14.697199022000063 ], [ -91.42620726199999, 14.698375403000057 ], [ -91.425861332999943, 14.699109692000036 ], [ -91.425157722999984, 14.700758955000026 ], [ -91.422216589999948, 14.709949146000042 ], [ -91.420698421999987, 14.71388521800003 ], [ -91.419575294999959, 14.719696052000074 ], [ -91.41996816599999, 14.735414303000027 ], [ -91.421352210999942, 14.741664782000043 ], [ -91.424132438999948, 14.745569135000039 ], [ -91.42621774, 14.747397804000059 ], [ -91.425958278999985, 14.75038323900003 ], [ -91.425448206999988, 14.750761640000064 ], [ -91.425471821999963, 14.751271344000031 ], [ -91.422965214999977, 14.75409458300004 ], [ -91.41677141699995, 14.761532640000041 ], [ -91.406116504999943, 14.771970974000055 ], [ -91.403045950999967, 14.774916589000043 ], [ -91.401158919999943, 14.777487357000041 ], [ -91.398575026999936, 14.78110623200007 ], [ -91.396254390999957, 14.783096619000048 ], [ -91.395401203999938, 14.784720968000045 ], [ -91.392350101999966, 14.789317157000028 ], [ -91.391700840999988, 14.791388046000066 ], [ -91.391457969999976, 14.795982313000025 ], [ -91.387197648999972, 14.803420402000029 ], [ -91.383930918999965, 14.807120138000073 ], [ -91.381807238999954, 14.810445984000069 ], [ -91.380966918999945, 14.812574229000063 ], [ -91.378894249999973, 14.814570650000064 ], [ -91.37567086699994, 14.819034269000042 ], [ -91.374668697999937, 14.820582892000061 ], [ -91.372558485999946, 14.821213083000032 ], [ -91.369785730999979, 14.820987844000058 ], [ -91.368635187999985, 14.820244212000034 ], [ -91.36641644599996, 14.820401332000074 ], [ -91.363669619999939, 14.819973976000028 ], [ -91.362514838999971, 14.819257400000026 ], [ -91.360030235999943, 14.819019410000067 ], [ -91.356664605999981, 14.818804478000061 ], [ -91.353655014999958, 14.819346725000059 ], [ -91.348652349999952, 14.81930750600003 ], [ -91.344938984999942, 14.821454495000069 ], [ -91.34062780499994, 14.823023189000025 ], [ -91.33844039, 14.825083898000059 ], [ -91.334316410999975, 14.826457237000056 ], [ -91.329867560999958, 14.826648679000073 ], [ -91.32742336299998, 14.825004088000071 ], [ -91.323906032999957, 14.821184803000051 ], [ -91.322230238999964, 14.817718956000022 ], [ -91.322153104999984, 14.807674934000033 ], [ -91.322793074999936, 14.803657687000054 ], [ -91.323478914999953, 14.800466617000041 ], [ -91.326349105999952, 14.793240122000043 ], [ -91.326781651999966, 14.789754587000061 ], [ -91.325479719999976, 14.787747736000028 ], [ -91.321299461999956, 14.784748365000041 ], [ -91.32050428299999, 14.784573116000047 ], [ -91.315469638999957, 14.780287427000076 ], [ -91.312820764999969, 14.778612997000039 ], [ -91.307861068999955, 14.773832890000051 ], [ -91.306886354999961, 14.771360641000058 ] ] ] ] } },
{ "type": "Feature", "properties": { "Codigo": 1501, "datos_finales_color_riesgo": "152640" }, "geometry": { "type": "MultiPolygon", "coordinates": [ [ [ [ -89.997155954999982, 15.139881798000033 ], [ -89.999513276999949, 15.138477335000061 ], [ -90.000165599999946, 15.138119151000069 ], [ -90.021468623999965, 15.128376353000021 ], [ -90.027460799999972, 15.124037121000072 ], [ -90.029857294999942, 15.122340425000061 ], [ -90.039439700999935, 15.115742914000066 ], [ -90.041254188999972, 15.114357898000037 ], [ -90.043195009999977, 15.112784872000077 ], [ -90.044635290999963, 15.11177759900005 ], [ -90.046332962999941, 15.110474536000027 ], [ -90.049347630999989, 15.108419913000034 ], [ -90.056504880999967, 15.110303566000027 ], [ -90.059763029999942, 15.110516424000025 ], [ -90.064323243999979, 15.11106335900007 ], [ -90.06834639799996, 15.112855143000047 ], [ -90.070987558999946, 15.113409790000048 ], [ -90.074655357999973, 15.112821748000044 ], [ -90.076638649999893, 15.113730179000072 ], [ -90.088187455999957, 15.114785758000039 ], [ -90.093879424999955, 15.114418765000039 ], [ -90.097305675999962, 15.114418771000032 ], [ -90.102281717999972, 15.114659863000043 ], [ -90.105447767999976, 15.117009015000065 ], [ -90.106902166999987, 15.117559348000043 ], [ -90.108933612999977, 15.117504068000073 ], [ -90.11041038799999, 15.116661615000055 ], [ -90.114928875999965, 15.113539251000077 ], [ -90.11964227499999, 15.111506387000077 ], [ -90.121909432999985, 15.110944852000046 ], [ -90.127414678999969, 15.110765391000029 ], [ -90.131152703999987, 15.111389737000025 ], [ -90.133788523999954, 15.111670407000076 ], [ -90.141360935999955, 15.112935862000029 ], [ -90.14984468099999, 15.113408775000039 ], [ -90.152009561999989, 15.114370818000054 ], [ -90.154150146999939, 15.116110368000022 ], [ -90.155279568999958, 15.117819114000042 ], [ -90.156082679999898, 15.119249420000074 ], [ -90.157248850999963, 15.120731708000051 ], [ -90.160201792999942, 15.122738835000064 ], [ -90.163293287999977, 15.123290218000022 ], [ -90.175300486999959, 15.126803824000035 ], [ -90.186754401999963, 15.127499983000064 ], [ -90.187973689999978, 15.127091809000035 ], [ -90.191374001999975, 15.124596221000047 ], [ -90.192786680999973, 15.122694549000073 ], [ -90.19475883299998, 15.120842710000034 ], [ -90.196498431999942, 15.120014194000078 ], [ -90.197878769999988, 15.119815684000059 ], [ -90.199388164999959, 15.119701181000039 ], [ -90.20172996299999, 15.120050826000067 ], [ -90.206395377999968, 15.119878250000056 ], [ -90.209831032999944, 15.118344653000065 ], [ -90.214567131999956, 15.115072594000026 ], [ -90.21807827799995, 15.113889766000057 ], [ -90.219896995999989, 15.113713442000062 ], [ -90.223445817999959, 15.112757911000074 ], [ -90.227241006999975, 15.113812690000032 ], [ -90.234060333999935, 15.11351012700004 ], [ -90.237610728999982, 15.112700024000048 ], [ -90.23970892899996, 15.111491658000034 ], [ -90.241404429999989, 15.109654016000036 ], [ -90.243452088999959, 15.103897354000026 ], [ -90.245426368999972, 15.103052075000051 ], [ -90.247747149999952, 15.104399010000066 ], [ -90.249884649999956, 15.104279371000075 ], [ -90.255197615999975, 15.098103851000076 ], [ -90.257498258999988, 15.096496934000072 ], [ -90.259758060999957, 15.095896578000065 ], [ -90.26186291, 15.096369153000069 ], [ -90.263617379999971, 15.097296984000025 ], [ -90.264842209999983, 15.097977919000073 ], [ -90.267047218999949, 15.099208107000038 ], [ -90.271619093999959, 15.099557969000045 ], [ -90.275931794999963, 15.098909943000024 ], [ -90.280538239999942, 15.099103107000076 ], [ -90.283079143999942, 15.098056534000023 ], [ -90.286078568999983, 15.095402030000059 ], [ -90.287012655999945, 15.093270310000037 ], [ -90.28711614599996, 15.091572342000063 ], [ -90.284521026999982, 15.087291511000046 ], [ -90.283745293999971, 15.084050894000029 ], [ -90.283789635999938, 15.081612697000025 ], [ -90.284392195999942, 15.079412649000062 ], [ -90.28592013299999, 15.076765296000076 ], [ -90.287220955999942, 15.073881492000055 ], [ -90.288280411999949, 15.069960585000047 ], [ -90.288509029999943, 15.061820644000022 ], [ -90.289002669999945, 15.058897802000047 ], [ -90.28975305099999, 15.057353201000069 ], [ -90.290786006999951, 15.055145835000076 ], [ -90.29153467399999, 15.053734434000035 ], [ -90.292472460999988, 15.051837535000061 ], [ -90.293487436999953, 15.04976090200006 ], [ -90.294183822999969, 15.042410049000068 ], [ -90.292313331999935, 15.039096563000044 ], [ -90.289823546999969, 15.035792617000027 ], [ -90.287756078999962, 15.033273867000048 ], [ -90.28346609, 15.028611581000064 ], [ -90.280737784999985, 15.025310363000074 ], [ -90.279374244999985, 15.022536924000065 ], [ -90.278503997999962, 15.020577779000064 ], [ -90.277996839999958, 15.01733136200005 ], [ -90.276482782999949, 15.014295305000076 ], [ -90.274927414999979, 15.013328278000074 ], [ -90.27241688099997, 15.013301565000063 ], [ -90.263572642999975, 15.014773688000048 ], [ -90.259970214999953, 15.014562080000076 ], [ -90.257490584999971, 15.014299607000055 ], [ -90.250749955999936, 15.013053058000025 ], [ -90.249268034999943, 15.012440144000038 ], [ -90.246687392999945, 15.009640567000076 ], [ -90.244041164999942, 15.001588006000077 ], [ -90.242928564999943, 14.998812961000056 ], [ -90.24162845799998, 14.995625812000071 ], [ -90.237190809999959, 14.989665022000054 ], [ -90.235137088999977, 14.985660343000063 ], [ -90.23392071699999, 14.982161459000054 ], [ -90.23148750699994, 14.978730210000037 ], [ -90.231525912999984, 14.977956179000046 ], [ -90.230050293999966, 14.975747979000062 ], [ -90.23065493699994, 14.974608257000057 ], [ -90.242575829999964, 14.966141793000077 ], [ -90.246067555999957, 14.964178851000042 ], [ -90.262322241999982, 14.952164067000069 ], [ -90.282764886999985, 14.938032168000063 ], [ -90.288839383999971, 14.933448119000047 ], [ -90.293978042999981, 14.930227984000055 ], [ -90.297583162999956, 14.927197331000059 ], [ -90.298374599999988, 14.927004584000031 ], [ -90.302373725999985, 14.923935588000063 ], [ -90.304078951999941, 14.92328051800007 ], [ -90.317498246999946, 14.913347762000058 ], [ -90.318288219999943, 14.912050678000071 ], [ -90.318972339999959, 14.91086186900003 ], [ -90.319250128999954, 14.910370586000056 ], [ -90.319651423999971, 14.90965718800004 ], [ -90.32041086199996, 14.908385703000022 ], [ -90.320691838999949, 14.907870744000036 ], [ -90.320875107999939, 14.907416739000041 ], [ -90.321045992999984, 14.906556119000072 ], [ -90.321067719999974, 14.905738916000075 ], [ -90.320763519999957, 14.904894189000061 ], [ -90.320420007999985, 14.904411437000022 ], [ -90.319799261999947, 14.903719943000056 ], [ -90.319415981999953, 14.90321414400006 ], [ -90.319025871999941, 14.902369539000063 ], [ -90.319057224999938, 14.901712779000036 ], [ -90.319424418999972, 14.900704292000057 ], [ -90.319649311999967, 14.900123187000077 ], [ -90.319602258999964, 14.899281470000062 ], [ -90.319470686999978, 14.898795552000024 ], [ -90.318545311999969, 14.898187434000022 ], [ -90.317678159999957, 14.897987593000039 ], [ -90.31667164299995, 14.897931765000067 ], [ -90.315986926999983, 14.897766800000056 ], [ -90.31538339299999, 14.897515844000054 ], [ -90.314962850999962, 14.89725461300003 ], [ -90.314521324999987, 14.896859903000063 ], [ -90.313764928999944, 14.896015512000076 ], [ -90.313084482999955, 14.895507348000024 ], [ -90.311988765999956, 14.895249482000054 ], [ -90.311176585999988, 14.895206076000022 ], [ -90.310571270999958, 14.895099610000045 ], [ -90.310082422999983, 14.894870313000069 ], [ -90.30929867499998, 14.894360924000068 ], [ -90.308719196999959, 14.893997329000058 ], [ -90.30810784, 14.893489965000072 ], [ -90.307575189999966, 14.893049013000052 ], [ -90.307179258999952, 14.892677408000054 ], [ -90.306681684999944, 14.892170251000039 ], [ -90.305939700999943, 14.891104714000051 ], [ -90.305445179999936, 14.890352581000059 ], [ -90.304867816999945, 14.889867061000075 ], [ -90.304207561999988, 14.889558961000034 ], [ -90.303571492999936, 14.889173237000023 ], [ -90.303315354999938, 14.888624882000045 ], [ -90.303289956999947, 14.887866975000065 ], [ -90.303517567999961, 14.88706914200003 ], [ -90.303882166999983, 14.886271792000059 ], [ -90.303812512999968, 14.885664659000042 ], [ -90.304328385999952, 14.885352332000025 ], [ -90.305240945999969, 14.884462064000047 ], [ -90.305659833999982, 14.883779383000046 ], [ -90.30582633299997, 14.883226966000052 ], [ -90.305994469999973, 14.882542465000029 ], [ -90.306139403999964, 14.881856562000053 ], [ -90.306308928999954, 14.881060300000058 ], [ -90.306475420999959, 14.880507881000028 ], [ -90.30682746399998, 14.879691179000076 ], [ -90.307268140999952, 14.879075365000062 ], [ -90.308118887999967, 14.878532109000048 ], [ -90.308735748999936, 14.878406119000033 ], [ -90.309603632999938, 14.878305656000066 ], [ -90.310902264999982, 14.878342344000032 ], [ -90.311677112999973, 14.87839546400005 ], [ -90.312361618999944, 14.878338004000057 ], [ -90.312775530999943, 14.878053811000029 ], [ -90.313286872999981, 14.877261545000067 ], [ -90.313566273999982, 14.876777055000048 ], [ -90.314234735999946, 14.876186474000065 ], [ -90.314716289999978, 14.875970814000027 ], [ -90.315401982999958, 14.875863675000062 ], [ -90.316130897999983, 14.875875596000071 ], [ -90.316836418999969, 14.87599563200007 ], [ -90.318585740999936, 14.876481278000028 ], [ -90.319904297999983, 14.876784609000026 ], [ -90.320927911999945, 14.876952385000038 ], [ -90.321952945999953, 14.87705242800007 ], [ -90.322771931999966, 14.877151192000042 ], [ -90.323592319999989, 14.877183351000042 ], [ -90.324162537999939, 14.877167425000039 ], [ -90.324848202999988, 14.877109938000046 ], [ -90.325533518999976, 14.876939538000045 ], [ -90.326491005999969, 14.876963124000042 ], [ -90.32771338799995, 14.877629988000024 ], [ -90.329006333999985, 14.878176856000039 ], [ -90.329845543999966, 14.87851971300006 ], [ -90.330526524999982, 14.87874894600003 ], [ -90.331504894999966, 14.878916150000066 ], [ -90.33225626699999, 14.878991512000027 ], [ -90.332963189999987, 14.878999737000072 ], [ -90.33364663499998, 14.879029139000068 ], [ -90.33464982299995, 14.879019351000068 ], [ -90.33535892499998, 14.878850326000077 ], [ -90.335840486999984, 14.878633491000073 ], [ -90.336602204999963, 14.877866650000044 ], [ -90.336997229999952, 14.877227651000055 ], [ -90.337486394999985, 14.876391025000032 ], [ -90.337811872999964, 14.875884450000058 ], [ -90.338526906999959, 14.875183676000063 ], [ -90.339043765999975, 14.874927721000063 ], [ -90.33996018, 14.874561235000044 ], [ -90.340463392999936, 14.87442367400007 ], [ -90.341114395999966, 14.874304764000044 ], [ -90.341752243999963, 14.874312158000066 ], [ -90.342343741999969, 14.87440708400004 ], [ -90.343367421999972, 14.874618797000039 ], [ -90.343935193999982, 14.874802643000066 ], [ -90.34468624699997, 14.87495135100005 ], [ -90.345280386999946, 14.874878061000061 ], [ -90.34627915499999, 14.874327326000071 ], [ -90.34707020899998, 14.87386338500005 ], [ -90.347621034999975, 14.87358183300006 ], [ -90.348445774999959, 14.87325828400003 ], [ -90.349107376999939, 14.873221895000029 ], [ -90.349609191999946, 14.873245760000032 ], [ -90.350246721999952, 14.873279098000069 ], [ -90.350747682999952, 14.873372956000026 ], [ -90.351611682999987, 14.873494715000049 ], [ -90.353889831999936, 14.873654248000037 ], [ -90.354790614999956, 14.873663511000075 ], [ -90.355441147999954, 14.873582942000041 ], [ -90.356173353999964, 14.873326040000052 ], [ -90.357135594999988, 14.872960006000028 ], [ -90.35814391599996, 14.872527882000043 ], [ -90.35883112099998, 14.87224787100007 ], [ -90.359289739999952, 14.872053298000026 ], [ -90.359862114999942, 14.871860035000054 ], [ -90.360364644999947, 14.871777747000067 ], [ -90.361049212999944, 14.871761912000068 ], [ -90.361864706999938, 14.872149548000039 ], [ -90.363016185999982, 14.873071732000028 ], [ -90.363796888999957, 14.873600103000058 ], [ -90.364396839999984, 14.873908474000075 ], [ -90.365171135999958, 14.873961406000035 ], [ -90.365790174999972, 14.873702045000073 ], [ -90.366593562999981, 14.873223489000054 ], [ -90.367097984999987, 14.872985390000053 ], [ -90.367990917999975, 14.872685130000036 ], [ -90.36924376799999, 14.87276612200003 ], [ -90.369905647999985, 14.872707095000067 ], [ -90.37043511, 14.872270550000053 ], [ -90.371102364999956, 14.871767833000035 ], [ -90.371583063999935, 14.871618651000063 ], [ -90.372608409999941, 14.871695889000023 ], [ -90.373449837999942, 14.87186134500007 ], [ -90.374379987999987, 14.872226540000042 ], [ -90.375695427999972, 14.872796 ], [ -90.376670891999936, 14.873206871000036 ], [ -90.377239507999946, 14.87332402800007 ], [ -90.378285845999983, 14.873490683000057 ], [ -90.379080422999948, 14.873787694000043 ], [ -90.380174484999941, 14.873800194000069 ], [ -90.380699961999937, 14.873740706000035 ], [ -90.381180900999937, 14.873523759000022 ], [ -90.381753800999945, 14.873286407000023 ], [ -90.382279821999987, 14.873181757000054 ], [ -90.383237179999981, 14.87317009800006 ], [ -90.384923070999946, 14.873301112000036 ], [ -90.385858599999949, 14.873222576000046 ], [ -90.387203127999953, 14.873260479000066 ], [ -90.387975615999949, 14.87351317200006 ], [ -90.388699946999964, 14.873908715000027 ], [ -90.389746613999989, 14.874097907000078 ], [ -90.390502015999971, 14.873841153000058 ], [ -90.391372829999966, 14.873496511000042 ], [ -90.391852959999937, 14.873346150000032 ], [ -90.392741076999982, 14.873445450000077 ], [ -90.393716870999981, 14.873832546000074 ], [ -90.394349993999981, 14.874283495000043 ], [ -90.394753917999935, 14.874630213000046 ], [ -90.395612211999946, 14.875473273000068 ], [ -90.395971127999985, 14.87594255700003 ], [ -90.396307450999984, 14.876456748000066 ], [ -90.396415356999967, 14.876945766000063 ], [ -90.396599225999978, 14.878699158000074 ], [ -90.396657862999973, 14.879520714000023 ], [ -90.396786860999953, 14.880187245000059 ], [ -90.397078404999945, 14.880611728000076 ], [ -90.397984138999959, 14.881132383000022 ], [ -90.398506142999963, 14.881315586000028 ], [ -90.399182445999941, 14.881944291000025 ], [ -90.39978499099999, 14.883059949000028 ], [ -90.400118095999972, 14.883795417000044 ], [ -90.40058628, 14.884643071000028 ], [ -90.400897807999968, 14.885290220000059 ], [ -90.401588575999938, 14.886650773000042 ], [ -90.401966219999963, 14.887497400000029 ], [ -90.402355029999967, 14.889253121000024 ], [ -90.402454235999983, 14.890517764000037 ], [ -90.402422284999943, 14.891294256000037 ], [ -90.402347942999938, 14.891781205000029 ], [ -90.402016192999952, 14.892819649000046 ], [ -90.401918681999973, 14.893350373000033 ], [ -90.401797410999961, 14.89392599100006 ], [ -90.401945611999963, 14.894880674000035 ], [ -90.402099661999955, 14.89534763100005 ], [ -90.402797891999967, 14.896088368000051 ], [ -90.403295972999956, 14.896381950000034 ], [ -90.403833211999938, 14.897186349000037 ], [ -90.404098172999966, 14.897942494000063 ], [ -90.404479763999973, 14.898413161000065 ], [ -90.404839839999966, 14.898838414000068 ], [ -90.405246251999984, 14.899176118000071 ], [ -90.406150768999964, 14.899806271000045 ], [ -90.406758905999936, 14.900412739000046 ], [ -90.40722958799995, 14.901104595000049 ], [ -90.407833011999969, 14.902153635000047 ], [ -90.408008111999948, 14.902755197000033 ], [ -90.408068648999972, 14.903420955000058 ], [ -90.407992714999978, 14.904041129000063 ], [ -90.407870663999972, 14.904682235000053 ], [ -90.407743607999976, 14.905789623000032 ], [ -90.407749520999971, 14.907186452000076 ], [ -90.407850601999939, 14.908296427000039 ], [ -90.408048287999975, 14.908951314000035 ], [ -90.408359929999961, 14.909544263000043 ], [ -90.40879388899998, 14.91010471900006 ], [ -90.409111818999975, 14.911094070000047 ], [ -90.413559500999952, 14.911360057000024 ], [ -90.416222850999986, 14.912126356000044 ], [ -90.42034556499999, 14.91218755400007 ], [ -90.422591114999989, 14.914497157000028 ], [ -90.424466963999976, 14.914701208000054 ], [ -90.42512170599997, 14.914326921000054 ], [ -90.426498925999965, 14.913496670000029 ], [ -90.427181041999972, 14.913163334000046 ], [ -90.428001427999959, 14.91257861400004 ], [ -90.428405249999969, 14.911869519000049 ], [ -90.428513108999937, 14.911343412000065 ], [ -90.428996069999982, 14.910667948000025 ], [ -90.429586833999963, 14.91039906900005 ], [ -90.43016440599996, 14.910263281000027 ], [ -90.430756914999961, 14.910189763000062 ], [ -90.43130806399995, 14.910078516000056 ], [ -90.431805906999955, 14.910007319000044 ], [ -90.432498347999967, 14.909829905000038 ], [ -90.43310756599999, 14.912165092000066 ], [ -90.435508762999973, 14.915121092000049 ], [ -90.43588065199998, 14.916076026000042 ], [ -90.437245492999978, 14.917415843000072 ], [ -90.448934617999953, 14.927705769000056 ], [ -90.450002153999947, 14.928960910000058 ], [ -90.451842277999958, 14.931373044000054 ], [ -90.453583783999989, 14.933878922000076 ], [ -90.455788348999988, 14.938781568000024 ], [ -90.456147604999956, 14.941607409000028 ], [ -90.455730503999973, 14.947829098000057 ], [ -90.45449574099996, 14.956653467000024 ], [ -90.453684111999962, 14.958748080000078 ], [ -90.452109047999954, 14.964947779000056 ], [ -90.450594593999938, 14.970383671000036 ], [ -90.448821288999966, 14.974471789000063 ], [ -90.447127378999937, 14.980674592000071 ], [ -90.446243361999962, 14.98204905700004 ], [ -90.445417803999987, 14.984907909000071 ], [ -90.445564841999953, 14.988423553000075 ], [ -90.446238394999966, 14.98927234100006 ], [ -90.451485361999971, 14.994878777000054 ], [ -90.452462953999941, 14.995513024000047 ], [ -90.449703265999972, 14.995816363000074 ], [ -90.442001781999977, 14.998024435000048 ], [ -90.44035658699994, 14.999021065000022 ], [ -90.43963568099997, 15.000783496000054 ], [ -90.439167871999985, 15.002265349000027 ], [ -90.438820336999981, 15.004182155000024 ], [ -90.438239659999965, 15.005239294000035 ], [ -90.437507252999978, 15.00693947600007 ], [ -90.437032004999935, 15.008701272000053 ], [ -90.436401949999947, 15.009415709000052 ], [ -90.435282421999943, 15.010015098000054 ], [ -90.43430405099997, 15.009981479000032 ], [ -90.433638876999964, 15.009841864000066 ], [ -90.433021875999941, 15.009510830000067 ], [ -90.430782121999982, 15.007997309000075 ], [ -90.428374691999977, 15.005790825000076 ], [ -90.426639530999978, 15.004783192000048 ], [ -90.426696192999941, 15.002330169000061 ], [ -90.426419282999973, 15.000909942000021 ], [ -90.425571359999935, 14.998329256000034 ], [ -90.424045477999982, 14.997167026000056 ], [ -90.416102598999942, 14.995908331000066 ], [ -90.409020829999974, 14.993524382000032 ], [ -90.402740707999953, 14.992395952000038 ], [ -90.399167429999977, 14.992693907000046 ], [ -90.39420150899997, 14.996144223000044 ], [ -90.39251623499996, 14.99717615000003 ], [ -90.390627101999939, 14.998780451000073 ], [ -90.390099822999957, 15.001738377000038 ], [ -90.390663982999968, 15.001867921000041 ], [ -90.389254254999969, 15.003832247000048 ], [ -90.387583703999951, 15.00598777700003 ], [ -90.386379888999954, 15.007350357000064 ], [ -90.385406469999964, 15.008537177000051 ], [ -90.384293807999939, 15.009900790000074 ], [ -90.383727226999952, 15.010922906000076 ], [ -90.383242909999979, 15.011819505000062 ], [ -90.382482781999954, 15.013088928000059 ], [ -90.382075676999989, 15.013892695000038 ], [ -90.381329364999942, 15.015171301000066 ], [ -90.380460901999982, 15.017653273000064 ], [ -90.37830242299998, 15.021931470000027 ], [ -90.376752501999988, 15.023843251000073 ], [ -90.375731424999969, 15.024783310000032 ], [ -90.374889572999962, 15.02560236000005 ], [ -90.373105724999959, 15.026925393000056 ], [ -90.371996388999946, 15.027670202000024 ], [ -90.371448486999952, 15.028106476000062 ], [ -90.369705192999959, 15.028676828000073 ], [ -90.367748492999965, 15.028648521000036 ], [ -90.364457149999964, 15.027937414000064 ], [ -90.363113701999964, 15.028018931000076 ], [ -90.362031441999989, 15.02835413400004 ], [ -90.360996272999955, 15.028827626000066 ], [ -90.359959574999948, 15.029661282000063 ], [ -90.358944477999955, 15.03105183100007 ], [ -90.35832131899997, 15.032926802000077 ], [ -90.357843980999974, 15.034564096000054 ], [ -90.357161718999976, 15.043259281000076 ], [ -90.356932581999956, 15.050251397000068 ], [ -90.357471362999945, 15.054894894000029 ], [ -90.357157288999986, 15.080093882000028 ], [ -90.357682623999949, 15.088360504000036 ], [ -90.35738663799998, 15.091808704000073 ], [ -90.356802898999945, 15.093011151000042 ], [ -90.35623906699999, 15.094247701000029 ], [ -90.355793233999975, 15.094963985000049 ], [ -90.355540961999964, 15.096238047000043 ], [ -90.355869193999979, 15.103940064000028 ], [ -90.356219010999951, 15.106943034000039 ], [ -90.356391685999938, 15.109938288000023 ], [ -90.356533345999935, 15.111074685000062 ], [ -90.356922730999941, 15.112854180000056 ], [ -90.357197754999959, 15.116453568000054 ], [ -90.357642824999971, 15.120727887000044 ], [ -90.358747600999948, 15.124150678000035 ], [ -90.358919607999951, 15.124996125000052 ], [ -90.359225485999957, 15.126153638000062 ], [ -90.359577778999949, 15.127223625000056 ], [ -90.359833907999985, 15.128691058000072 ], [ -90.360128762999977, 15.13069187900004 ], [ -90.360449593999988, 15.133176259000038 ], [ -90.360782793999988, 15.136914080000054 ], [ -90.361631134999982, 15.140589051000063 ], [ -90.363724545999958, 15.145570264000071 ], [ -90.366300742999954, 15.148415202000024 ], [ -90.367827574999978, 15.149687456000038 ], [ -90.368515560999981, 15.150125671000069 ], [ -90.369861662999938, 15.151068366000061 ], [ -90.373630680999952, 15.153021607000028 ], [ -90.375217973999952, 15.15401676700003 ], [ -90.376903744999936, 15.155087585000047 ], [ -90.377939074999972, 15.155690151000044 ], [ -90.380523312999969, 15.158049546000029 ], [ -90.381483628999945, 15.159600811000075 ], [ -90.38124352899996, 15.163851386000033 ], [ -90.38004430699999, 15.167204456000036 ], [ -90.379519691999974, 15.16836021000006 ], [ -90.37821620599999, 15.170311953000066 ], [ -90.374977828999988, 15.173842218000061 ], [ -90.37433290499996, 15.174381187000051 ], [ -90.372989881999956, 15.175527374000069 ], [ -90.371967837999989, 15.176617455000041 ], [ -90.370383463999985, 15.178145827000037 ], [ -90.36389434199998, 15.182969102000072 ], [ -90.359778158999973, 15.187819997000076 ], [ -90.358366225999987, 15.189818857000034 ], [ -90.355945557999974, 15.192057636000072 ], [ -90.353746054999988, 15.193759281000041 ], [ -90.350973898999939, 15.195786106000071 ], [ -90.34782830599994, 15.199127255000064 ], [ -90.344770693999976, 15.202398249000055 ], [ -90.342185743999948, 15.204409081000051 ], [ -90.340611908999961, 15.205944078000073 ], [ -90.337927520999983, 15.208598373000029 ], [ -90.334984710999947, 15.212055716000066 ], [ -90.334322487999941, 15.213721144000033 ], [ -90.333610399999941, 15.223501730000066 ], [ -90.333613656999944, 15.231089113000053 ], [ -90.330280712999979, 15.232667448000029 ], [ -90.326864550999971, 15.232867276000036 ], [ -90.325242940999942, 15.23208358100004 ], [ -90.320865194999953, 15.229428889000076 ], [ -90.319070435999947, 15.228548248000038 ], [ -90.316842926999982, 15.227545002000056 ], [ -90.314152886999977, 15.226979923000044 ], [ -90.312359409999942, 15.226048444000071 ], [ -90.311091733999945, 15.225056636000033 ], [ -90.309153914999968, 15.222858870000039 ], [ -90.306437937999988, 15.220546763000073 ], [ -90.305031889999952, 15.219879565000042 ], [ -90.30312767199996, 15.218658791000053 ], [ -90.300605660999963, 15.217467842000076 ], [ -90.298451799999953, 15.217226301000039 ], [ -90.29598849499996, 15.218089734000046 ], [ -90.293795602999978, 15.219037684000057 ], [ -90.29203946399997, 15.220655880000038 ], [ -90.290416448999963, 15.222455181000043 ], [ -90.28903152099997, 15.223548307000044 ], [ -90.28786648199997, 15.225266175000058 ], [ -90.287465140999984, 15.227729390000036 ], [ -90.286640567999939, 15.229599262000022 ], [ -90.28334560799999, 15.231960854000022 ], [ -90.28064546, 15.232235249000041 ], [ -90.276882074999946, 15.23177301100003 ], [ -90.269702177999989, 15.230061126000066 ], [ -90.266183456999954, 15.229974267000046 ], [ -90.263258400999973, 15.229884430000027 ], [ -90.262666474999946, 15.229708990000063 ], [ -90.262039603999938, 15.22944844500006 ], [ -90.26135269699995, 15.228570727000033 ], [ -90.260474368999951, 15.226042319000044 ], [ -90.259776156999976, 15.224557054000059 ], [ -90.25795846599999, 15.218966593000061 ], [ -90.255738297999983, 15.215953254000055 ], [ -90.252939469999944, 15.213723134000077 ], [ -90.249852339999961, 15.212971836000065 ], [ -90.244715821999989, 15.214110163000043 ], [ -90.236790782999947, 15.213623332000054 ], [ -90.23446224199995, 15.21359693900007 ], [ -90.228837908999935, 15.211404019000042 ], [ -90.22593487499995, 15.210991119000028 ], [ -90.223980748999963, 15.210965859000055 ], [ -90.221482261999938, 15.211800905000075 ], [ -90.219608622999942, 15.213173146000031 ], [ -90.21485642, 15.219210745000055 ], [ -90.211860915999978, 15.222417111000027 ], [ -90.209050001999969, 15.223301172000049 ], [ -90.206573528999968, 15.223026521000065 ], [ -90.204638833999979, 15.222448124000039 ], [ -90.19811684299998, 15.221944610000037 ], [ -90.195115878999957, 15.222164550000059 ], [ -90.17944941799999, 15.220782929000052 ], [ -90.174822888999984, 15.220754127000077 ], [ -90.174064925999971, 15.220267049000029 ], [ -90.173569261999944, 15.219727953000074 ], [ -90.173057531999973, 15.218694179000067 ], [ -90.171645291999937, 15.212699806000046 ], [ -90.169273273999977, 15.207713907000027 ], [ -90.167933054999935, 15.205388352000057 ], [ -90.167510909999976, 15.204745185000036 ], [ -90.166607500999987, 15.202663335000068 ], [ -90.165458282999964, 15.199055454000074 ], [ -90.164450235999936, 15.195846737000068 ], [ -90.163841803999958, 15.193487499000071 ], [ -90.162386422999987, 15.187830134000023 ], [ -90.161537037999949, 15.184714860000042 ], [ -90.160896393999963, 15.181377565000048 ], [ -90.160500971999966, 15.180174781000062 ], [ -90.159423281999977, 15.177792691000036 ], [ -90.156772825999951, 15.175933760000078 ], [ -90.154349010999965, 15.176119897000035 ], [ -90.150041251999937, 15.178359384000032 ], [ -90.146920277999982, 15.180900562000033 ], [ -90.145716135999976, 15.182229839000058 ], [ -90.14213349299996, 15.185984305000034 ], [ -90.13945926699995, 15.18779384000004 ], [ -90.13628930499999, 15.187399042000038 ], [ -90.13268422699997, 15.185612359000061 ], [ -90.129293770999936, 15.185753146000025 ], [ -90.124978923999947, 15.18694210700005 ], [ -90.121849457999986, 15.188709465000045 ], [ -90.117340870999953, 15.190077538000025 ], [ -90.108415757999978, 15.19568644900005 ], [ -90.106623093999985, 15.196077694000053 ], [ -90.105024408999952, 15.195841503000054 ], [ -90.104282300999955, 15.195618590000038 ], [ -90.103027423999947, 15.19416988200004 ], [ -90.102499680999983, 15.19259394200003 ], [ -90.102149554999983, 15.190184917000067 ], [ -90.103678596999941, 15.184235085000068 ], [ -90.103544488999944, 15.177535705000025 ], [ -90.102570390999972, 15.174043959000073 ], [ -90.10142990199995, 15.170524108000052 ], [ -90.100341222999987, 15.166148105000048 ], [ -90.100065430999962, 15.163360737000062 ], [ -90.099275802999955, 15.157130449000022 ], [ -90.098185839999985, 15.154514354000071 ], [ -90.096777114999952, 15.153200267000045 ], [ -90.095413028999985, 15.152490697000076 ], [ -90.091563156999939, 15.151680211000041 ], [ -90.089588713999945, 15.150009970000042 ], [ -90.088913114999968, 15.148379061000071 ], [ -90.088985461999982, 15.142962541000031 ], [ -90.08860773899994, 15.141221462000033 ], [ -90.086408388999985, 15.138414925000063 ], [ -90.084519864999947, 15.136973805000025 ], [ -90.082537781999974, 15.136340860000075 ], [ -90.078449775999957, 15.137328791000073 ], [ -90.076499528999989, 15.138314994000041 ], [ -90.075302632999978, 15.139068241000075 ], [ -90.07323889099996, 15.138882314000057 ], [ -90.069972932999974, 15.137344198000051 ], [ -90.065019432999975, 15.136157752000031 ], [ -90.057268569999962, 15.132969436000053 ], [ -90.052037008999946, 15.131402078000065 ], [ -90.045357880999973, 15.131280897000067 ], [ -90.04038853899999, 15.132850349000023 ], [ -90.039189841999985, 15.133519831000058 ], [ -90.034959245999971, 15.134023067000044 ], [ -90.032454104999943, 15.135085103000051 ], [ -90.03058376499996, 15.136249154000041 ], [ -90.026845997999942, 15.13977942300005 ], [ -90.022050005999972, 15.14281025400004 ], [ -90.016900840999938, 15.144621690000065 ], [ -90.015777588999981, 15.145040296000047 ], [ -90.013109713999938, 15.145428287000072 ], [ -90.009279260999961, 15.145848241000067 ], [ -90.006087918999981, 15.145569986000055 ], [ -90.003148182999951, 15.144590658000027 ], [ -90.000407160999941, 15.143284335000033 ], [ -89.998635341999943, 15.141897186000051 ], [ -89.997155954999982, 15.139881798000033 ] ] ] ] } },
{ "type": "Feature", "properties": { "Codigo": 1801, "datos_finales_color_vul": "152640" }, "geometry": { "type": "MultiPolygon", "coordinates": [ [ [ [ -88.489361525999982, 15.501929472000029 ], [ -88.490827442999944, 15.502108213000042 ], [ -88.492748641999981, 15.502598308000074 ], [ -88.49741256599998, 15.504021263000027 ], [ -88.500027588999956, 15.505135222000035 ], [ -88.507005825999954, 15.506137456000033 ], [ -88.50983251599996, 15.506982868000023 ], [ -88.511821201999965, 15.508469431000037 ], [ -88.514597887999969, 15.511494747000029 ], [ -88.515888621999977, 15.513732407000077 ], [ -88.515802414999939, 15.514251382000054 ], [ -88.517205651999973, 15.516421445000049 ], [ -88.517210957999964, 15.517224064000061 ], [ -88.518873076999967, 15.520460014000037 ], [ -88.522813474999964, 15.524248348000071 ], [ -88.525120724999965, 15.524857655000062 ], [ -88.52739395399999, 15.526397264000025 ], [ -88.529649328999938, 15.527203854000049 ], [ -88.537615532999951, 15.528159998000035 ], [ -88.542606427999942, 15.529620388000069 ], [ -88.543749382999977, 15.530397579000066 ], [ -88.544843403999948, 15.531612242000051 ], [ -88.545980208999936, 15.534864539000068 ], [ -88.546067377999975, 15.541617973000029 ], [ -88.54679613899998, 15.544410037000034 ], [ -88.549106216999974, 15.54636279500005 ], [ -88.552739706999944, 15.548116858000071 ], [ -88.555192144999978, 15.549888724000027 ], [ -88.556256056999985, 15.550049985000044 ], [ -88.560302468999964, 15.554159073000051 ], [ -88.563557754999977, 15.556589573000053 ], [ -88.564199156999962, 15.557450151000069 ], [ -88.564159854999957, 15.55825191200006 ], [ -88.564647156999968, 15.55884336400004 ], [ -88.564368876999936, 15.562354554000024 ], [ -88.562439120999954, 15.567933469000025 ], [ -88.560048646999974, 15.571055934000071 ], [ -88.555549492999944, 15.58048505000005 ], [ -88.553972916999953, 15.587053823000076 ], [ -88.554060417999949, 15.592192091000072 ], [ -88.554618269999935, 15.593719429000032 ], [ -88.556179240999938, 15.594516389000034 ], [ -88.557368284999939, 15.595708212000034 ], [ -88.559686420999981, 15.596638835000022 ], [ -88.56238402699995, 15.597312225000053 ], [ -88.567935194999961, 15.597845991000042 ], [ -88.57210282799997, 15.599065215000053 ], [ -88.57622847, 15.60343516000006 ], [ -88.576934700999971, 15.605427629000076 ], [ -88.57861834299996, 15.607238042000063 ], [ -88.579061445999969, 15.608458712000072 ], [ -88.580049961999975, 15.610035301000039 ], [ -88.58262749499994, 15.612416044000042 ], [ -88.588280581999982, 15.616661099000055 ], [ -88.593214216999968, 15.61880061100004 ], [ -88.60247712599994, 15.620678644000066 ], [ -88.607770631999983, 15.620986584000036 ], [ -88.609643797999979, 15.620476284000063 ], [ -88.61216374899999, 15.618572120000067 ], [ -88.617714458999956, 15.618656128000055 ], [ -88.622950817999936, 15.615828781000062 ], [ -88.625747685999954, 15.613585006000051 ], [ -88.627227617999949, 15.611294628000053 ], [ -88.628271088999952, 15.604082922000032 ], [ -88.630403580999939, 15.597395642000038 ], [ -88.632819870999981, 15.593279617000064 ], [ -88.634957524999948, 15.591167926000026 ], [ -88.636261134999984, 15.590901880000047 ], [ -88.637126432999935, 15.590215660000069 ], [ -88.644886248999967, 15.590939022000043 ], [ -88.647913100999972, 15.590445555000031 ], [ -88.660432091999951, 15.585989147000078 ], [ -88.662105346999965, 15.585925261000057 ], [ -88.665065764999952, 15.58823045400004 ], [ -88.667006298999979, 15.588317233000055 ], [ -88.671838458999957, 15.585402603000034 ], [ -88.677038362999951, 15.583748659000037 ], [ -88.680941992999976, 15.583621417000074 ], [ -88.684756497999956, 15.584864321000055 ], [ -88.691644747999987, 15.585736853000071 ], [ -88.704954413999985, 15.584473391000074 ], [ -88.711023903999944, 15.585352986000032 ], [ -88.716943009999966, 15.586841656000047 ], [ -88.722762190999958, 15.587517648000073 ], [ -88.725303116999953, 15.588275129000067 ], [ -88.725070304999974, 15.589742964000038 ], [ -88.722800990999986, 15.592545410000071 ], [ -88.721965073999968, 15.596757930000024 ], [ -88.721019775999935, 15.599512858000026 ], [ -88.718883392999942, 15.602626718000067 ], [ -88.718159884999977, 15.604780546000029 ], [ -88.71755843599999, 15.605342639000071 ], [ -88.717482322999956, 15.606402013000036 ], [ -88.715921399999957, 15.608547362000024 ], [ -88.714240392999955, 15.613638424000044 ], [ -88.713648155999977, 15.614202934000048 ], [ -88.712896409999985, 15.618712370000026 ], [ -88.711457382999981, 15.623011056000053 ], [ -88.708572622999952, 15.638133405000076 ], [ -88.709422967999956, 15.644297590000065 ], [ -88.708729505999941, 15.650203779000037 ], [ -88.706344090999949, 15.658395724000059 ], [ -88.70512922599994, 15.659875763000059 ], [ -88.704273039999975, 15.662146351000047 ], [ -88.69939803799997, 15.666157451000061 ], [ -88.698610978999966, 15.666263718000039 ], [ -88.696406164999985, 15.667781694000041 ], [ -88.692987887999948, 15.669041242000048 ], [ -88.691150295999989, 15.670634025000027 ], [ -88.686789156999964, 15.672073272000034 ], [ -88.683981459999984, 15.67364682300007 ], [ -88.68087597799996, 15.674744347000058 ], [ -88.679459945999952, 15.67631489200005 ], [ -88.679143400999976, 15.677366063000022 ], [ -88.678836292999961, 15.683323530000052 ], [ -88.672701148999977, 15.687393396000061 ], [ -88.670722282999975, 15.689901889000055 ], [ -88.670389045999968, 15.692839820000074 ], [ -88.671246719999942, 15.698700827000039 ], [ -88.673972705999972, 15.701951966000024 ], [ -88.674552684999981, 15.702537272000029 ], [ -88.676828314999966, 15.703064879000067 ], [ -88.67864392599995, 15.704298075000054 ], [ -88.683321902999978, 15.706329717000074 ], [ -88.690827410999987, 15.706761117000042 ], [ -88.691944947999957, 15.707438181000043 ], [ -88.693153251999945, 15.709166588000073 ], [ -88.695785815999955, 15.710078736000071 ], [ -88.698001846999944, 15.709990571000048 ], [ -88.702920879999965, 15.710844027000064 ], [ -88.715573376999942, 15.710327547000077 ], [ -88.718008203999943, 15.710853384000075 ], [ -88.720534144999988, 15.713672941000027 ], [ -88.721812316999944, 15.716554802000076 ], [ -88.72181502899997, 15.717621352000037 ], [ -88.722845756999959, 15.719591947000026 ], [ -88.722885370999961, 15.720925285000021 ], [ -88.723600651999959, 15.721813043000054 ], [ -88.727238620999969, 15.727793028000065 ], [ -88.729332549999981, 15.732250061000059 ], [ -88.729864007999936, 15.735140955000077 ], [ -88.730834194999943, 15.737870219000058 ], [ -88.733075260999954, 15.741698806000045 ], [ -88.734676454999942, 15.747518220000075 ], [ -88.734176623999986, 15.752299831000073 ], [ -88.732565773999966, 15.753760896000074 ], [ -88.730816024999967, 15.759298102000059 ], [ -88.72980520699997, 15.760425930000054 ], [ -88.72912658499996, 15.761005603000058 ], [ -88.727021448999949, 15.761327255000026 ], [ -88.724088527999982, 15.759931392000055 ], [ -88.720632788999978, 15.758488007000039 ], [ -88.716472145999944, 15.758517692000055 ], [ -88.715608796999959, 15.759134262000032 ], [ -88.708503203999953, 15.760505917000046 ], [ -88.706932659999893, 15.761618049000049 ], [ -88.701298834999989, 15.763689268000064 ], [ -88.698227444999986, 15.765804280000054 ], [ -88.694897898999955, 15.76721404400007 ], [ -88.690075005999972, 15.771499271000039 ], [ -88.687347468999974, 15.774408901000072 ], [ -88.681927468999959, 15.779029227000024 ], [ -88.680971961999944, 15.780908636000049 ], [ -88.680593008999949, 15.78173193300006 ], [ -88.679905533999943, 15.781375551000053 ], [ -88.679037791999974, 15.780955833000064 ], [ -88.678357799999958, 15.780384279000032 ], [ -88.678048623999985, 15.779729917000054 ], [ -88.677576839999972, 15.779139960000066 ], [ -88.676896883999973, 15.778567276000047 ], [ -88.675307958999952, 15.777351962000068 ], [ -88.671257152999942, 15.774724671000058 ], [ -88.668973094999956, 15.773628496000072 ], [ -88.666667761999975, 15.772466491000046 ], [ -88.665388106999956, 15.771904368000037 ], [ -88.664362966999988, 15.77128080600005 ], [ -88.662872302999972, 15.769776547000049 ], [ -88.661993737999978, 15.768776004000074 ], [ -88.660672429999977, 15.768012370000065 ], [ -88.658719008999981, 15.766566491000049 ], [ -88.651557200999946, 15.761642491000032 ], [ -88.649352183999952, 15.760101342000041 ], [ -88.647049078999942, 15.758849051000027 ], [ -88.644719996999982, 15.757751786000028 ], [ -88.64188304299995, 15.756645449000075 ], [ -88.638535029999957, 15.755706942000074 ], [ -88.635368707999987, 15.754928728000039 ], [ -88.633000590999984, 15.754546389000041 ], [ -88.631183461999967, 15.754308110000068 ], [ -88.6299414, 15.754149011000038 ], [ -88.628887087999942, 15.753838118000033 ], [ -88.628097775999947, 15.753382622000061 ], [ -88.627299566999966, 15.752554951000036 ], [ -88.625849379999977, 15.750269032000062 ], [ -88.62530951299999, 15.748549259000072 ], [ -88.624825029999954, 15.746418030000029 ], [ -88.624525822999942, 15.744222891000049 ], [ -88.624540678999949, 15.743529931000069 ], [ -88.62460049799995, 15.742884090000075 ], [ -88.624864191999961, 15.742419329000029 ], [ -88.62540953599995, 15.741738157000043 ], [ -88.62599269399999, 15.741437631000053 ], [ -88.626733168999976, 15.741318369000055 ], [ -88.62721475799998, 15.741439645000071 ], [ -88.627266770999938, 15.742244421000066 ], [ -88.627269474999935, 15.743204898000045 ], [ -88.627344631999961, 15.743988723000029 ], [ -88.627356408999958, 15.744525533000058 ], [ -88.627461063999988, 15.745019118000073 ], [ -88.627750702999947, 15.745516421000048 ], [ -88.628204255999947, 15.745860330000028 ], [ -88.628730970999982, 15.746049021000033 ], [ -88.629908050999973, 15.746006158000057 ], [ -88.630601165999963, 15.745952443000022 ], [ -88.631203307999954, 15.745852935000073 ], [ -88.631809644999976, 15.745530313000074 ], [ -88.632464421999941, 15.745119607000049 ], [ -88.632961335999937, 15.74452536900003 ], [ -88.633158637999941, 15.743926244000022 ], [ -88.633271187999981, 15.742990620000057 ], [ -88.633317381999973, 15.741919520000067 ], [ -88.633060538999985, 15.740976484000043 ], [ -88.632479913999987, 15.740070913000068 ], [ -88.631784215999971, 15.739185579000036 ], [ -88.631384647999937, 15.738440331000049 ], [ -88.63110513099997, 15.737496841000052 ], [ -88.629717017999951, 15.735547001000043 ], [ -88.626827997999953, 15.733657199000049 ], [ -88.626155247999975, 15.732762171000047 ], [ -88.625960519999978, 15.732154052000055 ], [ -88.625951682999982, 15.731506832000036 ], [ -88.626055073999964, 15.730972334000057 ], [ -88.626550124999937, 15.730490795000037 ], [ -88.627031689999967, 15.730612065000059 ], [ -88.627554991999943, 15.730958495000039 ], [ -88.628170222999984, 15.731305643000042 ], [ -88.628876397999989, 15.731699706000029 ], [ -88.630063789999951, 15.732258984000055 ], [ -88.630980120999936, 15.732568207000043 ], [ -88.631602040999951, 15.732603229000063 ], [ -88.632670570999949, 15.732244778000052 ], [ -88.633226617999981, 15.73212178600005 ], [ -88.634363881999946, 15.731787246000067 ], [ -88.634701502999974, 15.731101874000046 ], [ -88.634742923999966, 15.730252747000065 ], [ -88.634712692999983, 15.729516036000064 ], [ -88.634538798999984, 15.729021064000051 ], [ -88.63425011399994, 15.728478700000039 ], [ -88.63377331199996, 15.728134344000068 ], [ -88.633300822999956, 15.727588294000043 ], [ -88.633517433999941, 15.727146240000025 ], [ -88.634153282999989, 15.726555899000061 ], [ -88.63593294399999, 15.725295206000055 ], [ -88.637047381999935, 15.724937642000043 ], [ -88.637287828999945, 15.724496058000057 ], [ -88.637321001999965, 15.72400523400006 ], [ -88.637335312999937, 15.723334797000064 ], [ -88.637188959999946, 15.722639721000064 ], [ -88.636856221999949, 15.722007425000072 ], [ -88.636377815999936, 15.721302320000063 ], [ -88.636139265999986, 15.719938057000036 ], [ -88.636196281999958, 15.719447711000043 ], [ -88.636549886999944, 15.719074902000045 ], [ -88.637514031999956, 15.719295987000066 ], [ -88.637995127999943, 15.719438637000053 ], [ -88.638869654999951, 15.719523777000063 ], [ -88.639497742999936, 15.719268056000033 ], [ -88.64041555099999, 15.718415039000035 ], [ -88.640854175999948, 15.717329232000054 ], [ -88.641341901999965, 15.717160876000037 ], [ -88.643423315999939, 15.716889111000057 ], [ -88.644538180999973, 15.71650895700003 ], [ -88.645400001999974, 15.71612486600003 ], [ -88.64603712, 15.715444319000028 ], [ -88.646329192999985, 15.714735457000074 ], [ -88.646626390999984, 15.713758403000043 ], [ -88.646780962999969, 15.71300283000005 ], [ -88.646726619999981, 15.711236424000049 ], [ -88.647142301999963, 15.710105042000066 ], [ -88.647301155999969, 15.709147768000037 ], [ -88.647294629999976, 15.708387851000055 ], [ -88.647331665999957, 15.706646939000052 ], [ -88.647080940999956, 15.705413195000062 ], [ -88.646417897999982, 15.704059623000035 ], [ -88.646198030999983, 15.70356374000005 ], [ -88.64665309899999, 15.702767945000062 ], [ -88.647101500999952, 15.702285398000072 ], [ -88.64742096699996, 15.701353874000063 ], [ -88.647248479999973, 15.700791301000038 ], [ -88.646727546999955, 15.700334501000043 ], [ -88.646367363999957, 15.699924874000033 ], [ -88.64605265099999, 15.699538699000072 ], [ -88.645611861999953, 15.698569459000055 ], [ -88.645301998999969, 15.697982726000077 ], [ -88.644806256999971, 15.697436244000073 ], [ -88.644103823999956, 15.696841674000041 ], [ -88.643103288999953, 15.696174639000049 ], [ -88.64182178499999, 15.695724064000046 ], [ -88.640923131999955, 15.69568356700006 ], [ -88.640020664999952, 15.695822228000054 ], [ -88.639415819999954, 15.696055885000021 ], [ -88.638929563999966, 15.696157768000035 ], [ -88.638352251999947, 15.696191320000025 ], [ -88.637527104999947, 15.695950496000023 ], [ -88.637058448999937, 15.695226438000077 ], [ -88.636545266999974, 15.694434978000061 ], [ -88.636003888999937, 15.693683537000027 ], [ -88.635281297999938, 15.693135889000075 ], [ -88.634340515999952, 15.692916417000049 ], [ -88.633623383999975, 15.693013670000028 ], [ -88.632437548999974, 15.693481427000052 ], [ -88.631690595999942, 15.693912873000045 ], [ -88.630900432999965, 15.694187887000055 ], [ -88.63029378899995, 15.694533081000031 ], [ -88.629958150999983, 15.695129443000042 ], [ -88.62989113499998, 15.696088529000065 ], [ -88.629880168999989, 15.696602340000027 ], [ -88.629406206999988, 15.697218475000057 ], [ -88.628781532999938, 15.697317560000045 ], [ -88.627837907999947, 15.697231014000067 ], [ -88.627314171999956, 15.696908270000051 ], [ -88.626905614999941, 15.696586704000026 ], [ -88.62611422699996, 15.695856160000062 ], [ -88.625363059999984, 15.695394710000073 ], [ -88.624493421999944, 15.695086440000068 ], [ -88.623622344999944, 15.694845776000022 ], [ -88.622728006999978, 15.694604642000058 ], [ -88.621835214999976, 15.694318446000068 ], [ -88.621145153999976, 15.694238092000035 ], [ -88.620291055999985, 15.69426491300004 ], [ -88.61938, 15.694805741000039 ], [ -88.618006913999977, 15.695403791000047 ], [ -88.611881988999983, 15.698207009000043 ], [ -88.611158155999988, 15.698616289000029 ], [ -88.610138144999951, 15.698864048000075 ], [ -88.609490305999941, 15.698985151000045 ], [ -88.608283060999952, 15.699363273000074 ], [ -88.607413600999962, 15.700105522000058 ], [ -88.606443370999955, 15.70017503300005 ], [ -88.605871460999936, 15.699984284000038 ], [ -88.605163894999976, 15.699635243000046 ], [ -88.604431253999962, 15.699397291000025 ], [ -88.603717474999939, 15.69933781800006 ], [ -88.602538279999976, 15.69949328000007 ], [ -88.601884580999979, 15.699859977000074 ], [ -88.600928516999943, 15.700353584000027 ], [ -88.600408433999974, 15.700946158000022 ], [ -88.600047987999972, 15.701609584000039 ], [ -88.599467539999978, 15.702871636000054 ], [ -88.599407204999977, 15.703539988000045 ], [ -88.599484676999964, 15.704212247000044 ], [ -88.599724796999965, 15.70484269800005 ], [ -88.600205911999979, 15.705007961000035 ], [ -88.600826749999953, 15.705088119000038 ], [ -88.601794042999984, 15.70512904900005 ], [ -88.602508808999971, 15.705143464000059 ], [ -88.603174626999987, 15.705269609000027 ], [ -88.603554147999944, 15.705857783000056 ], [ -88.603497162999986, 15.706370650000054 ], [ -88.60318708899996, 15.706855867000058 ], [ -88.602700226999957, 15.706957646000035 ], [ -88.602143310999963, 15.707124514000043 ], [ -88.601171696999984, 15.707284144000027 ], [ -88.599903348999987, 15.707281099000056 ], [ -88.59874873199999, 15.707346846000064 ], [ -88.597706866999943, 15.707526459000064 ], [ -88.597220586999981, 15.707628233000037 ], [ -88.596731420999959, 15.707864090000044 ], [ -88.596188498999936, 15.708434768000075 ], [ -88.595898225999974, 15.709053383000025 ], [ -88.595791899999938, 15.709721928000022 ], [ -88.595957802999976, 15.712718037000059 ], [ -88.596365834999972, 15.713062190000073 ], [ -88.597256233999985, 15.713460050000037 ], [ -88.597803686999953, 15.713760801000035 ], [ -88.598371398999973, 15.714174683000067 ], [ -88.599367365999967, 15.71502104800004 ], [ -88.600450630999944, 15.71613744800004 ], [ -88.60150775599999, 15.717387458000076 ], [ -88.602207563999968, 15.718072281000047 ], [ -88.603793721999978, 15.719399468000063 ], [ -88.60415287699999, 15.71985309300004 ], [ -88.604484045999982, 15.720553020000068 ], [ -88.604656913999975, 15.721091940000065 ], [ -88.604668062999963, 15.721628724000027 ], [ -88.60471615099999, 15.722612637000054 ], [ -88.60383229699994, 15.727155556000071 ], [ -88.603817893999974, 15.727933051000036 ], [ -88.604196374999958, 15.728543756000022 ], [ -88.604980170999966, 15.729654111000059 ], [ -88.605170902999987, 15.73041771000004 ], [ -88.605386453999984, 15.731136723000077 ], [ -88.605698220999955, 15.731657031000054 ], [ -88.605935489999979, 15.732421570000042 ], [ -88.606101139999964, 15.733296260000031 ], [ -88.606110372999979, 15.733922059000065 ], [ -88.605837079999958, 15.734831851000024 ], [ -88.605549731999986, 15.735340067000038 ], [ -88.605055595999943, 15.735776474000033 ], [ -88.6044705, 15.736167081000076 ], [ -88.603629487999967, 15.736686656000074 ], [ -88.603181394999979, 15.737146531000064 ], [ -88.602798564999944, 15.737764406000053 ], [ -88.602578019999953, 15.73838556100003 ], [ -88.602331706999962, 15.739095242000076 ], [ -88.602065110999945, 15.739692919000049 ], [ -88.601614603999963, 15.740264336000052 ], [ -88.60112197699999, 15.740656797000042 ], [ -88.599653630999967, 15.741364315000055 ], [ -88.59758764899999, 15.742016897000042 ], [ -88.596774924999977, 15.742221389000065 ], [ -88.595894559999977, 15.742405344000076 ], [ -88.594930017999957, 15.742229140000063 ], [ -88.59431763799995, 15.741725277000057 ], [ -88.593474064999953, 15.74128323900004 ], [ -88.592210334999947, 15.741057004000027 ], [ -88.59133481899994, 15.741016724000076 ], [ -88.59031555599995, 15.741219262000072 ], [ -88.589287113999944, 15.741846562000035 ], [ -88.587771812999961, 15.74259812400004 ], [ -88.586486872999956, 15.743353219000028 ], [ -88.585801517999982, 15.744099049000056 ], [ -88.584811858999956, 15.745084431000066 ], [ -88.583282526999938, 15.746482680000042 ], [ -88.582752888999948, 15.746916042000066 ], [ -88.581896811999968, 15.747616681000068 ], [ -88.580981564999945, 15.748335277000024 ], [ -88.580123543999946, 15.749635535000039 ], [ -88.579323993999935, 15.751405888000022 ], [ -88.578527796999936, 15.75302074800004 ], [ -88.577684558999977, 15.754657190000046 ], [ -88.575768868999944, 15.756851181000059 ], [ -88.575529295999957, 15.75727125700007 ], [ -88.575445548999937, 15.757939102000023 ], [ -88.575572358999977, 15.758478223000054 ], [ -88.575971622999987, 15.759200986000053 ], [ -88.576783813999953, 15.760043741000061 ], [ -88.577443485999936, 15.760459569000034 ], [ -88.578177338999978, 15.760675137000078 ], [ -88.578776024999968, 15.760709857000052 ], [ -88.57965500499995, 15.760593597000025 ], [ -88.579967172999943, 15.760019442000043 ], [ -88.580009321999967, 15.759148979000031 ], [ -88.579882963999978, 15.758588448000069 ], [ -88.579805097999952, 15.757938728000056 ], [ -88.579633761999958, 15.757332197000039 ], [ -88.579604637999978, 15.756527919000064 ], [ -88.580120121999983, 15.756158533000075 ], [ -88.581021399999941, 15.756086675000063 ], [ -88.581500061999975, 15.756342132000043 ], [ -88.582115336999948, 15.756711954000025 ], [ -88.582910068999979, 15.757287191000046 ], [ -88.583763903999966, 15.758331412000075 ], [ -88.584048970999959, 15.759007885000074 ], [ -88.584236343999976, 15.759949520000077 ], [ -88.584118199999978, 15.761131806000037 ], [ -88.583817224999962, 15.762264161000076 ], [ -88.583124527999985, 15.763344594000046 ], [ -88.582313828999986, 15.764579305000041 ], [ -88.581739691999985, 15.765505460000043 ], [ -88.580892630999983, 15.767342472000053 ], [ -88.58007317299996, 15.768979397000066 ], [ -88.57931894699999, 15.76970123600006 ], [ -88.577465014999973, 15.771160413000075 ], [ -88.575954313999944, 15.772759569000073 ], [ -88.571639078999965, 15.778122691000021 ], [ -88.570361573999946, 15.779592406000063 ], [ -88.569403898999951, 15.781181351000043 ], [ -88.568300552999972, 15.783124628000053 ], [ -88.566272856999944, 15.78726053500003 ], [ -88.561558314999957, 15.795049842000026 ], [ -88.561119520999966, 15.79611280000006 ], [ -88.560795517999964, 15.797223193000036 ], [ -88.560455074999936, 15.798019895000039 ], [ -88.559831917999986, 15.79910161600003 ], [ -88.559207188999949, 15.80022838900004 ], [ -88.558409101999985, 15.801909556000055 ], [ -88.558116636999955, 15.802640730000064 ], [ -88.557778605999943, 15.80332588300007 ], [ -88.557480676999944, 15.804280123000069 ], [ -88.557020591999958, 15.805276123000056 ], [ -88.556439436999938, 15.806537905000027 ], [ -88.556049071999951, 15.807512788000054 ], [ -88.555721113999937, 15.808801170000038 ], [ -88.555488480999941, 15.80993595800004 ], [ -88.555166846999953, 15.810934788000054 ], [ -88.554704523999987, 15.811659086000077 ], [ -88.556950394999944, 15.814449772000046 ], [ -88.560006143999942, 15.819633106000026 ], [ -88.561445421999963, 15.820288174000041 ], [ -88.562489592999952, 15.82106927600006 ], [ -88.563387098999954, 15.822248642000034 ], [ -88.564139660999956, 15.823694430000046 ], [ -88.564808477999975, 15.825829462000058 ], [ -88.565316001999975, 15.827939775000061 ], [ -88.565677228999959, 15.830404403000045 ], [ -88.565547399999957, 15.83634419200007 ], [ -88.565333280999937, 15.852467354000055 ], [ -88.565247184999976, 15.853235446000042 ], [ -88.565095567999947, 15.853857914000059 ], [ -88.564647951999973, 15.854251135000027 ], [ -88.563884368999936, 15.854369604000055 ], [ -88.563210208999976, 15.854578950000075 ], [ -88.562720129999946, 15.854837159000056 ], [ -88.561956951999946, 15.854910541000038 ], [ -88.561268412999937, 15.854739732000041 ], [ -88.560888378999948, 15.854173985000045 ], [ -88.560785366999937, 15.853613922000022 ], [ -88.56062045799996, 15.852716697000062 ], [ -88.560343256999943, 15.851683032000039 ], [ -88.559808775999954, 15.850779347000071 ], [ -88.559184908999953, 15.849783651000052 ], [ -88.55727422199999, 15.847465296000053 ], [ -88.555254864999938, 15.845882989000074 ], [ -88.553520898999977, 15.843925556000045 ], [ -88.550631188999944, 15.842079615000046 ], [ -88.550736606999976, 15.841467485000067 ], [ -88.551282011999945, 15.840809170000057 ], [ -88.551823913999954, 15.840283786000043 ], [ -88.552395527999977, 15.839491875000022 ], [ -88.552708932999963, 15.838872744000071 ], [ -88.552890211999966, 15.837960095000028 ], [ -88.552900982999972, 15.83746887500007 ], [ -88.55273217599995, 15.836750793000022 ], [ -88.552252910999982, 15.836517766000043 ], [ -88.551571968999951, 15.837039170000025 ], [ -88.551308440999946, 15.837481234000052 ], [ -88.550904574999947, 15.838030871000058 ], [ -88.550526318999971, 15.838448032000031 ], [ -88.549939844999983, 15.838882324000053 ], [ -88.54940129199997, 15.839228557000069 ], [ -88.548256482999989, 15.839875663000043 ], [ -88.54717604199999, 15.840746134000028 ], [ -88.546457628999974, 15.841938521000031 ], [ -88.546419157999935, 15.842629799000065 ], [ -88.546545876999971, 15.843168928000068 ], [ -88.546812086999978, 15.843665842000064 ], [ -88.547046706999936, 15.844540828000049 ], [ -88.546869706999985, 15.845230379000043 ], [ -88.546030178999956, 15.846687403000033 ], [ -88.545529809999948, 15.847414252000021 ], [ -88.544988281999963, 15.847894534000034 ], [ -88.544222194999975, 15.848101927000073 ], [ -88.543464947999951, 15.84790711100004 ], [ -88.542596397999944, 15.847531912000022 ], [ -88.541677464999964, 15.847356302000037 ], [ -88.540618458999973, 15.847222885000065 ], [ -88.539908250999986, 15.847007612000027 ], [ -88.539021840999965, 15.846386316000064 ], [ -88.537119477999966, 15.84476120000005 ], [ -88.536393785999962, 15.844165757000042 ], [ -88.535802762999936, 15.843773718000023 ], [ -88.535299763999944, 15.843561583000053 ], [ -88.53443125199999, 15.843186359000072 ], [ -88.533838164999963, 15.842861901000049 ], [ -88.533133395999982, 15.842401009000071 ], [ -88.532339468999965, 15.841759062000051 ], [ -88.531340371999988, 15.841022706000047 ], [ -88.530334356999958, 15.840600671000061 ], [ -88.528594928999951, 15.839961725000023 ], [ -88.527608277999946, 15.839718166000068 ], [ -88.527032103999943, 15.839683714000046 ], [ -88.52624573199995, 15.839756502000057 ], [ -88.525572694999937, 15.839943214000073 ], [ -88.524920861999988, 15.840197989000046 ], [ -88.524294268999938, 15.840364242000078 ], [ -88.523509942999965, 15.840370559000064 ], [ -88.522501018999947, 15.840081432000034 ], [ -88.520305617999952, 15.839187280000033 ], [ -88.519228459999965, 15.838851642000066 ], [ -88.518308615999956, 15.838721013000054 ], [ -88.517573150999965, 15.838571655000067 ], [ -88.516979227999968, 15.83831364200006 ], [ -88.51629821399996, 15.837808117000066 ], [ -88.51522055099997, 15.837496120000026 ], [ -88.512441090999971, 15.836902006000059 ], [ -88.510970029999953, 15.836637063000069 ], [ -88.509588278999956, 15.836519359000022 ], [ -88.508392983999954, 15.836315348000028 ], [ -88.507564607999939, 15.836209116000077 ], [ -88.506787754999948, 15.835879658000067 ], [ -88.503622778999954, 15.837001885000063 ], [ -88.503415502999985, 15.837449541000069 ], [ -88.502311407999969, 15.83746491900007 ], [ -88.501381361999961, 15.836719746000028 ], [ -88.500651685999969, 15.835864899000057 ], [ -88.499930118999941, 15.835405827000045 ], [ -88.499248230999967, 15.835362344000032 ], [ -88.498318357999949, 15.835476003000053 ], [ -88.497610812999937, 15.835696846000076 ], [ -88.497029040999962, 15.835968768000043 ], [ -88.496287995999978, 15.836387273000071 ], [ -88.495407030999957, 15.836946005000073 ], [ -88.49447405699999, 15.837644534000049 ], [ -88.49404001399995, 15.838315123000029 ], [ -88.493217927999979, 15.839733899000066 ], [ -88.492770872999984, 15.840518050000071 ], [ -88.492302932999962, 15.84137727500007 ], [ -88.491995116999988, 15.842051615000059 ], [ -88.491866207999976, 15.842586543000039 ], [ -88.49172740299997, 15.843566459000044 ], [ -88.491594189999944, 15.845603685000071 ], [ -88.491256894999935, 15.849800635000065 ], [ -88.49172374599999, 15.851189906000059 ], [ -88.492292540999983, 15.851503818000026 ], [ -88.492765454999983, 15.851731201000064 ], [ -88.493252292999955, 15.852222609000023 ], [ -88.493593270999952, 15.852701958000068 ], [ -88.493888991999938, 15.853436212000076 ], [ -88.494306270999971, 15.853992667000057 ], [ -88.495082711999942, 15.85460394200004 ], [ -88.495796689999963, 15.854987372000039 ], [ -88.496198383999968, 15.855276382000056 ], [ -88.496995820999985, 15.855493613000021 ], [ -88.498437101999968, 15.85560928600006 ], [ -88.499846993999938, 15.855749091000064 ], [ -88.501211211999987, 15.855953308000039 ], [ -88.502095030999953, 15.856030306000036 ], [ -88.503156980999961, 15.856029856000077 ], [ -88.50472677099998, 15.85599600300003 ], [ -88.505996393999965, 15.855977314000029 ], [ -88.506875262999984, 15.855883998000024 ], [ -88.50812366599996, 15.855798359000062 ], [ -88.509040593999941, 15.856063112000072 ], [ -88.509773546999952, 15.856301503000054 ], [ -88.510316169999953, 15.856826730000023 ], [ -88.510580730999948, 15.857367593000049 ], [ -88.510954159999983, 15.858224054000061 ], [ -88.511323618999938, 15.859259641000051 ], [ -88.511446294999985, 15.859976767000035 ], [ -88.511523384999975, 15.860648991000062 ], [ -88.511455160999958, 15.861651820000077 ], [ -88.51130229499995, 15.862296727000057 ], [ -88.510844520999967, 15.863169737000078 ], [ -88.510392438999986, 15.863785884000038 ], [ -88.509962157999951, 15.864468983000052 ], [ -88.509834452999939, 15.865002827000069 ], [ -88.509747383999979, 15.865804638000043 ], [ -88.50975331799998, 15.866586964000078 ], [ -88.510027793999939, 15.867731036000066 ], [ -88.510147459999985, 15.868583354000066 ], [ -88.510459085999969, 15.869102660000067 ], [ -88.511157494999964, 15.86987683600006 ], [ -88.511683231999939, 15.870088383000052 ], [ -88.512256503999936, 15.870256961000052 ], [ -88.512808469999982, 15.870336053000074 ], [ -88.513750748999939, 15.87051116300006 ], [ -88.514649498999972, 15.870574911000062 ], [ -88.515363761999936, 15.870634823000046 ], [ -88.51616753199994, 15.870807050000053 ], [ -88.516785790999961, 15.871021634000044 ], [ -88.51747433099996, 15.871191463000059 ], [ -88.518141622999963, 15.871295476000057 ], [ -88.518948843999965, 15.871312223000075 ], [ -88.519893609999897, 15.871375778000072 ], [ -88.522004185999947, 15.871933505000072 ], [ -88.525313867999955, 15.872561141000062 ], [ -88.526894198999969, 15.873085299000024 ], [ -88.527874187999942, 15.873663516000022 ], [ -88.528783343999976, 15.874285349000047 ], [ -88.529672277999964, 15.874795174000042 ], [ -88.530976684999985, 15.875291053000069 ], [ -88.531871050999939, 15.875555272000042 ], [ -88.533084898999959, 15.875960225000028 ], [ -88.53448137, 15.876480532000073 ], [ -88.535884267999961, 15.876710167000056 ], [ -88.536602504999962, 15.876592011000071 ], [ -88.537372660999949, 15.876205541000047 ], [ -88.538139273999946, 15.875953124000034 ], [ -88.538721472999953, 15.875719436000054 ], [ -88.539412998999978, 15.875756264000074 ], [ -88.540195598999958, 15.875861470000075 ], [ -88.540859423999962, 15.876098350000063 ], [ -88.541446675999964, 15.876692078000076 ], [ -88.542011669999965, 15.877239133000046 ], [ -88.542829437999956, 15.877836492000029 ], [ -88.543602113999953, 15.878366413000037 ], [ -88.544461923999961, 15.879143851000038 ], [ -88.545139223999968, 15.879827349000038 ], [ -88.545590430999937, 15.880306676000032 ], [ -88.546104551999974, 15.881075849000069 ], [ -88.546745594999948, 15.881290831000058 ], [ -88.546965687999943, 15.880736308000053 ], [ -88.547427056999936, 15.87969645000004 ], [ -88.548239749999937, 15.879467489000035 ], [ -88.548742874999959, 15.879678494000075 ], [ -88.549129160999939, 15.880277083000067 ], [ -88.549249121999935, 15.880805934000023 ], [ -88.549429972999974, 15.883066213000063 ], [ -88.549511448999965, 15.888808456000049 ], [ -88.549756821999949, 15.892342617000054 ], [ -88.550509113999965, 15.894859274000055 ], [ -88.551097012999946, 15.896458425000048 ], [ -88.551653220999981, 15.897407685000076 ], [ -88.552124746999937, 15.897997892000035 ], [ -88.55257553499996, 15.898498624000069 ], [ -88.553442348999965, 15.898962849000043 ], [ -88.553502572999946, 15.898317104000057 ], [ -88.553328858999976, 15.89782208500003 ], [ -88.553110154999956, 15.897281053000029 ], [ -88.552960719999987, 15.896741448000057 ], [ -88.553233656999964, 15.895876912000062 ], [ -88.55385552599995, 15.895933688000071 ], [ -88.554543193999962, 15.896149623000042 ], [ -88.555318915999976, 15.896545457000059 ], [ -88.556161570999961, 15.897075675000053 ], [ -88.55702346399994, 15.897764088000031 ], [ -88.557875550999938, 15.898898652000071 ], [ -88.558656913999982, 15.900098258000071 ], [ -88.559375962999979, 15.901006904000042 ], [ -88.559936050999966, 15.901755599000069 ], [ -88.560636754999962, 15.902439559000072 ], [ -88.56140671199995, 15.903126070000042 ], [ -88.562054467999985, 15.904099744000064 ], [ -88.562723149999954, 15.908334736000029 ], [ -88.563226072999953, 15.909618785000077 ], [ -88.563581898999985, 15.910229142000048 ], [ -88.564143595999951, 15.910932782000032 ], [ -88.564729955999951, 15.911547882000036 ], [ -88.565342055999963, 15.912051922000046 ], [ -88.566372262999948, 15.912452973000029 ], [ -88.567564694999987, 15.912813396000047 ], [ -88.568318303999945, 15.91318620900006 ], [ -88.568792361999954, 15.913664857000072 ], [ -88.569267991999936, 15.914098455000044 ], [ -88.570040380999956, 15.91465086900007 ], [ -88.571345682999947, 15.91512405800006 ], [ -88.57267474799994, 15.915576315000067 ], [ -88.573726732999944, 15.916021744000034 ], [ -88.57431762899995, 15.916458829000078 ], [ -88.574905988999944, 15.916984905000049 ], [ -88.575465299999962, 15.917800070000055 ], [ -88.576002291999941, 15.918570818000035 ], [ -88.576929226999937, 15.919461161000072 ], [ -88.577818501999957, 15.919970868000064 ], [ -88.578686471999958, 15.920389961000069 ], [ -88.57978944599995, 15.920636906000027 ], [ -88.581765206999989, 15.921057297000061 ], [ -88.582935548999956, 15.921393530000046 ], [ -88.583949427999983, 15.921480821000046 ], [ -88.584579693999956, 15.921158965000075 ], [ -88.585252053999966, 15.921016064000071 ], [ -88.58608037, 15.921145757000033 ], [ -88.586815180999963, 15.921316364000063 ], [ -88.588254738999979, 15.921993989000043 ], [ -88.589304347999985, 15.92255202900003 ], [ -88.591165339999975, 15.924041963000036 ], [ -88.592900167999971, 15.925975675000075 ], [ -88.59480161, 15.928762704000064 ], [ -88.596164046999945, 15.930868014000055 ], [ -88.596901204999938, 15.932000154000036 ], [ -88.597420507999971, 15.932546196000033 ], [ -88.597874325999953, 15.932890257000054 ], [ -88.598675622999963, 15.933220005000067 ], [ -88.599272393999968, 15.933366343000046 ], [ -88.606074054999965, 15.933773555000073 ], [ -88.60872498699996, 15.933961786000054 ], [ -88.610033967999982, 15.93427818300006 ], [ -88.611680140999965, 15.935026407000066 ], [ -88.612609759999941, 15.935805109000057 ], [ -88.613645916999985, 15.936988399000029 ], [ -88.61427424499999, 15.937827464000065 ], [ -88.61478194099999, 15.938909805000037 ], [ -88.615460765999956, 15.940587428000072 ], [ -88.619186557999967, 15.947633007000036 ], [ -88.619757172999982, 15.948984911000025 ], [ -88.620056520999981, 15.950086681000073 ], [ -88.620160594999959, 15.952746826000066 ], [ -88.620164841999951, 15.953595720000067 ], [ -88.620241884999984, 15.954311958000062 ], [ -88.620456445999935, 15.955053541000041 ], [ -88.62073894699995, 15.955885559000023 ], [ -88.621085773999937, 15.956920664000052 ], [ -88.623250370999983, 15.961431995000055 ], [ -88.623371953999936, 15.962216776000048 ], [ -88.623337481999954, 15.962730094000051 ], [ -88.623067547999938, 15.963461811000059 ], [ -88.622549058999937, 15.963942729000053 ], [ -88.62179995799994, 15.964418945000034 ], [ -88.620538685999975, 15.965085368000075 ], [ -88.618795235999983, 15.965607814000066 ], [ -88.615875335999988, 15.966084825000053 ], [ -88.611597830999983, 15.966354841000054 ], [ -88.607700177999959, 15.966118524000024 ], [ -88.604250399999955, 15.965490008000074 ], [ -88.600023516999954, 15.964487082000062 ], [ -88.595882899999935, 15.96377779200003 ], [ -88.591037461999974, 15.96256138800004 ], [ -88.587440776999983, 15.961281477000057 ], [ -88.585630720999973, 15.960618717000045 ], [ -88.583570326999961, 15.95981666800003 ], [ -88.578363177999961, 15.957229819000077 ], [ -88.575325778999968, 15.955692977000069 ], [ -88.572707123999976, 15.95403058900007 ], [ -88.568205486999943, 15.951905568000029 ], [ -88.562660747999985, 15.948931616000039 ], [ -88.559446443999946, 15.947056189000023 ], [ -88.557753494999986, 15.946351703000062 ], [ -88.555965635999939, 15.945778249000057 ], [ -88.554914567999958, 15.945287638000025 ], [ -88.553458639999974, 15.944297218000031 ], [ -88.552006270999982, 15.943172731000061 ], [ -88.549287943999957, 15.940793469000027 ], [ -88.545839923999949, 15.938041782000028 ], [ -88.544568183999957, 15.937076551000075 ], [ -88.532700294999984, 15.925706952000041 ], [ -88.528157895999982, 15.921323993000044 ], [ -88.520646242999987, 15.913417922000065 ], [ -88.516629213999977, 15.909291468000049 ], [ -88.508255710999947, 15.901791037000066 ], [ -88.503980426999988, 15.897882243000026 ], [ -88.499924847999978, 15.895071252000037 ], [ -88.493056683999953, 15.889971003000028 ], [ -88.491080658999977, 15.888418319000039 ], [ -88.489424017999966, 15.887402021000071 ], [ -88.488847540999984, 15.887011278000045 ], [ -88.484444086999986, 15.883971921000068 ], [ -88.478312032999952, 15.879735439000058 ], [ -88.474811924999983, 15.87737532400007 ], [ -88.470273334999945, 15.874332944000059 ], [ -88.467569351999941, 15.872179920000065 ], [ -88.458374917999947, 15.865251666000063 ], [ -88.457337736999989, 15.86451194600005 ], [ -88.45655117299998, 15.863890198000036 ], [ -88.455861084999981, 15.863327953000066 ], [ -88.454861648999952, 15.862645371000042 ], [ -88.453992011999958, 15.862249527000074 ], [ -88.453355625999961, 15.861914938000041 ], [ -88.452662164999936, 15.861503636000066 ], [ -88.451012943999956, 15.860203287000047 ], [ -88.440304064999964, 15.853856872000051 ], [ -88.439421264999964, 15.853195862000064 ], [ -88.437673616999973, 15.851930560000028 ], [ -88.43544133499995, 15.850524292000046 ], [ -88.430583734999971, 15.847823987000027 ], [ -88.42919590799994, 15.847076771000047 ], [ -88.427807108999957, 15.846347558000048 ], [ -88.426226781999958, 15.845464400000026 ], [ -88.424971564999964, 15.844852949000028 ], [ -88.423581675999969, 15.844199201000038 ], [ -88.421533856999986, 15.843268936000072 ], [ -88.419253486999935, 15.842275129000029 ], [ -88.417884525999966, 15.841547415000036 ], [ -88.417089102999967, 15.841327714000045 ], [ -88.416303469999946, 15.841112722000048 ], [ -88.415424087999952, 15.84074473000004 ], [ -88.41408574799999, 15.839951155000051 ], [ -88.409599441999944, 15.837693380000076 ], [ -88.408013524999944, 15.837064698000063 ], [ -88.407368094999981, 15.836700518000043 ], [ -88.405830796999965, 15.83564799100003 ], [ -88.403861250999967, 15.834303412000054 ], [ -88.402062180999962, 15.833168676000071 ], [ -88.398142693999944, 15.831314946000077 ], [ -88.395749321999972, 15.830158522000033 ], [ -88.393345408999949, 15.828596154000024 ], [ -88.391346220999935, 15.827718545000039 ], [ -88.390260963999935, 15.827374266000049 ], [ -88.389330925999957, 15.827089632000025 ], [ -88.388809354999978, 15.826836236000076 ], [ -88.383420669999964, 15.823978466000028 ], [ -88.382376935999957, 15.823550520000026 ], [ -88.38141983, 15.823152591000053 ], [ -88.380849868999974, 15.822903782000026 ], [ -88.38013366499996, 15.822661994000043 ], [ -88.379466387999969, 15.822393075000036 ], [ -88.379014148999943, 15.822137756000075 ], [ -88.378591059999962, 15.821854888000075 ], [ -88.376382670999988, 15.820305572000052 ], [ -88.367499402999954, 15.815818873000069 ], [ -88.366330697999956, 15.815311566000048 ], [ -88.362069603999942, 15.812651065000068 ], [ -88.359548434999965, 15.811124237000058 ], [ -88.358799488999978, 15.810612363000075 ], [ -88.357840833999944, 15.80985484200005 ], [ -88.356748208999988, 15.809000918000038 ], [ -88.355906630999982, 15.808265056000039 ], [ -88.355040249999945, 15.807774326000072 ], [ -88.354438783999967, 15.807609304000039 ], [ -88.353840451999986, 15.807332788000053 ], [ -88.352974813999936, 15.806784596000057 ], [ -88.350325039999973, 15.804933774000062 ], [ -88.349303949999978, 15.804364206000059 ], [ -88.347820690999981, 15.803519901000072 ], [ -88.343184231999942, 15.800680933000024 ], [ -88.34268134499996, 15.800481945000058 ], [ -88.336618471999941, 15.796894419000068 ], [ -88.327427115999967, 15.79276838800007 ], [ -88.326828555999953, 15.792480542000021 ], [ -88.326348103999976, 15.792168196000034 ], [ -88.325447980999968, 15.791430997000077 ], [ -88.324537674999988, 15.790884016000064 ], [ -88.323754803999975, 15.790413025000078 ], [ -88.321317004999969, 15.788679216000048 ], [ -88.320299744999943, 15.787976667000066 ], [ -88.318637926999941, 15.787242180000078 ], [ -88.316305097999987, 15.786058242000024 ], [ -88.313399402999949, 15.784333430000061 ], [ -88.311899447999963, 15.783395061000022 ], [ -88.31119094099995, 15.782830990000036 ], [ -88.310773333999975, 15.782293486000071 ], [ -88.310399264999944, 15.781634096000062 ], [ -88.309798552999951, 15.781290958000056 ], [ -88.308679117999986, 15.78093547900005 ], [ -88.307791492999968, 15.780519653000056 ], [ -88.30729089099998, 15.780225998000049 ], [ -88.29718434099999, 15.771885232000045 ], [ -88.293670000999953, 15.768645031000062 ], [ -88.290760297999952, 15.765428047000057 ], [ -88.28874329699994, 15.76238027100004 ], [ -88.288137038999935, 15.761602028000027 ], [ -88.286807214999953, 15.760062154000025 ], [ -88.283456704999935, 15.756495280000024 ], [ -88.278796504999946, 15.751408081000022 ], [ -88.270832593999955, 15.743273214000055 ], [ -88.27014152199996, 15.74279621200003 ], [ -88.269602591999956, 15.742481390000023 ], [ -88.268929334999939, 15.742089280000073 ], [ -88.26747050099999, 15.741056977000028 ], [ -88.264936459999944, 15.739357884000071 ], [ -88.263127083999962, 15.738317933000076 ], [ -88.262401142999977, 15.737640718000023 ], [ -88.261408505999952, 15.736750371000028 ], [ -88.25952009699995, 15.735784171000034 ], [ -88.257571546999941, 15.734853830000077 ], [ -88.255670871999939, 15.733566215000053 ], [ -88.252723223999965, 15.732028152000055 ], [ -88.25192470099995, 15.731973552000056 ], [ -88.251128539999968, 15.731842383000071 ], [ -88.250101017999953, 15.73155517500004 ], [ -88.248222384999963, 15.731024040000023 ], [ -88.246031462999952, 15.73046578800006 ], [ -88.241594014999976, 15.729291677000049 ], [ -88.23684237599997, 15.728150049000021 ], [ -88.234672922999948, 15.72757301200005 ], [ -88.233123604999946, 15.727067 ], [ -88.231767551999951, 15.726679008000076 ], [ -88.230799540999953, 15.726412181000057 ], [ -88.230256765999968, 15.726267341000039 ], [ -88.229110401999947, 15.726091245000077 ], [ -88.228111896999962, 15.72625865200007 ], [ -88.227303745999961, 15.726618389000066 ], [ -88.226691655999957, 15.726926085000059 ], [ -88.225648619999959, 15.727356154000063 ], [ -88.224613504999979, 15.727447250000068 ], [ -88.223817112999939, 15.727278802000058 ], [ -88.223211592999974, 15.726509494000027 ], [ -88.223216688999969, 15.725470780000023 ], [ -88.222976608999943, 15.724917932000039 ], [ -88.22267560399996, 15.724458392000031 ], [ -88.222236402999954, 15.724013846000048 ], [ -88.221497531999944, 15.723525543000051 ], [ -88.223242228999936, 15.723383546000036 ], [ -88.22494472599999, 15.723230470000033 ], [ -88.227147120999973, 15.723140165000075 ], [ -88.229099360999953, 15.723027456000068 ], [ -88.230442558999982, 15.722918289000063 ], [ -88.233203016999937, 15.72266662800007 ], [ -88.23598029499999, 15.722467125000037 ], [ -88.237916938999945, 15.722250333000034 ], [ -88.239710370999944, 15.722064193000051 ], [ -88.241051975999937, 15.722023654000054 ], [ -88.243071307999969, 15.72210270000005 ], [ -88.246040478999987, 15.722080772000027 ], [ -88.247906821999948, 15.721861225000055 ], [ -88.249760812999966, 15.721347309000066 ], [ -88.250356312999941, 15.721101143000055 ], [ -88.250979056999938, 15.720508534000032 ], [ -88.251229702999979, 15.719734286000062 ], [ -88.251135610999938, 15.719177875000071 ], [ -88.250808636999977, 15.718581456000038 ], [ -88.250270949999958, 15.717841853000039 ], [ -88.249646733999953, 15.716996702000074 ], [ -88.24788700299996, 15.715009057000032 ], [ -88.246959425999989, 15.713378706000071 ], [ -88.246848759999978, 15.712735176000024 ], [ -88.246688831999961, 15.711933952000038 ], [ -88.246433932999935, 15.711340233000044 ], [ -88.245806524999978, 15.710633599000062 ], [ -88.245092952999983, 15.710531274000061 ], [ -88.244221308999954, 15.710373663000041 ], [ -88.242586506999942, 15.70987038800007 ], [ -88.242401902999973, 15.709380735000025 ], [ -88.242360105999978, 15.708877298000061 ], [ -88.242464533999964, 15.708238462000054 ], [ -88.243242457999941, 15.704747902000065 ], [ -88.244043573999988, 15.702634716000034 ], [ -88.244104814999957, 15.701526213000022 ], [ -88.244014118999985, 15.699273008000034 ], [ -88.244041101999983, 15.698111929000049 ], [ -88.2447395, 15.697313651000059 ], [ -88.247569425999984, 15.696335348000048 ], [ -88.248476279999977, 15.695800747000021 ], [ -88.248655380999935, 15.695024938000074 ], [ -88.248441747999948, 15.694206775000055 ], [ -88.247688335999953, 15.691989828000033 ], [ -88.247631715999944, 15.691347477000022 ], [ -88.247612725999943, 15.690637215000038 ], [ -88.24774016799995, 15.689756620000026 ], [ -88.248041594999961, 15.689122067000028 ], [ -88.24840932699999, 15.688662477000037 ], [ -88.249101846999963, 15.688140096000041 ], [ -88.249896129999968, 15.687793447000047 ], [ -88.250937486999987, 15.68762569300003 ], [ -88.251510244999963, 15.687603226000022 ], [ -88.252508169999942, 15.687728600000071 ], [ -88.253770387999964, 15.688068169000076 ], [ -88.254690176999986, 15.688503944000047 ], [ -88.255644229999973, 15.688992294000059 ], [ -88.256153472999983, 15.689402238000071 ], [ -88.25804173299997, 15.691261874000077 ], [ -88.259013800999981, 15.692530324000074 ], [ -88.25973528899999, 15.693846284000074 ], [ -88.26010000499997, 15.694269986000052 ], [ -88.260763316999942, 15.694959328000039 ], [ -88.261598008999954, 15.695254645000034 ], [ -88.26248125099994, 15.694909885000072 ], [ -88.26272817399996, 15.694292145000077 ], [ -88.262583770999981, 15.693596049000064 ], [ -88.262261949999981, 15.692826238000066 ], [ -88.261827550999953, 15.692297365000059 ], [ -88.260758543999941, 15.691346820000035 ], [ -88.258608742999968, 15.689152506000028 ], [ -88.257972704999986, 15.688064881000059 ], [ -88.257808314999977, 15.687453985000047 ], [ -88.257802151999954, 15.686137797000072 ], [ -88.257981556999937, 15.685396906000051 ], [ -88.258505487999969, 15.68436828800003 ], [ -88.259273682999947, 15.683640185000058 ], [ -88.260618052999973, 15.682716139000036 ], [ -88.261829587999955, 15.682154268000033 ], [ -88.262855942999977, 15.68182949900006 ], [ -88.26348255299996, 15.681791265000072 ], [ -88.264374887999963, 15.681880483000043 ], [ -88.264926608999986, 15.682013016000042 ], [ -88.265438483999958, 15.68228440200005 ], [ -88.265857257999983, 15.682709265000028 ], [ -88.266184674999977, 15.683287638000024 ], [ -88.266277207999963, 15.683913876000076 ], [ -88.266333893999956, 15.684556240000063 ], [ -88.266097000999935, 15.685521251000068 ], [ -88.265610171999981, 15.687260565000031 ], [ -88.265538515999935, 15.688020708000067 ], [ -88.265598626999974, 15.689269347000049 ], [ -88.26572097899998, 15.690190321000046 ], [ -88.265923852999947, 15.690697263000061 ], [ -88.266534093999951, 15.691368537000074 ], [ -88.267100856999946, 15.691606187000048 ], [ -88.268263011999977, 15.691648297000029 ], [ -88.268895868999948, 15.691316100000051 ], [ -88.269296986999962, 15.690995781000026 ], [ -88.269829894999987, 15.69038309900003 ], [ -88.27068920499994, 15.688756631000047 ], [ -88.271861694999984, 15.686788767000053 ], [ -88.272435602999963, 15.685935832000041 ], [ -88.27281932599999, 15.685562166000068 ], [ -88.27339884099996, 15.685297529000024 ], [ -88.273974384999974, 15.685154497000042 ], [ -88.275029178999944, 15.685160433000021 ], [ -88.275543887999959, 15.685310169000047 ], [ -88.275930231999951, 15.685629524000035 ], [ -88.27718817799996, 15.686939033000044 ], [ -88.278083909999964, 15.688396197000031 ], [ -88.279540830999963, 15.690334247000067 ], [ -88.280414843999949, 15.691271488000041 ], [ -88.281028949999893, 15.691752391000023 ], [ -88.281560284999955, 15.691989239000065 ], [ -88.282503393999946, 15.69220006300003 ], [ -88.283233428999949, 15.692319513000029 ], [ -88.284255225999971, 15.692219908000027 ], [ -88.285032065999985, 15.691872742000044 ], [ -88.285692277999942, 15.691160223000054 ], [ -88.285956595999949, 15.690541688000053 ], [ -88.286101675999987, 15.689696342000047 ], [ -88.286031068999989, 15.688898170000073 ], [ -88.285909838999942, 15.687924250000037 ], [ -88.285550634999936, 15.68725844100004 ], [ -88.284995410999954, 15.686518534000072 ], [ -88.28427560199998, 15.685879863000025 ], [ -88.282924675999936, 15.684741903000031 ], [ -88.281239888999949, 15.683354460000032 ], [ -88.280459471999961, 15.681535849000056 ], [ -88.280005193999955, 15.680277544000035 ], [ -88.279886095999984, 15.67928789900003 ], [ -88.279884251999988, 15.678559952000057 ], [ -88.279953680999938, 15.677868476000071 ], [ -88.280055147999974, 15.677351219000059 ], [ -88.280301208999958, 15.676767225000049 ], [ -88.280650223999942, 15.676358983000057 ], [ -88.281091131999972, 15.675849060000075 ], [ -88.281600952999952, 15.67542738800006 ], [ -88.282128371999988, 15.675074829000039 ], [ -88.282852246999937, 15.674726511000074 ], [ -88.283714753999959, 15.674519779000036 ], [ -88.284899458999973, 15.67433690200005 ], [ -88.285793432999981, 15.674304370000073 ], [ -88.286918044999936, 15.674433435000026 ], [ -88.288325918999988, 15.674636213000042 ], [ -88.289379268999937, 15.674728799000036 ], [ -88.290898664999986, 15.674709732000053 ], [ -88.291954618999966, 15.674714471000073 ], [ -88.293474989999936, 15.674678507000067 ], [ -88.294245580999984, 15.67462524900003 ], [ -88.295376432999944, 15.674407348000045 ], [ -88.296528260999935, 15.674086225000053 ], [ -88.299306461999947, 15.67303724900006 ], [ -88.302664150999988, 15.671670537000068 ], [ -88.303653164999957, 15.671449536000068 ], [ -88.304314039999952, 15.67146374400005 ], [ -88.305219889999989, 15.671725483000046 ], [ -88.305604652999989, 15.672115746000031 ], [ -88.305897351999988, 15.672615587000053 ], [ -88.30769811, 15.675980680000066 ], [ -88.308535219999953, 15.677696800000035 ], [ -88.309754404999978, 15.679108995000036 ], [ -88.310474320999958, 15.67969576400003 ], [ -88.311128285999985, 15.680038844000023 ], [ -88.311786414999972, 15.680174675000046 ], [ -88.312430685999971, 15.680153577000056 ], [ -88.312951751999947, 15.680077997000069 ], [ -88.313456173999953, 15.67991642000004 ], [ -88.313931132999983, 15.679440947000046 ], [ -88.31415730599997, 15.678960134000022 ], [ -88.316717550999954, 15.672587558000032 ], [ -88.317418994999969, 15.67161548100006 ], [ -88.318020244999957, 15.671108895000032 ], [ -88.318781128999944, 15.670691365000039 ], [ -88.319429310999965, 15.670497916000045 ], [ -88.320057712999983, 15.670406583000045 ], [ -88.321219043999974, 15.670483294000064 ], [ -88.321677748999946, 15.670718488000034 ], [ -88.322310511999945, 15.671200808000037 ], [ -88.322818550999955, 15.671644397000023 ], [ -88.323447948999956, 15.67242751200007 ], [ -88.32416425599996, 15.672613003000038 ], [ -88.324907590999942, 15.672225499000035 ], [ -88.325273168999956, 15.671214648000046 ], [ -88.325464601999954, 15.670317262000026 ], [ -88.325517642999955, 15.66906195200005 ], [ -88.325569061999943, 15.667877602000033 ], [ -88.325609672999974, 15.667167425000059 ], [ -88.325575322999953, 15.665459507000037 ], [ -88.325288156999989, 15.664102265000054 ], [ -88.325139933999935, 15.663104081000029 ], [ -88.324780743999952, 15.660594781000043 ], [ -88.324603799999977, 15.659785297000042 ], [ -88.324081774999968, 15.65906308600006 ], [ -88.323034004999954, 15.657807897000055 ], [ -88.322703550999961, 15.657279094000046 ], [ -88.322726240999941, 15.656283443000063 ], [ -88.323354800999937, 15.654447724000022 ], [ -88.323519117999979, 15.653692867000075 ], [ -88.323536384999954, 15.652934865000077 ], [ -88.323757083999965, 15.651848791000077 ], [ -88.324068352999973, 15.651049748000048 ], [ -88.324950780999984, 15.64883969400006 ], [ -88.326786217999938, 15.64560765300007 ], [ -88.330012549999935, 15.639275976000022 ], [ -88.333464488999937, 15.63377838200006 ], [ -88.340749774999949, 15.623216960000036 ], [ -88.343574502999957, 15.619483944000024 ], [ -88.346186139999986, 15.616504733000056 ], [ -88.352461270999981, 15.611611964000076 ], [ -88.400424068999939, 15.572614331000068 ], [ -88.442633760999968, 15.537513907000061 ], [ -88.463261313999965, 15.520299402000035 ], [ -88.471929827999986, 15.513079665000078 ], [ -88.476697150999939, 15.50976251700007 ], [ -88.485616893999975, 15.504444033000027 ], [ -88.489361525999982, 15.501929472000029 ] ] ] ] } },
{ "type": "Feature", "properties": { "Codigo": 1417, "datos_finales_color_riesgo": "152640" }, "geometry": { "type": "MultiPolygon", "coordinates": [ [ [ [ -90.964230522999969, 15.226525029000072 ], [ -90.965343084999972, 15.225510643000064 ], [ -90.965347462999944, 15.221059272000048 ], [ -90.963503349999939, 15.216675868000038 ], [ -90.960497964999945, 15.209194971000045 ], [ -90.959948621999956, 15.205358686000068 ], [ -90.959984848999966, 15.20129051300006 ], [ -90.961044891999961, 15.194108519000054 ], [ -90.962439061999987, 15.188639617000035 ], [ -90.963584902999969, 15.183587498000065 ], [ -90.964201468999988, 15.181328396000026 ], [ -90.965148976999956, 15.178758273000028 ], [ -90.967076984999949, 15.174233892000075 ], [ -90.97129367499997, 15.169648773000063 ], [ -90.973669672999961, 15.167758997000021 ], [ -90.982122176999951, 15.158518485000059 ], [ -90.986170458999936, 15.154887086000031 ], [ -90.990623982999978, 15.151860120000038 ], [ -90.992487121999943, 15.151720832000024 ], [ -90.998544988999981, 15.150211378000051 ], [ -91.002390215999981, 15.148407693000024 ], [ -91.006714226999975, 15.146633011000063 ], [ -91.01018167699999, 15.144550232000029 ], [ -91.017132498999956, 15.14133909800006 ], [ -91.022659102999967, 15.139831050000055 ], [ -91.02611002399999, 15.139380058000029 ], [ -91.030284276999964, 15.139050539000038 ], [ -91.032227888999955, 15.139000844000066 ], [ -91.033576092999965, 15.139079235000054 ], [ -91.044636137999987, 15.140033770000059 ], [ -91.051020802999972, 15.141447854000035 ], [ -91.057651352999983, 15.143582293000065 ], [ -91.06126848699995, 15.14410362600006 ], [ -91.066616900999975, 15.14414950400004 ], [ -91.069939792999946, 15.143267501000025 ], [ -91.070858165999937, 15.14343236600007 ], [ -91.071683978999943, 15.144187206000026 ], [ -91.071821203999946, 15.144957623000039 ], [ -91.070306546999973, 15.152585169000076 ], [ -91.067804734999982, 15.158186802000046 ], [ -91.066152037999984, 15.160498439000037 ], [ -91.063666758999943, 15.163812748000055 ], [ -91.062614888999974, 15.166101269000023 ], [ -91.06261101299998, 15.167739119000032 ], [ -91.063802424999949, 15.172413378000044 ], [ -91.065434645999972, 15.176134667000042 ], [ -91.067356921999988, 15.18089991100004 ], [ -91.068577063999953, 15.184349943000029 ], [ -91.06935012799994, 15.185675919000062 ], [ -91.070122627999979, 15.187000760000046 ], [ -91.071642620999967, 15.187796584000068 ], [ -91.073778743999981, 15.187734672000033 ], [ -91.075045431999968, 15.186836194000023 ], [ -91.07557989299994, 15.186387801000024 ], [ -91.083795490999989, 15.179079419000061 ], [ -91.088608939999972, 15.176766254000029 ], [ -91.091228838999939, 15.176378427000031 ], [ -91.094975010999974, 15.176401102000057 ], [ -91.103336604999981, 15.178423602000066 ], [ -91.112542893999944, 15.181158891000052 ], [ -91.11720337, 15.183418708000033 ], [ -91.121087011999975, 15.185408756000072 ], [ -91.127105599999936, 15.187615328000049 ], [ -91.129875100999982, 15.189734912000063 ], [ -91.130906972999981, 15.191637842000034 ], [ -91.132232718999944, 15.198678427000061 ], [ -91.134258863999946, 15.202012915000068 ], [ -91.138085825999951, 15.206210647000034 ], [ -91.139522686999953, 15.214208920000033 ], [ -91.139768360999938, 15.215377846000024 ], [ -91.142477394999958, 15.219339225000056 ], [ -91.139770217999967, 15.219075091000036 ], [ -91.13787933399999, 15.217996463000077 ], [ -91.134026947999985, 15.216136794000022 ], [ -91.129981511999972, 15.215135094000061 ], [ -91.122521389999974, 15.214894423000032 ], [ -91.113725274999979, 15.213864002000037 ], [ -91.107337153999936, 15.211487849000036 ], [ -91.095764587999952, 15.205722962000038 ], [ -91.090988146999962, 15.204436529000077 ], [ -91.089031020999983, 15.20365517700003 ], [ -91.082085837999955, 15.202237168000067 ], [ -91.075826631999973, 15.201765763000026 ], [ -91.066655166999965, 15.202141207000068 ], [ -91.062734893999959, 15.201714386000049 ], [ -91.058712238999988, 15.201546414000063 ], [ -91.055081948999941, 15.20096043500007 ], [ -91.054281311999944, 15.200997563000044 ], [ -91.05351303499998, 15.200994305000052 ], [ -91.052769338999951, 15.201100825000026 ], [ -91.052248469999938, 15.201390003000029 ], [ -91.05179809399999, 15.201792746000024 ], [ -91.051600269999938, 15.202243989000067 ], [ -91.05163691599995, 15.203129886000056 ], [ -91.051720475999957, 15.204480442000033 ], [ -91.051407436999966, 15.205063973000051 ], [ -91.05102891699994, 15.205431192000049 ], [ -91.050511084999982, 15.205578065000054 ], [ -91.049829833999979, 15.205027707000056 ], [ -91.049458625999989, 15.204346748000034 ], [ -91.049257236999949, 15.203857030000052 ], [ -91.04849308699994, 15.203593990000059 ], [ -91.048098287999949, 15.204212953000024 ], [ -91.04791894799996, 15.205056311000021 ], [ -91.047797223999964, 15.205832394000026 ], [ -91.047836418999964, 15.206565821000027 ], [ -91.04784153099996, 15.207210845000077 ], [ -91.047456522999937, 15.208028695000053 ], [ -91.046904741999981, 15.208324367000046 ], [ -91.04638892, 15.208441879000077 ], [ -91.045822536999935, 15.209059345000071 ], [ -91.045635037999944, 15.209524223000074 ], [ -91.045515517999945, 15.21012298200003 ], [ -91.045258461999936, 15.21068778700004 ], [ -91.044618581999941, 15.210570397000026 ], [ -91.043879106999952, 15.210152803000028 ], [ -91.043044356999985, 15.210101485000052 ], [ -91.042219393999972, 15.210250181000049 ], [ -91.041608280999981, 15.210733958000048 ], [ -91.041052290999971, 15.211483660000056 ], [ -91.040304602999981, 15.211954947000038 ], [ -91.039620000999946, 15.211704991000033 ], [ -91.038928156999987, 15.21104381300006 ], [ -91.038309799999979, 15.211115230000075 ], [ -91.037540025999988, 15.211458673000038 ], [ -91.036668231999954, 15.211701822000066 ], [ -91.03595865799997, 15.21176226800003 ], [ -91.034941690999972, 15.211603149000041 ], [ -91.034428891999937, 15.211393086000044 ], [ -91.033996615999968, 15.211155488000031 ], [ -91.03323173299998, 15.210971458000074 ], [ -91.032522713999981, 15.21090990600004 ], [ -91.031676927999968, 15.21085731900007 ], [ -91.030681970999979, 15.210771796000074 ], [ -91.029975087999958, 15.210543081000026 ], [ -91.029509888999939, 15.210093960000052 ], [ -91.028952131999972, 15.209778444000051 ], [ -91.028128301999971, 15.209805106000033 ], [ -91.027847079999958, 15.210524423000038 ], [ -91.02750948399995, 15.211176600000044 ], [ -91.026416602999973, 15.211800686000061 ], [ -91.024223210999935, 15.212680539000075 ], [ -91.023719306999965, 15.212765342000068 ], [ -91.023065934999977, 15.212848833000066 ], [ -91.022422300999949, 15.21319784800005 ], [ -91.02277094699997, 15.213857184000062 ], [ -91.023142392999944, 15.214504293000061 ], [ -91.023193065999976, 15.215182466000044 ], [ -91.02258477099997, 15.215421100000071 ], [ -91.021852639999963, 15.215404489000036 ], [ -91.020653042999982, 15.215182703000039 ], [ -91.020118562999983, 15.214866241000038 ], [ -91.019675279999944, 15.21456300400007 ], [ -91.0187135, 15.214598581000075 ], [ -91.018193492999956, 15.215161028000068 ], [ -91.017786193999939, 15.215923266000061 ], [ -91.017153687999951, 15.216262197000049 ], [ -91.016559339999958, 15.216190312000037 ], [ -91.015933378999989, 15.215830108000034 ], [ -91.015366359999973, 15.215324714000076 ], [ -91.014864161999981, 15.215164402000028 ], [ -91.014223515999959, 15.215192629000057 ], [ -91.013489738999965, 15.215352185000029 ], [ -91.01278797399999, 15.215757135000047 ], [ -91.012019039999984, 15.215696116000061 ], [ -91.011484821999943, 15.215291533000027 ], [ -91.010986019999962, 15.214831915000048 ], [ -91.010349276999989, 15.214382369000077 ], [ -91.009733933999939, 15.214131809000037 ], [ -91.008923295999978, 15.213991345000068 ], [ -91.00806498299994, 15.213972444000035 ], [ -91.007435143999942, 15.214088851000042 ], [ -91.006982943999958, 15.214674462000062 ], [ -91.006461342999955, 15.215402905000076 ], [ -91.005798379999987, 15.215330380000069 ], [ -91.004772736999939, 15.214921421000042 ], [ -91.00409809599995, 15.214915431000065 ], [ -91.003055697999969, 15.215050753000071 ], [ -91.002424537999957, 15.215245071000027 ], [ -91.001607768999975, 15.215693014000067 ], [ -91.001020773999983, 15.216076352000073 ], [ -91.000708178999957, 15.216473428000029 ], [ -91.000383106999948, 15.216959623000037 ], [ -90.999571870999944, 15.218052569000065 ], [ -90.999111012999947, 15.218381679000061 ], [ -90.998639526999966, 15.218665510000051 ], [ -90.997777267999936, 15.219124327000031 ], [ -90.997168456999987, 15.219352712000045 ], [ -90.996665376999943, 15.219348227000069 ], [ -90.995967568999959, 15.219330711000055 ], [ -90.995361179999975, 15.219302710000022 ], [ -90.994775735999951, 15.219520003000071 ], [ -90.994371288999957, 15.219971595000061 ], [ -90.993310598999983, 15.220807012000023 ], [ -90.992727255999966, 15.22080180100005 ], [ -90.992006550999974, 15.220806657000026 ], [ -90.991224689999967, 15.221188224000059 ], [ -90.990978383999959, 15.221829854000077 ], [ -90.99084738, 15.222395705000054 ], [ -90.990681690999963, 15.222938657000043 ], [ -90.990197021999961, 15.223383873000046 ], [ -90.989658409999947, 15.223506689000033 ], [ -90.989018116999944, 15.223434315000077 ], [ -90.98827898799999, 15.222928446000026 ], [ -90.987583760999939, 15.222699702000057 ], [ -90.98697187, 15.223249948000046 ], [ -90.986436542999968, 15.224189433000049 ], [ -90.986042486999963, 15.224707740000042 ], [ -90.985450310999965, 15.22446861800006 ], [ -90.984985706999964, 15.223965200000066 ], [ -90.984440478999943, 15.223560458000065 ], [ -90.98395362299999, 15.22423380400005 ], [ -90.983920263999948, 15.225355121000064 ], [ -90.983834709999897, 15.225910078000027 ], [ -90.983110612999951, 15.226269544000047 ], [ -90.982055671999944, 15.226493878000042 ], [ -90.981559452999988, 15.22692767500007 ], [ -90.980745510999952, 15.227131578000069 ], [ -90.980223916999989, 15.226627639000071 ], [ -90.979692717999967, 15.225911264000047 ], [ -90.979283905999978, 15.225596968000048 ], [ -90.978759458999946, 15.225392323000051 ], [ -90.978049319999968, 15.225507919000052 ], [ -90.977507623999941, 15.225891598000032 ], [ -90.976872908999951, 15.226452900000027 ], [ -90.976251, 15.226891198000033 ], [ -90.975402848999977, 15.227083477000065 ], [ -90.974864223999987, 15.227145263000068 ], [ -90.974086928999952, 15.227105496000036 ], [ -90.973481911999954, 15.226932868000063 ], [ -90.973051700999974, 15.226485087000071 ], [ -90.972591382999951, 15.225536656000031 ], [ -90.971793070999979, 15.225262882000038 ], [ -90.970649697999988, 15.225185912000029 ], [ -90.969937315999971, 15.225535273000048 ], [ -90.969901272999948, 15.226867776000063 ], [ -90.969357695999975, 15.227506684000048 ], [ -90.968418283999938, 15.227631471000052 ], [ -90.967850037999938, 15.227203891000045 ], [ -90.967557314999965, 15.226734753000073 ], [ -90.966844698999978, 15.225895852000065 ], [ -90.965952048999952, 15.225876474000074 ], [ -90.964230522999969, 15.226525029000072 ] ] ] ] } },
{ "type": "Feature", "properties": { "Codigo": 1713, "datos_finales_color_vul": "152640" }, "geometry": { "type": "MultiPolygon", "coordinates": [ [ [ [ -91.346064408999951, 17.251149069000064 ], [ -91.254166711999972, 17.179166699000064 ], [ -91.238888845999952, 17.165277740000022 ], [ -91.196388894999984, 17.069166697000071 ], [ -91.094166712999936, 16.986666688000071 ], [ -91.006111122999982, 16.923055542000043 ], [ -90.933055578999983, 16.916111089000026 ], [ -90.932648496999946, 16.917400699000041 ], [ -90.932278160999942, 16.917918993000058 ], [ -90.93136487299995, 16.918082917000049 ], [ -90.930779430999962, 16.918246840000052 ], [ -90.930240824999942, 16.918668358000048 ], [ -90.929646637999952, 16.918739425000069 ], [ -90.928835765999963, 16.919230381000034 ], [ -90.927875329999949, 16.919253033000075 ], [ -90.927266783999983, 16.919558229000074 ], [ -90.927196530999936, 16.920049999000071 ], [ -90.926845265999987, 16.920518352000045 ], [ -90.926821847999975, 16.921267717000035 ], [ -90.926470583999958, 16.921923411000023 ], [ -90.925768053999946, 16.92206391700006 ], [ -90.924784512999963, 16.922391764000054 ], [ -90.924035147999973, 16.922532270000033 ], [ -90.923356035999973, 16.922532270000033 ], [ -90.922957935999989, 16.922625941000035 ], [ -90.922489582999958, 16.923024041000076 ], [ -90.921857306999982, 16.922977205000052 ], [ -90.921107941999935, 16.923328470000058 ], [ -90.920381994999957, 16.92342214100006 ], [ -90.919819970999981, 16.923398723000048 ], [ -90.919140858999981, 16.92356264700004 ], [ -90.918227570999989, 16.923586064000062 ], [ -90.918297823999978, 16.923843658000067 ], [ -90.91867250599995, 16.924358847000065 ], [ -90.918438329999958, 16.924546188000022 ], [ -90.917696440999975, 16.924656077000066 ], [ -90.91696301799999, 16.925037959000065 ], [ -90.916400993999957, 16.925436059000049 ], [ -90.915865229999952, 16.926167147000058 ], [ -90.915323781999973, 16.926466435000066 ], [ -90.914761758999987, 16.92693478800004 ], [ -90.914387075999969, 16.927449977000038 ], [ -90.913848469999948, 16.92815250600006 ], [ -90.913707963999968, 16.928855036000073 ], [ -90.91319277599996, 16.929534147000027 ], [ -90.913075687999935, 16.930119589000071 ], [ -90.912701005999963, 16.930587942000045 ], [ -90.913005434999945, 16.931430977000048 ], [ -90.913075687999935, 16.932297430000062 ], [ -90.913544040999966, 16.93241451800003 ], [ -90.91469150599994, 16.932320848000074 ], [ -90.914738340999975, 16.932742365000024 ], [ -90.914785175999953, 16.933444895000036 ], [ -90.914527581999948, 16.933913248000067 ], [ -90.91401239399994, 16.933866413000032 ], [ -90.913380116999974, 16.933561983000061 ], [ -90.912864928999966, 16.933491730000071 ], [ -90.912209234999978, 16.933702489000041 ], [ -90.911834551999959, 16.934217677000049 ], [ -90.911740881999947, 16.934873372000027 ], [ -90.911506704999965, 16.935154383000054 ], [ -90.911202275999983, 16.935341725000058 ], [ -90.910530616999949, 16.935823066000069 ], [ -90.910242151999967, 16.936067672000036 ], [ -90.910312404999956, 16.93639551900003 ], [ -90.910312404999956, 16.936793619000071 ], [ -90.90996114, 16.937215137000067 ], [ -90.909328863999974, 16.937379060000069 ], [ -90.908626333999962, 16.937730325000075 ], [ -90.90832190499998, 16.938175260000037 ], [ -90.908228233999978, 16.938713866000057 ], [ -90.908298486999968, 16.939603737000027 ], [ -90.908111145999953, 16.939955002000033 ], [ -90.907783298999959, 16.940048672000046 ], [ -90.906940263999957, 16.939720825000052 ], [ -90.906190898999967, 16.938948043000039 ], [ -90.905582039999956, 16.938643613000067 ], [ -90.90519716099999, 16.938543395000067 ], [ -90.90494976299999, 16.938737284000069 ], [ -90.904996598999958, 16.939533484000037 ], [ -90.904818304999935, 16.939892821000058 ], [ -90.904434574999982, 16.939908166000066 ], [ -90.904148950999968, 16.939649419000034 ], [ -90.903732045999959, 16.939627155000039 ], [ -90.903479595999954, 16.939892821000058 ], [ -90.903098327999942, 16.94054185300007 ], [ -90.90238428899994, 16.941109829000027 ], [ -90.901228130999982, 16.941779183000051 ], [ -90.900802177999935, 16.942752790000043 ], [ -90.900132823999968, 16.943361294000056 ], [ -90.89982857199999, 16.942083435000029 ], [ -90.899098366999965, 16.940927278000061 ], [ -90.898423087999959, 16.940721072000031 ], [ -90.897756571999935, 16.94051754000003 ], [ -90.897024594999948, 16.941163424000024 ], [ -90.895773295999959, 16.942505919000041 ], [ -90.886803037999982, 16.938059175000035 ], [ -90.87495755399999, 16.929551210000056 ], [ -90.865324202999943, 16.920651701000054 ], [ -90.856369652999945, 16.910100981000028 ], [ -90.845000019999986, 16.895277775000068 ], [ -90.770277820999979, 16.882777756000053 ], [ -90.773333305999984, 16.839444430000071 ], [ -90.731944429999942, 16.838611084000036 ], [ -90.72222220499998, 16.82749996900003 ], [ -90.716111128999955, 16.824444466000045 ], [ -90.72805554599995, 16.805000014000029 ], [ -90.730000002999986, 16.805000019000033 ], [ -90.729444414999989, 16.799444438000023 ], [ -90.724444463999987, 16.798055590000047 ], [ -90.678611108999974, 16.785833343000036 ], [ -90.657777816999953, 16.775277816000028 ], [ -90.658750038999983, 16.76555552700006 ], [ -90.651388889999964, 16.76055559100007 ], [ -90.648055571999976, 16.759722184000054 ], [ -90.645833317999973, 16.765000018000023 ], [ -90.642083308999986, 16.769444413000031 ], [ -90.637777750999987, 16.765833342000064 ], [ -90.639166623999984, 16.761944474000074 ], [ -90.62777773199997, 16.746111141000029 ], [ -90.62500001899997, 16.743611138000063 ], [ -90.624166663999972, 16.741111112000056 ], [ -90.616111079999939, 16.729583365000053 ], [ -90.614999993999959, 16.772083295000073 ], [ -90.613611071999969, 16.771944430000076 ], [ -90.614444422999952, 16.781805516000077 ], [ -90.605277742999988, 16.781805525000038 ], [ -90.605277748999981, 16.787777781000045 ], [ -90.585833291999961, 16.787500030000047 ], [ -90.587500043999967, 16.759999977000064 ], [ -90.588055582999971, 16.760000012000035 ], [ -90.588611143999969, 16.74666663000005 ], [ -90.591388880999943, 16.744999995000057 ], [ -90.508055511999942, 16.737777766000022 ], [ -90.418973071999972, 16.73721891100007 ], [ -90.418055547999984, 16.79083335200005 ], [ -90.417777822999938, 16.798472267000022 ], [ -90.378104874999963, 16.798752496000077 ], [ -90.378830715999982, 16.79329339700007 ], [ -90.338888898999983, 16.787499995000076 ], [ -90.338055538999981, 16.795833364000032 ], [ -90.33527775899995, 16.795555595000053 ], [ -90.335626188999981, 16.791829430000064 ], [ -90.329444443999989, 16.792222190000075 ], [ -90.329166676999989, 16.795000026000025 ], [ -90.321944410999947, 16.792777816000068 ], [ -90.321944489999964, 16.790277755000034 ], [ -90.312499960999958, 16.786388865000049 ], [ -90.313333354999941, 16.780555573000072 ], [ -90.30833335599999, 16.780000031000043 ], [ -90.305555592999951, 16.773611072000051 ], [ -90.289166689999945, 16.773333310000055 ], [ -90.28500003299996, 16.771944401000042 ], [ -90.284722215999977, 16.773055591000059 ], [ -90.282222261999948, 16.772777760000054 ], [ -90.281666659999985, 16.768611068000041 ], [ -90.279444399999988, 16.768055583000034 ], [ -90.241388914999959, 16.767083347000039 ], [ -90.242222242999958, 16.765833369000063 ], [ -90.225833290999958, 16.764722260000042 ], [ -90.22611115699999, 16.749444475000075 ], [ -90.229722210999967, 16.749444446000041 ], [ -90.230555525999989, 16.733055513000068 ], [ -90.235000018999983, 16.733055570000033 ], [ -90.235555536999982, 16.713888878000034 ], [ -90.217777785999942, 16.713611137000044 ], [ -90.215333366999971, 16.686888921000048 ], [ -90.159674192999944, 16.687030250000078 ], [ -90.160927091999952, 16.685759941000072 ], [ -90.162484431999985, 16.684213883000041 ], [ -90.163067601999956, 16.68348657100006 ], [ -90.16332891199994, 16.683051713000054 ], [ -90.163861753999981, 16.682235504000062 ], [ -90.163861817999987, 16.682235407000064 ], [ -90.164870211999983, 16.680718752000075 ], [ -90.165967493999972, 16.678996133000055 ], [ -90.166202867999971, 16.678485892000026 ], [ -90.166299255999945, 16.67799216800006 ], [ -90.16627370399999, 16.67631059100006 ], [ -90.16626376399995, 16.675871234000056 ], [ -90.166235614999948, 16.674626990000036 ], [ -90.166160879999893, 16.672651353000049 ], [ -90.166101308999941, 16.671948106000059 ], [ -90.165868993999936, 16.670700477000025 ], [ -90.165288397999973, 16.667740785000035 ], [ -90.165188954999962, 16.667233852000038 ], [ -90.164956694999944, 16.665961108000033 ], [ -90.165010197999948, 16.66515759400005 ], [ -90.165203387999952, 16.663927392000062 ], [ -90.16547477499995, 16.662672204000046 ], [ -90.165719059999958, 16.662019672000042 ], [ -90.166799811999965, 16.659744542000055 ], [ -90.166947813999968, 16.659527137000055 ], [ -90.168200871999943, 16.658030764000046 ], [ -90.169131877999973, 16.656960783000045 ], [ -90.169812042999979, 16.656025983000063 ], [ -90.169813594999937, 16.656023853000022 ], [ -90.170263430999967, 16.655405607000034 ], [ -90.172709602999987, 16.651843497000073 ], [ -90.174911786999985, 16.648733 ], [ -90.177044250999984, 16.645731190000049 ], [ -90.178053926999951, 16.644284599000059 ], [ -90.17883719799994, 16.643214342000022 ], [ -90.179681423999966, 16.642035354000029 ], [ -90.180351366999957, 16.641224412000042 ], [ -90.181317080999975, 16.64007908800005 ], [ -90.181943678999971, 16.639217849000033 ], [ -90.182231237999986, 16.638598844000057 ], [ -90.182245704999957, 16.638556884000025 ], [ -90.182588945999953, 16.637561403000063 ], [ -90.182712251999988, 16.637111626000035 ], [ -90.183055298999989, 16.636971446000075 ], [ -90.183466902999953, 16.636602019000065 ], [ -90.184031402999949, 16.636691692000056 ], [ -90.185064943999976, 16.636523037000075 ], [ -90.186043775999963, 16.635967975000028 ], [ -90.186459011999943, 16.635724368000069 ], [ -90.186697675999937, 16.635406481000075 ], [ -90.188210761999983, 16.635056924000025 ], [ -90.188524359999974, 16.635697378000032 ], [ -90.18886787799994, 16.635693263000064 ], [ -90.189406276999989, 16.635043868000025 ], [ -90.189712738999958, 16.634983953000074 ], [ -90.19012394899994, 16.634729664000076 ], [ -90.190845543999956, 16.634587863000036 ], [ -90.192168641999956, 16.634475794000025 ], [ -90.192481726999972, 16.634623832000045 ], [ -90.192690654999979, 16.63459731100005 ], [ -90.193183875999978, 16.633969645000036 ], [ -90.193818911999983, 16.634411155000066 ], [ -90.194466494999972, 16.634378569000035 ], [ -90.195142763999968, 16.634614271000032 ], [ -90.195757795999953, 16.63436396000003 ], [ -90.196310275999963, 16.634412618000056 ], [ -90.196664346999967, 16.634293511000067 ], [ -90.197322764999967, 16.634085127000048 ], [ -90.197813751999945, 16.63375687100006 ], [ -90.198426440999981, 16.633695948000025 ], [ -90.198550979999936, 16.633683564000023 ], [ -90.199078596999982, 16.63395739300006 ], [ -90.199867006999966, 16.633805170000073 ], [ -90.200141655999971, 16.633101583000041 ], [ -90.20043381499994, 16.632353136000063 ], [ -90.201342326999963, 16.631829746000051 ], [ -90.202217164999979, 16.631564990000072 ], [ -90.203479594999976, 16.631863365000072 ], [ -90.204086752999956, 16.632259657000077 ], [ -90.20539654199996, 16.632558087000064 ], [ -90.20642277099995, 16.632475892000059 ], [ -90.207440824999935, 16.632576185000062 ], [ -90.208040362999952, 16.632797556000071 ], [ -90.208450272999983, 16.633147932000043 ], [ -90.208797584999957, 16.633140816000036 ], [ -90.209383432999971, 16.632419521000031 ], [ -90.210090310999988, 16.632489220000025 ], [ -90.21066719099997, 16.633244816000058 ], [ -90.211415278999937, 16.633313260000023 ], [ -90.212067727999965, 16.63373877500004 ], [ -90.212624833999939, 16.633619883000051 ], [ -90.213282134999986, 16.633481830000051 ], [ -90.213526802999979, 16.633304606000024 ], [ -90.213289217999943, 16.632664987000055 ], [ -90.213425883999946, 16.632371808000073 ], [ -90.214667891999966, 16.632386778000068 ], [ -90.214872253999943, 16.632389241000055 ], [ -90.215305198999943, 16.632235432000073 ], [ -90.215325407999956, 16.632198191000043 ], [ -90.21555428299996, 16.631776423000076 ], [ -90.216684675999943, 16.630791520000059 ], [ -90.217470811999988, 16.630217440000024 ], [ -90.217871380999952, 16.630279747000031 ], [ -90.218255228999965, 16.630816818000028 ], [ -90.219225846999962, 16.63065511800005 ], [ -90.219323614999951, 16.630638830000066 ], [ -90.219334299999957, 16.630580875000078 ], [ -90.219410072999949, 16.630169890000047 ], [ -90.219588183999974, 16.629673038000021 ], [ -90.220090296999956, 16.629674026000032 ], [ -90.221144243999959, 16.629524900000035 ], [ -90.221437074999983, 16.629282110000077 ], [ -90.221642248999956, 16.628703374000054 ], [ -90.22194729499995, 16.628321634000031 ], [ -90.222279927999978, 16.62826031700007 ], [ -90.222974841999985, 16.629091824000056 ], [ -90.223571939999943, 16.629347468000049 ], [ -90.224487323999938, 16.629831904000071 ], [ -90.224929116999988, 16.62975063600004 ], [ -90.225029781999979, 16.629399503000059 ], [ -90.225327122999943, 16.628797722000058 ], [ -90.225655823999944, 16.628686214000027 ], [ -90.225872150999976, 16.628705801000024 ], [ -90.226103573999978, 16.629377759000022 ], [ -90.226335677999941, 16.629574931000036 ], [ -90.22658682299999, 16.628598475000047 ], [ -90.226973083999951, 16.628026543000033 ], [ -90.227417895999963, 16.627965365000023 ], [ -90.227757925999981, 16.628340238000078 ], [ -90.228054332999989, 16.628398528000048 ], [ -90.228310850999947, 16.628325524000047 ], [ -90.229020455999944, 16.628009924000025 ], [ -90.229156936999971, 16.627828676000036 ], [ -90.22917928399994, 16.627366671000061 ], [ -90.229371716999935, 16.627282 ], [ -90.22999207, 16.627570340000034 ], [ -90.229996330999938, 16.62757232000007 ], [ -90.230320877999986, 16.627561160000027 ], [ -90.230461290999983, 16.627426241000023 ], [ -90.230522105999967, 16.626916788000074 ], [ -90.230347270999971, 16.626810842000054 ], [ -90.230285914999968, 16.626773661000072 ], [ -90.229845125999987, 16.626823268000066 ], [ -90.229604918999939, 16.626695572000074 ], [ -90.229561155999988, 16.626471629000037 ], [ -90.229769791999956, 16.626259599000036 ], [ -90.230230831999961, 16.626055612000073 ], [ -90.230512879999935, 16.626014781000038 ], [ -90.230640189999974, 16.625798038000028 ], [ -90.229999344999953, 16.625633933000074 ], [ -90.229980844999943, 16.62541963700005 ], [ -90.230626389999941, 16.625065346000042 ], [ -90.231027039999958, 16.625065865000067 ], [ -90.231327068999974, 16.625394363000055 ], [ -90.231663827999967, 16.625240395000048 ], [ -90.231688413999962, 16.624846697000066 ], [ -90.232067227999948, 16.624545 ], [ -90.232449349999968, 16.624641868000026 ], [ -90.232566822999956, 16.624941468000031 ], [ -90.232637973999942, 16.625158399000043 ], [ -90.23298362, 16.625171613000077 ], [ -90.232985449999944, 16.625171127000044 ], [ -90.233142140999973, 16.624832064000032 ], [ -90.232964101999983, 16.624411922000036 ], [ -90.232982162999974, 16.624267383000074 ], [ -90.233282317999965, 16.624216140000044 ], [ -90.233860567999955, 16.624687023000035 ], [ -90.234211076999941, 16.624476587000061 ], [ -90.234431305999976, 16.62416382300006 ], [ -90.234820140999943, 16.624010866000049 ], [ -90.235033870999985, 16.624178280000024 ], [ -90.23499491199999, 16.624552985000037 ], [ -90.234979574999954, 16.624700491000056 ], [ -90.235124833999976, 16.624821491000034 ], [ -90.235402051999984, 16.624763532000031 ], [ -90.235544408999942, 16.62454529200005 ], [ -90.23558299299998, 16.624287540000068 ], [ -90.235582531999967, 16.624286529000074 ], [ -90.235313036999969, 16.623694864000072 ], [ -90.23547883699996, 16.623581518000037 ], [ -90.235685914999976, 16.623566436000033 ], [ -90.235997769999983, 16.623800084000038 ], [ -90.236313123999935, 16.623806623000064 ], [ -90.236555535999969, 16.62357368000005 ], [ -90.236804054999936, 16.623534096000071 ], [ -90.23735609299996, 16.624188471000025 ], [ -90.237404796999954, 16.624246204000031 ], [ -90.23753843899999, 16.62416293900003 ], [ -90.237776004999944, 16.624014926000029 ], [ -90.23793894399995, 16.623536691000027 ], [ -90.238194035999982, 16.623346729000048 ], [ -90.238652914999989, 16.623221476000026 ], [ -90.239085778999936, 16.623181195000029 ], [ -90.239108492999947, 16.623179081000046 ], [ -90.239194801999986, 16.622955149000063 ], [ -90.239183227999945, 16.62294918300006 ], [ -90.238860557999942, 16.62278285900004 ], [ -90.238430831999949, 16.622555207000062 ], [ -90.238352919999954, 16.622353863000058 ], [ -90.238850430999946, 16.621637708000037 ], [ -90.239095125999938, 16.621686441000065 ], [ -90.239579987999946, 16.621912350000059 ], [ -90.239670325999953, 16.621976494000023 ], [ -90.239761199999975, 16.622041019000051 ], [ -90.239914810999949, 16.622263651000026 ], [ -90.240145479999967, 16.622263940000039 ], [ -90.240114645999938, 16.621799216000056 ], [ -90.239969308999946, 16.621645663000038 ], [ -90.239739829999962, 16.621403211000029 ], [ -90.23991637499995, 16.621101938000038 ], [ -90.240322986999956, 16.621086777000073 ], [ -90.240440643999989, 16.621082390000026 ], [ -90.240493390999973, 16.620840011000041 ], [ -90.240390881999986, 16.620768162000047 ], [ -90.239959169999963, 16.620465573000047 ], [ -90.240302798999949, 16.619789561000061 ], [ -90.239635696999983, 16.61931355400003 ], [ -90.239941180999949, 16.618628505000061 ], [ -90.240060588999938, 16.617620336000073 ], [ -90.239534376999984, 16.617072306000068 ], [ -90.239514375999988, 16.61635504700007 ], [ -90.23973489399998, 16.616102775000059 ], [ -90.240290559999949, 16.616113571000028 ], [ -90.240330811999968, 16.615844569000046 ], [ -90.240331767999976, 16.61577769400003 ], [ -90.240334232999942, 16.615756421000071 ], [ -90.23982922, 16.615556494000032 ], [ -90.240407885999957, 16.614628739000068 ], [ -90.240261823999958, 16.61409315800006 ], [ -90.240587353999956, 16.613709691000054 ], [ -90.240713767999978, 16.613248595000073 ], [ -90.240410169999961, 16.612914853000063 ], [ -90.240431476999959, 16.61266233200007 ], [ -90.240693938999982, 16.612400011000034 ], [ -90.241209967999964, 16.612360883000065 ], [ -90.241218210999989, 16.612360258000024 ], [ -90.241606414999978, 16.612148599000022 ], [ -90.241690778999953, 16.61178503800005 ], [ -90.241625358999954, 16.611645893000059 ], [ -90.241533954999966, 16.611451479000038 ], [ -90.240947026999947, 16.611309322000068 ], [ -90.240863285999978, 16.611208200000021 ], [ -90.241346172999954, 16.610754216000032 ], [ -90.241262540999969, 16.610572279000053 ], [ -90.240696622999963, 16.61039984100006 ], [ -90.24081238399998, 16.610076723000077 ], [ -90.241399429999944, 16.610127963000025 ], [ -90.241410243999951, 16.609885533000067 ], [ -90.240918242999953, 16.609319214000038 ], [ -90.240488623999966, 16.609146945000077 ], [ -90.24061596599995, 16.608350871000027 ], [ -90.239965867999956, 16.608410670000069 ], [ -90.239871705999974, 16.608269126000039 ], [ -90.240134297999987, 16.607905788000039 ], [ -90.24043463199996, 16.606983246000027 ], [ -90.240397859999973, 16.606226059000051 ], [ -90.239864008999973, 16.606198228000039 ], [ -90.239675524999939, 16.606026259000032 ], [ -90.239717838999979, 16.605743459000053 ], [ -90.24033680399998, 16.605441177000046 ], [ -90.240401671999962, 16.605289399000071 ], [ -90.240471002999982, 16.605127176000053 ], [ -90.240073282999958, 16.603920432000052 ], [ -90.23981579499997, 16.603139169000031 ], [ -90.239924389999942, 16.602698728000064 ], [ -90.24017130499999, 16.602763246000052 ], [ -90.240686281999956, 16.602897809000069 ], [ -90.240687554999965, 16.601948232000041 ], [ -90.24041837499999, 16.601838900000075 ], [ -90.240163650999989, 16.601735439000038 ], [ -90.24004870899995, 16.601452442000038 ], [ -90.240379588999986, 16.601196290000075 ], [ -90.240426518999982, 16.601159959000029 ], [ -90.240458387999979, 16.600846840000031 ], [ -90.240195445999973, 16.600631889000056 ], [ -90.240186110999957, 16.60062425700005 ], [ -90.239819070999943, 16.600704614000051 ], [ -90.239494146999959, 16.600653697000041 ], [ -90.239284133999945, 16.599866721000069 ], [ -90.239862123999956, 16.599876312000049 ], [ -90.240111491999983, 16.599749889000066 ], [ -90.240239788999986, 16.599684846000059 ], [ -90.240313570999945, 16.599391984000022 ], [ -90.240146254999956, 16.599078616000043 ], [ -90.240120845999968, 16.599075523000067 ], [ -90.239726978999954, 16.59902758100003 ], [ -90.239518035999936, 16.598960649000048 ], [ -90.23936112399997, 16.598707905000026 ], [ -90.239288402999989, 16.598212818000036 ], [ -90.238953449999897, 16.597828527000047 ], [ -90.239142532999949, 16.597545910000065 ], [ -90.239460294999958, 16.597481864000031 ], [ -90.239541015999976, 16.597465594000028 ], [ -90.239776700999982, 16.597062357000027 ], [ -90.239289988999985, 16.596885632000067 ], [ -90.239216846999966, 16.596859074000065 ], [ -90.239007650999952, 16.59650524500006 ], [ -90.239228219999973, 16.596244351000053 ], [ -90.239280656999938, 16.596182327000065 ], [ -90.23923724399998, 16.595782285000041 ], [ -90.239187461999961, 16.595323549000057 ], [ -90.239489444999947, 16.59514116500003 ], [ -90.239554681999948, 16.595101766000028 ], [ -90.239551952999989, 16.59497908000003 ], [ -90.239544796999951, 16.594657267000059 ], [ -90.239228781999941, 16.593976318000045 ], [ -90.239639486999977, 16.593630860000076 ], [ -90.240227816999948, 16.593466098000022 ], [ -90.240363787999968, 16.593698611000036 ], [ -90.239985436999973, 16.594405273000064 ], [ -90.240028481999957, 16.594526765000069 ], [ -90.240110761999972, 16.594758995000063 ], [ -90.24066531699998, 16.595557739000071 ], [ -90.241000823999968, 16.595527852000032 ], [ -90.241410217999942, 16.595124285000054 ], [ -90.241473011999972, 16.594758677000073 ], [ -90.241526439999973, 16.594447600000024 ], [ -90.241919820999954, 16.594017047000023 ], [ -90.24212324299998, 16.593794402000071 ], [ -90.242197201999943, 16.593360112000028 ], [ -90.242013007999958, 16.593252140000061 ], [ -90.241558217999966, 16.592985549000048 ], [ -90.240574700999957, 16.591559954000047 ], [ -90.240323644999989, 16.591155564000076 ], [ -90.240963864999969, 16.590600758000051 ], [ -90.241249775999961, 16.590559534000022 ], [ -90.241519578999942, 16.59052063300004 ], [ -90.241708987999971, 16.58998546600003 ], [ -90.240934052999989, 16.589378388000057 ], [ -90.240367947999971, 16.589387784000053 ], [ -90.240241989999959, 16.589750357000071 ], [ -90.239883855999949, 16.590781244000027 ], [ -90.23919243499995, 16.590680999000028 ], [ -90.238794620999954, 16.589388196000073 ], [ -90.238799160999974, 16.586024265000049 ], [ -90.239023868999936, 16.58597106600007 ], [ -90.239690489999987, 16.585813242000029 ], [ -90.239732941999989, 16.585429420000025 ], [ -90.239219469999966, 16.585287351000034 ], [ -90.238957289999973, 16.585072142000058 ], [ -90.238036216999944, 16.584316083000033 ], [ -90.238414827999975, 16.583407386000033 ], [ -90.238756148999983, 16.583264779000046 ], [ -90.239349662999985, 16.583016801000042 ], [ -90.239370842999961, 16.582498011000041 ], [ -90.239501390999976, 16.579300283000066 ], [ -90.240046703999951, 16.579048471000021 ], [ -90.240097454999955, 16.580280703000028 ], [ -90.240306760999943, 16.580503159000045 ], [ -90.240721407999956, 16.580431040000065 ], [ -90.241113937999955, 16.580362766000064 ], [ -90.241202039999962, 16.579474615000038 ], [ -90.241296244999944, 16.578524927000046 ], [ -90.241814258999966, 16.574427116000038 ], [ -90.241563817999975, 16.57361882400005 ], [ -90.242049517999988, 16.573166231000073 ], [ -90.242336485999942, 16.57289882300006 ], [ -90.242225685999983, 16.572477589000073 ], [ -90.241907904999948, 16.571269457000028 ], [ -90.243347587999949, 16.570987181000078 ], [ -90.243509520999964, 16.570939011000064 ], [ -90.244421021999983, 16.56994972800004 ], [ -90.244591072999981, 16.570735135000064 ], [ -90.24485187099998, 16.571939666000048 ], [ -90.24557514199995, 16.57181935400007 ], [ -90.245680476999951, 16.570718138000075 ], [ -90.245681397999988, 16.570708510000031 ], [ -90.24572873599999, 16.570720709000057 ], [ -90.24682331799994, 16.571002792000058 ], [ -90.247505540999953, 16.570833558000061 ], [ -90.248322421999944, 16.570630918000063 ], [ -90.249003457999947, 16.570752937000066 ], [ -90.249194044999967, 16.571427530000051 ], [ -90.249195741999984, 16.571433538000065 ], [ -90.250305413999968, 16.572364050000033 ], [ -90.251686897999946, 16.572749447000035 ], [ -90.253193960999965, 16.573169871000061 ], [ -90.25345490899997, 16.573338645000035 ], [ -90.254641900999957, 16.574106363000055 ], [ -90.255338145999985, 16.573855679000076 ], [ -90.255900078999957, 16.573653353000054 ], [ -90.256058964999966, 16.573663444000033 ], [ -90.256803941999976, 16.573710758000061 ], [ -90.257264519999978, 16.573309151000046 ], [ -90.257044997999969, 16.572975816000053 ], [ -90.256750966999959, 16.572529338000038 ], [ -90.257054552999989, 16.571806777000063 ], [ -90.257424699999945, 16.570925793000072 ], [ -90.257576571999948, 16.569110273000035 ], [ -90.257650869999964, 16.56822207600004 ], [ -90.258014382999988, 16.567849675000048 ], [ -90.258050296999954, 16.567866509000055 ], [ -90.258731490999935, 16.568185802000073 ], [ -90.259464595999987, 16.567628290000073 ], [ -90.259354482999981, 16.567247531000078 ], [ -90.259318507999978, 16.567123132000063 ], [ -90.258847389999971, 16.566748895000046 ], [ -90.258413539999935, 16.565290412000024 ], [ -90.258826211999974, 16.565004719000058 ], [ -90.259048302999986, 16.564850964000073 ], [ -90.258991125999955, 16.563685537000026 ], [ -90.258661502999985, 16.563565090000054 ], [ -90.258110322999983, 16.563827507000042 ], [ -90.25784757699995, 16.56395260000005 ], [ -90.257194724999977, 16.564460359000066 ], [ -90.256982308999966, 16.564375359000053 ], [ -90.257100162999961, 16.563895225000067 ], [ -90.257247192999955, 16.563642197000036 ], [ -90.257415959999946, 16.563351760000046 ], [ -90.257511697999973, 16.562977543000045 ], [ -90.256998833999944, 16.562885130000041 ], [ -90.256885745999966, 16.562808518000054 ], [ -90.256099482999957, 16.562275854000063 ], [ -90.256838787999982, 16.561994662000075 ], [ -90.261403325999936, 16.560258501000078 ], [ -90.264128513999935, 16.561070406000056 ], [ -90.267755530999978, 16.56327437300007 ], [ -90.27168241399994, 16.565117972000053 ], [ -90.275909570999943, 16.56624054100007 ], [ -90.279090283999949, 16.566243937000024 ], [ -90.282594058999962, 16.56682997300004 ], [ -90.29044853299996, 16.570336218000023 ], [ -90.293665818999955, 16.57120496400006 ], [ -90.300812844999939, 16.571608623000031 ], [ -90.303133473999935, 16.571105935000048 ], [ -90.304930854999952, 16.56995358100005 ], [ -90.308774023999945, 16.564356583000063 ], [ -90.308998068999983, 16.563686097000073 ], [ -90.309322830999974, 16.562368633000062 ], [ -90.309320481999976, 16.561291706000077 ], [ -90.309288003999939, 16.561108357000023 ], [ -90.307858831999965, 16.559356674000071 ], [ -90.307609886999956, 16.55905154900006 ], [ -90.307387238999979, 16.557176017000074 ], [ -90.308137391999935, 16.555373512000074 ], [ -90.308710746999964, 16.554938655000058 ], [ -90.308980772999973, 16.554272076000075 ], [ -90.309611446999952, 16.55361414500004 ], [ -90.310397486999989, 16.553357862000041 ], [ -90.311193750999962, 16.553350385000044 ], [ -90.311619447999988, 16.553140720000044 ], [ -90.312891540999942, 16.55325005800006 ], [ -90.313805711999976, 16.554102347000025 ], [ -90.315059844999951, 16.555271575000063 ], [ -90.326286682999978, 16.564996801000063 ], [ -90.340877776999946, 16.576775259000044 ], [ -90.342897882999978, 16.577642328000024 ], [ -90.344859678999967, 16.577512760000047 ], [ -90.352351130999978, 16.572911592000025 ], [ -90.353572387999975, 16.57319607200003 ], [ -90.354226836999942, 16.57326630700004 ], [ -90.355441904999964, 16.57361479900004 ], [ -90.356057361999945, 16.574066306000077 ], [ -90.356668258999946, 16.574851930000023 ], [ -90.357048298999985, 16.575654942000028 ], [ -90.357209592999936, 16.576250949000041 ], [ -90.357732905999967, 16.577666208000039 ], [ -90.357604548999973, 16.578699044000075 ], [ -90.357621026999936, 16.579236559000037 ], [ -90.357423906999941, 16.580152560000045 ], [ -90.357356452999966, 16.580695323000043 ], [ -90.357240886999989, 16.581003039000052 ], [ -90.357154135999963, 16.581406166000022 ], [ -90.356724908999979, 16.582489047000024 ], [ -90.356609750999951, 16.582683562000057 ], [ -90.356381520999946, 16.583291259000077 ], [ -90.354920381999989, 16.585454081000023 ], [ -90.35196622899997, 16.58641030800004 ], [ -90.348328565999964, 16.585969451000039 ], [ -90.348328501999958, 16.585969460000058 ], [ -90.346449971999959, 16.585741780000035 ], [ -90.343092761999969, 16.587465081000062 ], [ -90.341696250999973, 16.589684102000035 ], [ -90.341469835999987, 16.59195595500006 ], [ -90.341992053999945, 16.594084120000048 ], [ -90.3433747, 16.596681766000074 ], [ -90.345655769999951, 16.59909975100004 ], [ -90.347134039999958, 16.600147025000069 ], [ -90.347706733999985, 16.600552744000026 ], [ -90.349171929999955, 16.601590738000027 ], [ -90.352746793999984, 16.60203036300004 ], [ -90.362620550999964, 16.600094260000049 ], [ -90.368130175999966, 16.600886643000024 ], [ -90.376025678999952, 16.603379906000043 ], [ -90.378495983999983, 16.603237110000066 ], [ -90.379769035999971, 16.602408381000032 ], [ -90.380668136999986, 16.601038470000049 ], [ -90.381155973999967, 16.598947041000031 ], [ -90.380671258999939, 16.596910489000038 ], [ -90.380565911999952, 16.596726678000039 ], [ -90.370778365999968, 16.579648118000023 ], [ -90.370405707999964, 16.57730373000004 ], [ -90.37113889599999, 16.575666359000024 ], [ -90.371656694999956, 16.574663550000025 ], [ -90.372394429999986, 16.574562226000069 ], [ -90.373476943999947, 16.574642650000044 ], [ -90.373513512999978, 16.574636906000023 ], [ -90.373528605999979, 16.574646488000042 ], [ -90.376356431999966, 16.576441812000041 ], [ -90.379723541999965, 16.577886342000056 ], [ -90.383502960999976, 16.578321261000042 ], [ -90.393159089999983, 16.576378981000062 ], [ -90.393838548999952, 16.576610467000023 ], [ -90.39715228099999, 16.577739403000066 ], [ -90.409028630999956, 16.577960060000066 ], [ -90.409670347999963, 16.577831941000056 ], [ -90.418034758999966, 16.576161855000066 ], [ -90.419419711999979, 16.575368988000037 ], [ -90.421029704999967, 16.573313951000046 ], [ -90.421968715999981, 16.564694996000071 ], [ -90.422442310999941, 16.563954729000045 ], [ -90.424422101999937, 16.560860099000024 ], [ -90.431731276999983, 16.557602867000071 ], [ -90.435781156999951, 16.558216310000034 ], [ -90.440878027999986, 16.561603689000037 ], [ -90.444130357999938, 16.561755348000077 ], [ -90.445009837999976, 16.561796353000034 ], [ -90.463343387999942, 16.551770052000052 ], [ -90.466256557999941, 16.549463497000033 ], [ -90.46707577899997, 16.546968769000046 ], [ -90.465148434999946, 16.542691558000058 ], [ -90.464569470999947, 16.542496996000068 ], [ -90.456628867999939, 16.539828407000073 ], [ -90.453353683999978, 16.540489601000047 ], [ -90.449892475999945, 16.545478513000035 ], [ -90.44622104299998, 16.545935841000073 ], [ -90.443210540999985, 16.544229376000033 ], [ -90.442928952999978, 16.542849365000052 ], [ -90.442524818999971, 16.540868764000038 ], [ -90.444004571999983, 16.538425226000072 ], [ -90.446506259999978, 16.53371498100006 ], [ -90.450301458999945, 16.519785151000065 ], [ -90.45227317199999, 16.50635675500007 ], [ -90.452534058999959, 16.503001561000076 ], [ -90.451875730999973, 16.498318222000023 ], [ -90.451762462999966, 16.497971344000064 ], [ -90.445432649999987, 16.488774738000075 ], [ -90.445713342999966, 16.487564612000028 ], [ -90.446216583999956, 16.485394997000071 ], [ -90.448342471999979, 16.483058342000049 ], [ -90.450169500999948, 16.482771128000024 ], [ -90.461055896999937, 16.486548906000053 ], [ -90.462188936999951, 16.487848779000046 ], [ -90.462435161999963, 16.488131257000077 ], [ -90.463180435999959, 16.490432626000029 ], [ -90.462232477999976, 16.496820425000067 ], [ -90.462232478999965, 16.496820528000057 ], [ -90.462239875999956, 16.497747224000022 ], [ -90.462358312999982, 16.498805465000032 ], [ -90.462729530999979, 16.503555481000035 ], [ -90.46542855499996, 16.518663830000037 ], [ -90.466211088999955, 16.522043887000052 ], [ -90.470760429999984, 16.524166017000027 ], [ -90.478829092999945, 16.525942972000053 ], [ -90.485389697999949, 16.515852577000032 ], [ -90.486841982999977, 16.508578983000064 ], [ -90.489239363999957, 16.505831926000042 ], [ -90.489480054999945, 16.505556123000076 ], [ -90.492666215999975, 16.506193776000032 ], [ -90.495355368999981, 16.508541789000049 ], [ -90.495944769999937, 16.508912857000041 ], [ -90.49648614299997, 16.509529116000067 ], [ -90.497630367999989, 16.510528187000034 ], [ -90.499659950999956, 16.51416679700003 ], [ -90.498631009999897, 16.519211703000053 ], [ -90.498321978999968, 16.520726834000072 ], [ -90.500684759999956, 16.520754287000045 ], [ -90.502643361999958, 16.516045536000036 ], [ -90.502819727999963, 16.515621517000056 ], [ -90.503314242999977, 16.515593342000045 ], [ -90.508895428999949, 16.515275296000027 ], [ -90.51097342199995, 16.514259624000033 ], [ -90.518487728999958, 16.505914934000032 ], [ -90.520170785999937, 16.498842743000068 ], [ -90.520596170999966, 16.488786560000051 ], [ -90.51890616899999, 16.483190501000024 ], [ -90.518774925999935, 16.482755911000027 ], [ -90.518849863999947, 16.482310373000075 ], [ -90.519309342999975, 16.479578550000042 ], [ -90.521310230999973, 16.47936209900007 ], [ -90.525743732999956, 16.48285498100006 ], [ -90.531277683999974, 16.484377474000041 ], [ -90.536508668999943, 16.483305957000027 ], [ -90.53703709199999, 16.48319771000007 ], [ -90.538091646999987, 16.482859293000047 ], [ -90.538159379999968, 16.482836651000071 ], [ -90.539218794999954, 16.482443158000024 ], [ -90.540424877999953, 16.481995181000059 ], [ -90.541237860999956, 16.481563937000033 ], [ -90.542730636999977, 16.480812546000038 ], [ -90.543983896999976, 16.480168985000034 ], [ -90.544513478999988, 16.480898205000074 ], [ -90.544851177999988, 16.481086980000043 ], [ -90.545516127999974, 16.481160273000057 ], [ -90.546144301999959, 16.481133770000042 ], [ -90.547159368999985, 16.480958239000074 ], [ -90.547943683999961, 16.480799194000042 ], [ -90.556599315999961, 16.478713345000074 ], [ -90.56164655699996, 16.478062002000058 ], [ -90.562296854999943, 16.477997316000028 ], [ -90.562983529999897, 16.477877724000052 ], [ -90.563678058999983, 16.477691599000025 ], [ -90.564369499999941, 16.47747156500003 ], [ -90.566080279999937, 16.476825280000071 ], [ -90.567122715999972, 16.476282996000066 ], [ -90.568212479999943, 16.475652052000044 ], [ -90.569210082999973, 16.474997451000036 ], [ -90.570345746999976, 16.474344446000032 ], [ -90.570893287999979, 16.474166752000031 ], [ -90.57214612599995, 16.473876421000057 ], [ -90.576543911999977, 16.472836639000036 ], [ -90.577315703999943, 16.472693141000036 ], [ -90.57884375399999, 16.472431923000045 ], [ -90.579752570999972, 16.472232413000029 ], [ -90.580455609999944, 16.472018100000071 ], [ -90.581355382999959, 16.471651363000035 ], [ -90.583555073999946, 16.470545362000053 ], [ -90.584851832999959, 16.469871544000057 ], [ -90.585406905999946, 16.469650988000069 ], [ -90.58646928099995, 16.469334657000047 ], [ -90.587214090999964, 16.469195325000044 ], [ -90.587926847999938, 16.469092881000051 ], [ -90.58882274199999, 16.469037713000034 ], [ -90.589855180999962, 16.469107188000066 ], [ -90.59064424799999, 16.469268709000062 ], [ -90.591483065999967, 16.469570815000054 ], [ -90.59195650199996, 16.46984838700007 ], [ -90.592373647999977, 16.470135477000042 ], [ -90.593262268999979, 16.470811901000047 ], [ -90.593966092999949, 16.471575401000052 ], [ -90.594236430999956, 16.472000812000033 ], [ -90.594688126999984, 16.472760283000071 ], [ -90.59513427, 16.473638251000068 ], [ -90.595292171999972, 16.474166256000046 ], [ -90.595439082999974, 16.475300492000031 ], [ -90.595560445999979, 16.476655748000042 ], [ -90.595566537999957, 16.478010810000058 ], [ -90.595533311999986, 16.478853913000023 ], [ -90.59546516599994, 16.480629298000053 ], [ -90.59524298599996, 16.481847366000068 ], [ -90.59454528699996, 16.484326881000072 ], [ -90.594302744999936, 16.485344850000047 ], [ -90.594244721999985, 16.486299452000026 ], [ -90.59425285399999, 16.487204002000055 ], [ -90.594454356999961, 16.487944790000029 ], [ -90.594930226999963, 16.488549847000058 ], [ -90.595662453999978, 16.488913951000029 ], [ -90.596557744999984, 16.489057485000046 ], [ -90.597251838999966, 16.489050784000028 ], [ -90.598056080999982, 16.488938075000021 ], [ -90.598586014999967, 16.488814307000041 ], [ -90.599347656999953, 16.488644644000033 ], [ -90.599862879999989, 16.488527481000062 ], [ -90.600872553999977, 16.48817434800003 ], [ -90.60151155799997, 16.487936648000073 ], [ -90.602075350999939, 16.487676632000046 ], [ -90.603321304999952, 16.487238121000075 ], [ -90.60403897399999, 16.48712213500005 ], [ -90.60459752, 16.487098047000075 ], [ -90.605320278999955, 16.487139071000058 ], [ -90.605836045999979, 16.487167559000056 ], [ -90.606764383999973, 16.487288845000023 ], [ -90.607723522999947, 16.487665669000023 ], [ -90.608171782999989, 16.487902275000067 ], [ -90.608636628999989, 16.488074709000045 ], [ -90.609157351999954, 16.488224067000033 ], [ -90.610030102999986, 16.48834583200005 ], [ -90.610962470999937, 16.488377940000078 ], [ -90.611849888999984, 16.488210798000068 ], [ -90.612497338999958, 16.487951706000047 ], [ -90.613059892999956, 16.487648734000061 ], [ -90.613637763999975, 16.487289478000037 ], [ -90.614438201999974, 16.486579329000051 ], [ -90.614774035999972, 16.48620149900006 ], [ -90.615289197999971, 16.485515190000058 ], [ -90.615554775999954, 16.484913050000046 ], [ -90.616458316999967, 16.482793658000048 ], [ -90.617012387999978, 16.48160417400004 ], [ -90.617329107999979, 16.481065776000037 ], [ -90.617676383999935, 16.480373030000067 ], [ -90.617940192999981, 16.479854356000033 ], [ -90.618254348999983, 16.479434022000078 ], [ -90.618696077999971, 16.478872506000073 ], [ -90.619012485999974, 16.478537521000078 ], [ -90.619451712999989, 16.478172150000034 ], [ -90.620589742999982, 16.477364183000077 ], [ -90.621314322999979, 16.477014472000064 ], [ -90.622302303999959, 16.476561608000054 ], [ -90.62279045799994, 16.476405683000053 ], [ -90.623434036999981, 16.476219904000061 ], [ -90.624079481999956, 16.47612108900006 ], [ -90.624975246999952, 16.476031892000037 ], [ -90.625576845999944, 16.475977742000055 ], [ -90.62617536099998, 16.47598453300003 ], [ -90.626957325999967, 16.476014857000052 ], [ -90.627831556999979, 16.476108329000056 ], [ -90.628736605999961, 16.476217956000028 ], [ -90.629321165999954, 16.47631378400007 ], [ -90.630081674999985, 16.476472581000053 ], [ -90.63096746299999, 16.476819108000029 ], [ -90.631477915999938, 16.477042820000065 ], [ -90.632188203999988, 16.477386227000068 ], [ -90.632736160999968, 16.477701825000054 ], [ -90.633554645999936, 16.478242931000068 ], [ -90.634037052999986, 16.478560042000026 ], [ -90.634544561999974, 16.478930508000076 ], [ -90.635313297999971, 16.47961784000006 ], [ -90.63566747699997, 16.480038513000068 ], [ -90.636229422999975, 16.480986604000066 ], [ -90.636508875999937, 16.48158597500003 ], [ -90.636705760999973, 16.482431703000032 ], [ -90.636742554999955, 16.483209 ], [ -90.636743040999988, 16.484036700000047 ], [ -90.636724233999985, 16.484718518000022 ], [ -90.636622618999979, 16.485472796000067 ], [ -90.636476726999945, 16.486114784000051 ], [ -90.636261514999944, 16.486778573000038 ], [ -90.636059384999953, 16.48737701500005 ], [ -90.635812039999962, 16.487939942000025 ], [ -90.635577166999951, 16.48839122000004 ], [ -90.635215911999978, 16.488841070000035 ], [ -90.634798385999943, 16.489202203000048 ], [ -90.634197062999988, 16.48961545800006 ], [ -90.633322914999951, 16.489750100000037 ], [ -90.632563464999976, 16.489741499000047 ], [ -90.63188936399996, 16.489689833000057 ], [ -90.630459593999944, 16.489319070000022 ], [ -90.629384447999939, 16.488996359000055 ], [ -90.628217619999987, 16.48870647800004 ], [ -90.627143056999955, 16.488384893000045 ], [ -90.625516811999944, 16.488099945000044 ], [ -90.624113514999976, 16.488212631000067 ], [ -90.624113461999968, 16.48821263800005 ], [ -90.623989120999966, 16.488227129000052 ], [ -90.622206516999938, 16.48852755300004 ], [ -90.62125086399999, 16.488771878000023 ], [ -90.620237239999938, 16.489114905000065 ], [ -90.618442240999968, 16.489826029000028 ], [ -90.618441299999972, 16.489826402000062 ], [ -90.616037886999948, 16.490892946000031 ], [ -90.614549078999971, 16.491617830000052 ], [ -90.61342437799999, 16.492236325000022 ], [ -90.612713515999985, 16.492832957000076 ], [ -90.612713363999944, 16.492833119000068 ], [ -90.61217411299998, 16.493406426000035 ], [ -90.610953205999976, 16.494710220000059 ], [ -90.610011543999974, 16.49571796400005 ], [ -90.609417719999954, 16.496420291000049 ], [ -90.608844812999962, 16.497277551000025 ], [ -90.608330334999948, 16.498046275000036 ], [ -90.60792835899997, 16.498993562000067 ], [ -90.607629527999961, 16.499975904000053 ], [ -90.607527996999977, 16.500760641000056 ], [ -90.60748965, 16.50202261000004 ], [ -90.607480876999944, 16.503639478000025 ], [ -90.607520692999969, 16.505112366000048 ], [ -90.607578123999986, 16.506009580000068 ], [ -90.607761711999956, 16.50697486200005 ], [ -90.607960641999966, 16.50759705300004 ], [ -90.608516516999941, 16.509031812000046 ], [ -90.60878299899997, 16.509776726000041 ], [ -90.609115361999955, 16.510732418000032 ], [ -90.609828367999967, 16.512478367000028 ], [ -90.610376410999947, 16.513647683000045 ], [ -90.61095762299999, 16.514928032000057 ], [ -90.611452963999966, 16.515719601000058 ], [ -90.612208145999944, 16.516846114000032 ], [ -90.612618858999951, 16.517428946000052 ], [ -90.612953395999966, 16.517829110000037 ], [ -90.61341429, 16.518281529000035 ], [ -90.614087607999977, 16.518927205000068 ], [ -90.614655375999973, 16.519398911000053 ], [ -90.615166798999951, 16.519836098000042 ], [ -90.615951767999945, 16.520398358000023 ], [ -90.616858048999973, 16.520852471000069 ], [ -90.617652383999939, 16.521176576000073 ], [ -90.618486987999972, 16.521462747000044 ], [ -90.619265416999951, 16.521604867000065 ], [ -90.620011275999957, 16.52163482900005 ], [ -90.620563020999953, 16.521553044000029 ], [ -90.62100572899999, 16.521451924000075 ], [ -90.622479083999963, 16.520959392000066 ], [ -90.624255152999979, 16.520043384000076 ], [ -90.62561231899997, 16.519328331000054 ], [ -90.628241795999941, 16.517938288000039 ], [ -90.632704322999984, 16.515290096000058 ], [ -90.63404363699999, 16.514495310000029 ], [ -90.634528194999973, 16.514258025000061 ], [ -90.635300896999979, 16.513956250000035 ], [ -90.635796080999967, 16.513807158000077 ], [ -90.636325793999958, 16.51365845600003 ], [ -90.637235110999939, 16.513480172000072 ], [ -90.638102081999989, 16.513366899000061 ], [ -90.63899360299996, 16.513256157000058 ], [ -90.639530099999945, 16.513271255000063 ], [ -90.640105936999987, 16.51332405900007 ], [ -90.640689771999973, 16.513441315000023 ], [ -90.641274328999941, 16.513547288000041 ], [ -90.641892005999978, 16.513721384000064 ], [ -90.64246346799996, 16.513893826000071 ], [ -90.642989354999941, 16.51406010900007 ], [ -90.643569119999938, 16.514272165000023 ], [ -90.644278878999955, 16.514672001000065 ], [ -90.645214247999945, 16.515290056000026 ], [ -90.645757897999943, 16.515729795000027 ], [ -90.64614762399998, 16.516121503000022 ], [ -90.646448439999972, 16.516557374000058 ], [ -90.646845368999948, 16.517417775000069 ], [ -90.647073286999955, 16.518025590000036 ], [ -90.647200287999965, 16.518509187000063 ], [ -90.647281987999975, 16.519398782000053 ], [ -90.64729351699998, 16.52033162400005 ], [ -90.647120222999945, 16.521350462000044 ], [ -90.645109102999982, 16.530431316000033 ], [ -90.644879819999971, 16.532299795000029 ], [ -90.644809028999987, 16.533406730000024 ], [ -90.644801575999963, 16.53402092400006 ], [ -90.644860290999986, 16.534874127000023 ], [ -90.644923307999989, 16.535372809000023 ], [ -90.645138953999947, 16.536510080000028 ], [ -90.64546248299996, 16.537295131000064 ], [ -90.645696978999979, 16.537795751000033 ], [ -90.646242026999971, 16.538704126000027 ], [ -90.646693463999952, 16.539464648000035 ], [ -90.64721392499996, 16.540180781000061 ], [ -90.647825246999957, 16.54103118300003 ], [ -90.648268813999948, 16.541572552000048 ], [ -90.648596169999962, 16.541995174000022 ], [ -90.64902534099997, 16.542710274000058 ], [ -90.649460851999947, 16.543579016000024 ], [ -90.649764791999985, 16.54434013100007 ], [ -90.649872292999987, 16.544984981000027 ], [ -90.64988651499999, 16.545695404000071 ], [ -90.649736279999956, 16.54669304500004 ], [ -90.64957807199994, 16.547189235000076 ], [ -90.649283731999958, 16.547953766000035 ], [ -90.648715615999947, 16.549234636000051 ], [ -90.648526566999976, 16.550197961000038 ], [ -90.648461087999976, 16.551253016000032 ], [ -90.648500861999935, 16.551786442000036 ], [ -90.649004950999938, 16.554676080000036 ], [ -90.64903129399994, 16.555351634000033 ], [ -90.648875818999954, 16.558806330000039 ], [ -90.648772834999988, 16.559622701000023 ], [ -90.648627730999976, 16.560291802000052 ], [ -90.648401379999939, 16.560902397000064 ], [ -90.648106874999939, 16.561485122000022 ], [ -90.647589244999949, 16.56241198500004 ], [ -90.646791785999937, 16.563579592000053 ], [ -90.645973689999948, 16.564613715000064 ], [ -90.644676673999982, 16.566036506000046 ], [ -90.639670247999959, 16.569921799000042 ], [ -90.639160772999958, 16.57027058400007 ], [ -90.635514712999964, 16.57214091000003 ], [ -90.63410834299998, 16.572872448000055 ], [ -90.629544757999952, 16.575129696000033 ], [ -90.628810096999985, 16.575506377000067 ], [ -90.628298694999955, 16.576009807000048 ], [ -90.627921857999979, 16.576758670000061 ], [ -90.627881323999986, 16.57748652600003 ], [ -90.627973026999939, 16.578220406000071 ], [ -90.6281512, 16.578682009000033 ], [ -90.628615804999981, 16.579179625000052 ], [ -90.629074849999938, 16.579653462000067 ], [ -90.629579283999988, 16.580197826000074 ], [ -90.630053582999949, 16.580812982000054 ], [ -90.630413468999961, 16.581448291000072 ], [ -90.632915191999984, 16.585703273000036 ], [ -90.634014989999969, 16.588026082000056 ], [ -90.635976408999966, 16.591422367000064 ], [ -90.636501303999978, 16.592021154000065 ], [ -90.63704525899999, 16.59254562700005 ], [ -90.637545485999965, 16.593007499000066 ], [ -90.638046373999941, 16.593511158000069 ], [ -90.638476424999965, 16.593870604000074 ], [ -90.638954343999956, 16.594241885000031 ], [ -90.639352426999949, 16.594534346000046 ], [ -90.640161442999954, 16.595074246000024 ], [ -90.640720384999952, 16.595379821000051 ], [ -90.641541751999966, 16.595771931000058 ], [ -90.641636959999971, 16.595799844000055 ], [ -90.642503229999988, 16.596053840000025 ], [ -90.643380306999973, 16.596103304000053 ], [ -90.644097189999968, 16.595844942000042 ], [ -90.644128950999971, 16.595112461000042 ], [ -90.643543188999956, 16.594028582000021 ], [ -90.643069183999955, 16.593067956000027 ], [ -90.642654987999947, 16.592095519000054 ], [ -90.642354805999958, 16.591264903000024 ], [ -90.64212049799994, 16.590210279000075 ], [ -90.641991332999964, 16.588034486000026 ], [ -90.642018998999959, 16.586883905000036 ], [ -90.642370194999955, 16.584489501000064 ], [ -90.643020131999947, 16.582850516000065 ], [ -90.64383468699998, 16.581442616000061 ], [ -90.644499702999951, 16.58065722300006 ], [ -90.645654286999957, 16.579519884000035 ], [ -90.646437756999944, 16.578930703000026 ], [ -90.647033060999945, 16.578555344000051 ], [ -90.647726550999948, 16.578192811000065 ], [ -90.648498355999948, 16.577985857000044 ], [ -90.649660275999963, 16.577810408000062 ], [ -90.650223044999962, 16.57775014200007 ], [ -90.650565734999986, 16.577713816000028 ], [ -90.651763836999976, 16.577360627000076 ], [ -90.655357010999978, 16.577464004000035 ], [ -90.656730880999987, 16.577468951000071 ], [ -90.657423495999979, 16.577523457000041 ], [ -90.660770090999961, 16.577619740000046 ], [ -90.661582608999936, 16.578063119000035 ], [ -90.661998037999979, 16.578165056000046 ], [ -90.662512340999967, 16.578336824000075 ], [ -90.662992828999961, 16.578496920000077 ], [ -90.663804601999971, 16.578761234000069 ], [ -90.664467567999964, 16.579034036000053 ], [ -90.665272757999958, 16.579407803000038 ], [ -90.665734286999964, 16.579635433000021 ], [ -90.666301921999946, 16.579997497000022 ], [ -90.666895902999954, 16.580456967000032 ], [ -90.667418196999961, 16.580986772000074 ], [ -90.667756665999946, 16.581418533000033 ], [ -90.668038433999982, 16.581842882000046 ], [ -90.66834526599996, 16.582373658000051 ], [ -90.66890845599994, 16.583445934000054 ], [ -90.669266514999947, 16.584293459000037 ], [ -90.66946031599997, 16.58487604100003 ], [ -90.669573512999989, 16.585540150000043 ], [ -90.669592661999957, 16.586283379000065 ], [ -90.669534416999966, 16.587278681000043 ], [ -90.669352427999968, 16.58809644400003 ], [ -90.669168912999965, 16.588555102000043 ], [ -90.668776237999964, 16.589219187000026 ], [ -90.668002981999962, 16.589786410000045 ], [ -90.66722753, 16.590098408000074 ], [ -90.66654588199998, 16.590303049000056 ], [ -90.665706660999945, 16.590513827000052 ], [ -90.66495335799999, 16.590639745000033 ], [ -90.663132299999972, 16.590797703000078 ], [ -90.660688471999947, 16.591035591000036 ], [ -90.660050360999946, 16.591125523000073 ], [ -90.65939695899999, 16.591220926000062 ], [ -90.65857473799997, 16.591574143000059 ], [ -90.657983662999982, 16.591937862000066 ], [ -90.657146633999957, 16.592594657000063 ], [ -90.656632428999956, 16.593233631000032 ], [ -90.656239159999984, 16.593894293000062 ], [ -90.656042917999969, 16.594336983000062 ], [ -90.655812022999953, 16.595029962000069 ], [ -90.655706666999947, 16.595509811000056 ], [ -90.655625468999972, 16.596508229000051 ], [ -90.65566750399995, 16.600525234000031 ], [ -90.655775128999949, 16.603044544000056 ], [ -90.656547777999947, 16.607362250000051 ], [ -90.657102167999938, 16.610800112000049 ], [ -90.657331541999952, 16.611537802000043 ], [ -90.658696827999961, 16.614793974000065 ], [ -90.66034915299997, 16.618576191000045 ], [ -90.661191921999944, 16.620113482000022 ], [ -90.661964338999951, 16.621754993000025 ], [ -90.663455510999938, 16.626861058000031 ], [ -90.663719796999942, 16.62786224000007 ], [ -90.663850174999936, 16.628508475000046 ], [ -90.663842107999983, 16.629174609000074 ], [ -90.66378649699999, 16.629994908000072 ], [ -90.663435521999986, 16.631122409000056 ], [ -90.663075384999956, 16.631652461000044 ], [ -90.662419396999951, 16.632577785000024 ], [ -90.661856950999947, 16.633370918000026 ], [ -90.660616962999939, 16.634933293000074 ], [ -90.660032211999976, 16.635680996000076 ], [ -90.659391751999976, 16.636917012000026 ], [ -90.659273202999941, 16.637516403000063 ], [ -90.65913655899999, 16.639268492000042 ], [ -90.659170685999982, 16.640268210000045 ], [ -90.659469975999968, 16.641520471000035 ], [ -90.660384611999973, 16.642892931000063 ], [ -90.661408870999935, 16.644429869000078 ], [ -90.661762081999939, 16.644959869000047 ], [ -90.662662754999985, 16.645890463000057 ], [ -90.665309777999937, 16.648752148000028 ], [ -90.667466991999959, 16.650730171000077 ], [ -90.672371545999965, 16.65522732200003 ], [ -90.673229314999958, 16.656074819000025 ], [ -90.67369152699996, 16.656552011000031 ], [ -90.675030873999958, 16.658165988000064 ], [ -90.67628072299999, 16.659577954000042 ], [ -90.67682916199999, 16.660434390000034 ], [ -90.677342942999985, 16.661299471000063 ], [ -90.677818209999941, 16.662249940000038 ], [ -90.678085429999953, 16.662773496000057 ], [ -90.680327409999961, 16.671680907000052 ], [ -90.680665824999949, 16.674171199000057 ], [ -90.681171598999981, 16.678085030000034 ], [ -90.681812941999965, 16.68222170100006 ], [ -90.682880576999935, 16.687296995000054 ], [ -90.682942736999962, 16.687874714000031 ], [ -90.683016406999968, 16.688420944000029 ], [ -90.683258305999971, 16.689298782000037 ], [ -90.683439686999975, 16.689590249000048 ], [ -90.683923310999944, 16.690358644000071 ], [ -90.684125771999959, 16.690593240000055 ], [ -90.684785973999965, 16.691253594000045 ], [ -90.685209101999988, 16.691560744000071 ], [ -90.685642884999936, 16.691849109000032 ], [ -90.686149734999958, 16.692153717000053 ], [ -90.686858160999975, 16.692579466000041 ], [ -90.687949633999949, 16.693235409000067 ], [ -90.702400140999941, 16.701528302000042 ], [ -90.703704537999954, 16.702265343000022 ], [ -90.705250756999988, 16.703087552000056 ], [ -90.706047870999953, 16.703497412000047 ], [ -90.706930725999939, 16.703965155000049 ], [ -90.707680987999936, 16.704417251000052 ], [ -90.708335308999949, 16.704900424000073 ], [ -90.709073585999988, 16.705580491000035 ], [ -90.709593385999938, 16.706305564000047 ], [ -90.709947256999953, 16.706894418000047 ], [ -90.71032171, 16.708026978000078 ], [ -90.71040755599995, 16.70876484300004 ], [ -90.710429139999974, 16.709030590000054 ], [ -90.710415360999946, 16.710185626000055 ], [ -90.710333266999953, 16.711272155000074 ], [ -90.710015846999966, 16.712734361000059 ], [ -90.70946507299999, 16.714504513000065 ], [ -90.708892176999939, 16.716163757000061 ], [ -90.708482434999951, 16.717553793000036 ], [ -90.70840408, 16.718423550000068 ], [ -90.708423149999987, 16.71890344600007 ], [ -90.708642205999979, 16.720511852000072 ], [ -90.708877556999937, 16.721309302000066 ], [ -90.70927818399997, 16.722241365000059 ], [ -90.709658310999941, 16.723002879000035 ], [ -90.709940209999957, 16.723438495000039 ], [ -90.710445577999963, 16.724151841000037 ], [ -90.711006668999971, 16.724828126000034 ], [ -90.711427990999937, 16.72528219000003 ], [ -90.712105661999942, 16.725935380000067 ], [ -90.712892453999984, 16.726600273000031 ], [ -90.714286545999983, 16.72756989800007 ], [ -90.715818582999987, 16.728519590000076 ], [ -90.716761713999972, 16.728987104000055 ], [ -90.718164961999946, 16.729581720000056 ], [ -90.719350238999937, 16.729980321000028 ], [ -90.720681850999938, 16.730394772000068 ], [ -90.722151733999965, 16.730810739000049 ], [ -90.723344838999935, 16.731245103000049 ], [ -90.72404536199997, 16.731582361000051 ], [ -90.724902765999957, 16.731995144000052 ], [ -90.726131140999939, 16.732797982000022 ], [ -90.726912461999973, 16.733345213000064 ], [ -90.727467218999948, 16.733746592000045 ], [ -90.728018141999939, 16.734082244000035 ], [ -90.728377249999937, 16.73430103100003 ], [ -90.732685186999959, 16.736925567000071 ], [ -90.742771847999961, 16.743058573000042 ], [ -90.751786405999951, 16.748477368000067 ], [ -90.754129428999988, 16.750256396000054 ], [ -90.755845877999946, 16.75155963800006 ], [ -90.757418048999966, 16.752924665000023 ], [ -90.757836766999958, 16.753513991000034 ], [ -90.757870043999958, 16.753560827000058 ], [ -90.758149346999971, 16.754231247000064 ], [ -90.758349235999958, 16.754877092000072 ], [ -90.758454669999935, 16.755682258000036 ], [ -90.758398607999936, 16.756565848000037 ], [ -90.758387683999956, 16.757498487000078 ], [ -90.758340932999943, 16.758821039000054 ], [ -90.75836340099994, 16.759319891000075 ], [ -90.758415938999974, 16.759939090000046 ], [ -90.758842372999936, 16.760807599000032 ], [ -90.75960659399999, 16.761537296000029 ], [ -90.760826466999958, 16.762492985000051 ], [ -90.761993321999967, 16.76315151700004 ], [ -90.763450938999938, 16.763749105000045 ], [ -90.765638850999949, 16.764589923000074 ], [ -90.76749222899997, 16.765302156000075 ], [ -90.769237286999953, 16.765876647000027 ], [ -90.779350097999952, 16.768339248000075 ], [ -90.782261281999979, 16.769388164000077 ], [ -90.79138332299999, 16.773380060000022 ], [ -90.797320605999971, 16.775895940000055 ], [ -90.800145480999959, 16.776359519000039 ], [ -90.801197861999981, 16.776522498000077 ], [ -90.801881148999939, 16.776886278000063 ], [ -90.802531249999959, 16.777350999000078 ], [ -90.803102678999949, 16.777902565000034 ], [ -90.803396257999964, 16.778266966000047 ], [ -90.803663102999963, 16.778814122000028 ], [ -90.80376425899999, 16.779170147000059 ], [ -90.804507546999957, 16.782660172000078 ], [ -90.804557021999983, 16.783206938000035 ], [ -90.804598497999962, 16.783665285000041 ], [ -90.804563831999985, 16.784641734000047 ], [ -90.804441810999947, 16.785262663000026 ], [ -90.804061100999945, 16.786258006000025 ], [ -90.802464386999986, 16.789319357000068 ], [ -90.801975852999988, 16.790819457000055 ], [ -90.801793533999955, 16.79168704600005 ], [ -90.801640083999985, 16.792338123000036 ], [ -90.801537401999951, 16.79295812600003 ], [ -90.80146203399994, 16.793802013000061 ], [ -90.801418697999964, 16.794307461000074 ], [ -90.80136499799994, 16.794949443000064 ], [ -90.801455330999943, 16.796350468000071 ], [ -90.801636813999949, 16.797205997000049 ], [ -90.801965403999986, 16.797902126000054 ], [ -90.802512297999954, 16.798515237000061 ], [ -90.803077059999964, 16.799036489000059 ], [ -90.803953188999969, 16.799492644000054 ], [ -90.804889868999965, 16.79977361400006 ], [ -90.805695366999942, 16.799853942000027 ], [ -90.806933623999953, 16.799848342000075 ], [ -90.808026869999935, 16.799801093000042 ], [ -90.814892613999973, 16.799156690000075 ], [ -90.817902122999953, 16.798729212000069 ], [ -90.821808619999956, 16.798174255000049 ], [ -90.826499204999948, 16.797507806000056 ], [ -90.834811388999981, 16.796876255000029 ], [ -90.837122508999983, 16.796700598000029 ], [ -90.840146051999966, 16.796514113000057 ], [ -90.843030588999966, 16.796655157000032 ], [ -90.844899923999947, 16.796746539000026 ], [ -90.84720664799994, 16.796859279000046 ], [ -90.84909266599999, 16.79704848800003 ], [ -90.851685768999971, 16.797484388000044 ], [ -90.85382886299999, 16.798061242000074 ], [ -90.854730845999939, 16.798494138000024 ], [ -90.855337152999937, 16.79889571800004 ], [ -90.855835013999979, 16.799314891000051 ], [ -90.856349376999958, 16.799848105000024 ], [ -90.85657215399999, 16.800210615000026 ], [ -90.856892409999944, 16.80082070900005 ], [ -90.857341194999947, 16.802096719000076 ], [ -90.85784575699995, 16.803643391000037 ], [ -90.858062326999971, 16.804401446000043 ], [ -90.859199514999943, 16.810191720000034 ], [ -90.859621297999979, 16.811121250000042 ], [ -90.860103581999965, 16.811806525000065 ], [ -90.86068157699998, 16.812591108000049 ], [ -90.861327062999976, 16.813215553000077 ], [ -90.874174983999978, 16.822916242000076 ], [ -90.874866026999939, 16.82343492800004 ], [ -90.875784806999945, 16.823978747000069 ], [ -90.876540653999939, 16.824230492000027 ], [ -90.878140345999952, 16.824519185000042 ], [ -90.880008572999941, 16.824843791000035 ], [ -90.88178224699999, 16.825124089000042 ], [ -90.883582874999945, 16.825382742000045 ], [ -90.884355850999953, 16.825493774000051 ], [ -90.884749194999984, 16.825873631000036 ], [ -90.88575887899998, 16.826077138000073 ], [ -90.886380481999936, 16.825801204000072 ], [ -90.88826555299994, 16.825668356000051 ], [ -90.891034136999963, 16.825473213000066 ], [ -90.892854401999955, 16.825344891000043 ], [ -90.89478210599998, 16.825208977000045 ], [ -90.896690767999985, 16.825074387000029 ], [ -90.899022047999949, 16.824909972000057 ], [ -90.910694956999976, 16.822319828000047 ], [ -90.911619956999971, 16.822114577000036 ], [ -90.911809847999962, 16.822097764000034 ], [ -90.914756150999949, 16.821836895000047 ], [ -90.91585648399996, 16.821739458000025 ], [ -90.917348002999972, 16.821693209000045 ], [ -90.918156212999975, 16.821718485000076 ], [ -90.918788976999963, 16.821738273000051 ], [ -90.919394185999977, 16.821757197000068 ], [ -90.919890396999961, 16.821772711000051 ], [ -90.920544079999956, 16.821982227000035 ], [ -90.921140082999955, 16.822267565000061 ], [ -90.921606168999972, 16.822553507000066 ], [ -90.922292133999974, 16.823017410000034 ], [ -90.922882994999952, 16.823533134000058 ], [ -90.923632828999985, 16.824320903000057 ], [ -90.923780708999971, 16.824547323000047 ], [ -90.92425293499997, 16.825492835000034 ], [ -90.924581429999989, 16.826392850000047 ], [ -90.925023352999972, 16.828129724000064 ], [ -90.925156666999953, 16.829078589000062 ], [ -90.925376203999974, 16.830078016000073 ], [ -90.925614765999967, 16.830999710000071 ], [ -90.925806261999981, 16.831721036000033 ], [ -90.926141204999965, 16.832676454000023 ], [ -90.926374412999962, 16.83322879800005 ], [ -90.926647667999987, 16.833906308000053 ], [ -90.926647686999956, 16.833906339000066 ], [ -90.927022603999944, 16.834605913000075 ], [ -90.927381591999961, 16.835164373000055 ], [ -90.928127590999964, 16.835933399000055 ], [ -90.928944530999956, 16.836756571000024 ], [ -90.929908835999981, 16.837773090000042 ], [ -90.93066480899995, 16.838595766000026 ], [ -90.931719570999974, 16.839745309000023 ], [ -90.932389943999965, 16.840625110000076 ], [ -90.93297791599997, 16.841772592000041 ], [ -90.933388923999985, 16.842876361000037 ], [ -90.933663168999942, 16.843962695000073 ], [ -90.933732831999976, 16.84474360300004 ], [ -90.93373640499999, 16.845350378000035 ], [ -90.93365575699994, 16.846007524000072 ], [ -90.933427728999959, 16.847250375000044 ], [ -90.933267673999978, 16.847937466000076 ], [ -90.932927893999988, 16.84954738600004 ], [ -90.932927799999959, 16.849547853000047 ], [ -90.932686562999947, 16.85074759500003 ], [ -90.932542684999987, 16.851414719000047 ], [ -90.932346953999968, 16.85232073700007 ], [ -90.932056459999956, 16.853582675000041 ], [ -90.931947977999982, 16.855092643000035 ], [ -90.932067040999982, 16.856870299000036 ], [ -90.932287574999975, 16.857782773000054 ], [ -90.932427086999951, 16.85803953900006 ], [ -90.932784867999942, 16.858698037000067 ], [ -90.93325660499994, 16.859321056000056 ], [ -90.933910968999953, 16.86008780700007 ], [ -90.934755045999964, 16.860718614000064 ], [ -90.93611346099999, 16.861438164000049 ], [ -90.937453713999957, 16.862009985000043 ], [ -90.945285142999978, 16.864091589000054 ], [ -90.945525505999967, 16.864155474000029 ], [ -90.951052004999951, 16.865246397000078 ], [ -90.952613232999965, 16.865505935000044 ], [ -90.953371294999954, 16.865579008000054 ], [ -90.953980528999978, 16.865640427000073 ], [ -90.95485458099995, 16.865616397000053 ], [ -90.956133024999986, 16.86545183800007 ], [ -90.956963243999951, 16.865250053000068 ], [ -90.957632331999946, 16.86503536500004 ], [ -90.95835908, 16.864770969000062 ], [ -90.959003965999955, 16.864499550000062 ], [ -90.961238417999937, 16.863387384000077 ], [ -90.963811785999951, 16.862228257000027 ], [ -90.966033510999978, 16.861539937000032 ], [ -90.966038779999963, 16.86153874200005 ], [ -90.96670341, 16.861419894000051 ], [ -90.967376839999986, 16.861299469000073 ], [ -90.967910607999954, 16.861204018000024 ], [ -90.968736839999963, 16.861056264000069 ], [ -90.969378096999947, 16.86109699800005 ], [ -90.970245136999949, 16.861152072000039 ], [ -90.970747072999984, 16.861183954000069 ], [ -90.970967690999942, 16.861213873000054 ], [ -90.971827516999952, 16.861477617000048 ], [ -90.972215263999942, 16.861717935000058 ], [ -90.972724771999935, 16.86210800200007 ], [ -90.973252387999935, 16.862663782000027 ], [ -90.973491051999986, 16.862923841000054 ], [ -90.973808624999947, 16.863334683000062 ], [ -90.974137073999941, 16.863825814000052 ], [ -90.974452507999956, 16.864437660000021 ], [ -90.974766165999938, 16.865216634000035 ], [ -90.97486724099997, 16.865802644000041 ], [ -90.974867364999966, 16.865940114000068 ], [ -90.97486782499999, 16.866463331000034 ], [ -90.974544754999954, 16.867715806000035 ], [ -90.974153225999942, 16.868747755000072 ], [ -90.973835766999969, 16.869425625000076 ], [ -90.973460425999974, 16.870141322000052 ], [ -90.972686729999964, 16.871310468000047 ], [ -90.972304616999963, 16.871725683000022 ], [ -90.97186349399999, 16.872119984000051 ], [ -90.971341095999946, 16.872546231000058 ], [ -90.970819389999974, 16.872962320000056 ], [ -90.969742574999941, 16.873627012000043 ], [ -90.969291857999963, 16.873875526000063 ], [ -90.968725236999944, 16.874103688000048 ], [ -90.967809460999945, 16.874460522000049 ], [ -90.966831765999984, 16.874794150000071 ], [ -90.965379154999937, 16.875280038000028 ], [ -90.96368700499994, 16.876062814000022 ], [ -90.962271870999984, 16.876825746000065 ], [ -90.96034756499995, 16.877762033000067 ], [ -90.959634230999939, 16.878092414000037 ], [ -90.95963373099994, 16.878092646000027 ], [ -90.958735091999984, 16.878669397000067 ], [ -90.958734535999952, 16.878669829000046 ], [ -90.958542168999941, 16.878819201000056 ], [ -90.958018986999946, 16.879368501000044 ], [ -90.957483188999959, 16.880000116000076 ], [ -90.957111309999959, 16.880549793000057 ], [ -90.95685169699999, 16.88096732300005 ], [ -90.956569888999979, 16.881485145000056 ], [ -90.956287655999972, 16.882096697000065 ], [ -90.955981127999962, 16.882785933000036 ], [ -90.955813714999977, 16.883246168000028 ], [ -90.955453615999943, 16.884552627000062 ], [ -90.955303260999983, 16.885661280000022 ], [ -90.95522836899994, 16.886461244000031 ], [ -90.95524194699999, 16.887324207000063 ], [ -90.955255513999987, 16.887970333000055 ], [ -90.955317537999974, 16.888637269000071 ], [ -90.955511978999937, 16.889861174000032 ], [ -90.955820890999973, 16.891130264000026 ], [ -90.956245448999937, 16.892444553000075 ], [ -90.956762694999952, 16.893649091000043 ], [ -90.957509578999975, 16.894989181000028 ], [ -90.95882796699999, 16.89680026700006 ], [ -90.959647420999943, 16.897830503000023 ], [ -90.960093219999976, 16.898264104000077 ], [ -90.960675353999989, 16.898728423000023 ], [ -90.961233788999948, 16.899160884000025 ], [ -90.961774266999953, 16.899517499000069 ], [ -90.962581503999957, 16.900049556000056 ], [ -90.963003975999982, 16.900307869000073 ], [ -90.963758709999979, 16.900759218000076 ], [ -90.964318058999936, 16.901052768000056 ], [ -90.96489102299995, 16.901335160000031 ], [ -90.965406396999981, 16.901572934000058 ], [ -90.965902170999982, 16.90177888900007 ], [ -90.966736158999936, 16.90200627300004 ], [ -90.967561796999973, 16.90219178500007 ], [ -90.96842275099999, 16.902366352000058 ], [ -90.969032055999946, 16.902487594000036 ], [ -90.969766020999941, 16.902634920000025 ], [ -90.97031709, 16.90271718300005 ], [ -90.971408244999964, 16.90286691600005 ], [ -90.972441665999952, 16.902876030000073 ], [ -90.974400866999986, 16.902702314000067 ], [ -90.975512945999981, 16.90259586600007 ], [ -90.976174088999983, 16.902532386000075 ], [ -90.97680728499995, 16.902449428000068 ], [ -90.977832836999937, 16.902316137000071 ], [ -90.97873077, 16.902214330000049 ], [ -90.979733343999953, 16.902035627000032 ], [ -90.980735187999983, 16.901759786000071 ], [ -90.981280316999971, 16.901518964000047 ], [ -90.98188136899995, 16.901259490000029 ], [ -90.982598436999979, 16.900900646000025 ], [ -90.982954457999938, 16.900680411000053 ], [ -90.98407096699998, 16.899408497000024 ], [ -90.984589827999969, 16.898579085000051 ], [ -90.98497533599999, 16.897792322000043 ], [ -90.98535519699999, 16.896819156000049 ], [ -90.985738241999968, 16.89549026800006 ], [ -90.985882189999984, 16.894969915000047 ], [ -90.986063424999941, 16.894141610000077 ], [ -90.98617797899999, 16.89318503100003 ], [ -90.986171715999944, 16.892614637000065 ], [ -90.986160719999987, 16.891495321000036 ], [ -90.986145134999958, 16.890753170000039 ], [ -90.98612398099999, 16.890538912000068 ], [ -90.986123969999937, 16.890538806000052 ], [ -90.985405961999959, 16.887772269000038 ], [ -90.982066768999971, 16.880570143000057 ], [ -90.981797147999941, 16.879947464000054 ], [ -90.98140462899994, 16.87902428700005 ], [ -90.981147569999962, 16.878323804000047 ], [ -90.980966872999943, 16.877777667000032 ], [ -90.980572345999974, 16.87588547200005 ], [ -90.980435899999975, 16.874928682000075 ], [ -90.980458226999986, 16.873931668000068 ], [ -90.980498179999984, 16.873428363000073 ], [ -90.980695729999979, 16.872167674000025 ], [ -90.98078579099996, 16.87159211200003 ], [ -90.980929160999949, 16.870731155000044 ], [ -90.981061175999969, 16.870180164000033 ], [ -90.981061713999964, 16.870177940000076 ], [ -90.981381303999967, 16.869187242000066 ], [ -90.98173611499999, 16.868413729000054 ], [ -90.982216218999952, 16.867604179000068 ], [ -90.982538535999936, 16.867109047000042 ], [ -90.983535752999956, 16.865723204000062 ], [ -90.984504096999956, 16.864497062000055 ], [ -90.984526645999949, 16.864470309000069 ], [ -90.98514064799997, 16.864027982000039 ], [ -90.985798448999958, 16.863824382000075 ], [ -90.986103639999953, 16.863762852000036 ], [ -90.986977924999962, 16.863639915000022 ], [ -90.98840968199994, 16.863631732000044 ], [ -90.988612978999981, 16.863639692000049 ], [ -90.989399126999956, 16.863720811000064 ], [ -90.990292182999951, 16.864062734000072 ], [ -90.990745178999987, 16.864814821000039 ], [ -90.99114567099997, 16.86620675000006 ], [ -90.991478503999986, 16.867453455000032 ], [ -90.991716923999945, 16.868921721000049 ], [ -90.991934704999949, 16.870123254000077 ], [ -90.99201385899994, 16.871346014000039 ], [ -90.992072776999976, 16.871875140000043 ], [ -90.992164679999973, 16.872391037000057 ], [ -90.992369529999962, 16.873207325000067 ], [ -90.992566016999945, 16.873705045000065 ], [ -90.99281664099999, 16.874407715000075 ], [ -90.993105871999944, 16.874953779000066 ], [ -90.993493051999963, 16.875721030000022 ], [ -90.993798820999984, 16.876145281000049 ], [ -90.994263469999964, 16.876741624000033 ], [ -90.995930683999973, 16.878313093000031 ], [ -90.997942638999973, 16.880232381000042 ], [ -90.998444051999968, 16.880625786000053 ], [ -90.999084466999989, 16.881019421000076 ], [ -90.999644299999943, 16.88137951300007 ], [ -91.000185578999947, 16.881663757000069 ], [ -91.005989426999975, 16.884696263000023 ], [ -91.006930317999945, 16.885243008000032 ], [ -91.008581882999977, 16.886031573000025 ], [ -91.009116490999986, 16.886227638000037 ], [ -91.009781559999965, 16.886455462000072 ], [ -91.010457831999986, 16.886677745000043 ], [ -91.011191578999956, 16.886900584000045 ], [ -91.01182356299995, 16.887039989000073 ], [ -91.014495057999966, 16.887443125000061 ], [ -91.015887875999965, 16.887628292000045 ], [ -91.017208981999943, 16.887828568000032 ], [ -91.018413274999943, 16.888150807000045 ], [ -91.020063475999962, 16.88874049900005 ], [ -91.025402004999989, 16.890776395000046 ], [ -91.041124372999946, 16.895417930000065 ], [ -91.044967858999939, 16.896406764000062 ], [ -91.047582930999965, 16.897129697000025 ], [ -91.050902053999948, 16.898009516000059 ], [ -91.05251444299995, 16.898246229000051 ], [ -91.055877179999982, 16.898767233000058 ], [ -91.057165952999981, 16.899046014000078 ], [ -91.059144323999988, 16.899575280000022 ], [ -91.062270267999963, 16.900657516000024 ], [ -91.062774291999972, 16.900872359000061 ], [ -91.063255545999937, 16.901076819000025 ], [ -91.063786387999983, 16.901307726000027 ], [ -91.064411547999953, 16.901608417000034 ], [ -91.065063896999959, 16.901946636000048 ], [ -91.065498426999966, 16.902189050000061 ], [ -91.066013510999937, 16.902470626000024 ], [ -91.066447481999944, 16.902768375000051 ], [ -91.067097579999938, 16.903327931000035 ], [ -91.06749621099999, 16.903697627000042 ], [ -91.067910348999987, 16.904100222000068 ], [ -91.069075632999954, 16.905221441000037 ], [ -91.070126058999961, 16.906274935000056 ], [ -91.073471707999943, 16.909999669000058 ], [ -91.073922788999937, 16.910867924000058 ], [ -91.07409740899999, 16.911810374000027 ], [ -91.074121995999974, 16.912796589000038 ], [ -91.074112776999982, 16.913530624000032 ], [ -91.073964604999958, 16.91417580500007 ], [ -91.073695938999947, 16.914844320000043 ], [ -91.07272674799998, 16.915937911000071 ], [ -91.071779169999957, 16.916486683000073 ], [ -91.066771331999973, 16.919499208000047 ], [ -91.064906669999971, 16.920653955000034 ], [ -91.064233836999961, 16.921307107000075 ], [ -91.064008471999955, 16.921947608000039 ], [ -91.063959442999987, 16.922784040000067 ], [ -91.064042244999939, 16.923567444000071 ], [ -91.064153695999948, 16.924097127000039 ], [ -91.064473201999988, 16.924864765000052 ], [ -91.06482385299995, 16.925455380000074 ], [ -91.065310769999897, 16.925972745000024 ], [ -91.067049389999966, 16.927432588000045 ], [ -91.068333295999935, 16.92826694200005 ], [ -91.069433432999972, 16.928943691000029 ], [ -91.07006417599996, 16.929396899000039 ], [ -91.070737017999988, 16.929979254000045 ], [ -91.071353950999935, 16.930694352000046 ], [ -91.071803403999979, 16.931494833000045 ], [ -91.07203304899997, 16.931988296000043 ], [ -91.072525320999944, 16.933481512000071 ], [ -91.07339876399999, 16.935561040000039 ], [ -91.074498717999973, 16.936991732000024 ], [ -91.07513527499998, 16.937769672000059 ], [ -91.078694183999971, 16.941756148000024 ], [ -91.079538973999945, 16.942630361000056 ], [ -91.081688928999938, 16.944516371000077 ], [ -91.082388580999975, 16.945067324000036 ], [ -91.082869186999972, 16.945348546000048 ], [ -91.083463522999978, 16.945697471000074 ], [ -91.083935541999949, 16.945958279000024 ], [ -91.08632333099996, 16.947136076000049 ], [ -91.087356123999939, 16.947701430000052 ], [ -91.088618598999972, 16.948357025000064 ], [ -91.090316869999981, 16.949260648000063 ], [ -91.09160179099996, 16.949961614000074 ], [ -91.092276113999958, 16.950353052000025 ], [ -91.092839843999968, 16.950772820000054 ], [ -91.093235600999947, 16.951092756000037 ], [ -91.093668323999964, 16.951529368000024 ], [ -91.094074549999959, 16.951917168000023 ], [ -91.094523423999988, 16.952323436000029 ], [ -91.095285130999969, 16.953127921000032 ], [ -91.095627152999953, 16.953541093000069 ], [ -91.096001841999964, 16.954031373000078 ], [ -91.096350855999958, 16.954799253000033 ], [ -91.096518774999936, 16.955254849000028 ], [ -91.096688886999971, 16.955783879000023 ], [ -91.097269418999986, 16.957743201000028 ], [ -91.097915249999971, 16.960036314000035 ], [ -91.098165948999963, 16.960779557000023 ], [ -91.098558104999938, 16.961868594000066 ], [ -91.098836594999966, 16.962533033000057 ], [ -91.099086473999989, 16.963124924000056 ], [ -91.09934479399999, 16.963753034000035 ], [ -91.099615820999986, 16.964226531000065 ], [ -91.100194089999945, 16.965073343000029 ], [ -91.10055805199994, 16.965525117000027 ], [ -91.101104164999981, 16.966127669000059 ], [ -91.101913024999988, 16.966977753000037 ], [ -91.102835819999939, 16.967877459000022 ], [ -91.103301786999964, 16.968281613000045 ], [ -91.103862749999962, 16.968751024000028 ], [ -91.10435354599997, 16.969137335000028 ], [ -91.10531281699997, 16.969854404000046 ], [ -91.106370778999974, 16.970619821000071 ], [ -91.107027049999942, 16.971066393000058 ], [ -91.10818274799999, 16.97174235600005 ], [ -91.109246312999971, 16.972360985000023 ], [ -91.110248117999959, 16.972877389000075 ], [ -91.110849690999942, 16.973161933000029 ], [ -91.111422718999961, 16.973367153000027 ], [ -91.112064311999973, 16.973582041000043 ], [ -91.112961518999953, 16.97387948100004 ], [ -91.114273495999953, 16.974247393000041 ], [ -91.115402202999974, 16.974457741000037 ], [ -91.116416433999973, 16.974555211000052 ], [ -91.116923761999942, 16.974582486000031 ], [ -91.117523150999943, 16.974676117000058 ], [ -91.118281894999939, 16.974972259000026 ], [ -91.11894031099996, 16.975384933000043 ], [ -91.119405302999951, 16.975715631000071 ], [ -91.11981971199998, 16.976058286000068 ], [ -91.120196747999955, 16.976382523000041 ], [ -91.120595080999976, 16.976748747000045 ], [ -91.121210142999985, 16.977508880000073 ], [ -91.121755667999935, 16.978357598000059 ], [ -91.122509043999969, 16.979903966000052 ], [ -91.122772180999959, 16.980588572000045 ], [ -91.122875809999982, 16.981202812000049 ], [ -91.122964884999988, 16.982100408000065 ], [ -91.122994895999966, 16.983744019000028 ], [ -91.122935944999938, 16.985009575000049 ], [ -91.122857206999981, 16.98596322700007 ], [ -91.122730857999954, 16.986629561000029 ], [ -91.12245364599994, 16.987771129000066 ], [ -91.122201952999944, 16.988766101000067 ], [ -91.121894447999978, 16.989648746000057 ], [ -91.121358964999956, 16.991383143000064 ], [ -91.120919945999958, 16.992741193000029 ], [ -91.120809347999966, 16.993415576000075 ], [ -91.120682083999952, 16.994643230000065 ], [ -91.120653129999937, 16.995251729000074 ], [ -91.120652020999955, 16.996481677000077 ], [ -91.120701470999961, 16.997290808000059 ], [ -91.120841298999949, 16.998276968000027 ], [ -91.121185726999954, 16.999816180000039 ], [ -91.121608804999937, 17.00159104100004 ], [ -91.122359322999955, 17.001958255000034 ], [ -91.122988132999978, 17.002406794000024 ], [ -91.123380302999976, 17.002749240000071 ], [ -91.124250921999987, 17.003669851000041 ], [ -91.125608126999964, 17.004529432000027 ], [ -91.128003138999986, 17.005731737000076 ], [ -91.129850886999975, 17.006193722000035 ], [ -91.13205809499999, 17.006533249000029 ], [ -91.138774202999969, 17.007018034000055 ], [ -91.140700357999947, 17.006895121000071 ], [ -91.143370126999969, 17.006139045000054 ], [ -91.144382938999968, 17.005628400000035 ], [ -91.146396132999939, 17.004981805000057 ], [ -91.146599650999974, 17.004921565000075 ], [ -91.148527635999983, 17.004271606000032 ], [ -91.149990615999968, 17.003816187000041 ], [ -91.152166358999978, 17.003814491000071 ], [ -91.155997720999949, 17.004962876000036 ], [ -91.159407008999949, 17.006664200000046 ], [ -91.16258426, 17.008452603000023 ], [ -91.166313032999938, 17.010690941000064 ], [ -91.172948732999942, 17.013935716000049 ], [ -91.175802766999936, 17.01560921500004 ], [ -91.17775777199995, 17.016962892000038 ], [ -91.179363181999975, 17.018537060000028 ], [ -91.180207239999959, 17.019814134000057 ], [ -91.18225616899997, 17.02336316800006 ], [ -91.188703718999989, 17.031839768000054 ], [ -91.191449096999975, 17.035271825000052 ], [ -91.19435957799999, 17.03839358700003 ], [ -91.19622140499996, 17.039768876000039 ], [ -91.198688294999954, 17.040860373000044 ], [ -91.205051713999978, 17.046173276000047 ], [ -91.206563157999938, 17.047923763000028 ], [ -91.208711668999968, 17.050838704000057 ], [ -91.209352114999945, 17.051646284000071 ], [ -91.209635774999981, 17.051840850000076 ], [ -91.210042717999954, 17.052119976000029 ], [ -91.211422088999939, 17.052459612000064 ], [ -91.212977495999951, 17.052746708000029 ], [ -91.213776550999967, 17.05305568700004 ], [ -91.214038583999979, 17.053157010000064 ], [ -91.214566796999975, 17.053607800000066 ], [ -91.21481608, 17.054188286000056 ], [ -91.214924956999937, 17.05490194600003 ], [ -91.214919665999957, 17.055458734000069 ], [ -91.214754279999966, 17.05821998700003 ], [ -91.214736500999948, 17.06009025000003 ], [ -91.214765935999935, 17.061872828000048 ], [ -91.21482584599994, 17.062920382000073 ], [ -91.215233360999946, 17.063903224000057 ], [ -91.216335429999958, 17.067299095000067 ], [ -91.21690287199999, 17.070979411000053 ], [ -91.218029392999938, 17.076690925000037 ], [ -91.218288695999945, 17.078631391000044 ], [ -91.21843555199996, 17.07916392900006 ], [ -91.218938588999947, 17.080931075000024 ], [ -91.220195879999949, 17.083410364000031 ], [ -91.22189349599995, 17.086793040000032 ], [ -91.224687374999974, 17.092140549000078 ], [ -91.225497294999968, 17.093405453000059 ], [ -91.225764794999975, 17.093755208000061 ], [ -91.226587579999944, 17.094672833000061 ], [ -91.231436008999935, 17.099460730000033 ], [ -91.232429283999977, 17.100285069000051 ], [ -91.233777815999986, 17.101197368000044 ], [ -91.235047895999969, 17.101586817000054 ], [ -91.23628592099999, 17.101672854000071 ], [ -91.237417842999946, 17.101610617000063 ], [ -91.239203952999958, 17.101395005000029 ], [ -91.240912635999962, 17.101103591000026 ], [ -91.24228031399997, 17.100982184000031 ], [ -91.243577036999966, 17.101037484000074 ], [ -91.245356250999976, 17.101431284000057 ], [ -91.25538460599995, 17.101517912000077 ], [ -91.257602983999959, 17.102116440000032 ], [ -91.260769403999973, 17.103274646000045 ], [ -91.261157349999962, 17.103416545000073 ], [ -91.264129836999984, 17.10509111500005 ], [ -91.264433557999951, 17.105353057000059 ], [ -91.265665856999988, 17.106415838000032 ], [ -91.266595827999936, 17.107217866000042 ], [ -91.267025466999939, 17.107588394000061 ], [ -91.268583340999953, 17.109449586000039 ], [ -91.269519526999943, 17.111613009000052 ], [ -91.26952999699995, 17.111628748000044 ], [ -91.269532906999984, 17.111643927000046 ], [ -91.269966806999946, 17.112646609000024 ], [ -91.271390976999953, 17.119007710000062 ], [ -91.272461827999962, 17.125921505000065 ], [ -91.27265986399999, 17.129598596000051 ], [ -91.272838318999959, 17.132851956000025 ], [ -91.273021097999958, 17.13563774000005 ], [ -91.273479418999955, 17.13867097800005 ], [ -91.27348686299996, 17.140408214000047 ], [ -91.273358632999987, 17.141699268000025 ], [ -91.273119808999979, 17.142499173000033 ], [ -91.272404592999976, 17.144697845000053 ], [ -91.270401790999983, 17.148289464000072 ], [ -91.268881109999938, 17.149924380000073 ], [ -91.26636916199999, 17.153422354000043 ], [ -91.26481931, 17.15565900100006 ], [ -91.263752967999949, 17.160728045000042 ], [ -91.263640055999986, 17.162887797000053 ], [ -91.26383180199997, 17.164693248000049 ], [ -91.264099496999961, 17.165786641000068 ], [ -91.26455323, 17.166837584000064 ], [ -91.265327704999947, 17.168269661000068 ], [ -91.266198100999986, 17.169369363000044 ], [ -91.267809645999989, 17.170496881000076 ], [ -91.269702790999986, 17.171225832000061 ], [ -91.271709402999988, 17.172200839000027 ], [ -91.272285519999969, 17.172540104000063 ], [ -91.27279129599998, 17.172989455000049 ], [ -91.273363504999963, 17.173751114000027 ], [ -91.274483983999971, 17.175387177000061 ], [ -91.27597375199997, 17.177115620000052 ], [ -91.277697046999947, 17.178689046000045 ], [ -91.278745220999951, 17.179445723000072 ], [ -91.279411849999974, 17.179721359000041 ], [ -91.279439556999989, 17.179725 ], [ -91.280884731999947, 17.179785872000025 ], [ -91.283258567999951, 17.178669807000063 ], [ -91.285060083999952, 17.178117032000046 ], [ -91.285091501999943, 17.178121149000049 ], [ -91.285140837999961, 17.178106381000077 ], [ -91.28694827299995, 17.178077686000051 ], [ -91.28868332899998, 17.178381564000063 ], [ -91.290741441999955, 17.178822576000073 ], [ -91.29525597099996, 17.179261748000044 ], [ -91.298103518999937, 17.179597536000074 ], [ -91.299862135999945, 17.179834878000065 ], [ -91.30205852499995, 17.180387634000056 ], [ -91.303982919999953, 17.180293131000042 ], [ -91.306482165999967, 17.179917356000033 ], [ -91.306730405999986, 17.179848105000076 ], [ -91.306985485999974, 17.179815985000062 ], [ -91.307974428999955, 17.179591334000065 ], [ -91.308963191999965, 17.179566950000037 ], [ -91.310001109999973, 17.179436250000037 ], [ -91.311197231999984, 17.179693429000054 ], [ -91.312259410999957, 17.179827153000076 ], [ -91.31447714799998, 17.180558420000068 ], [ -91.315607503999956, 17.181147304000035 ], [ -91.317246411999974, 17.181829656000048 ], [ -91.319462790999978, 17.182716734000053 ], [ -91.321870857999954, 17.182936708000057 ], [ -91.324397268999974, 17.182868480000025 ], [ -91.326441390999946, 17.182441533000031 ], [ -91.32893041799997, 17.181258110000044 ], [ -91.330121812999948, 17.180220906000045 ], [ -91.331974333999938, 17.177719650000029 ], [ -91.333889871999986, 17.172758542000054 ], [ -91.335559388999968, 17.167794612000023 ], [ -91.336419595999985, 17.16519373400007 ], [ -91.336594243999969, 17.163791167000056 ], [ -91.337240096999949, 17.161525003000065 ], [ -91.337943751999944, 17.160550363000027 ], [ -91.33914249299994, 17.159446589000027 ], [ -91.339709994999964, 17.158924035000041 ], [ -91.339789407999945, 17.158850916000063 ], [ -91.340466362999962, 17.158299622000072 ], [ -91.341163654999946, 17.158037651000029 ], [ -91.342068281999957, 17.157911794000029 ], [ -91.343921183999953, 17.157971049000025 ], [ -91.347021535999943, 17.158464074000051 ], [ -91.349634533999961, 17.159064895000029 ], [ -91.350719479999952, 17.159541388000036 ], [ -91.35152342799995, 17.160305870000059 ], [ -91.352026630999944, 17.161066769000058 ], [ -91.352160546999983, 17.161668775000066 ], [ -91.352152677999982, 17.162559914000042 ], [ -91.352026131999935, 17.163717786000063 ], [ -91.351356544999987, 17.166095641000027 ], [ -91.35078507899999, 17.167872253000041 ], [ -91.350420558999986, 17.169763505000049 ], [ -91.349994605999939, 17.170761921000064 ], [ -91.348928600999955, 17.17338163200003 ], [ -91.348710389999951, 17.174470977000055 ], [ -91.348538575999953, 17.17556182900006 ], [ -91.348734314999945, 17.177010365000058 ], [ -91.349027209999974, 17.177970606000031 ], [ -91.349733080999954, 17.179335210000033 ], [ -91.350967477999973, 17.181260993000024 ], [ -91.352267868999945, 17.183566835000022 ], [ -91.353405357999975, 17.185959443000058 ], [ -91.354681726999956, 17.188397234000035 ], [ -91.356402106999951, 17.190393598000071 ], [ -91.358543201999964, 17.191992392000031 ], [ -91.360481435999986, 17.19294455000005 ], [ -91.363738910999984, 17.19408474100004 ], [ -91.365217547999976, 17.194586958000059 ], [ -91.366507214999956, 17.19553267200007 ], [ -91.367475301999946, 17.196164020000026 ], [ -91.370971705999978, 17.199155096000027 ], [ -91.373155362999967, 17.201221727000075 ], [ -91.37434955399999, 17.202411736000045 ], [ -91.376746535999985, 17.203945778000048 ], [ -91.377876875999959, 17.204578388000073 ], [ -91.379263384999945, 17.20501312500005 ], [ -91.380814789999988, 17.205204068000057 ], [ -91.381803617999935, 17.205283910000048 ], [ -91.382181461999949, 17.205301535000046 ], [ -91.384336920999942, 17.205276394000066 ], [ -91.385726157999954, 17.205399356000044 ], [ -91.387623299999973, 17.205770355000027 ], [ -91.389707084999941, 17.206032132000075 ], [ -91.390852369999948, 17.205984663000038 ], [ -91.396630734999974, 17.205294986000069 ], [ -91.400009446999945, 17.204644661000032 ], [ -91.401887327999987, 17.204525147000027 ], [ -91.407172571999979, 17.204433709000057 ], [ -91.413904852999963, 17.205823089000035 ], [ -91.421687861999942, 17.209092171000066 ], [ -91.42461605699998, 17.210897547000059 ], [ -91.428707563999978, 17.21489428700005 ], [ -91.430430704999935, 17.216690182000036 ], [ -91.431433335999941, 17.218701847000034 ], [ -91.432387130999984, 17.221071202000076 ], [ -91.433160516999976, 17.222814498000048 ], [ -91.433659897999974, 17.224088020000067 ], [ -91.434061371999974, 17.225961707000067 ], [ -91.434055547999947, 17.226652958000045 ], [ -91.434208923999961, 17.227701262000039 ], [ -91.434388033999937, 17.22841541300005 ], [ -91.434775418999948, 17.229241881000064 ], [ -91.435324781999952, 17.230026685000041 ], [ -91.437179347999972, 17.232780302000037 ], [ -91.438183616999936, 17.23461461200003 ], [ -91.438566153999943, 17.236021635000043 ], [ -91.43914702099994, 17.238586878000035 ], [ -91.439574125999968, 17.240216770000075 ], [ -91.442344015999936, 17.24709924800004 ], [ -91.443274966999979, 17.249489851000078 ], [ -91.443758615999968, 17.250907261000066 ], [ -91.439070895999976, 17.250898875000075 ], [ -91.346064408999951, 17.251149069000064 ] ] ] ] } },
{ "type": "Feature", "properties": { "Codigo": 1204, "datos_finales_color_riesgo": "152640" }, "geometry": { "type": "MultiPolygon", "coordinates": [ [ [ [ -91.679881861999945, 15.140596222000056 ], [ -91.680819016999976, 15.139437921000024 ], [ -91.681725226999959, 15.13933135700006 ], [ -91.682721772999969, 15.139006118000054 ], [ -91.685317514999952, 15.139372638000054 ], [ -91.686090847999935, 15.136668812000039 ], [ -91.688281898999946, 15.133992429000045 ], [ -91.687987848999967, 15.132726383000033 ], [ -91.68681587399999, 15.131985149000059 ], [ -91.687126828999965, 15.128993896000054 ], [ -91.689894651999964, 15.125755896000044 ], [ -91.692055400999948, 15.124200132000055 ], [ -91.692974553999989, 15.122065446000022 ], [ -91.693422355999985, 15.118171056000051 ], [ -91.694113912999967, 15.117299391000074 ], [ -91.698133752999979, 15.117644588000076 ], [ -91.700057, 15.115626374000044 ], [ -91.700859848999983, 15.112706833000061 ], [ -91.702976476999936, 15.109859228000062 ], [ -91.702745683999979, 15.106401567000034 ], [ -91.703201427999943, 15.102501537000023 ], [ -91.702412425999967, 15.102102682000066 ], [ -91.700975819999897, 15.100430111000037 ], [ -91.700292228999956, 15.09876411700003 ], [ -91.700473347999946, 15.095946081000022 ], [ -91.701595678999979, 15.09421248600006 ], [ -91.702670600999966, 15.091376968000077 ], [ -91.70270438099999, 15.086768330000041 ], [ -91.702112536999948, 15.084838473000048 ], [ -91.701743350999948, 15.07793384200005 ], [ -91.702200805999951, 15.07594333000003 ], [ -91.702976823999961, 15.074823526000046 ], [ -91.703819345999989, 15.07107370500006 ], [ -91.703374973999985, 15.067453241000067 ], [ -91.702241263999952, 15.066008402000023 ], [ -91.701844326999947, 15.06454291600005 ], [ -91.701490542999977, 15.060083456000029 ], [ -91.700437301999955, 15.058032317000027 ], [ -91.698720383999955, 15.056325378000054 ], [ -91.697536465999974, 15.054354831000069 ], [ -91.69696731199997, 15.048328099000059 ], [ -91.69802692799999, 15.04654103300004 ], [ -91.699333304999982, 15.045568901000024 ], [ -91.700586028999965, 15.042223671000045 ], [ -91.70181003, 15.040447695000069 ], [ -91.707180296999979, 15.035158755000054 ], [ -91.712563752999984, 15.040999272000022 ], [ -91.712755638999965, 15.041960776000053 ], [ -91.714906185999951, 15.045813489000068 ], [ -91.716076571999963, 15.048317193000059 ], [ -91.71937933199996, 15.052005768000072 ], [ -91.720300356999985, 15.052469705000021 ], [ -91.722364329999948, 15.054304994000063 ], [ -91.725267532999965, 15.055705452000041 ], [ -91.728999389999956, 15.056199813000035 ], [ -91.736427907999939, 15.053703519000067 ], [ -91.740262970999936, 15.053554219000034 ], [ -91.748818032999964, 15.052046778000033 ], [ -91.750768384999958, 15.052074469000047 ], [ -91.752471214999957, 15.05267703800007 ], [ -91.755192896999972, 15.052433230000076 ], [ -91.758286813999973, 15.053065981000032 ], [ -91.763033611999958, 15.053095287000076 ], [ -91.76689711099999, 15.052349094000022 ], [ -91.770008135999944, 15.050919671000031 ], [ -91.771168435999982, 15.050232183000048 ], [ -91.772270652999964, 15.049127432000034 ], [ -91.774771708999936, 15.047296908000021 ], [ -91.780430199999955, 15.041360229000077 ], [ -91.786262688999955, 15.039960979000057 ], [ -91.790786729999979, 15.039861943000062 ], [ -91.791587000999982, 15.043930561000025 ], [ -91.792451623999966, 15.045145317000049 ], [ -91.792465108999977, 15.045951029000037 ], [ -91.79295547299995, 15.046625945000073 ], [ -91.79361967599999, 15.048436232000029 ], [ -91.795114690999981, 15.049623819000033 ], [ -91.797512357999949, 15.050544997000031 ], [ -91.801515575999986, 15.050991020000026 ], [ -91.803203007999969, 15.051673362000031 ], [ -91.80448178499995, 15.052659754000047 ], [ -91.804662759999985, 15.053673128000071 ], [ -91.805450319999977, 15.054443368000022 ], [ -91.805639380999935, 15.057344904000047 ], [ -91.806033749999983, 15.057730029000027 ], [ -91.806008647999988, 15.062338897000075 ], [ -91.80666781299999, 15.065602223000042 ], [ -91.808279227999947, 15.067116898000052 ], [ -91.810327495999957, 15.067553638000049 ], [ -91.811921469999959, 15.068446731000051 ], [ -91.813097421999942, 15.070176042000071 ], [ -91.812970574999952, 15.072080449000055 ], [ -91.813298630999952, 15.072582727000054 ], [ -91.813026940999976, 15.073869431000048 ], [ -91.813340881999977, 15.076498174000051 ], [ -91.813045430999978, 15.078712430000053 ], [ -91.81247071699994, 15.078963653000073 ], [ -91.81146709099994, 15.079491721000068 ], [ -91.810243937999985, 15.079971175000026 ], [ -91.809205186999975, 15.080226733000075 ], [ -91.808431213999938, 15.080026056000065 ], [ -91.807754057999944, 15.079981819000068 ], [ -91.807156210999949, 15.079896187000031 ], [ -91.80633936199996, 15.079773244000023 ], [ -91.805681910999965, 15.079532493000045 ], [ -91.805121359999987, 15.079328410000073 ], [ -91.804378304999943, 15.079110934000028 ], [ -91.803534469999988, 15.079343767000069 ], [ -91.803270753999982, 15.079815817000053 ], [ -91.803016782999975, 15.08031277300006 ], [ -91.802476534999983, 15.080844378000052 ], [ -91.801827448999973, 15.081290659000047 ], [ -91.801008750999983, 15.081393670000068 ], [ -91.800484017999963, 15.081438352000077 ], [ -91.799183017999951, 15.081485698000051 ], [ -91.798518262999949, 15.081510421000075 ], [ -91.797700215999953, 15.081600997000066 ], [ -91.797344044999988, 15.081967465000048 ], [ -91.796890239999982, 15.082427196000026 ], [ -91.796009690999938, 15.082671103000052 ], [ -91.795569093999973, 15.082953503000056 ], [ -91.79504110299996, 15.083472722000067 ], [ -91.794270952999966, 15.083729640000058 ], [ -91.793818029999954, 15.083928354000022 ], [ -91.793255071999965, 15.084151342000041 ], [ -91.792897867999955, 15.084801409000022 ], [ -91.792721165999978, 15.085819659000038 ], [ -91.792535122999936, 15.086329395000064 ], [ -91.791848559999949, 15.086918945000036 ], [ -91.790991940999959, 15.087245444000075 ], [ -91.790490470999941, 15.087492482000073 ], [ -91.787847136999972, 15.088711098000033 ], [ -91.78712488299999, 15.089028132000067 ], [ -91.785792964999985, 15.089494434000073 ], [ -91.783913264999967, 15.09159956600007 ], [ -91.783106307999958, 15.093513839000025 ], [ -91.783047538999938, 15.100668189000032 ], [ -91.78142296599998, 15.103695548000076 ], [ -91.780174853999938, 15.104743039000027 ], [ -91.776954126999954, 15.107426160000045 ], [ -91.77351011799999, 15.111912496000059 ], [ -91.772292556999957, 15.114710344000059 ], [ -91.771830479999949, 15.121334793000074 ], [ -91.772125071999938, 15.129663870000059 ], [ -91.770158176999985, 15.145477612000036 ], [ -91.769326991999947, 15.148401815000057 ], [ -91.769708787999946, 15.151782334000075 ], [ -91.771268322999958, 15.154682278000053 ], [ -91.773610079999969, 15.157004561000065 ], [ -91.777194673999986, 15.159167469000067 ], [ -91.778595186999951, 15.159194265000053 ], [ -91.780262683999979, 15.158511780000026 ], [ -91.782121564999954, 15.158231436000051 ], [ -91.784575514999972, 15.159881921000022 ], [ -91.787423599999954, 15.163214691000064 ], [ -91.789137871999969, 15.166169597000078 ], [ -91.789442554999937, 15.168235593000077 ], [ -91.789180315999943, 15.17087254300003 ], [ -91.78978970299994, 15.173878006000052 ], [ -91.791337017999979, 15.176546137000059 ], [ -91.793658156999982, 15.184013775000039 ], [ -91.794251319999944, 15.187330999000039 ], [ -91.795584338999959, 15.189548253000055 ], [ -91.795699595999963, 15.190664100000049 ], [ -91.795043482999972, 15.191156622000051 ], [ -91.79141109699998, 15.19113150000004 ], [ -91.782480625999938, 15.192423457000075 ], [ -91.780234634999943, 15.192084753000074 ], [ -91.779015056999981, 15.192524456000058 ], [ -91.777268833999983, 15.195210946000032 ], [ -91.775504653999974, 15.195657836000066 ], [ -91.766055090999942, 15.194832241000029 ], [ -91.76435162599995, 15.194240993000051 ], [ -91.760803042999953, 15.194407919000071 ], [ -91.756930055999987, 15.198907304000045 ], [ -91.75473521899994, 15.199764063000032 ], [ -91.751184756999976, 15.199938728000063 ], [ -91.749764314999936, 15.200782784000069 ], [ -91.747460474999968, 15.201076173000047 ], [ -91.744794531999958, 15.199933676000057 ], [ -91.742658609999978, 15.199675435000074 ], [ -91.740191429999982, 15.200436742000022 ], [ -91.737445413999978, 15.202298105000068 ], [ -91.737213202999953, 15.199867529000073 ], [ -91.737616815999957, 15.198130883000033 ], [ -91.740625786999942, 15.190279141000076 ], [ -91.742367489999936, 15.187931908000053 ], [ -91.743029607999972, 15.186245276000022 ], [ -91.743842985999947, 15.185735712000053 ], [ -91.745027408999988, 15.18317518300006 ], [ -91.745544878999965, 15.183024400000022 ], [ -91.746074652999937, 15.181379955000068 ], [ -91.748308160999954, 15.179460246000076 ], [ -91.75161547099998, 15.175760088000061 ], [ -91.753772940999966, 15.174785625000027 ], [ -91.753874802999974, 15.174278861000062 ], [ -91.757280153999943, 15.172782463000033 ], [ -91.758833550999952, 15.171645298000044 ], [ -91.758849193999936, 15.170460114000036 ], [ -91.757120003999944, 15.169231416000059 ], [ -91.753764917999945, 15.169208372000071 ], [ -91.75130386799998, 15.169983426000044 ], [ -91.748588441999971, 15.170192089000068 ], [ -91.745319628999937, 15.169940027000052 ], [ -91.743814945999986, 15.169223198000054 ], [ -91.739950293999982, 15.164491077000037 ], [ -91.736249225999984, 15.161625279000077 ], [ -91.735257700999966, 15.160022044000073 ], [ -91.734657961999972, 15.155920539000022 ], [ -91.732680052999967, 15.154111770000043 ], [ -91.728909344999977, 15.153116587000056 ], [ -91.72731509, 15.152039847000026 ], [ -91.723147540999946, 15.150598284000068 ], [ -91.721545279999987, 15.150379052000062 ], [ -91.719198060999986, 15.150817701000051 ], [ -91.716559814999982, 15.15032476600004 ], [ -91.715657978999957, 15.150856334000025 ], [ -91.715006138999968, 15.151405141000055 ], [ -91.714949941999976, 15.154644218000044 ], [ -91.714027064999982, 15.156151884000053 ], [ -91.711292613999944, 15.15588092400003 ], [ -91.707910734999984, 15.156483018000074 ], [ -91.703247293999937, 15.156252880000068 ], [ -91.700255123999966, 15.154660598000078 ], [ -91.697662410999953, 15.152622024000038 ], [ -91.694384219999961, 15.15178052300007 ], [ -91.692507658999943, 15.150298551000049 ], [ -91.686044110999944, 15.147452127000065 ], [ -91.683765877999974, 15.145008481000048 ], [ -91.679881861999945, 15.140596222000056 ] ] ] ] } },
{ "type": "Feature", "properties": { "Codigo": 1209, "datos_finales_color_riesgo": "152640" }, "geometry": { "type": "MultiPolygon", "coordinates": [ [ [ [ -91.870306122999978, 15.06795637700003 ], [ -91.871596751999959, 15.063684789000035 ], [ -91.872308679999946, 15.06297306700003 ], [ -91.876190992999966, 15.057518814000048 ], [ -91.878474229999938, 15.055514263000077 ], [ -91.879370347999952, 15.054481386000077 ], [ -91.882414687999983, 15.052343820000033 ], [ -91.882978038999966, 15.052348852000023 ], [ -91.885538380999947, 15.050251798000033 ], [ -91.890257905999988, 15.047490683000035 ], [ -91.890965937999965, 15.047509962000049 ], [ -91.89201686399997, 15.046765927000024 ], [ -91.898595401999955, 15.045719941000073 ], [ -91.900304631999973, 15.044707863000042 ], [ -91.90083160599994, 15.043866329000025 ], [ -91.900665042999947, 15.041427051000028 ], [ -91.900614343999962, 15.039521679000075 ], [ -91.900285563999944, 15.039127989000065 ], [ -91.900987819999955, 15.037886161000074 ], [ -91.901102114999958, 15.036229050000031 ], [ -91.901998783999943, 15.034710185000051 ], [ -91.903493444999981, 15.032207739000057 ], [ -91.909746451999979, 15.026138229000026 ], [ -91.91187929299997, 15.023054579000075 ], [ -91.913735046999989, 15.018539033000025 ], [ -91.914148707999971, 15.014903620000041 ], [ -91.914541304999943, 15.014515651000067 ], [ -91.914355357999966, 15.012429959000031 ], [ -91.915162411999972, 15.010659747000034 ], [ -91.915370756999948, 15.009113802000059 ], [ -91.916063294999958, 15.008262840000043 ], [ -91.916541959999961, 15.005787078000026 ], [ -91.91756573899994, 15.004141053000069 ], [ -91.919449865999979, 15.002710411000066 ], [ -91.922163916999978, 15.001648665000062 ], [ -91.925864740999941, 15.002254872000037 ], [ -91.929111927999941, 15.004666857000075 ], [ -91.931712661999939, 15.00804190100007 ], [ -91.936736565999979, 15.008077855000067 ], [ -91.94194158099998, 15.007103204000032 ], [ -91.947083214999964, 15.007549661000041 ], [ -91.950453892999974, 15.005927876000044 ], [ -91.951048663999984, 15.00554642000003 ], [ -91.951967655999965, 15.00519244700007 ], [ -91.955182064999974, 15.001981104000038 ], [ -91.956785159999981, 15.000316067000028 ], [ -91.959775737999962, 14.996722816000045 ], [ -91.96062776399998, 14.994457681000029 ], [ -91.960710096999946, 14.990407035000032 ], [ -91.96059468499999, 14.987223320000055 ], [ -91.961737314999937, 14.985552749000021 ], [ -91.963204231999953, 14.984731140000065 ], [ -91.96425525899997, 14.983972042000062 ], [ -91.964852340999983, 14.983213139000043 ], [ -91.966111198999954, 14.974750669000059 ], [ -91.966814775999978, 14.973714260000065 ], [ -91.967779241999949, 14.972933280000063 ], [ -91.96886366199999, 14.972468106000065 ], [ -91.970641545999968, 14.972225276000074 ], [ -91.972208377999948, 14.972363420000022 ], [ -91.973693481999987, 14.97306618600004 ], [ -91.974862204999965, 14.973937020000051 ], [ -91.975670629999968, 14.974921492000021 ], [ -91.97614350899994, 14.975947394000059 ], [ -91.976096799999937, 14.977215043000058 ], [ -91.975499956999954, 14.981602405000046 ], [ -91.975851943999942, 14.982752063000078 ], [ -91.976613244999953, 14.983263983000029 ], [ -91.977271805999976, 14.983625147000055 ], [ -91.977833005999969, 14.98392711300005 ], [ -91.978578322999965, 14.984011816000077 ], [ -91.980364991999977, 14.983896643000037 ], [ -91.982421708999937, 14.983459485000026 ], [ -91.984782119999977, 14.982219099000076 ], [ -91.986665537999954, 14.980932495000047 ], [ -91.987912027999982, 14.980611464000049 ], [ -91.990244624999946, 14.98107606700006 ], [ -91.992488393999963, 14.98201937500005 ], [ -91.993523059999973, 14.98262397700006 ], [ -91.994031177999943, 14.983469203000027 ], [ -91.994213205999984, 14.984318638000047 ], [ -91.992912045999958, 14.989490567000075 ], [ -91.992093599999976, 14.991735650000066 ], [ -91.991366182999968, 14.993281663000062 ], [ -91.990345461999937, 14.996757545000037 ], [ -91.989031651999937, 15.001984750000076 ], [ -91.988336064999942, 15.003671009000072 ], [ -91.987078839999981, 15.009451015000025 ], [ -91.987072793999971, 15.012708774000032 ], [ -91.987887650999937, 15.017305843000031 ], [ -91.989514241999984, 15.018778681000072 ], [ -91.990201034999984, 15.019839410000031 ], [ -91.990618160999986, 15.022123860000022 ], [ -91.988977051999939, 15.025951783000039 ], [ -91.988973571999963, 15.028667150000047 ], [ -91.989775813999984, 15.029289956000071 ], [ -91.991379222999967, 15.029036047000034 ], [ -91.996010622999961, 15.023993020000034 ], [ -91.999066403999961, 15.022567999000046 ], [ -92.000378221999938, 15.022374888000058 ], [ -92.006440495999982, 15.022610505000046 ], [ -92.017195440999956, 15.021689953000077 ], [ -92.021760301999961, 15.020628215000045 ], [ -92.025080441999989, 15.018166620000045 ], [ -92.027868136999984, 15.014264196000056 ], [ -92.029181861999973, 15.010672980000038 ], [ -92.031085216999941, 15.001868128000069 ], [ -92.032917706999967, 14.998703971000054 ], [ -92.03432270899998, 14.996231813000065 ], [ -92.040077789999941, 14.990520176000075 ], [ -92.041363949999948, 14.989382015000047 ], [ -92.043273343999942, 14.990566387000058 ], [ -92.053638799999987, 14.992450477000034 ], [ -92.061688938999964, 14.994541543000025 ], [ -92.062662394999961, 14.994848396000066 ], [ -92.06370635799999, 14.995250458000044 ], [ -92.064585576999946, 14.995574995000027 ], [ -92.066028126999981, 14.995883760000027 ], [ -92.067334698999957, 14.996049579000044 ], [ -92.068125260999977, 14.995909299000061 ], [ -92.069320654999956, 14.99543957700007 ], [ -92.069867512999963, 14.995198855000069 ], [ -92.070578246999958, 14.995102315000054 ], [ -92.071612782999978, 14.995133653000039 ], [ -92.072310723999976, 14.995308261000048 ], [ -92.07276968299999, 14.995635578000076 ], [ -92.073131580999984, 14.996095840000066 ], [ -92.073424723999949, 14.996594243000061 ], [ -92.073621677999938, 14.997157796000067 ], [ -92.073640801999943, 14.997981664000065 ], [ -92.073574218999966, 14.998865071000068 ], [ -92.073321130999943, 14.999592909000057 ], [ -92.073119047999967, 15.000354853000033 ], [ -92.072831209999947, 15.001187638000033 ], [ -92.072605882999937, 15.00208169900003 ], [ -92.07178216799997, 15.004511286000024 ], [ -92.07141504399999, 15.006740454000067 ], [ -92.07125139499999, 15.007483342000057 ], [ -92.070816071999957, 15.008272583000064 ], [ -92.069476839999936, 15.009993786000052 ], [ -92.068808589999946, 15.010470182000063 ], [ -92.068027902999972, 15.011270434000039 ], [ -92.067530469999951, 15.012167893000026 ], [ -92.067575200999954, 15.013247247000038 ], [ -92.067881580999938, 15.013644009000075 ], [ -92.068582841999955, 15.014138440000067 ], [ -92.069469277999985, 15.014561306000076 ], [ -92.070676487999947, 15.014878127000031 ], [ -92.072711278999975, 15.015114693000044 ], [ -92.07558460499996, 15.015293629000041 ], [ -92.077139055999965, 15.015299940000034 ], [ -92.078570522999939, 15.015245851000032 ], [ -92.080593773999965, 15.015194143000031 ], [ -92.081630115999985, 15.015234490000068 ], [ -92.082467939999958, 15.015477435000037 ], [ -92.083182114999943, 15.015815932000066 ], [ -92.083560687999977, 15.016740689000073 ], [ -92.083495316999972, 15.017483982000044 ], [ -92.083295429999964, 15.018143111000029 ], [ -92.082758791999936, 15.019519581000054 ], [ -92.082324319999941, 15.020248954000067 ], [ -92.081849904999956, 15.021482156000047 ], [ -92.081193147999954, 15.022259222000059 ], [ -92.080463345999988, 15.022579459000042 ], [ -92.079573681999989, 15.023032388000047 ], [ -92.078361970999936, 15.023615093000046 ], [ -92.077878457999986, 15.024115994000056 ], [ -92.077270612999939, 15.024869514000045 ], [ -92.076734856999963, 15.026162347000025 ], [ -92.076604809999935, 15.027743852000071 ], [ -92.076785711999946, 15.028667815000063 ], [ -92.077214253999955, 15.02946170000007 ], [ -92.078272866999953, 15.030017447000034 ], [ -92.079715979999946, 15.030525023000052 ], [ -92.079290604999983, 15.031700786000044 ], [ -92.07911734399994, 15.032245886000055 ], [ -92.079005176999942, 15.032778802000053 ], [ -92.078976326999964, 15.033811526000022 ], [ -92.079278036999938, 15.03463088500007 ], [ -92.079434361999972, 15.035188618000063 ], [ -92.07926028299994, 15.035923560000072 ], [ -92.078745752999964, 15.03646614400003 ], [ -92.078559711999958, 15.037142275000065 ], [ -92.078507620999972, 15.037900307000029 ], [ -92.078595105999966, 15.040272579000032 ], [ -92.078273338999963, 15.041279253000027 ], [ -92.077966117999949, 15.04174131700006 ], [ -92.077683419999971, 15.042178616000058 ], [ -92.07752163899994, 15.042889874000025 ], [ -92.077481716999955, 15.043790338000065 ], [ -92.077587396999945, 15.044633764000025 ], [ -92.078023925999958, 15.045335020000039 ], [ -92.07769172199994, 15.045926932000043 ], [ -92.076885971999957, 15.046041181000078 ], [ -92.07638609299994, 15.045874166000033 ], [ -92.075046396999937, 15.045227991000047 ], [ -92.073877483999979, 15.044618666000076 ], [ -92.07321953, 15.044437440000024 ], [ -92.072645074999969, 15.044577478000065 ], [ -92.072229306999986, 15.044860543000027 ], [ -92.071555069999988, 15.045486080000046 ], [ -92.071015714999987, 15.046112166000057 ], [ -92.070256053999969, 15.046726048000039 ], [ -92.070069054999976, 15.04761460800006 ], [ -92.06995275, 15.049227798000061 ], [ -92.069949921999978, 15.049879806000035 ], [ -92.069908767999948, 15.05092264600006 ], [ -92.069747722999978, 15.051456485000074 ], [ -92.069292670999971, 15.052212863000022 ], [ -92.069034409999972, 15.052638949000027 ], [ -92.068750491999936, 15.053349697000044 ], [ -92.068687500999943, 15.053930267000055 ], [ -92.068658596999967, 15.054961856000034 ], [ -92.068983511999988, 15.055923704000065 ], [ -92.069323536999946, 15.056352246000074 ], [ -92.069663565999974, 15.056780788000026 ], [ -92.070294666999985, 15.057530314000076 ], [ -92.070965374999957, 15.05772855500004 ], [ -92.071648149999987, 15.057826272000057 ], [ -92.072281225999973, 15.058256006000022 ], [ -92.072339556999964, 15.058884535000061 ], [ -92.072334679999983, 15.060011143000054 ], [ -92.072636787999954, 15.060605639000073 ], [ -92.072999759999959, 15.061377794000066 ], [ -92.07244813899996, 15.061873878000029 ], [ -92.071592707999969, 15.062167575000046 ], [ -92.070932698999968, 15.062448506000067 ], [ -92.070088272999953, 15.062884624000048 ], [ -92.069805801999962, 15.063393106000035 ], [ -92.069583745999978, 15.063914262000026 ], [ -92.069349429999988, 15.064446669000063 ], [ -92.069004750999966, 15.065085976000034 ], [ -92.068465438999965, 15.065688321000039 ], [ -92.068060788999958, 15.066077644000075 ], [ -92.067497344999936, 15.066478744000051 ], [ -92.067057207999937, 15.066737967000051 ], [ -92.066249184999947, 15.067221679000056 ], [ -92.065611758999978, 15.067918535000047 ], [ -92.065219360999947, 15.068296602000032 ], [ -92.064815696999972, 15.068591004000041 ], [ -92.064020444999983, 15.068943678000039 ], [ -92.063360607999982, 15.069178256000043 ], [ -92.062675973999944, 15.069365269000059 ], [ -92.061968282999942, 15.069373644000052 ], [ -92.061126945999945, 15.069227780000062 ], [ -92.060345978999976, 15.069105895000064 ], [ -92.059845448999965, 15.069211171000063 ], [ -92.059389498999963, 15.069492915000069 ], [ -92.058936331999973, 15.070463977000031 ], [ -92.05856782699999, 15.071090733000062 ], [ -92.058126565999942, 15.071468587000027 ], [ -92.055026705999978, 15.074101049000035 ], [ -92.054524409999942, 15.074602940000034 ], [ -92.054033036999954, 15.075264207000032 ], [ -92.053773926999952, 15.075868811000078 ], [ -92.053454660999989, 15.076400844000034 ], [ -92.052915061999954, 15.076920657000073 ], [ -92.051898969999968, 15.077627186000029 ], [ -92.05115319, 15.077826336000044 ], [ -92.050469522999947, 15.07791839500004 ], [ -92.049907596999958, 15.077963500000067 ], [ -92.048906121999948, 15.078125413000066 ], [ -92.048049652999964, 15.078631451000035 ], [ -92.047425454999939, 15.078948621000052 ], [ -92.046619721999946, 15.079028854000057 ], [ -92.045337858999972, 15.079082219000043 ], [ -92.044556391999947, 15.079197578000048 ], [ -92.043724223999959, 15.079597482000054 ], [ -92.043332401999976, 15.079963080000027 ], [ -92.042865507999977, 15.080601824000041 ], [ -92.041490715999942, 15.082315884000025 ], [ -92.040830126999936, 15.082704073000059 ], [ -92.040168842999947, 15.083117116000039 ], [ -92.039642734999973, 15.08347083700005 ], [ -92.039213894999989, 15.083788813000069 ], [ -92.038772205999976, 15.084249112000066 ], [ -92.038378553999962, 15.085018105000074 ], [ -92.038254248999976, 15.085504610000044 ], [ -92.038091018999978, 15.086499455000023 ], [ -92.038100080999982, 15.087200095000071 ], [ -92.038301600999944, 15.088552438000022 ], [ -92.038481682999986, 15.089241377000064 ], [ -92.038855299999966, 15.090214769000056 ], [ -92.038911877999965, 15.091211673000032 ], [ -92.03884729899994, 15.091994495000051 ], [ -92.038539974999935, 15.09244293200004 ], [ -92.037868150999941, 15.092606188000047 ], [ -92.037027223999985, 15.092354013000033 ], [ -92.036308750999979, 15.091900086000066 ], [ -92.035578378999958, 15.091505996000024 ], [ -92.034907743999952, 15.091277137000077 ], [ -92.03412702899999, 15.091215049000027 ], [ -92.033173742999963, 15.091507042000046 ], [ -92.032658106999975, 15.092109392000054 ], [ -92.032436086999951, 15.092595475000053 ], [ -92.03226222, 15.093235446000051 ], [ -92.032088773999988, 15.093910447000042 ], [ -92.031901349999941, 15.094846418000031 ], [ -92.031725869999946, 15.095841201000042 ], [ -92.031393561999948, 15.09640930200004 ], [ -92.030526861999988, 15.096453052000072 ], [ -92.029759432999981, 15.096022625000046 ], [ -92.028614438999966, 15.095496785000023 ], [ -92.027688466999962, 15.09514815700004 ], [ -92.02715171599999, 15.09514585200003 ], [ -92.026455246999944, 15.095226479000075 ], [ -92.025673661999974, 15.095353067000076 ], [ -92.024513276999983, 15.095526613000061 ], [ -92.023071098999935, 15.095898945000044 ], [ -92.022092974999964, 15.096274401000073 ], [ -92.02113808699994, 15.096781036000039 ], [ -92.020416576999935, 15.097121436000066 ], [ -92.019647193999958, 15.097248056000069 ], [ -92.018841950999956, 15.097078457000066 ], [ -92.01818209399994, 15.097289166000053 ], [ -92.017887198999972, 15.097679998000046 ], [ -92.017394184999944, 15.098662087000037 ], [ -92.016769595999961, 15.099169004000032 ], [ -92.01601035799996, 15.099616576000074 ], [ -92.015423384999963, 15.099910082000065 ], [ -92.015054716999941, 15.100406808000059 ], [ -92.01500297199999, 15.101034863000052 ], [ -92.015024990999962, 15.101557017000061 ], [ -92.014776472999984, 15.102481405000049 ], [ -92.014090583999973, 15.103035505000037 ], [ -92.013758056999961, 15.103638605000071 ], [ -92.013473879999935, 15.104349266000042 ], [ -92.013271721999956, 15.105055762000063 ], [ -92.013935982999953, 15.107298313000058 ], [ -92.013518701999942, 15.109502248000069 ], [ -92.013263336999955, 15.111275230000047 ], [ -92.013326749999976, 15.113662060000024 ], [ -92.013585902999978, 15.116229412000052 ], [ -92.01365552499999, 15.117272701000047 ], [ -92.013873258999979, 15.118233019000058 ], [ -92.013894808999964, 15.118855740000072 ], [ -92.013621094999962, 15.119311065000034 ], [ -92.013002363999988, 15.119667704000051 ], [ -92.012235846999943, 15.120036124000023 ], [ -92.011851714999978, 15.12034632600006 ], [ -92.011601872999961, 15.120920402000024 ], [ -92.011562619999907, 15.121484097000064 ], [ -92.011856265999938, 15.122000659000037 ], [ -92.012249115999964, 15.122446462000028 ], [ -92.012640361999956, 15.123239169000044 ], [ -92.012167925999961, 15.124028101000022 ], [ -92.011647689999961, 15.124337707000052 ], [ -92.010671305999949, 15.124681472000077 ], [ -92.009854529999984, 15.125097124000035 ], [ -92.009542545999977, 15.125899184000048 ], [ -92.009758485999953, 15.126992834000077 ], [ -92.008477073999984, 15.126887775000057 ], [ -92.002504495999972, 15.126242258000048 ], [ -91.997613618999935, 15.127238739000063 ], [ -91.994897938999941, 15.127009721000036 ], [ -91.993025111999941, 15.127995775000045 ], [ -91.991734159999965, 15.129541492000044 ], [ -91.990728049999973, 15.130747219000057 ], [ -91.990578148999987, 15.131450530000052 ], [ -91.988515655999947, 15.131578036000064 ], [ -91.984727517999943, 15.131814161000023 ], [ -91.982937566999965, 15.131382366000025 ], [ -91.979305376999946, 15.131361466000044 ], [ -91.975088361999951, 15.132489308000061 ], [ -91.971202404999985, 15.13479262900006 ], [ -91.970774868999968, 15.135160185000075 ], [ -91.970206800999961, 15.13584236500003 ], [ -91.968488119999961, 15.138231212000051 ], [ -91.967958634999945, 15.138869492000026 ], [ -91.967037442999981, 15.140999812000075 ], [ -91.966092712999966, 15.142583111000022 ], [ -91.964071052999941, 15.143979538000053 ], [ -91.961994311999945, 15.144379051000044 ], [ -91.956271113999946, 15.143353765000029 ], [ -91.952638700999955, 15.143342592000067 ], [ -91.952517807999982, 15.129241064000041 ], [ -91.953321290999952, 15.12681759700007 ], [ -91.953348162999987, 15.121933959000046 ], [ -91.952146134999964, 15.11989217200005 ], [ -91.949803060999955, 15.118556969000053 ], [ -91.948076894999986, 15.117613324000047 ], [ -91.946021307999956, 15.11719357000004 ], [ -91.93537622599996, 15.117721120000056 ], [ -91.931777747999945, 15.117296229000033 ], [ -91.926051822999966, 15.11826461000004 ], [ -91.923405634999938, 15.119872400000077 ], [ -91.922809514999983, 15.120445844000074 ], [ -91.92103958499996, 15.123464585000022 ], [ -91.91799679899998, 15.125843308000071 ], [ -91.916844061999939, 15.12733047200004 ], [ -91.915057141999966, 15.128858652000076 ], [ -91.91147069699997, 15.130495670000073 ], [ -91.90743600199994, 15.130838915000027 ], [ -91.903283533999968, 15.131009759000051 ], [ -91.902000249999958, 15.130716517000053 ], [ -91.900641790999941, 15.130001426000035 ], [ -91.897056649999968, 15.130802045000053 ], [ -91.89518030399995, 15.130587225000056 ], [ -91.894294523999974, 15.129910567000024 ], [ -91.891858328999945, 15.128085052000074 ], [ -91.89016260599999, 15.127478982000071 ], [ -91.888280485999985, 15.127264079000042 ], [ -91.887005538999972, 15.127611481000031 ], [ -91.886494517999949, 15.128239478000069 ], [ -91.879672675999984, 15.128493896000066 ], [ -91.879053027999987, 15.127985735000038 ], [ -91.87722372199994, 15.127683995000041 ], [ -91.875269969999977, 15.125726243000031 ], [ -91.875242388999936, 15.12511141300007 ], [ -91.874094218999971, 15.124358799000049 ], [ -91.87357183499995, 15.123278222000067 ], [ -91.871415608999939, 15.119810948000065 ], [ -91.870346450999989, 15.11644513400006 ], [ -91.870331523999937, 15.115639404000035 ], [ -91.86926882299997, 15.11413464900005 ], [ -91.868604889999972, 15.111680465000063 ], [ -91.867905456999949, 15.11076848600004 ], [ -91.867818751999948, 15.107049384000049 ], [ -91.868818104999946, 15.10645211700006 ], [ -91.870303981999939, 15.105787220000025 ], [ -91.872092006999935, 15.104067311000051 ], [ -91.872707920999972, 15.103504274000045 ], [ -91.873289886999942, 15.101769304000072 ], [ -91.873889108999947, 15.100619735000066 ], [ -91.874390966999954, 15.09973747600003 ], [ -91.87484367899998, 15.096370203000049 ], [ -91.87462441699995, 15.094277568000052 ], [ -91.873833260999959, 15.092457797000066 ], [ -91.870521296999982, 15.089208506000034 ], [ -91.869711093999967, 15.086491447000071 ], [ -91.869775030999961, 15.074829510000029 ], [ -91.87019298499996, 15.073639491000051 ], [ -91.869952829999988, 15.070998719000045 ], [ -91.870306122999978, 15.06795637700003 ] ] ] ] } },
{ "type": "Feature", "properties": { "Codigo": 1408, "datos_finales_color_riesgo": "152640" }, "geometry": { "type": "MultiPolygon", "coordinates": [ [ [ [ -91.213398965999943, 15.101989101000072 ], [ -91.211246439999968, 15.101253627000062 ], [ -91.207236227999942, 15.10081860300005 ], [ -91.203741024999943, 15.099844233000056 ], [ -91.196829965999939, 15.096910908000041 ], [ -91.193544566999947, 15.096097341000075 ], [ -91.183857238999963, 15.095833434000042 ], [ -91.17692595699998, 15.096551524000063 ], [ -91.162930657999937, 15.097054026000023 ], [ -91.159483998999974, 15.096557226000073 ], [ -91.154094148999945, 15.094080104000057 ], [ -91.150725364999971, 15.092655256000057 ], [ -91.149172464999936, 15.091126602000031 ], [ -91.148788995999951, 15.090162151000072 ], [ -91.148623223999948, 15.085943881000048 ], [ -91.149749664999945, 15.082200448000037 ], [ -91.150951574999965, 15.080480793000049 ], [ -91.15394325799997, 15.077621230000034 ], [ -91.161328576999949, 15.069992944000035 ], [ -91.162925562999988, 15.068276410000067 ], [ -91.165920785999958, 15.065032601000041 ], [ -91.168223566999984, 15.062407847000031 ], [ -91.169247625999958, 15.059022660000039 ], [ -91.169484562999969, 15.053945686000077 ], [ -91.16824124599998, 15.050617884000076 ], [ -91.164031833999957, 15.045338939000032 ], [ -91.161235475999945, 15.037556795000057 ], [ -91.159842433999984, 15.034836634000044 ], [ -91.158446173999948, 15.032427090000056 ], [ -91.155309471999942, 15.027836770000022 ], [ -91.151771574999941, 15.019029605000071 ], [ -91.150443555999971, 15.01330396700007 ], [ -91.153221157999951, 15.001893434000067 ], [ -91.152734423999959, 14.996385872000076 ], [ -91.157841442999938, 14.996942359000059 ], [ -91.163635622999948, 14.999440495000044 ], [ -91.166930810999986, 14.999735907000058 ], [ -91.18258693599995, 14.996065768000051 ], [ -91.187273062999964, 14.995902038000054 ], [ -91.195431652999957, 14.997487363000062 ], [ -91.198329497999964, 14.998816206000072 ], [ -91.20204619399999, 15.001739794000059 ], [ -91.203606660999981, 15.002621960000056 ], [ -91.20515149, 15.00315153400004 ], [ -91.206965781999941, 15.003354487000024 ], [ -91.208200386999977, 15.003316763000043 ], [ -91.210044570999969, 15.002861329000041 ], [ -91.211935234999942, 15.002546322000057 ], [ -91.21346331899997, 15.001596967000069 ], [ -91.218105307999963, 14.999345752000067 ], [ -91.226925524999956, 14.998130161000063 ], [ -91.235702686999957, 14.994645472000059 ], [ -91.238127387999953, 14.993183221000038 ], [ -91.240719828999943, 14.990319162000048 ], [ -91.241570447999948, 14.98712983300004 ], [ -91.241621057999964, 14.985415355000043 ], [ -91.243800328999953, 14.984247112000048 ], [ -91.254743343999962, 14.981784840000046 ], [ -91.256105480999963, 14.983708976000059 ], [ -91.259150041999987, 14.988487159000044 ], [ -91.259302334999973, 14.989559278000058 ], [ -91.260883664999938, 14.991910963000066 ], [ -91.262253239999893, 14.995590686000071 ], [ -91.26669061299998, 15.001503476000039 ], [ -91.263715017999971, 15.019158350000055 ], [ -91.263940479999974, 15.020888512000056 ], [ -91.264108918999966, 15.022554973000069 ], [ -91.272892269999943, 15.036075498000059 ], [ -91.272773886999971, 15.037135389000071 ], [ -91.270766480999953, 15.040290059000029 ], [ -91.265241616999958, 15.050019817000077 ], [ -91.262989022999989, 15.084726017000037 ], [ -91.26244281299995, 15.102999115000046 ], [ -91.261571445999948, 15.112976625000044 ], [ -91.26096692699997, 15.126507911000033 ], [ -91.258373565999989, 15.129002620000051 ], [ -91.257308943999988, 15.129849583000066 ], [ -91.255650679999974, 15.129766744000051 ], [ -91.253131993999943, 15.126897089000067 ], [ -91.25139754199995, 15.122848443000066 ], [ -91.251188984999942, 15.11615910200004 ], [ -91.24955717499995, 15.113715396000032 ], [ -91.248103285999946, 15.112479560000054 ], [ -91.230353534999949, 15.104849361000049 ], [ -91.218969798999979, 15.102757132000022 ], [ -91.21557018499999, 15.102019789000053 ], [ -91.213398965999943, 15.101989101000072 ] ] ] ] } },
{ "type": "Feature", "properties": { "Codigo": 2207, "datos_finales_color_riesgo": "152640" }, "geometry": { "type": "MultiPolygon", "coordinates": [ [ [ [ -89.665585410999938, 14.185479438000073 ], [ -89.672082351999961, 14.173654683000052 ], [ -89.680976293999947, 14.166352194000069 ], [ -89.68216463899995, 14.165602358000058 ], [ -89.683859161999976, 14.163806575000024 ], [ -89.684458873999972, 14.163049710000053 ], [ -89.688631828999974, 14.159468906000029 ], [ -89.689822897999989, 14.158527201000027 ], [ -89.690147335999939, 14.157808272000068 ], [ -89.693100322999953, 14.155797277000033 ], [ -89.701949465999974, 14.147779841000045 ], [ -89.702543569999989, 14.147404288000075 ], [ -89.709297097999979, 14.141752506000046 ], [ -89.712079689999939, 14.139300972000058 ], [ -89.713561892999962, 14.13808546000007 ], [ -89.71967297599997, 14.128606442000034 ], [ -89.722570516999951, 14.128243077000036 ], [ -89.733580882999945, 14.129530657000032 ], [ -89.737733512999966, 14.129310572000065 ], [ -89.739690953999968, 14.127032510000049 ], [ -89.740619134999974, 14.12450797300005 ], [ -89.741416885999968, 14.123751331000051 ], [ -89.743337113999985, 14.119611623000026 ], [ -89.744391800999949, 14.118350568000039 ], [ -89.744548693999945, 14.117320005000067 ], [ -89.746772757999963, 14.114902124000025 ], [ -89.749453376999952, 14.114493695000021 ], [ -89.760544872999958, 14.117755015000057 ], [ -89.761564711999938, 14.129292145000022 ], [ -89.761122895999961, 14.133868454000037 ], [ -89.761309876999974, 14.137651906000031 ], [ -89.761689665999938, 14.139213420000033 ], [ -89.764003764999984, 14.142209555000022 ], [ -89.765567869999984, 14.151537398000073 ], [ -89.766380611999978, 14.152911754000058 ], [ -89.766910013999961, 14.156081341000061 ], [ -89.76799921199995, 14.158232539000039 ], [ -89.768155599999943, 14.161484006000023 ], [ -89.768667494999988, 14.162092474000076 ], [ -89.769251621999956, 14.162664669000037 ], [ -89.769769851999968, 14.163071191000029 ], [ -89.770016418999944, 14.163834090000023 ], [ -89.768673091999972, 14.168681562000074 ], [ -89.769183874999953, 14.174065298000073 ], [ -89.769944757999951, 14.175186144000065 ], [ -89.769921473999943, 14.175972492000028 ], [ -89.768146933999958, 14.183361468000044 ], [ -89.767416117999971, 14.190353680000044 ], [ -89.76610819199999, 14.19317340200007 ], [ -89.763034871999935, 14.209127974000069 ], [ -89.762528069999973, 14.213277864000077 ], [ -89.762829734999968, 14.220286248000036 ], [ -89.76186430499996, 14.227709712000035 ], [ -89.760982848999959, 14.227452842000048 ], [ -89.750904010999989, 14.224224592000041 ], [ -89.745818863999943, 14.22209674800007 ], [ -89.740998267999942, 14.220972373000052 ], [ -89.73531444799994, 14.218493072000058 ], [ -89.730014844999971, 14.21537223100006 ], [ -89.724251941999967, 14.214468281000052 ], [ -89.718429445999959, 14.214171694000072 ], [ -89.71149818799995, 14.212349664000044 ], [ -89.708566051999981, 14.213029328000061 ], [ -89.707975337999983, 14.213956782000025 ], [ -89.707780622999962, 14.215779009000073 ], [ -89.70526048399995, 14.217483402000028 ], [ -89.70112474199999, 14.217668966000076 ], [ -89.698092740999982, 14.217333646000043 ], [ -89.696895478999977, 14.21664785300004 ], [ -89.692404787999976, 14.211930396000071 ], [ -89.689146501999971, 14.211849159000053 ], [ -89.688060940999947, 14.210607371000037 ], [ -89.687237266999944, 14.208184227000061 ], [ -89.688246596999988, 14.20691391500003 ], [ -89.690346901999987, 14.206511894000073 ], [ -89.690620329999945, 14.204892809000057 ], [ -89.690147588999935, 14.203950687000031 ], [ -89.687784081999951, 14.201693564000038 ], [ -89.685296360999985, 14.201534952000031 ], [ -89.681975339999951, 14.198270257000047 ], [ -89.677985555999953, 14.195339329000035 ], [ -89.673510830999987, 14.194017689000077 ], [ -89.670857067999975, 14.190587246000064 ], [ -89.669208328999957, 14.18974385100006 ], [ -89.665585410999938, 14.185479438000073 ] ] ] ] } },
{ "type": "Feature", "properties": { "Codigo": 1313, "datos_finales_color_riesgo": "152640" }, "geometry": { "type": "MultiPolygon", "coordinates": [ [ [ [ -91.564963686999988, 15.731939238000052 ], [ -91.564854155999967, 15.730591825000033 ], [ -91.563360889999956, 15.728627485000061 ], [ -91.561405364999985, 15.724393762000034 ], [ -91.560206333999986, 15.719660010000041 ], [ -91.560308832999965, 15.70490695500007 ], [ -91.55888489199998, 15.699248690000047 ], [ -91.557999430999985, 15.697627270000055 ], [ -91.553043474999981, 15.693236979000062 ], [ -91.548618405999946, 15.690735705000066 ], [ -91.547998666999945, 15.690226581000047 ], [ -91.539756211999986, 15.687885040000026 ], [ -91.535049865999952, 15.687090969000053 ], [ -91.530857467999965, 15.686920494000049 ], [ -91.531593097999973, 15.679698325000061 ], [ -91.530601873999956, 15.674400977000062 ], [ -91.530622119999975, 15.671896424000067 ], [ -91.531734416999939, 15.671104012000058 ], [ -91.535506096999939, 15.670785831000046 ], [ -91.53952456199994, 15.669625291000045 ], [ -91.548999349999974, 15.669752696000046 ], [ -91.552189987999952, 15.669311741000058 ], [ -91.556025193999972, 15.669573198000023 ], [ -91.562507898999968, 15.671524057000056 ], [ -91.573345219999965, 15.673704273000055 ], [ -91.576781017999963, 15.675081250000062 ], [ -91.582717212999967, 15.676272164000068 ], [ -91.590580102999979, 15.679568839000069 ], [ -91.596513564999952, 15.680767278000076 ], [ -91.607397933999948, 15.686213537000071 ], [ -91.615178721999939, 15.688407306000045 ], [ -91.618337569999937, 15.689777401000072 ], [ -91.620984695999937, 15.691635691000045 ], [ -91.625842816999977, 15.693451369000059 ], [ -91.628395372999989, 15.694034559000045 ], [ -91.63313044299997, 15.69394559400007 ], [ -91.633108223999955, 15.696580159000064 ], [ -91.632300383999961, 15.698969164000061 ], [ -91.632271897999942, 15.703852006000034 ], [ -91.637574800999971, 15.714350545000059 ], [ -91.63818641499995, 15.717094142000064 ], [ -91.640484133999962, 15.720799543000055 ], [ -91.642055133999975, 15.723113001000058 ], [ -91.646366895999961, 15.728845322000041 ], [ -91.649334258999943, 15.731608021000056 ], [ -91.663676941999938, 15.74240700200005 ], [ -91.673882496999965, 15.74800091000003 ], [ -91.684043503999987, 15.758790155000042 ], [ -91.687585541999965, 15.764683212000023 ], [ -91.688782278999952, 15.768816532000073 ], [ -91.690528219999976, 15.772280908000027 ], [ -91.69283351699994, 15.779867968000076 ], [ -91.695904318999965, 15.785735491000025 ], [ -91.700174323999988, 15.791680203000055 ], [ -91.707778806999954, 15.800317868000036 ], [ -91.713496223999982, 15.80611504500007 ], [ -91.717360375999988, 15.808182886000054 ], [ -91.720672670999988, 15.809037365000052 ], [ -91.728792867999971, 15.809152834000031 ], [ -91.722145781999984, 15.813899787000025 ], [ -91.720074327999953, 15.816039911000075 ], [ -91.715292284999975, 15.821161418000031 ], [ -91.709434660999989, 15.824702560000048 ], [ -91.707689710999944, 15.825286463000054 ], [ -91.694528403999982, 15.826543124000068 ], [ -91.690612686999941, 15.828213125000048 ], [ -91.686422232999973, 15.825521428000059 ], [ -91.683368018999943, 15.822736003000045 ], [ -91.682612307999989, 15.821033305000071 ], [ -91.674368750999975, 15.809977617000072 ], [ -91.673509242999955, 15.807835895000039 ], [ -91.669951377999951, 15.802813596000021 ], [ -91.666517762999945, 15.798890185000062 ], [ -91.664479197999981, 15.79542157700007 ], [ -91.661863566999955, 15.792594527000062 ], [ -91.657529721999936, 15.789609971000061 ], [ -91.652714963999983, 15.78711495400006 ], [ -91.647898078999958, 15.785927007000055 ], [ -91.644147275999956, 15.785505963000048 ], [ -91.638616677999948, 15.785677036000038 ], [ -91.627688694999961, 15.788504018000026 ], [ -91.623675463999973, 15.788416513000072 ], [ -91.61563619399999, 15.781796873000076 ], [ -91.607881821999968, 15.778129800000045 ], [ -91.604094410999949, 15.77534094300006 ], [ -91.602230175999978, 15.773695305000047 ], [ -91.59862785699994, 15.768441232000043 ], [ -91.594397052999966, 15.762740177000069 ], [ -91.591041268999959, 15.759093015000076 ], [ -91.579969874999961, 15.752651415000059 ], [ -91.576637859999948, 15.749756649000062 ], [ -91.572029659999941, 15.743949950000058 ], [ -91.570765685999959, 15.741702451000037 ], [ -91.570202990999974, 15.738677738000035 ], [ -91.56576936, 15.732321882000065 ], [ -91.564963686999988, 15.731939238000052 ] ] ] ] } },
{ "type": "Feature", "properties": { "Codigo": 2215, "datos_finales_color_riesgo": "152640" }, "geometry": { "type": "MultiPolygon", "coordinates": [ [ [ [ -90.164839563999976, 13.972024863000058 ], [ -90.165536325999938, 13.970591236000075 ], [ -90.168760784999961, 13.968645157000026 ], [ -90.173042169999974, 13.964968110000029 ], [ -90.17536555099997, 13.961914010000044 ], [ -90.175811653999972, 13.960075486000051 ], [ -90.176437606999968, 13.959462923000046 ], [ -90.178421517999936, 13.954941602000076 ], [ -90.179317804999982, 13.950825379000037 ], [ -90.179861134999953, 13.950207324000075 ], [ -90.181669183999986, 13.939735005000045 ], [ -90.182765772999971, 13.936816720000024 ], [ -90.183672916999967, 13.935934148000058 ], [ -90.184551284999941, 13.933181546000071 ], [ -90.181088869999897, 13.932501308000042 ], [ -90.180286421999938, 13.931759270000043 ], [ -90.180106098999943, 13.930949918000067 ], [ -90.182052932999966, 13.929164867000054 ], [ -90.183908742999961, 13.928735852000045 ], [ -90.18486524399998, 13.927735291000033 ], [ -90.185291612999947, 13.925649232000069 ], [ -90.187014185999942, 13.921662157000071 ], [ -90.189236297999969, 13.918416958000023 ], [ -90.188997105999988, 13.913343649000069 ], [ -90.189722005999954, 13.910745037000027 ], [ -90.190981995999948, 13.90881872500006 ], [ -90.191358046999937, 13.905337682000038 ], [ -90.19043295299997, 13.900971154000047 ], [ -90.192031688999975, 13.900658751000037 ], [ -90.193236425999942, 13.899569532000044 ], [ -90.192116718999955, 13.894038977000037 ], [ -90.193124202999968, 13.893106680000074 ], [ -90.194680482999956, 13.892764405000037 ], [ -90.195786242999986, 13.891539668000064 ], [ -90.196071801999949, 13.890235503000042 ], [ -90.196336899999949, 13.883763417000068 ], [ -90.194413681999947, 13.881278864000024 ], [ -90.192731839999965, 13.878810625000028 ], [ -90.190677306999987, 13.878263127000025 ], [ -90.190472555999975, 13.875402017000056 ], [ -90.189908593999974, 13.874779071000034 ], [ -90.18827048199995, 13.874682322000069 ], [ -90.187104376999969, 13.873968891000061 ], [ -90.186407534999944, 13.872339558000021 ], [ -90.186492879999946, 13.870964232000063 ], [ -90.187010100999942, 13.870334530000036 ], [ -90.19023778899998, 13.87052294700004 ], [ -90.190279431999954, 13.866728684000066 ], [ -90.19141670199997, 13.865083174000063 ], [ -90.191694224999935, 13.863195198000028 ], [ -90.19034284199995, 13.860884314000032 ], [ -90.190204566999967, 13.858450748000052 ], [ -90.190927081999973, 13.857322090000025 ], [ -90.191026931999943, 13.855697400000054 ], [ -90.189751657999977, 13.853979017000029 ], [ -90.189969406999978, 13.852399716000036 ], [ -90.192145442999959, 13.85036642700004 ], [ -90.192744332999951, 13.849232952000023 ], [ -90.192647974999943, 13.846528891000048 ], [ -90.191915387999984, 13.845710957000051 ], [ -90.191898986999945, 13.844623488000025 ], [ -90.193855342999939, 13.842352806000065 ], [ -90.194507273999989, 13.840936534000036 ], [ -90.195628749999969, 13.836737993000042 ], [ -90.199563391999959, 13.832948710000039 ], [ -90.199807359999966, 13.831341456000075 ], [ -90.199227354999948, 13.830760136000038 ], [ -90.198673885999938, 13.829603297000062 ], [ -90.199383446999946, 13.825729691000049 ], [ -90.199159616999964, 13.820052468000029 ], [ -90.200339912999937, 13.819417863000069 ], [ -90.203065469999956, 13.819126048000044 ], [ -90.204973325999958, 13.816581427000074 ], [ -90.205413100999976, 13.813662152000063 ], [ -90.207483261999982, 13.811161121000055 ], [ -90.208365618999949, 13.810509525000043 ], [ -90.20859233799996, 13.80840074200006 ], [ -90.211588650999943, 13.80583002700007 ], [ -90.211615084999949, 13.800400609000064 ], [ -90.212088446999985, 13.798968673000047 ], [ -90.213986062999936, 13.797942424000041 ], [ -90.215255769999942, 13.799203324000075 ], [ -90.215862389999984, 13.799146973000063 ], [ -90.216329606999977, 13.798863225000048 ], [ -90.216672276999986, 13.798414348000051 ], [ -90.216930138999942, 13.798005157000034 ], [ -90.217901426999958, 13.797933737000051 ], [ -90.218403465999984, 13.798269116000029 ], [ -90.218950599999971, 13.798357733000046 ], [ -90.219379886999945, 13.79791096200006 ], [ -90.219704336999939, 13.79602568100006 ], [ -90.218347483999935, 13.794757042000072 ], [ -90.218376264999961, 13.793790874000024 ], [ -90.218751345999976, 13.793043153000042 ], [ -90.218577236999977, 13.791698705000044 ], [ -90.21730495099996, 13.791387352000072 ], [ -90.216632849999939, 13.79053744600003 ], [ -90.216646012999945, 13.789183829000024 ], [ -90.21795518, 13.786040614000058 ], [ -90.218836141999986, 13.780032580000068 ], [ -90.229019447999974, 13.784031610000056 ], [ -90.236112354999989, 13.786994036000067 ], [ -90.237693891999982, 13.787779601000068 ], [ -90.238435424999977, 13.788380709000023 ], [ -90.237170246999938, 13.790751144000069 ], [ -90.236197609999977, 13.792361587000073 ], [ -90.236122740999974, 13.794255368000051 ], [ -90.236525456999971, 13.795522227000049 ], [ -90.23730077099998, 13.796297605000063 ], [ -90.237979570999983, 13.796782846000042 ], [ -90.241729874999976, 13.799959368000032 ], [ -90.241368762999969, 13.802912424000056 ], [ -90.240241354999966, 13.804074017000062 ], [ -90.239075878999984, 13.804788052000049 ], [ -90.238142932999949, 13.805230326000071 ], [ -90.237284657999965, 13.805953453000029 ], [ -90.236225353999941, 13.807705174000034 ], [ -90.236921205999977, 13.810323477000054 ], [ -90.238561792999974, 13.813807139000062 ], [ -90.239402664999943, 13.817162117000066 ], [ -90.240417209999976, 13.818722653000066 ], [ -90.241836155999977, 13.826070978000075 ], [ -90.241201958999966, 13.831107519000057 ], [ -90.224377780999987, 13.830185909000022 ], [ -90.215526507999982, 13.829697106000026 ], [ -90.210993501999951, 13.828600046000076 ], [ -90.209907558999987, 13.829070929000068 ], [ -90.209050567999952, 13.831803683000032 ], [ -90.206160703999956, 13.836698004000027 ], [ -90.205345685999987, 13.838618282000027 ], [ -90.204952101999936, 13.839307037000026 ], [ -90.204902052999955, 13.839965842000026 ], [ -90.205271244999949, 13.840786368000067 ], [ -90.205819592999944, 13.840925855000023 ], [ -90.206369357999961, 13.84084970400005 ], [ -90.212183926999955, 13.840402233000077 ], [ -90.219891486999984, 13.841340040000034 ], [ -90.221902177999937, 13.841719646000058 ], [ -90.222737716999973, 13.842002360000038 ], [ -90.223346006999975, 13.84235024000003 ], [ -90.22331735399996, 13.842963005000058 ], [ -90.223102755999946, 13.843713670000056 ], [ -90.222992984999962, 13.844491489000063 ], [ -90.22157594, 13.848217186000056 ], [ -90.219135144999939, 13.851446857000042 ], [ -90.216166273999988, 13.854280955000036 ], [ -90.213407930999949, 13.857430153000053 ], [ -90.20990954499996, 13.856597673000067 ], [ -90.207135974999971, 13.856663127000047 ], [ -90.208209611999962, 13.860326785000041 ], [ -90.209184863999951, 13.861637472000041 ], [ -90.211003327999947, 13.865882064000061 ], [ -90.211384771999974, 13.869065874000057 ], [ -90.211150328999963, 13.869633379000049 ], [ -90.210517825999943, 13.869615999000075 ], [ -90.207148213999972, 13.868632497000021 ], [ -90.206069813999989, 13.867828699000029 ], [ -90.201838333999945, 13.867939501000023 ], [ -90.20185081599999, 13.868681438000067 ], [ -90.202201668999976, 13.869345955000028 ], [ -90.202772078999942, 13.870300895000071 ], [ -90.206128922999937, 13.875389592000033 ], [ -90.206509184999959, 13.87635025700007 ], [ -90.210857980999947, 13.883594359000028 ], [ -90.211893114999953, 13.883964095000067 ], [ -90.215216919999989, 13.883820237000066 ], [ -90.21988885899998, 13.884404133000032 ], [ -90.22088469, 13.885309696000036 ], [ -90.221167947999959, 13.886173275000033 ], [ -90.220790749999935, 13.889407172000062 ], [ -90.219089632999953, 13.896462579000058 ], [ -90.21913720799995, 13.898333996000076 ], [ -90.220666217999963, 13.898971282000048 ], [ -90.230602346999945, 13.899282990000074 ], [ -90.231061067999974, 13.901869281000074 ], [ -90.228730792999954, 13.90552249600006 ], [ -90.228759759999946, 13.906341409000049 ], [ -90.229823197999963, 13.907209336000051 ], [ -90.232826724999939, 13.906765837000023 ], [ -90.234515369999897, 13.907644229000027 ], [ -90.236072238999952, 13.90842740100004 ], [ -90.236695678999979, 13.909315156000048 ], [ -90.236786986999959, 13.911213061000069 ], [ -90.23670685899998, 13.912558025000067 ], [ -90.236042958999974, 13.913469575000022 ], [ -90.231976267999983, 13.913448266000046 ], [ -90.230894046999936, 13.913766792000047 ], [ -90.230415615999959, 13.914631880000059 ], [ -90.231705723999937, 13.920298728000034 ], [ -90.233284667999953, 13.921805926000047 ], [ -90.240677964999975, 13.924528466000027 ], [ -90.24797571199997, 13.928064937000045 ], [ -90.249796003999961, 13.928777639000032 ], [ -90.256081801999983, 13.929590375000032 ], [ -90.260234166999965, 13.929826823000042 ], [ -90.263249258999963, 13.929507322000063 ], [ -90.264538994999953, 13.930517689000055 ], [ -90.265036879999968, 13.932510517000026 ], [ -90.265582785999982, 13.933125239000049 ], [ -90.267793529999949, 13.933134257000063 ], [ -90.269642179999948, 13.932625443000063 ], [ -90.270233143999974, 13.933096137000064 ], [ -90.272504137999988, 13.934373782000023 ], [ -90.27392598299997, 13.935461243000077 ], [ -90.274987272999965, 13.936686929000075 ], [ -90.276780918999975, 13.94234695800003 ], [ -90.278617672999985, 13.94399231500006 ], [ -90.281379165999965, 13.944219661000034 ], [ -90.28203942, 13.944701271000042 ], [ -90.283957128999987, 13.946250397000028 ], [ -90.284386005999977, 13.947191233000069 ], [ -90.284010727999942, 13.951201081000022 ], [ -90.285423015999982, 13.952871021000021 ], [ -90.288998429999936, 13.952514592000057 ], [ -90.290356371999962, 13.953398031000063 ], [ -90.290587234999975, 13.958870109000031 ], [ -90.291067477999945, 13.959524713000064 ], [ -90.291441486999986, 13.961058854000044 ], [ -90.293455935999987, 13.966467258000023 ], [ -90.293376197999976, 13.968344116000026 ], [ -90.293405872999983, 13.969415991000062 ], [ -90.293691613999954, 13.970243442000026 ], [ -90.294261645999939, 13.971033410000075 ], [ -90.295120702999952, 13.972321159000046 ], [ -90.294314699999973, 13.975447778000046 ], [ -90.294368223999982, 13.978683335000028 ], [ -90.296096621999936, 13.981570595000051 ], [ -90.297295788999975, 13.983144416000073 ], [ -90.296957196999983, 13.985799753000038 ], [ -90.295512506999955, 13.987027953000052 ], [ -90.291517444999954, 13.988021048000064 ], [ -90.291022225999939, 13.98849313900007 ], [ -90.288496683999938, 13.991369028000065 ], [ -90.286018970999976, 13.997749086000056 ], [ -90.282466667999984, 14.000062373000048 ], [ -90.281983923999974, 14.001681762000032 ], [ -90.280130841999949, 14.001585320000061 ], [ -90.277980488999958, 14.001938301000052 ], [ -90.275466439999946, 14.003910838000024 ], [ -90.271997971999951, 14.00488688300004 ], [ -90.261211024999966, 14.005166016000032 ], [ -90.260367821999978, 14.005818136000073 ], [ -90.256391474999987, 14.006858201000057 ], [ -90.25597623799996, 14.006477508000046 ], [ -90.25421417299998, 14.006458671000075 ], [ -90.249658383999986, 14.00726284600006 ], [ -90.245090236999943, 14.009973814000034 ], [ -90.240971311999942, 14.009582558000034 ], [ -90.231635974999961, 14.010600596000074 ], [ -90.226106500999947, 14.010918953000044 ], [ -90.223562912999967, 14.010068974000035 ], [ -90.215587984999956, 14.009461439000063 ], [ -90.213348235999945, 14.008017577000032 ], [ -90.212066372999971, 14.005149693000021 ], [ -90.210467788999949, 14.003376735000074 ], [ -90.206999887999984, 14.001476099000058 ], [ -90.20514704499999, 14.001514576000034 ], [ -90.204010847999939, 13.999997571000051 ], [ -90.201951725999947, 13.997783446000028 ], [ -90.200444213999958, 13.995279869000058 ], [ -90.197756129999959, 13.992973777000032 ], [ -90.195496779999985, 13.991548766000051 ], [ -90.192301817999976, 13.990620978000038 ], [ -90.190936491999935, 13.990797102000045 ], [ -90.182944471999974, 13.989961485000038 ], [ -90.178902020999942, 13.990178687000025 ], [ -90.165678900999978, 13.99047723700005 ], [ -90.162867459999973, 13.988462933000051 ], [ -90.162853282999947, 13.983868786000073 ], [ -90.16414274899995, 13.980256319000034 ], [ -90.166954705999956, 13.976745161000053 ], [ -90.167148571999974, 13.97568840100007 ], [ -90.166894003999971, 13.973580929000036 ], [ -90.164839563999976, 13.972024863000058 ] ] ] ] } },
{ "type": "Feature", "properties": { "Codigo": 719, "datos_finales_color_riesgo": "152640" }, "geometry": { "type": "MultiPolygon", "coordinates": [ [ [ [ -91.154071954999949, 14.658224717000053 ], [ -91.155887870999948, 14.657675422000068 ], [ -91.159219967999945, 14.657867889000045 ], [ -91.161373358999981, 14.657409336000057 ], [ -91.16329944499995, 14.655612556000051 ], [ -91.163926045999972, 14.653660903000059 ], [ -91.165178300999969, 14.651749202000076 ], [ -91.16740120899999, 14.649759287000052 ], [ -91.170593974999974, 14.644287384000052 ], [ -91.171989570999983, 14.640325254000061 ], [ -91.173180060999982, 14.638847937000037 ], [ -91.176059926999983, 14.628446903000054 ], [ -91.177440668999964, 14.625203079000073 ], [ -91.180586486999971, 14.620068375000074 ], [ -91.184241810999936, 14.616019823000045 ], [ -91.186018831999945, 14.61019314300006 ], [ -91.18941863799995, 14.605367518000037 ], [ -91.190252141999963, 14.602535059000047 ], [ -91.190485190999937, 14.599287858000025 ], [ -91.18971389099994, 14.597072187000038 ], [ -91.187096471999951, 14.593713618000038 ], [ -91.183691150999948, 14.590536428000064 ], [ -91.17933476799999, 14.587777679000055 ], [ -91.176813683999967, 14.585642098000051 ], [ -91.172263266999948, 14.580905893000022 ], [ -91.171213804999979, 14.575387058000047 ], [ -91.170692015999975, 14.568898560000036 ], [ -91.172247252999966, 14.559981650000054 ], [ -91.189646082999957, 14.572652102000063 ], [ -91.191767894999941, 14.574605964000057 ], [ -91.195094431999962, 14.577476268000055 ], [ -91.198348094999972, 14.579547270000035 ], [ -91.202101114999948, 14.58048446600003 ], [ -91.205979346999982, 14.580646455000021 ], [ -91.207835749999958, 14.579732083000067 ], [ -91.209892633999971, 14.577906425000037 ], [ -91.222819824999988, 14.561925836000057 ], [ -91.223979181999937, 14.560253619000036 ], [ -91.228271434999954, 14.55704386900004 ], [ -91.233106540999984, 14.555926985000042 ], [ -91.240403073999971, 14.553243508000037 ], [ -91.252602209999964, 14.544946632000062 ], [ -91.260894699999938, 14.536972527000046 ], [ -91.263076479999938, 14.533677440000076 ], [ -91.263344510999957, 14.530171576000043 ], [ -91.262130825999975, 14.527352911000037 ], [ -91.262910237999961, 14.525041584000064 ], [ -91.264536499999963, 14.523586093000063 ], [ -91.268735436999975, 14.522816146000025 ], [ -91.27418395899997, 14.526155179000057 ], [ -91.276219047999973, 14.528356218000056 ], [ -91.276059852999936, 14.531014478000031 ], [ -91.27502862099999, 14.53178867500003 ], [ -91.27075688299999, 14.533324149000066 ], [ -91.269351952999955, 14.534201758000052 ], [ -91.268404009999983, 14.535519945000033 ], [ -91.267868011999951, 14.537478348000036 ], [ -91.268546734999973, 14.540944903000025 ], [ -91.269059059999961, 14.541505655000037 ], [ -91.271290682999961, 14.54513845300005 ], [ -91.274224552999954, 14.548561765000045 ], [ -91.279415593999943, 14.559245599000064 ], [ -91.28027403499999, 14.562075155000059 ], [ -91.280880885999977, 14.562646749000066 ], [ -91.282743297999957, 14.56457535900006 ], [ -91.286683004999986, 14.565854891000072 ], [ -91.289504782999984, 14.567557749000059 ], [ -91.29321446099999, 14.568670553000061 ], [ -91.295220728999936, 14.570240865000073 ], [ -91.295553418999987, 14.571175339000035 ], [ -91.296622543999945, 14.572658592000039 ], [ -91.296427974999972, 14.575637473000029 ], [ -91.29378113599995, 14.582832774000053 ], [ -91.29355589499994, 14.586622580000039 ], [ -91.292569448999984, 14.591112917000032 ], [ -91.292973083999982, 14.597065143000066 ], [ -91.29438307199996, 14.598813012000051 ], [ -91.289997359999973, 14.605250996000052 ], [ -91.285425395999937, 14.61068767200004 ], [ -91.278994758999943, 14.616693467000061 ], [ -91.273149584999942, 14.621377069000062 ], [ -91.264640286999963, 14.625758235000035 ], [ -91.261885148999966, 14.626143271000046 ], [ -91.256642246999945, 14.625890575000028 ], [ -91.256905785999948, 14.624914200000035 ], [ -91.256217059999983, 14.624121623000065 ], [ -91.255821521999962, 14.623741332000066 ], [ -91.255383575999986, 14.622928037000065 ], [ -91.255117306999978, 14.621972551000056 ], [ -91.254988082999944, 14.621073448000061 ], [ -91.255164055999956, 14.620386760000031 ], [ -91.25533885499999, 14.619922619000022 ], [ -91.25548153799997, 14.61919049100004 ], [ -91.255281010999965, 14.618578937000052 ], [ -91.254828895999935, 14.618165459000068 ], [ -91.254206572999976, 14.617562043000078 ], [ -91.253971877999959, 14.617016884000066 ], [ -91.253960034999977, 14.615652081000064 ], [ -91.254161135999937, 14.614721560000078 ], [ -91.25440572399998, 14.614013921000037 ], [ -91.254547174999971, 14.613437687000044 ], [ -91.254620159999945, 14.612789769000074 ], [ -91.254478988999949, 14.611934634000022 ], [ -91.253804190999972, 14.610852950000037 ], [ -91.253421539999977, 14.610240028000021 ], [ -91.252855958999987, 14.609726284000033 ], [ -91.252334374999975, 14.609444463000045 ], [ -91.251674055999956, 14.609395453000047 ], [ -91.250966389999974, 14.609611574000041 ], [ -91.249989634999963, 14.610625520000042 ], [ -91.249401809999938, 14.611530539000057 ], [ -91.249009944999955, 14.612082293000071 ], [ -91.248446845999979, 14.612720878000061 ], [ -91.247632093999982, 14.613492008000037 ], [ -91.246932093999988, 14.614129562000073 ], [ -91.246392921999984, 14.614602250000075 ], [ -91.245807653999975, 14.615108483000029 ], [ -91.24535839899994, 14.615726451000057 ], [ -91.245080526999971, 14.616311817000053 ], [ -91.244711845999973, 14.616863736000028 ], [ -91.24409058699996, 14.617591120000043 ], [ -91.243642378999937, 14.618075783000052 ], [ -91.243000829999971, 14.618581584000026 ], [ -91.242186968999988, 14.619162901000038 ], [ -91.241385633999982, 14.619700254000065 ], [ -91.24051525699997, 14.620238211000071 ], [ -91.240057698999976, 14.620511538000073 ], [ -91.239485155999944, 14.620873243000062 ], [ -91.239013427999964, 14.621468432000029 ], [ -91.238589259999969, 14.623228721000032 ], [ -91.238422395999976, 14.624148181000066 ], [ -91.23815418199996, 14.624900807000074 ], [ -91.237877160999972, 14.625375456000029 ], [ -91.23746252899997, 14.625938307000069 ], [ -91.236969345999967, 14.626311902000054 ], [ -91.23633922199997, 14.626762411000072 ], [ -91.235675500999946, 14.627133580000077 ], [ -91.234977986999979, 14.627450266000039 ], [ -91.234257757999956, 14.627778076000027 ], [ -91.233732078999935, 14.628006812000024 ], [ -91.232976120999979, 14.628521878000072 ], [ -91.232630542999971, 14.629007293000029 ], [ -91.232533689999968, 14.629728448000037 ], [ -91.232594904999985, 14.63056038700006 ], [ -91.232635848999962, 14.63117074400003 ], [ -91.232596831999956, 14.631769199000075 ], [ -91.232398457999977, 14.632344978000049 ], [ -91.231984863999969, 14.632774519000066 ], [ -91.231535449999967, 14.633402619000037 ], [ -91.231973408999977, 14.63420465400003 ], [ -91.232494176999978, 14.634663885000066 ], [ -91.23283195199997, 14.635154486000033 ], [ -91.233270895999965, 14.635834518000024 ], [ -91.234271459999945, 14.636074832000077 ], [ -91.234931486999983, 14.636169084000073 ], [ -91.235371857999951, 14.636671757000045 ], [ -91.235250484999938, 14.637557666000077 ], [ -91.234878459999948, 14.638519625000072 ], [ -91.234054680999975, 14.64040000600005 ], [ -91.233296233999965, 14.641147770000032 ], [ -91.232598092999979, 14.641609042000027 ], [ -91.231865773999971, 14.641990974000066 ], [ -91.231022584999948, 14.642018458000052 ], [ -91.229040396999949, 14.641992085000027 ], [ -91.228242286999944, 14.642041365000068 ], [ -91.227837953999938, 14.642759045000048 ], [ -91.227762274999975, 14.643657720000022 ], [ -91.227637741999956, 14.644932219000054 ], [ -91.227575406999961, 14.645614092000073 ], [ -91.228013460999989, 14.646404837000034 ], [ -91.229657309999936, 14.647460079000041 ], [ -91.230370043999983, 14.648075547000076 ], [ -91.230900708999968, 14.648678333000078 ], [ -91.230654702999971, 14.649475169000027 ], [ -91.229141530999982, 14.650639687000023 ], [ -91.228467407999972, 14.650922631000071 ], [ -91.227954559999944, 14.650918725000054 ], [ -91.227396461999945, 14.650914472000068 ], [ -91.226746790999982, 14.650898222000023 ], [ -91.226051241999983, 14.650959572000033 ], [ -91.225027015999956, 14.652282558000024 ], [ -91.224736439999958, 14.652990931000033 ], [ -91.224946677999981, 14.653757350000035 ], [ -91.225279637999961, 14.654846673000065 ], [ -91.225366075999943, 14.655424614000026 ], [ -91.225396019999948, 14.655956937000042 ], [ -91.225173361999964, 14.656732479000027 ], [ -91.224626272999956, 14.656728302000033 ], [ -91.223888492999947, 14.656411997000077 ], [ -91.223297944999956, 14.656184933000077 ], [ -91.22252356599995, 14.65609089700007 ], [ -91.22142755499999, 14.656381891000024 ], [ -91.220957846999966, 14.656710432000068 ], [ -91.220486422999954, 14.657251344000031 ], [ -91.220242611999936, 14.657770274000029 ], [ -91.220332624999969, 14.660777116000077 ], [ -91.219883150999976, 14.661400661000073 ], [ -91.21904885899994, 14.661682347000067 ], [ -91.218543462999946, 14.66218910300006 ], [ -91.218835536999961, 14.662734729000022 ], [ -91.219982525999967, 14.663176194000073 ], [ -91.220641109999974, 14.66345801600005 ], [ -91.221264204999954, 14.663895463000074 ], [ -91.220953399999985, 14.66430316900005 ], [ -91.217554851999978, 14.663257004000059 ], [ -91.217055200999937, 14.663053212000023 ], [ -91.21639707199995, 14.66271603000007 ], [ -91.215851536999935, 14.662589835000063 ], [ -91.214905592999969, 14.662615333000076 ], [ -91.214208478999979, 14.662865292000049 ], [ -91.21291514, 14.66358739900005 ], [ -91.211978758999976, 14.663863753000044 ], [ -91.21143157099999, 14.663869709000039 ], [ -91.210758874999954, 14.663898422000045 ], [ -91.209962799999971, 14.66375898900003 ], [ -91.209250893999979, 14.663044050000053 ], [ -91.208742982999979, 14.662430098000073 ], [ -91.207958213999973, 14.662256852000041 ], [ -91.207285165999963, 14.662329613000054 ], [ -91.206749485999978, 14.662348074000022 ], [ -91.205997954999987, 14.662297086000024 ], [ -91.205675337999935, 14.66272727300003 ], [ -91.205737559999989, 14.663493688000074 ], [ -91.20592591799999, 14.664160537000043 ], [ -91.206035115999953, 14.664716062000025 ], [ -91.206042742999955, 14.665204151000069 ], [ -91.205900127999939, 14.665902335000055 ], [ -91.205498839999962, 14.666231368000069 ], [ -91.204271450999954, 14.665833269000075 ], [ -91.20348738499996, 14.66557302800004 ], [ -91.202690010999959, 14.665521674000047 ], [ -91.202155181999956, 14.665506239000024 ], [ -91.201483571999972, 14.665401631000066 ], [ -91.200814950999984, 14.664931019000051 ], [ -91.200341477999984, 14.664294722000022 ], [ -91.199398557999984, 14.664020809000021 ], [ -91.198654223999938, 14.664437548000024 ], [ -91.198261503999959, 14.665066003000049 ], [ -91.19800478799999, 14.665807354000037 ], [ -91.198033390999967, 14.666495561000033 ], [ -91.198175925999976, 14.667228708000039 ], [ -91.198330485999975, 14.667839942000057 ], [ -91.198382804999937, 14.668395030000056 ], [ -91.198521952999954, 14.66947157900006 ], [ -91.198605868999948, 14.670348873000023 ], [ -91.197972638999943, 14.671153954000033 ], [ -91.197149532999958, 14.671479698000041 ], [ -91.196647248999966, 14.671597806000023 ], [ -91.195962333999944, 14.671769849000043 ], [ -91.195266174999972, 14.67189774600007 ], [ -91.194684453999969, 14.671938414000067 ], [ -91.194161005999945, 14.671877859000062 ], [ -91.19323755399995, 14.671915867000052 ], [ -91.19265205499994, 14.672487455000066 ], [ -91.192067605999966, 14.672860224000033 ], [ -91.191546244999984, 14.672545500000069 ], [ -91.190449915999977, 14.671450199000049 ], [ -91.190030797999952, 14.671191623000027 ], [ -91.189484500999981, 14.671087955000075 ], [ -91.18894680599999, 14.67134924000004 ], [ -91.188487032999944, 14.671800919000077 ], [ -91.18798192099996, 14.672262412000066 ], [ -91.187603401999979, 14.67257012400006 ], [ -91.187077202999944, 14.672843923000073 ], [ -91.186447860999976, 14.673171138000043 ], [ -91.185648359999959, 14.673376145000077 ], [ -91.185056263999968, 14.673337629000059 ], [ -91.184375994999982, 14.672944830000063 ], [ -91.183535087999985, 14.672682946000066 ], [ -91.18290839299999, 14.672689342000069 ], [ -91.182074938999961, 14.672860181000033 ], [ -91.181256392999956, 14.672631225000032 ], [ -91.180597388999956, 14.672404645000029 ], [ -91.179868280999983, 14.672376340000028 ], [ -91.179118192999965, 14.672149043000047 ], [ -91.178071659999944, 14.671986070000059 ], [ -91.177171129999977, 14.671989171000064 ], [ -91.176612990999956, 14.671984790000067 ], [ -91.175814312999989, 14.672090359000038 ], [ -91.174967175999939, 14.672581896000054 ], [ -91.174222437999958, 14.673109253000064 ], [ -91.173446577999982, 14.673191268000039 ], [ -91.172898935999967, 14.67332026400004 ], [ -91.172236170999952, 14.673547763000045 ], [ -91.17157293799994, 14.673831741000072 ], [ -91.170885336999959, 14.674324517000059 ], [ -91.170289061999938, 14.674719726000035 ], [ -91.169747229999984, 14.674149487000022 ], [ -91.16932985699998, 14.673614118000046 ], [ -91.168795089999946, 14.673520659000076 ], [ -91.167872500999977, 14.67352468100006 ], [ -91.167349856999977, 14.67329914000004 ], [ -91.167023889999939, 14.672797250000031 ], [ -91.166433648999941, 14.672537284000043 ], [ -91.166360378999968, 14.673113972000067 ], [ -91.166467441999941, 14.673913498000047 ], [ -91.166530361999946, 14.674579376000054 ], [ -91.166501731999972, 14.675299883000037 ], [ -91.165895353999986, 14.675583164000045 ], [ -91.165476051999974, 14.675280488000055 ], [ -91.165127433999942, 14.67471176600003 ], [ -91.165008121999961, 14.673990088000039 ], [ -91.165004029999977, 14.673158614000045 ], [ -91.165113198999961, 14.672382259000074 ], [ -91.165278850999982, 14.671651535000024 ], [ -91.165396810999937, 14.671142984000028 ], [ -91.164989676999937, 14.670773753000049 ], [ -91.164227640999968, 14.67059037100006 ], [ -91.164327422999975, 14.669548469000063 ], [ -91.164540064999983, 14.66867916700005 ], [ -91.164545149999981, 14.668069182000067 ], [ -91.164264353999954, 14.66757894400007 ], [ -91.163674318999938, 14.667296379000049 ], [ -91.163361425999938, 14.666550579000045 ], [ -91.163344158999962, 14.665907657000048 ], [ -91.162869134999937, 14.66547123600003 ], [ -91.162151011999981, 14.665520912000034 ], [ -91.160239181999941, 14.666571068000053 ], [ -91.159748504999982, 14.666689187000031 ], [ -91.159502414999963, 14.666143866000027 ], [ -91.160216540999954, 14.665183649000028 ], [ -91.160562510999966, 14.664676903000043 ], [ -91.160725948999982, 14.664211641000065 ], [ -91.160696625999947, 14.663623977000043 ], [ -91.159811188999981, 14.663283715000034 ], [ -91.159153537999941, 14.662902325000061 ], [ -91.159203611999942, 14.662325456000076 ], [ -91.159355996999977, 14.661794588000078 ], [ -91.15939597199997, 14.661106933000042 ], [ -91.158714133999979, 14.660912877000044 ], [ -91.158085994999965, 14.661096556000075 ], [ -91.157410267999978, 14.661489975000052 ], [ -91.156184226999983, 14.662334285000043 ], [ -91.155279575999941, 14.662904370000035 ], [ -91.154796115999943, 14.663477794000073 ], [ -91.154677482999944, 14.664064281000037 ], [ -91.154581847999964, 14.664606895000077 ], [ -91.154144096999971, 14.665125326000066 ], [ -91.15358589799996, 14.665131060000022 ], [ -91.153014316999986, 14.665349063000065 ], [ -91.152680482999983, 14.665790368000046 ], [ -91.152154349999989, 14.665985009000053 ], [ -91.150991043999966, 14.664811064000048 ], [ -91.15062919899998, 14.664442173000054 ], [ -91.150417732999983, 14.663853061000054 ], [ -91.150798140999939, 14.663324013000022 ], [ -91.151360531999956, 14.662817878000055 ], [ -91.151979426999958, 14.662422895000077 ], [ -91.15274448699995, 14.66224032100007 ], [ -91.153394141999968, 14.662190130000056 ], [ -91.15415845199999, 14.662096789000032 ], [ -91.154866074999973, 14.661913752000032 ], [ -91.155099549999989, 14.661261527000022 ], [ -91.153804412999989, 14.66079598500005 ], [ -91.153226100999973, 14.660503324000047 ], [ -91.153277393999986, 14.65978300300003 ], [ -91.153826332999984, 14.659564818000035 ], [ -91.154094965999946, 14.65880216100004 ], [ -91.154071954999949, 14.658224717000053 ] ] ] ] } },
{ "type": "Feature", "properties": { "Codigo": 915, "datos_finales_color_riesgo": "152640" }, "geometry": { "type": "MultiPolygon", "coordinates": [ [ [ [ -91.61713524399994, 15.024213521000036 ], [ -91.618428460999951, 15.024231550000025 ], [ -91.621858558999975, 15.022057036000035 ], [ -91.622904004999953, 15.021915357000069 ], [ -91.623650174999966, 15.020854410000027 ], [ -91.62913038399995, 15.017660601000046 ], [ -91.63084487499998, 15.016417902000057 ], [ -91.632509535999986, 15.014416745000062 ], [ -91.634755844999972, 15.012438269000029 ], [ -91.63649720699999, 15.011896202000059 ], [ -91.638549256999966, 15.013598782000031 ], [ -91.638929754999936, 15.014551281000024 ], [ -91.641125189999968, 15.016106686000057 ], [ -91.64721289, 15.016905637000036 ], [ -91.647986552999953, 15.016165646000047 ], [ -91.648233849999897, 15.01436835100003 ], [ -91.648658137999973, 15.014002530000027 ], [ -91.651492098999938, 15.014316504000021 ], [ -91.655173546999947, 15.018158421000066 ], [ -91.656981601999973, 15.018665121000026 ], [ -91.659504537999965, 15.020117213000049 ], [ -91.660641614999975, 15.022989295000059 ], [ -91.662864773999956, 15.02573443600005 ], [ -91.663748726999984, 15.026791555000045 ], [ -91.664327364999963, 15.02721753000003 ], [ -91.665761389999943, 15.02796941400004 ], [ -91.662037191999957, 15.04715099200007 ], [ -91.661432092999974, 15.04853491700004 ], [ -91.660778128999937, 15.052621226000042 ], [ -91.660044609999943, 15.053990829000043 ], [ -91.660135525999976, 15.058046501000035 ], [ -91.65936818299997, 15.059522110000046 ], [ -91.657680501999948, 15.061275871000078 ], [ -91.652347216999942, 15.064461006000045 ], [ -91.650431646999948, 15.064720788000045 ], [ -91.648309598999958, 15.063703695000072 ], [ -91.645581418999939, 15.063937122000027 ], [ -91.642042418999949, 15.066245757000047 ], [ -91.63940972499995, 15.066635602000076 ], [ -91.637189092999961, 15.066499112000031 ], [ -91.63519735899996, 15.065021697000077 ], [ -91.633488261999958, 15.064446474000022 ], [ -91.627250222999976, 15.064502585000071 ], [ -91.625221112999952, 15.063428224000063 ], [ -91.62131029699998, 15.063407878000078 ], [ -91.619288755999946, 15.064142421000042 ], [ -91.616768331999936, 15.065783439000029 ], [ -91.615575483999976, 15.066928619000066 ], [ -91.611237435999954, 15.071906235000029 ], [ -91.609323246999963, 15.072745284000064 ], [ -91.607645892999983, 15.072746288000076 ], [ -91.605198715999961, 15.071773127000029 ], [ -91.601550435999968, 15.071150701000022 ], [ -91.5987067, 15.071702590000029 ], [ -91.595849773999987, 15.073642947000053 ], [ -91.590370435999944, 15.079852482000035 ], [ -91.587316822999981, 15.078356756000062 ], [ -91.585187090999966, 15.076248737000071 ], [ -91.58265615, 15.075470281000037 ], [ -91.580155359999935, 15.074006168000039 ], [ -91.57733733799995, 15.071378564000042 ], [ -91.576120518999971, 15.070848937000051 ], [ -91.57472826299994, 15.069163505000063 ], [ -91.574333227999944, 15.067109228000049 ], [ -91.57459767499995, 15.062579090000042 ], [ -91.575373664999972, 15.061463161000063 ], [ -91.575395904999937, 15.06065433200007 ], [ -91.576474958999938, 15.059422796000035 ], [ -91.579276544999971, 15.058719517000043 ], [ -91.58517767799998, 15.059372155000062 ], [ -91.589545948999955, 15.058412994000037 ], [ -91.603591079999944, 15.058052443000065 ], [ -91.604674455999941, 15.056220832000065 ], [ -91.605514617999972, 15.050040030000048 ], [ -91.60558621399997, 15.038044771000045 ], [ -91.608941091999952, 15.032820527000069 ], [ -91.60946940499997, 15.032743541000059 ], [ -91.612235637999959, 15.030069120000064 ], [ -91.61713524399994, 15.024213521000036 ] ] ] ] } },
{ "type": "Feature", "properties": { "Codigo": 1005, "datos_finales_color_riesgo": "152640" }, "geometry": { "type": "MultiPolygon", "coordinates": [ [ [ [ -91.43832613, 14.477840938000043 ], [ -91.434138858999972, 14.477440250000029 ], [ -91.432512577999944, 14.475953853000021 ], [ -91.43251149799994, 14.47189548800003 ], [ -91.433654839999974, 14.470731467000064 ], [ -91.433701292999956, 14.469977048000032 ], [ -91.432908529999963, 14.467365244000064 ], [ -91.431268284999987, 14.465896831000066 ], [ -91.429607395999938, 14.461263612000039 ], [ -91.428235760999939, 14.459529205000024 ], [ -91.427149887999974, 14.459451903000058 ], [ -91.426163661999965, 14.459960515000034 ], [ -91.424823194999988, 14.462528691000045 ], [ -91.423819307999963, 14.468907762000072 ], [ -91.42274785799998, 14.468998879000026 ], [ -91.422032985999977, 14.468182867000053 ], [ -91.421987139999942, 14.464659757000049 ], [ -91.421381185999962, 14.463774427000033 ], [ -91.419594187999962, 14.463069851000057 ], [ -91.417372366999984, 14.462861721000024 ], [ -91.416720917999953, 14.462345529000061 ], [ -91.41697415699997, 14.459659377000037 ], [ -91.418111846999977, 14.456345332000069 ], [ -91.41785175199999, 14.454186745000072 ], [ -91.416917694999938, 14.453632503000051 ], [ -91.41131190499999, 14.452077399000075 ], [ -91.406595646999961, 14.452287323000064 ], [ -91.40595947099996, 14.452808385000026 ], [ -91.405549245999964, 14.456031246000066 ], [ -91.404459892999967, 14.458152450000057 ], [ -91.403286401999935, 14.459551120000071 ], [ -91.402553846999979, 14.460007117000032 ], [ -91.401961717999939, 14.460363508000057 ], [ -91.401260210999965, 14.460611826000047 ], [ -91.398791469999935, 14.460243673000036 ], [ -91.395161166999969, 14.459040554000069 ], [ -91.391838141999983, 14.460418848000074 ], [ -91.389861372999974, 14.462659312000028 ], [ -91.389596400999949, 14.465077558000075 ], [ -91.386489167999969, 14.468106764000026 ], [ -91.386156821999975, 14.469090809000022 ], [ -91.38429171599995, 14.469179691000022 ], [ -91.376963519999947, 14.469768720000047 ], [ -91.374626500999966, 14.466749566000033 ], [ -91.373674040999958, 14.462919726000052 ], [ -91.373999038999955, 14.45880722000004 ], [ -91.373903315999939, 14.456903968000063 ], [ -91.375073276999956, 14.454576737000025 ], [ -91.37511725, 14.45355117500003 ], [ -91.378413213999977, 14.451104133000058 ], [ -91.380365808999954, 14.447557537000023 ], [ -91.382148408999967, 14.445464949000041 ], [ -91.382765947999985, 14.44287401400004 ], [ -91.383037082999977, 14.441852265000023 ], [ -91.383456695999939, 14.441300406000039 ], [ -91.384019044999945, 14.440729189000024 ], [ -91.384405652999988, 14.44025166800003 ], [ -91.384780792999948, 14.439837339000064 ], [ -91.38517748199996, 14.439488684000025 ], [ -91.38565015599994, 14.439213989000052 ], [ -91.386199412999986, 14.438929646000076 ], [ -91.386979859999897, 14.438497751000057 ], [ -91.387760685999979, 14.438012753000066 ], [ -91.388288374999945, 14.437663859000054 ], [ -91.388761339999974, 14.437347355000043 ], [ -91.389629837999962, 14.436841483000023 ], [ -91.390322210999955, 14.436483542000076 ], [ -91.390904956999975, 14.436135017000026 ], [ -91.39172954899999, 14.43560737100006 ], [ -91.392510736999952, 14.43506925500003 ], [ -91.393016383999964, 14.434720199000026 ], [ -91.393765297999948, 14.434074528000053 ], [ -91.394140709999988, 14.433618379000052 ], [ -91.394473251999955, 14.433077200000071 ], [ -91.394707040999947, 14.432565855000064 ], [ -91.395017437999968, 14.431960126000035 ], [ -91.39534064899999, 14.431183881000038 ], [ -91.39560703799998, 14.430652420000058 ], [ -91.395842033999941, 14.429971607000027 ], [ -91.395998489999954, 14.429492499000048 ], [ -91.396155173999944, 14.428981756000042 ], [ -91.395614512999941, 14.428070836000074 ], [ -91.395212232999938, 14.427748361000056 ], [ -91.394787582999982, 14.427392968000049 ], [ -91.39409199399995, 14.426748756000052 ], [ -91.393624720999981, 14.42627557000003 ], [ -91.393506693999939, 14.425436441000045 ], [ -91.394060542999966, 14.424424505000047 ], [ -91.394670307999945, 14.42361631600005 ], [ -91.395246588999953, 14.423031602000037 ], [ -91.39594382599995, 14.422472561000063 ], [ -91.39653918199997, 14.421894752000071 ], [ -91.396874082999943, 14.421344544000021 ], [ -91.397176961999946, 14.420733110000072 ], [ -91.397366450999982, 14.420010181000066 ], [ -91.397478466999985, 14.419502523000062 ], [ -91.397558826999955, 14.418882797000037 ], [ -91.397526353999979, 14.418154973000071 ], [ -91.397514712999964, 14.417107551000072 ], [ -91.397550433999982, 14.416488651000066 ], [ -91.397796157999949, 14.415925408000078 ], [ -91.398200540999937, 14.415383580000025 ], [ -91.398841471999958, 14.414669360000062 ], [ -91.399424721999935, 14.414077901000041 ], [ -91.399842909999961, 14.413387023000041 ], [ -91.399923121999961, 14.412786502000074 ], [ -91.39990837199997, 14.412172909000049 ], [ -91.399811636999971, 14.41151469600004 ], [ -91.399723480999967, 14.410466755000073 ], [ -91.399850523999987, 14.40963832500006 ], [ -91.40014053699997, 14.409039225000072 ], [ -91.400545173999944, 14.408458977000066 ], [ -91.40098194899997, 14.407841661000077 ], [ -91.401292005999949, 14.407194111000024 ], [ -91.401356803999988, 14.406152853000037 ], [ -91.401374472999976, 14.40538130300007 ], [ -91.401462288999937, 14.404688187000033 ], [ -91.401647453999942, 14.40367259900006 ], [ -91.401677580999944, 14.403023153000049 ], [ -91.401625417999981, 14.402290676000064 ], [ -91.40141919499996, 14.40178763800003 ], [ -91.401048193999941, 14.401228124000056 ], [ -91.400690749999967, 14.400555721000046 ], [ -91.400522777999981, 14.400052941000069 ], [ -91.400247585999978, 14.399387872000034 ], [ -91.399907105999944, 14.399019505000069 ], [ -91.399483085999975, 14.398744346000058 ], [ -91.399234773999979, 14.397804912000026 ], [ -91.399163300999987, 14.397099418000039 ], [ -91.398992685999985, 14.396480247000056 ], [ -91.398765809999986, 14.396030173000042 ], [ -91.39850624799999, 14.395612640000024 ], [ -91.398138675999974, 14.394980838000038 ], [ -91.397794193999971, 14.394200054000066 ], [ -91.397644883999988, 14.393601367000031 ], [ -91.397479404999956, 14.392669271000045 ], [ -91.397264874999962, 14.391545904000054 ], [ -91.397180004999939, 14.390931833000025 ], [ -91.397099382999954, 14.389803725000036 ], [ -91.39709105899999, 14.389183395000032 ], [ -91.397126768999954, 14.388564493000047 ], [ -91.397259258999952, 14.387864903000036 ], [ -91.397402812999985, 14.387320171000056 ], [ -91.397628946999987, 14.386572630000046 ], [ -91.398078355999985, 14.386209612000073 ], [ -91.399218816999962, 14.385811726000043 ], [ -91.399676883999973, 14.385615977000043 ], [ -91.400125506999984, 14.385362542000053 ], [ -91.400624980999964, 14.385048439000059 ], [ -91.401126015999978, 14.384596508000072 ], [ -91.401618582999959, 14.383867709000071 ], [ -91.401989943999979, 14.383069171000045 ], [ -91.40240391399999, 14.381982816000061 ], [ -91.402642827999955, 14.381227444000046 ], [ -91.403029237999988, 14.379695750000053 ], [ -91.403125001999967, 14.379023018000055 ], [ -91.403306826999938, 14.377737374000048 ], [ -91.403320844999939, 14.377232437000032 ], [ -91.403092967999953, 14.376434371000073 ], [ -91.402612651999959, 14.375441401000046 ], [ -91.402131217999965, 14.37460659900006 ], [ -91.40170928799995, 14.373960880000027 ], [ -91.401311189999944, 14.373468975000037 ], [ -91.401689515999976, 14.372747313000048 ], [ -91.402259527999945, 14.372125235000055 ], [ -91.402969903999974, 14.371484899000052 ], [ -91.403564169999981, 14.371036975000038 ], [ -91.404158264999978, 14.37061277600003 ], [ -91.405212019999965, 14.369926163000059 ], [ -91.405953587999988, 14.369379799000058 ], [ -91.406720093999979, 14.368911562000051 ], [ -91.407219950999945, 14.36861890800003 ], [ -91.408046205999938, 14.368059549000066 ], [ -91.40857759499994, 14.367568255000037 ], [ -91.408895534999942, 14.36710490400003 ], [ -91.409306631999982, 14.366415079000035 ], [ -91.409605051999961, 14.365843129000041 ], [ -91.410110634999967, 14.364738160000059 ], [ -91.410431223999979, 14.363898586000062 ], [ -91.410956703999943, 14.362764372000072 ], [ -91.411306179999897, 14.362182593000057 ], [ -91.411664944999984, 14.361679965000064 ], [ -91.412157700999956, 14.360911593000026 ], [ -91.412445005999984, 14.360516946000075 ], [ -91.412803971999949, 14.35998494100005 ], [ -91.413204403999941, 14.359324411000046 ], [ -91.413462028999959, 14.358782685000051 ], [ -91.413751556999955, 14.358071701000028 ], [ -91.413907227999971, 14.357607252000037 ], [ -91.414084291999984, 14.356984768000075 ], [ -91.414344845999949, 14.356026152000027 ], [ -91.41447153699994, 14.355315206000057 ], [ -91.414567340999952, 14.35471138500003 ], [ -91.41464276399995, 14.354039639000064 ], [ -91.414688411999975, 14.353316849000066 ], [ -91.414672027999984, 14.352763120000077 ], [ -91.41456496, 14.352168112000072 ], [ -91.414194623999947, 14.351354412000035 ], [ -91.413984889999938, 14.350857012000063 ], [ -91.413707312999975, 14.349954678000074 ], [ -91.413560986999983, 14.349092766000069 ], [ -91.413565655999946, 14.34842958400003 ], [ -91.413589418999948, 14.347934875000021 ], [ -91.413868425999965, 14.34723398400007 ], [ -91.414289824999969, 14.346554384000058 ], [ -91.414537220999989, 14.345980952000048 ], [ -91.41468363499996, 14.34534809400003 ], [ -91.414748713999984, 14.344745196000076 ], [ -91.414826384999969, 14.343835068000033 ], [ -91.415246644999968, 14.343233415000043 ], [ -91.41582720599996, 14.342989859000056 ], [ -91.416622092999944, 14.342589555000075 ], [ -91.417100400999971, 14.342384859000049 ], [ -91.417609968999955, 14.342101280000065 ], [ -91.418089752999947, 14.341767789000073 ], [ -91.418793788999949, 14.341267447000064 ], [ -91.419630584999936, 14.340590601000031 ], [ -91.42020357199999, 14.340020460000062 ], [ -91.420684297999969, 14.339468910000051 ], [ -91.421094889999949, 14.338837804000036 ], [ -91.421526168999947, 14.338148083000021 ], [ -91.421967429999938, 14.337439221000068 ], [ -91.422532850999971, 14.33645776000003 ], [ -91.422954735999951, 14.335618833000069 ], [ -91.423140931999967, 14.335174914000049 ], [ -91.423329383999942, 14.334325398000033 ], [ -91.423447084999964, 14.333484448000036 ], [ -91.423606376999942, 14.332495765000033 ], [ -91.423413787999948, 14.331450515000029 ], [ -91.423319461999938, 14.330356202000075 ], [ -91.423193516999959, 14.327650528000049 ], [ -91.422365083999978, 14.324238554000033 ], [ -91.420057344999975, 14.317126685000062 ], [ -91.418717749999985, 14.314494285000023 ], [ -91.417826740999942, 14.310269533000053 ], [ -91.417201947999956, 14.309396526000057 ], [ -91.415015183999969, 14.301429018000022 ], [ -91.413840494999988, 14.298183069000061 ], [ -91.413131341999986, 14.29736824400004 ], [ -91.413172219999979, 14.296000282000023 ], [ -91.412286072999962, 14.294074773000034 ], [ -91.411060807999945, 14.289956242000073 ], [ -91.411738726999943, 14.289769824000075 ], [ -91.420621953999955, 14.284318703000054 ], [ -91.427214937999963, 14.28262012700003 ], [ -91.427969134999955, 14.282790068000054 ], [ -91.429418699999985, 14.284512483000071 ], [ -91.430086327999959, 14.287142652000057 ], [ -91.434020157999953, 14.313094067000065 ], [ -91.433784583999966, 14.314983879000067 ], [ -91.434523890999969, 14.316064365000045 ], [ -91.434980680999956, 14.320375483000078 ], [ -91.435582239999974, 14.320936460000041 ], [ -91.43751102799996, 14.32101356000004 ], [ -91.438353780999989, 14.321718477000047 ], [ -91.439937648999944, 14.321237403000055 ], [ -91.440781950999963, 14.320880266000074 ], [ -91.442042692999962, 14.320541675000072 ], [ -91.442907763999983, 14.320280704000027 ], [ -91.443986074999941, 14.319930738000039 ], [ -91.444708521999985, 14.31968351300003 ], [ -91.44552424599999, 14.319183808000048 ], [ -91.446260694999978, 14.318332198000064 ], [ -91.446875234999936, 14.317514813000059 ], [ -91.447142474999964, 14.317071398000053 ], [ -91.447574244999942, 14.31629236200007 ], [ -91.447770636999962, 14.315788602000055 ], [ -91.447977216999959, 14.315235194000024 ], [ -91.448185014999979, 14.314504405000037 ], [ -91.44835147799995, 14.313971072000072 ], [ -91.448600299999953, 14.313171630000056 ], [ -91.448868151999989, 14.312637826000071 ], [ -91.449389495999981, 14.312058226000033 ], [ -91.450010705999944, 14.311784333000048 ], [ -91.45118969899994, 14.311614633000033 ], [ -91.452308002999985, 14.311339455000052 ], [ -91.45316192699994, 14.311176667000041 ], [ -91.454634644999942, 14.311007729000039 ], [ -91.455600440999945, 14.310836620000032 ], [ -91.457164827999975, 14.310647925000069 ], [ -91.457672589999959, 14.310611677000054 ], [ -91.458201236999969, 14.310486302000072 ], [ -91.458669315999941, 14.310322119000034 ], [ -91.459443215999954, 14.309999477000076 ], [ -91.459840851999957, 14.309715071000028 ], [ -91.460158591999971, 14.309252756000035 ], [ -91.460123771999974, 14.308410787000071 ], [ -91.459903904999976, 14.307943860000023 ], [ -91.459404931999984, 14.307286437000073 ], [ -91.459392351999952, 14.306667194000056 ], [ -91.459665555999948, 14.305853204000073 ], [ -91.460004511999955, 14.30525205400005 ], [ -91.460425859999987, 14.304716969000026 ], [ -91.460948345999952, 14.304132825000067 ], [ -91.461706978999985, 14.303240626000047 ], [ -91.462516555999969, 14.30226740300003 ], [ -91.463089512999943, 14.301586408000048 ], [ -91.463595620999968, 14.30093774900007 ], [ -91.463968467999962, 14.300205747000064 ], [ -91.464106047999962, 14.29965300300006 ], [ -91.464060084999971, 14.298999647000073 ], [ -91.463917126999945, 14.297955859000069 ], [ -91.463903818999938, 14.29744168700006 ], [ -91.463707898999985, 14.296690192000028 ], [ -91.463411233999977, 14.296100747000025 ], [ -91.462996638999982, 14.295560255000055 ], [ -91.462514320999958, 14.295182022000063 ], [ -91.461848228999941, 14.294738202000076 ], [ -91.461283612999978, 14.294195605000027 ], [ -91.46081909899999, 14.293670605000045 ], [ -91.46040418399997, 14.293178689000058 ], [ -91.45998771699999, 14.292914997000025 ], [ -91.459520761999954, 14.292749273000027 ], [ -91.458752250999964, 14.29263018100005 ], [ -91.457967190999966, 14.292559564000044 ], [ -91.457281426999941, 14.292539300000044 ], [ -91.456143847999954, 14.292597452000052 ], [ -91.45559248699999, 14.292576926000038 ], [ -91.455041651999977, 14.29239483300006 ], [ -91.45436026699997, 14.291818700000022 ], [ -91.454212771999948, 14.291361278000068 ], [ -91.454222680999976, 14.289910603000067 ], [ -91.454312553999955, 14.28896549600006 ], [ -91.454540274999943, 14.287515105000068 ], [ -91.454645833999962, 14.28673279700007 ], [ -91.454700099999968, 14.286081222000064 ], [ -91.454704217999961, 14.285477903000071 ], [ -91.454508467999972, 14.284791937000023 ], [ -91.454047104999972, 14.283810484000071 ], [ -91.453884372999937, 14.283124733000022 ], [ -91.453707768999948, 14.282095414000025 ], [ -91.453727437999987, 14.281590495000046 ], [ -91.453781171999935, 14.281101614000022 ], [ -91.453968581999959, 14.280548070000066 ], [ -91.454155899999989, 14.280092823000075 ], [ -91.454444205999948, 14.279524115000072 ], [ -91.454730928999936, 14.279102278000039 ], [ -91.455658168999946, 14.278023628000028 ], [ -91.456297819999975, 14.277408610000066 ], [ -91.456836818999989, 14.276857342000028 ], [ -91.458453768999959, 14.275123307000058 ], [ -91.459985716999938, 14.273534460000064 ], [ -91.460543929999972, 14.272625137000034 ], [ -91.461034171999984, 14.271829492000052 ], [ -91.461356041999977, 14.27126099000003 ], [ -91.461494722999987, 14.27054329200007 ], [ -91.461498703999951, 14.269956918000048 ], [ -91.461485892999974, 14.269369306000044 ], [ -91.461389533999977, 14.268716753000035 ], [ -91.460793813999942, 14.267815793000068 ], [ -91.460061305999943, 14.267354596000075 ], [ -91.45942723099995, 14.267155033000051 ], [ -91.458826090999935, 14.26705284600007 ], [ -91.458090591999962, 14.267032270000072 ], [ -91.457505135999952, 14.267094015000055 ], [ -91.45698618299997, 14.267172005000077 ], [ -91.456181388999937, 14.267460557000049 ], [ -91.455444226999987, 14.267684014000054 ], [ -91.454525122999939, 14.267661107000038 ], [ -91.453991703999975, 14.267396650000023 ], [ -91.453345403999947, 14.266528113000049 ], [ -91.453131643999939, 14.266021677000026 ], [ -91.452935575999959, 14.265384294000057 ], [ -91.452738814999975, 14.264763852000044 ], [ -91.452395163999938, 14.263684866000062 ], [ -91.451934398999981, 14.262622064000027 ], [ -91.451256975999968, 14.261394027000051 ], [ -91.450529852999978, 14.260150976000034 ], [ -91.450017824999975, 14.259217773000046 ], [ -91.449294432999977, 14.257938587000069 ], [ -91.449920615999986, 14.257507664000059 ], [ -91.45104532, 14.257442662000074 ], [ -91.452469974999985, 14.257305029000065 ], [ -91.452994141999966, 14.257308430000023 ], [ -91.45434407099998, 14.257171431000074 ], [ -91.455168760999982, 14.257103332000042 ], [ -91.455768715999966, 14.257034907000047 ], [ -91.457718614999976, 14.256827203000057 ], [ -91.460043647999953, 14.256477282000048 ], [ -91.462066763999985, 14.256490337000059 ], [ -91.46348893399994, 14.256718698000043 ], [ -91.464982856999939, 14.257385901000077 ], [ -91.465954585999953, 14.257758231000025 ], [ -91.467150560999983, 14.258204309000064 ], [ -91.468418790999976, 14.259015796000028 ], [ -91.46871338599999, 14.259822152000027 ], [ -91.469156927999961, 14.260701779000044 ], [ -91.469751967999969, 14.261363183000071 ], [ -91.471175162999941, 14.261445754000022 ], [ -91.472227058999977, 14.26101410800004 ], [ -91.47289879799996, 14.261383360000025 ], [ -91.472968593999951, 14.262114833000055 ], [ -91.472962689999974, 14.262991574000068 ], [ -91.472658808999938, 14.263647212000024 ], [ -91.471975734999944, 14.264959131000069 ], [ -91.471972292999965, 14.26546981100006 ], [ -91.473092526999949, 14.265988821000064 ], [ -91.47413854199999, 14.266433908000067 ], [ -91.474659871999961, 14.266949077000049 ], [ -91.475025781999989, 14.268266589000064 ], [ -91.475244128999975, 14.269218207000051 ], [ -91.475911467999936, 14.270246139000051 ], [ -91.477103602999989, 14.271276296000053 ], [ -91.47829819399999, 14.271942641000066 ], [ -91.47911411299998, 14.273189581000054 ], [ -91.479846727999984, 14.275716131000024 ], [ -91.480142278999949, 14.276302161000046 ], [ -91.481037346999983, 14.276893146000077 ], [ -91.481705317999968, 14.277919938000025 ], [ -91.481692578999969, 14.279820303000065 ], [ -91.481536673999983, 14.280696091000038 ], [ -91.481603557999961, 14.281865936000031 ], [ -91.481823012999939, 14.28274411600006 ], [ -91.483690965999983, 14.283560488000035 ], [ -91.485633666999945, 14.28437619500005 ], [ -91.487424970999939, 14.285484691000022 ], [ -91.488014758999952, 14.286949366000044 ], [ -91.488365140999974, 14.290606737000076 ], [ -91.489158239999938, 14.295288325000058 ], [ -91.489449927999942, 14.296459598000069 ], [ -91.489297049999948, 14.296970461000058 ], [ -91.488771229999941, 14.29711287300006 ], [ -91.488172625999937, 14.296963317000063 ], [ -91.487500757999953, 14.296594096000035 ], [ -91.486677394999958, 14.29644197600004 ], [ -91.486075860999961, 14.296730784000033 ], [ -91.485467477999975, 14.298042085000077 ], [ -91.484472518999951, 14.301105608000057 ], [ -91.483397406999984, 14.304971953000063 ], [ -91.483380245999967, 14.307529871000042 ], [ -91.48396367, 14.309945868000057 ], [ -91.484775319999983, 14.311851487000069 ], [ -91.484693726999978, 14.312873499000034 ], [ -91.484013886999946, 14.313600191000035 ], [ -91.482957822999936, 14.314617114000043 ], [ -91.482426403999966, 14.315672407000022 ], [ -91.482421, 14.316476838000028 ], [ -91.48203732099995, 14.317789557000026 ], [ -91.480974835999973, 14.319756645000041 ], [ -91.480145001999972, 14.320554672000071 ], [ -91.479168547999961, 14.320841058000042 ], [ -91.477969270999949, 14.320833375000063 ], [ -91.477294398999959, 14.320902492000073 ], [ -91.476690822999956, 14.321482762000073 ], [ -91.476536329999988, 14.322139354000058 ], [ -91.476531396999974, 14.322870346000059 ], [ -91.476527447999956, 14.323455590000037 ], [ -91.476145201999941, 14.324549107000053 ], [ -91.47546489399997, 14.325421516000063 ], [ -91.47425670399997, 14.326728918000072 ], [ -91.473044046999973, 14.328694996000024 ], [ -91.47213198299994, 14.330589559000032 ], [ -91.471145576999959, 14.33233675300005 ], [ -91.46963629399994, 14.33386138000003 ], [ -91.46902967699998, 14.33488112200007 ], [ -91.468949391999956, 14.335611624000023 ], [ -91.469613979999963, 14.337150263000069 ], [ -91.469605055999978, 14.338465366000037 ], [ -91.469518820999951, 14.340072602000077 ], [ -91.468686382999977, 14.34123663500003 ], [ -91.468075268999939, 14.342913922000037 ], [ -91.467990097999973, 14.344447724000077 ], [ -91.467980659999967, 14.345836259000066 ], [ -91.468198520999977, 14.346861321000063 ], [ -91.46856397199997, 14.348252280000054 ], [ -91.468931416999965, 14.349350618000074 ], [ -91.468475731999945, 14.350152136000077 ], [ -91.468022118999954, 14.350733342000069 ], [ -91.466894287999935, 14.351274033000038 ], [ -91.465011926999978, 14.35250469500005 ], [ -91.464327415999946, 14.353888857000072 ], [ -91.463939556999946, 14.355786763000026 ], [ -91.463247626999987, 14.358340274000057 ], [ -91.463003349999951, 14.361188189000075 ], [ -91.46299387, 14.362576721000039 ], [ -91.462980894999987, 14.364477054000076 ], [ -91.462672820999956, 14.365717896000035 ], [ -91.462442913999951, 14.366373980000049 ], [ -91.461536581999951, 14.367390614000044 ], [ -91.456934874999945, 14.371599882000055 ], [ -91.45580507699998, 14.372323529000028 ], [ -91.455649475999962, 14.373125838000021 ], [ -91.455645961999949, 14.373637638000048 ], [ -91.455717780999976, 14.374149930000044 ], [ -91.45623821099997, 14.374737458000027 ], [ -91.45698456599996, 14.375254148000067 ], [ -91.45810327099997, 14.376065895000067 ], [ -91.458547026999952, 14.377018991000057 ], [ -91.459074949999945, 14.379305862000024 ], [ -91.459311956999954, 14.380239537000023 ], [ -91.460113423999985, 14.380920407000076 ], [ -91.460617711999987, 14.381160956000031 ], [ -91.461740293999981, 14.381497044000071 ], [ -91.462579603999984, 14.382069689000048 ], [ -91.463601323999967, 14.383427631000075 ], [ -91.464151969999989, 14.385112432000028 ], [ -91.464138735999938, 14.387048917000072 ], [ -91.463795206999976, 14.389570782000021 ], [ -91.463707132999957, 14.390245863000075 ], [ -91.463675089999981, 14.391456857000037 ], [ -91.463634862999982, 14.392084796000063 ], [ -91.463129153999944, 14.392640786000072 ], [ -91.462627434999945, 14.39261379900006 ], [ -91.461935198999981, 14.392562972000064 ], [ -91.461325227999964, 14.392686676000039 ], [ -91.460904964999941, 14.392951716000027 ], [ -91.460674609999955, 14.393498193000028 ], [ -91.460706376999951, 14.394021523000049 ], [ -91.461443203999977, 14.39458559600007 ], [ -91.462122577999935, 14.39482276800004 ], [ -91.462992962999976, 14.395096202000047 ], [ -91.463588541999968, 14.395297801000027 ], [ -91.464326415999949, 14.395710472000076 ], [ -91.464814381999986, 14.395970119000026 ], [ -91.465218422999953, 14.396298139000066 ], [ -91.465583901999935, 14.397011192000036 ], [ -91.46558048199995, 14.397511695000048 ], [ -91.465193219999946, 14.398289910000074 ], [ -91.464237452999953, 14.398295001000065 ], [ -91.463475809999977, 14.397882171000049 ], [ -91.462770491999947, 14.397877584000071 ], [ -91.462539739999954, 14.398481686000025 ], [ -91.462667949999968, 14.398971746000029 ], [ -91.462615296999957, 14.399635758000045 ], [ -91.462264016999939, 14.40032042200005 ], [ -91.461743688999945, 14.401314696000043 ], [ -91.461547802999974, 14.401989072000049 ], [ -91.46147300199999, 14.402501538000024 ], [ -91.46146730199996, 14.403333071000077 ], [ -91.461505515999988, 14.403846275000035 ], [ -91.461773608999977, 14.404814044000034 ], [ -91.46185232299996, 14.405507156000056 ], [ -91.46179861, 14.406409558000064 ], [ -91.461615586999983, 14.406897590000028 ], [ -91.460930373999986, 14.407591377000074 ], [ -91.460413968999944, 14.407925835000071 ], [ -91.45982599499996, 14.408300502000031 ], [ -91.459283782999989, 14.409016682000072 ], [ -91.45944579199994, 14.409732933000043 ], [ -91.459590164999952, 14.410485225000059 ], [ -91.459574471999986, 14.410998075000066 ], [ -91.459390863999943, 14.411654451000061 ], [ -91.459182551999959, 14.412447376000046 ], [ -91.459045465999964, 14.413249806000067 ], [ -91.459006044999967, 14.413756852000063 ], [ -91.458860405999985, 14.414960321000024 ], [ -91.458712243999969, 14.415686977000064 ], [ -91.458689315999948, 14.416408801000046 ], [ -91.458742210999958, 14.417398895000076 ], [ -91.458599641999967, 14.418154963000063 ], [ -91.458172005999984, 14.418641395000066 ], [ -91.457721164999953, 14.419046325000068 ], [ -91.457312592999983, 14.419457178000073 ], [ -91.456801891999987, 14.419884313000068 ], [ -91.456290429999967, 14.420422166000037 ], [ -91.455801682999947, 14.421111565000047 ], [ -91.455493155999989, 14.42163944400005 ], [ -91.455171748999987, 14.42235366400007 ], [ -91.454521456999942, 14.423100755000064 ], [ -91.453904094999984, 14.423358834000055 ], [ -91.453268905999948, 14.423680068000067 ], [ -91.452854106999951, 14.424067146000027 ], [ -91.45238838099999, 14.424861763000024 ], [ -91.452277289999984, 14.425420307000024 ], [ -91.452195078999978, 14.426077339000074 ], [ -91.452213333999964, 14.426875130000042 ], [ -91.452542869999945, 14.427587964000054 ], [ -91.453016077999962, 14.428313039000045 ], [ -91.453513277999946, 14.428921896000077 ], [ -91.453749047999963, 14.429447691000064 ], [ -91.453816685999982, 14.429978032000065 ], [ -91.453752203999954, 14.430670207000048 ], [ -91.453275712999982, 14.431342728000061 ], [ -91.452501112999983, 14.431954542000028 ], [ -91.452092169999958, 14.432330359000048 ], [ -91.451744884999982, 14.433010504000038 ], [ -91.451850853999986, 14.435122880000051 ], [ -91.454032785999971, 14.436796941000068 ], [ -91.460496182999975, 14.438066250000077 ], [ -91.461405671999955, 14.439083403000041 ], [ -91.46186318299999, 14.44201608700007 ], [ -91.463419932999955, 14.444256564000057 ], [ -91.468961388999958, 14.445852959000035 ], [ -91.471697010999947, 14.447976765000021 ], [ -91.473247064999953, 14.451048717000049 ], [ -91.472441964999973, 14.453915585000061 ], [ -91.470800619999977, 14.45758033900006 ], [ -91.469943695999973, 14.462926879000065 ], [ -91.469408844999975, 14.463820501000043 ], [ -91.46988096299998, 14.469209570000032 ], [ -91.469311849999897, 14.473238301000038 ], [ -91.46766409199995, 14.478649716000064 ], [ -91.466809206999983, 14.480208983000068 ], [ -91.465130091999981, 14.488895587000059 ], [ -91.464199408999946, 14.489664581000056 ], [ -91.462571413999967, 14.489644897000062 ], [ -91.455727467999964, 14.485006079000073 ], [ -91.451633643999969, 14.480385216000059 ], [ -91.444908340999973, 14.473936907000052 ], [ -91.443756691999965, 14.468476693000071 ], [ -91.443728388999943, 14.460636557000043 ], [ -91.445250754999961, 14.459056931000077 ], [ -91.448556510999936, 14.459125063000045 ], [ -91.450021326999945, 14.457980013000054 ], [ -91.450079089999974, 14.455835953000076 ], [ -91.44886403299995, 14.454909390000068 ], [ -91.446959437999965, 14.454520602000059 ], [ -91.445257435999963, 14.453093680000052 ], [ -91.444647604999943, 14.450921492000077 ], [ -91.443985373999965, 14.450283278000029 ], [ -91.442748888999972, 14.448861678000071 ], [ -91.441726832999962, 14.448450438000066 ], [ -91.440367250999941, 14.449389373000031 ], [ -91.439184675999968, 14.451213009000071 ], [ -91.439695184999948, 14.457143518000066 ], [ -91.441236155999945, 14.461957796000036 ], [ -91.441185871999949, 14.470578120000027 ], [ -91.440495706999968, 14.474847715000067 ], [ -91.43917976399996, 14.477149498000074 ], [ -91.43832613, 14.477840938000043 ] ] ] ] } },
{ "type": "Feature", "properties": { "Codigo": 909, "datos_finales_color_riesgo": "152640" }, "geometry": { "type": "MultiPolygon", "coordinates": [ [ [ [ -91.620153616999971, 14.916653488000065 ], [ -91.620499263999989, 14.916203623000058 ], [ -91.621297422999987, 14.915035619000037 ], [ -91.622988727999939, 14.912649332000058 ], [ -91.625485576999949, 14.909474691000071 ], [ -91.627133531999959, 14.905389897000077 ], [ -91.627858610999965, 14.904557 ], [ -91.629269540999985, 14.900182642000061 ], [ -91.629493464999939, 14.897477915000024 ], [ -91.628414601999964, 14.895469311000056 ], [ -91.624304269999982, 14.89175900500004 ], [ -91.621624938999958, 14.890502303000062 ], [ -91.618098788999987, 14.89105052900004 ], [ -91.616461550999986, 14.89117623900006 ], [ -91.614851311999985, 14.890167704000078 ], [ -91.612697208999975, 14.887820356000077 ], [ -91.609922907999987, 14.886990041000047 ], [ -91.609562298999947, 14.886516696000058 ], [ -91.60945238499994, 14.885720599000024 ], [ -91.609640858999967, 14.884501477000072 ], [ -91.609578308999971, 14.88275092300006 ], [ -91.608679326999948, 14.881355725000049 ], [ -91.607227934999969, 14.879960562000065 ], [ -91.606380538999986, 14.879219868000064 ], [ -91.605093056999976, 14.878897937000033 ], [ -91.603520941999989, 14.879479295000067 ], [ -91.601689155999964, 14.880422876000068 ], [ -91.600744131999988, 14.880501853000055 ], [ -91.600001128999963, 14.880420488000027 ], [ -91.598176210999952, 14.879488497000068 ], [ -91.596145216999957, 14.878089727000031 ], [ -91.594330337999963, 14.877676379000036 ], [ -91.591870062999988, 14.87369093600006 ], [ -91.589223783999955, 14.870900860000063 ], [ -91.588327696999954, 14.868641266000054 ], [ -91.596865564999973, 14.866667760000041 ], [ -91.601182436999977, 14.865129232000072 ], [ -91.603191787999947, 14.863830814000039 ], [ -91.604568978999964, 14.863374809000049 ], [ -91.605910492999953, 14.863318556000024 ], [ -91.607819333999942, 14.863286072000051 ], [ -91.609477277999986, 14.863340185000027 ], [ -91.611930362999942, 14.863399092000066 ], [ -91.6130214, 14.863273491000029 ], [ -91.613727768999979, 14.862989637000055 ], [ -91.614524010999958, 14.862730052000074 ], [ -91.615592129999982, 14.862736494000046 ], [ -91.616770963999954, 14.863052057000061 ], [ -91.617699214999959, 14.863588689000039 ], [ -91.618564746999937, 14.864306853000073 ], [ -91.619148708999944, 14.865460584000061 ], [ -91.620124725999972, 14.865795247000051 ], [ -91.623753424999961, 14.865588794000075 ], [ -91.625692603999937, 14.864621932000034 ], [ -91.631384345999948, 14.863233407000052 ], [ -91.634564229999967, 14.861791396000058 ], [ -91.639423257999965, 14.860723117000077 ], [ -91.651825808999945, 14.859147749000044 ], [ -91.652785545999961, 14.858179412000027 ], [ -91.653022987999975, 14.854637455000045 ], [ -91.654724757999986, 14.853893786000071 ], [ -91.658057922999944, 14.853828538000073 ], [ -91.661960724999972, 14.851806185000044 ], [ -91.666449734999958, 14.850882035000041 ], [ -91.672159444999977, 14.849790847000065 ], [ -91.675495642999977, 14.849601070000062 ], [ -91.677900054999952, 14.850296248000063 ], [ -91.685099992999938, 14.854214272000036 ], [ -91.687575289999984, 14.854439721000062 ], [ -91.688902918999986, 14.85388686500005 ], [ -91.690286385999968, 14.853319632000023 ], [ -91.696110131999944, 14.84899920600003 ], [ -91.702065826999956, 14.846082711000065 ], [ -91.705799683999942, 14.845039385000064 ], [ -91.708249032999959, 14.843363934000024 ], [ -91.710771439999974, 14.842291112000055 ], [ -91.714334230999953, 14.84177548200006 ], [ -91.717092522999963, 14.84294679900006 ], [ -91.718768858999965, 14.842924508000067 ], [ -91.719938225999954, 14.842396570000062 ], [ -91.722188119999942, 14.840344715000072 ], [ -91.72516303399999, 14.838848260000077 ], [ -91.7261915, 14.837678837000055 ], [ -91.727345654999965, 14.836367734000078 ], [ -91.730668486999946, 14.83415448900007 ], [ -91.733883761999948, 14.830651354000054 ], [ -91.736440462999951, 14.827828155000077 ], [ -91.738160076999975, 14.826933645000054 ], [ -91.740044421999983, 14.826574483000059 ], [ -91.742258006999975, 14.826425012000072 ], [ -91.744969965999985, 14.827068059000055 ], [ -91.747497739999972, 14.828233236000074 ], [ -91.749268059999963, 14.828818002000048 ], [ -91.752790759999982, 14.829475537000064 ], [ -91.753809009999941, 14.829043769000066 ], [ -91.754593923999948, 14.82807966200005 ], [ -91.756320934999962, 14.824353429000041 ], [ -91.757393049999962, 14.821193132000076 ], [ -91.759885647999965, 14.81782692400003 ], [ -91.761770245999969, 14.81392973100003 ], [ -91.763901412999985, 14.811803328000053 ], [ -91.765020426999968, 14.810583343000076 ], [ -91.765531314999976, 14.808969133000062 ], [ -91.766284008999946, 14.806800286000055 ], [ -91.76678973199995, 14.806404121000071 ], [ -91.767033265999942, 14.805852884000046 ], [ -91.767161967999982, 14.805377867000061 ], [ -91.767478365999978, 14.804263175000074 ], [ -91.767831061999971, 14.803713646000062 ], [ -91.768226127999981, 14.803269431000047 ], [ -91.768948584999976, 14.802848433000065 ], [ -91.769999261999942, 14.802302628000064 ], [ -91.770940172999985, 14.801861320000057 ], [ -91.771532498999989, 14.801344702000051 ], [ -91.77195009899998, 14.800815854000064 ], [ -91.772127470999976, 14.800254086000052 ], [ -91.772130280999988, 14.799754665000023 ], [ -91.772068468999976, 14.799181452000028 ], [ -91.77196407699995, 14.798332307000067 ], [ -91.771753867999962, 14.796887115000061 ], [ -91.771758649999981, 14.796037420000062 ], [ -91.77191518799998, 14.795359158000053 ], [ -91.772224085999937, 14.794744981000065 ], [ -91.772685698999965, 14.794131617000062 ], [ -91.773387105999973, 14.793625744000053 ], [ -91.774284414999954, 14.793185316000063 ], [ -91.775516395999944, 14.792916153000021 ], [ -91.775328916999968, 14.793625894000058 ], [ -91.775630000999968, 14.794402638000065 ], [ -91.776099987999942, 14.794883102000028 ], [ -91.776627677999954, 14.795532232000028 ], [ -91.776952436999977, 14.796023224000066 ], [ -91.777232122999976, 14.79668233600006 ], [ -91.777338313999962, 14.797213976000023 ], [ -91.77766141799998, 14.798001003000024 ], [ -91.778029740999955, 14.798491093000052 ], [ -91.778376470999945, 14.798896322000076 ], [ -91.778854552999974, 14.799281907000022 ], [ -91.779549924999969, 14.799752260000048 ], [ -91.78009375299996, 14.800115591000065 ], [ -91.780506341999967, 14.800479359000065 ], [ -91.780875028999958, 14.800906170000076 ], [ -91.781090518999974, 14.801416916000051 ], [ -91.781019744999981, 14.802339710000069 ], [ -91.78062222599999, 14.803122922000057 ], [ -91.780159184999945, 14.803991663000033 ], [ -91.779848636999986, 14.804901887000028 ], [ -91.779682847999936, 14.807236611000064 ], [ -91.779580757999952, 14.809912918000066 ], [ -91.779519260999962, 14.813118255000063 ], [ -91.779623146999938, 14.81406344100003 ], [ -91.779705257999979, 14.814956536000068 ], [ -91.779701815999942, 14.815571208000051 ], [ -91.779611372999966, 14.816166211000052 ], [ -91.77934578199995, 14.816822434000073 ], [ -91.778795492999961, 14.817604829000061 ], [ -91.777721002999954, 14.81855506100004 ], [ -91.776186532999986, 14.819714143000056 ], [ -91.774455750999948, 14.820873301000063 ], [ -91.772591896999984, 14.82245546200005 ], [ -91.771582042999967, 14.823469285000044 ], [ -91.771053900999959, 14.82423030800004 ], [ -91.770657959999937, 14.824822542000049 ], [ -91.770501146999948, 14.825543738000022 ], [ -91.770780479999985, 14.826267264000023 ], [ -91.77119321899994, 14.826609583000049 ], [ -91.771714426999949, 14.827079032000029 ], [ -91.772039578999966, 14.827505625000072 ], [ -91.772361978999982, 14.828420339000047 ], [ -91.772878048999985, 14.829802753000024 ], [ -91.773156915999948, 14.830611020000049 ], [ -91.77332729599999, 14.831398371000034 ], [ -91.773324424999942, 14.831907959000034 ], [ -91.773234201999969, 14.832458889000065 ], [ -91.773055918999944, 14.833073758000069 ], [ -91.772572025999978, 14.833708465000029 ], [ -91.771824644999981, 14.834617469000023 ], [ -91.770812313999954, 14.836161214000072 ], [ -91.77021549799997, 14.837454065000031 ], [ -91.769750304999945, 14.838682084000027 ], [ -91.769418056999939, 14.839508555000066 ], [ -91.768932935999942, 14.840355673000033 ], [ -91.76827358, 14.841200727000057 ], [ -91.767373404999944, 14.84210889600007 ], [ -91.766976091999936, 14.842935011000066 ], [ -91.766947520999963, 14.844081746000029 ], [ -91.766983258999971, 14.845461595000074 ], [ -91.766892646999963, 14.84607692700007 ], [ -91.766435034999972, 14.847189720000074 ], [ -91.764917265999941, 14.848019985000064 ], [ -91.76432303699994, 14.848845037000046 ], [ -91.762959719999969, 14.850599275000036 ], [ -91.762256018999949, 14.85157175300003 ], [ -91.761704121999969, 14.852609452000024 ], [ -91.761522611999965, 14.853883041000074 ], [ -91.761365626999975, 14.854624564000062 ], [ -91.761165091999942, 14.855260767000061 ], [ -91.760724289999985, 14.856065164000029 ], [ -91.760043502999963, 14.856783520000022 ], [ -91.75938262599999, 14.85777768500003 ], [ -91.757798480999952, 14.860040293000054 ], [ -91.757226868999965, 14.860759229000053 ], [ -91.756916996999962, 14.861416304000045 ], [ -91.756826714999988, 14.861967223000022 ], [ -91.756888339999989, 14.862668116000066 ], [ -91.757145440999977, 14.863519220000057 ], [ -91.75720682299999, 14.864263049000044 ], [ -91.757156846999976, 14.865281980000077 ], [ -91.756868408999935, 14.866150467000068 ], [ -91.756359767999982, 14.867230189000054 ], [ -91.755919043999938, 14.868013105000045 ], [ -91.755828263999945, 14.868649896000022 ], [ -91.755867139999964, 14.869468178000034 ], [ -91.756321618999948, 14.870138432000033 ], [ -91.756710571999974, 14.87078912000004 ], [ -91.757012706999944, 14.871385103000023 ], [ -91.757074701999954, 14.872021590000031 ], [ -91.756831028999954, 14.872679022000057 ], [ -91.75588649499997, 14.873693103000051 ], [ -91.755250291999971, 14.874220722000075 ], [ -91.754570281999975, 14.874789907000036 ], [ -91.754152368999939, 14.875339045000032 ], [ -91.753862435999963, 14.876462885000024 ], [ -91.753287195999974, 14.877701553000065 ], [ -91.752827045999936, 14.878017693000061 ], [ -91.751930766999976, 14.878309991000037 ], [ -91.751229877999947, 14.878667754000048 ], [ -91.75057265199996, 14.879109368000059 ], [ -91.750025018999963, 14.879383217000054 ], [ -91.749260170999946, 14.879548539000041 ], [ -91.748037269999941, 14.879563337000036 ], [ -91.747513062999985, 14.879602282000064 ], [ -91.746880099999942, 14.879663230000062 ], [ -91.746267442999965, 14.879829371000028 ], [ -91.74567596299994, 14.880250993000061 ], [ -91.745302438999943, 14.880652334000047 ], [ -91.744426653999938, 14.881114201000059 ], [ -91.743837288999941, 14.881069167000078 ], [ -91.743271475999961, 14.880768896000063 ], [ -91.742487008999944, 14.880509233000055 ], [ -91.741918735999946, 14.880633799000066 ], [ -91.741239528999984, 14.881054925000058 ], [ -91.740602781999939, 14.88166724000007 ], [ -91.73998551599999, 14.882724849000056 ], [ -91.739146246999951, 14.884397048000039 ], [ -91.73835373899999, 14.885518095000066 ], [ -91.738001400999963, 14.886068690000059 ], [ -91.73767424, 14.887482685000066 ], [ -91.73757464199997, 14.888126192000072 ], [ -91.737544041999968, 14.889590407000071 ], [ -91.737449604999938, 14.890842974000066 ], [ -91.737443175999942, 14.891946875000031 ], [ -91.737023453999939, 14.892793136000023 ], [ -91.735919319999937, 14.893250317000025 ], [ -91.735184149999952, 14.893695972000046 ], [ -91.734723561999942, 14.894076473000041 ], [ -91.734285345999979, 14.894306817000029 ], [ -91.733477360999984, 14.894387097000049 ], [ -91.732735675999947, 14.894256446000043 ], [ -91.732103706999965, 14.894040526000026 ], [ -91.731276008999941, 14.893717308000078 ], [ -91.730578112999979, 14.893649036000056 ], [ -91.729790129999969, 14.893984777000071 ], [ -91.729351151999936, 14.89434392000004 ], [ -91.728737532999958, 14.894764237000061 ], [ -91.728169840999954, 14.894782556000052 ], [ -91.727427912999985, 14.894693691000043 ], [ -91.726818268999978, 14.894436074000055 ], [ -91.726187555999957, 14.894007720000047 ], [ -91.725579798999945, 14.893430342000045 ], [ -91.725014103999968, 14.893109687000049 ], [ -91.724162977999981, 14.893019078000066 ], [ -91.723091867999983, 14.89328994300007 ], [ -91.722412842999972, 14.893668072000025 ], [ -91.720678090999968, 14.895351011000059 ], [ -91.720260172999986, 14.895879740000055 ], [ -91.720017366999969, 14.896366508000028 ], [ -91.719575985999938, 14.89712899500006 ], [ -91.718153006999955, 14.897757183000067 ], [ -91.715898925999966, 14.898637194000059 ], [ -91.714498120999963, 14.89924514300003 ], [ -91.712822210999946, 14.900198420000038 ], [ -91.71138801699999, 14.900947401000053 ], [ -91.71029226099995, 14.901641781000023 ], [ -91.709568102999981, 14.902273842000056 ], [ -91.708843044999981, 14.903056177000053 ], [ -91.70798846799994, 14.903539480000063 ], [ -91.706983125999955, 14.903681824000046 ], [ -91.705105453999977, 14.903777428000069 ], [ -91.704165374999945, 14.903984535000063 ], [ -91.70291767599997, 14.90453 ], [ -91.700900483999988, 14.905898184000023 ], [ -91.699654682999949, 14.906125006000025 ], [ -91.698497302999954, 14.906138770000041 ], [ -91.697514526999953, 14.906197586000076 ], [ -91.696881291999944, 14.906193984000026 ], [ -91.696366062999971, 14.906178623000073 ], [ -91.695376262999957, 14.906053217000022 ], [ -91.689108357999942, 14.90525586800004 ], [ -91.68488303, 14.903526620000036 ], [ -91.683260489999952, 14.903321824000045 ], [ -91.682191542999988, 14.904177793000031 ], [ -91.677796857999965, 14.908791834000056 ], [ -91.677391355999987, 14.909739739000031 ], [ -91.674587237999958, 14.912260145000062 ], [ -91.666527479999957, 14.91533862600005 ], [ -91.664067232999969, 14.915675677000024 ], [ -91.6541734, 14.919720344000041 ], [ -91.649356756999964, 14.921050086000037 ], [ -91.647093414999972, 14.92259143900003 ], [ -91.644986915999937, 14.925616102000049 ], [ -91.643209566999985, 14.92691736300003 ], [ -91.641691611999988, 14.92974662000006 ], [ -91.640526074999968, 14.930486546000054 ], [ -91.636187980999978, 14.927289137000059 ], [ -91.629912164999951, 14.924673246000054 ], [ -91.627458604999958, 14.922837174000051 ], [ -91.625495871999988, 14.921483095000042 ], [ -91.620153616999971, 14.916653488000065 ] ] ] ] } },
{ "type": "Feature", "properties": { "Codigo": 1401, "datos_finales_color_riesgo": "152640" }, "geometry": { "type": "MultiPolygon", "coordinates": [ [ [ [ -91.071353125999963, 15.098151542000039 ], [ -91.07141907099998, 15.092133665000063 ], [ -91.070935505999955, 15.089998014000059 ], [ -91.068872345999978, 15.080610508000063 ], [ -91.068308019999961, 15.077251955000065 ], [ -91.067443138999977, 15.071453188000078 ], [ -91.067253944999948, 15.066334547000054 ], [ -91.070570653999937, 15.065870293000046 ], [ -91.073054645999946, 15.065317582000034 ], [ -91.078441150999936, 15.062845424000045 ], [ -91.082716355999935, 15.059514277000062 ], [ -91.085683742999947, 15.056370813000058 ], [ -91.088052827999945, 15.052917270000023 ], [ -91.089784351999981, 15.050299878000033 ], [ -91.090745696999988, 15.048143651000032 ], [ -91.092091289999985, 15.045846053000048 ], [ -91.096448769999938, 15.034818138000048 ], [ -91.098712175999935, 15.025070495000023 ], [ -91.101164460999939, 15.018053518000045 ], [ -91.104349337999963, 15.001875784000049 ], [ -91.105987372999948, 14.994950191000044 ], [ -91.108312618999946, 14.989681779000023 ], [ -91.110121551999953, 14.986821914000075 ], [ -91.124570761999962, 14.972634569000036 ], [ -91.129966414999956, 14.965892053000061 ], [ -91.130582814999968, 14.964220732000058 ], [ -91.133148424999945, 14.960466501000042 ], [ -91.133780916999967, 14.95672806500005 ], [ -91.133617216999937, 14.954563475000043 ], [ -91.132232984999973, 14.951787941000077 ], [ -91.130787039999973, 14.950373102000071 ], [ -91.130874275999986, 14.949557093000067 ], [ -91.13200987099998, 14.948434490000068 ], [ -91.137590523999961, 14.944519557000035 ], [ -91.146077017999971, 14.941051677000075 ], [ -91.153273807999938, 14.941570855000066 ], [ -91.155300292999982, 14.94222886600005 ], [ -91.159817713999985, 14.944744878000051 ], [ -91.157465984999988, 14.950606872000037 ], [ -91.157427193999979, 14.954129933000047 ], [ -91.156914530999984, 14.969183992000069 ], [ -91.156469250999976, 14.969822033000071 ], [ -91.155058428999951, 14.980015839000032 ], [ -91.153389238999978, 14.982711209000058 ], [ -91.152627155999937, 14.985865773000057 ], [ -91.152734423999959, 14.996385872000076 ], [ -91.153221157999951, 15.001893434000067 ], [ -91.150443555999971, 15.01330396700007 ], [ -91.151771574999941, 15.019029605000071 ], [ -91.155309471999942, 15.027836770000022 ], [ -91.158446173999948, 15.032427090000056 ], [ -91.159842433999984, 15.034836634000044 ], [ -91.161235475999945, 15.037556795000057 ], [ -91.164031833999957, 15.045338939000032 ], [ -91.16824124599998, 15.050617884000076 ], [ -91.169484562999969, 15.053945686000077 ], [ -91.169247625999958, 15.059022660000039 ], [ -91.168223566999984, 15.062407847000031 ], [ -91.165920785999958, 15.065032601000041 ], [ -91.162925562999988, 15.068276410000067 ], [ -91.161328576999949, 15.069992944000035 ], [ -91.15394325799997, 15.077621230000034 ], [ -91.150951574999965, 15.080480793000049 ], [ -91.149749664999945, 15.082200448000037 ], [ -91.148623223999948, 15.085943881000048 ], [ -91.146530223999946, 15.087982691000036 ], [ -91.14524937799996, 15.097046514000056 ], [ -91.144917859999964, 15.102619643000025 ], [ -91.142270589999953, 15.104726140000025 ], [ -91.138058844999989, 15.107091968000077 ], [ -91.131709606999948, 15.10848892100006 ], [ -91.122479391999946, 15.108516418000022 ], [ -91.118484509999973, 15.107950042000027 ], [ -91.115903217999971, 15.107751208000025 ], [ -91.110592378999968, 15.106108513000038 ], [ -91.108378150999954, 15.105823423000061 ], [ -91.107210045999977, 15.106101700000067 ], [ -91.106177545999969, 15.106559588000039 ], [ -91.10442891699995, 15.107855283000049 ], [ -91.101320237999971, 15.109499893000077 ], [ -91.098156742999947, 15.110701191000032 ], [ -91.094207558999983, 15.111275668000076 ], [ -91.09294879, 15.11115548600003 ], [ -91.091382893999935, 15.110663327000054 ], [ -91.08701655699997, 15.105108364000046 ], [ -91.083194846999959, 15.102114222000068 ], [ -91.078700505999961, 15.099780776000046 ], [ -91.072960352999985, 15.098169751000057 ], [ -91.071353125999963, 15.098151542000039 ] ] ] ] } },
{ "type": "Feature", "properties": { "Codigo": 1102, "datos_finales_color_riesgo": "152640" }, "geometry": { "type": "MultiPolygon", "coordinates": [ [ [ [ -91.65455549699999, 14.52131935400007 ], [ -91.655259659999956, 14.524467977000029 ], [ -91.655442212999958, 14.526697238000054 ], [ -91.655580483999984, 14.532702458000074 ], [ -91.655747448999989, 14.534536153000033 ], [ -91.65612869499995, 14.535654706000059 ], [ -91.658534343999975, 14.541248068000073 ], [ -91.660709838999935, 14.545398307000028 ], [ -91.661615788999939, 14.546846404000064 ], [ -91.662561928999935, 14.548846130000072 ], [ -91.663353056999938, 14.551354568000022 ], [ -91.663679065999986, 14.553565436000042 ], [ -91.663266675999978, 14.564639747000058 ], [ -91.663742981999974, 14.580606051000075 ], [ -91.665603241999975, 14.586502460000077 ], [ -91.667157525999983, 14.588887567000029 ], [ -91.668431862999967, 14.590849609000031 ], [ -91.664476222999951, 14.590230418000033 ], [ -91.660642788999951, 14.590032195000049 ], [ -91.658758832999979, 14.590176181000061 ], [ -91.657192597999938, 14.590255313000057 ], [ -91.654334920999986, 14.590061466000066 ], [ -91.653155123999966, 14.590033194000057 ], [ -91.64945454399998, 14.59040955200004 ], [ -91.645208196999988, 14.591048215000058 ], [ -91.641162744999974, 14.592128634000062 ], [ -91.638365473999954, 14.593150729000058 ], [ -91.635544732999961, 14.594305978000023 ], [ -91.633658697999977, 14.594780810000032 ], [ -91.631361528999946, 14.595695009000053 ], [ -91.627909772999942, 14.597186562000047 ], [ -91.627405740999961, 14.597356474000037 ], [ -91.627225608999936, 14.596561090000023 ], [ -91.627295772999958, 14.595818024000039 ], [ -91.627213625999957, 14.595032252000067 ], [ -91.626890129999936, 14.594436019000057 ], [ -91.626523128999963, 14.593839528000046 ], [ -91.626199902999986, 14.593200358000047 ], [ -91.626138092999952, 14.592690407000077 ], [ -91.626644171999942, 14.591908098000033 ], [ -91.627169138999989, 14.591634358000022 ], [ -91.627671530999976, 14.591446355000073 ], [ -91.628282186999968, 14.59138666900003 ], [ -91.629786521999961, 14.591374034000069 ], [ -91.630486743999938, 14.590996232000066 ], [ -91.630951135999965, 14.589916501000062 ], [ -91.632130949999976, 14.585994715000027 ], [ -91.632266053999956, 14.585253157000068 ], [ -91.632248132999962, 14.584679057000073 ], [ -91.631993566999938, 14.579964706000055 ], [ -91.632085746999962, 14.579221764000067 ], [ -91.632241707999981, 14.578671281000027 ], [ -91.633747075999963, 14.574900528000057 ], [ -91.633989646999964, 14.574413825000022 ], [ -91.634297820999961, 14.574012247000041 ], [ -91.635153613999989, 14.573040999000057 ], [ -91.636032746999945, 14.571857462000025 ], [ -91.636297878999983, 14.571285011000043 ], [ -91.636389398999938, 14.567060797000067 ], [ -91.636480709999944, 14.566360782000061 ], [ -91.637522585999989, 14.563606471000071 ], [ -91.637918333999949, 14.563014442000053 ], [ -91.639149057999987, 14.56142955200005 ], [ -91.639456887999984, 14.560985026000026 ], [ -91.639764972999956, 14.560498695000035 ], [ -91.640051143999983, 14.559990765000066 ], [ -91.64031702699998, 14.559291761000054 ], [ -91.640540572999953, 14.558401557000025 ], [ -91.640942867999968, 14.556832180000072 ], [ -91.641056137999954, 14.556047543000034 ], [ -91.641150342999936, 14.554965632000062 ], [ -91.641244232999952, 14.553840777000062 ], [ -91.641218789999982, 14.55088928400005 ], [ -91.64135824799996, 14.549425719000055 ], [ -91.641405705999944, 14.548873466000032 ], [ -91.641519229999972, 14.548045893000051 ], [ -91.641853349999963, 14.546902097000043 ], [ -91.642186822999975, 14.545863376000057 ], [ -91.642453193999984, 14.545079624000039 ], [ -91.642785749999973, 14.544190047000029 ], [ -91.643115914999953, 14.543596492000063 ], [ -91.645144261999974, 14.539871589000029 ], [ -91.646379905999936, 14.537352229000021 ], [ -91.646645086999968, 14.536759423000035 ], [ -91.646913752999978, 14.535593764000055 ], [ -91.647224881999989, 14.53459784100005 ], [ -91.647577049999938, 14.534005534000073 ], [ -91.647929672999965, 14.533433568000078 ], [ -91.648302970999964, 14.532990532000042 ], [ -91.648916566999958, 14.532420071000047 ], [ -91.649289860999943, 14.531977034000022 ], [ -91.65067381099999, 14.530137578000051 ], [ -91.650985427999956, 14.52905690700004 ], [ -91.651033170999938, 14.528356629000029 ], [ -91.65108111, 14.527719627000067 ], [ -91.65110681699997, 14.527019222000035 ], [ -91.651159320999966, 14.52553367400003 ], [ -91.651294630999985, 14.524833899000043 ], [ -91.65455549699999, 14.52131935400007 ] ] ] ] } },
{ "type": "Feature", "properties": { "Codigo": 1406, "datos_finales_color_riesgo": "152640" }, "geometry": { "type": "MultiPolygon", "coordinates": [ [ [ [ -91.009496662999936, 14.976074637000067 ], [ -91.011283244999959, 14.974432031000049 ], [ -91.014454228999966, 14.972163260000059 ], [ -91.015729657999941, 14.971322670000063 ], [ -91.019225244999973, 14.967038111000022 ], [ -91.020837351999944, 14.964830243000051 ], [ -91.020932613999946, 14.963502695000045 ], [ -91.021428950999962, 14.962847332000024 ], [ -91.022754578999979, 14.957789311000056 ], [ -91.023350623999988, 14.957218391000026 ], [ -91.023786563999977, 14.95154720000005 ], [ -91.023085495999965, 14.945636860000036 ], [ -91.022005220999972, 14.94295042400006 ], [ -91.020257000999948, 14.940447965000033 ], [ -91.01778815199998, 14.936276522000071 ], [ -91.016246637999984, 14.934742748000076 ], [ -91.014324035999948, 14.932709774000045 ], [ -91.01485200799999, 14.931132964000028 ], [ -91.017151917999968, 14.924264808000032 ], [ -91.019955228999947, 14.919681570000023 ], [ -91.02113471399997, 14.917670969000028 ], [ -91.023640199999988, 14.914833672000043 ], [ -91.028018137999936, 14.909513853000021 ], [ -91.029087940999943, 14.906585033000056 ], [ -91.029348295999966, 14.903887581000049 ], [ -91.026992812999936, 14.899464201000058 ], [ -91.026521556999967, 14.894900036000024 ], [ -91.026707169999952, 14.891418013000077 ], [ -91.026205779999941, 14.884678017000056 ], [ -91.02497449399999, 14.880481197000051 ], [ -91.030988388999958, 14.87499796000003 ], [ -91.032877522999968, 14.872813737000058 ], [ -91.039190219999966, 14.864677133000043 ], [ -91.041168289999973, 14.861432897000043 ], [ -91.04194253199995, 14.859222116000069 ], [ -91.042737364999937, 14.858461900000066 ], [ -91.045211017999975, 14.846845905000066 ], [ -91.044868458999986, 14.843614611000078 ], [ -91.043207952999978, 14.839986912000029 ], [ -91.042246836999936, 14.837490237000054 ], [ -91.040741897999965, 14.834198214000025 ], [ -91.03992006499999, 14.832938493000029 ], [ -91.038211430999979, 14.831832740000038 ], [ -91.036016234999977, 14.830859503000056 ], [ -91.034637645999965, 14.830886134000025 ], [ -91.025718655999981, 14.832848650000074 ], [ -91.023502631999975, 14.83264097600005 ], [ -91.021851203999972, 14.830426353000064 ], [ -91.020228680999935, 14.827718344000061 ], [ -91.019832425999937, 14.825324744000056 ], [ -91.021093771999972, 14.823309127000073 ], [ -91.02369772899999, 14.822022318000052 ], [ -91.024370791999957, 14.821554801000048 ], [ -91.025786065999966, 14.821444951000046 ], [ -91.03012081199995, 14.818729291000068 ], [ -91.032195822999938, 14.817694263000021 ], [ -91.044243888999972, 14.812247233000051 ], [ -91.049775178999937, 14.809614735000025 ], [ -91.057069662999936, 14.807871281000075 ], [ -91.070395509999969, 14.806896613000049 ], [ -91.072331325999983, 14.805881483000064 ], [ -91.074878222999985, 14.80666640000004 ], [ -91.08033179399996, 14.811097086000075 ], [ -91.082625492999966, 14.814144701000032 ], [ -91.083805865999977, 14.815127127000039 ], [ -91.084582532999946, 14.815077110000061 ], [ -91.088971348999962, 14.810613167000042 ], [ -91.090059532999987, 14.808270317000051 ], [ -91.091616239999951, 14.806718691000071 ], [ -91.095438867999974, 14.800640178000037 ], [ -91.096181154999954, 14.79847065000007 ], [ -91.097942072999956, 14.796055359000036 ], [ -91.098590982999951, 14.793870362000064 ], [ -91.09933407699998, 14.793067674000042 ], [ -91.100619729999949, 14.787553245000026 ], [ -91.102982603999976, 14.783586220000075 ], [ -91.104504232999943, 14.782967264000035 ], [ -91.106205582999962, 14.783779887000037 ], [ -91.109264168999971, 14.783987978000027 ], [ -91.110785539999938, 14.783330567000064 ], [ -91.116727742999956, 14.785863232000054 ], [ -91.119256130999986, 14.787987254000029 ], [ -91.121187474999942, 14.788799394000023 ], [ -91.124758512999961, 14.792145097000059 ], [ -91.128392568999971, 14.794383082000024 ], [ -91.131422957999973, 14.796416176000037 ], [ -91.133470699999975, 14.798634452000044 ], [ -91.13604543699995, 14.801621750000038 ], [ -91.135876144999941, 14.805670173000067 ], [ -91.13190629799999, 14.806884018000062 ], [ -91.130836500999976, 14.807607350000069 ], [ -91.127980276999949, 14.810697456000071 ], [ -91.126257070999941, 14.813000340000031 ], [ -91.124256687999946, 14.817888960000062 ], [ -91.120089726999936, 14.822065136000049 ], [ -91.119127039999967, 14.823011813000051 ], [ -91.115747684999974, 14.824715902000037 ], [ -91.106211301999963, 14.826439376000053 ], [ -91.104227802999958, 14.827254448000076 ], [ -91.102088208999987, 14.829389879000075 ], [ -91.101430289999939, 14.831063076000078 ], [ -91.102540952999959, 14.836331790000031 ], [ -91.105187091999937, 14.840911663000043 ], [ -91.119976814999973, 14.851999606000049 ], [ -91.123053191999986, 14.854766392000045 ], [ -91.126469644999986, 14.857904185000052 ], [ -91.129190759999972, 14.861753592000071 ], [ -91.131993663999936, 14.86663726300003 ], [ -91.134813676999954, 14.870084145000021 ], [ -91.138661405999983, 14.869773104000046 ], [ -91.14369449899999, 14.867278944000077 ], [ -91.14606999099999, 14.866563872000029 ], [ -91.147526776999939, 14.867343797000046 ], [ -91.148776853999948, 14.868802095000035 ], [ -91.15142253, 14.870049094000024 ], [ -91.155992644999969, 14.873436422000054 ], [ -91.157248230999983, 14.873915317000069 ], [ -91.157545416999938, 14.874618088000034 ], [ -91.156668747999959, 14.882993083000031 ], [ -91.156813069999941, 14.886511985000027 ], [ -91.160070475999987, 14.891671306000035 ], [ -91.160210976999963, 14.892703810000057 ], [ -91.161928347999947, 14.894492281000055 ], [ -91.171777287999987, 14.896130007000068 ], [ -91.176498544999959, 14.896430845000054 ], [ -91.184509164999952, 14.905238092000047 ], [ -91.184899547999976, 14.906201405000047 ], [ -91.190437727999949, 14.912272031000043 ], [ -91.205165739999984, 14.930109239000046 ], [ -91.20953686699994, 14.935051965000071 ], [ -91.210624261999953, 14.936468061000028 ], [ -91.21188736, 14.938486515000022 ], [ -91.211116262999951, 14.939561584000046 ], [ -91.21000945899999, 14.939644421000025 ], [ -91.201648994999971, 14.944122322000055 ], [ -91.192739577999987, 14.943696167000041 ], [ -91.18474596599998, 14.944011230000058 ], [ -91.179464591999988, 14.943594153000049 ], [ -91.172821415999977, 14.944287821000046 ], [ -91.16614637899994, 14.944284039000024 ], [ -91.16203031799995, 14.94497506700003 ], [ -91.159817713999985, 14.944744878000051 ], [ -91.155300292999982, 14.94222886600005 ], [ -91.153273807999938, 14.941570855000066 ], [ -91.146077017999971, 14.941051677000075 ], [ -91.137590523999961, 14.944519557000035 ], [ -91.13200987099998, 14.948434490000068 ], [ -91.130874275999986, 14.949557093000067 ], [ -91.130787039999973, 14.950373102000071 ], [ -91.129491092999956, 14.951427735000038 ], [ -91.128327578999972, 14.95348881700005 ], [ -91.125156816999947, 14.955950245000054 ], [ -91.123767163999958, 14.957618588000059 ], [ -91.116231312999957, 14.963087161000033 ], [ -91.112849993999987, 14.964482545000067 ], [ -91.105886339999984, 14.967126887000063 ], [ -91.096993129999987, 14.969301931000075 ], [ -91.093499394999981, 14.970576325000025 ], [ -91.083832084999983, 14.971705117000056 ], [ -91.071841297999981, 14.971602921000056 ], [ -91.066141634999951, 14.971554661000027 ], [ -91.054760610999949, 14.972462073000031 ], [ -91.045609471999967, 14.975217951000047 ], [ -91.041591077999954, 14.977226881000036 ], [ -91.03890552699994, 14.979544282000063 ], [ -91.034311102999936, 14.984684939000033 ], [ -91.033758932999945, 14.984834927000065 ], [ -91.033741884999984, 14.985365681000076 ], [ -91.032029957999953, 14.987427059000026 ], [ -91.028313925999953, 14.99102311200005 ], [ -91.023800363999953, 14.993883599000071 ], [ -91.019702106999944, 14.994663548000062 ], [ -91.01728572899998, 14.994205380000039 ], [ -91.014996785999983, 14.991838210000026 ], [ -91.014197122999974, 14.989904206000062 ], [ -91.013653874999989, 14.982913124000049 ], [ -91.011627665999981, 14.979793678000021 ], [ -91.011710339999979, 14.97927141100007 ], [ -91.009496662999936, 14.976074637000067 ] ] ] ] } },
{ "type": "Feature", "properties": { "Codigo": 705, "datos_finales_color_riesgo": "152640" }, "geometry": { "type": "MultiPolygon", "coordinates": [ [ [ [ -91.262781774999951, 14.844956085000035 ], [ -91.262085255999978, 14.841499540000029 ], [ -91.259641294999938, 14.835814409000022 ], [ -91.258487985999977, 14.83444550300004 ], [ -91.256707183999936, 14.831529782000075 ], [ -91.24924361099994, 14.823908563000032 ], [ -91.246550816999957, 14.821715633000053 ], [ -91.240686091999976, 14.817868291000025 ], [ -91.238981741999964, 14.816960534000032 ], [ -91.237066245999983, 14.816675877000023 ], [ -91.235132919999955, 14.815224081000054 ], [ -91.232517830999939, 14.814005411000039 ], [ -91.224887355999954, 14.806882714000039 ], [ -91.223201316999962, 14.803676062000022 ], [ -91.223508426999956, 14.799614908000024 ], [ -91.22629331, 14.799630710000031 ], [ -91.229002875999981, 14.79898389400006 ], [ -91.233333636999987, 14.79622676300005 ], [ -91.235047005999945, 14.800016489000029 ], [ -91.235641715999975, 14.805374708000045 ], [ -91.237023929999964, 14.807048216000055 ], [ -91.241470044999971, 14.808572281000068 ], [ -91.249983956999984, 14.809953233000044 ], [ -91.253065908999986, 14.810957220000034 ], [ -91.255938905999983, 14.812972939000076 ], [ -91.258227099999942, 14.816825639000058 ], [ -91.260371047999968, 14.818537552000066 ], [ -91.262318550999964, 14.81940406700005 ], [ -91.265861004999977, 14.820062295000071 ], [ -91.27080409499996, 14.819610311000076 ], [ -91.272845427999982, 14.818976045000056 ], [ -91.276736232999951, 14.815826161000075 ], [ -91.281906750999951, 14.81148145800006 ], [ -91.286649803999978, 14.809713745000067 ], [ -91.289704086999961, 14.809017933000064 ], [ -91.292620804999956, 14.808388845000025 ], [ -91.301133396999944, 14.807099487000073 ], [ -91.304189174999976, 14.805531328000029 ], [ -91.304525620999982, 14.804973455000038 ], [ -91.304654595999978, 14.803021082000043 ], [ -91.304669822999983, 14.801211351000063 ], [ -91.30313197199996, 14.796936396000035 ], [ -91.302486201999955, 14.794493663000026 ], [ -91.301893864999954, 14.792721260000064 ], [ -91.301150606999954, 14.790946612000027 ], [ -91.299953363999975, 14.789021754000032 ], [ -91.299381841999946, 14.787860687000034 ], [ -91.297923279999964, 14.784831268000062 ], [ -91.297002517999942, 14.778129646000025 ], [ -91.297357000999966, 14.777115496000022 ], [ -91.301253348999978, 14.773779841000078 ], [ -91.306886354999961, 14.771360641000058 ], [ -91.307861068999955, 14.773832890000051 ], [ -91.312820764999969, 14.778612997000039 ], [ -91.315469638999957, 14.780287427000076 ], [ -91.32050428299999, 14.784573116000047 ], [ -91.321299461999956, 14.784748365000041 ], [ -91.325479719999976, 14.787747736000028 ], [ -91.326781651999966, 14.789754587000061 ], [ -91.326349105999952, 14.793240122000043 ], [ -91.323478914999953, 14.800466617000041 ], [ -91.322793074999936, 14.803657687000054 ], [ -91.322153104999984, 14.807674934000033 ], [ -91.322230238999964, 14.817718956000022 ], [ -91.323906032999957, 14.821184803000051 ], [ -91.32742336299998, 14.825004088000071 ], [ -91.329867560999958, 14.826648679000073 ], [ -91.334316410999975, 14.826457237000056 ], [ -91.33844039, 14.825083898000059 ], [ -91.34062780499994, 14.823023189000025 ], [ -91.344938984999942, 14.821454495000069 ], [ -91.348652349999952, 14.81930750600003 ], [ -91.353655014999958, 14.819346725000059 ], [ -91.356664605999981, 14.818804478000061 ], [ -91.360030235999943, 14.819019410000067 ], [ -91.362514838999971, 14.819257400000026 ], [ -91.363669619999939, 14.819973976000028 ], [ -91.36641644599996, 14.820401332000074 ], [ -91.368635187999985, 14.820244212000034 ], [ -91.369785730999979, 14.820987844000058 ], [ -91.372558485999946, 14.821213083000032 ], [ -91.374668697999937, 14.820582892000061 ], [ -91.37567086699994, 14.819034269000042 ], [ -91.378894249999973, 14.814570650000064 ], [ -91.380966918999945, 14.812574229000063 ], [ -91.381807238999954, 14.810445984000069 ], [ -91.383930918999965, 14.807120138000073 ], [ -91.387197648999972, 14.803420402000029 ], [ -91.391457969999976, 14.795982313000025 ], [ -91.391700840999988, 14.791388046000066 ], [ -91.392350101999966, 14.789317157000028 ], [ -91.395401203999938, 14.784720968000045 ], [ -91.396254390999957, 14.783096619000048 ], [ -91.398575026999936, 14.78110623200007 ], [ -91.401158919999943, 14.777487357000041 ], [ -91.403045950999967, 14.774916589000043 ], [ -91.406116504999943, 14.771970974000055 ], [ -91.41677141699995, 14.761532640000041 ], [ -91.422965214999977, 14.75409458300004 ], [ -91.425471821999963, 14.751271344000031 ], [ -91.425448206999988, 14.750761640000064 ], [ -91.425958278999985, 14.75038323900003 ], [ -91.42621774, 14.747397804000059 ], [ -91.424132438999948, 14.745569135000039 ], [ -91.421352210999942, 14.741664782000043 ], [ -91.41996816599999, 14.735414303000027 ], [ -91.419575294999959, 14.719696052000074 ], [ -91.420698421999987, 14.71388521800003 ], [ -91.422216589999948, 14.709949146000042 ], [ -91.425157722999984, 14.700758955000026 ], [ -91.425861332999943, 14.699109692000036 ], [ -91.42620726199999, 14.698375403000057 ], [ -91.426670103999982, 14.697199022000063 ], [ -91.428211579999981, 14.693377156000054 ], [ -91.42913430599998, 14.691431092000073 ], [ -91.42932875799994, 14.69069464100005 ], [ -91.429714484999977, 14.689665736000052 ], [ -91.429988363999939, 14.688451910000026 ], [ -91.430358199999944, 14.684363361000067 ], [ -91.430244662999939, 14.680268154000032 ], [ -91.429353196999955, 14.675486407000051 ], [ -91.428168334999953, 14.671895756000026 ], [ -91.426332350999985, 14.668560549000063 ], [ -91.42261806199997, 14.663932518000024 ], [ -91.416574299999979, 14.658727069000065 ], [ -91.416203724999946, 14.656114688000059 ], [ -91.41719001499996, 14.655162197000038 ], [ -91.419582957999978, 14.654106280000065 ], [ -91.423088922999966, 14.65335390000007 ], [ -91.426803655999947, 14.651883182000063 ], [ -91.431231160999971, 14.651431783000078 ], [ -91.432640122999942, 14.650593921000052 ], [ -91.434917899999959, 14.650052257000027 ], [ -91.439271471999973, 14.646842312000047 ], [ -91.439544384999977, 14.64607473500007 ], [ -91.439589659999967, 14.645006228000057 ], [ -91.43954628099999, 14.64416648100007 ], [ -91.439789877999942, 14.643441640000049 ], [ -91.440322974999958, 14.642966169000033 ], [ -91.440796463999959, 14.642715131000045 ], [ -91.447905481999953, 14.641445274000034 ], [ -91.45568444, 14.640942272000075 ], [ -91.457595276999939, 14.64024992800006 ], [ -91.46023013699994, 14.638736454000025 ], [ -91.464357432999975, 14.628687865000074 ], [ -91.465432824999937, 14.626889478000066 ], [ -91.468322477999948, 14.624243212000067 ], [ -91.472100417999968, 14.620320363000076 ], [ -91.474475216999963, 14.615669683000021 ], [ -91.482788771999935, 14.607302085000072 ], [ -91.485513694999952, 14.601871679000055 ], [ -91.488728695999953, 14.601023672000053 ], [ -91.490195551999989, 14.599445732000049 ], [ -91.491860346999943, 14.594441097000072 ], [ -91.494326225999941, 14.594459273000041 ], [ -91.496248082999955, 14.59360732500005 ], [ -91.498231291999957, 14.594655037000052 ], [ -91.499214257999938, 14.595726810000031 ], [ -91.500047514999949, 14.59637844100007 ], [ -91.500084646999937, 14.598603360000027 ], [ -91.50181693799999, 14.59919184000006 ], [ -91.505509635999942, 14.600010936000047 ], [ -91.506488707999949, 14.600121149000074 ], [ -91.506247088999942, 14.60076588000004 ], [ -91.50519677599999, 14.602956722000044 ], [ -91.504798957999981, 14.603707787000076 ], [ -91.504545120999978, 14.604184087000021 ], [ -91.502137514999959, 14.60719438700005 ], [ -91.500949467999988, 14.608810353000024 ], [ -91.50070498299999, 14.609446018000028 ], [ -91.500504588999945, 14.610080838000044 ], [ -91.500105215999952, 14.610714375000043 ], [ -91.49563268899999, 14.616115621000063 ], [ -91.49467294499999, 14.618099089000054 ], [ -91.492719047999969, 14.621148348000077 ], [ -91.491186164999988, 14.624387868000042 ], [ -91.490572680999946, 14.625526169000068 ], [ -91.489718677999974, 14.627050444000076 ], [ -91.48778611399996, 14.630435350000027 ], [ -91.484647780999978, 14.63577153600005 ], [ -91.482822841999962, 14.642466388000059 ], [ -91.481646350999938, 14.644882222000035 ], [ -91.48346184199994, 14.660999932000038 ], [ -91.485619164999946, 14.667518483000038 ], [ -91.488228725999988, 14.681460756000035 ], [ -91.489175223999951, 14.691432102000022 ], [ -91.488753237999958, 14.698194829000045 ], [ -91.488913623999963, 14.704156902000022 ], [ -91.489146695999978, 14.705204650000042 ], [ -91.490071880999949, 14.706211713000073 ], [ -91.488543062999952, 14.709172094000053 ], [ -91.48732055399995, 14.711894934000043 ], [ -91.485971012999983, 14.717209906000051 ], [ -91.485448104999989, 14.717707004000033 ], [ -91.484998842999971, 14.718885875000069 ], [ -91.483219704999954, 14.720584799000051 ], [ -91.480362697999965, 14.722196422000025 ], [ -91.47976371499999, 14.722611659000052 ], [ -91.475858835999986, 14.724158717000023 ], [ -91.472292750999941, 14.726141793000068 ], [ -91.469789455999944, 14.728699008000035 ], [ -91.466973965999955, 14.733144319000075 ], [ -91.465583021999976, 14.735241095000049 ], [ -91.46230847399994, 14.738571543000035 ], [ -91.45960450299998, 14.739829124000039 ], [ -91.45822342699995, 14.739929517000064 ], [ -91.455093361999957, 14.741020377000041 ], [ -91.449016624999956, 14.741638396000042 ], [ -91.448292311999978, 14.741948757000046 ], [ -91.446638874999962, 14.744110292000073 ], [ -91.446110932999943, 14.744641149000074 ], [ -91.445535910999979, 14.746734218000029 ], [ -91.445521480999957, 14.749175650000041 ], [ -91.444617456999936, 14.76137380800003 ], [ -91.444209179999973, 14.763764001000027 ], [ -91.443439006999938, 14.764878456000076 ], [ -91.438591724999981, 14.769322042000056 ], [ -91.422338835999938, 14.786437638000052 ], [ -91.409141714999976, 14.799629973000037 ], [ -91.408102, 14.801117508000061 ], [ -91.40631812099997, 14.808931234000056 ], [ -91.405738549999967, 14.81378644800003 ], [ -91.404105744999981, 14.819969766000042 ], [ -91.404228819999958, 14.822747638000067 ], [ -91.373532099999977, 14.841986301000077 ], [ -91.370168647999947, 14.84445136100004 ], [ -91.365562157999989, 14.847559404000037 ], [ -91.363202126999965, 14.849090383000032 ], [ -91.361753657999941, 14.850259535000077 ], [ -91.362048464999987, 14.851366548000044 ], [ -91.363058293999984, 14.854000446000043 ], [ -91.363530906999983, 14.855636324000045 ], [ -91.360030212999959, 14.858158972000069 ], [ -91.347562545999949, 14.867448839000076 ], [ -91.337267209999936, 14.875603591000072 ], [ -91.328700696999988, 14.87525438800003 ], [ -91.307314578999978, 14.875834179000037 ], [ -91.306458301999953, 14.874442805000058 ], [ -91.305152119999946, 14.866182710000032 ], [ -91.303106462999949, 14.85720993800004 ], [ -91.301950197999986, 14.855871695000076 ], [ -91.295265957999959, 14.860149048000039 ], [ -91.289259567999977, 14.861949223000067 ], [ -91.281774528999961, 14.86322866200004 ], [ -91.275777804999962, 14.862327376000053 ], [ -91.272044527999981, 14.86001501800007 ], [ -91.268499645999952, 14.85659012900004 ], [ -91.266021660999968, 14.852438935000066 ], [ -91.26423239199994, 14.846700028000043 ], [ -91.262781774999951, 14.844956085000035 ] ] ] ] } },
{ "type": "Feature", "properties": { "Codigo": 2211, "datos_finales_color_riesgo": "152640" }, "geometry": { "type": "MultiPolygon", "coordinates": [ [ [ [ -89.902662858999975, 14.159360692000064 ], [ -89.900631051999937, 14.157476486000064 ], [ -89.89889313399999, 14.156952846000024 ], [ -89.897795364999979, 14.157078616000035 ], [ -89.895240795999939, 14.158680012000048 ], [ -89.893298535999975, 14.158934792000025 ], [ -89.892243744999973, 14.158749553000064 ], [ -89.889991918999954, 14.156720199000063 ], [ -89.889195365999967, 14.156855479000058 ], [ -89.88730134399998, 14.158410035000031 ], [ -89.885149812999941, 14.15679168500003 ], [ -89.884332320999988, 14.156638843000053 ], [ -89.881956923999951, 14.157313443000078 ], [ -89.879622124999969, 14.159121812000024 ], [ -89.87889299599999, 14.158851583000057 ], [ -89.877669798999989, 14.15727911700003 ], [ -89.877910818999965, 14.155176009000058 ], [ -89.876483606999955, 14.153509457000041 ], [ -89.874385439999969, 14.152988868000023 ], [ -89.868154539999978, 14.146834986000044 ], [ -89.867736989999969, 14.144174742000075 ], [ -89.868690339999944, 14.142891387000077 ], [ -89.868923047999942, 14.140764488000059 ], [ -89.868315894999967, 14.139279049000038 ], [ -89.8664394, 14.138588611000046 ], [ -89.865398471999981, 14.137317611000071 ], [ -89.865284584999984, 14.136259626000026 ], [ -89.863895653999975, 14.134936674000073 ], [ -89.862972268999954, 14.134332030000053 ], [ -89.860516898999947, 14.133981645000063 ], [ -89.856517146999977, 14.130790335000029 ], [ -89.853793203999942, 14.130377682000073 ], [ -89.850797627999953, 14.12718026500005 ], [ -89.848590890999958, 14.126001167000027 ], [ -89.847679261999986, 14.124968845000069 ], [ -89.847433308999939, 14.123638244000063 ], [ -89.846637394999959, 14.122896390000051 ], [ -89.843774394999969, 14.120331615000055 ], [ -89.842566427999941, 14.11852447800004 ], [ -89.841866536999987, 14.114008323000064 ], [ -89.842534010999941, 14.11110160800007 ], [ -89.843183634999946, 14.110034468000038 ], [ -89.843113987999971, 14.107744513000057 ], [ -89.842411201999937, 14.107256715000062 ], [ -89.840505132999965, 14.107563535000054 ], [ -89.836190969999961, 14.111953966000044 ], [ -89.835323373999984, 14.111425604000033 ], [ -89.832755196999983, 14.104785474000039 ], [ -89.831604509999977, 14.077483807000021 ], [ -89.84091356, 14.076599160000058 ], [ -89.84367432199997, 14.076808014000051 ], [ -89.851956073999986, 14.076170208000065 ], [ -89.858986455999968, 14.076182892000077 ], [ -89.861613224999985, 14.074184241000069 ], [ -89.862997545999974, 14.074085997000054 ], [ -89.864015857999959, 14.073184963000074 ], [ -89.86463736099995, 14.070008864000044 ], [ -89.863861103999966, 14.06863751000003 ], [ -89.863736219999964, 14.067027432000032 ], [ -89.867925988999957, 14.063597430000073 ], [ -89.868351629999907, 14.063248527000042 ], [ -89.867570949999958, 14.061776672000065 ], [ -89.864329559999987, 14.061165689000063 ], [ -89.859233586999949, 14.056359858000064 ], [ -89.858959137999989, 14.05423087500003 ], [ -89.859528725999951, 14.053330778000031 ], [ -89.860195287999943, 14.049602195000034 ], [ -89.860638641999969, 14.04926708000005 ], [ -89.861094314999946, 14.048537064000072 ], [ -89.861193563999961, 14.047957054000051 ], [ -89.860952166999937, 14.047217978000049 ], [ -89.860355567999989, 14.046539753000047 ], [ -89.859825635999982, 14.045975269000053 ], [ -89.859284278999951, 14.045443368000065 ], [ -89.858735920999948, 14.044577269000058 ], [ -89.859076099999982, 14.043922510000073 ], [ -89.859732778999955, 14.043585653000036 ], [ -89.862510137999948, 14.041957970000055 ], [ -89.865642787999946, 14.040302122000071 ], [ -89.867275154999959, 14.039675389000024 ], [ -89.867939310999986, 14.03959482700003 ], [ -89.868841814999939, 14.039629096000056 ], [ -89.869742932999941, 14.039807825000025 ], [ -89.87029996199999, 14.040038530000061 ], [ -89.870776328999966, 14.040334787000063 ], [ -89.871297778999974, 14.040631627000039 ], [ -89.871855236999977, 14.040873624000028 ], [ -89.872333143999981, 14.041014131000054 ], [ -89.873424983999939, 14.041452672000048 ], [ -89.874484738999968, 14.041700032000051 ], [ -89.875773823999964, 14.041917620000049 ], [ -89.877420103999953, 14.041927614000031 ], [ -89.879170288999944, 14.041906202000064 ], [ -89.880978188999961, 14.041806511000061 ], [ -89.883027622999975, 14.041586885000072 ], [ -89.884663555999964, 14.041507521000028 ], [ -89.886766397999963, 14.041613636000022 ], [ -89.888045610999939, 14.041708 ], [ -89.889119212999958, 14.041788418000067 ], [ -89.889929673999973, 14.041876737000052 ], [ -89.89065, 14.041875849000064 ], [ -89.891462851999961, 14.041829867000047 ], [ -89.892140105999943, 14.041593637000062 ], [ -89.893083806999982, 14.041147490000071 ], [ -89.894258184999956, 14.040571109000041 ], [ -89.895917409999981, 14.039621684000053 ], [ -89.897325800999965, 14.038623872000073 ], [ -89.89820565299999, 14.037808902000052 ], [ -89.89895857, 14.037104046000024 ], [ -89.899599013999989, 14.036208113000043 ], [ -89.900242579999897, 14.035122581000053 ], [ -89.900776502999975, 14.034537947000047 ], [ -89.90180262399997, 14.033891890000064 ], [ -89.902620096999954, 14.033500521000065 ], [ -89.903217117999986, 14.033295957000064 ], [ -89.90392572899998, 14.033305032000044 ], [ -89.904597623999962, 14.033293316000027 ], [ -89.905925025999977, 14.033801327000049 ], [ -89.906623584999977, 14.034344182000041 ], [ -89.906893325999988, 14.034921054000051 ], [ -89.906142261999946, 14.03622196200007 ], [ -89.903684102999989, 14.037133020000056 ], [ -89.903107889999944, 14.03854112700003 ], [ -89.903248516999952, 14.039605111000071 ], [ -89.905040922999945, 14.040831352000055 ], [ -89.907708733999982, 14.041574381000032 ], [ -89.907905194999955, 14.045456528000045 ], [ -89.911116152999966, 14.046139883000023 ], [ -89.916763513999967, 14.053371954000056 ], [ -89.919123935999949, 14.053986799000029 ], [ -89.921869148999974, 14.056653035000068 ], [ -89.927827696999941, 14.05781597400005 ], [ -89.928868840999939, 14.05873452000003 ], [ -89.931266138999945, 14.058240115000046 ], [ -89.933624142999975, 14.059001549000072 ], [ -89.935355841999979, 14.060339733000035 ], [ -89.938359367999965, 14.059997442000054 ], [ -89.939455466999959, 14.060787966000078 ], [ -89.941653970999937, 14.061026922000053 ], [ -89.943910861999939, 14.063703716000077 ], [ -89.94603486599999, 14.064244218000056 ], [ -89.946469580999974, 14.065295008000021 ], [ -89.948919304999947, 14.064907205000054 ], [ -89.950079423999966, 14.065540465000026 ], [ -89.952814754999963, 14.065197999000077 ], [ -89.956090676999963, 14.065686365000033 ], [ -89.956897906999984, 14.066423513000075 ], [ -89.956843646999971, 14.071002485000065 ], [ -89.958583536999981, 14.072351936000075 ], [ -89.958952543999942, 14.072737005000022 ], [ -89.96307775799994, 14.072849944000041 ], [ -89.964540468999985, 14.074438570000041 ], [ -89.965224544999955, 14.074960800000042 ], [ -89.966889536999986, 14.07485080400005 ], [ -89.968772746999946, 14.073847241000067 ], [ -89.970028295999953, 14.074443243000076 ], [ -89.971082385999978, 14.075935268000023 ], [ -89.971669014999975, 14.077359333000061 ], [ -89.971670356999937, 14.078704930000072 ], [ -89.973486155999979, 14.080756262000023 ], [ -89.974319596999976, 14.084427565000055 ], [ -89.976550182999972, 14.087962885000024 ], [ -89.976584210999988, 14.09091072800004 ], [ -89.977264937999962, 14.092965868000022 ], [ -89.979163249999942, 14.095525074000022 ], [ -89.979260721999935, 14.096554679000064 ], [ -89.978699068999958, 14.097311861000037 ], [ -89.977971369999977, 14.097591714000032 ], [ -89.973027825999964, 14.098760052000046 ], [ -89.971593816999984, 14.100019866000025 ], [ -89.97159800299994, 14.10162964500006 ], [ -89.97158155599999, 14.105939349000039 ], [ -89.969779699999947, 14.10859765500004 ], [ -89.966493863999972, 14.111342213000057 ], [ -89.96352372199999, 14.112645794000059 ], [ -89.960256333999951, 14.113162167000041 ], [ -89.959092083999963, 14.113823618000026 ], [ -89.955531654999959, 14.114152218000072 ], [ -89.95293096599994, 14.113413771000069 ], [ -89.952842344999965, 14.108031555000025 ], [ -89.948748683999952, 14.104026555000075 ], [ -89.944497017999936, 14.102820094000037 ], [ -89.942304844999967, 14.103160249000041 ], [ -89.941873602999976, 14.104145866000067 ], [ -89.942219205999947, 14.10736963100004 ], [ -89.94349852299996, 14.110871659000054 ], [ -89.943526111999972, 14.113572131000069 ], [ -89.944386831999964, 14.114597871000058 ], [ -89.944799580999984, 14.118382385000075 ], [ -89.945422841999971, 14.119218852000074 ], [ -89.945560611999952, 14.122200673000066 ], [ -89.94665176899997, 14.127501906000077 ], [ -89.948088749999954, 14.131116567000049 ], [ -89.94934679499994, 14.132972517000042 ], [ -89.949760927999989, 14.134965623000028 ], [ -89.951790656999947, 14.139460386000053 ], [ -89.954212495999968, 14.142877580000061 ], [ -89.956584244999988, 14.145587487000057 ], [ -89.956893656999966, 14.14789195000003 ], [ -89.957188046999988, 14.148631677000026 ], [ -89.957587718999946, 14.149370480000073 ], [ -89.95824163399999, 14.149824654000042 ], [ -89.960454968999954, 14.150711738000041 ], [ -89.963419181999939, 14.150940040000023 ], [ -89.967425038999977, 14.153005669000038 ], [ -89.973488716999952, 14.154614072000072 ], [ -89.978158679999979, 14.15773775200006 ], [ -89.980673102999958, 14.159140965000063 ], [ -89.981948865999982, 14.160562435000031 ], [ -89.985830373999988, 14.162173584000072 ], [ -89.988859422999951, 14.164959267000029 ], [ -89.987818670999957, 14.166851691000033 ], [ -89.98784313799996, 14.167627519000064 ], [ -89.986636356999952, 14.169474951000041 ], [ -89.986423388999981, 14.171058308000056 ], [ -89.98571730599997, 14.172485321000067 ], [ -89.984553588999972, 14.174309572000027 ], [ -89.984105365999937, 14.177495179000061 ], [ -89.981948084999942, 14.18287742800004 ], [ -89.981633916999954, 14.185938276000059 ], [ -89.980796651999981, 14.188133477000065 ], [ -89.979664660999958, 14.188863105000053 ], [ -89.977747640999951, 14.188762147000034 ], [ -89.976010255999938, 14.187680224000076 ], [ -89.974343206999947, 14.187663674000078 ], [ -89.973634600999958, 14.188093834000028 ], [ -89.972752551999974, 14.189996055000051 ], [ -89.972456396999974, 14.195128507000049 ], [ -89.971140076999973, 14.198446419000049 ], [ -89.968337506999944, 14.197935680000057 ], [ -89.965846133999946, 14.19808131800005 ], [ -89.964458402999981, 14.198936295000067 ], [ -89.961605514999974, 14.199379823000072 ], [ -89.961653374999969, 14.196400337000057 ], [ -89.96250801399998, 14.191877828000031 ], [ -89.961361237999938, 14.189894598000024 ], [ -89.959927065999977, 14.188727244000063 ], [ -89.959900403999939, 14.187386991000039 ], [ -89.957471388999977, 14.184951742000067 ], [ -89.956853972999966, 14.183187450000048 ], [ -89.95463740799994, 14.181136427000069 ], [ -89.953647539999963, 14.180709560000025 ], [ -89.951853581999956, 14.181278232000068 ], [ -89.949972312999989, 14.183485945000029 ], [ -89.949208965999958, 14.188003891000051 ], [ -89.949377614999946, 14.189882127000033 ], [ -89.950708374999977, 14.192157844000064 ], [ -89.950570361999951, 14.19512035200006 ], [ -89.949759867999944, 14.195853907000071 ], [ -89.948155691999943, 14.196194672000047 ], [ -89.946742951999965, 14.197057116000053 ], [ -89.946084756999937, 14.197907739000073 ], [ -89.945514000999935, 14.200260792000051 ], [ -89.942702442999973, 14.202235275000078 ], [ -89.942095359999939, 14.204876818000059 ], [ -89.940435240999989, 14.204898477000029 ], [ -89.93903579299996, 14.206013883000026 ], [ -89.936850601999936, 14.205028675000051 ], [ -89.934551428999953, 14.206536631000063 ], [ -89.93395968499999, 14.206529043000046 ], [ -89.933735777999971, 14.206014826000057 ], [ -89.932578340999953, 14.204539317000069 ], [ -89.929560780999964, 14.203504992000035 ], [ -89.928366794999988, 14.199381979000066 ], [ -89.926018221999982, 14.197095355000044 ], [ -89.921401881999941, 14.196183758000075 ], [ -89.920990854999957, 14.195520385000066 ], [ -89.920951767999952, 14.195031117000042 ], [ -89.921132069999942, 14.194360681000035 ], [ -89.92166337499998, 14.193487064000067 ], [ -89.921379071999979, 14.192521678000048 ], [ -89.91670288399996, 14.189800931000036 ], [ -89.915595058999941, 14.188605950000067 ], [ -89.914911650999954, 14.185759388000065 ], [ -89.913049794999949, 14.183732931000065 ], [ -89.911374771999988, 14.18303293300005 ], [ -89.909039589999963, 14.181276901000047 ], [ -89.908676838999952, 14.179147862000036 ], [ -89.910104796999974, 14.177886256000022 ], [ -89.910326418999944, 14.176856282000074 ], [ -89.906685503999938, 14.170468965000055 ], [ -89.904810825999959, 14.160742954000057 ], [ -89.903763959999935, 14.159459569000035 ], [ -89.902662858999975, 14.159360692000064 ] ] ] ] } },
{ "type": "Feature", "properties": { "Codigo": 1402, "datos_finales_color_riesgo": "152640" }, "geometry": { "type": "MultiPolygon", "coordinates": [ [ [ [ -90.973274121999964, 15.05439605600003 ], [ -90.972313374999942, 15.051145717000054 ], [ -90.971939674999987, 15.048812152000039 ], [ -90.968605730999968, 15.042225417000054 ], [ -90.968219104999946, 15.039665830000047 ], [ -90.968575945999987, 15.036411453000028 ], [ -90.969393261999983, 15.034482745000048 ], [ -90.969929642999944, 15.033377207000058 ], [ -90.970321945999956, 15.031836641000041 ], [ -90.97043275499999, 15.03087301000005 ], [ -90.970591929999955, 15.028543077000052 ], [ -90.970459453999979, 15.026574247000042 ], [ -90.969864624999957, 15.02421498800004 ], [ -90.969283595999968, 15.022855488000062 ], [ -90.968857532999948, 15.022007921000068 ], [ -90.96553520599997, 15.01521910200006 ], [ -90.964766661999988, 15.012557831000038 ], [ -90.964446713999962, 15.005294341000024 ], [ -90.965115452999953, 15.00216813000003 ], [ -90.966468033999945, 14.99750621000004 ], [ -90.967944814999953, 14.994758813000033 ], [ -90.969374331999973, 14.993198121000034 ], [ -90.972104141999978, 14.990219004000039 ], [ -90.975124347999952, 14.988848632000042 ], [ -90.976989763999939, 14.987819251000076 ], [ -90.981314643999951, 14.986904280000033 ], [ -90.984209610999983, 14.985558644000037 ], [ -90.985329500999967, 14.985464630000024 ], [ -90.987377877999961, 14.984247009000057 ], [ -90.989852072999952, 14.983904003000077 ], [ -90.992035564999981, 14.982772241000077 ], [ -91.002429020999955, 14.979455709000035 ], [ -91.005477247999977, 14.978100953000023 ], [ -91.009496662999936, 14.976074637000067 ], [ -91.011710339999979, 14.97927141100007 ], [ -91.011627665999981, 14.979793678000021 ], [ -91.013653874999989, 14.982913124000049 ], [ -91.014197122999974, 14.989904206000062 ], [ -91.014996785999983, 14.991838210000026 ], [ -91.01728572899998, 14.994205380000039 ], [ -91.019702106999944, 14.994663548000062 ], [ -91.023800363999953, 14.993883599000071 ], [ -91.028313925999953, 14.99102311200005 ], [ -91.032029957999953, 14.987427059000026 ], [ -91.033741884999984, 14.985365681000076 ], [ -91.033758932999945, 14.984834927000065 ], [ -91.034311102999936, 14.984684939000033 ], [ -91.03890552699994, 14.979544282000063 ], [ -91.041591077999954, 14.977226881000036 ], [ -91.045609471999967, 14.975217951000047 ], [ -91.054760610999949, 14.972462073000031 ], [ -91.066141634999951, 14.971554661000027 ], [ -91.071841297999981, 14.971602921000056 ], [ -91.083832084999983, 14.971705117000056 ], [ -91.093499394999981, 14.970576325000025 ], [ -91.096993129999987, 14.969301931000075 ], [ -91.105886339999984, 14.967126887000063 ], [ -91.112849993999987, 14.964482545000067 ], [ -91.116231312999957, 14.963087161000033 ], [ -91.123767163999958, 14.957618588000059 ], [ -91.125156816999947, 14.955950245000054 ], [ -91.128327578999972, 14.95348881700005 ], [ -91.129491092999956, 14.951427735000038 ], [ -91.130787039999973, 14.950373102000071 ], [ -91.132232984999973, 14.951787941000077 ], [ -91.133617216999937, 14.954563475000043 ], [ -91.133780916999967, 14.95672806500005 ], [ -91.133148424999945, 14.960466501000042 ], [ -91.130582814999968, 14.964220732000058 ], [ -91.129966414999956, 14.965892053000061 ], [ -91.124570761999962, 14.972634569000036 ], [ -91.110121551999953, 14.986821914000075 ], [ -91.108312618999946, 14.989681779000023 ], [ -91.105987372999948, 14.994950191000044 ], [ -91.104349337999963, 15.001875784000049 ], [ -91.101164460999939, 15.018053518000045 ], [ -91.098712175999935, 15.025070495000023 ], [ -91.096448769999938, 15.034818138000048 ], [ -91.092091289999985, 15.045846053000048 ], [ -91.090745696999988, 15.048143651000032 ], [ -91.089784351999981, 15.050299878000033 ], [ -91.088052827999945, 15.052917270000023 ], [ -91.085683742999947, 15.056370813000058 ], [ -91.082716355999935, 15.059514277000062 ], [ -91.078441150999936, 15.062845424000045 ], [ -91.073054645999946, 15.065317582000034 ], [ -91.070570653999937, 15.065870293000046 ], [ -91.067253944999948, 15.066334547000054 ], [ -91.06308801099999, 15.065450683000051 ], [ -91.058771424999975, 15.063430224000058 ], [ -91.054997731999947, 15.059880379000049 ], [ -91.050077857999952, 15.055325476000064 ], [ -91.042043339999964, 15.049394932000041 ], [ -91.039781405999975, 15.047544371000072 ], [ -91.036288771999978, 15.042942812000035 ], [ -91.03547903399999, 15.041057331000047 ], [ -91.034514684999976, 15.038160676000075 ], [ -91.034447014999955, 15.035651314000063 ], [ -91.033768240999962, 15.033049686000027 ], [ -91.032113724999988, 15.031211109000026 ], [ -91.03065064499998, 15.030552320000027 ], [ -91.02646735899998, 15.030517157000077 ], [ -91.016447935999963, 15.035050950000027 ], [ -91.013565400999937, 15.035558915000024 ], [ -91.009477968999988, 15.036335289000021 ], [ -91.004608470999983, 15.036655152000037 ], [ -91.000515445999952, 15.037591704000022 ], [ -90.996337490999963, 15.039342962000035 ], [ -90.994545488999961, 15.040619347000074 ], [ -90.99205555399999, 15.043379415000061 ], [ -90.989454070999955, 15.046624163000047 ], [ -90.983281982999983, 15.051389161000031 ], [ -90.980663547999939, 15.052830887000027 ], [ -90.977319897999962, 15.054011969000044 ], [ -90.97470741699999, 15.054509382000049 ], [ -90.973274121999964, 15.05439605600003 ] ] ] ] } },
{ "type": "Feature", "properties": { "Codigo": 2008, "datos_finales_color_riesgo": "152640" }, "geometry": { "type": "MultiPolygon", "coordinates": [ [ [ [ -89.353601214999969, 14.460998590000031 ], [ -89.353659849999985, 14.459712234000051 ], [ -89.353408548999937, 14.458971629000075 ], [ -89.352943370999981, 14.45870831600007 ], [ -89.352608560999954, 14.458189799000024 ], [ -89.352655547999973, 14.457404178000047 ], [ -89.352546723999978, 14.456375838000042 ], [ -89.352074544999937, 14.455832626000074 ], [ -89.351615032999973, 14.45522304800005 ], [ -89.350870436999969, 14.453850903000045 ], [ -89.351040232999935, 14.453272519000052 ], [ -89.351745450999942, 14.452837823000038 ], [ -89.352325287999975, 14.452388770000027 ], [ -89.352587049999954, 14.451779092000038 ], [ -89.352737158999958, 14.451023275000068 ], [ -89.352717182999982, 14.450119287000064 ], [ -89.352753991999975, 14.449282740000058 ], [ -89.352890882999986, 14.448627127000066 ], [ -89.353554102999965, 14.447253115000024 ], [ -89.353461452999966, 14.446616507000044 ], [ -89.35313640399994, 14.446209834000058 ], [ -89.352442817999986, 14.445897862000038 ], [ -89.351804748999939, 14.445731152000064 ], [ -89.351077371999963, 14.445397215000071 ], [ -89.350693004999982, 14.445078749000061 ], [ -89.350315590999969, 14.444370035000077 ], [ -89.350052365999943, 14.443651810000063 ], [ -89.349732795999955, 14.442910150000046 ], [ -89.349331657999983, 14.442201069000077 ], [ -89.348685289999935, 14.441834538000023 ], [ -89.348602187999973, 14.441181157000074 ], [ -89.349041021999938, 14.439333225000041 ], [ -89.349995294999985, 14.43835408800004 ], [ -89.35049812699998, 14.436555652000038 ], [ -89.35072913, 14.433856092000042 ], [ -89.350295571999936, 14.429599490000044 ], [ -89.354946755999947, 14.422286338000049 ], [ -89.356057575999955, 14.42224372000004 ], [ -89.358471735999956, 14.423524303000022 ], [ -89.361706424999966, 14.424178973000039 ], [ -89.369145964999973, 14.428842642000063 ], [ -89.372665738999956, 14.429808451000042 ], [ -89.373463828999945, 14.430957976000059 ], [ -89.374224876999961, 14.432500679000043 ], [ -89.377878848999956, 14.436123191000036 ], [ -89.379010979999975, 14.436736300000064 ], [ -89.380671271999972, 14.436654641000075 ], [ -89.382544573999951, 14.432027244000039 ], [ -89.382956527999966, 14.429030239000042 ], [ -89.383093081999959, 14.428460324000071 ], [ -89.383395968999935, 14.428020453000045 ], [ -89.384018285999957, 14.42758548300003 ], [ -89.38451682799996, 14.427682262000076 ], [ -89.385265320999963, 14.428717047000077 ], [ -89.38653835599996, 14.44214217800004 ], [ -89.387896100999967, 14.447532255000056 ], [ -89.389082706999943, 14.449580149000042 ], [ -89.390193031999956, 14.45040274400003 ], [ -89.392918278999957, 14.450484024000048 ], [ -89.39339188699995, 14.449833523000052 ], [ -89.396282223999947, 14.447180189000051 ], [ -89.400696235999987, 14.447286099000053 ], [ -89.401567506999982, 14.445449101000065 ], [ -89.40182922799994, 14.444833696000046 ], [ -89.402143581999951, 14.443789234000064 ], [ -89.402450414999976, 14.443247854000049 ], [ -89.402828239999963, 14.442539447000058 ], [ -89.403204594999977, 14.441886302000057 ], [ -89.403397014999939, 14.441331888000036 ], [ -89.403545114999986, 14.440653819000033 ], [ -89.403752844999985, 14.43983111600005 ], [ -89.403912568999942, 14.439185941000062 ], [ -89.404116159999944, 14.438620413000024 ], [ -89.404345058999979, 14.437921012000061 ], [ -89.404784058999951, 14.43693485600005 ], [ -89.406109129999948, 14.43285953700007 ], [ -89.406312165999964, 14.432327843000053 ], [ -89.406562218999966, 14.43175173800006 ], [ -89.406889416999945, 14.431309941000052 ], [ -89.40740275, 14.431027809000057 ], [ -89.408096582999974, 14.43100454100005 ], [ -89.408926492999967, 14.431374848000075 ], [ -89.409481538999955, 14.431739836000077 ], [ -89.410143886999947, 14.43183906400003 ], [ -89.410798461999946, 14.431737340000041 ], [ -89.411354456999959, 14.43132158700007 ], [ -89.411912042999973, 14.430806569000026 ], [ -89.412228938999988, 14.43032060400003 ], [ -89.41256382399996, 14.428026315000068 ], [ -89.412837721999949, 14.426647242000058 ], [ -89.413179326999966, 14.426027387000033 ], [ -89.413517390999971, 14.425664719000054 ], [ -89.414177438999957, 14.425183971000024 ], [ -89.414746412999989, 14.42467927000007 ], [ -89.415054085999941, 14.424081459000035 ], [ -89.415624661999971, 14.423476362000031 ], [ -89.416338071999974, 14.423241251000036 ], [ -89.417327583999963, 14.42293361000003 ], [ -89.417897086999972, 14.422395057000074 ], [ -89.418629077999981, 14.421034212000052 ], [ -89.419222022999975, 14.420440725000049 ], [ -89.419842203999963, 14.420315881000022 ], [ -89.420645286999957, 14.420227659000034 ], [ -89.42138111, 14.420037998000055 ], [ -89.421924403999981, 14.419689712000036 ], [ -89.422787279999966, 14.419445562000021 ], [ -89.423602057999972, 14.419313503000069 ], [ -89.424244442999964, 14.419211549000067 ], [ -89.424729074999959, 14.418984219000038 ], [ -89.425447614999939, 14.418426464000049 ], [ -89.425765182999953, 14.417895349000048 ], [ -89.425819127999944, 14.417416652000043 ], [ -89.425827317999961, 14.416903411000021 ], [ -89.426343221999957, 14.416130467000073 ], [ -89.428077606999977, 14.415062318000025 ], [ -89.428530346999935, 14.414656225000044 ], [ -89.428994479999972, 14.414261587000055 ], [ -89.429547901999968, 14.414002567000068 ], [ -89.43036307899996, 14.413880641000048 ], [ -89.430854950999958, 14.413888085000053 ], [ -89.431657835999943, 14.413811098000053 ], [ -89.432452124999941, 14.413510582000072 ], [ -89.433045057999948, 14.412950896000041 ], [ -89.433423424999944, 14.412198414000045 ], [ -89.434084473999974, 14.411649910000051 ], [ -89.435005122999939, 14.411373858000047 ], [ -89.435979822999968, 14.411265602000071 ], [ -89.436552129999939, 14.411274248000041 ], [ -89.437147003999939, 14.411283234000052 ], [ -89.43800467799997, 14.411363885000071 ], [ -89.438539791999972, 14.411527668000076 ], [ -89.439073171999951, 14.411836974000039 ], [ -89.439646944999936, 14.412481987000035 ], [ -89.440181232999976, 14.413426531000027 ], [ -89.440920453999979, 14.413750221000043 ], [ -89.442257458999961, 14.415321793000032 ], [ -89.442290956999955, 14.416091791000042 ], [ -89.442472502999976, 14.416943005000064 ], [ -89.443025819999946, 14.417419591000055 ], [ -89.445119531999978, 14.418946153000036 ], [ -89.445732798999984, 14.419256653000048 ], [ -89.446257463999984, 14.419387545000063 ], [ -89.446805413999982, 14.419473657000026 ], [ -89.447846713999979, 14.419511913000065 ], [ -89.44837333199996, 14.419519846000071 ], [ -89.449218199999962, 14.419644274000063 ], [ -89.449683628999935, 14.419897253000045 ], [ -89.45113794599996, 14.420610796000062 ], [ -89.452458955999987, 14.421043635000046 ], [ -89.453545111999972, 14.421137830000077 ], [ -89.454038066999942, 14.421078676000036 ], [ -89.455126889999974, 14.421004785000036 ], [ -89.455867930999943, 14.421216765000054 ], [ -89.456686531999935, 14.421575461000032 ], [ -89.457508492999978, 14.421722082000031 ], [ -89.458491295999977, 14.421837269000036 ], [ -89.459015460999979, 14.422000849000028 ], [ -89.459684988999982, 14.422379861000024 ], [ -89.460535126999957, 14.422904880000033 ], [ -89.461025849999942, 14.423023951000062 ], [ -89.461997426999972, 14.423117518000026 ], [ -89.462911031999965, 14.423253086000045 ], [ -89.463647676999983, 14.42374479800003 ], [ -89.464269058999946, 14.424277658000051 ], [ -89.464868505999959, 14.424733462000063 ], [ -89.465844992999962, 14.425250207000033 ], [ -89.467036965999966, 14.42590444800004 ], [ -89.467512039999974, 14.426245549000043 ], [ -89.467975391999971, 14.426632737000034 ], [ -89.468416726999976, 14.426984616000027 ], [ -89.469283304999976, 14.427901384000052 ], [ -89.46985056599999, 14.42823370900004 ], [ -89.470456433999971, 14.428320640000038 ], [ -89.470960983999987, 14.428261626000051 ], [ -89.471587522999982, 14.427735056000074 ], [ -89.471896603999937, 14.42700288900005 ], [ -89.472224601999983, 14.426539546000072 ], [ -89.472919822999984, 14.426025282000069 ], [ -89.473528431999966, 14.425901250000038 ], [ -89.474097813999947, 14.426099327000031 ], [ -89.474933859999965, 14.42608926500003 ], [ -89.475387966999961, 14.425593954000021 ], [ -89.47549100399999, 14.424858699000026 ], [ -89.475769065999941, 14.423926345000041 ], [ -89.476545201999954, 14.423345578000067 ], [ -89.477224429999978, 14.423110884000039 ], [ -89.478259656999967, 14.422802521000051 ], [ -89.478766354999948, 14.422643100000073 ], [ -89.479527215999951, 14.422296783000036 ], [ -89.482073122999964, 14.421297854000045 ], [ -89.482591697999965, 14.421082182000077 ], [ -89.483145637999939, 14.420789181000032 ], [ -89.483724658999961, 14.420373563000055 ], [ -89.484257601999957, 14.419979826000031 ], [ -89.484756221999987, 14.419596854000076 ], [ -89.485633230999952, 14.419151825000029 ], [ -89.486424407999948, 14.419085762000066 ], [ -89.48838686299996, 14.41948396500004 ], [ -89.489440319999972, 14.419488369000021 ], [ -89.49035012, 14.41916679600007 ], [ -89.490723275999983, 14.418736810000041 ], [ -89.491248821999989, 14.418075524000074 ], [ -89.491704981999987, 14.417445928000063 ], [ -89.492197946999966, 14.416683731000035 ], [ -89.492772520999949, 14.41581104100004 ], [ -89.493310863999966, 14.415070953000054 ], [ -89.493801665999968, 14.414409143000057 ], [ -89.494410437999989, 14.413569675000076 ], [ -89.495171890999984, 14.412442491000036 ], [ -89.496633318999955, 14.409786630000042 ], [ -89.496950016999961, 14.409300501000075 ], [ -89.497174944999983, 14.40883444800005 ], [ -89.497603951999963, 14.408495540000047 ], [ -89.498191634999955, 14.408225562000041 ], [ -89.49902407799999, 14.407701948000067 ], [ -89.499529095999947, 14.406906054000046 ], [ -89.49983787299999, 14.406185104000031 ], [ -89.500216375999969, 14.405409899000063 ], [ -89.50056512399999, 14.405057384000031 ], [ -89.501270034999948, 14.404655985000034 ], [ -89.501819920999935, 14.40461900400004 ], [ -89.50234992299994, 14.405151544000034 ], [ -89.502639895999948, 14.405635391000033 ], [ -89.504122696999957, 14.407464988000072 ], [ -89.504924590999963, 14.408157268000025 ], [ -89.50545877799999, 14.408422445000042 ], [ -89.506038982999939, 14.408631886000023 ], [ -89.506791470999985, 14.40885516000003 ], [ -89.507578230999968, 14.409033805000035 ], [ -89.508229978999964, 14.409110023000039 ], [ -89.509021412999971, 14.408988590000035 ], [ -89.509520589999966, 14.408566068000027 ], [ -89.509863535999955, 14.407879455000057 ], [ -89.510858632999941, 14.407168635000062 ], [ -89.511838437999984, 14.408221217000062 ], [ -89.51237138, 14.409311197000022 ], [ -89.512497248999978, 14.410038596000049 ], [ -89.512563463999982, 14.412404627000058 ], [ -89.512550611999984, 14.413230400000032 ], [ -89.512658546999944, 14.414403241000059 ], [ -89.512696610999967, 14.414895770000044 ], [ -89.512688795999964, 14.415397777000067 ], [ -89.512634752999986, 14.415931821000072 ], [ -89.51273452099997, 14.416848402000028 ], [ -89.51344097599997, 14.417093548000025 ], [ -89.514011378999953, 14.41719112100003 ], [ -89.514638443999957, 14.417367389000049 ], [ -89.515432359999977, 14.417869961000065 ], [ -89.515996906999987, 14.418381555000053 ], [ -89.516412910999975, 14.418878542000073 ], [ -89.516846978999979, 14.419665785000063 ], [ -89.517458832999978, 14.420076523000034 ], [ -89.518159569999966, 14.419908591000024 ], [ -89.518670951999979, 14.419446740000069 ], [ -89.519416374999935, 14.419346036000036 ], [ -89.519741631999977, 14.419797673000062 ], [ -89.519731410999952, 14.420455361000052 ], [ -89.519616944999939, 14.421190498000044 ], [ -89.519343548999984, 14.421834149000063 ], [ -89.519103614999949, 14.422522298000047 ], [ -89.519182974999978, 14.423338153000032 ], [ -89.51941223099999, 14.424044514000059 ], [ -89.51983532099996, 14.424831594000068 ], [ -89.520377971999949, 14.425263873000063 ], [ -89.521010910999962, 14.425809194000067 ], [ -89.521499357999971, 14.426786806000052 ], [ -89.52127255399995, 14.427374726000039 ], [ -89.519791278999946, 14.429116501000067 ], [ -89.519466268999963, 14.430137388000048 ], [ -89.519337793999966, 14.431028032000029 ], [ -89.519029527999976, 14.431716297000037 ], [ -89.518437398999936, 14.432231111000021 ], [ -89.517524484999967, 14.432787445000031 ], [ -89.516543567999975, 14.433286351000049 ], [ -89.51585186899996, 14.433577396000032 ], [ -89.515182807999963, 14.433901494000054 ], [ -89.514777934999984, 14.434175340000024 ], [ -89.514220799999975, 14.434635369000034 ], [ -89.513259365999943, 14.435369244000071 ], [ -89.512668602999952, 14.435794919000045 ], [ -89.512055073999989, 14.43623266700007 ], [ -89.511582726999961, 14.436415236000073 ], [ -89.510995776999948, 14.436596106000025 ], [ -89.510157920999973, 14.43671796700005 ], [ -89.50922688899999, 14.436949023000068 ], [ -89.507503017999966, 14.437347731000045 ], [ -89.50662754199999, 14.437691307000023 ], [ -89.505980711999939, 14.438073250000059 ], [ -89.505492428999958, 14.438534274000062 ], [ -89.504987506999953, 14.439318886000024 ], [ -89.504704099999969, 14.439894653000067 ], [ -89.504499966999958, 14.440472727000042 ], [ -89.504262808999954, 14.441015329000038 ], [ -89.503861941999958, 14.441734909000047 ], [ -89.503343908999966, 14.442653594000035 ], [ -89.503028039999947, 14.443083319000039 ], [ -89.502711271999942, 14.443570575000024 ], [ -89.50192958699995, 14.445243590000075 ], [ -89.501691132999952, 14.445831303000034 ], [ -89.501355113999978, 14.446807974000023 ], [ -89.50121379899997, 14.447810106000077 ], [ -89.501197374999947, 14.448859227000071 ], [ -89.501053212999977, 14.450005745000055 ], [ -89.500988957999937, 14.451188430000059 ], [ -89.501471054999968, 14.451864709000063 ], [ -89.501993526999968, 14.452107174000048 ], [ -89.502413037999986, 14.452380831000028 ], [ -89.502814156999989, 14.453089757000043 ], [ -89.502893725999968, 14.453850320000072 ], [ -89.502817230999938, 14.454372739000064 ], [ -89.502647800999966, 14.454951322000056 ], [ -89.502341205999983, 14.455526736000024 ], [ -89.50158447199999, 14.45704439900004 ], [ -89.50005222599998, 14.460536411000078 ], [ -89.499472796999953, 14.461710295000046 ], [ -89.499244134999969, 14.462409852000064 ], [ -89.499140435999948, 14.463189124000053 ], [ -89.49901620199995, 14.463801097000044 ], [ -89.499008506999985, 14.464291813000045 ], [ -89.49932746099995, 14.465145079000024 ], [ -89.499995814999977, 14.465612011000076 ], [ -89.500414971999987, 14.465909366000062 ], [ -89.500671011999941, 14.466381441000067 ], [ -89.500489468999945, 14.46699256200003 ], [ -89.500140794999936, 14.467332644000066 ], [ -89.499454404999938, 14.468015231000038 ], [ -89.499606627999981, 14.468535408000037 ], [ -89.500183820999951, 14.468945696000048 ], [ -89.50099641099996, 14.469002929000055 ], [ -89.501457968999944, 14.468775102000052 ], [ -89.501829463999968, 14.46845679300003 ], [ -89.502522622999948, 14.468043977000036 ], [ -89.503287219999947, 14.46824491700005 ], [ -89.503324394999936, 14.468791592000059 ], [ -89.503257137999981, 14.470866757000067 ], [ -89.503202496999961, 14.471434634000047 ], [ -89.502896383999939, 14.471977331000062 ], [ -89.502456705999975, 14.472249489000035 ], [ -89.501760161999982, 14.472138697000048 ], [ -89.501126823999982, 14.47161587100004 ], [ -89.50027255699996, 14.471335731000067 ], [ -89.499401519999935, 14.47146041700006 ], [ -89.499539955999978, 14.474962613000059 ], [ -89.499644959999955, 14.475576869000065 ], [ -89.499966319999942, 14.476240612000026 ], [ -89.500557083999979, 14.476561966000077 ], [ -89.501278369999966, 14.476572708000049 ], [ -89.501929193999956, 14.476682823000033 ], [ -89.502714289999972, 14.477018348000058 ], [ -89.503200573999948, 14.477393430000063 ], [ -89.503710912999964, 14.47845039200007 ], [ -89.503955035999979, 14.478944858000034 ], [ -89.504607715999953, 14.479712825000036 ], [ -89.505264190999981, 14.480202142000053 ], [ -89.505979199999956, 14.480614474000049 ], [ -89.506808989999968, 14.481018357000039 ], [ -89.507592844999976, 14.481397857000047 ], [ -89.508116848999975, 14.481583929000067 ], [ -89.50918865899996, 14.481878566000034 ], [ -89.510193380999965, 14.482094346000054 ], [ -89.510671944999956, 14.482224449000057 ], [ -89.511730132999958, 14.482686998000077 ], [ -89.512498823999977, 14.483333683000069 ], [ -89.512835478999989, 14.48376294600007 ], [ -89.513280831999964, 14.484572953000054 ], [ -89.513383404999956, 14.485345145000053 ], [ -89.513363972999969, 14.485846978000041 ], [ -89.513308815999949, 14.486448704000054 ], [ -89.513045816999977, 14.487159050000059 ], [ -89.512611228999958, 14.487844280000047 ], [ -89.511913457999981, 14.488548167000033 ], [ -89.511042826999983, 14.489270918000045 ], [ -89.51007534699994, 14.490372484000034 ], [ -89.508684081999945, 14.491911182000024 ], [ -89.509196521999968, 14.492356606000044 ], [ -89.509730539999964, 14.492644381000048 ], [ -89.510471492999955, 14.492844963000039 ], [ -89.511020433999988, 14.492919697000048 ], [ -89.511706514999958, 14.492963747000033 ], [ -89.512643967999963, 14.493078103000073 ], [ -89.513215312999989, 14.493164450000052 ], [ -89.513716369999941, 14.493338889000029 ], [ -89.514408327999945, 14.493784715000061 ], [ -89.515113741999983, 14.494073898000067 ], [ -89.516029617999948, 14.494087497000066 ], [ -89.518785848999983, 14.493614992000062 ], [ -89.51997705499997, 14.493611221000037 ], [ -89.520489524999959, 14.493797103000077 ], [ -89.52059666699995, 14.494278247000068 ], [ -89.520345429999963, 14.494977496000047 ], [ -89.51978480799994, 14.495649587000059 ], [ -89.519704981999951, 14.496385227000076 ], [ -89.520097942999939, 14.496881895000058 ], [ -89.520664246999957, 14.497291993000033 ], [ -89.521333426999945, 14.497714898000027 ], [ -89.521679952999989, 14.498256011000024 ], [ -89.521691378999947, 14.498970440000051 ], [ -89.521201965999978, 14.499531879000074 ], [ -89.520669021999936, 14.499914391000061 ], [ -89.519916465999984, 14.500416636000068 ], [ -89.519162561999963, 14.501041850000036 ], [ -89.518847472999937, 14.501416304000031 ], [ -89.518642591999935, 14.502038378000066 ], [ -89.518974638999964, 14.502801568000052 ], [ -89.519563003999963, 14.503245850000042 ], [ -89.520433246999971, 14.503995587000077 ], [ -89.520909148999976, 14.504336645000024 ], [ -89.521360657999935, 14.504756324000027 ], [ -89.521779224999989, 14.505097658000068 ], [ -89.523874751999983, 14.507338080000068 ], [ -89.525107545999958, 14.509052297000039 ], [ -89.525856059999967, 14.510257209000031 ], [ -89.52624928299997, 14.510776445000033 ], [ -89.526869920999957, 14.511344185000041 ], [ -89.527782989999935, 14.511580001000027 ], [ -89.528859330999978, 14.511595942000042 ], [ -89.529408614999966, 14.511615359000075 ], [ -89.529981411999984, 14.511612554000067 ], [ -89.530854058999978, 14.511469754000075 ], [ -89.531405665999955, 14.511377491000076 ], [ -89.531966530999966, 14.511397074000058 ], [ -89.53249290399998, 14.511437584000078 ], [ -89.533269201999985, 14.511605909000025 ], [ -89.533736339999962, 14.511768533000065 ], [ -89.534225687999935, 14.511955182000065 ], [ -89.534908787999939, 14.512232708000056 ], [ -89.536439313999949, 14.512500186000068 ], [ -89.537068033999958, 14.512588462000053 ], [ -89.538219321999975, 14.512962038000069 ], [ -89.539111609999964, 14.513009065000062 ], [ -89.539664098999936, 14.512860377000038 ], [ -89.540321313999982, 14.512568799000064 ], [ -89.540815534999979, 14.512442942000064 ], [ -89.541594987999986, 14.512409307000041 ], [ -89.542245328999968, 14.512597188000029 ], [ -89.542746270999942, 14.512783992000038 ], [ -89.543704011999978, 14.513054260000047 ], [ -89.544254064999961, 14.513062371000046 ], [ -89.545201087999942, 14.513277185000049 ], [ -89.54547886499995, 14.513849988000061 ], [ -89.545042716999944, 14.514636821000067 ], [ -89.544559669999956, 14.514751566000029 ], [ -89.543620398999963, 14.514782853000042 ], [ -89.542655319999938, 14.514946903000066 ], [ -89.542585687999974, 14.51573800500006 ], [ -89.542646962999981, 14.516229759000055 ], [ -89.543080016999966, 14.517095981000068 ], [ -89.54386412599996, 14.517509254000061 ], [ -89.54466132899995, 14.517788440000061 ], [ -89.545620355999972, 14.518014719000064 ], [ -89.547019657999954, 14.518494598000075 ], [ -89.546136077999961, 14.521240498000054 ], [ -89.54416764299998, 14.523133122000047 ], [ -89.542664029999969, 14.523773300000073 ], [ -89.541288433999966, 14.523816182000076 ], [ -89.540167688999986, 14.524601913000026 ], [ -89.539030159999982, 14.525535209000054 ], [ -89.532416611999963, 14.526877198000022 ], [ -89.529055773999971, 14.525872807000042 ], [ -89.525443327999938, 14.525998652000055 ], [ -89.523705334999988, 14.526698403000069 ], [ -89.522412848999977, 14.528684327000065 ], [ -89.521237320999944, 14.532815872000072 ], [ -89.520260038999936, 14.533790924000073 ], [ -89.517203561999963, 14.534762123000064 ], [ -89.516376133999984, 14.535523867000052 ], [ -89.51663803799994, 14.538987321000036 ], [ -89.515275853999981, 14.545292626000048 ], [ -89.513783719999935, 14.547659127000031 ], [ -89.513820347999967, 14.554690473000051 ], [ -89.511771008999972, 14.556423522000046 ], [ -89.508991910999953, 14.556236478000073 ], [ -89.507273235999946, 14.553925893000041 ], [ -89.50520731599994, 14.552702356000054 ], [ -89.497098350999977, 14.553946301000053 ], [ -89.49228192399994, 14.551654650000046 ], [ -89.490903008999965, 14.551533539000047 ], [ -89.483902103999981, 14.549161560000073 ], [ -89.477943778999986, 14.550192323000033 ], [ -89.476333497999974, 14.551220784000066 ], [ -89.473849068999982, 14.551455256000054 ], [ -89.47221633099997, 14.552400976000058 ], [ -89.470750101999954, 14.553364995000038 ], [ -89.466086945999962, 14.554093395000052 ], [ -89.460824478999939, 14.554012660000069 ], [ -89.456696497999985, 14.554451093000068 ], [ -89.45604328, 14.554915076000043 ], [ -89.45112925799998, 14.555719466000028 ], [ -89.447470749999979, 14.556932090000032 ], [ -89.445449726999982, 14.559076697000023 ], [ -89.442087897999954, 14.565978005000034 ], [ -89.437593125999967, 14.570772374000057 ], [ -89.436200931999963, 14.571907614000054 ], [ -89.432657325999969, 14.573482727000055 ], [ -89.430193225999972, 14.573952787000053 ], [ -89.426859122999986, 14.573919841000077 ], [ -89.426584061999961, 14.573053637000044 ], [ -89.426181241999984, 14.572602937000056 ], [ -89.425707898999974, 14.572179364000021 ], [ -89.423569761999943, 14.570614447000025 ], [ -89.42119762599998, 14.569983515000047 ], [ -89.41821495399995, 14.567565070000057 ], [ -89.41763164799994, 14.567173647000061 ], [ -89.41589357, 14.565232340000023 ], [ -89.406416969999952, 14.558000265000032 ], [ -89.403981884999951, 14.556942883000033 ], [ -89.402154501999973, 14.555270918000076 ], [ -89.399598441999956, 14.553927323000039 ], [ -89.397827036999956, 14.552128707000065 ], [ -89.396963271999937, 14.551074037000035 ], [ -89.396947615999977, 14.545797052000069 ], [ -89.396601102999966, 14.544239266000034 ], [ -89.396503367999969, 14.542340073000048 ], [ -89.396931794999944, 14.541705835000073 ], [ -89.397631640999975, 14.533622662000028 ], [ -89.397201683999981, 14.530103852000025 ], [ -89.395591581999952, 14.52454734500003 ], [ -89.39346295699994, 14.520294996000075 ], [ -89.392464399999938, 14.51931047000005 ], [ -89.391194104999954, 14.517087478000064 ], [ -89.390600789999951, 14.507081110000058 ], [ -89.391449670999975, 14.503116040000066 ], [ -89.392842143999985, 14.489930388000062 ], [ -89.39288413099996, 14.487765955000043 ], [ -89.394121469999959, 14.48454242400004 ], [ -89.39479199699997, 14.478630619000057 ], [ -89.394547140999975, 14.474581011000055 ], [ -89.39410976299996, 14.472735279000062 ], [ -89.393244662999962, 14.471670488000029 ], [ -89.390193117999956, 14.470163699000068 ], [ -89.378920525999945, 14.468674776000057 ], [ -89.375015638999969, 14.468747708000024 ], [ -89.373459739999987, 14.467521031000047 ], [ -89.372802910999951, 14.466722277000031 ], [ -89.372631183999943, 14.463752432000035 ], [ -89.371795925999947, 14.463033285000051 ], [ -89.366264311999942, 14.462900469000033 ], [ -89.36290366299994, 14.461912099000074 ], [ -89.353601214999969, 14.460998590000031 ] ] ] ] } },
{ "type": "Feature", "properties": { "Codigo": 1008, "datos_finales_color_riesgo": "152640" }, "geometry": { "type": "MultiPolygon", "coordinates": [ [ [ [ -91.454231696999955, 14.599375241000075 ], [ -91.456720718999975, 14.596908342000063 ], [ -91.457330799999966, 14.596268371000065 ], [ -91.458169235999947, 14.595407328000022 ], [ -91.45994832599996, 14.592830623000054 ], [ -91.460618849999946, 14.586913579000054 ], [ -91.460314796999967, 14.585591926000063 ], [ -91.458516403999965, 14.583533934000059 ], [ -91.452957887999958, 14.581924461000028 ], [ -91.447308352999983, 14.579410394000035 ], [ -91.446260645999985, 14.574713508000059 ], [ -91.445016135999936, 14.570625417000031 ], [ -91.444799298999953, 14.566558847000067 ], [ -91.443448501999967, 14.561838469000065 ], [ -91.444749240999954, 14.551933989000077 ], [ -91.444261329999961, 14.549554710000052 ], [ -91.443301137999981, 14.548279527000034 ], [ -91.442237483999975, 14.545880601000022 ], [ -91.441004114999942, 14.539651547000062 ], [ -91.447519517999979, 14.540354643000057 ], [ -91.448481520999962, 14.54087170300005 ], [ -91.449939097999959, 14.542510575000051 ], [ -91.451045170999976, 14.545574096000053 ], [ -91.451287625999953, 14.549895057000072 ], [ -91.452287119999937, 14.551197588000036 ], [ -91.453300438999975, 14.551599728000042 ], [ -91.454664346999948, 14.553211974000021 ], [ -91.457711676999963, 14.553447876000064 ], [ -91.46243067499995, 14.55156949700006 ], [ -91.464608164999959, 14.549520701000063 ], [ -91.464344842999935, 14.541971638000064 ], [ -91.465858252999965, 14.541507022000076 ], [ -91.467493789999935, 14.542422735000059 ], [ -91.467704408999964, 14.543081680000057 ], [ -91.469743414999982, 14.54436382800003 ], [ -91.471242744999984, 14.542912733000037 ], [ -91.472027308999941, 14.540231080000069 ], [ -91.473019970999985, 14.539756241000077 ], [ -91.47605264699996, 14.539402012000039 ], [ -91.475824607999982, 14.540264861000026 ], [ -91.475076687999945, 14.542007864000027 ], [ -91.474187337999979, 14.543314953000049 ], [ -91.472887705999938, 14.546596590000036 ], [ -91.473038288999987, 14.553375510000023 ], [ -91.473806808999939, 14.556239029000039 ], [ -91.474875883999971, 14.557484309000074 ], [ -91.475963822999972, 14.558686775000069 ], [ -91.478049440999939, 14.55988104000005 ], [ -91.481294652999964, 14.560377794000033 ], [ -91.482776333999936, 14.559309533000032 ], [ -91.483348128999978, 14.553380406000031 ], [ -91.48462114299997, 14.553049697000063 ], [ -91.485318478999943, 14.553532138000037 ], [ -91.487961607999978, 14.554793194000069 ], [ -91.492735599999946, 14.558799946000022 ], [ -91.49516281199999, 14.563435540000057 ], [ -91.495546969999964, 14.565289843000073 ], [ -91.495106555999939, 14.576940310000055 ], [ -91.494350960999952, 14.581946335000055 ], [ -91.493627271999969, 14.582679463000034 ], [ -91.492890943999953, 14.583735642000022 ], [ -91.491454688999966, 14.586120524000023 ], [ -91.491074524999988, 14.588535946000036 ], [ -91.491860346999943, 14.594441097000072 ], [ -91.490195551999989, 14.599445732000049 ], [ -91.488728695999953, 14.601023672000053 ], [ -91.485513694999952, 14.601871679000055 ], [ -91.48452034, 14.601476562000073 ], [ -91.477561152999954, 14.601410922000071 ], [ -91.465500311999961, 14.599446221000051 ], [ -91.460018891999937, 14.599780698000075 ], [ -91.454231696999955, 14.599375241000075 ] ] ] ] } },
{ "type": "Feature", "properties": { "Codigo": 613, "datos_finales_color_riesgo": "152640" }, "geometry": { "type": "MultiPolygon", "coordinates": [ [ [ [ -90.398450526999966, 14.205425663000028 ], [ -90.396349694999969, 14.20410987200006 ], [ -90.389464848999978, 14.202158109000038 ], [ -90.383437705999938, 14.201173099000073 ], [ -90.382183612999938, 14.200417504000029 ], [ -90.381974581999941, 14.199924020000026 ], [ -90.381714244999955, 14.197399699000073 ], [ -90.380797814999937, 14.196471641000073 ], [ -90.373194406999971, 14.197902528000043 ], [ -90.372894020999979, 14.198306863000028 ], [ -90.370435749999956, 14.19894946200003 ], [ -90.366913251999961, 14.19833710100005 ], [ -90.364578215999984, 14.19678136400006 ], [ -90.359918104999963, 14.195465326000033 ], [ -90.357700215999955, 14.195491660000073 ], [ -90.35680481899999, 14.196102814000028 ], [ -90.35458392299995, 14.196288297000024 ], [ -90.350843153999961, 14.197586098000045 ], [ -90.345525350999935, 14.199630784000021 ], [ -90.344300417999989, 14.199465883000073 ], [ -90.343188576999978, 14.198188884000047 ], [ -90.342867416999979, 14.197443462000024 ], [ -90.342315699999972, 14.196122999000067 ], [ -90.341561962999947, 14.194609464000052 ], [ -90.340911263999942, 14.193688752000071 ], [ -90.340534066999965, 14.192985614000065 ], [ -90.340100690999975, 14.192336051000041 ], [ -90.33999954799998, 14.191581783000061 ], [ -90.343380850999949, 14.190137880000066 ], [ -90.344357693999939, 14.188496764000035 ], [ -90.344502826999985, 14.186420723000026 ], [ -90.346382410999979, 14.183532848000027 ], [ -90.34739618499998, 14.182641881000052 ], [ -90.349691364999956, 14.181230994000032 ], [ -90.351717239999971, 14.181431810000049 ], [ -90.35364577699994, 14.181643953000048 ], [ -90.360239701999944, 14.180940975000055 ], [ -90.363970391999942, 14.181989284000053 ], [ -90.365873234999981, 14.183125843000028 ], [ -90.366351342999963, 14.183415651000075 ], [ -90.367081230999986, 14.183800821000034 ], [ -90.370926797999971, 14.184128749000024 ], [ -90.373561607999989, 14.182915561000073 ], [ -90.374788925999951, 14.182417497000074 ], [ -90.375914205999948, 14.182941348000043 ], [ -90.377578794999977, 14.182863599000029 ], [ -90.379383269999948, 14.182144863000076 ], [ -90.380994441999974, 14.182485433000068 ], [ -90.382246081999938, 14.183043385000076 ], [ -90.383439068999962, 14.185031373000072 ], [ -90.38565732, 14.185018336000041 ], [ -90.38857603799994, 14.184124244000031 ], [ -90.390009618999954, 14.184816260000048 ], [ -90.392656184999964, 14.185504539000021 ], [ -90.39371209799998, 14.185217926000064 ], [ -90.396365892999938, 14.18258978700004 ], [ -90.399834381999938, 14.181739915000037 ], [ -90.404490290999945, 14.178756235000037 ], [ -90.40874999, 14.17488060200003 ], [ -90.413580646999947, 14.170650814000055 ], [ -90.414103707999971, 14.16958257400006 ], [ -90.415002307999941, 14.168157035000036 ], [ -90.415820675999953, 14.167479293000042 ], [ -90.416216371999951, 14.164267550000034 ], [ -90.415870806999976, 14.159675821000064 ], [ -90.415364648999969, 14.158128990000023 ], [ -90.413459892999981, 14.155872616000067 ], [ -90.406530472999975, 14.154483415000072 ], [ -90.405877941999961, 14.154266329000052 ], [ -90.40536080399994, 14.153897132000054 ], [ -90.403330100999938, 14.151483506000034 ], [ -90.402155380999943, 14.149664063000046 ], [ -90.402182198999981, 14.148984571000028 ], [ -90.401104553999971, 14.146007612000062 ], [ -90.400413694999941, 14.14005486800005 ], [ -90.400622041999952, 14.13918424700006 ], [ -90.401155292999988, 14.138081136000039 ], [ -90.401617708999936, 14.137203100000022 ], [ -90.402079544999935, 14.136325054000054 ], [ -90.403199241999971, 14.135087127000077 ], [ -90.404309440999953, 14.134277060000045 ], [ -90.406777788999989, 14.132677652000041 ], [ -90.407870168999978, 14.132212910000021 ], [ -90.414110996999966, 14.133503093000058 ], [ -90.419488323999985, 14.135492999000064 ], [ -90.426595604999989, 14.140681242000028 ], [ -90.427372254999966, 14.140819423000039 ], [ -90.428918579999959, 14.142385282000077 ], [ -90.430210421999959, 14.143223448000072 ], [ -90.431167462999952, 14.143837826000038 ], [ -90.433000426999968, 14.145490295000059 ], [ -90.434469665999984, 14.146765092000066 ], [ -90.434543089999977, 14.147801383000058 ], [ -90.435058348999974, 14.148806258000036 ], [ -90.434918158999949, 14.149336629000061 ], [ -90.433256529999937, 14.152156624000042 ], [ -90.433293860999981, 14.15429352600006 ], [ -90.433727275999956, 14.15496102000003 ], [ -90.434364697999968, 14.155393556000035 ], [ -90.43523231599994, 14.155783383000028 ], [ -90.436241905999964, 14.155794173000061 ], [ -90.436773656999947, 14.155485927000029 ], [ -90.437147239999945, 14.15488577800005 ], [ -90.437800061999951, 14.153997269000058 ], [ -90.438405393999972, 14.153008876000058 ], [ -90.440620420999949, 14.150989722000077 ], [ -90.442257400999949, 14.150467396000067 ], [ -90.44324175, 14.150095073000045 ], [ -90.448320510999963, 14.146914968000033 ], [ -90.449679230999948, 14.146747596000068 ], [ -90.452074492999941, 14.145415677000074 ], [ -90.45428329799995, 14.145238101000075 ], [ -90.456592934999946, 14.147126967000077 ], [ -90.456617849999986, 14.148215828000048 ], [ -90.455370766999977, 14.149789205000047 ], [ -90.455190552999966, 14.151423574000034 ], [ -90.456619386999989, 14.154732737000074 ], [ -90.461380648999977, 14.15851307500003 ], [ -90.462691740999958, 14.159774772000048 ], [ -90.464625781999985, 14.160696367000071 ], [ -90.467923738999957, 14.160783149000054 ], [ -90.468497954999975, 14.16040074700004 ], [ -90.469110608999983, 14.159839194000028 ], [ -90.471073734999948, 14.158973431000049 ], [ -90.475967153999989, 14.159939670000028 ], [ -90.477041637999946, 14.160785500000031 ], [ -90.476833260999967, 14.163199932000055 ], [ -90.477300944999968, 14.164445913000066 ], [ -90.478687426999954, 14.165756890000068 ], [ -90.48364225499995, 14.166209828000035 ], [ -90.485617396999942, 14.165463775000035 ], [ -90.489343639999959, 14.162661566000054 ], [ -90.49126318499998, 14.160071900000048 ], [ -90.492782383999952, 14.158629890000043 ], [ -90.498521637999943, 14.159467876000065 ], [ -90.500473213999953, 14.160549744000036 ], [ -90.500377796999942, 14.162447073000067 ], [ -90.498751288999983, 14.164916789000074 ], [ -90.498800727999935, 14.166531046000046 ], [ -90.499417637999954, 14.167426225000042 ], [ -90.499388293999971, 14.170104570000035 ], [ -90.497594111999945, 14.172764498000049 ], [ -90.497090298999979, 14.174167448000048 ], [ -90.49774952599995, 14.186343430000022 ], [ -90.499353721999967, 14.191148331000022 ], [ -90.49963915, 14.19161318700003 ], [ -90.500186990999964, 14.192320190000032 ], [ -90.500709556999936, 14.192693792000057 ], [ -90.501698331999989, 14.19388308300006 ], [ -90.506541068999979, 14.197346275000029 ], [ -90.509093829999983, 14.199055495000039 ], [ -90.511180241999966, 14.19980220900004 ], [ -90.515044461999935, 14.199825435000037 ], [ -90.518327750999958, 14.199303901000064 ], [ -90.520282237999936, 14.198456867000061 ], [ -90.52264471899997, 14.195217673000059 ], [ -90.523645801999976, 14.19187966800007 ], [ -90.523984188999975, 14.188647733000039 ], [ -90.525533960999951, 14.186419837000074 ], [ -90.527591128999973, 14.183883219000052 ], [ -90.530827067999951, 14.182100682000055 ], [ -90.536488080999959, 14.175367313000038 ], [ -90.53931681399996, 14.172260283000071 ], [ -90.540969697999969, 14.167204379000054 ], [ -90.54238256299999, 14.165191746000062 ], [ -90.543152579999969, 14.164083874000028 ], [ -90.544886628999961, 14.162819862000049 ], [ -90.548620931999949, 14.16190378400006 ], [ -90.554970046999983, 14.161228884000025 ], [ -90.557339751999962, 14.159988186000021 ], [ -90.559967488999973, 14.157071902000041 ], [ -90.563278492999984, 14.154814143000067 ], [ -90.567413746999989, 14.154378391000023 ], [ -90.56995208799998, 14.152776737000067 ], [ -90.574668111999983, 14.152795079000043 ], [ -90.580056447999937, 14.153426566000064 ], [ -90.581034609999961, 14.153627285000027 ], [ -90.589652642999965, 14.154479697000056 ], [ -90.593072235999955, 14.155566575000023 ], [ -90.59602478499994, 14.157540919000041 ], [ -90.600622408999982, 14.164824986000042 ], [ -90.602565425999956, 14.167004879000046 ], [ -90.603540223999971, 14.167975707000039 ], [ -90.60446671699998, 14.16864225300003 ], [ -90.605754440999988, 14.169464867000045 ], [ -90.607408231999955, 14.170259508000072 ], [ -90.606813756999941, 14.171042997000029 ], [ -90.606626013999971, 14.171617095000045 ], [ -90.60642494199999, 14.172358206000069 ], [ -90.606256610999935, 14.173232908000045 ], [ -90.606135750999954, 14.173940939000033 ], [ -90.606026226999973, 14.174616331000038 ], [ -90.605849456999977, 14.175247007000053 ], [ -90.605510644999981, 14.17609741800004 ], [ -90.605053285999986, 14.177434524000034 ], [ -90.60467020699997, 14.178200918000073 ], [ -90.604206384999941, 14.179105414000048 ], [ -90.603777390999937, 14.179889416000037 ], [ -90.60352110499997, 14.180485410000074 ], [ -90.603343862999964, 14.181104783000023 ], [ -90.603202159999967, 14.181646587000046 ], [ -90.602965875999985, 14.182486724000057 ], [ -90.602812927999935, 14.18299679200004 ], [ -90.602635917999976, 14.183593577000067 ], [ -90.602459020999959, 14.184234410000045 ], [ -90.602210560999936, 14.185130892000075 ], [ -90.601807855999937, 14.185614740000062 ], [ -90.600982797999961, 14.186249079000049 ], [ -90.600338511999951, 14.186974447000068 ], [ -90.600000116999979, 14.187836141000048 ], [ -90.599845304999974, 14.188467028000048 ], [ -90.599769187999982, 14.189264717000071 ], [ -90.599808487999951, 14.189819623000062 ], [ -90.600040030999935, 14.190531178000072 ], [ -90.600364769999942, 14.190966976000027 ], [ -90.600700739999979, 14.191435637000041 ], [ -90.600842117999946, 14.192080787000066 ], [ -90.601082318999943, 14.193014912000024 ], [ -90.601336560999982, 14.193660062000049 ], [ -90.601536058999955, 14.194172527000035 ], [ -90.601732648999985, 14.19490632000003 ], [ -90.601939765999987, 14.195739600000024 ], [ -90.60217131, 14.196452284000031 ], [ -90.602277739999977, 14.197118541000066 ], [ -90.602405574999977, 14.197951027000045 ], [ -90.602613967999957, 14.198663478000071 ], [ -90.602740700999959, 14.199545645000057 ], [ -90.602791577999938, 14.200156008000022 ], [ -90.602838832999964, 14.201055447000044 ], [ -90.602928434999967, 14.202276049000034 ], [ -90.602987159999941, 14.203130428000065 ], [ -90.603024357999971, 14.203940549000038 ], [ -90.603221656999949, 14.204607717000044 ], [ -90.603498588999969, 14.205298269000025 ], [ -90.603641448999952, 14.205803392000064 ], [ -90.603576090999979, 14.206568439000023 ], [ -90.603329471999984, 14.207341835000022 ], [ -90.602993612999967, 14.20795961400006 ], [ -90.602500581999948, 14.208331876000045 ], [ -90.601715183999943, 14.20843467900005 ], [ -90.600589473999946, 14.208478725000077 ], [ -90.599880207999945, 14.208936901000072 ], [ -90.599564566999959, 14.209722020000072 ], [ -90.599623630999986, 14.210597859000075 ], [ -90.599883911999939, 14.211549128000058 ], [ -90.59970332499995, 14.212316405000024 ], [ -90.599208400999942, 14.21319571600003 ], [ -90.598639212999956, 14.213926337000032 ], [ -90.598191908999979, 14.214406334000046 ], [ -90.597569437999937, 14.215084464000029 ], [ -90.597206362999941, 14.215755038000054 ], [ -90.596930088999954, 14.216373402000045 ], [ -90.596698085999947, 14.216855562000035 ], [ -90.596466003999979, 14.217399832000069 ], [ -90.596253514999944, 14.21806175200004 ], [ -90.596139747999985, 14.218638834000046 ], [ -90.596042371999943, 14.219691537000074 ], [ -90.596013840999944, 14.220364343000028 ], [ -90.59600871899994, 14.220848781000029 ], [ -90.596010231999969, 14.221691290000024 ], [ -90.595925195999939, 14.222616501000061 ], [ -90.595758343999989, 14.22306769000005 ], [ -90.595516577999945, 14.223486503000061 ], [ -90.595247693999966, 14.224389534000068 ], [ -90.595155778999981, 14.224925049000035 ], [ -90.594977162999953, 14.225502606000077 ], [ -90.594529032999958, 14.226002911000023 ], [ -90.594105, 14.226304693000031 ], [ -90.593423921999943, 14.22644464800004 ], [ -90.592763785999978, 14.226574647000064 ], [ -90.592275819999941, 14.226791081000044 ], [ -90.591902608999987, 14.227376836000076 ], [ -90.591778148999936, 14.227923314000066 ], [ -90.591707518999954, 14.228470333000075 ], [ -90.591796285999976, 14.229270805000056 ], [ -90.591975806999983, 14.229919729000073 ], [ -90.593681713999956, 14.231073047000052 ], [ -90.594233428999985, 14.231342873000074 ], [ -90.603824931999952, 14.233161577000033 ], [ -90.604109224999945, 14.234912670000028 ], [ -90.603491621999979, 14.235782849000032 ], [ -90.603178295999953, 14.23870359700004 ], [ -90.601770920999968, 14.241941990000043 ], [ -90.601114682999935, 14.242356643000051 ], [ -90.601023828999985, 14.24421576900005 ], [ -90.600430740999968, 14.244789161000028 ], [ -90.598535805999973, 14.251092186000051 ], [ -90.597528844999943, 14.253569996000067 ], [ -90.596946439999954, 14.256082569000057 ], [ -90.596222032999947, 14.25784382300003 ], [ -90.595124729999952, 14.258625556000027 ], [ -90.593726039999979, 14.258619346000046 ], [ -90.592892486999972, 14.257951392000052 ], [ -90.590329630999975, 14.25722756600004 ], [ -90.58937111399996, 14.25535446400005 ], [ -90.591013197999985, 14.248248298000021 ], [ -90.591051114999971, 14.244185307000066 ], [ -90.588919084999986, 14.24253864700006 ], [ -90.583169121999958, 14.242287361000024 ], [ -90.582137185999954, 14.24237177200007 ], [ -90.581638958999974, 14.24246045700005 ], [ -90.581163440999944, 14.242645365000044 ], [ -90.580748148999987, 14.242937042000051 ], [ -90.58023409399999, 14.243370010000035 ], [ -90.57987800099994, 14.243756019000045 ], [ -90.579557349999959, 14.244238381000059 ], [ -90.579210375999935, 14.244909074000077 ], [ -90.578948729999979, 14.245558044000063 ], [ -90.57874800899998, 14.246194080000066 ], [ -90.578559800999983, 14.246796363000044 ], [ -90.57837241499999, 14.247267652000062 ], [ -90.578136978999964, 14.247738453000068 ], [ -90.577705853999987, 14.248373277000042 ], [ -90.577215463999948, 14.248865204000026 ], [ -90.576616800999943, 14.249249871000075 ], [ -90.575956728999984, 14.249692637000066 ], [ -90.575454936999961, 14.250113293000027 ], [ -90.574952889999963, 14.250557662000062 ], [ -90.574559787999988, 14.250991846000034 ], [ -90.573994672999959, 14.251649014000066 ], [ -90.573452358999987, 14.252447580000023 ], [ -90.573020195999959, 14.253177246000064 ], [ -90.572420123999962, 14.253691758000059 ], [ -90.571554968999976, 14.254037556000071 ], [ -90.570956415999945, 14.254409783000028 ], [ -90.5703676, 14.255007974000023 ], [ -90.569986211999947, 14.255536 ], [ -90.569664638999939, 14.25610077500005 ], [ -90.569332552999981, 14.256511850000038 ], [ -90.568854536999936, 14.256980164000026 ], [ -90.568169606999959, 14.257470082000054 ], [ -90.567572555999959, 14.257701148000024 ], [ -90.565391581999961, 14.257871997000052 ], [ -90.564704895999967, 14.258308807000049 ], [ -90.564131437999947, 14.258768228000065 ], [ -90.563422781999975, 14.259094134000065 ], [ -90.562920966999968, 14.259243721000075 ], [ -90.561941666999985, 14.259433597000054 ], [ -90.561099255999977, 14.259491609000065 ], [ -90.560443724999971, 14.259130293000055 ], [ -90.560038759999941, 14.258726369000044 ], [ -90.559342612999956, 14.257943400000045 ], [ -90.558821552999973, 14.257783348000032 ], [ -90.558067893999976, 14.258041018000029 ], [ -90.557700529999977, 14.258392990000061 ], [ -90.557010022999975, 14.25918321100005 ], [ -90.556349, 14.259332280000024 ], [ -90.555368402999989, 14.25958874500003 ], [ -90.554612913999961, 14.260068858000068 ], [ -90.554176526999981, 14.260485614000061 ], [ -90.55363886799995, 14.260790659000065 ], [ -90.552673342999981, 14.260668944000031 ], [ -90.552109522999956, 14.260287091000066 ], [ -90.551521028999957, 14.259991942000056 ], [ -90.550611842999956, 14.259961144000044 ], [ -90.549496641999951, 14.260082940000075 ], [ -90.548674764999987, 14.260383920000038 ], [ -90.546539876999987, 14.261216840000031 ], [ -90.545864394999967, 14.261631116000046 ], [ -90.545473386999959, 14.262025735000066 ], [ -90.545151253999961, 14.262422191000041 ], [ -90.544893141999978, 14.263161487000048 ], [ -90.544654948999948, 14.264146047000054 ], [ -90.544330676999948, 14.264685903000043 ], [ -90.543675804999964, 14.265334150000058 ], [ -90.543229009999948, 14.265640102000077 ], [ -90.542519722999941, 14.266020139000034 ], [ -90.541721560999974, 14.266267128000038 ], [ -90.541004295999983, 14.266315061000057 ], [ -90.540039572999945, 14.266171846000077 ], [ -90.539552671999957, 14.266012103000037 ], [ -90.538802909999959, 14.265960315000029 ], [ -90.538150704999964, 14.266308179000077 ], [ -90.537737098999969, 14.266702548000069 ], [ -90.537276645999953, 14.267252275000033 ], [ -90.536462318999952, 14.267920306000065 ], [ -90.535663813999975, 14.268144684000049 ], [ -90.534852009999952, 14.26858009700004 ], [ -90.534224151999979, 14.268817530000035 ], [ -90.533426475999988, 14.268965114000025 ], [ -90.532846191999965, 14.268980561000035 ], [ -90.528549802999976, 14.268869394000035 ], [ -90.528003514999966, 14.26895293900003 ], [ -90.527534117999949, 14.269258623000042 ], [ -90.52716043199996, 14.270131076000041 ], [ -90.526986357999988, 14.271492326000043 ], [ -90.526917412999978, 14.275738880000063 ], [ -90.527068620999955, 14.276472234000039 ], [ -90.527185920999955, 14.277182648000064 ], [ -90.527141592999953, 14.278113854000026 ], [ -90.526710421999951, 14.279052335000074 ], [ -90.526046148999967, 14.279598786000065 ], [ -90.525397526999939, 14.279613500000039 ], [ -90.524604280999938, 14.279352292000056 ], [ -90.52391025899999, 14.279389115000072 ], [ -90.523237356999971, 14.279559412000026 ], [ -90.522254229999987, 14.280037035000078 ], [ -90.521543989999941, 14.28055024300005 ], [ -90.521264173999953, 14.281146981000063 ], [ -90.521313996999936, 14.281778771000063 ], [ -90.521502496999972, 14.282224545000076 ], [ -90.521542160999957, 14.282779438000034 ], [ -90.521160823999935, 14.283341240000027 ], [ -90.520250973999964, 14.283364511000059 ], [ -90.519581573999972, 14.283214116000067 ], [ -90.51891251699999, 14.283085179000068 ], [ -90.51799157399995, 14.283064283000044 ], [ -90.517249255999957, 14.283333215000027 ], [ -90.516204014999971, 14.284298008000064 ], [ -90.515788020999935, 14.284903481000072 ], [ -90.51534234199994, 14.285154046000059 ], [ -90.514772618999984, 14.285258765000037 ], [ -90.51399466, 14.285661697000023 ], [ -90.513462631999971, 14.286498583000025 ], [ -90.512993304999952, 14.28679293700003 ], [ -90.512228876999984, 14.287017578000075 ], [ -90.511589979999897, 14.287199485000031 ], [ -90.51098362, 14.287581615000022 ], [ -90.510785013999964, 14.288056094000069 ], [ -90.510572753999952, 14.288719018000052 ], [ -90.510314962999985, 14.289415345000066 ], [ -90.509897756999976, 14.290076122000073 ], [ -90.509541610999975, 14.290449573000046 ], [ -90.50887622, 14.290985790000036 ], [ -90.508166681999967, 14.291376993000029 ], [ -90.507551536999983, 14.291503803000069 ], [ -90.507004738999967, 14.291575991000059 ], [ -90.506242979999968, 14.291556712000045 ], [ -90.50564116299995, 14.291472483000064 ], [ -90.504549453999971, 14.291393277000054 ], [ -90.503651322999985, 14.291506941000023 ], [ -90.502715303999935, 14.291852836000032 ], [ -90.502256839999973, 14.292157446000033 ], [ -90.501556773999937, 14.29273844100004 ], [ -90.500144542999976, 14.293998552000062 ], [ -90.499500842999964, 14.294612880000045 ], [ -90.498730611999974, 14.295359133000034 ], [ -90.498202188999983, 14.295862876000058 ], [ -90.497628750999979, 14.296300647000066 ], [ -90.497216483999978, 14.296562812000047 ], [ -90.496314125999959, 14.296951944000057 ], [ -90.495790754999973, 14.296946433000073 ], [ -90.495292133999953, 14.296797764000075 ], [ -90.494840247999946, 14.296559248000051 ], [ -90.49403442299996, 14.296440088000054 ], [ -90.493303496999943, 14.296720347000075 ], [ -90.492705505999936, 14.297335135000026 ], [ -90.49064285299994, 14.299752584000032 ], [ -90.490113593999979, 14.300329695000073 ], [ -90.48949152199998, 14.301077475000056 ], [ -90.488648366999939, 14.302232840000045 ], [ -90.487851774999967, 14.302323796000053 ], [ -90.48729597, 14.302162081000063 ], [ -90.486606810999945, 14.301756165000029 ], [ -90.485914829999956, 14.301604307000048 ], [ -90.485403850999944, 14.301577443000042 ], [ -90.483810742999935, 14.301648669000031 ], [ -90.481457040999942, 14.301646325000036 ], [ -90.48067219099994, 14.301670756000021 ], [ -90.479843409999944, 14.301585180000075 ], [ -90.479072370999972, 14.301409877000026 ], [ -90.477768841999989, 14.301008714000034 ], [ -90.477225696999938, 14.300803071000075 ], [ -90.476159935999988, 14.300525257000061 ], [ -90.475477970999975, 14.300462680000066 ], [ -90.474751052999977, 14.300433505000058 ], [ -90.473863244999961, 14.300500861000046 ], [ -90.473247746999959, 14.300604986000053 ], [ -90.472756879999963, 14.300799644000051 ], [ -90.472239382999987, 14.301304564000077 ], [ -90.472006978999957, 14.301789926000026 ], [ -90.471817662999968, 14.302409 ], [ -90.471705978999978, 14.303282978000027 ], [ -90.471623767999972, 14.30654224400007 ], [ -90.471496264999985, 14.307794358000024 ], [ -90.471276677999981, 14.30909968800006 ], [ -90.470951328999945, 14.310748315000069 ], [ -90.47084627199996, 14.31201195500006 ], [ -90.470727039999986, 14.313506937000056 ], [ -90.470378189999963, 14.314202224000041 ], [ -90.469999163999944, 14.314541480000059 ], [ -90.469405656999982, 14.314746325000044 ], [ -90.468528995999975, 14.314847650000047 ], [ -90.468071805999955, 14.315031357000066 ], [ -90.467407489999971, 14.31545677400004 ], [ -90.466844907999985, 14.315949900000021 ], [ -90.466248549999989, 14.316408786000068 ], [ -90.465552441999989, 14.316622690000031 ], [ -90.464586114999975, 14.316612375000034 ], [ -90.463793609999982, 14.316283208000073 ], [ -90.463285657999961, 14.315933366000024 ], [ -90.46276719299999, 14.315540493000071 ], [ -90.461748063999948, 14.314664608000044 ], [ -90.461121409999976, 14.314263803000074 ], [ -90.460246237999968, 14.314232993000076 ], [ -90.459749901999942, 14.314858928000035 ], [ -90.459277828999973, 14.315386878000027 ], [ -90.458559265999952, 14.315589227000032 ], [ -90.457741838999937, 14.315469811000071 ], [ -90.45716527899998, 14.315197142000045 ], [ -90.456529156999977, 14.315123706000065 ], [ -90.455730311999957, 14.315359063000074 ], [ -90.455090761999941, 14.315641295000034 ], [ -90.454289291999942, 14.316109244000074 ], [ -90.453876673999957, 14.316396161000057 ], [ -90.45344124899998, 14.316702030000044 ], [ -90.452867189999949, 14.317183700000044 ], [ -90.452757590999965, 14.317813769000054 ], [ -90.453134336999938, 14.318705386000033 ], [ -90.452966730999947, 14.319446623000033 ], [ -90.452327478999962, 14.319649801000025 ], [ -90.45180402799997, 14.319699519000039 ], [ -90.450664016999951, 14.319942487000048 ], [ -90.450101647999986, 14.320412980000071 ], [ -90.449330335999946, 14.321233551000034 ], [ -90.448744998999985, 14.321737675000065 ], [ -90.448320189999947, 14.322076392000042 ], [ -90.447643493999976, 14.322568236000052 ], [ -90.44710156299999, 14.323227527000029 ], [ -90.44688045099997, 14.323680225000032 ], [ -90.446462450999945, 14.324440219000053 ], [ -90.445685848999972, 14.324753691000069 ], [ -90.445224605999954, 14.325291886000059 ], [ -90.445331765999981, 14.325902817000042 ], [ -90.445697536999944, 14.326738996000074 ], [ -90.445692014999963, 14.327226765000034 ], [ -90.445558790999939, 14.327945779000061 ], [ -90.445286402999955, 14.328885746000026 ], [ -90.445036306999953, 14.329902747000062 ], [ -90.44475468, 14.330686785000069 ], [ -90.44458621299998, 14.331500267000024 ], [ -90.444561198999963, 14.332685686000048 ], [ -90.444458983999937, 14.333682820000035 ], [ -90.444383488999961, 14.334314376000066 ], [ -90.443965589999948, 14.334705098000029 ], [ -90.442891558999975, 14.334484615000065 ], [ -90.442653791999987, 14.332880816000056 ], [ -90.443347723999977, 14.332047020000061 ], [ -90.443392879999976, 14.330413517000068 ], [ -90.440818179999951, 14.327870983000025 ], [ -90.440485046999981, 14.325179841000022 ], [ -90.44140153699999, 14.323867399000051 ], [ -90.44296499, 14.322744858000021 ], [ -90.444512567999936, 14.321642465000025 ], [ -90.44535164199999, 14.319901193000021 ], [ -90.44604262699994, 14.319067350000068 ], [ -90.446692986999949, 14.314246896000043 ], [ -90.446762541999988, 14.308298863000061 ], [ -90.447867920999954, 14.305580261000046 ], [ -90.451058170999943, 14.300973356000043 ], [ -90.451751361999982, 14.299576023000043 ], [ -90.451852878999944, 14.296733701000051 ], [ -90.451129347999938, 14.294711391000021 ], [ -90.45074761699999, 14.293750841000076 ], [ -90.450469012999974, 14.291911717000062 ], [ -90.449227329999985, 14.290555750000067 ], [ -90.447833303999971, 14.290592740000022 ], [ -90.444829739999989, 14.291908794000051 ], [ -90.44498232699999, 14.287318986000059 ], [ -90.44352130599998, 14.284319869000058 ], [ -90.442894609999939, 14.282959192000021 ], [ -90.442112971999961, 14.281477150000057 ], [ -90.440904026999988, 14.279488007000054 ], [ -90.440522356999963, 14.278527451000059 ], [ -90.439468781999949, 14.276316389000044 ], [ -90.439574615999959, 14.275609503000055 ], [ -90.440268289999949, 14.274985720000075 ], [ -90.443689208999956, 14.270935794000025 ], [ -90.445449019999955, 14.267045280000048 ], [ -90.445676505999984, 14.265096406000055 ], [ -90.445570377999957, 14.264291255000046 ], [ -90.441253830999983, 14.257793654000068 ], [ -90.44051805, 14.255383890000076 ], [ -90.439811887999952, 14.254607303000057 ], [ -90.439980012999968, 14.248942641000042 ], [ -90.443658543999959, 14.240274594000027 ], [ -90.445771151999963, 14.236638498000048 ], [ -90.446617654999955, 14.234094355000025 ], [ -90.447482434999984, 14.228478882000047 ], [ -90.448980994999943, 14.224096516000031 ], [ -90.449983419999967, 14.222194290000061 ], [ -90.45157538699999, 14.220106375000057 ], [ -90.451872998999988, 14.216636008000023 ], [ -90.450780116999965, 14.214322960000061 ], [ -90.442522535999956, 14.205470771000023 ], [ -90.440897844999938, 14.201722410000059 ], [ -90.440491821999956, 14.200875661000055 ], [ -90.439456451999945, 14.199124433000065 ], [ -90.439172164999945, 14.198260918000074 ], [ -90.437755514999935, 14.196862446000068 ], [ -90.436739792999958, 14.19660877900003 ], [ -90.436162143999979, 14.196152034000022 ], [ -90.430480440999986, 14.195202392000056 ], [ -90.428720431999977, 14.19480068200005 ], [ -90.42763348699998, 14.195270051000023 ], [ -90.426345994999963, 14.196688061000032 ], [ -90.42564717, 14.197175144000028 ], [ -90.424844251999957, 14.199446400000056 ], [ -90.42180257199999, 14.201936316000058 ], [ -90.419806647999962, 14.20273912600004 ], [ -90.418198899999936, 14.203198305000058 ], [ -90.414617759999942, 14.202779083000053 ], [ -90.408228717999975, 14.203061128000058 ], [ -90.406852756999967, 14.203747448000058 ], [ -90.400449725999977, 14.204494358000034 ], [ -90.398450526999966, 14.205425663000028 ] ] ] ] } },
{ "type": "Feature", "properties": { "Codigo": 1019, "datos_finales_color_riesgo": "152640" }, "geometry": { "type": "MultiPolygon", "coordinates": [ [ [ [ -91.541873277999969, 14.629226665000033 ], [ -91.54364517, 14.631256826000026 ], [ -91.545086013999935, 14.632549361000031 ], [ -91.545713013999944, 14.633109175000072 ], [ -91.546682124999961, 14.634055276000026 ], [ -91.547733137999955, 14.634723938000036 ], [ -91.550056014999939, 14.635214089000044 ], [ -91.551405624999973, 14.635299319000069 ], [ -91.553299244999948, 14.635509951000074 ], [ -91.554577647999963, 14.636103164000076 ], [ -91.555741829999988, 14.636773624000057 ], [ -91.556629362999956, 14.637338415000045 ], [ -91.556236197999965, 14.641383187000031 ], [ -91.555849371999955, 14.642683531000046 ], [ -91.555271049999988, 14.643896815000062 ], [ -91.551808003999952, 14.649134842000024 ], [ -91.55083747399999, 14.650952408000023 ], [ -91.548768286999973, 14.654122352000059 ], [ -91.543838335999965, 14.658161317000065 ], [ -91.543658049999976, 14.65901210800007 ], [ -91.543783012999938, 14.659947291000037 ], [ -91.543947128999946, 14.660577655000054 ], [ -91.544469954999954, 14.661457705000032 ], [ -91.54510875599999, 14.662087650000046 ], [ -91.545113216999937, 14.662905702000046 ], [ -91.54476032299999, 14.663707956000053 ], [ -91.544230962999961, 14.664254889000063 ], [ -91.541740236999942, 14.665848203000053 ], [ -91.541648051999971, 14.666361712000025 ], [ -91.541774554999961, 14.667063022000036 ], [ -91.542053654999961, 14.667680550000057 ], [ -91.542122861999985, 14.66906055000004 ], [ -91.541820581999957, 14.669927520000044 ], [ -91.541449935999935, 14.670514981000053 ], [ -91.538931480999963, 14.672949832000029 ], [ -91.537214090999953, 14.67368360200004 ], [ -91.535889470999962, 14.674083139000061 ], [ -91.534506618999956, 14.67390154800006 ], [ -91.533799942999963, 14.673355885000035 ], [ -91.533300829999973, 14.67301377800004 ], [ -91.532620193999946, 14.672915700000033 ], [ -91.529456324999956, 14.674304628000073 ], [ -91.526916924999966, 14.676028520000045 ], [ -91.526105908999966, 14.676680950000048 ], [ -91.519527702999937, 14.681807065000044 ], [ -91.517391697999983, 14.683928854000044 ], [ -91.516507609999962, 14.68551178000007 ], [ -91.515008640999952, 14.686964222000029 ], [ -91.51307533499994, 14.689306453000029 ], [ -91.51162650699996, 14.690803255000048 ], [ -91.507463878999943, 14.694610089000037 ], [ -91.504394980999962, 14.69698672800007 ], [ -91.503122541999971, 14.697792009000068 ], [ -91.501612493999971, 14.698630771000069 ], [ -91.500077961999978, 14.699568791000047 ], [ -91.499297980999984, 14.699816830000032 ], [ -91.497044432999985, 14.701420171000052 ], [ -91.49302582599995, 14.705656977000046 ], [ -91.490071880999949, 14.706211713000073 ], [ -91.491014031999953, 14.704412366000042 ], [ -91.492062117999978, 14.703158285000029 ], [ -91.493548636999947, 14.698649715000045 ], [ -91.495930405999957, 14.694846307000034 ], [ -91.49662422199998, 14.692599030000054 ], [ -91.497321211999974, 14.691158477000045 ], [ -91.499067943999989, 14.688202812000043 ], [ -91.500215538999953, 14.683911170000044 ], [ -91.500943749999976, 14.683161139000049 ], [ -91.503127002999975, 14.680682784000055 ], [ -91.50389073599996, 14.679570289000026 ], [ -91.506563294999978, 14.677751488000069 ], [ -91.510906978999969, 14.676382885000066 ], [ -91.512628996999979, 14.676266247000058 ], [ -91.51326574699999, 14.676417204000074 ], [ -91.513871976999951, 14.67618946500005 ], [ -91.514387945999943, 14.675578125000072 ], [ -91.514577218999989, 14.671780772000034 ], [ -91.514799841999945, 14.671124623000026 ], [ -91.515346726999951, 14.670830967000029 ], [ -91.516539077999937, 14.670254449000026 ], [ -91.517447920999984, 14.669465961000071 ], [ -91.51809949699998, 14.668446472000028 ], [ -91.518922323999959, 14.660080620000031 ], [ -91.517723566999962, 14.657650571000033 ], [ -91.5175767, 14.656106252000029 ], [ -91.518373924999935, 14.654906906000065 ], [ -91.519356257999959, 14.65405108300007 ], [ -91.519698873999971, 14.652283908000072 ], [ -91.519850333999955, 14.650294065000026 ], [ -91.520373576999987, 14.649191263000034 ], [ -91.520956620999982, 14.648514796000029 ], [ -91.52125588499996, 14.647584566000035 ], [ -91.521363490999988, 14.646680235000076 ], [ -91.520877740999936, 14.645481758000074 ], [ -91.520250865999969, 14.644735456000035 ], [ -91.519996163999963, 14.643694367000023 ], [ -91.51992791899994, 14.640893017000053 ], [ -91.520250462999968, 14.638306562000025 ], [ -91.520610484999963, 14.637052449000066 ], [ -91.52087333899999, 14.636443996000025 ], [ -91.521653980999986, 14.636233149000077 ], [ -91.528124381999987, 14.640435424000032 ], [ -91.528754098999968, 14.640758026000071 ], [ -91.529364616999942, 14.640740415000039 ], [ -91.529885555999954, 14.640495136000027 ], [ -91.530243428999938, 14.639643221000028 ], [ -91.530680863999976, 14.637647256000037 ], [ -91.532185852999987, 14.635045633000061 ], [ -91.534121986999935, 14.632430896000074 ], [ -91.538082925999959, 14.630437852000057 ], [ -91.541873277999969, 14.629226665000033 ] ] ] ] } },
{ "type": "Feature", "properties": { "Codigo": 1001, "datos_finales_color_riesgo": "152640" }, "geometry": { "type": "MultiPolygon", "coordinates": [ [ [ [ -91.491860346999943, 14.594441097000072 ], [ -91.491074524999988, 14.588535946000036 ], [ -91.491454688999966, 14.586120524000023 ], [ -91.492890943999953, 14.583735642000022 ], [ -91.493627271999969, 14.582679463000034 ], [ -91.494350960999952, 14.581946335000055 ], [ -91.495106555999939, 14.576940310000055 ], [ -91.495546969999964, 14.565289843000073 ], [ -91.49516281199999, 14.563435540000057 ], [ -91.492735599999946, 14.558799946000022 ], [ -91.487961607999978, 14.554793194000069 ], [ -91.485318478999943, 14.553532138000037 ], [ -91.48462114299997, 14.553049697000063 ], [ -91.483348128999978, 14.553380406000031 ], [ -91.482776333999936, 14.559309533000032 ], [ -91.481294652999964, 14.560377794000033 ], [ -91.478049440999939, 14.55988104000005 ], [ -91.475963822999972, 14.558686775000069 ], [ -91.474875883999971, 14.557484309000074 ], [ -91.473806808999939, 14.556239029000039 ], [ -91.473038288999987, 14.553375510000023 ], [ -91.472887705999938, 14.546596590000036 ], [ -91.474187337999979, 14.543314953000049 ], [ -91.475076687999945, 14.542007864000027 ], [ -91.475824607999982, 14.540264861000026 ], [ -91.47605264699996, 14.539402012000039 ], [ -91.476507192999975, 14.538829876000023 ], [ -91.476687140999957, 14.535843730000067 ], [ -91.475909736999938, 14.531315894000045 ], [ -91.47539180199999, 14.523201350000022 ], [ -91.474828860999935, 14.521402361000071 ], [ -91.47366046799999, 14.519863815000065 ], [ -91.474496822999981, 14.51205748600006 ], [ -91.47522343299994, 14.510021702000074 ], [ -91.475669737999965, 14.505983130000061 ], [ -91.476437076999957, 14.505193828000074 ], [ -91.477794355999947, 14.504965363000053 ], [ -91.478687418999982, 14.505548507000071 ], [ -91.481737573999965, 14.505708355000024 ], [ -91.484870340999976, 14.503953596000031 ], [ -91.486469419999935, 14.502443127000049 ], [ -91.48784193099999, 14.502359322000075 ], [ -91.493114943999956, 14.504963650000036 ], [ -91.493868324999937, 14.505115366000041 ], [ -91.495097415999965, 14.506779622000067 ], [ -91.496738987999947, 14.506613883000057 ], [ -91.497257869999942, 14.50250225700006 ], [ -91.49880561699996, 14.500249046000022 ], [ -91.49933645599998, 14.500122504000046 ], [ -91.500087056999973, 14.500254976000065 ], [ -91.501657532999957, 14.499271852000049 ], [ -91.502613989999986, 14.498626023000043 ], [ -91.503366397999969, 14.498056848000033 ], [ -91.504068598999936, 14.497883934000072 ], [ -91.503958601999955, 14.498462853000035 ], [ -91.503669429999945, 14.499300499000071 ], [ -91.503359379999949, 14.500052143000062 ], [ -91.503211704999956, 14.500974297000027 ], [ -91.503445970999962, 14.501750877000063 ], [ -91.50381398899998, 14.502124948000073 ], [ -91.504267991999939, 14.502647578000051 ], [ -91.504828791999955, 14.503500806000034 ], [ -91.505053061999945, 14.504212918000064 ], [ -91.504979564999985, 14.505401065000058 ], [ -91.504637103999983, 14.506142336000039 ], [ -91.504329398999971, 14.506543736000026 ], [ -91.50394414799996, 14.507093782000027 ], [ -91.503427869999939, 14.507726605000073 ], [ -91.502888685999949, 14.508488082000042 ], [ -91.502436276999958, 14.509366488000069 ], [ -91.502147521999973, 14.51013860200004 ], [ -91.50202421299997, 14.510711783000033 ], [ -91.501932512999986, 14.511326972000063 ], [ -91.501845127999957, 14.513024597000026 ], [ -91.502036620999945, 14.513694696000073 ], [ -91.502249224999957, 14.51450277400005 ], [ -91.502191007999954, 14.515053776000059 ], [ -91.501978925999936, 14.515806038000051 ], [ -91.501914856999974, 14.51739873300005 ], [ -91.503291820999948, 14.518564499000036 ], [ -91.506110399999955, 14.51956431900004 ], [ -91.506736341999954, 14.519703890000073 ], [ -91.508187789999965, 14.519713127000045 ], [ -91.509299128999942, 14.519764257000077 ], [ -91.51041004199999, 14.519792782000025 ], [ -91.511541482999974, 14.520220275000042 ], [ -91.512263814999983, 14.520689233000041 ], [ -91.512806410999985, 14.520979660000023 ], [ -91.51366767899998, 14.521051782000029 ], [ -91.51452924099999, 14.521166838000056 ], [ -91.515342775999954, 14.521613769000055 ], [ -91.515702403999967, 14.522036356000058 ], [ -91.51601723899995, 14.522480125000072 ], [ -91.516353950999985, 14.523034762000066 ], [ -91.51698554699999, 14.523547197000028 ], [ -91.517528019999986, 14.523770950000028 ], [ -91.518118361999939, 14.523686552000072 ], [ -91.518910150999943, 14.523482529000034 ], [ -91.519560123999952, 14.522977064000031 ], [ -91.52036772799994, 14.52161502000007 ], [ -91.521329038999966, 14.519635903000051 ], [ -91.52197825199994, 14.518631023000069 ], [ -91.523266298999943, 14.51669688800007 ], [ -91.523577294999939, 14.515797209000027 ], [ -91.523661071999982, 14.514619283000059 ], [ -91.523787046999985, 14.51206204600004 ], [ -91.523938880999935, 14.510501520000048 ], [ -91.524425740999959, 14.509400697000046 ], [ -91.524592419999976, 14.508924938000064 ], [ -91.524914981999984, 14.507939458000067 ], [ -91.525103118999937, 14.507462704000034 ], [ -91.525567599999988, 14.50649958200006 ], [ -91.52588839699996, 14.505779609000058 ], [ -91.526102143999935, 14.504761805000044 ], [ -91.526106350999953, 14.504125715000043 ], [ -91.52630417499995, 14.502183575000061 ], [ -91.52650661399997, 14.501208634000022 ], [ -91.526874882999948, 14.499884474000055 ], [ -91.527239642999973, 14.499090200000069 ], [ -91.527359517999969, 14.498060508000037 ], [ -91.527079366999942, 14.497633919000066 ], [ -91.526631796999936, 14.497358812000073 ], [ -91.52605919399997, 14.497139412000024 ], [ -91.525297556999988, 14.497008086000051 ], [ -91.524579559999907, 14.496766305000051 ], [ -91.523649189999958, 14.496021522000035 ], [ -91.523173856999961, 14.495124805000046 ], [ -91.522200058999942, 14.493585443000029 ], [ -91.524172474999943, 14.493178661000059 ], [ -91.525763236999978, 14.492701674000045 ], [ -91.526584283999966, 14.492000651000069 ], [ -91.52708759699999, 14.491296507000072 ], [ -91.527683398999955, 14.490371485000026 ], [ -91.528015087999961, 14.489928390000046 ], [ -91.528060561999951, 14.488660955000057 ], [ -91.527970141999958, 14.487513566000075 ], [ -91.528063343999975, 14.486569575000033 ], [ -91.528323408999938, 14.485117055000046 ], [ -91.528415436999978, 14.48443857500007 ], [ -91.528442348999988, 14.483610546000023 ], [ -91.528402925999956, 14.482994516000076 ], [ -91.528319459999977, 14.482462951000059 ], [ -91.527954784999963, 14.481579365000073 ], [ -91.527784046999955, 14.481005450000055 ], [ -91.527738927999962, 14.479582654000069 ], [ -91.527744389999953, 14.478754490000028 ], [ -91.52772840099999, 14.477926189000073 ], [ -91.52697815099998, 14.475990533000072 ], [ -91.526615032999985, 14.474873073000026 ], [ -91.526520622999954, 14.47433127100004 ], [ -91.526448244999983, 14.473789607000072 ], [ -91.526387702999955, 14.47303560000006 ], [ -91.527147612999954, 14.470163695000053 ], [ -91.527472257999989, 14.468849421000073 ], [ -91.52776406199996, 14.467503304000047 ], [ -91.52816487399997, 14.466242609000062 ], [ -91.528530331999946, 14.465331955000067 ], [ -91.528839332999951, 14.464718103000052 ], [ -91.529095723999944, 14.463816933000032 ], [ -91.529197610999972, 14.463223253000024 ], [ -91.529289463999987, 14.462480368000058 ], [ -91.52940543699998, 14.461420136000072 ], [ -91.52948601199995, 14.460804858000074 ], [ -91.529566009999897, 14.460189573000036 ], [ -91.529734589999975, 14.459415529000069 ], [ -91.529835983999988, 14.458896417000062 ], [ -91.529985698999951, 14.45772905900003 ], [ -91.53014430199994, 14.456796770000039 ], [ -91.530299844999945, 14.45632997000007 ], [ -91.530509732999974, 14.455886107000026 ], [ -91.530971459999989, 14.455230268000037 ], [ -91.531543003999957, 14.454448567000043 ], [ -91.532816265999941, 14.453012516000058 ], [ -91.533517601999961, 14.452327657000069 ], [ -91.533989632999976, 14.451778083000022 ], [ -91.534462216999941, 14.451143773000069 ], [ -91.534783924999942, 14.450265596000065 ], [ -91.53467511299999, 14.44696340400003 ], [ -91.534377767999956, 14.445804557000031 ], [ -91.534174203999953, 14.445197673000052 ], [ -91.534048426999959, 14.444486196000071 ], [ -91.533955188999983, 14.443763621000073 ], [ -91.533864525999945, 14.442647863000047 ], [ -91.533857197999964, 14.442085137000049 ], [ -91.533863103999977, 14.441183528000067 ], [ -91.53394420799998, 14.440483505000032 ], [ -91.534088846999964, 14.439996296000061 ], [ -91.534244573999956, 14.439497857000049 ], [ -91.534465522999938, 14.439042757000038 ], [ -91.534993812999971, 14.438217838000071 ], [ -91.535498052999969, 14.437701224000023 ], [ -91.536375903999954, 14.436697691000063 ], [ -91.537946309999938, 14.434743696000055 ], [ -91.538798805999988, 14.434335444000055 ], [ -91.53975776499999, 14.434223876000033 ], [ -91.540489158999947, 14.433984347000035 ], [ -91.542029122999963, 14.431711505000067 ], [ -91.542841755999973, 14.430655563000073 ], [ -91.543313985999987, 14.43006415900004 ], [ -91.543720917999963, 14.429440714000066 ], [ -91.544389514999978, 14.428870858000039 ], [ -91.544980178999936, 14.428429326000071 ], [ -91.545300291999979, 14.427783875000046 ], [ -91.545638172999986, 14.426097906000052 ], [ -91.545831696999983, 14.424771480000061 ], [ -91.54599110099997, 14.423700197000073 ], [ -91.546073870999976, 14.422735782000075 ], [ -91.54605970099999, 14.421524455000053 ], [ -91.546030510999969, 14.421020344000056 ], [ -91.546230280999964, 14.420427252000025 ], [ -91.546700003999945, 14.420217725000043 ], [ -91.546954190999941, 14.419635138000046 ], [ -91.547023541999977, 14.419041244000027 ], [ -91.547158732999947, 14.41839464800006 ], [ -91.547307270999966, 14.417209179000054 ], [ -91.546591216999957, 14.417059015000063 ], [ -91.54659651899999, 14.416241007000053 ], [ -91.547360369999979, 14.415991485000063 ], [ -91.548015561999989, 14.415783095000052 ], [ -91.548434249999957, 14.415128073000062 ], [ -91.549950449999983, 14.416944087000047 ], [ -91.550971716999982, 14.417404574000045 ], [ -91.552642654999943, 14.417255511000064 ], [ -91.554208470999981, 14.417497863000051 ], [ -91.555541600999959, 14.418588462000059 ], [ -91.556727440999964, 14.42041032700007 ], [ -91.556891997999969, 14.423662037000042 ], [ -91.555861740999944, 14.431155962000048 ], [ -91.555933231999973, 14.431936026000074 ], [ -91.556620513999974, 14.432241915000077 ], [ -91.557720534999987, 14.432548066000038 ], [ -91.558592688999966, 14.433582731000058 ], [ -91.558769735999988, 14.434266269000034 ], [ -91.557391164999956, 14.438863282000057 ], [ -91.557481505999988, 14.441846751000071 ], [ -91.557921900999986, 14.44448548500003 ], [ -91.558619718999978, 14.445591398000033 ], [ -91.560614225999984, 14.448617015000025 ], [ -91.560071853999943, 14.452629339000055 ], [ -91.555685746999984, 14.456990976000043 ], [ -91.554985091999981, 14.458564004000038 ], [ -91.554892606999942, 14.459328371000026 ], [ -91.554712718999951, 14.460250387000031 ], [ -91.554566978999958, 14.460822347000033 ], [ -91.554378188999976, 14.461416640000039 ], [ -91.553982993999966, 14.461922662000063 ], [ -91.55345861699999, 14.462143157000071 ], [ -91.553074532999972, 14.462544167000033 ], [ -91.553047213999946, 14.463360909000073 ], [ -91.55299933799995, 14.464039678000063 ], [ -91.552679385999966, 14.464653498000075 ], [ -91.552022768999961, 14.465148870000064 ], [ -91.551113536999935, 14.465886739000041 ], [ -91.550750995999977, 14.466361320000033 ], [ -91.55036630699999, 14.466943102000073 ], [ -91.550220755999987, 14.467483421000054 ], [ -91.550194757999975, 14.468183791000058 ], [ -91.550191105999943, 14.468746452000062 ], [ -91.550186559999986, 14.469446954000034 ], [ -91.550154533999944, 14.470986792000076 ], [ -91.550170917999935, 14.471856905000038 ], [ -91.550164375999941, 14.472864723000043 ], [ -91.550258416999952, 14.475169140000048 ], [ -91.550599009999985, 14.476381347000029 ], [ -91.55088737899996, 14.477242968000041 ], [ -91.55129203499996, 14.480377507000071 ], [ -91.551393731999951, 14.481503500000031 ], [ -91.551488064999944, 14.482066764000024 ], [ -91.551591905999942, 14.482862843000078 ], [ -91.551697395999952, 14.483404708000023 ], [ -91.551758982999957, 14.484010706000049 ], [ -91.551818479999952, 14.484849448000034 ], [ -91.551866505999953, 14.48584743400005 ], [ -91.552120213999956, 14.487048936000065 ], [ -91.552356256999985, 14.487666176000062 ], [ -91.552851637999936, 14.488529071000073 ], [ -91.553034011999955, 14.489018306000048 ], [ -91.553062075999947, 14.489697539000076 ], [ -91.552904276999982, 14.490514605000044 ], [ -91.552789692999966, 14.491373742000064 ], [ -91.552795130999982, 14.492233619000046 ], [ -91.552882723999971, 14.493836337000062 ], [ -91.552788446999955, 14.494961122000063 ], [ -91.552531174999956, 14.495915420000074 ], [ -91.552175872999953, 14.496964023000032 ], [ -91.55187700099998, 14.497715812000024 ], [ -91.551468566999972, 14.498551668000061 ], [ -91.551016062999963, 14.499387252000076 ], [ -91.550674797999989, 14.499969295000028 ], [ -91.550190645999976, 14.500677003000021 ], [ -91.54982567899998, 14.501514253000039 ], [ -91.549744861999955, 14.502171346000068 ], [ -91.549740648999943, 14.502818743000034 ], [ -91.549755910999977, 14.503859460000058 ], [ -91.549575918999949, 14.504696722000062 ], [ -91.54938672899999, 14.505342975000076 ], [ -91.549228554999956, 14.506213139000067 ], [ -91.54913374099999, 14.507326616000057 ], [ -91.548978773999977, 14.509395602000041 ], [ -91.548754655999971, 14.51032863000006 ], [ -91.548380104999978, 14.510942100000022 ], [ -91.548102821999976, 14.511757288000069 ], [ -91.547911236999937, 14.512680347000071 ], [ -91.547437228999968, 14.513515784000049 ], [ -91.545319760999973, 14.515773725000031 ], [ -91.544714608999982, 14.516619642000023 ], [ -91.544645496999976, 14.517256466000049 ], [ -91.544666246999952, 14.519049714000062 ], [ -91.544564012999956, 14.519696500000066 ], [ -91.544395901999962, 14.520395982000025 ], [ -91.544217185999969, 14.521032125000033 ], [ -91.543873226999949, 14.522017503000029 ], [ -91.543606479999937, 14.522812412000064 ], [ -91.543536158999984, 14.523544135000066 ], [ -91.54348711099999, 14.524392369000054 ], [ -91.543276883999965, 14.524880302000042 ], [ -91.542706911999971, 14.525396504000071 ], [ -91.542114412999979, 14.525987135000037 ], [ -91.541890964999936, 14.526898688000074 ], [ -91.541624274999947, 14.527682294000044 ], [ -91.541053639999973, 14.528209786000048 ], [ -91.540481215999989, 14.529097695000075 ], [ -91.540117135999935, 14.529785781000044 ], [ -91.539673258999983, 14.531056388000025 ], [ -91.539440285999945, 14.531649250000044 ], [ -91.538964173999943, 14.532793108000021 ], [ -91.538370762999989, 14.533606306000024 ], [ -91.537987141999963, 14.533912371000042 ], [ -91.537460770999985, 14.534407359000056 ], [ -91.537031980999984, 14.534967362000032 ], [ -91.536492903999942, 14.53571762100006 ], [ -91.536096948999955, 14.536310591000074 ], [ -91.535687257999939, 14.537315879000062 ], [ -91.535509689999969, 14.537771238000062 ], [ -91.535222207999936, 14.538448496000058 ], [ -91.534924796999974, 14.538871468000025 ], [ -91.534472640999979, 14.539718303000029 ], [ -91.534172941999941, 14.540576262000059 ], [ -91.533848679999949, 14.541815963000033 ], [ -91.53380918299996, 14.542791927000053 ], [ -91.53380427799999, 14.543535352000049 ], [ -91.533797060999973, 14.544629022000038 ], [ -91.533687562999944, 14.546368341000061 ], [ -91.533484317999978, 14.547460783000076 ], [ -91.533293, 14.548415457000033 ], [ -91.533090927999979, 14.549241257000062 ], [ -91.533032621999951, 14.549814867000066 ], [ -91.532885712999985, 14.550630844000068 ], [ -91.532805527999983, 14.551267587000041 ], [ -91.532747433999987, 14.55180843200003 ], [ -91.532785811999986, 14.552583765000065 ], [ -91.533127501999957, 14.553626518000044 ], [ -91.533199431999947, 14.554327490000048 ], [ -91.53318477, 14.554878774000031 ], [ -91.533026269999937, 14.55578054800003 ], [ -91.53281627299998, 14.556224400000076 ], [ -91.531937095999979, 14.557259497000075 ], [ -91.53093873399996, 14.558335647000035 ], [ -91.530531614999973, 14.558853960000022 ], [ -91.530157853999981, 14.559414287000038 ], [ -91.529925597999977, 14.559889634000058 ], [ -91.529725901999939, 14.560440883000069 ], [ -91.529721118999987, 14.561162840000065 ], [ -91.529835326999944, 14.561958987000025 ], [ -91.530038584999943, 14.562534238000069 ], [ -91.53046828, 14.563513144000069 ], [ -91.530615572999977, 14.564569369000026 ], [ -91.527294930999972, 14.562555395000061 ], [ -91.526196320999986, 14.562475033000055 ], [ -91.523307704999979, 14.563361839000038 ], [ -91.52163776399999, 14.563195368000038 ], [ -91.519910099999947, 14.561856852000062 ], [ -91.519088394999983, 14.561916053000061 ], [ -91.518398118999983, 14.562531977000049 ], [ -91.518193144999941, 14.56334756900003 ], [ -91.517652791999978, 14.563747506000027 ], [ -91.517029280999964, 14.563918683000054 ], [ -91.515655394999953, 14.563889630000062 ], [ -91.514424817999952, 14.563075096000034 ], [ -91.513681512999938, 14.562253483000063 ], [ -91.512294813999972, 14.561023287000069 ], [ -91.511120818999984, 14.560165034000022 ], [ -91.509865295999987, 14.559615837000024 ], [ -91.509140619999982, 14.55947902500003 ], [ -91.508073860999957, 14.559582953000074 ], [ -91.507367813999963, 14.559953561000043 ], [ -91.506693970999947, 14.560623788000044 ], [ -91.506304262999947, 14.56121786500006 ], [ -91.505970501999968, 14.561944493000055 ], [ -91.505532948999985, 14.562924674000044 ], [ -91.50521159499999, 14.563530485000058 ], [ -91.504806740999982, 14.563874762000069 ], [ -91.50341373599997, 14.567884755000023 ], [ -91.502923598999985, 14.568917696000028 ], [ -91.502518301999942, 14.571644832000061 ], [ -91.502502407999941, 14.573998221000068 ], [ -91.502390912999942, 14.576163440000073 ], [ -91.501886756999966, 14.579266181000037 ], [ -91.500086546999967, 14.58419209300007 ], [ -91.499156053999968, 14.585141973000077 ], [ -91.49917518899997, 14.585913786000049 ], [ -91.49930339299999, 14.586768778000021 ], [ -91.499408599999981, 14.587422510000067 ], [ -91.499586251999972, 14.588171614000032 ], [ -91.499656086999948, 14.588652249000063 ], [ -91.499710319999963, 14.589637830000072 ], [ -91.499691867999957, 14.590563063000047 ], [ -91.499698662999947, 14.591358522000064 ], [ -91.499681579999958, 14.592081517000054 ], [ -91.499578663999955, 14.592887573000041 ], [ -91.499337237999953, 14.594358217000035 ], [ -91.499214257999938, 14.595726810000031 ], [ -91.498231291999957, 14.594655037000052 ], [ -91.496248082999955, 14.59360732500005 ], [ -91.494326225999941, 14.594459273000041 ], [ -91.491860346999943, 14.594441097000072 ] ] ] ] } },
{ "type": "Feature", "properties": { "Codigo": 2213, "datos_finales_color_riesgo": "152640" }, "geometry": { "type": "MultiPolygon", "coordinates": [ [ [ [ -89.949959766999939, 13.980689692000055 ], [ -89.951405737999949, 13.979865758000074 ], [ -89.952829379999969, 13.979200701000025 ], [ -89.953790251999976, 13.978959905000067 ], [ -89.954674230999956, 13.978852474000064 ], [ -89.95581634499996, 13.978717798000048 ], [ -89.957582761999959, 13.978576271000065 ], [ -89.958185620999984, 13.977826382000046 ], [ -89.958500900999979, 13.977013056000033 ], [ -89.958862216999989, 13.976126933000046 ], [ -89.959131455999966, 13.975298353000028 ], [ -89.959829684999988, 13.973094580000065 ], [ -89.96001365799998, 13.971848389000058 ], [ -89.960206396999979, 13.971078677000037 ], [ -89.960457661999953, 13.970473380000044 ], [ -89.961014642999942, 13.969737574000021 ], [ -89.961628387999951, 13.96934451900006 ], [ -89.962131535999958, 13.969231156000035 ], [ -89.963152432999948, 13.969081376000076 ], [ -89.96394645099997, 13.968867793000072 ], [ -89.964438451999968, 13.968458531000067 ], [ -89.964687572999935, 13.968015753000032 ], [ -89.965337389999945, 13.96716256600007 ], [ -89.965985455999942, 13.966442561000065 ], [ -89.966831129999946, 13.965770174000056 ], [ -89.967812209999977, 13.965172849000055 ], [ -89.96863799, 13.964827570000068 ], [ -89.96962902599995, 13.964661578000062 ], [ -89.970843852999963, 13.964795263000042 ], [ -89.972057133999954, 13.965047449000053 ], [ -89.97284762399994, 13.965102458000047 ], [ -89.973653535999972, 13.965083151000044 ], [ -89.974462560999939, 13.964869719000035 ], [ -89.97486459299995, 13.964355454000042 ], [ -89.975133759999949, 13.963570867000044 ], [ -89.975830240999983, 13.961485516000039 ], [ -89.976271618999988, 13.960258304000035 ], [ -89.976964505999945, 13.959642670000051 ], [ -89.977660395999976, 13.959904190000032 ], [ -89.978080849999969, 13.960324839000066 ], [ -89.978894404999949, 13.960915188000058 ], [ -89.979667948999975, 13.961072688000058 ], [ -89.980429748999939, 13.960978302000058 ], [ -89.981009917999984, 13.960807152000029 ], [ -89.981622259999938, 13.960517873000072 ], [ -89.98289278499999, 13.959880044000045 ], [ -89.983704096999986, 13.959489371000075 ], [ -89.984179300999983, 13.959167901000058 ], [ -89.985672889999989, 13.957775358000049 ], [ -89.986639447999949, 13.957133734000024 ], [ -89.987488869999936, 13.957322625000074 ], [ -89.98807362499997, 13.957954136000069 ], [ -89.988879335999968, 13.957993472000055 ], [ -89.989492242999972, 13.957614995000029 ], [ -89.991410519999988, 13.955113476000065 ], [ -89.992281129999981, 13.954827359000035 ], [ -89.993159060999972, 13.95522429500005 ], [ -89.993911023999942, 13.955887214000029 ], [ -89.99466760699994, 13.956149437000022 ], [ -89.99516975399996, 13.95615564700006 ], [ -89.996142462999956, 13.956197023000072 ], [ -89.997131722999939, 13.956165223000028 ], [ -89.997831879999978, 13.956099368000025 ], [ -89.998502558999974, 13.955989121000073 ], [ -89.999575361999973, 13.955664833000071 ], [ -89.999957923999943, 13.955176239000025 ], [ -90.000249092999979, 13.954693287000055 ], [ -90.00048278, 13.954231074000063 ], [ -90.000780842999973, 13.953528074000076 ], [ -90.001017125999965, 13.952864952000027 ], [ -90.001273892999961, 13.952181764000045 ], [ -90.001611990999947, 13.951600047000056 ], [ -90.002304582999955, 13.950821759000064 ], [ -90.002991649999956, 13.950426093000033 ], [ -90.003906380999979, 13.950033229000042 ], [ -90.004363483999953, 13.949857111000028 ], [ -90.005048705999968, 13.949603653000054 ], [ -90.006231335999985, 13.949275038000053 ], [ -90.00675105199997, 13.949038727000072 ], [ -90.00754393699998, 13.948503236000022 ], [ -90.007842282999945, 13.947820546000059 ], [ -90.007981820999987, 13.946590653000044 ], [ -90.008054057999971, 13.94578438800005 ], [ -90.008144296999944, 13.945240247000072 ], [ -90.00835839399997, 13.944636672000058 ], [ -90.008737016999987, 13.94413671600006 ], [ -90.009196692999978, 13.94375967700006 ], [ -90.009739275999948, 13.943362209000043 ], [ -90.010219241999948, 13.943024927000067 ], [ -90.01148680099999, 13.942515572000048 ], [ -90.012561020999954, 13.942569406000075 ], [ -90.013673941999969, 13.942804335000062 ], [ -90.01433190099999, 13.943095765000066 ], [ -90.01486876599995, 13.94314186500003 ], [ -90.015490582999973, 13.943008385000041 ], [ -90.015948694999963, 13.942752102000043 ], [ -90.016537279999966, 13.942011996000076 ], [ -90.017125803999988, 13.941231246000029 ], [ -90.017989793999959, 13.939970706000054 ], [ -90.018847513999958, 13.939152608000029 ], [ -90.019452718999958, 13.938736687000073 ], [ -90.020221570999979, 13.938402923000069 ], [ -90.021277573999953, 13.938254420000021 ], [ -90.02225178599997, 13.938084593000042 ], [ -90.023351660999936, 13.937714224000047 ], [ -90.024435451999977, 13.937020791000066 ], [ -90.025103509999951, 13.936524339000073 ], [ -90.02573436099999, 13.93568424700004 ], [ -90.026329878999945, 13.934398933000068 ], [ -90.02680270899998, 13.932991325000046 ], [ -90.027277594999987, 13.931422305000069 ], [ -90.027527666999958, 13.929628147000074 ], [ -90.027894203999949, 13.928441630000066 ], [ -90.028437484999984, 13.927984281000022 ], [ -90.02906029799999, 13.927769487000035 ], [ -90.029662628999972, 13.927574762000063 ], [ -90.030139377999944, 13.927439464000031 ], [ -90.030784273999984, 13.927124462000052 ], [ -90.031058889999898, 13.926662701000055 ], [ -90.031107440999961, 13.926119162000077 ], [ -90.031014345999949, 13.925309729000048 ], [ -90.030714388999968, 13.924498903000028 ], [ -90.030287699999974, 13.923928121000074 ], [ -90.029678315999945, 13.923093200000039 ], [ -90.029070756999943, 13.922116061000054 ], [ -90.028850339999963, 13.921547791000023 ], [ -90.028805287999944, 13.920235454000021 ], [ -90.029027869999936, 13.919006535000051 ], [ -90.029368161999969, 13.918243030000042 ], [ -90.029935817999956, 13.917503744000044 ], [ -90.030501940999955, 13.916884100000061 ], [ -90.031024904999981, 13.916385852000076 ], [ -90.031688375999977, 13.916242662000059 ], [ -90.032288034999965, 13.916209325000068 ], [ -90.033032712999955, 13.916177754000046 ], [ -90.033962075999966, 13.916209387000038 ], [ -90.034725998999988, 13.916299968000033 ], [ -90.03561687499996, 13.916404506000049 ], [ -90.037031762999959, 13.941071498000042 ], [ -90.038722293999967, 13.959528336000062 ], [ -90.043166472999985, 13.973503103000041 ], [ -90.054488351999964, 13.99207719900005 ], [ -90.061746136999943, 13.997055784000054 ], [ -90.072095666999985, 14.001319715000022 ], [ -90.072094746999937, 14.002030933000071 ], [ -90.069297224999957, 14.022034578000046 ], [ -90.069279464999966, 14.024751707000064 ], [ -90.068846433999965, 14.025388824000061 ], [ -90.068382288999942, 14.029154967000068 ], [ -90.06713293699994, 14.053537146000053 ], [ -90.066587874999982, 14.055155054000068 ], [ -90.065463556999987, 14.056490463000046 ], [ -90.064943073999984, 14.056950383000071 ], [ -90.062119549999977, 14.059355649000054 ], [ -90.060590006999973, 14.061130889000026 ], [ -90.059436408999943, 14.062263822000034 ], [ -90.056103391999955, 14.066742255000065 ], [ -90.05277521499994, 14.06993032400004 ], [ -90.04812465599997, 14.076615318000052 ], [ -90.045534459999942, 14.079684708000059 ], [ -90.044196548999935, 14.082454451000046 ], [ -90.041596956999967, 14.085435605000043 ], [ -90.039653252999983, 14.085398187000067 ], [ -90.03871290799998, 14.084819924000044 ], [ -90.036189929999978, 14.081903440000076 ], [ -90.033196731999965, 14.079491416000053 ], [ -90.030433038999945, 14.077849842000035 ], [ -90.024493663999976, 14.076607084000045 ], [ -90.02215289899999, 14.075179493000064 ], [ -90.020540013999948, 14.073407537000037 ], [ -90.019853977999958, 14.072266787000046 ], [ -90.017603594999969, 14.070831253000051 ], [ -90.012902799999949, 14.069210713000075 ], [ -90.002573794999989, 14.067359933000034 ], [ -90.000727908999977, 14.06742052900006 ], [ -89.997284238999953, 14.066431704000024 ], [ -89.994869394999967, 14.066006534000053 ], [ -89.991988351999964, 14.065285416000052 ], [ -89.990734697999983, 14.064232363000031 ], [ -89.98743727699997, 14.063299421000067 ], [ -89.985916782999936, 14.062139162000051 ], [ -89.980490475999943, 14.061120838000022 ], [ -89.979315990999964, 14.060033733000068 ], [ -89.978698882999936, 14.057185825000033 ], [ -89.978777366999964, 14.054995711000061 ], [ -89.979095620999942, 14.050130963000072 ], [ -89.980271879999975, 14.047465779000049 ], [ -89.980718665999973, 14.043154632000039 ], [ -89.980699472999959, 14.041266952000058 ], [ -89.979523578999988, 14.039190976000043 ], [ -89.978883530999951, 14.03575578400006 ], [ -89.979896873999962, 14.033161927000037 ], [ -89.979713464999975, 14.032202368000071 ], [ -89.979739269999982, 14.028688574000057 ], [ -89.974848194999936, 14.021701966000023 ], [ -89.972922230999984, 14.018996870000024 ], [ -89.971763045999978, 14.017641299000047 ], [ -89.969821481999986, 14.016085159000056 ], [ -89.969436577999943, 14.015505759000064 ], [ -89.96653747299996, 14.012212740000052 ], [ -89.962099525999975, 14.006602089000069 ], [ -89.959878861999982, 14.002986788000044 ], [ -89.959762516999945, 14.001110333000042 ], [ -89.959262205999948, 14.000036176000037 ], [ -89.958426472999975, 13.998711724000032 ], [ -89.957586108999976, 13.997739408000029 ], [ -89.956974757999944, 13.996802704000061 ], [ -89.956657050999979, 13.995997243000033 ], [ -89.956009806999987, 13.995284724000044 ], [ -89.955365688999962, 13.994379213000059 ], [ -89.954784349999954, 13.993666389000055 ], [ -89.954234262999989, 13.993082647000051 ], [ -89.953456279999955, 13.992335744000059 ], [ -89.952777379999986, 13.991526871000076 ], [ -89.952661829999954, 13.990339019000032 ], [ -89.952646780999942, 13.989024873000062 ], [ -89.952655229999948, 13.988383803000033 ], [ -89.952316845999974, 13.986649054000054 ], [ -89.95211401499995, 13.984628159000067 ], [ -89.951190105999956, 13.982501124000066 ], [ -89.949959766999939, 13.980689692000055 ] ] ] ] } },
{ "type": "Feature", "properties": { "Codigo": 512, "datos_finales_color_riesgo": "152640" }, "geometry": { "type": "MultiPolygon", "coordinates": [ [ [ [ -90.599350955999967, 14.387617657000021 ], [ -90.59877576599996, 14.384415792000027 ], [ -90.597916123999937, 14.364732866000054 ], [ -90.598545764999983, 14.362180171000034 ], [ -90.600228354999956, 14.35876290300007 ], [ -90.600462120999964, 14.357154833000038 ], [ -90.601146083999936, 14.356347503000052 ], [ -90.602386263999961, 14.354326115000049 ], [ -90.60341006699997, 14.350428943000054 ], [ -90.606650756999954, 14.346167922000063 ], [ -90.608445736999954, 14.342940292000037 ], [ -90.610690965999936, 14.340340580000031 ], [ -90.611631037999985, 14.339896052000029 ], [ -90.613988919999898, 14.336933780000038 ], [ -90.614438640999936, 14.333457637000038 ], [ -90.613684650999971, 14.330549877000067 ], [ -90.612589560999936, 14.323865518000048 ], [ -90.611260338999955, 14.321578763000048 ], [ -90.605370938999954, 14.315110384000036 ], [ -90.604811642999948, 14.313679507000074 ], [ -90.604320359999974, 14.306927831000053 ], [ -90.60495115599997, 14.302922744000057 ], [ -90.602928695999935, 14.299350559000061 ], [ -90.601312625999981, 14.298577598000065 ], [ -90.60166692599995, 14.298094424000055 ], [ -90.602285264999978, 14.29722993300004 ], [ -90.603825075999964, 14.289513935000059 ], [ -90.609286834999978, 14.282857141000022 ], [ -90.610309575999963, 14.275653096000042 ], [ -90.61003627599996, 14.267531423000037 ], [ -90.610619898999971, 14.26610299500004 ], [ -90.61192839399996, 14.264619716000027 ], [ -90.61658330099999, 14.26055206500007 ], [ -90.621017651999978, 14.258397497000033 ], [ -90.622644844999968, 14.257374714000036 ], [ -90.624587715999951, 14.257276627000067 ], [ -90.626199740999937, 14.256262700000036 ], [ -90.629277832999946, 14.25534465800007 ], [ -90.633151988999941, 14.254979963000039 ], [ -90.637040055999989, 14.256336508000061 ], [ -90.637822032999964, 14.257745813000042 ], [ -90.63765846199999, 14.258552825000038 ], [ -90.637097464999954, 14.258939160000068 ], [ -90.636402147999945, 14.260547270000075 ], [ -90.637158984999985, 14.262480359000051 ], [ -90.638099945999954, 14.26274718600007 ], [ -90.639181160999954, 14.262555741000028 ], [ -90.639710555999955, 14.262313651000056 ], [ -90.64112716599999, 14.260659585000042 ], [ -90.64277255099995, 14.259831089000045 ], [ -90.644139894999967, 14.259683105000022 ], [ -90.648645458999965, 14.261026386000026 ], [ -90.649530667999954, 14.261646112000051 ], [ -90.653298304999964, 14.262467035000043 ], [ -90.656628505999947, 14.263768110000058 ], [ -90.657148869999958, 14.264398908000032 ], [ -90.658150285999966, 14.264590582000039 ], [ -90.658849496999949, 14.264330916000063 ], [ -90.661129287999984, 14.263461086000063 ], [ -90.662882178999951, 14.261749182000074 ], [ -90.66376711099997, 14.259871769000029 ], [ -90.667310774999976, 14.258663010000078 ], [ -90.674997965999978, 14.255102564000026 ], [ -90.676282138999966, 14.254254477000075 ], [ -90.678894187999958, 14.252924632000031 ], [ -90.68603027599994, 14.251084151000043 ], [ -90.692075383999963, 14.250393923000047 ], [ -90.69681787799999, 14.250722124000049 ], [ -90.697646170999974, 14.251199959000076 ], [ -90.70690260799995, 14.25248294000005 ], [ -90.709728947999963, 14.253424936000044 ], [ -90.70977226399998, 14.254467815000055 ], [ -90.709329218999983, 14.255053119000024 ], [ -90.708245262999981, 14.255520450000063 ], [ -90.70821480799998, 14.256127789000061 ], [ -90.707437915999947, 14.256861224000033 ], [ -90.704879630999983, 14.258549944000038 ], [ -90.702798056999939, 14.260730006000074 ], [ -90.699246354999957, 14.26581879400004 ], [ -90.693226752999976, 14.270844087000057 ], [ -90.69048552299995, 14.275344208000035 ], [ -90.690074042999981, 14.277253440000038 ], [ -90.689173837999988, 14.279220045000045 ], [ -90.689931569999942, 14.283215348000056 ], [ -90.68953417299997, 14.286351254000067 ], [ -90.688499608999962, 14.287180357000068 ], [ -90.685427281999978, 14.288068698000075 ], [ -90.683970733999956, 14.289333013000032 ], [ -90.684579356999961, 14.292499016000022 ], [ -90.685692823999943, 14.293187497000076 ], [ -90.69027257099998, 14.294679918000043 ], [ -90.691218998999943, 14.299650610000072 ], [ -90.69275751899994, 14.312256219000062 ], [ -90.692396031999976, 14.314421176000053 ], [ -90.691456594999977, 14.314768941000068 ], [ -90.686642820999964, 14.315391844000033 ], [ -90.683297527999969, 14.316315843000041 ], [ -90.684516241999972, 14.328997383000058 ], [ -90.68492381499999, 14.32991617600004 ], [ -90.688681220999968, 14.329546218000075 ], [ -90.694907831999956, 14.328250362000063 ], [ -90.703098419999947, 14.325753577000057 ], [ -90.706962017999956, 14.325300764000076 ], [ -90.715260815999955, 14.322222914000065 ], [ -90.716006423999943, 14.322372396000048 ], [ -90.716252367999971, 14.323021923000056 ], [ -90.715990938999937, 14.323902620000069 ], [ -90.706416256999944, 14.336483512000029 ], [ -90.703707674999976, 14.341740716000061 ], [ -90.702919754999982, 14.345965002000071 ], [ -90.700931981999986, 14.34777086400004 ], [ -90.699155347999977, 14.349657814000068 ], [ -90.697473727999977, 14.351256540000065 ], [ -90.697257199999967, 14.35203937600005 ], [ -90.696567351999988, 14.352320672000076 ], [ -90.693628814999954, 14.353008134000049 ], [ -90.691160914999955, 14.354116893000025 ], [ -90.689662947999977, 14.356042608000052 ], [ -90.688855238999963, 14.357985211000027 ], [ -90.686843503999967, 14.360467200000073 ], [ -90.684558590999984, 14.361965048000059 ], [ -90.675657634999936, 14.362148903000048 ], [ -90.674478301999955, 14.362819480000041 ], [ -90.673414237999964, 14.363153492000038 ], [ -90.672904159999973, 14.363185750000071 ], [ -90.669171856999981, 14.362028686000031 ], [ -90.666820897999969, 14.363125887000024 ], [ -90.664446040999962, 14.365016784000034 ], [ -90.663416815999938, 14.365787035000039 ], [ -90.662258037999948, 14.366760420000048 ], [ -90.660887681999952, 14.367468560000077 ], [ -90.657537544999968, 14.368774878000067 ], [ -90.656746749999968, 14.369340777000048 ], [ -90.655863742999941, 14.369694564000042 ], [ -90.655580472999986, 14.370417949000057 ], [ -90.655701669999985, 14.371516908000046 ], [ -90.656516512999985, 14.372591113000055 ], [ -90.659044042999938, 14.374912162000044 ], [ -90.659553178999943, 14.376196788000073 ], [ -90.659122594999985, 14.377716064000026 ], [ -90.655273584999975, 14.380626755000037 ], [ -90.652491313999974, 14.382118169000023 ], [ -90.651435231999983, 14.382397935000029 ], [ -90.650719231999972, 14.382674296000062 ], [ -90.650012335999975, 14.384627866000073 ], [ -90.650664919999898, 14.399495792000039 ], [ -90.652883012999951, 14.401508927000066 ], [ -90.657574989999944, 14.401578091000033 ], [ -90.65866054199995, 14.402369255000053 ], [ -90.658248728999979, 14.40502372900005 ], [ -90.655811566999944, 14.40755646100007 ], [ -90.65535622699997, 14.408550309000077 ], [ -90.654457792999949, 14.409975693000035 ], [ -90.65106887799999, 14.414916886000071 ], [ -90.649185001999967, 14.41671529000007 ], [ -90.647293055999967, 14.419279303000053 ], [ -90.645157196999946, 14.421617248000075 ], [ -90.643973530999972, 14.426903289000052 ], [ -90.64317547, 14.428135360000056 ], [ -90.63973221699996, 14.426083877000053 ], [ -90.62925446099996, 14.424920578000069 ], [ -90.625374667999949, 14.424989967000045 ], [ -90.620738788999972, 14.424239661000058 ], [ -90.617214840999964, 14.423757996000063 ], [ -90.61033179399999, 14.424456317000022 ], [ -90.605376031999981, 14.424209550000057 ], [ -90.603830329999937, 14.423604336000039 ], [ -90.601319976999946, 14.421482774000026 ], [ -90.60027132, 14.419858287000068 ], [ -90.599207863999936, 14.417777398000055 ], [ -90.598958050999954, 14.40501787900007 ], [ -90.599687277999976, 14.392031139000039 ], [ -90.59972079299996, 14.388786890000063 ], [ -90.599350955999967, 14.387617657000021 ] ] ] ] } },
{ "type": "Feature", "properties": { "Codigo": 507, "datos_finales_color_riesgo": "152640" }, "geometry": { "type": "MultiPolygon", "coordinates": [ [ [ [ -90.987002384999982, 14.181584815000065 ], [ -90.984469453999964, 14.179649956000048 ], [ -90.982323947999987, 14.178292181000074 ], [ -90.981512947999988, 14.177832377000072 ], [ -90.980615283999953, 14.177419283000063 ], [ -90.979980552999962, 14.177123625000036 ], [ -90.975097606999952, 14.174785927000073 ], [ -90.974120468999956, 14.174394734000032 ], [ -90.969665228999986, 14.171494621000022 ], [ -90.968366559999936, 14.169770009000047 ], [ -90.968053323999982, 14.165745964000052 ], [ -90.969735275999938, 14.162771272000043 ], [ -90.970854358999986, 14.158906189000049 ], [ -90.971918216999939, 14.157345029000055 ], [ -90.97575649199996, 14.15309056600006 ], [ -90.979944537999984, 14.151682202000075 ], [ -90.982679564999955, 14.149110477000022 ], [ -90.983258529999944, 14.148108854000043 ], [ -90.983961825999984, 14.146790851000048 ], [ -90.984710357999973, 14.145987200000036 ], [ -90.986539710999978, 14.145028814000057 ], [ -90.990289305999966, 14.142380761000027 ], [ -90.991260675999968, 14.141506653000022 ], [ -90.998770419999971, 14.13913837900003 ], [ -90.999448399999949, 14.138319398000021 ], [ -90.999456953999982, 14.136811419000026 ], [ -90.998043706999965, 14.135537857000031 ], [ -90.998067927999955, 14.134423118000029 ], [ -90.998563168999965, 14.133783357000027 ], [ -91.001426212999945, 14.132874110000046 ], [ -91.002854301999946, 14.130457279000041 ], [ -91.004838523999979, 14.128840311000033 ], [ -91.006815013999983, 14.130701391000059 ], [ -91.006756613999983, 14.132290298000044 ], [ -91.008012389999976, 14.133307211000044 ], [ -91.00885905199999, 14.132652261000032 ], [ -91.00882453, 14.130765489000055 ], [ -91.009446353999977, 14.128609653000069 ], [ -91.009582037999962, 14.127781625000068 ], [ -91.010024009999938, 14.127272430000062 ], [ -91.010648941999989, 14.127021175000039 ], [ -91.011080981999953, 14.126588710000021 ], [ -91.01131481499999, 14.125987419000069 ], [ -91.011963722999951, 14.125240449000046 ], [ -91.012493158999973, 14.124721803000057 ], [ -91.013045477999981, 14.124433791000058 ], [ -91.013647669999955, 14.124000468000077 ], [ -91.013664335999977, 14.123213249000059 ], [ -91.013279888999989, 14.122630571000059 ], [ -91.01254210799999, 14.122482141000035 ], [ -91.011714473999973, 14.12261763500004 ], [ -91.011358634999965, 14.122073598000043 ], [ -91.011559266999939, 14.121362457000032 ], [ -91.011642900999959, 14.120461701000067 ], [ -91.011768396999969, 14.119805290000045 ], [ -91.012730283999986, 14.119069939000042 ], [ -91.013091457999963, 14.118598475000056 ], [ -91.013661867999986, 14.117890384000077 ], [ -91.014348919999975, 14.117145976000074 ], [ -91.015045968999971, 14.116449095000064 ], [ -91.015161412999987, 14.115481947000035 ], [ -91.014479446999985, 14.115039152000065 ], [ -91.01405069499998, 14.114561166000044 ], [ -91.014261470999941, 14.113812826000071 ], [ -91.014685292999957, 14.113189375000047 ], [ -91.014887458999965, 14.112298629000065 ], [ -91.014989441999944, 14.111749336000059 ], [ -91.015402021999989, 14.11128732800006 ], [ -91.016085028999953, 14.111073809000061 ], [ -91.016305953999961, 14.110288271000059 ], [ -91.016863945999944, 14.109874901000069 ], [ -91.017396018999989, 14.11018315900003 ], [ -91.018029504999959, 14.110074282000028 ], [ -91.018325257999948, 14.10960226900005 ], [ -91.018749343999957, 14.108946048000064 ], [ -91.019303645999969, 14.108423069000025 ], [ -91.019932775999962, 14.10821474200003 ], [ -91.020677529999944, 14.108154217000049 ], [ -91.021284238999954, 14.107794330000047 ], [ -91.021470579999971, 14.107057076000046 ], [ -91.021797804999949, 14.106357126000034 ], [ -91.022313561999965, 14.105738931000076 ], [ -91.022791487999939, 14.105615207000028 ], [ -91.023599143999945, 14.105574391000061 ], [ -91.024409661999982, 14.105201484000077 ], [ -91.024567074999936, 14.104461728000047 ], [ -91.024581163999983, 14.103968190000046 ], [ -91.024787203999949, 14.103361002000042 ], [ -91.018309219999935, 14.103086372000064 ], [ -91.014757327999973, 14.102395149000074 ], [ -91.01417515899999, 14.079042976000039 ], [ -91.01323879399996, 14.078253553000025 ], [ -91.008557655999937, 14.076911352000025 ], [ -91.004707082999971, 14.076349733000029 ], [ -90.997202854999955, 14.07441801300007 ], [ -90.996104422999963, 14.074573817000044 ], [ -90.994431628999962, 14.077755637000053 ], [ -90.989900491999947, 14.090106513000023 ], [ -90.988974181999936, 14.091082687000039 ], [ -90.98650179699996, 14.089008392000039 ], [ -90.985847212999943, 14.087570563000043 ], [ -90.983636089999948, 14.085009303000049 ], [ -90.980882787999974, 14.081596274000049 ], [ -90.980138347999969, 14.07998598100005 ], [ -90.976934361999952, 14.076643701000023 ], [ -90.972877807999964, 14.071045162000075 ], [ -90.972884558999965, 14.07027934100006 ], [ -90.973714517999952, 14.069596114000035 ], [ -90.97491336, 14.067299501000036 ], [ -90.976163267999937, 14.062615293000022 ], [ -90.97919800599999, 14.05621995100006 ], [ -90.981139311999982, 14.050326004000055 ], [ -90.983135249999975, 14.046438691000048 ], [ -90.98499531899995, 14.041209356000024 ], [ -90.986193349999951, 14.039104677000068 ], [ -90.986190165999972, 14.038012303000073 ], [ -90.987584620999939, 14.035537603000023 ], [ -90.987622373999955, 14.034460252000031 ], [ -90.989352492999956, 14.031170474000078 ], [ -90.990366779999988, 14.027567477000048 ], [ -90.991778598999986, 14.025078195000049 ], [ -90.995056797999951, 14.016306660000055 ], [ -90.996828545999961, 14.013054419000071 ], [ -90.997358887999951, 14.010666235000031 ], [ -90.998640536999972, 14.008489851000036 ], [ -90.999203419999958, 14.006147115000033 ], [ -91.000116247999983, 14.004673695000065 ], [ -91.000724358999946, 14.002382159000035 ], [ -91.001710935999938, 14.002009605000069 ], [ -91.002814877999981, 13.998831991000031 ], [ -91.004849061999948, 13.994160729000043 ], [ -91.004953542999942, 13.992844426000033 ], [ -91.008856739999942, 13.984108201000026 ], [ -91.008902466999984, 13.983028636000029 ], [ -91.010707000999957, 13.979941426000039 ], [ -91.011186262999956, 13.977678151000077 ], [ -91.012860708999938, 13.974508516000071 ], [ -91.013143021999952, 13.973439530000064 ], [ -91.013290575999974, 13.973447578000048 ], [ -91.015355377999981, 13.973809824000057 ], [ -91.016260992999946, 13.974027171000046 ], [ -91.017891100999975, 13.974316968000039 ], [ -91.02020947599999, 13.974606765000033 ], [ -91.020716619999973, 13.974751664000053 ], [ -91.021055604999958, 13.974888939000039 ], [ -91.023034995999978, 13.977070038000022 ], [ -91.024266631999978, 13.978663921000077 ], [ -91.024683214999982, 13.979641986000047 ], [ -91.02504546099999, 13.980764949000047 ], [ -91.026250049999987, 13.983999983000047 ], [ -91.02736383599995, 13.985546596000063 ], [ -91.027907204999963, 13.98612619000005 ], [ -91.028088327999967, 13.986669560000053 ], [ -91.028444460999935, 13.986888872000065 ], [ -91.029573537999966, 13.988082319000057 ], [ -91.030877622999981, 13.988698138000075 ], [ -91.033449569999959, 13.989422630000035 ], [ -91.038557239999989, 13.99072671600004 ], [ -91.042861160999962, 13.991833317000044 ], [ -91.061596090999956, 13.993660909000027 ], [ -91.06269449499996, 13.993666650000023 ], [ -91.06300885099995, 13.991451208000058 ], [ -91.063194427999974, 13.989583350000032 ], [ -91.063515995999978, 13.989386406000051 ], [ -91.078766556999938, 13.991559881000057 ], [ -91.082950498999935, 13.992175701000065 ], [ -91.08527782799996, 13.992555539000023 ], [ -91.085916682999937, 13.990805505000026 ], [ -91.086156376999952, 13.990654267000025 ], [ -91.090539553999974, 13.991306310000027 ], [ -91.110988345999942, 13.993805807000058 ], [ -91.114722238999946, 13.994194495000045 ], [ -91.130205500999978, 13.996051733000058 ], [ -91.134480003999954, 13.996450204000041 ], [ -91.151759142999936, 13.998551231000022 ], [ -91.169635986999936, 14.000724708000064 ], [ -91.173801816999969, 14.001159403000031 ], [ -91.192331434999971, 14.003338098000029 ], [ -91.200085669999964, 14.004265041000053 ], [ -91.203133885999989, 14.004603732000021 ], [ -91.206657536999955, 14.005107885000029 ], [ -91.213526343999945, 14.005958495000073 ], [ -91.214275028999964, 14.00586936600007 ], [ -91.219299925999962, 14.006520645000023 ], [ -91.232279114999983, 14.008044116000065 ], [ -91.233722238999974, 14.008111161000045 ], [ -91.240237749999949, 14.004854313000067 ], [ -91.247844917999942, 14.001231852000046 ], [ -91.253222238999967, 13.998583317000055 ], [ -91.262280424999972, 13.998659905000068 ], [ -91.271722271999977, 13.998666684000057 ], [ -91.284000017999972, 14.010805541000025 ], [ -91.283610813999985, 14.011265767000054 ], [ -91.283534920999955, 14.01182447900004 ], [ -91.283459959999959, 14.012335747000066 ], [ -91.283357575999958, 14.013267104000022 ], [ -91.283376281999949, 14.013941727000031 ], [ -91.28339047899999, 14.015223017000039 ], [ -91.283313432999989, 14.016014460000065 ], [ -91.283189409999977, 14.016665473000046 ], [ -91.282919998999944, 14.017571921000069 ], [ -91.282652729999938, 14.018268240000054 ], [ -91.282265347999953, 14.019011159000058 ], [ -91.281660902999988, 14.020077917000037 ], [ -91.280887398999937, 14.021469985000067 ], [ -91.279778505999957, 14.023068678000072 ], [ -91.27891282, 14.024017201000049 ], [ -91.277903700999957, 14.025034747000063 ], [ -91.27723199799999, 14.025495443000068 ], [ -91.276299478999988, 14.025861636000059 ], [ -91.275509802999977, 14.026158796000061 ], [ -91.274648447999937, 14.026524361000043 ], [ -91.273930855999936, 14.02677570700007 ], [ -91.273452553999959, 14.026982437000072 ], [ -91.27280426599998, 14.027559652000036 ], [ -91.272393814999987, 14.02820861400005 ], [ -91.27238893399999, 14.028860467000072 ], [ -91.272622767999962, 14.029467703000023 ], [ -91.272952987999986, 14.030029308000053 ], [ -91.273353451999981, 14.030637733000049 ], [ -91.273755194999978, 14.031152395000049 ], [ -91.274441928999977, 14.031856632000029 ], [ -91.274868269999956, 14.032255101000032 ], [ -91.275293741999974, 14.032769930000029 ], [ -91.275503687999958, 14.033400721000078 ], [ -91.275425497999947, 14.034262194000064 ], [ -91.274726265999959, 14.035304524000026 ], [ -91.273572716999979, 14.036437383000077 ], [ -91.272804856999983, 14.037061194000046 ], [ -91.27179821499999, 14.037659573000042 ], [ -91.271128783999984, 14.037887525000031 ], [ -91.270506102999946, 14.038208453000038 ], [ -91.269619216999956, 14.038807676000033 ], [ -91.268898781999951, 14.039431812000032 ], [ -91.268561967999972, 14.039824826000029 ], [ -91.26824869699999, 14.040241735000052 ], [ -91.26798222299999, 14.040821667000046 ], [ -91.267711137999981, 14.041938214000027 ], [ -91.267658971999936, 14.042566002000058 ], [ -91.267628421999973, 14.043474131000039 ], [ -91.267622297999935, 14.044288663000032 ], [ -91.26771268899995, 14.044964923000066 ], [ -91.267921920999981, 14.045688356000028 ], [ -91.268108425999969, 14.046202615000027 ], [ -91.268246146999957, 14.046971857000074 ], [ -91.26826549599997, 14.047553836000077 ], [ -91.26826147099996, 14.048089327000071 ], [ -91.268186044999936, 14.04857798300003 ], [ -91.267990727999972, 14.04915842500003 ], [ -91.267625788999965, 14.050134204000074 ], [ -91.267263302999936, 14.050783491000061 ], [ -91.266804238999953, 14.051502132000053 ], [ -91.266346623999937, 14.052104416000077 ], [ -91.265553918999956, 14.052866981000022 ], [ -91.264736905999939, 14.053629369000078 ], [ -91.264017515999967, 14.054183444000046 ], [ -91.263417086999937, 14.054692050000028 ], [ -91.262936439999976, 14.05520038700007 ], [ -91.262453099999959, 14.055988890000037 ], [ -91.262353933999975, 14.056477371000028 ], [ -91.262349891999975, 14.057012860000043 ], [ -91.262463641999943, 14.057735609000076 ], [ -91.262576871999954, 14.058527271000059 ], [ -91.26261716199997, 14.059552276000034 ], [ -91.262347254999952, 14.060504999000045 ], [ -91.261963288999937, 14.060852470000043 ], [ -91.26134035299998, 14.061197089000075 ], [ -91.260623167999938, 14.061378337000065 ], [ -91.259739513999989, 14.061534660000063 ], [ -91.258617989999948, 14.061619218000033 ], [ -91.257566748999977, 14.061821774000066 ], [ -91.257038747999957, 14.062237112000048 ], [ -91.256629765999946, 14.062677032000067 ], [ -91.256218667999974, 14.063395993000029 ], [ -91.255948074999935, 14.064511391000053 ], [ -91.255773787999942, 14.065441068000041 ], [ -91.255744590999939, 14.066162786000064 ], [ -91.255901349999988, 14.067468813000062 ], [ -91.256183371999953, 14.068052687000034 ], [ -91.25658459899995, 14.068637422000052 ], [ -91.257104851999941, 14.06924674000004 ], [ -91.257601029999989, 14.069902204000073 ], [ -91.258309555999972, 14.070791936000035 ], [ -91.258424702999946, 14.071328283000071 ], [ -91.258466555999973, 14.072144285000036 ], [ -91.258244726999976, 14.073086050000029 ], [ -91.25759643899994, 14.073639481000043 ], [ -91.256568866999942, 14.073842198000023 ], [ -91.255876475999969, 14.073953562000042 ], [ -91.255040752999946, 14.074040161000028 ], [ -91.254157038999949, 14.074197587000072 ], [ -91.253487971999959, 14.074285387000032 ], [ -91.25296188499999, 14.074444266000057 ], [ -91.252387450999947, 14.074720289000027 ], [ -91.251883316999965, 14.075112058000059 ], [ -91.251402419999977, 14.075644088000047 ], [ -91.250989326999957, 14.076619479000044 ], [ -91.250743114999977, 14.077642400000059 ], [ -91.250546657999962, 14.078362901000048 ], [ -91.25037645499998, 14.078827134000051 ], [ -91.249798770999973, 14.079452228000036 ], [ -91.249082056999953, 14.079563394000047 ], [ -91.248129457999937, 14.079416386000048 ], [ -91.247271410999986, 14.079316380000023 ], [ -91.246532211999977, 14.079264687000034 ], [ -91.245840645999976, 14.07918961200005 ], [ -91.245148944999983, 14.079208307000044 ], [ -91.244526288999964, 14.079506555000023 ], [ -91.244021767999982, 14.07994575400005 ], [ -91.243467843999952, 14.080639919000077 ], [ -91.24281647, 14.081589831000031 ], [ -91.241805148999958, 14.082839893000028 ], [ -91.241225832999987, 14.083673958000077 ], [ -91.240693823999948, 14.084602137000047 ], [ -91.240234287999954, 14.085437072000047 ], [ -91.23939147499999, 14.086971923000021 ], [ -91.238450054999987, 14.088534294000056 ], [ -91.237786350999954, 14.089878384000031 ], [ -91.237757704999979, 14.090368494000074 ], [ -91.237902715999951, 14.091080176000048 ], [ -91.237898762999976, 14.091595322000046 ], [ -91.237818829999981, 14.092207071000075 ], [ -91.23761443699999, 14.092672170000071 ], [ -91.23723335599999, 14.093159702000037 ], [ -91.236298666999971, 14.093839762000073 ], [ -91.235337214999959, 14.094763650000061 ], [ -91.234218287999965, 14.096521274000054 ], [ -91.233002234999958, 14.09781158800007 ], [ -91.231912514999976, 14.099079096000025 ], [ -91.231023791999974, 14.100323219000074 ], [ -91.229954775999943, 14.102129762000061 ], [ -91.229595341999982, 14.103107754000064 ], [ -91.229462946999945, 14.103989124000066 ], [ -91.229529096999954, 14.105166823000047 ], [ -91.229545089999988, 14.106319295000048 ], [ -91.229535811999938, 14.107521294000037 ], [ -91.22945206199995, 14.108623323000074 ], [ -91.229397733999974, 14.109138095000048 ], [ -91.228887612999984, 14.110139831000026 ], [ -91.228306990999954, 14.110527584000067 ], [ -91.22777879299997, 14.110572277000074 ], [ -91.226976417999936, 14.110370919000047 ], [ -91.226075438999942, 14.109972256000049 ], [ -91.225523309999971, 14.109893622000072 ], [ -91.224970603999964, 14.109889547000023 ], [ -91.223888169999952, 14.110127852000062 ], [ -91.22325719, 14.110515220000025 ], [ -91.222826657999974, 14.110952647000033 ], [ -91.222344430999954, 14.111562544000037 ], [ -91.222063038999977, 14.112247359000037 ], [ -91.221854605999965, 14.113226446000056 ], [ -91.221757281999942, 14.113760103000061 ], [ -91.221565594999959, 14.114818397000022 ], [ -91.221428019999962, 14.11636175600006 ], [ -91.22141907799994, 14.117514042000039 ], [ -91.221207398999979, 14.118909985000073 ], [ -91.220897674999947, 14.119961756000066 ], [ -91.220260176999943, 14.12118395400006 ], [ -91.219547244999944, 14.12235475500006 ], [ -91.21903376099999, 14.123258145000023 ], [ -91.218783186999985, 14.123698023000031 ], [ -91.217715091999935, 14.125357625000049 ], [ -91.216801669999938, 14.126478348000035 ], [ -91.215182331999983, 14.127937270000075 ], [ -91.213842695999972, 14.12900623400003 ], [ -91.212984374999962, 14.129515023000067 ], [ -91.212228101999983, 14.129852845000073 ], [ -91.211119724999946, 14.130212899000071 ], [ -91.209484637999935, 14.130421027000068 ], [ -91.208404408999968, 14.130437834000077 ], [ -91.206744810999965, 14.130597182000031 ], [ -91.205235519999974, 14.130854799000076 ], [ -91.20347213299999, 14.131405372000074 ], [ -91.202059880999968, 14.132056842000054 ], [ -91.201251684999988, 14.132590814000025 ], [ -91.200215063999963, 14.133391951000021 ], [ -91.199530152999955, 14.134294005000072 ], [ -91.198638794999965, 14.135758249000048 ], [ -91.196729658999971, 14.138932060000059 ], [ -91.196320810999964, 14.139762740000037 ], [ -91.195805063999956, 14.141450088000056 ], [ -91.195436502999939, 14.143556542000056 ], [ -91.194791642999974, 14.145684643000038 ], [ -91.194046818999936, 14.147714834000055 ], [ -91.193279813999936, 14.149400282000045 ], [ -91.192389703999936, 14.150766214000043 ], [ -91.190944059999936, 14.152472524000075 ], [ -91.189475651999942, 14.15383408200006 ], [ -91.187931001999971, 14.155318194000074 ], [ -91.186614408999958, 14.156583720000071 ], [ -91.183934344999955, 14.158671534000064 ], [ -91.180847619999952, 14.161296241000059 ], [ -91.177100030999952, 14.164896483000064 ], [ -91.175729047999937, 14.166651824000041 ], [ -91.174613981999983, 14.167820513000038 ], [ -91.173928866999972, 14.168649035000044 ], [ -91.173262471999976, 14.16836717700005 ], [ -91.172634223999978, 14.168310425000072 ], [ -91.171963461999951, 14.168284977000042 ], [ -91.171066758999984, 14.168569608000041 ], [ -91.170166819999963, 14.169185222000067 ], [ -91.169802264999987, 14.169525874000044 ], [ -91.169404875999987, 14.169918246000066 ], [ -91.168656111999951, 14.170306802000027 ], [ -91.167853578999939, 14.170758208000052 ], [ -91.167233159999967, 14.171095771000068 ], [ -91.166549215999964, 14.171413643000051 ], [ -91.165739902999974, 14.172059303000026 ], [ -91.165241705999961, 14.172387628000024 ], [ -91.164583802999971, 14.172777994000057 ], [ -91.163804518999939, 14.173000229000024 ], [ -91.163095120999969, 14.173098730000049 ], [ -91.162476563999974, 14.173203572000034 ], [ -91.16159404299998, 14.173664511000027 ], [ -91.161155546999964, 14.173910814000067 ], [ -91.160505656999987, 14.173952147000023 ], [ -91.159518483999989, 14.173534482000036 ], [ -91.159105354999951, 14.173219509000035 ], [ -91.158328867999955, 14.172448728000063 ], [ -91.157684393999943, 14.171747872000026 ], [ -91.157182274999968, 14.171341834000032 ], [ -91.15644348099994, 14.171138455000062 ], [ -91.15554849199998, 14.171136090000061 ], [ -91.154993435999984, 14.171335170000077 ], [ -91.154216051999981, 14.171895171000074 ], [ -91.153733326999941, 14.172312839000028 ], [ -91.153330495999967, 14.17272999000005 ], [ -91.153045342999974, 14.173127711000063 ], [ -91.152817319999897, 14.173619640000027 ], [ -91.152641958999936, 14.174256576000062 ], [ -91.152475034999952, 14.175138726000057 ], [ -91.15246532399999, 14.175694469000064 ], [ -91.152723786999957, 14.176663494000024 ], [ -91.153116722999982, 14.177398577000076 ], [ -91.153479485999981, 14.177998990000049 ], [ -91.153441960999942, 14.178772556000069 ], [ -91.152643118999947, 14.179333514000064 ], [ -91.151785032999953, 14.17948844600005 ], [ -91.136957086999985, 14.168595124000035 ], [ -91.135687796999946, 14.168139028000041 ], [ -91.132036223999989, 14.16521857500004 ], [ -91.112001542999963, 14.151598059000037 ], [ -91.110210589999951, 14.150194448000036 ], [ -91.109440506999988, 14.14979977400003 ], [ -91.108101647999945, 14.148887735000073 ], [ -91.103973782999958, 14.14575870300007 ], [ -91.08800919, 14.157833784000047 ], [ -91.08665033699998, 14.159385297000028 ], [ -91.085565806999966, 14.159698603000038 ], [ -91.08544898699995, 14.160168747000057 ], [ -91.077418359999967, 14.166561729000023 ], [ -91.074715666999964, 14.166685776000065 ], [ -91.061479829999939, 14.16535686800006 ], [ -91.060362572999964, 14.16733603800003 ], [ -91.061364659999981, 14.169444179000038 ], [ -91.061117624999952, 14.17160774000007 ], [ -91.060027554999976, 14.174333829000034 ], [ -91.059924042999967, 14.176499677000038 ], [ -91.056848400999968, 14.17948191000005 ], [ -91.055915995999953, 14.183803190000049 ], [ -91.053788422999958, 14.186385252000036 ], [ -91.053311471999962, 14.187799091000045 ], [ -91.052567839999938, 14.188103703000024 ], [ -91.052511287999948, 14.192960752000033 ], [ -91.050993467999945, 14.195039387000065 ], [ -91.030555257999936, 14.191120584000032 ], [ -91.021290229999977, 14.189833235000037 ], [ -91.02037646399998, 14.189325256000075 ], [ -91.009695079999972, 14.187631519000035 ], [ -91.008780166999941, 14.187126879000061 ], [ -90.989625511999975, 14.183997108000028 ], [ -90.987002384999982, 14.181584815000065 ] ] ] ] } },
{ "type": "Feature", "properties": { "Codigo": 1802, "datos_finales_color_vul": "152640" }, "geometry": { "type": "MultiPolygon", "coordinates": [ [ [ [ -88.724035418999961, 15.810265450000031 ], [ -88.723723709999945, 15.809722672000078 ], [ -88.72282101199994, 15.808766890000072 ], [ -88.71728643099999, 15.804211302000056 ], [ -88.716490694999948, 15.80368038000006 ], [ -88.710004951999963, 15.799353906000022 ], [ -88.709193859999971, 15.798421322000024 ], [ -88.707666741999958, 15.797542214000032 ], [ -88.703954088999978, 15.795234321000066 ], [ -88.702279076999957, 15.794799814000044 ], [ -88.69918540399999, 15.792683367000052 ], [ -88.695199874999958, 15.790213256000072 ], [ -88.69325837699995, 15.789280762000033 ], [ -88.692597340999953, 15.78891027700007 ], [ -88.691871789999936, 15.788315301000068 ], [ -88.691355277999946, 15.787635412000043 ], [ -88.690676204999988, 15.787017682000055 ], [ -88.68980649599996, 15.786688143000049 ], [ -88.688887528999942, 15.786513197000033 ], [ -88.688315132999946, 15.786301163000076 ], [ -88.687088260999985, 15.785382819000063 ], [ -88.685475940999936, 15.784167090000039 ], [ -88.683653195999966, 15.783102738000025 ], [ -88.681160725999973, 15.782026185000063 ], [ -88.680593008999949, 15.78173193300006 ], [ -88.680971961999944, 15.780908636000049 ], [ -88.681927468999959, 15.779029227000024 ], [ -88.687347468999974, 15.774408901000072 ], [ -88.690075005999972, 15.771499271000039 ], [ -88.694897898999955, 15.76721404400007 ], [ -88.698227444999986, 15.765804280000054 ], [ -88.701298834999989, 15.763689268000064 ], [ -88.706932659999893, 15.761618049000049 ], [ -88.708503203999953, 15.760505917000046 ], [ -88.715608796999959, 15.759134262000032 ], [ -88.716472145999944, 15.758517692000055 ], [ -88.720632788999978, 15.758488007000039 ], [ -88.724088527999982, 15.759931392000055 ], [ -88.727021448999949, 15.761327255000026 ], [ -88.72912658499996, 15.761005603000058 ], [ -88.72980520699997, 15.760425930000054 ], [ -88.730816024999967, 15.759298102000059 ], [ -88.732565773999966, 15.753760896000074 ], [ -88.734176623999986, 15.752299831000073 ], [ -88.734676454999942, 15.747518220000075 ], [ -88.733075260999954, 15.741698806000045 ], [ -88.730834194999943, 15.737870219000058 ], [ -88.729864007999936, 15.735140955000077 ], [ -88.729332549999981, 15.732250061000059 ], [ -88.727238620999969, 15.727793028000065 ], [ -88.723600651999959, 15.721813043000054 ], [ -88.722885370999961, 15.720925285000021 ], [ -88.722845756999959, 15.719591947000026 ], [ -88.72181502899997, 15.717621352000037 ], [ -88.721812316999944, 15.716554802000076 ], [ -88.720534144999988, 15.713672941000027 ], [ -88.718008203999943, 15.710853384000075 ], [ -88.715573376999942, 15.710327547000077 ], [ -88.702920879999965, 15.710844027000064 ], [ -88.698001846999944, 15.709990571000048 ], [ -88.695785815999955, 15.710078736000071 ], [ -88.693153251999945, 15.709166588000073 ], [ -88.691944947999957, 15.707438181000043 ], [ -88.690827410999987, 15.706761117000042 ], [ -88.683321902999978, 15.706329717000074 ], [ -88.67864392599995, 15.704298075000054 ], [ -88.676828314999966, 15.703064879000067 ], [ -88.674552684999981, 15.702537272000029 ], [ -88.673972705999972, 15.701951966000024 ], [ -88.671246719999942, 15.698700827000039 ], [ -88.670389045999968, 15.692839820000074 ], [ -88.670722282999975, 15.689901889000055 ], [ -88.672701148999977, 15.687393396000061 ], [ -88.678836292999961, 15.683323530000052 ], [ -88.679143400999976, 15.677366063000022 ], [ -88.679459945999952, 15.67631489200005 ], [ -88.68087597799996, 15.674744347000058 ], [ -88.683981459999984, 15.67364682300007 ], [ -88.686789156999964, 15.672073272000034 ], [ -88.691150295999989, 15.670634025000027 ], [ -88.692987887999948, 15.669041242000048 ], [ -88.696406164999985, 15.667781694000041 ], [ -88.698610978999966, 15.666263718000039 ], [ -88.69939803799997, 15.666157451000061 ], [ -88.704273039999975, 15.662146351000047 ], [ -88.70512922599994, 15.659875763000059 ], [ -88.706344090999949, 15.658395724000059 ], [ -88.708729505999941, 15.650203779000037 ], [ -88.709422967999956, 15.644297590000065 ], [ -88.708572622999952, 15.638133405000076 ], [ -88.711457382999981, 15.623011056000053 ], [ -88.712896409999985, 15.618712370000026 ], [ -88.713648155999977, 15.614202934000048 ], [ -88.714240392999955, 15.613638424000044 ], [ -88.715921399999957, 15.608547362000024 ], [ -88.717482322999956, 15.606402013000036 ], [ -88.71755843599999, 15.605342639000071 ], [ -88.718159884999977, 15.604780546000029 ], [ -88.718883392999942, 15.602626718000067 ], [ -88.721019775999935, 15.599512858000026 ], [ -88.721965073999968, 15.596757930000024 ], [ -88.722800990999986, 15.592545410000071 ], [ -88.725070304999974, 15.589742964000038 ], [ -88.725303116999953, 15.588275129000067 ], [ -88.729569307999952, 15.586801218000062 ], [ -88.734865203999959, 15.583622287000026 ], [ -88.736656435999976, 15.582891559000075 ], [ -88.737880138999969, 15.581790160000025 ], [ -88.740249525999957, 15.580857536000053 ], [ -88.741323097999953, 15.580604391000065 ], [ -88.743295708999938, 15.579113857000038 ], [ -88.749572831999956, 15.577916316000028 ], [ -88.75138554099999, 15.576675139000031 ], [ -88.753180044999965, 15.575752649000037 ], [ -88.755648666999946, 15.574796939000066 ], [ -88.758331557999952, 15.574705558000062 ], [ -88.759220729999981, 15.574056408000047 ], [ -88.763058128999944, 15.573535143000072 ], [ -88.769191725999974, 15.573289148000072 ], [ -88.776100483999983, 15.574185328000056 ], [ -88.780132388999959, 15.573169156000063 ], [ -88.781439274999968, 15.573620426000048 ], [ -88.788114869999959, 15.573837538000078 ], [ -88.79120838099999, 15.573520231000032 ], [ -88.793077566999955, 15.573036255000034 ], [ -88.797002953999936, 15.570250949000069 ], [ -88.800237323999966, 15.569068031000029 ], [ -88.808199767999952, 15.570011510000029 ], [ -88.81178063599998, 15.571816112000022 ], [ -88.815105621999976, 15.572446577000051 ], [ -88.817886880999936, 15.572184944000071 ], [ -88.819271131999983, 15.571378053000046 ], [ -88.824007370999936, 15.568429447000028 ], [ -88.826804263999975, 15.568543443000067 ], [ -88.827895482999963, 15.569342142000039 ], [ -88.830085159999953, 15.571100900000033 ], [ -88.831679286999986, 15.571506602000056 ], [ -88.836691205999955, 15.571899259000077 ], [ -88.847790138999983, 15.571058344000051 ], [ -88.848468858999979, 15.570596468000076 ], [ -88.855893279999975, 15.57044565800004 ], [ -88.857050323999943, 15.569768385000032 ], [ -88.865419079999981, 15.569949627000028 ], [ -88.86703425099995, 15.569513187000041 ], [ -88.874076749999972, 15.563095408000038 ], [ -88.880338294999945, 15.559859368000048 ], [ -88.881746994999958, 15.55854279600004 ], [ -88.889557337999975, 15.55365643600004 ], [ -88.89459879399999, 15.551535951000062 ], [ -88.903697513999987, 15.550227207000034 ], [ -88.90530516299998, 15.55116034100007 ], [ -88.908771040999966, 15.554679817000022 ], [ -88.91651733599997, 15.555157492000035 ], [ -88.935870418999968, 15.560168501000078 ], [ -88.943905775999951, 15.561087010000051 ], [ -88.947060380999972, 15.56047645600006 ], [ -88.950296599999945, 15.559321566000051 ], [ -88.962810692999938, 15.551847276000046 ], [ -88.967197650999935, 15.551086455000075 ], [ -88.976679046999948, 15.550807783000039 ], [ -88.98029696499998, 15.551070109000023 ], [ -88.985874928999976, 15.552776644000062 ], [ -88.986031002999937, 15.553515886000071 ], [ -88.986307450999959, 15.554706150000072 ], [ -88.986633334999965, 15.555716884000049 ], [ -88.986812148999945, 15.556603142000029 ], [ -88.987016391999987, 15.557378221000022 ], [ -88.987156722999941, 15.557849908000037 ], [ -88.987393759999975, 15.558703398000034 ], [ -88.98766634399999, 15.559523703000025 ], [ -88.989596072999973, 15.564632470000049 ], [ -88.98997389799996, 15.565935103000072 ], [ -88.99057649699995, 15.567555338000034 ], [ -88.991328324999984, 15.568620076000059 ], [ -88.991781805999949, 15.569621860000041 ], [ -88.99199278399999, 15.57062035000007 ], [ -88.992360942999937, 15.571252945000026 ], [ -88.993120448999946, 15.571323175000032 ], [ -88.993892679999988, 15.571337249000067 ], [ -88.99594472199999, 15.571318250000047 ], [ -88.997166235999941, 15.571351771000025 ], [ -88.998186006999958, 15.571650013000067 ], [ -88.998972855999966, 15.572110915000053 ], [ -88.999958274999983, 15.573011854000072 ], [ -89.000261369999976, 15.573431245000052 ], [ -89.000394959999937, 15.574282853000057 ], [ -89.000261943999988, 15.575173590000077 ], [ -88.999980694999977, 15.576028927000038 ], [ -88.99971930199996, 15.577030098000023 ], [ -88.999801003999949, 15.57755710400005 ], [ -89.000398626999981, 15.57823785000005 ], [ -89.001012136999975, 15.578729428000031 ], [ -89.00142822, 15.579262519000054 ], [ -89.001579564999986, 15.579768238000042 ], [ -89.002109571999938, 15.582168663000061 ], [ -89.00243394499995, 15.583292143000051 ], [ -89.003306195999983, 15.585263492000024 ], [ -89.004220006999958, 15.587492722000036 ], [ -89.004971504999958, 15.589752830000066 ], [ -89.005043429999944, 15.590815331000044 ], [ -89.005047870999988, 15.591787514000032 ], [ -89.005029267999987, 15.592748 ], [ -89.004589839999937, 15.593388449000031 ], [ -89.003808793999951, 15.593854647000057 ], [ -89.003375847999962, 15.594160274000046 ], [ -89.002909193999983, 15.594464158000051 ], [ -89.002218352999989, 15.59498837600006 ], [ -89.001817010999957, 15.595494183000028 ], [ -89.001371270999982, 15.596459290000041 ], [ -89.000830349999944, 15.597622270000045 ], [ -89.00058820199996, 15.598198636000063 ], [ -89.000392359999978, 15.598787122000033 ], [ -89.000279302999957, 15.599276750000058 ], [ -89.000269547999949, 15.599779537000074 ], [ -89.000255899999956, 15.600482988000067 ], [ -89.000245487999962, 15.601019594000036 ], [ -89.000310075999948, 15.601858669000023 ], [ -89.000611471999946, 15.602367127000036 ], [ -89.001532787999963, 15.603009802000031 ], [ -89.002108205999946, 15.603668729000049 ], [ -89.002554309999937, 15.604425667000044 ], [ -89.002833249999981, 15.604922437000027 ], [ -89.003233436999949, 15.605677411000045 ], [ -89.003577748999987, 15.60634340200005 ], [ -89.003897655999936, 15.607098041000029 ], [ -89.00402416299994, 15.607714955000063 ], [ -89.003925981999942, 15.608607455000026 ], [ -89.003430709999975, 15.609184850000076 ], [ -89.000466978999953, 15.609811977000049 ], [ -88.999621049999973, 15.610019839000074 ], [ -88.998731321999969, 15.610116383000047 ], [ -88.998019565999982, 15.609946643000058 ], [ -88.997147580999979, 15.609728871000073 ], [ -88.995441503999984, 15.609709008000038 ], [ -88.994898053999975, 15.609800580000069 ], [ -88.994016520999935, 15.610074304000022 ], [ -88.993449387999988, 15.610186868000028 ], [ -88.992846801999974, 15.609729284000025 ], [ -88.99236822599994, 15.608848819000059 ], [ -88.991590464999945, 15.608543656000052 ], [ -88.99118694799995, 15.609128333000058 ], [ -88.991038523999975, 15.609639857000047 ], [ -88.990740186999972, 15.610171195000078 ], [ -88.989188535999972, 15.612858351000057 ], [ -88.988736003999975, 15.613598874000047 ], [ -88.988079683999956, 15.614167636000047 ], [ -88.987439538999979, 15.613876254000047 ], [ -88.986824175999971, 15.613507508000055 ], [ -88.986145203999968, 15.613417272000049 ], [ -88.985422283999981, 15.613850608000064 ], [ -88.985045059999948, 15.614278996000053 ], [ -88.982830535999938, 15.617267446000028 ], [ -88.982552690999967, 15.617909657000041 ], [ -88.982389985999987, 15.618555101000027 ], [ -88.982227639999962, 15.619211832000076 ], [ -88.982110238999951, 15.61989081300004 ], [ -88.982018642999947, 15.620469898000067 ], [ -88.981756318999942, 15.620912787000066 ], [ -88.98142502099995, 15.621342006000077 ], [ -88.981008051999936, 15.622016620000068 ], [ -88.98092008499998, 15.622975805000067 ], [ -88.980944086999955, 15.623534456000073 ], [ -88.981001963999972, 15.624116283000035 ], [ -88.981193750999978, 15.624902424000027 ], [ -88.98238663099994, 15.627013925000028 ], [ -88.983905984999979, 15.629511444000059 ], [ -88.984703973999956, 15.631168006000053 ], [ -88.985472505999951, 15.632545486000026 ], [ -88.986592461999976, 15.634253053000066 ], [ -88.987485336999953, 15.635163684000077 ], [ -88.988117691999946, 15.635857531000056 ], [ -88.988606528999981, 15.636212689000047 ], [ -88.989027609999937, 15.636521500000072 ], [ -88.989586748999955, 15.636822689000041 ], [ -88.990216428999986, 15.63705750500003 ], [ -88.990856722999979, 15.637315069000067 ], [ -88.991644388999987, 15.637714035000045 ], [ -88.991652258999977, 15.638265630000035 ], [ -88.991734604999976, 15.63875769200007 ], [ -88.99216622299997, 15.639601227000071 ], [ -88.992663470999958, 15.640033220000078 ], [ -88.993162016999975, 15.640398701000038 ], [ -88.993980215999954, 15.641471466000041 ], [ -88.99404567199997, 15.64226319200003 ], [ -88.994058802999973, 15.642753987000049 ], [ -88.994243400999949, 15.643314455000052 ], [ -88.994497958999943, 15.643808541000055 ], [ -88.994847162999974, 15.64419384100006 ], [ -88.995562911999968, 15.645209474000069 ], [ -88.995775555999955, 15.646092982000027 ], [ -88.995980233999944, 15.646788015000027 ], [ -88.996163542999966, 15.647414996000066 ], [ -88.996321212999987, 15.648163301000068 ], [ -88.996273863999988, 15.64883117100004 ], [ -88.995969799999955, 15.649682671000051 ], [ -88.995939710999949, 15.650629403000039 ], [ -88.996555203999947, 15.650907931000063 ], [ -88.997206976999962, 15.65108675700003 ], [ -88.997507482999936, 15.651582810000036 ], [ -88.99763348, 15.653389463000053 ], [ -88.997666651999964, 15.654046402000063 ], [ -88.997732827999982, 15.654771608000033 ], [ -88.99776185099995, 15.655641607000064 ], [ -88.99775058099999, 15.656219920000069 ], [ -88.997660083999961, 15.656742652000048 ], [ -88.997476615999972, 15.657317814000066 ], [ -88.997060600999987, 15.658000365000078 ], [ -88.996581782999954, 15.658381791000068 ], [ -88.995970519999958, 15.658482247000052 ], [ -88.995520061999969, 15.658005999000068 ], [ -88.99547413099998, 15.657436791000066 ], [ -88.995486287999938, 15.656813387000057 ], [ -88.995476031999942, 15.65614559100004 ], [ -88.994902377999949, 15.655511463000039 ], [ -88.994428136999943, 15.655658407000033 ], [ -88.99399701599998, 15.65595161300007 ], [ -88.993537135999986, 15.656555538000077 ], [ -88.99310578099994, 15.657427253000037 ], [ -88.992852996999943, 15.658034969000028 ], [ -88.992600923999987, 15.658576163000077 ], [ -88.992303532999983, 15.659083824000049 ], [ -88.991983690999973, 15.659578665000026 ], [ -88.991840783999976, 15.66040040300004 ], [ -88.992078197999945, 15.661206555000035 ], [ -88.992484428999944, 15.661592911000071 ], [ -88.992890663999958, 15.66197926500007 ], [ -88.993109386999947, 15.662550513000042 ], [ -88.993093961999989, 15.663340754000046 ], [ -88.99276062399997, 15.664526638000041 ], [ -88.992055544999971, 15.66588388200006 ], [ -88.991341284999976, 15.665982432000021 ], [ -88.990781617999971, 15.665793991000044 ], [ -88.990243558999964, 15.66566120400006 ], [ -88.989523989999952, 15.665435997000031 ], [ -88.988962585999957, 15.665336610000054 ], [ -88.987988409999957, 15.66518566700006 ], [ -88.987322595999956, 15.665128340000024 ], [ -88.986556275999988, 15.665538291000075 ], [ -88.98639349299998, 15.666214183000022 ], [ -88.986316958999964, 15.667181474000074 ], [ -88.986001514999941, 15.66804514100005 ], [ -88.985346383999968, 15.668601473000024 ], [ -88.984301709999954, 15.669138242000031 ], [ -88.983397349999962, 15.669523089000052 ], [ -88.982663607999939, 15.670021580000025 ], [ -88.98189027799998, 15.670164114000045 ], [ -88.981335648999959, 15.669718627000066 ], [ -88.980768199999943, 15.669363120000071 ], [ -88.980255305999947, 15.669698763000042 ], [ -88.979983100999959, 15.670106494000038 ], [ -88.979642128999956, 15.670489278000048 ], [ -88.978726925999979, 15.670862625000041 ], [ -88.976612689999968, 15.67139207200006 ], [ -88.976093351999964, 15.671580987000027 ], [ -88.975593927999967, 15.671763500000054 ], [ -88.974716613999988, 15.671925517000034 ], [ -88.974224662999973, 15.671816092000029 ], [ -88.973369635999973, 15.671465418000025 ], [ -88.97300828799996, 15.671136242000046 ], [ -88.972614667999949, 15.670672277000051 ], [ -88.971812357999966, 15.669978625000056 ], [ -88.971141461999935, 15.669587360000037 ], [ -88.970525687999952, 15.669352726000056 ], [ -88.96966680099996, 15.66916999700004 ], [ -88.968759701999943, 15.669130715000051 ], [ -88.968193062999944, 15.669298440000034 ], [ -88.967738389999965, 15.669602419000057 ], [ -88.967208955999979, 15.670216260000075 ], [ -88.966833220999945, 15.671211834000076 ], [ -88.96662768799996, 15.671720009000069 ], [ -88.965926262999972, 15.672319393000066 ], [ -88.965324844999941, 15.672509018000028 ], [ -88.964713321999966, 15.672620644000062 ], [ -88.963635403999945, 15.672477823000065 ], [ -88.962913666999953, 15.672364129000073 ], [ -88.962146505999954, 15.672784110000066 ], [ -88.961851216999946, 15.673180106000075 ], [ -88.961465254999951, 15.673540596000066 ], [ -88.96084013799998, 15.673751195000023 ], [ -88.959615775999964, 15.674040928000068 ], [ -88.958506175999958, 15.67435419800006 ], [ -88.957743380999943, 15.674552092000056 ], [ -88.957178477999946, 15.674630727000022 ], [ -88.956527366999978, 15.674417955000024 ], [ -88.956347472999937, 15.673624134000022 ], [ -88.956340360999945, 15.672833507000064 ], [ -88.955854802999966, 15.672400520000053 ], [ -88.955191833999947, 15.672789698000031 ], [ -88.954464700999949, 15.672920582000074 ], [ -88.95371837, 15.672874062000062 ], [ -88.953254179999988, 15.673098894000077 ], [ -88.952767497999957, 15.673313158000042 ], [ -88.95219536899998, 15.673168370000042 ], [ -88.951933231999988, 15.672473385000046 ], [ -88.951896727999952, 15.671993454000074 ], [ -88.951459828999987, 15.671395594000046 ], [ -88.951231287999974, 15.670767763000072 ], [ -88.951412492999964, 15.670314417000043 ], [ -88.951686280999979, 15.669828955000071 ], [ -88.951704851999978, 15.668887701000074 ], [ -88.950998271999936, 15.66859721000003 ], [ -88.95046793299997, 15.668665196000063 ], [ -88.950060229999963, 15.668947451000065 ], [ -88.949768749999976, 15.669709986000044 ], [ -88.949876231999951, 15.670691914000031 ], [ -88.949877827999956, 15.67117120000006 ], [ -88.949785908999957, 15.671759261000034 ], [ -88.949490821999973, 15.672143964000043 ], [ -88.949087933999976, 15.672771367000053 ], [ -88.948894216999975, 15.673268458000052 ], [ -88.948824511999987, 15.673880611000072 ], [ -88.948676306999971, 15.674401097000043 ], [ -88.948560662999967, 15.675011271000074 ], [ -88.948523455999975, 15.675745815000028 ], [ -88.948512900999958, 15.676280127000041 ], [ -88.948456831999977, 15.676791044000026 ], [ -88.948318337999979, 15.67737937000004 ], [ -88.947927065999977, 15.678006984000035 ], [ -88.947494979999988, 15.678344031000051 ], [ -88.947040508999976, 15.678635558000053 ], [ -88.946699002999935, 15.679041946000041 ], [ -88.946384486999989, 15.679849149000063 ], [ -88.946444959999951, 15.680852756000036 ], [ -88.946291007999946, 15.681662938000045 ], [ -88.945937188999949, 15.682691557000055 ], [ -88.946427662999952, 15.683464082000057 ], [ -88.946492680999938, 15.684267053000042 ], [ -88.94628576599996, 15.68484169900006 ], [ -88.94584460599998, 15.685636400000021 ], [ -88.945514514999957, 15.686053142000048 ], [ -88.944754941999975, 15.686673906000067 ], [ -88.944130001999952, 15.686873170000069 ], [ -88.943719151999971, 15.687312089000045 ], [ -88.943359934999989, 15.688023729000065 ], [ -88.943174514999953, 15.688687854000023 ], [ -88.942950768999935, 15.689553114000034 ], [ -88.942700083999966, 15.690015304000042 ], [ -88.942053984999973, 15.690694545000042 ], [ -88.941385415999946, 15.690803903000074 ], [ -88.940646314999981, 15.690389846000073 ], [ -88.939996235999956, 15.690711542000031 ], [ -88.939585679999936, 15.691105349000054 ], [ -88.939111512999943, 15.691830627000058 ], [ -88.938871983999945, 15.692316696000034 ], [ -88.938601893999987, 15.693169810000029 ], [ -88.93826891399999, 15.693730818000063 ], [ -88.937815990999979, 15.694294107000076 ], [ -88.936995587999945, 15.694927232000055 ], [ -88.936240227999974, 15.695215378000057 ], [ -88.935743207999963, 15.695272654000064 ], [ -88.931775838999954, 15.694673262000038 ], [ -88.931039209999938, 15.694604277000053 ], [ -88.930458554999973, 15.694213438000077 ], [ -88.929790412999978, 15.69359769600004 ], [ -88.929180646999953, 15.693529945000023 ], [ -88.928634178999971, 15.693732875000023 ], [ -88.92818833199999, 15.694114720000073 ], [ -88.927497765999988, 15.694627311000033 ], [ -88.926878225999985, 15.695051017000026 ], [ -88.926213236999956, 15.695418618000076 ], [ -88.9253976, 15.695839785000032 ], [ -88.924596358999963, 15.696093200000064 ], [ -88.924028558999964, 15.696226934000038 ], [ -88.923359172999938, 15.696259535000024 ], [ -88.922481857999969, 15.696299528000054 ], [ -88.921513387999937, 15.696270155000036 ], [ -88.920789299999967, 15.696156264000024 ], [ -88.92017079499999, 15.69594285900007 ], [ -88.919610538999962, 15.695697840000037 ], [ -88.91893850799994, 15.695250013000077 ], [ -88.918380054999943, 15.69491481700004 ], [ -88.917588741999964, 15.694699301000071 ], [ -88.916757424999957, 15.694739003000052 ], [ -88.916202117999944, 15.694830099000058 ], [ -88.91534885499999, 15.694802856000024 ], [ -88.91457971899996, 15.694643 ], [ -88.913598021999974, 15.694110429000034 ], [ -88.913109917999975, 15.693721284000048 ], [ -88.912149703999944, 15.693279322000024 ], [ -88.911608736999938, 15.693235362000053 ], [ -88.910885348999955, 15.693087626000022 ], [ -88.909298115999945, 15.691694608000034 ], [ -88.90769314299996, 15.690637274000039 ], [ -88.906985731999953, 15.690244011000061 ], [ -88.906269274999943, 15.689750217000039 ], [ -88.90477126899998, 15.688525734000052 ], [ -88.904077513999937, 15.688032363000048 ], [ -88.903105293999943, 15.688193410000054 ], [ -88.902648447999979, 15.688542289000054 ], [ -88.90193986, 15.688819911000053 ], [ -88.901383338999949, 15.688943649000066 ], [ -88.900886118999949, 15.689012120000029 ], [ -88.900330404999977, 15.689124593000031 ], [ -88.899810794999951, 15.689148663000026 ], [ -88.898997622999957, 15.688865023000062 ], [ -88.898873151999965, 15.687611051000033 ], [ -88.898527888999979, 15.686978751000026 ], [ -88.898146074999943, 15.686457394000058 ], [ -88.897848461999956, 15.685770737000041 ], [ -88.897668068999963, 15.684984796000037 ], [ -88.897461627999974, 15.68436637800005 ], [ -88.896832425999946, 15.683528031000037 ], [ -88.895887993999963, 15.683465181000031 ], [ -88.895007845999942, 15.68365047900005 ], [ -88.894378673999938, 15.683973547000051 ], [ -88.893748371999948, 15.684352973000045 ], [ -88.893223853999984, 15.684622750000074 ], [ -88.892421448999983, 15.684965107000039 ], [ -88.891379140999959, 15.685168762000046 ], [ -88.890350249999983, 15.685283584000047 ], [ -88.889431092999985, 15.685701533000042 ], [ -88.88886897399999, 15.686104776000036 ], [ -88.888546772999973, 15.686645587000044 ], [ -88.888377540999954, 15.687625655000033 ], [ -88.888222053999982, 15.688471798000023 ], [ -88.887906075999979, 15.689282219000063 ], [ -88.88754266899997, 15.690135719000068 ], [ -88.88713196499998, 15.691054854000072 ], [ -88.88668648, 15.691995886000029 ], [ -88.88631535799999, 15.692682354000056 ], [ -88.885852887999988, 15.693309594000027 ], [ -88.88509410599994, 15.694346196000026 ], [ -88.884219793999989, 15.695368212000062 ], [ -88.882477036999944, 15.697726931000034 ], [ -88.882177838999951, 15.698279435000074 ], [ -88.882048576999978, 15.698947903000033 ], [ -88.881998974999988, 15.699706955000067 ], [ -88.881996237999942, 15.700421787000039 ], [ -88.882043948999979, 15.70091431000003 ], [ -88.882328310999981, 15.701678535000042 ], [ -88.882652727999982, 15.702187557000059 ], [ -88.883157515999983, 15.702901818000043 ], [ -88.88310712599997, 15.703671003000068 ], [ -88.88272591499998, 15.704278339000041 ], [ -88.882534686999975, 15.70519144900004 ], [ -88.882400625999935, 15.706127062000064 ], [ -88.881748932999983, 15.706986374000053 ], [ -88.881284136999966, 15.707726308000076 ], [ -88.88076489499997, 15.70830847700006 ], [ -88.880015986999979, 15.708271780000075 ], [ -88.879499265999982, 15.708150388000035 ], [ -88.87875182199997, 15.70792540900004 ], [ -88.877671842999973, 15.707826068000031 ], [ -88.877141240999947, 15.707816039000022 ], [ -88.876339857999938, 15.708101949000024 ], [ -88.875627465999969, 15.708534993000058 ], [ -88.874807441999963, 15.709167835000073 ], [ -88.874086475999945, 15.710025804000054 ], [ -88.872914938999941, 15.712070460000064 ], [ -88.872357591999958, 15.71280861300005 ], [ -88.871981287999972, 15.713170202000072 ], [ -88.871430840999949, 15.713595019000024 ], [ -88.87067673599995, 15.713815270000055 ], [ -88.869985847999942, 15.713758210000037 ], [ -88.869345454999973, 15.713477718000036 ], [ -88.868878975999962, 15.713145269000051 ], [ -88.868068498999946, 15.712727372000074 ], [ -88.867357113999958, 15.713137851000056 ], [ -88.866593385999977, 15.713805545000071 ], [ -88.863998677999973, 15.716080225000042 ], [ -88.863598065999952, 15.717067127000064 ], [ -88.864262059999987, 15.717302981000046 ], [ -88.864849819999961, 15.717336682000052 ], [ -88.865322611999943, 15.717903790000037 ], [ -88.865404274999946, 15.718442057000061 ], [ -88.865177375999963, 15.719387152000024 ], [ -88.864821378999977, 15.719894564000072 ], [ -88.864386635999949, 15.720266301000038 ], [ -88.863722525999947, 15.720611131000055 ], [ -88.86297944599994, 15.720831557000054 ], [ -88.862228708999965, 15.720883830000048 ], [ -88.861109754999973, 15.720896408000044 ], [ -88.860058466999988, 15.720988068000054 ], [ -88.859279023999989, 15.721308141000065 ], [ -88.858982516999959, 15.721693765000055 ], [ -88.858717745999968, 15.722236722000048 ], [ -88.858547080999983, 15.722702538000021 ], [ -88.858419433999984, 15.723314625000057 ], [ -88.858408792999967, 15.723839858000076 ], [ -88.858430904999977, 15.724443516000065 ], [ -88.858465688999956, 15.725024864000034 ], [ -88.858519866999984, 15.72574075700004 ], [ -88.858689498999979, 15.726503949000062 ], [ -88.858584309999969, 15.727127736000057 ], [ -88.858085279999955, 15.72785566400006 ], [ -88.85780865199996, 15.728408538000053 ], [ -88.857531996999967, 15.728962541000044 ], [ -88.857188160999954, 15.72941378400003 ], [ -88.856449788999953, 15.730002975000048 ], [ -88.855509133999988, 15.730319959000042 ], [ -88.854866755999979, 15.730710267000063 ], [ -88.854418426999985, 15.731204618000049 ], [ -88.853899731999945, 15.731752878000066 ], [ -88.853425628999958, 15.732369636000044 ], [ -88.853108746999965, 15.733212640000033 ], [ -88.853075784999987, 15.734262879000028 ], [ -88.853059241999972, 15.735077774000047 ], [ -88.853137127999958, 15.735771568000075 ], [ -88.853223819999982, 15.736633530000063 ], [ -88.85322094899999, 15.737348336000025 ], [ -88.852619749999974, 15.737973944000032 ], [ -88.851857293999956, 15.738027070000044 ], [ -88.851191632999985, 15.738415789000044 ], [ -88.850770396999962, 15.738721215000055 ], [ -88.850006358999963, 15.738852104000046 ], [ -88.849109518999967, 15.738700830000028 ], [ -88.848426588999985, 15.738821984000026 ], [ -88.847887080999953, 15.739246923000053 ], [ -88.847400531999938, 15.739929947000064 ], [ -88.846774804999939, 15.740644141000075 ], [ -88.846187946999976, 15.741135822000047 ], [ -88.84520321299999, 15.741899534000027 ], [ -88.84473178799999, 15.74238213600006 ], [ -88.844330642999978, 15.742843530000073 ], [ -88.843948876999946, 15.74343946700003 ], [ -88.843440658999953, 15.744613666000078 ], [ -88.843197930999963, 15.745213384000067 ], [ -88.84309405, 15.745769524000025 ], [ -88.843059995999965, 15.746326999000075 ], [ -88.843271300999959, 15.747270267000033 ], [ -88.843515914999955, 15.747721439000031 ], [ -88.844145881999964, 15.748515976000022 ], [ -88.844598570999949, 15.748926022000035 ], [ -88.845280870999943, 15.749409231000072 ], [ -88.846278420999965, 15.750277308000022 ], [ -88.847159408999971, 15.751209680000045 ], [ -88.847529337999958, 15.752311576000068 ], [ -88.847922506999964, 15.754531298000074 ], [ -88.847861073999979, 15.755290081000055 ], [ -88.847234798999978, 15.755456275000029 ], [ -88.846456738999962, 15.755129091000072 ], [ -88.845587655999964, 15.754755067000076 ], [ -88.844861182999978, 15.754181937000055 ], [ -88.844499385999939, 15.753796175000048 ], [ -88.844166475999941, 15.753164038000023 ], [ -88.843785200999946, 15.752620051000065 ], [ -88.843105605999938, 15.752003839000054 ], [ -88.842288439999948, 15.751339895000058 ], [ -88.841366131999962, 15.751322266000045 ], [ -88.840709291999985, 15.751846410000041 ], [ -88.840167661999942, 15.752372754000078 ], [ -88.839379292999979, 15.752580925000075 ], [ -88.838889681999945, 15.752839910000034 ], [ -88.838692338999977, 15.753439359000026 ], [ -88.838815358999966, 15.754200535000052 ], [ -88.839381083999967, 15.754748057000029 ], [ -88.840075705999936, 15.75462716800007 ], [ -88.840841387999944, 15.754418560000033 ], [ -88.841576510999971, 15.754566791000059 ], [ -88.842049865999968, 15.755133967000063 ], [ -88.842105444999959, 15.755805906000035 ], [ -88.841945559999942, 15.75685257300006 ], [ -88.841590722999968, 15.758409666000034 ], [ -88.841461829999957, 15.759078077000026 ], [ -88.840808151999966, 15.759445551000056 ], [ -88.840027841999984, 15.759228798000038 ], [ -88.839514016999942, 15.759532417000059 ], [ -88.83938375699995, 15.760267323000051 ], [ -88.839002975999961, 15.760840711000071 ], [ -88.838464632999944, 15.761232932000041 ], [ -88.837887947999945, 15.761221894000073 ], [ -88.837015690999976, 15.761003369000036 ], [ -88.836401105999983, 15.760567655000045 ], [ -88.836157884999977, 15.760048849000043 ], [ -88.835983448999968, 15.759553912000058 ], [ -88.835537164999948, 15.758830519000071 ], [ -88.835012834999986, 15.758508154000026 ], [ -88.834192967999968, 15.759117095000022 ], [ -88.833644001999971, 15.760000695000031 ], [ -88.833179026999971, 15.760192483000026 ], [ -88.833306438999955, 15.760709071000065 ], [ -88.833945504999974, 15.761057316000063 ], [ -88.834426023999981, 15.761244668000074 ], [ -88.835229631999937, 15.761460761000023 ], [ -88.835918337999942, 15.761630678000074 ], [ -88.836673554999948, 15.761936040000023 ], [ -88.837212374999979, 15.76266120400004 ], [ -88.837314364999941, 15.763311481000073 ], [ -88.837277876999963, 15.763957977000075 ], [ -88.837011383999936, 15.764578647000064 ], [ -88.836375940999972, 15.765192248000062 ], [ -88.835313696999947, 15.765239550000047 ], [ -88.834741584999961, 15.765004214000044 ], [ -88.834239599999989, 15.764727373000028 ], [ -88.83355636899995, 15.764289205000068 ], [ -88.832889554999952, 15.764187351000032 ], [ -88.832289587999981, 15.764175850000072 ], [ -88.831361311999956, 15.764447821000033 ], [ -88.831001810999965, 15.765089246000059 ], [ -88.831658237999989, 15.765727602000027 ], [ -88.831669644999977, 15.766308490000029 ], [ -88.831495536999967, 15.766908369000078 ], [ -88.830928402999973, 15.767568360000041 ], [ -88.830282913999952, 15.767533428000036 ], [ -88.829526770999962, 15.767273123000052 ], [ -88.828731047999952, 15.766699738000057 ], [ -88.827928038999971, 15.766482502000031 ], [ -88.826983764999966, 15.766397852000068 ], [ -88.826316830999986, 15.76627342300003 ], [ -88.825557515999947, 15.766168643000071 ], [ -88.825071043999969, 15.766272050000055 ], [ -88.824367240999948, 15.766839193000067 ], [ -88.824582583999984, 15.767580716000055 ], [ -88.825193336999973, 15.768174241000054 ], [ -88.825574572999983, 15.768718255000067 ], [ -88.825787755999954, 15.769593910000026 ], [ -88.826027307999937, 15.770290800000055 ], [ -88.826810719999969, 15.770328395000035 ], [ -88.82754240099996, 15.76953740600004 ], [ -88.827808953999977, 15.768915629000048 ], [ -88.828531346999966, 15.768549526000072 ], [ -88.829244240999969, 15.768675959000063 ], [ -88.829971183999987, 15.769225475000042 ], [ -88.830165677999958, 15.769877526000073 ], [ -88.830268538999974, 15.770483844000069 ], [ -88.82992819399999, 15.771326328000043 ], [ -88.829188924999983, 15.771378663000064 ], [ -88.828358029999947, 15.771385262000024 ], [ -88.827479774999972, 15.771458602000052 ], [ -88.827077041999985, 15.771963882000023 ], [ -88.826523151999936, 15.771975796000049 ], [ -88.825969720999979, 15.77196516500004 ], [ -88.825134254999966, 15.772194909000063 ], [ -88.824867707999942, 15.772815553000044 ], [ -88.824673161999954, 15.773303404000046 ], [ -88.824429890999966, 15.773924494000028 ], [ -88.824002943999972, 15.774474401000077 ], [ -88.822992512999974, 15.775371635000056 ], [ -88.822341508999955, 15.775604911000073 ], [ -88.821562431999951, 15.775553849000062 ], [ -88.821318414999951, 15.775103792000039 ], [ -88.821150495999973, 15.774321461000056 ], [ -88.820419492999974, 15.774084156000072 ], [ -88.819906009999954, 15.774453117000064 ], [ -88.819439866999971, 15.774756463000074 ], [ -88.818722887999968, 15.774942233000047 ], [ -88.81819459799999, 15.774954613000034 ], [ -88.817208027999982, 15.774490262000029 ], [ -88.816481128999953, 15.774053456000047 ], [ -88.815755159999981, 15.773571566000044 ], [ -88.815210676999982, 15.773182244000054 ], [ -88.814459262999947, 15.772834032000048 ], [ -88.813936231999946, 15.772534192000023 ], [ -88.813458711999942, 15.77225777600006 ], [ -88.812807034999935, 15.771532647000072 ], [ -88.812105607999968, 15.770962151000049 ], [ -88.811503842999969, 15.771151246000045 ], [ -88.810902538999983, 15.771317796000062 ], [ -88.810027227999967, 15.771389992000024 ], [ -88.809220588999949, 15.771463508000068 ], [ -88.808414410999944, 15.771514480000064 ], [ -88.807722528999989, 15.771612751000077 ], [ -88.807030645999987, 15.771711023000023 ], [ -88.806271811999977, 15.771696378000058 ], [ -88.805329085999972, 15.771678182000073 ], [ -88.804593528999987, 15.771663981000074 ], [ -88.803490195999984, 15.771642675000066 ], [ -88.802925456999958, 15.771814419000066 ], [ -88.802599635999968, 15.772427108000045 ], [ -88.802587700999936, 15.773006401000032 ], [ -88.802549888999977, 15.773739656000032 ], [ -88.802375041999937, 15.774427420000052 ], [ -88.80187598699996, 15.77519686200003 ], [ -88.801286237999989, 15.775875479000035 ], [ -88.800444013999936, 15.776572888000032 ], [ -88.799858042999972, 15.777095981000059 ], [ -88.799271745999988, 15.777663036000035 ], [ -88.79880190099999, 15.778144399000041 ], [ -88.798329772999978, 15.778736207000065 ], [ -88.798066977999952, 15.779199023000047 ], [ -88.797502435999945, 15.779811591000055 ], [ -88.796850522999989, 15.780200355000034 ], [ -88.795828419999964, 15.780669892000049 ], [ -88.794666671999948, 15.781248337000022 ], [ -88.793485293999936, 15.781649383000058 ], [ -88.79195711899996, 15.782154195000032 ], [ -88.790870010999981, 15.78244430500007 ], [ -88.789669610999965, 15.782666820000031 ], [ -88.788725947999978, 15.782692494000059 ], [ -88.788059036999982, 15.78267955900003 ], [ -88.787277014999972, 15.78268693800004 ], [ -88.786173180999981, 15.782688068000027 ], [ -88.785462141999972, 15.782585201000074 ], [ -88.784412123999971, 15.78220854500006 ], [ -88.783957007999959, 15.781976475000022 ], [ -88.783276626999964, 15.781517920000056 ], [ -88.782557652999969, 15.780702342000041 ], [ -88.782200352999951, 15.780160991000059 ], [ -88.781779122999978, 15.779417715000022 ], [ -88.781448788999967, 15.778698752000025 ], [ -88.781143136999958, 15.777912619000062 ], [ -88.780685026999947, 15.776701861000049 ], [ -88.780405197999983, 15.774669275000065 ], [ -88.780254720999949, 15.774177042000076 ], [ -88.77955340599999, 15.773606461000043 ], [ -88.778956248999975, 15.773572309000031 ], [ -88.778010323999979, 15.773709516000054 ], [ -88.777384912999935, 15.773943145000032 ], [ -88.77680213299999, 15.774310640000067 ], [ -88.776403703999961, 15.774659166000049 ], [ -88.776118201999964, 15.775120375000029 ], [ -88.775872638999942, 15.775873242000046 ], [ -88.775793805999967, 15.776362146000054 ], [ -88.775751620999984, 15.777273426000022 ], [ -88.77571368599996, 15.778007779000063 ], [ -88.775671474999967, 15.77892018600005 ], [ -88.775522007999939, 15.779474235000066 ], [ -88.775303406999967, 15.780049489000078 ], [ -88.774872585999958, 15.780864138000027 ], [ -88.774626425999941, 15.781616989000042 ], [ -88.774463106999974, 15.782838209000033 ], [ -88.774419148999982, 15.783862197000076 ], [ -88.774404832999949, 15.78455191300003 ], [ -88.774390959999948, 15.785220215000038 ], [ -88.774375238999937, 15.785977546000026 ], [ -88.774192329999948, 15.787020250000069 ], [ -88.77229172899996, 15.78883111500005 ], [ -88.771582212999988, 15.789775616000043 ], [ -88.771545184999979, 15.790464886000052 ], [ -88.771920878999936, 15.791184744000077 ], [ -88.772208905999946, 15.791724760000022 ], [ -88.772793164999939, 15.792382162000024 ], [ -88.773378339999965, 15.792995611000038 ], [ -88.774149290999958, 15.793522481000025 ], [ -88.774804662999941, 15.794092197000055 ], [ -88.77550695299999, 15.794617727000059 ], [ -88.776030304999949, 15.794872571000042 ], [ -88.776804614999946, 15.795266462000029 ], [ -88.777444111999955, 15.795479592000049 ], [ -88.778056195999966, 15.795891743000027 ], [ -88.778599252999982, 15.796347651000076 ], [ -88.779027411999948, 15.796757351000053 ], [ -88.779431494999983, 15.797233100000028 ], [ -88.779854721999982, 15.797908781000046 ], [ -88.780072119999943, 15.798515064000071 ], [ -88.780198965999944, 15.799051942000062 ], [ -88.780227848999971, 15.799876667000035 ], [ -88.780188878999979, 15.800632424000071 ], [ -88.77982955799996, 15.801337982000064 ], [ -88.779245308999975, 15.80177195400006 ], [ -88.77850456799996, 15.802003323000065 ], [ -88.777791625999953, 15.801989447000039 ], [ -88.777219981999963, 15.801844153000047 ], [ -88.776624591999962, 15.801720944000067 ], [ -88.77598170899995, 15.801641907000032 ], [ -88.77540819799998, 15.801586769000039 ], [ -88.774902914999984, 15.801554377000059 ], [ -88.774052044999962, 15.801537802000041 ], [ -88.772970377999968, 15.80156069800006 ], [ -88.770594392999953, 15.801893201000041 ], [ -88.766761041999985, 15.802620024000078 ], [ -88.765789727999959, 15.802879541000038 ], [ -88.764696443999981, 15.803460242000028 ], [ -88.763764855999966, 15.804020417000061 ], [ -88.762879689999977, 15.804560074000051 ], [ -88.761923404999948, 15.805187402000058 ], [ -88.761200266999936, 15.805662570000038 ], [ -88.760383292999961, 15.806226094000067 ], [ -88.759749417999956, 15.806859712000062 ], [ -88.758973310999977, 15.807668678000027 ], [ -88.758408101999976, 15.808303636000062 ], [ -88.757748158999959, 15.809069770000065 ], [ -88.757113685999968, 15.809703365000075 ], [ -88.756242350999969, 15.810666036000043 ], [ -88.75509200099998, 15.811801369000023 ], [ -88.754203866999944, 15.812452533000055 ], [ -88.753433901999983, 15.812993266000035 ], [ -88.752595929999984, 15.813444722000042 ], [ -88.752039994999961, 15.813634508000064 ], [ -88.751391179999985, 15.813866441000073 ], [ -88.750747007999962, 15.813876361000041 ], [ -88.750243104999981, 15.813777418000029 ], [ -88.749673197999982, 15.813521595000054 ], [ -88.749082482999938, 15.813175171000069 ], [ -88.748222382999984, 15.812513427000056 ], [ -88.747084943999937, 15.81188908200005 ], [ -88.745494359999952, 15.810967223000034 ], [ -88.744811208999977, 15.810642654000048 ], [ -88.743599052999969, 15.810306568000044 ], [ -88.742590337999957, 15.810153728000046 ], [ -88.74146594199999, 15.810020035000036 ], [ -88.740936913999974, 15.810009643000058 ], [ -88.740103255999941, 15.810283005000031 ], [ -88.739656037999964, 15.810786054000062 ], [ -88.739071698999965, 15.811219890000075 ], [ -88.738584911999965, 15.811388451000028 ], [ -88.73809965199996, 15.811511944000074 ], [ -88.737589797999988, 15.811669902000062 ], [ -88.736984621999966, 15.812014257000044 ], [ -88.73612078299999, 15.812643262000051 ], [ -88.735211324999966, 15.813226271000076 ], [ -88.730906295999944, 15.816772831000037 ], [ -88.730151777999936, 15.816797424000072 ], [ -88.729003869999985, 15.816507615000035 ], [ -88.727834713999982, 15.816148612000063 ], [ -88.726671657999987, 15.815499989000045 ], [ -88.725968597999952, 15.814905525000029 ], [ -88.72516064499996, 15.813817456000038 ], [ -88.724671956999941, 15.812913810000055 ], [ -88.724502027999961, 15.812218248000022 ], [ -88.724250376999976, 15.811006993000035 ], [ -88.724035418999961, 15.810265450000031 ] ] ], [ [ [ -89.344570707999935, 15.919120732000067 ], [ -89.343612702999962, 15.919104486000037 ], [ -89.34226814799996, 15.919350163000047 ], [ -89.341081981999935, 15.919765477000055 ], [ -89.340595127999961, 15.919868895000036 ], [ -89.339665019999984, 15.92021070800007 ], [ -89.338795657999981, 15.920352747000038 ], [ -89.338034982999943, 15.920319521000067 ], [ -89.337080704999948, 15.920033696000075 ], [ -89.336464085999978, 15.919643052000026 ], [ -89.335957477999955, 15.918907957000044 ], [ -89.33587001699999, 15.917978055000049 ], [ -89.335563024999942, 15.917068116000053 ], [ -89.335099808999985, 15.916511994000075 ], [ -89.334310136999989, 15.916118405000077 ], [ -89.332442090999962, 15.914667511000061 ], [ -89.331430314999977, 15.914404381000054 ], [ -89.330748548999964, 15.91439278100006 ], [ -89.330135496999958, 15.914448905000029 ], [ -89.329298892999986, 15.914714427000035 ], [ -89.328707118999944, 15.914882590000047 ], [ -89.327874775999987, 15.914913541000033 ], [ -89.327034042999969, 15.914764981000076 ], [ -89.326514064999969, 15.914767402000052 ], [ -89.326004921999981, 15.914815133000047 ], [ -89.324762279999959, 15.915195551000068 ], [ -89.32400605, 15.915496262000033 ], [ -89.323340467999969, 15.915876356000069 ], [ -89.322053075999975, 15.916792954000073 ], [ -89.320905366999966, 15.917656651000073 ], [ -89.318854534999957, 15.918627879000042 ], [ -89.317912374999935, 15.918990819000044 ], [ -89.317355766999981, 15.919115551000061 ], [ -89.316605029999948, 15.919114006000029 ], [ -89.31609360899995, 15.918647274000023 ], [ -89.31580001399999, 15.91764730400007 ], [ -89.315683375999981, 15.917075639000075 ], [ -89.315252955999938, 15.91661029100004 ], [ -89.314551947999973, 15.916407666000055 ], [ -89.313511791999986, 15.916423728000041 ], [ -89.31279419699996, 15.916523134000045 ], [ -89.311957573999962, 15.916788584000074 ], [ -89.311095415999944, 15.91717542300006 ], [ -89.31039644399999, 15.917499623000026 ], [ -89.309700146999944, 15.917677219000041 ], [ -89.309120441999937, 15.917790255000057 ], [ -89.308161264999967, 15.917840385000034 ], [ -89.307098003999954, 15.917844738000042 ], [ -89.305967411999973, 15.917770095000037 ], [ -89.305080050999948, 15.917654492000054 ], [ -89.30417141099997, 15.917459557000029 ], [ -89.303550378999944, 15.917314672000032 ], [ -89.302952882999989, 15.917126194000048 ], [ -89.302263755999945, 15.916912456000034 ], [ -89.301485001999936, 15.916564068000071 ], [ -89.300958295999976, 15.916297838000048 ], [ -89.300351388999957, 15.916018951000069 ], [ -89.299708485999986, 15.915795845000048 ], [ -89.298914239999988, 15.915625415000022 ], [ -89.298394858999984, 15.915627778000044 ], [ -89.297319722999987, 15.915677003000042 ], [ -89.296533660999955, 15.915696214000036 ], [ -89.295842064999988, 15.915617779000058 ], [ -89.295083594999937, 15.915403959000059 ], [ -89.294073767999976, 15.915039169000067 ], [ -89.29303035099997, 15.914630932000023 ], [ -89.292524924999952, 15.914476725000043 ], [ -89.291832529999965, 15.914442257000076 ], [ -89.291300712999941, 15.914455672000031 ], [ -89.290233161999936, 15.914727213000049 ], [ -89.289615793999985, 15.915018904000021 ], [ -89.289138384999944, 15.91521147800006 ], [ -89.288166769999975, 15.915273717000048 ], [ -89.28720027899999, 15.915089001000069 ], [ -89.286455347999947, 15.914773860000025 ], [ -89.285451619999947, 15.914712577000046 ], [ -89.284767209999984, 15.914846302000058 ], [ -89.284118550999949, 15.914969360000043 ], [ -89.283409382999935, 15.915213200000039 ], [ -89.282791424999971, 15.915504858000077 ], [ -89.282140291999951, 15.915762102000031 ], [ -89.28142171199994, 15.915883945000076 ], [ -89.280808879999938, 15.915928648000033 ], [ -89.279954694999958, 15.915881201000047 ], [ -89.279147977999969, 15.915788319000058 ], [ -89.277962228999968, 15.915578346000075 ], [ -89.277256964999935, 15.915610161000075 ], [ -89.276494827999954, 15.915597001000037 ], [ -89.275940911999953, 15.915576154000064 ], [ -89.275341819999937, 15.915476693000073 ], [ -89.274594227999955, 15.91530698300005 ], [ -89.273881206999988, 15.915127716000029 ], [ -89.273269608999954, 15.915105865000044 ], [ -89.272689913999955, 15.915218798000069 ], [ -89.27158177199999, 15.91582568900003 ], [ -89.270984858999952, 15.916239498000039 ], [ -89.270350253999936, 15.916832009000075 ], [ -89.26958283099998, 15.917735806000053 ], [ -89.268958870999938, 15.918351054000027 ], [ -89.268313433999936, 15.918898250000041 ], [ -89.267717901999958, 15.919268078000073 ], [ -89.267053281999949, 15.919591589000049 ], [ -89.266586878999988, 15.919818138000039 ], [ -89.265960929999949, 15.919941528000038 ], [ -89.265035713999964, 15.920015741000043 ], [ -89.264296878999971, 15.920002938000039 ], [ -89.263455807999947, 15.919876687000055 ], [ -89.262514553999949, 15.919558064000057 ], [ -89.261829000999967, 15.919154760000026 ], [ -89.26106596599999, 15.918560605000039 ], [ -89.258933863999971, 15.916422148000038 ], [ -89.257730923999986, 15.916512944000033 ], [ -89.25725405899999, 15.91670657800006 ], [ -89.256648377999966, 15.916963399000053 ], [ -89.256009319999976, 15.917165494000074 ], [ -89.25547727899999, 15.917222806000041 ], [ -89.254635188999941, 15.917152907000059 ], [ -89.253474050999955, 15.916875547000075 ], [ -89.252843113999973, 15.916640113000028 ], [ -89.252303172999973, 15.91646378400003 ], [ -89.251448991999951, 15.916448935000062 ], [ -89.250590294999938, 15.916646066000055 ], [ -89.249574345999974, 15.916617115000065 ], [ -89.249056641999971, 15.91653027600006 ], [ -89.242786617999968, 15.912666044000048 ], [ -89.241531023999983, 15.911861344000044 ], [ -89.24087908499996, 15.911503692000053 ], [ -89.240163815999949, 15.911479943000074 ], [ -89.239365106999969, 15.911555126000053 ], [ -89.238753758999962, 15.911521906000075 ], [ -89.237973973999942, 15.911207134000051 ], [ -89.237347031999946, 15.910759669000072 ], [ -89.23678083599998, 15.910180162000074 ], [ -89.236431256999936, 15.909704824000073 ], [ -89.235841573999949, 15.909135056000025 ], [ -89.23530167399997, 15.908958694000034 ], [ -89.234602701999961, 15.908655474000057 ], [ -89.233687776999943, 15.908181544000058 ], [ -89.23300692, 15.907532350000054 ], [ -89.232407258999956, 15.906873292000057 ], [ -89.23193506299998, 15.906161190000034 ], [ -89.231516355999986, 15.905081175000078 ], [ -89.231217172999948, 15.904404806000059 ], [ -89.230506125999966, 15.903531741000052 ], [ -89.230194643999937, 15.902890126000045 ], [ -89.230103036999935, 15.902239942000051 ], [ -89.230324435999989, 15.900868815000024 ], [ -89.230548680999959, 15.900000811000041 ], [ -89.230679872999985, 15.899153740000031 ], [ -89.230575137999949, 15.898582285000032 ], [ -89.230307996999954, 15.898063264000029 ], [ -89.229944086999978, 15.897733180000046 ], [ -89.229219095999952, 15.897608845000036 ], [ -89.228710254999953, 15.897643946000073 ], [ -89.227792912999973, 15.897896371000058 ], [ -89.227123724999956, 15.897873393000054 ], [ -89.226542032999987, 15.897471820000078 ], [ -89.225793488999955, 15.896611630000052 ], [ -89.22533114, 15.896154612000032 ], [ -89.224606618999985, 15.895381693000047 ], [ -89.224296217999949, 15.894683695000026 ], [ -89.22416186199996, 15.89136174500004 ], [ -89.224117536999984, 15.890645842000026 ], [ -89.224149436999937, 15.890154607000056 ], [ -89.224177815999951, 15.888634609000064 ], [ -89.224060815999962, 15.888096780000069 ], [ -89.222424552999939, 15.886687535000021 ], [ -89.221772943999952, 15.88631857300004 ], [ -89.22112860499999, 15.886184350000065 ], [ -89.220549841999969, 15.886252052000032 ], [ -89.219579377999935, 15.886917482000058 ], [ -89.218810104999989, 15.887294287000032 ], [ -89.217386697999984, 15.887437424000041 ], [ -89.216831233999983, 15.887505523000073 ], [ -89.216353422999987, 15.887721614000043 ], [ -89.215797900999974, 15.888415723000037 ], [ -89.215568405999988, 15.889562216000058 ], [ -89.215397413999938, 15.890073567000059 ], [ -89.214994513999955, 15.890614688000028 ], [ -89.214465877999942, 15.891085928000052 ], [ -89.213862502999973, 15.891253566000046 ], [ -89.212773199999958, 15.891447643000049 ], [ -89.212588455999935, 15.892070415000035 ], [ -89.21331732799996, 15.892607697000074 ], [ -89.213994166999953, 15.892842902000041 ], [ -89.214523711999959, 15.893568439000035 ], [ -89.214509502999988, 15.894327304000058 ], [ -89.214286872999935, 15.895106197000075 ], [ -89.213626824999949, 15.89580974200004 ], [ -89.212924089999944, 15.896334318000072 ], [ -89.211511371999961, 15.897147592000067 ], [ -89.210285836999958, 15.897829916000035 ], [ -89.20912126099995, 15.898368926000046 ], [ -89.208181027999956, 15.898598299000071 ], [ -89.207510819999982, 15.898630513000057 ], [ -89.20671422199996, 15.89862779300006 ], [ -89.205964739999956, 15.898536789000048 ], [ -89.205193544999986, 15.898422842000059 ], [ -89.204577323999956, 15.898031889000038 ], [ -89.203757059999987, 15.898017462000041 ], [ -89.203225931999953, 15.898029549000057 ], [ -89.202538165999954, 15.898376134000046 ], [ -89.202034268999967, 15.898768813000061 ], [ -89.201062070999967, 15.899489372000062 ], [ -89.199928334999981, 15.900184523000064 ], [ -89.19926260799997, 15.900598029000037 ], [ -89.198830106999935, 15.900881417000051 ], [ -89.19833495599994, 15.901397186000054 ], [ -89.197757706999937, 15.902001737000035 ], [ -89.197286253999948, 15.902496486000075 ], [ -89.196749429999954, 15.902810743000032 ], [ -89.196108106999986, 15.90263926800003 ], [ -89.195621220999953, 15.902003556000068 ], [ -89.194615520999946, 15.901437646000034 ], [ -89.190624811999953, 15.899948297000037 ], [ -89.190099394999947, 15.899626587000057 ], [ -89.189587544999938, 15.899203600000021 ], [ -89.188965602999986, 15.898500073000037 ], [ -89.188163455999984, 15.898267087000022 ], [ -89.187652542999956, 15.898320098000056 ], [ -89.186894606999942, 15.898709375000067 ], [ -89.186346029999982, 15.899615555000025 ], [ -89.186172635999981, 15.900249765000069 ], [ -89.186032782999973, 15.900928559000022 ], [ -89.185977993999984, 15.90197881000006 ], [ -89.186204794999981, 15.903424305000044 ], [ -89.186275644999967, 15.903962447000026 ], [ -89.18645954499999, 15.904624403000071 ], [ -89.186688404999984, 15.905343552000033 ], [ -89.18691494699999, 15.90618560200005 ], [ -89.187107519999984, 15.907005619000074 ], [ -89.187186444999952, 15.907733397000072 ], [ -89.187232095999946, 15.908371480000028 ], [ -89.18697519899996, 15.909137309000073 ], [ -89.186481656999945, 15.909565088000022 ], [ -89.185480054999971, 15.910016590000055 ], [ -89.183212606999973, 15.910222360000034 ], [ -89.182297938999966, 15.910329112000056 ], [ -89.181671193999989, 15.910496226000078 ], [ -89.181147489999944, 15.910700129000077 ], [ -89.180494629999941, 15.911046118000058 ], [ -89.179699991999939, 15.911523811000052 ], [ -89.178810139999939, 15.912166746000025 ], [ -89.17741584099997, 15.913227084000027 ], [ -89.176469615999963, 15.913768621000031 ], [ -89.175830137999981, 15.913991886000076 ], [ -89.175148863999937, 15.913991081000063 ], [ -89.174515090999989, 15.913913291000028 ], [ -89.17377, 15.913620351000077 ], [ -89.170214630999965, 15.911701831000073 ], [ -89.169258821999961, 15.910935927000025 ], [ -89.16881695099994, 15.910481428000026 ], [ -89.168402643999968, 15.909802967000076 ], [ -89.168205004999948, 15.90867042800005 ], [ -89.168193151999958, 15.907452085000045 ], [ -89.168078001999959, 15.906825183000024 ], [ -89.16757000299998, 15.906201451000072 ], [ -89.167135796999958, 15.905958006000048 ], [ -89.16540652499998, 15.90520090800004 ], [ -89.164431469999954, 15.904837308000026 ], [ -89.163723078999965, 15.904455890000065 ], [ -89.163213815999939, 15.903899803000058 ], [ -89.162971273999972, 15.903292066000063 ], [ -89.162835832999974, 15.90250689800007 ], [ -89.162771564999957, 15.901656452000054 ], [ -89.16249049299995, 15.900622812000051 ], [ -89.16197484099996, 15.899820732000023 ], [ -89.161519667999983, 15.899455094000075 ], [ -89.160653266999986, 15.899294182000062 ], [ -89.160076264999987, 15.899451971000076 ], [ -89.159116921999953, 15.899490164000042 ], [ -89.158263957999964, 15.899419714000032 ], [ -89.157584712999949, 15.89928468100004 ], [ -89.156861532999983, 15.899069911000026 ], [ -89.156321989999981, 15.898882094000044 ], [ -89.155540283999983, 15.898711394000031 ], [ -89.15474315099999, 15.898708469000042 ], [ -89.154049025999939, 15.898773925000057 ], [ -89.152756794999959, 15.898728331000029 ], [ -89.151988480999989, 15.898436047000075 ], [ -89.151297803999967, 15.897708652000063 ], [ -89.15098173199999, 15.897322920000022 ], [ -89.150489661999984, 15.897090822000052 ], [ -89.149776650999968, 15.896955165000065 ], [ -89.14899034299998, 15.896996401000024 ], [ -89.148410494999951, 15.897120271000063 ], [ -89.147864953999942, 15.897278588000063 ], [ -89.147352514999966, 15.897504039000069 ], [ -89.146710307999967, 15.897872668000048 ], [ -89.145380727999964, 15.898563998000043 ], [ -89.14392165199996, 15.899353382000072 ], [ -89.142233086999966, 15.900105944000074 ], [ -89.139863801999979, 15.900801198000067 ], [ -89.139350699999966, 15.901060451000035 ], [ -89.13841544099995, 15.901668552000046 ], [ -89.137911421999945, 15.90206217900004 ], [ -89.137523176999935, 15.902435321000041 ], [ -89.13703398499996, 15.903242010000042 ], [ -89.136866096999938, 15.904189794000047 ], [ -89.136830850999957, 15.904814 ], [ -89.136594560999981, 15.905681608000066 ], [ -89.136143283999957, 15.906333324000059 ], [ -89.135660847999986, 15.906816432000028 ], [ -89.135273450999989, 15.907144466000034 ], [ -89.134539434999965, 15.907466288000023 ], [ -89.133600765999972, 15.907641199000068 ], [ -89.132768812999984, 15.907660121000049 ], [ -89.132157779999943, 15.90761532700003 ], [ -89.131296598999938, 15.907365287000061 ], [ -89.130512303999978, 15.906691422000051 ], [ -89.130130940999948, 15.906126292000067 ], [ -89.129784685999937, 15.905492990000027 ], [ -89.12963530899998, 15.904864351000072 ], [ -89.129598338999983, 15.904360663000034 ], [ -89.129521312999941, 15.902358462000052 ], [ -89.129396945999986, 15.901641169000072 ], [ -89.129165367999974, 15.901044891000026 ], [ -89.128671743999973, 15.900287137000078 ], [ -89.128182491999951, 15.899909550000075 ], [ -89.127019643999972, 15.899743190000038 ], [ -89.126475214999971, 15.899812365000059 ], [ -89.125740720999943, 15.900190545000044 ], [ -89.124694613999964, 15.901138329000048 ], [ -89.12323569299997, 15.902553513000043 ], [ -89.122707917999946, 15.902969226000039 ], [ -89.12224103599999, 15.903217984000037 ], [ -89.121775796999941, 15.903411507000044 ], [ -89.121194436999986, 15.903613089000032 ], [ -89.120327558999975, 15.903631337000036 ], [ -89.119625008999947, 15.90352847500003 ], [ -89.119039856999962, 15.903351027000042 ], [ -89.118605498999955, 15.903119901000025 ], [ -89.118196460999968, 15.902753886000028 ], [ -89.117734171999984, 15.902187286000071 ], [ -89.117288539999947, 15.90133 ], [ -89.116824267999959, 15.900260345000049 ], [ -89.11631472199997, 15.899121076000029 ], [ -89.115928652999969, 15.898197192000055 ], [ -89.115504190999957, 15.897451944000068 ], [ -89.114923635999958, 15.89700614700007 ], [ -89.114300132999972, 15.897006200000021 ], [ -89.113801256999977, 15.897131430000059 ], [ -89.113195104999988, 15.897532175000038 ], [ -89.112832538999953, 15.898265507000076 ], [ -89.11273823099998, 15.898957427000028 ], [ -89.11273999299999, 15.899471754000047 ], [ -89.112810838999962, 15.89996928000005 ], [ -89.113223354999946, 15.900759429000061 ], [ -89.114947190999942, 15.902388626000061 ], [ -89.116148582999983, 15.903550504000066 ], [ -89.116563936999967, 15.904194085000029 ], [ -89.116896633999943, 15.904893695000055 ], [ -89.116878168999961, 15.905854286000022 ], [ -89.116504386999964, 15.906685544000027 ], [ -89.11577684599996, 15.907275838000032 ], [ -89.115115187999947, 15.907470316000058 ], [ -89.114169189999984, 15.907420567000031 ], [ -89.110543168999982, 15.906795804000069 ], [ -89.109665218999965, 15.906813806000059 ], [ -89.109154229999945, 15.906961356000068 ], [ -89.108607153999969, 15.907197355000051 ], [ -89.108152336999979, 15.907423738000034 ], [ -89.107684802999984, 15.907705154000041 ], [ -89.10721228899996, 15.90824475200003 ], [ -89.106927391999989, 15.908664801000043 ], [ -89.10662834499999, 15.909183843000051 ], [ -89.106353593999984, 15.909681897000041 ], [ -89.105935745999943, 15.910378116000061 ], [ -89.10533170299999, 15.91114992100006 ], [ -89.104613617999973, 15.911851994000074 ], [ -89.104167194999945, 15.912246563000053 ], [ -89.103443428999981, 15.912668827000061 ], [ -89.102609325999936, 15.912799242000062 ], [ -89.10210091, 15.912812607000035 ], [ -89.100992104999989, 15.912803838000059 ], [ -89.100369869999952, 15.912736193000057 ], [ -89.099540081999976, 15.912643366000054 ], [ -89.098999234999951, 15.912555761000021 ], [ -89.098446979999949, 15.912455544000068 ], [ -89.097930159999976, 15.912300702000039 ], [ -89.097311153999954, 15.912066192000054 ], [ -89.095990670999981, 15.911673492000034 ], [ -89.093363566999983, 15.911347340000077 ], [ -89.089957607999963, 15.910737491000077 ], [ -89.088451257999964, 15.910375213000066 ], [ -89.087361422999948, 15.91002048200005 ], [ -89.086550259999967, 15.909569303000069 ], [ -89.085583213999939, 15.908802888000025 ], [ -89.08452824699998, 15.907822848000023 ], [ -89.083651204999967, 15.906622729000048 ], [ -89.082732777999979, 15.905153442000028 ], [ -89.081536503999985, 15.903108437000071 ], [ -89.080948930999966, 15.901857183000061 ], [ -89.080450135999968, 15.900775583000041 ], [ -89.080237444999966, 15.899844666000035 ], [ -89.080092417999936, 15.898970241000029 ], [ -89.07995551099998, 15.89830799200007 ], [ -89.079483723999942, 15.897606953000036 ], [ -89.07874882599998, 15.897403001000043 ], [ -89.077964215999941, 15.897959408000077 ], [ -89.077548844999967, 15.898555230000056 ], [ -89.077140423999936, 15.899363204000053 ], [ -89.076928715999941, 15.900153322000051 ], [ -89.076825263999979, 15.900709703000075 ], [ -89.076791274999948, 15.901289898000073 ], [ -89.076713763999976, 15.902880937000077 ], [ -89.076552052999943, 15.904666681000037 ], [ -89.076211131999969, 15.906168343000047 ], [ -89.075938692999955, 15.907114118000038 ], [ -89.075635803999944, 15.907857463000028 ], [ -89.075347901999976, 15.90839920600007 ], [ -89.074991041999965, 15.908950969000045 ], [ -89.07454285099999, 15.909434529000066 ], [ -89.073981271999969, 15.909815651000031 ], [ -89.073230844999955, 15.909779431000061 ], [ -89.072695250999971, 15.909423447000052 ], [ -89.072344096999984, 15.909082098000056 ], [ -89.071925435999958, 15.908616588000029 ], [ -89.071530458999973, 15.908161660000076 ], [ -89.07083999799994, 15.907439704000069 ], [ -89.068781061999971, 15.905234579000023 ], [ -89.067475068999954, 15.904104416000052 ], [ -89.066899586999966, 15.903434169000036 ], [ -89.066361799999981, 15.902563864000058 ], [ -89.066028179999989, 15.901921710000067 ], [ -89.065736914999945, 15.901468669000053 ], [ -89.065193909999948, 15.900866681000025 ], [ -89.064760963999959, 15.900567815000045 ], [ -89.064233786999978, 15.900380011000038 ], [ -89.063447083999961, 15.900443475000031 ], [ -89.062861339999984, 15.900869238000041 ], [ -89.062633160999951, 15.901903760000039 ], [ -89.062700416999974, 15.902608722000025 ], [ -89.062917406999986, 15.903344612000069 ], [ -89.063686132999976, 15.905370601000072 ], [ -89.063858152999956, 15.906022215000064 ], [ -89.063702534999948, 15.906891150000035 ], [ -89.063253031999977, 15.907441197000026 ], [ -89.062389354999937, 15.907894586000054 ], [ -89.061483273999954, 15.908191565000038 ], [ -89.060342898999977, 15.908639891000064 ], [ -89.059686727999974, 15.909119615000066 ], [ -89.059376704999977, 15.909628215000055 ], [ -89.059016164999946, 15.910336637000057 ], [ -89.058908877999954, 15.911116225000058 ], [ -89.059006326999963, 15.912034885000025 ], [ -89.059024001999944, 15.91348778400004 ], [ -89.058983248999937, 15.914381366000043 ], [ -89.058949195999958, 15.914961546000029 ], [ -89.058659918999979, 15.915570896000077 ], [ -89.057980998999938, 15.916050191000068 ], [ -89.056885269999952, 15.916566970000076 ], [ -89.055837760999964, 15.916971851000028 ], [ -89.055003133999946, 15.917158448000066 ], [ -89.054265671999985, 15.91705472700005 ], [ -89.053349135999952, 15.916691725000078 ], [ -89.052712588999952, 15.916165807000027 ], [ -89.052148406999947, 15.915485582000031 ], [ -89.051616724999974, 15.914335673000039 ], [ -89.051093997999942, 15.912728053000023 ], [ -89.050896168999941, 15.911014737000073 ], [ -89.051072812999962, 15.909073703000047 ], [ -89.051365115999943, 15.907117869000047 ], [ -89.051719046999949, 15.904363574000058 ], [ -89.05164294299999, 15.903546807000055 ], [ -89.051387598999952, 15.903016593000075 ], [ -89.051002849999975, 15.902608065000038 ], [ -89.050482037999984, 15.902095547000044 ], [ -89.049839431999942, 15.901881912000022 ], [ -89.049111914999969, 15.901868591000039 ], [ -89.048567863999949, 15.901948849000064 ], [ -89.048045249999973, 15.902094907000048 ], [ -89.047520209999959, 15.902364972000044 ], [ -89.04700463599994, 15.902746860000036 ], [ -89.046252923999987, 15.903404102000025 ], [ -89.045686760999956, 15.904018504000078 ], [ -89.045367252999938, 15.904415257000039 ], [ -89.045126603999961, 15.904891271000054 ], [ -89.044835929999977, 15.905600941000046 ], [ -89.043852074999961, 15.910433384000044 ], [ -89.043482735999987, 15.91158819900005 ], [ -89.042998613999941, 15.91274203100005 ], [ -89.042612665999968, 15.91358414900003 ], [ -89.042175910999958, 15.91404527800006 ], [ -89.041683372999955, 15.914438844000074 ], [ -89.040960459999951, 15.91478306700003 ], [ -89.040219649999983, 15.914881109000078 ], [ -89.039699606999989, 15.914894111000024 ], [ -89.038825203999977, 15.914732568000034 ], [ -89.038148211999953, 15.914518258000044 ], [ -89.037416607999944, 15.914147316000026 ], [ -89.033481509999945, 15.912220940000054 ], [ -89.031395739999937, 15.911433737000038 ], [ -89.030463336999958, 15.91125981600004 ], [ -89.029288316999953, 15.91112653600004 ], [ -89.028540705999944, 15.910978567000029 ], [ -89.026926411999966, 15.910871014000065 ], [ -89.023391427999968, 15.910917497000071 ], [ -89.021361188999947, 15.910834936000072 ], [ -89.020796546999975, 15.91074670200004 ], [ -89.02017615599999, 15.910589777000041 ], [ -89.019479117999936, 15.910241975000076 ], [ -89.018988215999968, 15.909930682000038 ], [ -89.018364761999976, 15.909338390000073 ], [ -89.017814315999942, 15.907998636000059 ], [ -89.01766276799998, 15.906878260000042 ], [ -89.017709607999961, 15.906275790000052 ], [ -89.017947774999982, 15.905308086000048 ], [ -89.018334678999963, 15.904420939000033 ], [ -89.018684126999972, 15.903689855000039 ], [ -89.01905782099999, 15.902881405000073 ], [ -89.019628191999971, 15.901494671000023 ], [ -89.020617802999936, 15.899322872000027 ], [ -89.021000508999975, 15.898055593000038 ], [ -89.021094430999938, 15.897398730000077 ], [ -89.021133798999983, 15.896582978000026 ], [ -89.021066909999945, 15.895866762000026 ], [ -89.020548241999961, 15.895221160000062 ], [ -89.019968285999937, 15.894581190000054 ], [ -89.015848025999958, 15.89575243400003 ], [ -89.010804836999966, 15.897040728000036 ], [ -89.007757765999941, 15.89747380700004 ], [ -89.005638542999975, 15.897568787000068 ], [ -89.004115162999938, 15.897762742000054 ], [ -89.002910905999954, 15.898141903000067 ], [ -89.00174915499997, 15.898698894000063 ], [ -89.000818333999973, 15.899216176000039 ], [ -88.998848173999988, 15.901051643000073 ], [ -88.998188118999963, 15.901841200000035 ], [ -88.997531587999958, 15.902452638000057 ], [ -88.997109541999976, 15.902845143000036 ], [ -88.996271898999964, 15.90327504000004 ], [ -88.995485249999945, 15.903483725000058 ], [ -88.994514860999971, 15.903643884000076 ], [ -88.993686625999942, 15.90362850300005 ], [ -88.991849056999968, 15.903416191000076 ], [ -88.99047840299994, 15.902900169000077 ], [ -88.989025735999974, 15.901849219000042 ], [ -88.983518763999939, 15.896356412000046 ], [ -88.982839221999939, 15.895809241000052 ], [ -88.981879205999974, 15.895478998000044 ], [ -88.980136433999974, 15.895134175000067 ], [ -88.97765394399994, 15.894954853000058 ], [ -88.971253541999943, 15.895057618000067 ], [ -88.970426690999943, 15.89497564800007 ], [ -88.968913991999955, 15.894636161000051 ], [ -88.96776820599996, 15.894391477000056 ], [ -88.967219643999954, 15.894203056000038 ], [ -88.966263208999976, 15.893695774000037 ], [ -88.958768481999982, 15.888654764000023 ], [ -88.957857548999982, 15.888147179000043 ], [ -88.956941837999977, 15.887907884000072 ], [ -88.955883667999956, 15.887888065000027 ], [ -88.954087018999985, 15.88794348700003 ], [ -88.952237817999958, 15.888354248000041 ], [ -88.950112889999957, 15.888714711000034 ], [ -88.947156821999954, 15.889238847000058 ], [ -88.94066152399995, 15.889473140000064 ], [ -88.935866386999976, 15.889873437000062 ], [ -88.930597126999942, 15.89026919500003 ], [ -88.930124113999966, 15.890961658000037 ], [ -88.929635979999944, 15.891131747000031 ], [ -88.928402995999988, 15.891577584000061 ], [ -88.927634521999948, 15.891897990000075 ], [ -88.926979990999939, 15.892288200000053 ], [ -88.926280815999974, 15.892609908000054 ], [ -88.925770743999976, 15.892711915000064 ], [ -88.925214213999936, 15.892835595000065 ], [ -88.924590175999981, 15.892868918000033 ], [ -88.923712681999973, 15.892874898000059 ], [ -88.922927226999946, 15.892881486000022 ], [ -88.922350231999985, 15.892893137000044 ], [ -88.921840162999956, 15.892995135000035 ], [ -88.921304544999941, 15.893208280000067 ], [ -88.920559787999935, 15.893507681000074 ], [ -88.919382252999981, 15.893485420000047 ], [ -88.917128496999965, 15.89459746700004 ], [ -88.912726588999988, 15.899316604000035 ], [ -88.912489507999965, 15.898652465000055 ], [ -88.912225491999948, 15.898023899000066 ], [ -88.911500448999959, 15.897002084000064 ], [ -88.910772385999962, 15.896907101000068 ], [ -88.909830057999955, 15.896575768000048 ], [ -88.909166226999957, 15.896272264000061 ], [ -88.908050661999937, 15.895491110000023 ], [ -88.906262596999966, 15.893713934000061 ], [ -88.902726899999948, 15.889289824000059 ], [ -88.900150955999948, 15.88537554100003 ], [ -88.896254905999967, 15.879402006000078 ], [ -88.893263383999965, 15.874362365000025 ], [ -88.890344060999951, 15.870306208000045 ], [ -88.888111831999936, 15.867672576000075 ], [ -88.886698768999963, 15.865634097000054 ], [ -88.885711122999965, 15.864274617000035 ], [ -88.88466860799997, 15.863294082000039 ], [ -88.883758456999942, 15.862650952000024 ], [ -88.882134085999951, 15.861927691000062 ], [ -88.88043636399999, 15.861403730000063 ], [ -88.878891311999951, 15.861306632000037 ], [ -88.87678494499994, 15.86160135700004 ], [ -88.87550201099998, 15.862247784000033 ], [ -88.874519840999938, 15.862854838000032 ], [ -88.873867194999946, 15.863154717000043 ], [ -88.873358562999954, 15.863190109000072 ], [ -88.872807584999975, 15.863045412000076 ], [ -88.872214263999979, 15.862720625000065 ], [ -88.870958175999988, 15.862049420000062 ], [ -88.869860661999951, 15.861514292000038 ], [ -88.868666610999981, 15.86120057100004 ], [ -88.86783666599996, 15.86114073400006 ], [ -88.867121687999941, 15.86112706800003 ], [ -88.866289947999974, 15.861155143000076 ], [ -88.865596296999968, 15.861209532000032 ], [ -88.864648817999978, 15.861257937000062 ], [ -88.86393415699996, 15.861200291000046 ], [ -88.863404668999976, 15.861145061000059 ], [ -88.862163141999986, 15.860875498000041 ], [ -88.861609904999966, 15.86084235900006 ], [ -88.861101284999961, 15.860877723000044 ], [ -88.860539364999966, 15.861269497000023 ], [ -88.85988535599995, 15.861635830000068 ], [ -88.859255968999946, 15.861937233000049 ], [ -88.857475354999963, 15.863221212000042 ], [ -88.855548838999937, 15.864859804000048 ], [ -88.854636364999976, 15.865445538000074 ], [ -88.853820108999969, 15.865854963000061 ], [ -88.852937770999972, 15.866106389000038 ], [ -88.852128729999947, 15.866134837000061 ], [ -88.85120817699999, 15.866005545000064 ], [ -88.850451652999936, 15.865745220000065 ], [ -88.849717959999964, 15.865507883000078 ], [ -88.848960516999966, 15.865292638000028 ], [ -88.848383527999943, 15.86528155600007 ], [ -88.847780037999939, 15.86542668900006 ], [ -88.84717715499994, 15.865570708000064 ], [ -88.846668525999974, 15.865606034000052 ], [ -88.845583836999936, 15.865585188000068 ], [ -88.843718569999965, 15.865370053000049 ], [ -88.841433460999951, 15.865348652000023 ], [ -88.840397068999948, 15.86521708500004 ], [ -88.839823304999982, 15.865049319000036 ], [ -88.839206743999966, 15.864725129000021 ], [ -88.838752063999948, 15.864402926000025 ], [ -88.837932705999947, 15.863829032000069 ], [ -88.836960095999984, 15.863967029000037 ], [ -88.836736628999972, 15.86472266800007 ], [ -88.836425315999975, 15.865274790000058 ], [ -88.834682287999954, 15.866961788000026 ], [ -88.832984299999964, 15.868694736000066 ], [ -88.832085402999951, 15.869749660000025 ], [ -88.831232607999937, 15.870828017000065 ], [ -88.830803105999962, 15.871489469000039 ], [ -88.830229618999965, 15.87243903500007 ], [ -88.829873971999973, 15.87287979000007 ], [ -88.829363031999947, 15.873026652000021 ], [ -88.828670754999962, 15.873013288000038 ], [ -88.827960833999953, 15.872753784000054 ], [ -88.827112226999986, 15.872469050000063 ], [ -88.826538931999949, 15.872278704000053 ], [ -88.825836384999945, 15.871661921000054 ], [ -88.825157016999981, 15.871023034000075 ], [ -88.824447899999939, 15.870697014000029 ], [ -88.823853159999942, 15.870417177000036 ], [ -88.822938171999965, 15.870019524000043 ], [ -88.822095703999935, 15.869466550000027 ], [ -88.821416215999989, 15.868806232000054 ], [ -88.820895493999956, 15.868327126000054 ], [ -88.819553542999984, 15.867339419000075 ], [ -88.817644413999972, 15.865895376000026 ], [ -88.816186871999946, 15.864950519000047 ], [ -88.815318715999979, 15.864487230000066 ], [ -88.814651605999984, 15.864385240000047 ], [ -88.813317298999948, 15.864157581000029 ], [ -88.810665485999948, 15.864017132000072 ], [ -88.808226611999942, 15.863634990000037 ], [ -88.804885844999944, 15.863324391000049 ], [ -88.802430213999969, 15.862628424000036 ], [ -88.798371205999956, 15.861343182000041 ], [ -88.794369841999981, 15.859500903000026 ], [ -88.790476354999953, 15.856899631000033 ], [ -88.785960575999979, 15.853170012000078 ], [ -88.779425664999962, 15.848864286000037 ], [ -88.774320734999947, 15.845703642000046 ], [ -88.765617945999963, 15.840216567000027 ], [ -88.761242835999951, 15.837516439000069 ], [ -88.758696317999977, 15.835679605000053 ], [ -88.755596326999978, 15.833830773000045 ], [ -88.753749735999975, 15.832722398000044 ], [ -88.751168977999953, 15.831442896000055 ], [ -88.749278795999942, 15.830222026000058 ], [ -88.748487869999963, 15.829424080000024 ], [ -88.747995763999938, 15.828677097000025 ], [ -88.747778265999955, 15.828024568000046 ], [ -88.747588361999988, 15.82719445400005 ], [ -88.747488447999956, 15.826432620000048 ], [ -88.747411452999984, 15.825716336000028 ], [ -88.747405944999969, 15.824867292000022 ], [ -88.747557238999946, 15.824260336000066 ], [ -88.749368822999941, 15.823670180000022 ], [ -88.75023185799995, 15.823108751000063 ], [ -88.750701450999941, 15.822650087000056 ], [ -88.751195267999947, 15.822146802000077 ], [ -88.751853894999954, 15.821447192000051 ], [ -88.752210102999982, 15.820897236000064 ], [ -88.752432198999941, 15.820189066000069 ], [ -88.752653715999941, 15.819480885000075 ], [ -88.752964045999988, 15.818952576000072 ], [ -88.753428956999983, 15.818717038000045 ], [ -88.754102011999976, 15.818440482000028 ], [ -88.754681579999954, 15.818207189000077 ], [ -88.755220883999982, 15.817727326000067 ], [ -88.755528872999946, 15.817310580000026 ], [ -88.755769462999979, 15.816803444000072 ], [ -88.75608105699996, 15.816186085000027 ], [ -88.756487522999976, 15.815458970000066 ], [ -88.756969180999988, 15.814421030000062 ], [ -88.758680652999942, 15.811759996000035 ], [ -88.759271927999976, 15.810992514000077 ], [ -88.759788835999984, 15.810468229000037 ], [ -88.760673122999947, 15.809972544000061 ], [ -88.76139627799995, 15.809497383000064 ], [ -88.76200466399996, 15.80899742400004 ], [ -88.762569393999968, 15.808384998000065 ], [ -88.763182562999987, 15.807683319000034 ], [ -88.7637709, 15.807027379000033 ], [ -88.764333765999936, 15.806503973000076 ], [ -88.765108464999969, 15.805761473000075 ], [ -88.765995490999956, 15.80513277700004 ], [ -88.766927214999953, 15.804594015000077 ], [ -88.768064937999952, 15.804060394000032 ], [ -88.76908352099997, 15.803767970000024 ], [ -88.77009919599999, 15.803587097000047 ], [ -88.770837602999961, 15.803468459000044 ], [ -88.771782751999979, 15.803375269000071 ], [ -88.772818004999976, 15.803372901000046 ], [ -88.773921910999945, 15.80337299200005 ], [ -88.774910720999969, 15.803392256000052 ], [ -88.775922229999935, 15.803411958000027 ], [ -88.777005317999965, 15.803321431000029 ], [ -88.77776412899999, 15.803313656000057 ], [ -88.778959899999961, 15.803348206000067 ], [ -88.780158108999956, 15.803237355000022 ], [ -88.780809190999946, 15.802893746000052 ], [ -88.781277852999949, 15.802502620000041 ], [ -88.781562043999941, 15.802106775000027 ], [ -88.782089959999951, 15.80104822100003 ], [ -88.782148862999975, 15.800425887000074 ], [ -88.782165481999982, 15.799624595000068 ], [ -88.781860614999971, 15.798771952000038 ], [ -88.781508483999971, 15.798008589000062 ], [ -88.780951150999954, 15.797173588000078 ], [ -88.780437373999973, 15.796428503000072 ], [ -88.77964680499997, 15.795723130000056 ], [ -88.778787590999968, 15.795015293000063 ], [ -88.77779043399994, 15.794305897000072 ], [ -88.776588421999975, 15.793480897000052 ], [ -88.775476050999941, 15.792769251000038 ], [ -88.774885322999978, 15.792422902000055 ], [ -88.774272230999941, 15.792032147000043 ], [ -88.773592764999989, 15.791529608000076 ], [ -88.773543989999951, 15.790570335000041 ], [ -88.774109541999962, 15.789913904000059 ], [ -88.774626352999974, 15.789389558000039 ], [ -88.775121869999964, 15.788797149000061 ], [ -88.77552345, 15.788270559000068 ], [ -88.775879633999978, 15.787743082000077 ], [ -88.776007211999968, 15.787122089000036 ], [ -88.776160383999979, 15.786389979000035 ], [ -88.776370140999973, 15.785147108000047 ], [ -88.776370077999957, 15.784055742000078 ], [ -88.776387168999975, 15.783231916000034 ], [ -88.776496182999949, 15.78241100200006 ], [ -88.776579181999978, 15.781721495000056 ], [ -88.776706862999959, 15.781123052000055 ], [ -88.776929269999982, 15.780392283000026 ], [ -88.777148778999958, 15.779773075000037 ], [ -88.777397102999942, 15.778887222000037 ], [ -88.777482966999969, 15.778087280000022 ], [ -88.777607769999975, 15.777599268000074 ], [ -88.777984773999947, 15.777161257000046 ], [ -88.778646121999941, 15.777441313000054 ], [ -88.778959166999982, 15.777870188000065 ], [ -88.779337748999978, 15.778479602000061 ], [ -88.779686609999942, 15.779399612000077 ], [ -88.780060480999964, 15.780208493000032 ], [ -88.780486911999958, 15.780728639000074 ], [ -88.781023827999945, 15.781451617000073 ], [ -88.781604877999939, 15.782264520000069 ], [ -88.782307598999978, 15.782768610000062 ], [ -88.782781857999964, 15.783200615000055 ], [ -88.783602475999942, 15.783550277000074 ], [ -88.784560991999967, 15.783903741000074 ], [ -88.785476783999968, 15.78409965700007 ], [ -88.786716819999981, 15.784212790000026 ], [ -88.789060124999935, 15.784324768000033 ], [ -88.789977768999961, 15.784431631000075 ], [ -88.791242353999962, 15.784456147000071 ], [ -88.792324882999935, 15.784388059000037 ], [ -88.793826236999962, 15.784083418000023 ], [ -88.794611479999958, 15.783920487000046 ], [ -88.795673500999953, 15.783717816000035 ], [ -88.796645525999963, 15.783446875000038 ], [ -88.797341098999937, 15.783171707000065 ], [ -88.798105157999942, 15.782963255000027 ], [ -88.798864814999945, 15.782911432000049 ], [ -88.799748886999964, 15.782416663000049 ], [ -88.800178860999949, 15.781667318000075 ], [ -88.800740196999982, 15.781210271000077 ], [ -88.801208654999982, 15.780796526000074 ], [ -88.803604733999975, 15.778347733000032 ], [ -88.806126165999956, 15.775434544000063 ], [ -88.807061658999942, 15.774673512000049 ], [ -88.807577453999954, 15.774193012000069 ], [ -88.808135064999988, 15.773915136000028 ], [ -88.808807461999947, 15.773660895000035 ], [ -88.809427804999984, 15.773672861000023 ], [ -88.810643183999957, 15.773851894000074 ], [ -88.811467964999963, 15.774000838000063 ], [ -88.812566414999935, 15.774289227000054 ], [ -88.813638836999985, 15.774711280000076 ], [ -88.814620120999962, 15.77506392500004 ], [ -88.815714463999939, 15.775552912000023 ], [ -88.816531483999938, 15.776080530000058 ], [ -88.817565136999974, 15.77643529900007 ], [ -88.818407736999973, 15.776851779000026 ], [ -88.818925182999976, 15.777396173000056 ], [ -88.819351266999945, 15.777938805000076 ], [ -88.819825151999964, 15.778393288000075 ], [ -88.820186079999985, 15.778735100000063 ], [ -88.820792757999982, 15.779414252000038 ], [ -88.821442780999973, 15.780250960000046 ], [ -88.822202438999966, 15.781334443000048 ], [ -88.823221414999978, 15.782122996000055 ], [ -88.823808602999975, 15.782646176000071 ], [ -88.824487285999965, 15.783193661000041 ], [ -88.825004884999942, 15.783760600000051 ], [ -88.825381830999959, 15.784457879000058 ], [ -88.82559800699994, 15.785130645000038 ], [ -88.825583631999962, 15.785831675000054 ], [ -88.82606790799997, 15.786888435000037 ], [ -88.826509420999969, 15.787787652000077 ], [ -88.827024308999967, 15.788487583000062 ], [ -88.827677451999989, 15.789146197000036 ], [ -88.828514650999978, 15.78982977000004 ], [ -88.829785586999947, 15.790656976000037 ], [ -88.830740325999955, 15.791231180000068 ], [ -88.831331183999964, 15.791577396000037 ], [ -88.831927078999968, 15.791677916000026 ], [ -88.832502100999989, 15.791688957000076 ], [ -88.833194523999964, 15.791568077000022 ], [ -88.83375492, 15.791156017000048 ], [ -88.834111445999952, 15.790605869000046 ], [ -88.83450879899999, 15.790279750000025 ], [ -88.835323279999955, 15.789827459000037 ], [ -88.83599878199999, 15.789395050000053 ], [ -88.836718119999944, 15.789096527000027 ], [ -88.837434714999972, 15.788932120000027 ], [ -88.838150846999952, 15.788790253000059 ], [ -88.839031252999973, 15.788473384000042 ], [ -88.839641268999969, 15.787882979000074 ], [ -88.84011968499999, 15.786979984000027 ], [ -88.840790752999965, 15.786792142000024 ], [ -88.841296507999971, 15.786801830000059 ], [ -88.842353998999954, 15.78682208400005 ], [ -88.843204421999985, 15.78686091700007 ], [ -88.844261478999954, 15.786902576000045 ], [ -88.845225638999977, 15.786988680000036 ], [ -88.845914996999966, 15.787045846000069 ], [ -88.846785844999943, 15.787196683000047 ], [ -88.847813383999949, 15.78757263600005 ], [ -88.84873113499998, 15.787679261000051 ], [ -88.849337037999987, 15.787289444000066 ], [ -88.849051516999964, 15.786615361000031 ], [ -88.848507040999948, 15.786248651000051 ], [ -88.847872863999953, 15.785769725000023 ], [ -88.847418533999985, 15.785493811000038 ], [ -88.846899958999984, 15.784970868000073 ], [ -88.847011892999944, 15.783993186000032 ], [ -88.847410717999935, 15.783621964000076 ], [ -88.847720351999953, 15.783227611000029 ], [ -88.848354860999962, 15.783147285000041 ], [ -88.849023112999987, 15.78318261000004 ], [ -88.849550695999937, 15.783349422000072 ], [ -88.849955642999987, 15.783848765000073 ], [ -88.850312919999965, 15.784458823000023 ], [ -88.850971161999951, 15.784985558000074 ], [ -88.85163760599994, 15.785109918000046 ], [ -88.852190315999962, 15.785187 ], [ -88.853112788999965, 15.785204619000069 ], [ -88.853905958999974, 15.784795813000073 ], [ -88.854626120999967, 15.784541208000064 ], [ -88.855667141999959, 15.784426903000053 ], [ -88.856475754999963, 15.784374682000077 ], [ -88.857427173999952, 15.784114331000069 ], [ -88.85921392299997, 15.783633122000026 ], [ -88.860011058999987, 15.78299998500006 ], [ -88.860429952999937, 15.782270555000025 ], [ -88.86071992899997, 15.781639019000067 ], [ -88.861364294999987, 15.78115968700007 ], [ -88.862002749999988, 15.780971149000038 ], [ -88.862793729999964, 15.780640062000032 ], [ -88.863295930999982, 15.780337296000027 ], [ -88.863727820999941, 15.779540451000059 ], [ -88.863391975999946, 15.779019892000065 ], [ -88.86289792599996, 15.778921407000041 ], [ -88.86212412499998, 15.778951770000049 ], [ -88.861482340999942, 15.778760262000048 ], [ -88.861297546999936, 15.778198606000046 ], [ -88.86172378599997, 15.777078050000057 ], [ -88.862900722999939, 15.774799141000074 ], [ -88.863387177999982, 15.773579373000075 ], [ -88.863219030999971, 15.772771102000036 ], [ -88.86258029399994, 15.77240150800003 ], [ -88.862104700999964, 15.771968492000042 ], [ -88.86237024799999, 15.771391735000066 ], [ -88.863003825999954, 15.770868212000039 ], [ -88.863361880999946, 15.770294339000031 ], [ -88.863534891999961, 15.76971581600003 ], [ -88.86387737199999, 15.768761662000031 ], [ -88.86453693499999, 15.768104447000042 ], [ -88.864981051999962, 15.767821987000048 ], [ -88.865631432999976, 15.767588555000032 ], [ -88.866235045999986, 15.767421881000075 ], [ -88.866770777999989, 15.767186264000031 ], [ -88.867242567999938, 15.766658517000053 ], [ -88.867370478999987, 15.766035157000033 ], [ -88.867361354999957, 15.765365215000031 ], [ -88.867429971999968, 15.764249112000073 ], [ -88.86770362599998, 15.763271087000078 ], [ -88.868136670999945, 15.762385165000069 ], [ -88.868516622999948, 15.761878219000039 ], [ -88.869128242999977, 15.761286597000037 ], [ -88.86957231699995, 15.761005251000029 ], [ -88.870435982999936, 15.760530041000038 ], [ -88.871038559999988, 15.76038475200005 ], [ -88.871762371999978, 15.759973406000029 ], [ -88.871845631999975, 15.759282665000057 ], [ -88.871390472999963, 15.758961688000056 ], [ -88.870153724999966, 15.758513116000074 ], [ -88.869051728999978, 15.758223827000052 ], [ -88.868510522999941, 15.757610302000046 ], [ -88.868525910999949, 15.756850620000023 ], [ -88.868930801999966, 15.756232518000047 ], [ -88.869310132999942, 15.755726683000034 ], [ -88.869983206999962, 15.754398797000022 ], [ -88.870589304999953, 15.752956880000056 ], [ -88.87091566099997, 15.751644957000053 ], [ -88.871746048999967, 15.749359364000043 ], [ -88.872225128999958, 15.748496849000048 ], [ -88.872532951999972, 15.748100149000038 ], [ -88.873379130999979, 15.747334795000029 ], [ -88.874009907999948, 15.746944216000031 ], [ -88.874756917999946, 15.746534415000042 ], [ -88.875471955999956, 15.746525418000033 ], [ -88.87650896599996, 15.746600321000074 ], [ -88.876914469999974, 15.745949505000056 ], [ -88.877269160999958, 15.745508580000035 ], [ -88.877737372999945, 15.745182561000036 ], [ -88.878506175999973, 15.744817131000048 ], [ -88.880086583999969, 15.744243803000074 ], [ -88.881216646999974, 15.744265192000057 ], [ -88.882629992999966, 15.743979595000042 ], [ -88.883120003999977, 15.743697951000058 ], [ -88.883657907999975, 15.743350684000063 ], [ -88.884550024999953, 15.742585016000078 ], [ -88.885279132999983, 15.741906468000025 ], [ -88.885820487999979, 15.741358547000061 ], [ -88.886731372999975, 15.74081648300006 ], [ -88.88694931699996, 15.741440770000054 ], [ -88.886385116999975, 15.741966836000074 ], [ -88.885848131999978, 15.742269027000077 ], [ -88.885004819999949, 15.742923995000069 ], [ -88.884529870999984, 15.74358479600005 ], [ -88.88481289899994, 15.744416661000059 ], [ -88.885528065999949, 15.744430182000031 ], [ -88.886062228999947, 15.744239570000047 ], [ -88.886506395999959, 15.743979602000024 ], [ -88.886999991999971, 15.743519857000024 ], [ -88.887407045999964, 15.742790111000033 ], [ -88.887745306999989, 15.742036511000038 ], [ -88.888511575999985, 15.741766837000057 ], [ -88.88908915199994, 15.741732642000045 ], [ -88.890076807999947, 15.741974553000034 ], [ -88.889923020999959, 15.742731642000024 ], [ -88.889335546999973, 15.743257277000055 ], [ -88.888215142999968, 15.743883345000029 ], [ -88.885930248999955, 15.74506923000007 ], [ -88.884142527999984, 15.745617257000049 ], [ -88.882264677999956, 15.746073356000068 ], [ -88.880877297999973, 15.74622525500007 ], [ -88.879859281999984, 15.746362718000057 ], [ -88.87918616099995, 15.74657323100007 ], [ -88.878483433999975, 15.747096645000056 ], [ -88.877545200999975, 15.747837728000036 ], [ -88.876536470999952, 15.748667672000067 ], [ -88.876244583999949, 15.749399568000058 ], [ -88.876111092999963, 15.751453720000029 ], [ -88.8757869, 15.752631519000033 ], [ -88.875473672999988, 15.753295355000034 ], [ -88.875570825999944, 15.754191355000046 ], [ -88.876308839999979, 15.754227900000046 ], [ -88.876935560999982, 15.754039074000048 ], [ -88.87791473499999, 15.753520909000031 ], [ -88.878666295999949, 15.752886797000031 ], [ -88.87913756599994, 15.752381552000031 ], [ -88.879850794999982, 15.751367845000061 ], [ -88.880725536999989, 15.750312089000033 ], [ -88.881269786999951, 15.749651487000051 ], [ -88.882341115999964, 15.749151953000023 ], [ -88.883360943999946, 15.748925439000061 ], [ -88.884799270999963, 15.748528678000071 ], [ -88.885755708999966, 15.748010038000075 ], [ -88.887109285999941, 15.74725421200003 ], [ -88.888981545999968, 15.745948896000073 ], [ -88.890183244999946, 15.744697424000037 ], [ -88.891901790999952, 15.742986622000046 ], [ -88.892906963999962, 15.742358355000022 ], [ -88.894329621999987, 15.741580096000064 ], [ -88.895794317999957, 15.741027006000024 ], [ -88.897457778999978, 15.740924179000046 ], [ -88.899143483999978, 15.740844311000046 ], [ -88.900138333999962, 15.740728864000062 ], [ -88.900950375999969, 15.740498341000034 ], [ -88.902042550999965, 15.74011635100004 ], [ -88.903205628999956, 15.739624056000025 ], [ -88.90386452499996, 15.738989210000057 ], [ -88.904058845999941, 15.738501233000022 ], [ -88.904306431999942, 15.737679360000072 ], [ -88.904247041999952, 15.737186607000069 ], [ -88.904003186999944, 15.736690386000078 ], [ -88.903621744999953, 15.736146473000076 ], [ -88.903615038999988, 15.735319817000061 ], [ -88.90381116399999, 15.734741664000069 ], [ -88.904075153999941, 15.734233569000025 ], [ -88.904392472999973, 15.73350434200006 ], [ -88.90479675499995, 15.732908678000058 ], [ -88.905368708999958, 15.73257325700007 ], [ -88.906101971999988, 15.732263420000038 ], [ -88.906646399999943, 15.732139468000071 ], [ -88.907168584999965, 15.731992543000047 ], [ -88.90778562, 15.731701939000061 ], [ -88.908771236999939, 15.730882643000029 ], [ -88.909563638999941, 15.730467908000037 ], [ -88.910652839999955, 15.730231263000064 ], [ -88.911285767999971, 15.730309674000068 ], [ -88.91182226899997, 15.730610669000043 ], [ -88.91239746299999, 15.731247287000031 ], [ -88.912700298999937, 15.731676952000043 ], [ -88.912939684999969, 15.732397478000053 ], [ -88.913399373999937, 15.733075906000067 ], [ -88.914190366999946, 15.73331401300004 ], [ -88.914858872999957, 15.733360382000058 ], [ -88.915389662999985, 15.733336510000072 ], [ -88.916545443999951, 15.733235274000037 ], [ -88.916871269999945, 15.732515199000034 ], [ -88.916801311999961, 15.731966992000025 ], [ -88.916800752999961, 15.73144151300005 ], [ -88.91735031199994, 15.731060531000026 ], [ -88.917889601999946, 15.731193550000057 ], [ -88.918678948999968, 15.731543243000033 ], [ -88.919557989999987, 15.732007378000048 ], [ -88.920975902999942, 15.732625941000038 ], [ -88.92200745699995, 15.733528185000068 ], [ -88.922236522999981, 15.734213559000068 ], [ -88.92229550799999, 15.734728861000065 ], [ -88.922382820999985, 15.73554576600003 ], [ -88.922868125999969, 15.736080327000025 ], [ -88.923766211999975, 15.736174945000073 ], [ -88.924435258999949, 15.736166044000072 ], [ -88.925316098999986, 15.735958132000064 ], [ -88.926007392999963, 15.735446720000027 ], [ -88.926383902999987, 15.735073753000052 ], [ -88.927224090999971, 15.734597820000033 ], [ -88.927702177999947, 15.734327110000038 ], [ -88.928563860999986, 15.733940658000051 ], [ -88.928889425999955, 15.733231825000075 ], [ -88.92888149199996, 15.732461504000071 ], [ -88.928642042999968, 15.731740983000066 ], [ -88.928274818999967, 15.731064305000075 ], [ -88.927952242999936, 15.730454993000023 ], [ -88.927655165999965, 15.729734523000047 ], [ -88.927493709999965, 15.729160922000062 ], [ -88.927241484999968, 15.72849767200006 ], [ -88.926695177999989, 15.727548143000035 ], [ -88.925720712999976, 15.726088813000047 ], [ -88.924374406999959, 15.724186136000071 ], [ -88.924339786999951, 15.723616037000056 ], [ -88.924377626999956, 15.722856724000053 ], [ -88.924759657999971, 15.722205335000069 ], [ -88.925445125999943, 15.721983606000038 ], [ -88.926902537999979, 15.72178645300005 ], [ -88.927907689999984, 15.721704878000025 ], [ -88.928692577999982, 15.721664286000077 ], [ -88.929702847999977, 15.721325698000044 ], [ -88.930193340999949, 15.721043930000064 ], [ -88.930847006999954, 15.720664845000044 ], [ -88.931865051999978, 15.719935100000043 ], [ -88.932592464999971, 15.719301414000029 ], [ -88.933144766999987, 15.71880879400004 ], [ -88.933745345999967, 15.718171606000055 ], [ -88.934404755999935, 15.717502814000056 ], [ -88.93484016299999, 15.717063261000021 ], [ -88.93564592499996, 15.716586633000077 ], [ -88.936442994999936, 15.716518047000022 ], [ -88.937075686999947, 15.716607648000036 ], [ -88.938154603999976, 15.716884855000046 ], [ -88.938992338999981, 15.717113588000075 ], [ -88.939889677999986, 15.717800125000053 ], [ -88.939886678999983, 15.718537549000075 ], [ -88.939790937999987, 15.719284522000066 ], [ -88.939723796999942, 15.719763649000072 ], [ -88.939755485999967, 15.720512994000046 ], [ -88.940115534999961, 15.720966249000071 ], [ -88.941068951999966, 15.721174579000035 ], [ -88.941534365999985, 15.720366832000025 ], [ -88.941813214999968, 15.719690924000076 ], [ -88.942604905999985, 15.719336922000025 ], [ -88.943402101999936, 15.719262677000074 ], [ -88.944064276999939, 15.719040449000033 ], [ -88.94430755799999, 15.718396576000032 ], [ -88.944167314999959, 15.717924864000054 ], [ -88.94357538, 15.717511279000064 ], [ -88.942760886999963, 15.717284122000024 ], [ -88.942051309999954, 15.716991257000075 ], [ -88.942131196999981, 15.716455984000049 ], [ -88.942707485999961, 15.715897247000044 ], [ -88.94317423199999, 15.715637553000022 ], [ -88.946164934999956, 15.714318577000029 ], [ -88.947456546999945, 15.713761845000022 ], [ -88.948491219999937, 15.713334524000061 ], [ -88.949379388999944, 15.712780432000045 ], [ -88.950015464999979, 15.712111141000037 ], [ -88.950301130999947, 15.711647341000059 ], [ -88.950606981999954, 15.710781341000029 ], [ -88.950661208999975, 15.709776477000048 ], [ -88.950626506999981, 15.709206365000057 ], [ -88.950464314999977, 15.708666588000028 ], [ -88.950221889999966, 15.70809261900007 ], [ -88.949934258999974, 15.707450152000035 ], [ -88.946084738999957, 15.699736530000052 ], [ -88.945635960999937, 15.69909106800003 ], [ -88.945063001999983, 15.698309108000046 ], [ -88.944329532999973, 15.697491462000073 ], [ -88.94388532499994, 15.69720355100003 ], [ -88.943279951999955, 15.69691264100004 ], [ -88.942563580999945, 15.696407667000074 ], [ -88.942358039999988, 15.695736278000027 ], [ -88.94265210399999, 15.694759563000048 ], [ -88.943311034999965, 15.693991475000075 ], [ -88.944106509999983, 15.693293582000024 ], [ -88.944726463999984, 15.692759317000025 ], [ -88.94541660499999, 15.692148545000066 ], [ -88.94594286399996, 15.691701619000071 ], [ -88.947401418999959, 15.69005300300006 ], [ -88.948049548999961, 15.689240716000029 ], [ -88.948972954999988, 15.687899024000046 ], [ -88.949883596999939, 15.686613470000054 ], [ -88.950389878999943, 15.68599813700007 ], [ -88.951001653999981, 15.685286649000034 ], [ -88.95151780399999, 15.684760579000056 ], [ -88.952204294999945, 15.68436170800004 ], [ -88.95308152199999, 15.684177240000054 ], [ -88.953711053999939, 15.684334374000059 ], [ -88.954662428999939, 15.684462508000024 ], [ -88.956259245999945, 15.684531549000042 ], [ -88.956764378999935, 15.684563453000067 ], [ -88.957689989999949, 15.684256947000051 ], [ -88.957964880999953, 15.683716244000038 ], [ -88.958204557999977, 15.683219993000023 ], [ -88.958559002999948, 15.682747293000034 ], [ -88.959026282999957, 15.682366893000051 ], [ -88.959698298999967, 15.68211093900004 ], [ -88.960261667999987, 15.682111208000038 ], [ -88.960985412999946, 15.682124592000037 ], [ -88.961502844999984, 15.682122884000023 ], [ -88.962101451999956, 15.682077566000032 ], [ -88.962787052999943, 15.681722616000059 ], [ -88.962991585999987, 15.681236988000023 ], [ -88.963036147999958, 15.68074727000004 ], [ -88.963011539999968, 15.680223577000049 ], [ -88.962923457999977, 15.679465278000066 ], [ -88.962853776999964, 15.678895642000043 ], [ -88.962812761999942, 15.678081831000043 ], [ -88.963269607999962, 15.677639201000034 ], [ -88.963779341999953, 15.677436617000069 ], [ -88.964942604999976, 15.67732503700006 ], [ -88.965637747999949, 15.677637837000077 ], [ -88.96587920199994, 15.678233198000044 ], [ -88.965990790999967, 15.678980654000043 ], [ -88.966086772999972, 15.679929676000029 ], [ -88.966319231999989, 15.680390678000037 ], [ -88.966887030999942, 15.680757508000056 ], [ -88.967749745999981, 15.680718178000063 ], [ -88.968724272999964, 15.680290729000035 ], [ -88.968996736999941, 15.679871749000029 ], [ -88.969168393999951, 15.679340396000043 ], [ -88.969236778999971, 15.67876315500007 ], [ -88.96932706399997, 15.678285556000048 ], [ -88.969738932999974, 15.677791335000052 ], [ -88.970300128999952, 15.677902050000057 ], [ -88.970851466999989, 15.678514402000076 ], [ -88.971503720999976, 15.678670773000022 ], [ -88.972043839999969, 15.678669456000023 ], [ -88.972508256999959, 15.67843330900007 ], [ -88.973160677999942, 15.677988621000054 ], [ -88.97423685199999, 15.677629551000052 ], [ -88.974897449999958, 15.677954091000061 ], [ -88.975300169999969, 15.678518588000031 ], [ -88.975861880999958, 15.679196529000023 ], [ -88.976576532999957, 15.679554764000045 ], [ -88.977187775999937, 15.679577298000027 ], [ -88.977819028999988, 15.679054394000048 ], [ -88.97817459099997, 15.678492584000026 ], [ -88.978333484999951, 15.678017365000073 ], [ -88.978446880999968, 15.677517630000068 ], [ -88.978866137999944, 15.676645746000077 ], [ -88.979488149999952, 15.675999746000059 ], [ -88.979974883999944, 15.675218186000052 ], [ -88.980599579999989, 15.675028947000044 ], [ -88.981116120999957, 15.675072278000073 ], [ -88.982075400999975, 15.67539101400007 ], [ -88.982701347999978, 15.675702491000038 ], [ -88.983217891999971, 15.675745818000053 ], [ -88.983461426999952, 15.675048864000075 ], [ -88.983189943999946, 15.674230803000057 ], [ -88.983154887999945, 15.673673075000067 ], [ -88.983819130999962, 15.673217290000025 ], [ -88.984511527999985, 15.673107092000066 ], [ -88.985355518999938, 15.672833905000061 ], [ -88.986560969999971, 15.672945135000077 ], [ -88.986872681999955, 15.673462836000056 ], [ -88.987115164999977, 15.67397926600006 ], [ -88.987311606999981, 15.674528681000027 ], [ -88.987499196999977, 15.67550082300005 ], [ -88.98784167499997, 15.676231098000073 ], [ -88.988446561999979, 15.675864423000064 ], [ -88.988722885999948, 15.675245874000041 ], [ -88.989037619999976, 15.674448726000037 ], [ -88.989623810999944, 15.673847138000042 ], [ -88.990322292999963, 15.673425788000031 ], [ -88.990681711999969, 15.672664412000074 ], [ -88.990762048999954, 15.672097522000058 ], [ -88.991207305999978, 15.671648967000067 ], [ -88.991984495999986, 15.671875229000023 ], [ -88.99260679799994, 15.671807702000024 ], [ -88.993260243999941, 15.671307699000067 ], [ -88.993755617999966, 15.671272800000054 ], [ -88.994431014999975, 15.671406971000067 ], [ -88.994925365999961, 15.671394604000056 ], [ -88.995794738999962, 15.671042897000063 ], [ -88.996639540999979, 15.67075727100007 ], [ -88.997666312999968, 15.669974269000022 ], [ -88.998097684999948, 15.669669788000022 ], [ -88.99880697399999, 15.669259878000048 ], [ -88.999421963999964, 15.668970033000051 ], [ -89.000156750999963, 15.668416237000031 ], [ -89.000569754999958, 15.667889253000055 ], [ -89.000809769999989, 15.66736925400005 ], [ -89.000915795999958, 15.666647197000032 ], [ -89.000827638999965, 15.665855054000076 ], [ -89.00072178299996, 15.665373835000025 ], [ -89.000347033999958, 15.664565172000039 ], [ -89.000310608999939, 15.664075075000028 ], [ -89.000543161999985, 15.662742980000075 ], [ -89.00096373599996, 15.66239431200006 ], [ -89.001954540999975, 15.662289508000072 ], [ -89.002651523999987, 15.661912055000073 ], [ -89.00300561499995, 15.661450523000042 ], [ -89.002865273999987, 15.660378877000028 ], [ -89.002162951999935, 15.659865331000049 ], [ -89.001329263999935, 15.659582820000026 ], [ -89.000366969999959, 15.65941975100003 ], [ -88.999900297999943, 15.659177778000071 ], [ -88.999427414999957, 15.658657145000063 ], [ -88.999450998999976, 15.658044096000026 ], [ -88.999779493999938, 15.657103947000053 ], [ -89.000532174999989, 15.655658440000025 ], [ -89.000935737999953, 15.654986929000074 ], [ -89.00107411099998, 15.654365828000039 ], [ -89.000800990999949, 15.653658265000047 ], [ -89.000456304999943, 15.653039613000033 ], [ -89.000390554999967, 15.652291860000048 ], [ -89.000763472999949, 15.651430332000075 ], [ -89.001595815999963, 15.651212103000034 ], [ -89.001770898999951, 15.650468751000062 ], [ -89.001373545999968, 15.649625847000038 ], [ -89.001051913999959, 15.64901889600003 ], [ -89.001006674999985, 15.648383161000027 ], [ -89.00108912799999, 15.647704652000073 ], [ -89.001302333999945, 15.646796220000056 ], [ -89.00158782599999, 15.646299598000041 ], [ -89.00197706199998, 15.645794723000051 ], [ -89.002423521999958, 15.645279613000071 ], [ -89.002847095999982, 15.644774234000067 ], [ -89.003200273999937, 15.644357786000057 ], [ -89.003615232999948, 15.643696620000071 ], [ -89.003890935999948, 15.643134408000037 ], [ -89.004079140999977, 15.642313476000027 ], [ -89.004082669999946, 15.641533155000047 ], [ -89.003661096999963, 15.640768756000057 ], [ -89.003253214999972, 15.640437655000028 ], [ -89.002661201999956, 15.640149428000029 ], [ -89.002023257999952, 15.639859232000049 ], [ -89.001158152999949, 15.63943069000004 ], [ -89.000500191999947, 15.638973222000061 ], [ -88.999885741999947, 15.638672175000067 ], [ -88.998489918999951, 15.638335423000058 ], [ -88.997995701999969, 15.638315114000022 ], [ -88.997432623999941, 15.638304823000055 ], [ -88.996664124999938, 15.638235518000045 ], [ -88.996101489999944, 15.638202678000027 ], [ -88.995345139999984, 15.638077203000023 ], [ -88.99466986799996, 15.637941933000036 ], [ -88.993873190999977, 15.637527021000039 ], [ -88.993664002999935, 15.636466528000028 ], [ -88.994111145999966, 15.636005578000038 ], [ -88.995163661999982, 15.635264745000029 ], [ -88.996160925999959, 15.634970601000077 ], [ -88.997320768999941, 15.63463431200006 ], [ -88.998599689999935, 15.634099459000026 ], [ -88.99997921399995, 15.633118729000046 ], [ -89.001083720999986, 15.632066431000055 ], [ -89.002072047999945, 15.631033431000048 ], [ -89.002820178999968, 15.630532839000068 ], [ -89.003821332999962, 15.630036862000054 ], [ -89.005169869999975, 15.629480674000035 ], [ -89.007446408999954, 15.628629009000065 ], [ -89.008791038999959, 15.628273460000059 ], [ -89.00980851099996, 15.628135237000038 ], [ -89.010938988999953, 15.628110710000044 ], [ -89.011699814999986, 15.62812456000006 ], [ -89.012483327999973, 15.628138820000061 ], [ -89.013567419999958, 15.628135992000068 ], [ -89.014927955999951, 15.628160740000055 ], [ -89.01679513199997, 15.628194690000043 ], [ -89.018636593999986, 15.628384913000048 ], [ -89.02136812699996, 15.629037873000073 ], [ -89.022661182999968, 15.628972257000044 ], [ -89.023474009999973, 15.628674623000052 ], [ -89.023939182999982, 15.628481198000031 ], [ -89.025166042999956, 15.628257606000034 ], [ -89.025695083999949, 15.628312313000038 ], [ -89.026317483999946, 15.628323601000034 ], [ -89.026941603999944, 15.628245827000057 ], [ -89.027844346999984, 15.628082880000022 ], [ -89.028287968999962, 15.62779996200004 ], [ -89.028827949999936, 15.627318046000028 ], [ -89.029258199999958, 15.626521752000031 ], [ -89.029042949999962, 15.625735189000068 ], [ -89.028406774999951, 15.625231961000054 ], [ -89.028020751999975, 15.624912576000042 ], [ -89.027475349999975, 15.624500082000054 ], [ -89.027023134999979, 15.624022740000044 ], [ -89.027223910999965, 15.623177182000063 ], [ -89.027805085999944, 15.62294186400004 ], [ -89.028689257999986, 15.622533850000025 ], [ -89.029833245999953, 15.621838448000062 ], [ -89.030719997999938, 15.621296268000037 ], [ -89.031164882999974, 15.620946822000064 ], [ -89.031939911999984, 15.620223298000042 ], [ -89.032502544999943, 15.619741779000037 ], [ -89.033578836999936, 15.618934606000039 ], [ -89.034133735999944, 15.618854423000073 ], [ -89.034757394999986, 15.618799165000041 ], [ -89.03540518799997, 15.618699231000051 ], [ -89.036192717999938, 15.618534158000045 ], [ -89.036911442999951, 15.618346409000026 ], [ -89.038051358999951, 15.617830194000078 ], [ -89.038631930999941, 15.617594831000076 ], [ -89.039514499999939, 15.617298382000058 ], [ -89.040208675999963, 15.617176715000028 ], [ -89.041038124999943, 15.617191693000052 ], [ -89.041659373999948, 15.617292005000024 ], [ -89.04214030299994, 15.61745744600006 ], [ -89.042733415999976, 15.617780546000063 ], [ -89.043186073999948, 15.618236439000043 ], [ -89.043800312999963, 15.618671568000025 ], [ -89.044531996999979, 15.619020846000069 ], [ -89.04517492299999, 15.61914409600007 ], [ -89.045705839999982, 15.619131115000073 ], [ -89.046933080999963, 15.618884836000063 ], [ -89.04876543499995, 15.618337060000044 ], [ -89.050694834999945, 15.617522605000033 ], [ -89.052047526999957, 15.616741729000069 ], [ -89.053100197999981, 15.615979125000024 ], [ -89.053850602999944, 15.615321598000037 ], [ -89.054769121999982, 15.614332140000045 ], [ -89.05521694, 15.613827052000033 ], [ -89.055786357999978, 15.612988071000075 ], [ -89.055798770999957, 15.612339816000031 ], [ -89.055741964999982, 15.611690316000022 ], [ -89.055477659999951, 15.611059641000054 ], [ -89.054710687999943, 15.610152638000045 ], [ -89.053912510999965, 15.609690549000049 ], [ -89.053109608999989, 15.609475361000023 ], [ -89.05241932399997, 15.60939527000005 ], [ -89.052226214999962, 15.608632797000041 ], [ -89.052559308999946, 15.608101966000049 ], [ -89.053075052999986, 15.607664644000067 ], [ -89.053681422999944, 15.607295488000034 ], [ -89.054310624999971, 15.606949295000049 ], [ -89.054914591999989, 15.606735729000036 ], [ -89.055548903999977, 15.606122339000024 ], [ -89.055768526999941, 15.605500364000022 ], [ -89.055917226999952, 15.604966210000043 ], [ -89.056370581999943, 15.604170245000034 ], [ -89.057114523999985, 15.603847533000078 ], [ -89.058082945999956, 15.603864932000022 ], [ -89.059003546999975, 15.60394913600004 ], [ -89.062080410999954, 15.60278635700007 ], [ -89.06282831499999, 15.60106748000004 ], [ -89.064971047999961, 15.601105910000058 ], [ -89.065388203999987, 15.597997278000037 ], [ -89.066836479999949, 15.596984527000075 ], [ -89.066856305999977, 15.595945050000068 ], [ -89.06689591199995, 15.593868348000058 ], [ -89.070136878999961, 15.592541438000069 ], [ -89.070156661999988, 15.591503083000077 ], [ -89.070559938999963, 15.589085516000068 ], [ -89.072204135999982, 15.588534105000065 ], [ -89.073196676999942, 15.588871026000049 ], [ -89.074118520999946, 15.588887506000049 ], [ -89.075572482999974, 15.588824393000039 ], [ -89.07737108799995, 15.58881141300003 ], [ -89.07836272899999, 15.58882912200005 ], [ -89.07935803, 15.588623583000071 ], [ -89.080311196999958, 15.588216537000051 ], [ -89.080731989999947, 15.587933070000076 ], [ -89.081136986999979, 15.587225259000036 ], [ -89.081616441999984, 15.586272912000027 ], [ -89.082766695999965, 15.585198312000045 ], [ -89.08332405799996, 15.584983815000044 ], [ -89.08392835099994, 15.584748723000075 ], [ -89.084554043999958, 15.584581679000053 ], [ -89.08506628799995, 15.584322386000053 ], [ -89.085602631999961, 15.584019538000064 ], [ -89.086183930999937, 15.583738914000037 ], [ -89.086857429999952, 15.583505048000063 ], [ -89.087713451999946, 15.583340968000073 ], [ -89.088361976999977, 15.583196876000045 ], [ -89.089771252999981, 15.583065194000028 ], [ -89.09081247499995, 15.582860413000049 ], [ -89.091694297999936, 15.582562564000057 ], [ -89.093254670999954, 15.581763615000057 ], [ -89.093957603999968, 15.581172722000076 ], [ -89.094761028999983, 15.580159546000061 ], [ -89.095047436999948, 15.579627784000024 ], [ -89.095286773999987, 15.57918541500004 ], [ -89.095527235999953, 15.578652838000039 ], [ -89.096067863999963, 15.578152660000057 ], [ -89.096693461999962, 15.577958506000073 ], [ -89.097618244999978, 15.577818161000039 ], [ -89.098622825999939, 15.57835029000006 ], [ -89.099343314999942, 15.578984521000052 ], [ -89.104710868999973, 15.587187816000039 ], [ -89.11266332699995, 15.597090286000025 ], [ -89.115699585999948, 15.601868626000055 ], [ -89.119180540999935, 15.605750275000048 ], [ -89.129367214999945, 15.620167349000042 ], [ -89.136252934999959, 15.628921604000027 ], [ -89.13637315699998, 15.62967827500006 ], [ -89.138234686999965, 15.631329601000061 ], [ -89.140218619999985, 15.634492182000031 ], [ -89.145505653999976, 15.640961237000056 ], [ -89.148356737999961, 15.645409059000031 ], [ -89.152818237999952, 15.650641999000072 ], [ -89.156022919999941, 15.655523470000048 ], [ -89.159935709999957, 15.659772193000038 ], [ -89.164527413999963, 15.66090170800004 ], [ -89.182081502999949, 15.661020452000059 ], [ -89.189327658999957, 15.661526925000032 ], [ -89.226120048999974, 15.662364479000075 ], [ -89.229993946999969, 15.662808032000044 ], [ -89.240240554999957, 15.662789265000072 ], [ -89.245804315999976, 15.663270610000041 ], [ -89.247417958999961, 15.662919294000062 ], [ -89.251847832999943, 15.663367495000045 ], [ -89.298582107999948, 15.66436305700006 ], [ -89.303318249999961, 15.664602216000048 ], [ -89.304371020999952, 15.664233082000067 ], [ -89.307428413999958, 15.661874038000065 ], [ -89.310795609999957, 15.661028393000038 ], [ -89.311473963999958, 15.660566041000038 ], [ -89.313871637999966, 15.660219525000059 ], [ -89.319216218999941, 15.659543546000066 ], [ -89.326712766999947, 15.660051965000036 ], [ -89.332783091999943, 15.660138013000051 ], [ -89.340419013999963, 15.659138902000052 ], [ -89.345139758999949, 15.659595731000024 ], [ -89.353222745999972, 15.659156401000075 ], [ -89.358479548999981, 15.659427844000049 ], [ -89.362518530999978, 15.658546275000049 ], [ -89.364282492999962, 15.659303240000042 ], [ -89.367742844999952, 15.663422 ], [ -89.373648995999986, 15.664088580000055 ], [ -89.380066497999962, 15.664385539000023 ], [ -89.384213365999983, 15.663895696000054 ], [ -89.386417618999985, 15.662800584000024 ], [ -89.390520925999965, 15.662071850000075 ], [ -89.397306589999971, 15.663521713000023 ], [ -89.401518917999965, 15.663017939000042 ], [ -89.404856721999977, 15.663248818000056 ], [ -89.410021820999987, 15.662196443000028 ], [ -89.416955499999972, 15.662886625000056 ], [ -89.419074425999952, 15.662203791000024 ], [ -89.422708668999974, 15.661831153000037 ], [ -89.425849062999987, 15.662436430000071 ], [ -89.426952203999974, 15.662244604000023 ], [ -89.427800443999956, 15.661544308000032 ], [ -89.430008290999979, 15.661237374000052 ], [ -89.433625175999964, 15.661428367000042 ], [ -89.439709476999951, 15.660580898000035 ], [ -89.443329343999949, 15.660803366000039 ], [ -89.446848968999973, 15.659955724000042 ], [ -89.449626680999984, 15.660161023000057 ], [ -89.452255008999941, 15.659274 ], [ -89.456980677999979, 15.659691301000066 ], [ -89.457563619999974, 15.660392345000048 ], [ -89.459187346999954, 15.661816506000036 ], [ -89.460047306999968, 15.663673955000036 ], [ -89.463839503999964, 15.668232441000043 ], [ -89.467146283999966, 15.673634868000022 ], [ -89.468863701999965, 15.675410259000046 ], [ -89.469261801999949, 15.676604729000076 ], [ -89.476203713999951, 15.685892791000072 ], [ -89.479312552999943, 15.690951218000066 ], [ -89.489455903999954, 15.705236933000037 ], [ -89.492387516999941, 15.708503008000037 ], [ -89.493557055999986, 15.710910340000055 ], [ -89.48878925799994, 15.720571662000054 ], [ -89.486212184999943, 15.724464374000036 ], [ -89.485722154999962, 15.726272968000046 ], [ -89.482990613999959, 15.730773510000063 ], [ -89.481694330999971, 15.734144106000031 ], [ -89.478191608999964, 15.739916037000057 ], [ -89.477370417999964, 15.742376999000044 ], [ -89.473141987999952, 15.749510122000061 ], [ -89.472677518999944, 15.751310036000064 ], [ -89.46992155099997, 15.755800869000041 ], [ -89.465867464999974, 15.764132497000048 ], [ -89.46367519599994, 15.767471399000044 ], [ -89.461845277999942, 15.771778540000071 ], [ -89.459812400999965, 15.774852578000036 ], [ -89.459121520999986, 15.77706392500005 ], [ -89.455523421999942, 15.782970175000059 ], [ -89.45472240099997, 15.785546369000031 ], [ -89.450534624999989, 15.79257558200004 ], [ -89.449993059999898, 15.794365102000029 ], [ -89.448154173999967, 15.797246942000072 ], [ -89.448066920999963, 15.798307161000025 ], [ -89.446845502999963, 15.799789946000033 ], [ -89.445877816999939, 15.802222318000076 ], [ -89.441393198999947, 15.809957128000065 ], [ -89.437766210999939, 15.817107922000048 ], [ -89.437355679999939, 15.817492661000074 ], [ -89.436526119999897, 15.818048770000075 ], [ -89.435790725999937, 15.818484577000049 ], [ -89.435179199999936, 15.819133390000047 ], [ -89.43469883299997, 15.820176971000024 ], [ -89.433448902999942, 15.821643373000029 ], [ -89.432718806999958, 15.821809616000053 ], [ -89.432119015999945, 15.821755744000029 ], [ -89.431420076999984, 15.82144188500007 ], [ -89.430906551999954, 15.821120921000045 ], [ -89.430336562999969, 15.820697492000022 ], [ -89.42958846199997, 15.820562198000061 ], [ -89.428709252999965, 15.82065940800004 ], [ -89.428045714999939, 15.820950831000061 ], [ -89.427243745999988, 15.82126140500003 ], [ -89.426290494999989, 15.821625893000032 ], [ -89.425520526999946, 15.82207124100006 ], [ -89.425396155999977, 15.822549799000058 ], [ -89.425558728999988, 15.823178622000057 ], [ -89.426148889999979, 15.823746807000077 ], [ -89.426697139999987, 15.824080762000051 ], [ -89.427106762999983, 15.824445152000067 ], [ -89.427487394999957, 15.825132850000045 ], [ -89.427569989999938, 15.825671229000022 ], [ -89.427291786999945, 15.82638191500007 ], [ -89.426625674999968, 15.826851541000053 ], [ -89.426018608999982, 15.827210448000073 ], [ -89.425473328999942, 15.827369554000029 ], [ -89.424755052999956, 15.827491959000042 ], [ -89.423248390999959, 15.827813448000029 ], [ -89.42146822899997, 15.828577173000042 ], [ -89.42088838899997, 15.82871313000004 ], [ -89.420056139999986, 15.828755793000028 ], [ -89.419326178999938, 15.828251847000047 ], [ -89.418819615999951, 15.828164503000039 ], [ -89.418229500999985, 15.828222441000037 ], [ -89.41684113599996, 15.828377739000075 ], [ -89.415698644999964, 15.828996264000068 ], [ -89.416303580999966, 15.829386465000027 ], [ -89.41704833099999, 15.829712414000028 ], [ -89.417667871999981, 15.829968601000076 ], [ -89.418757093999943, 15.830388239000058 ], [ -89.419324130999939, 15.830978621000042 ], [ -89.419518884999945, 15.831730951000054 ], [ -89.420203038999944, 15.832222861000048 ], [ -89.420832667999946, 15.83253561600003 ], [ -89.421100301999957, 15.833054486000037 ], [ -89.421100341999988, 15.833713346000025 ], [ -89.421068555999966, 15.834227269000053 ], [ -89.42077550099998, 15.835117076000074 ], [ -89.418639996999957, 15.837686742000074 ], [ -89.418267525999966, 15.838518818000068 ], [ -89.418811474999984, 15.839097543000037 ], [ -89.419149029999971, 15.839583730000072 ], [ -89.41925274, 15.84027814500007 ], [ -89.418966369999964, 15.840787860000034 ], [ -89.41745900899997, 15.841803106000043 ], [ -89.416942137999968, 15.842297720000033 ], [ -89.416917661999946, 15.843023861000063 ], [ -89.417056921999972, 15.843618458000037 ], [ -89.417182544999946, 15.844358363000026 ], [ -89.417136539999944, 15.845016456000053 ], [ -89.416961360999949, 15.845762666000041 ], [ -89.41630463599995, 15.846355370000026 ], [ -89.415713487999938, 15.846468553000022 ], [ -89.415215947999968, 15.846528007000074 ], [ -89.414441501999988, 15.846560306000072 ], [ -89.413701233999973, 15.846637171000054 ], [ -89.412492669999949, 15.847063899000034 ], [ -89.411947742999985, 15.847166557000037 ], [ -89.411291204999941, 15.847089112000049 ], [ -89.41093510799999, 15.846334103000061 ], [ -89.410995177999951, 15.845540869000047 ], [ -89.410842306999939, 15.845025016000022 ], [ -89.410294215999954, 15.845339715000023 ], [ -89.408724564999943, 15.847236077000048 ], [ -89.408471434999967, 15.847841089000042 ], [ -89.408635750999963, 15.84833569500006 ], [ -89.40906511899999, 15.848868544000027 ], [ -89.409832239999957, 15.84925018000007 ], [ -89.41064836399994, 15.849464530000034 ], [ -89.411285718999977, 15.850000827000031 ], [ -89.411368464999953, 15.850527925000051 ], [ -89.411425536999957, 15.851221569000074 ], [ -89.411447837999958, 15.851937196000051 ], [ -89.411786763999942, 15.852345573000036 ], [ -89.412403981999944, 15.852736 ], [ -89.412877036999987, 15.853402693000078 ], [ -89.413375155999972, 15.853970524000033 ], [ -89.413920895999979, 15.854448889000025 ], [ -89.413888894999957, 15.854940240000076 ], [ -89.41341620899999, 15.855569822000064 ], [ -89.413006763999988, 15.855852974000072 ], [ -89.412295559999961, 15.856195429000024 ], [ -89.410420555999963, 15.857098452000059 ], [ -89.40775322799999, 15.858382031000076 ], [ -89.406874614999936, 15.859093976000054 ], [ -89.40648387799996, 15.859635774000026 ], [ -89.406241039999941, 15.860973126000033 ], [ -89.405917064999983, 15.861660434000044 ], [ -89.405224916999941, 15.862241216000029 ], [ -89.404430420999972, 15.86277629600005 ], [ -89.404030998999986, 15.863149846000056 ], [ -89.403612797999983, 15.863924709000059 ], [ -89.403514540999936, 15.864929393000068 ], [ -89.403456037999945, 15.865598548000037 ], [ -89.403354451999974, 15.866133862000027 ], [ -89.402541552999935, 15.867014969000024 ], [ -89.402040998999951, 15.867241297000078 ], [ -89.401041064999959, 15.867627408000033 ], [ -89.400185164999982, 15.867713565000031 ], [ -89.399379679999981, 15.867520776000049 ], [ -89.398846206999963, 15.867008734000024 ], [ -89.397444007999979, 15.864682816000027 ], [ -89.396411124999986, 15.863023016000056 ], [ -89.395777175999967, 15.862296075000074 ], [ -89.395298433999983, 15.861919191000027 ], [ -89.39454253599996, 15.861594093000065 ], [ -89.394059221999953, 15.861474350000037 ], [ -89.39348187, 15.861464724000029 ], [ -89.392579772999966, 15.861561366000046 ], [ -89.391915476999941, 15.861885345000076 ], [ -89.391488739999943, 15.862515631000065 ], [ -89.391467928999987, 15.863029718000064 ], [ -89.391697755999985, 15.863737517000061 ], [ -89.392111064999938, 15.864516065000032 ], [ -89.392356122999956, 15.865023308000048 ], [ -89.392698135999979, 15.865911227000026 ], [ -89.392777817999956, 15.866640213000039 ], [ -89.392757028999938, 15.86715317200003 ], [ -89.392696460999957, 15.867968942000061 ], [ -89.392387455999938, 15.868466940000076 ], [ -89.391796241999941, 15.86858004100003 ], [ -89.390831476999949, 15.868267238000044 ], [ -89.390078381999956, 15.867751510000062 ], [ -89.389435264999975, 15.867572678000045 ], [ -89.38859987799998, 15.867783228000064 ], [ -89.388219744999958, 15.868380435000063 ], [ -89.388115766999988, 15.86901497100007 ], [ -89.388240872999972, 15.869777429000067 ], [ -89.39140329899999, 15.872480258000053 ], [ -89.391772799999956, 15.87313398200007 ], [ -89.391725080999947, 15.873882275000028 ], [ -89.390975549999951, 15.874440603000039 ], [ -89.390246838999985, 15.874517556000058 ], [ -89.38932319099996, 15.874479566000048 ], [ -89.388359087999959, 15.874161115000049 ], [ -89.387888791999956, 15.873963729000025 ], [ -89.387364598999966, 15.87358606500004 ], [ -89.38698068299999, 15.873087776000034 ], [ -89.386702065999941, 15.872502128000065 ], [ -89.386362971999972, 15.872104992000061 ], [ -89.385780525999962, 15.871726353000042 ], [ -89.385074146999955, 15.871826228000032 ], [ -89.384478713999954, 15.872207733000039 ], [ -89.384079240999938, 15.872581234000052 ], [ -89.383503545999986, 15.873130031000073 ], [ -89.382334789999959, 15.874546592000058 ], [ -89.382105746999969, 15.875068469000041 ], [ -89.382149439999978, 15.875852128000076 ], [ -89.382546409999975, 15.87627167200003 ], [ -89.383350911999969, 15.876487073000021 ], [ -89.383938761999957, 15.876563471000054 ], [ -89.384803345999956, 15.876645624000048 ], [ -89.38612758499994, 15.876868583000032 ], [ -89.386795418999952, 15.87700271600005 ], [ -89.387528021999969, 15.877361305000022 ], [ -89.387920597999937, 15.878027830000065 ], [ -89.388302352999972, 15.878615205000074 ], [ -89.389332108999952, 15.879828247000034 ], [ -89.389815767999949, 15.880551573000048 ], [ -89.389881988999946, 15.881380737000029 ], [ -89.389614010999935, 15.882158064000066 ], [ -89.389075648999949, 15.882540531000075 ], [ -89.388378485999965, 15.882774813000026 ], [ -89.387720692999949, 15.88272997100006 ], [ -89.386651639999968, 15.882444722000059 ], [ -89.384491931999946, 15.88246386700007 ], [ -89.383756605999963, 15.882876869000029 ], [ -89.383107949999953, 15.883625246000065 ], [ -89.38273540099999, 15.88444706100006 ], [ -89.382234866999966, 15.885288164000031 ], [ -89.381669363999947, 15.885916088000045 ], [ -89.380966194999985, 15.886485297000036 ], [ -89.380413952999959, 15.887023189000047 ], [ -89.379998386999944, 15.887642338000035 ], [ -89.379770504999954, 15.888130383000032 ], [ -89.379650199999958, 15.889022978000071 ], [ -89.379776883999966, 15.889695213000039 ], [ -89.380688654999972, 15.891019132000054 ], [ -89.381001844999957, 15.891594089000023 ], [ -89.381021808999947, 15.892432628000051 ], [ -89.380919959999972, 15.892945351000037 ], [ -89.380689670999971, 15.893567604000054 ], [ -89.380572084999983, 15.894568543000048 ], [ -89.380025333999981, 15.895188876000077 ], [ -89.379455815999961, 15.89600624600007 ], [ -89.379142926999975, 15.896716235000042 ], [ -89.378855807999969, 15.897907237000027 ], [ -89.378713566999977, 15.898754335000035 ], [ -89.378423573999953, 15.89948726700004 ], [ -89.377770439999949, 15.901131274000022 ], [ -89.377664974999959, 15.901844737000033 ], [ -89.377630650999947, 15.902458993000039 ], [ -89.377526931999967, 15.905675807000023 ], [ -89.376805890999947, 15.906586509000022 ], [ -89.375134062999962, 15.908346508000022 ], [ -89.374335093999946, 15.909116001000029 ], [ -89.373888085999965, 15.909566505000043 ], [ -89.373080879999975, 15.910112483000034 ], [ -89.372615960999951, 15.910294191000048 ], [ -89.372045341999979, 15.910519244000056 ], [ -89.371399107999935, 15.91115704200007 ], [ -89.37101463, 15.911954925000032 ], [ -89.37046307199995, 15.913097457000049 ], [ -89.369845614999974, 15.914014382000062 ], [ -89.367419060999964, 15.915986084000053 ], [ -89.366224465999949, 15.916904549000037 ], [ -89.364986044999966, 15.917666587000042 ], [ -89.363807107999946, 15.91836193000006 ], [ -89.36225008699995, 15.918850084000042 ], [ -89.360545327999944, 15.919222920000038 ], [ -89.358991918999948, 15.919510304000028 ], [ -89.358007756999939, 15.919650486000023 ], [ -89.35563783799995, 15.920380932000057 ], [ -89.355046468999944, 15.920493897000028 ], [ -89.35423780299999, 15.920502785000053 ], [ -89.353580295999961, 15.920469101000037 ], [ -89.352795967999953, 15.920389274000058 ], [ -89.352047621999986, 15.920253649000074 ], [ -89.351381706999973, 15.920040449000055 ], [ -89.350496877999944, 15.919780672000059 ], [ -89.349738922999961, 15.919532067000034 ], [ -89.349117213999989, 15.919421138000075 ], [ -89.345861734999971, 15.919288144000063 ], [ -89.344570707999935, 15.919120732000067 ] ] ] ] } },
{ "type": "Feature", "properties": { "Codigo": 1503, "datos_finales_color_riesgo": "152640" }, "geometry": { "type": "MultiPolygon", "coordinates": [ [ [ [ -90.497678192999956, 15.265605064000056 ], [ -90.496616177999954, 15.262074636000023 ], [ -90.493583294999951, 15.257656087000043 ], [ -90.48872499, 15.250107289000027 ], [ -90.485243430999958, 15.244616566000047 ], [ -90.481867544999943, 15.237883767000028 ], [ -90.481081995999944, 15.235923723000042 ], [ -90.48012797399997, 15.233023435000064 ], [ -90.479914998999959, 15.230399083000066 ], [ -90.480026975999976, 15.226610803000028 ], [ -90.481228, 15.22316784800006 ], [ -90.482216385999948, 15.220781673000033 ], [ -90.482464926999967, 15.219097457000032 ], [ -90.481596428999978, 15.217172624000057 ], [ -90.479084054999987, 15.215697964000071 ], [ -90.471046352999963, 15.214845444000048 ], [ -90.464711994999959, 15.213199993000046 ], [ -90.460977280999941, 15.213646757000049 ], [ -90.456881453999983, 15.215549378000048 ], [ -90.453221342999939, 15.218347768000058 ], [ -90.450215731999947, 15.22009435800004 ], [ -90.44863810399994, 15.220347443000037 ], [ -90.443671316999939, 15.219914961000029 ], [ -90.439423079999983, 15.217860071000075 ], [ -90.436421110999959, 15.215263791000041 ], [ -90.434456241999953, 15.212111363000076 ], [ -90.431327370999952, 15.20776453700006 ], [ -90.430024102999937, 15.203043359000048 ], [ -90.42962461799999, 15.201273936000064 ], [ -90.429894479999973, 15.197284358000047 ], [ -90.43158442899994, 15.193934285000068 ], [ -90.432786461999967, 15.19323438300006 ], [ -90.435490241999958, 15.192143973000043 ], [ -90.449399492999987, 15.19152635100005 ], [ -90.45183497499994, 15.190453010000056 ], [ -90.454311143999973, 15.189814829000056 ], [ -90.457013273999962, 15.188075978000029 ], [ -90.459403361999989, 15.186758130000044 ], [ -90.460613553999963, 15.185901196000032 ], [ -90.461560189999943, 15.185351806000028 ], [ -90.46675879299994, 15.182132375000037 ], [ -90.46861159599996, 15.180765459000042 ], [ -90.470241193999982, 15.18027225700007 ], [ -90.471757246999971, 15.179402878000076 ], [ -90.473006355999985, 15.178394992000051 ], [ -90.473849203999976, 15.177279784000064 ], [ -90.474045154999942, 15.175565624000058 ], [ -90.473901516999945, 15.173760709000078 ], [ -90.47488032199999, 15.172453928000039 ], [ -90.478292187999955, 15.170542044000058 ], [ -90.480292662999943, 15.169110036000063 ], [ -90.482578208999939, 15.167804270000033 ], [ -90.484965079999938, 15.166678022000042 ], [ -90.487950496999986, 15.165174490000027 ], [ -90.490442384999938, 15.163568308000038 ], [ -90.491693769999983, 15.162598707000029 ], [ -90.492844426999966, 15.161099515000046 ], [ -90.493472858999951, 15.159419483000022 ], [ -90.493676450999942, 15.156250957000054 ], [ -90.492741688999956, 15.154133480000041 ], [ -90.491457883999942, 15.152336201000026 ], [ -90.48499235099996, 15.147657088000074 ], [ -90.482920096999976, 15.145988745000068 ], [ -90.479784549999977, 15.143257238000047 ], [ -90.478191594999942, 15.141419190000022 ], [ -90.47629681899997, 15.137634430000048 ], [ -90.475588976999973, 15.136007262000078 ], [ -90.475165612999945, 15.134408117000078 ], [ -90.474192563999964, 15.130442824000056 ], [ -90.471949333999987, 15.125177178000058 ], [ -90.470241125999962, 15.123859493000054 ], [ -90.466650004999963, 15.121796889000052 ], [ -90.465767459999938, 15.121186268000031 ], [ -90.464743057999954, 15.120531142000061 ], [ -90.461069134999946, 15.118257508000056 ], [ -90.459118683999975, 15.116697649000059 ], [ -90.45832474499997, 15.115970567000033 ], [ -90.457839523999951, 15.114746732000071 ], [ -90.456212667999978, 15.109154827000054 ], [ -90.455290797999965, 15.106390401000056 ], [ -90.453348259999984, 15.101402435000068 ], [ -90.450193245999969, 15.09673503700003 ], [ -90.447273544999973, 15.092859557000054 ], [ -90.445735884999976, 15.091114583000035 ], [ -90.44494294499998, 15.090266663000023 ], [ -90.443855477999989, 15.089266366000061 ], [ -90.442294655999945, 15.087518857000077 ], [ -90.440263572999982, 15.083749336000039 ], [ -90.439226745999974, 15.081387825000036 ], [ -90.439320953999982, 15.072451560000047 ], [ -90.439050725999948, 15.071532755000021 ], [ -90.438740884999959, 15.070816750000063 ], [ -90.437218258999962, 15.066960385000073 ], [ -90.43507935699995, 15.062849759000073 ], [ -90.434452457999953, 15.061878362000073 ], [ -90.434081682999988, 15.061255385000038 ], [ -90.431243200999972, 15.057109724000043 ], [ -90.430279935999977, 15.053135467000061 ], [ -90.429762256999936, 15.052071582000053 ], [ -90.423749762999989, 15.042830142000071 ], [ -90.423258383999951, 15.038324885000065 ], [ -90.423033536999981, 15.037504826000031 ], [ -90.421879267999941, 15.033971024000039 ], [ -90.421001037999986, 15.032122793000042 ], [ -90.420043785999951, 15.030518689000075 ], [ -90.417248141999949, 15.024504683000032 ], [ -90.416589317999978, 15.01804184100007 ], [ -90.417593040999975, 15.014132829000062 ], [ -90.417947458999947, 15.013739392000048 ], [ -90.420162910999977, 15.012241308000057 ], [ -90.424761118999982, 15.00841250700006 ], [ -90.426639530999978, 15.004783192000048 ], [ -90.428374691999977, 15.005790825000076 ], [ -90.430782121999982, 15.007997309000075 ], [ -90.433021875999941, 15.009510830000067 ], [ -90.433638876999964, 15.009841864000066 ], [ -90.43430405099997, 15.009981479000032 ], [ -90.435282421999943, 15.010015098000054 ], [ -90.436401949999947, 15.009415709000052 ], [ -90.437032004999935, 15.008701272000053 ], [ -90.437507252999978, 15.00693947600007 ], [ -90.438239659999965, 15.005239294000035 ], [ -90.438820336999981, 15.004182155000024 ], [ -90.439167871999985, 15.002265349000027 ], [ -90.43963568099997, 15.000783496000054 ], [ -90.44035658699994, 14.999021065000022 ], [ -90.442001781999977, 14.998024435000048 ], [ -90.449703265999972, 14.995816363000074 ], [ -90.452462953999941, 14.995513024000047 ], [ -90.453641730999948, 14.996277117000034 ], [ -90.45674616299999, 14.999338033000072 ], [ -90.457616027999961, 15.000194639000028 ], [ -90.458182827999963, 15.001236432000042 ], [ -90.461201612999957, 15.005609589000073 ], [ -90.464592050999954, 15.008672492000073 ], [ -90.465603051999949, 15.009438056000022 ], [ -90.468422509999982, 15.01167024700004 ], [ -90.472715453999967, 15.014176245000044 ], [ -90.476905810999938, 15.015633143000059 ], [ -90.483417342999985, 15.017356194000058 ], [ -90.486015189999989, 15.018646255000021 ], [ -90.488095859999987, 15.019605365000075 ], [ -90.489460451999946, 15.020051796000075 ], [ -90.491336079999897, 15.020265596000058 ], [ -90.506160501999943, 15.019787313000052 ], [ -90.508699302999958, 15.020426059000044 ], [ -90.51315841, 15.020487305000074 ], [ -90.515031, 15.020315814000071 ], [ -90.51761361399997, 15.018173656000045 ], [ -90.519528622999985, 15.015836727000021 ], [ -90.520880688999966, 15.012492012000052 ], [ -90.520917074999943, 15.007827557000041 ], [ -90.522623777999968, 15.008985542000062 ], [ -90.524567497999954, 15.009942838000029 ], [ -90.526899345999936, 15.010541852000074 ], [ -90.529188361999957, 15.010876139000061 ], [ -90.53029756799998, 15.010955940000031 ], [ -90.531674521999946, 15.010787951000054 ], [ -90.534518231999982, 15.009358684000063 ], [ -90.536842681999985, 15.008274948000064 ], [ -90.538550783999938, 15.008204226000032 ], [ -90.540604735999977, 15.007810878000043 ], [ -90.543596262999984, 15.005537274000062 ], [ -90.547772615999975, 15.003684053000029 ], [ -90.548762520999958, 15.002864718000069 ], [ -90.549563230999979, 15.00233468600004 ], [ -90.550276598999972, 15.002281388000029 ], [ -90.551118819999942, 15.002492588000052 ], [ -90.552093439999965, 15.003167075000022 ], [ -90.553001276999964, 15.004197686000055 ], [ -90.553580912999962, 15.006044603000078 ], [ -90.553727364999986, 15.00976481500004 ], [ -90.554302048999944, 15.010925093000026 ], [ -90.555533394999941, 15.011914008000076 ], [ -90.557107328999962, 15.012100306000036 ], [ -90.558602648999965, 15.011945843000035 ], [ -90.560332107999955, 15.011482206000039 ], [ -90.562364393999985, 15.009006071000044 ], [ -90.562970262999954, 15.008086567000078 ], [ -90.565935277999984, 15.001827180000078 ], [ -90.567308460999982, 15.000241692000031 ], [ -90.568275642999936, 15.000345755000069 ], [ -90.569762337999975, 15.002078123000047 ], [ -90.572512427999982, 15.003974155000037 ], [ -90.57478645599997, 15.004819380000072 ], [ -90.577835341999958, 15.005828676000021 ], [ -90.582582425999988, 15.006619967000063 ], [ -90.584314121999967, 15.010240752000072 ], [ -90.585494033999964, 15.012563783000076 ], [ -90.586152527999957, 15.015640151000071 ], [ -90.586014794999983, 15.02148495800003 ], [ -90.586598074999984, 15.025051765000057 ], [ -90.586151785999959, 15.027592416000061 ], [ -90.585353730999941, 15.029793932000075 ], [ -90.584438401999989, 15.030954132000033 ], [ -90.58274163699997, 15.032371392000073 ], [ -90.579795922999949, 15.033666922000066 ], [ -90.576978627999949, 15.034237659000041 ], [ -90.575112310999941, 15.034611857000073 ], [ -90.573645687999942, 15.035039998000059 ], [ -90.572211864999986, 15.035957449000023 ], [ -90.570093632999942, 15.038104116000056 ], [ -90.565331265999987, 15.041318929000056 ], [ -90.558759217999977, 15.045475166000074 ], [ -90.554845288999957, 15.04931201900007 ], [ -90.554005938999978, 15.050767613000062 ], [ -90.55334357299995, 15.052802159000066 ], [ -90.552276379999967, 15.054211246000023 ], [ -90.550608885999964, 15.05623606100005 ], [ -90.548618205999958, 15.058522737000033 ], [ -90.547375625999962, 15.061744594000061 ], [ -90.547727562999967, 15.067289610000046 ], [ -90.550234952999972, 15.073934112000074 ], [ -90.55231969099998, 15.077914655000029 ], [ -90.555859077999969, 15.083009654000023 ], [ -90.557614693999938, 15.085141422000049 ], [ -90.560836755999958, 15.088731044000042 ], [ -90.566257251999957, 15.094273052000062 ], [ -90.56869775199999, 15.09665265700005 ], [ -90.569634693999944, 15.097664376000068 ], [ -90.573443920999978, 15.102039364000063 ], [ -90.574143024999955, 15.109050543000023 ], [ -90.574563506999937, 15.111276313000076 ], [ -90.575792317999969, 15.113309742000069 ], [ -90.579311278999967, 15.116406630000029 ], [ -90.58165854899994, 15.118737717000045 ], [ -90.582774908999966, 15.12059940000006 ], [ -90.583599400999958, 15.124470314000064 ], [ -90.583981113999982, 15.127049127000078 ], [ -90.584440565999955, 15.13087209300005 ], [ -90.58517132899999, 15.134964469000067 ], [ -90.585424571999965, 15.147182461000057 ], [ -90.584272035999959, 15.153822628000057 ], [ -90.582732418999967, 15.156558147000055 ], [ -90.581604371999958, 15.158320124000056 ], [ -90.579495798999972, 15.161084513000048 ], [ -90.577438581999957, 15.163826842000049 ], [ -90.574886653999954, 15.167173621000074 ], [ -90.573309069999937, 15.169242374000078 ], [ -90.571864718999961, 15.170994096000072 ], [ -90.569900537999956, 15.173615371000039 ], [ -90.566559908999977, 15.176412596000034 ], [ -90.556610962999969, 15.181300651000072 ], [ -90.554360261999989, 15.182323023000038 ], [ -90.55320971399999, 15.182976774000053 ], [ -90.552432520999957, 15.18336920400003 ], [ -90.551834566999958, 15.183746645000042 ], [ -90.550737817999959, 15.185531333000029 ], [ -90.550496907999957, 15.187615544000039 ], [ -90.551543165999988, 15.190561819000038 ], [ -90.552521354999953, 15.192102580000039 ], [ -90.55359582799997, 15.194067851000057 ], [ -90.554386270999942, 15.19691761200005 ], [ -90.554295164999985, 15.200986402000069 ], [ -90.555839068999944, 15.205006344000026 ], [ -90.555977061999954, 15.210890059000064 ], [ -90.554919392999977, 15.21376037400006 ], [ -90.553729697999984, 15.215371271000038 ], [ -90.553147140999954, 15.216320261000021 ], [ -90.54894528599999, 15.219742341000028 ], [ -90.547955712999965, 15.220685745000026 ], [ -90.547337764999952, 15.218360682000025 ], [ -90.546427565999977, 15.214559908000069 ], [ -90.54647586599998, 15.209685537000041 ], [ -90.546324283999979, 15.209067321000077 ], [ -90.545946647999983, 15.20843760300005 ], [ -90.545183777999966, 15.207232288000057 ], [ -90.544370255999979, 15.207137580000051 ], [ -90.543977617999985, 15.207753239000056 ], [ -90.543709808999949, 15.20853512900004 ], [ -90.543439701999944, 15.209464921000063 ], [ -90.542822795999939, 15.210165078000045 ], [ -90.541457884999943, 15.211236471000063 ], [ -90.540983421999954, 15.211435671000061 ], [ -90.540156685999989, 15.211726997000028 ], [ -90.539078439999969, 15.212295617000052 ], [ -90.538276031999942, 15.212694480000039 ], [ -90.537115412999981, 15.213345747000062 ], [ -90.536411193999982, 15.21415107100006 ], [ -90.534959344999947, 15.215393105000032 ], [ -90.53425077899999, 15.216021082000054 ], [ -90.533356504999972, 15.217166463000069 ], [ -90.532597502999977, 15.218479319000039 ], [ -90.531484506999959, 15.22077747700007 ], [ -90.530653235999978, 15.222401195000032 ], [ -90.529754053999966, 15.224012865000077 ], [ -90.528915275999964, 15.225280786000042 ], [ -90.528310880999982, 15.226096205000033 ], [ -90.527823106999961, 15.226734489000023 ], [ -90.527519772999938, 15.227264140000045 ], [ -90.527237554999942, 15.227927271000055 ], [ -90.527081058999954, 15.228580493000038 ], [ -90.526995239999962, 15.229057207000039 ], [ -90.52708699499999, 15.230013536000058 ], [ -90.527398176999952, 15.231798870000034 ], [ -90.527641964999987, 15.232733159000077 ], [ -90.527781139999945, 15.233264294000037 ], [ -90.527884523999944, 15.234220752000056 ], [ -90.527917489999936, 15.235331134000035 ], [ -90.527643309999974, 15.236250685000073 ], [ -90.527109835999966, 15.236865876000024 ], [ -90.526566340999977, 15.237392876000058 ], [ -90.525936400999967, 15.237752928000077 ], [ -90.524968447999981, 15.238075371000036 ], [ -90.524267710999936, 15.238322844000038 ], [ -90.523566578999976, 15.238604186000032 ], [ -90.523082258999978, 15.238943250000034 ], [ -90.522365472999979, 15.239567696000051 ], [ -90.521797971999945, 15.240206207000028 ], [ -90.521457237999982, 15.240946596000072 ], [ -90.521301088999962, 15.241567066000073 ], [ -90.521248456999956, 15.242187551000029 ], [ -90.521316007999985, 15.243221528000049 ], [ -90.521109684999942, 15.244252476000042 ], [ -90.520622357999969, 15.244846701000029 ], [ -90.52013736899994, 15.245241079000039 ], [ -90.519158278999953, 15.245864868000069 ], [ -90.517158326999947, 15.246607213000061 ], [ -90.516019530999984, 15.247161465000033 ], [ -90.515557738999973, 15.247510920000025 ], [ -90.514899636999985, 15.248036613000068 ], [ -90.514182130999984, 15.248717479000049 ], [ -90.51395962, 15.249192664000077 ], [ -90.513723456999969, 15.250778839000077 ], [ -90.513633426999945, 15.252598120000073 ], [ -90.513451888999953, 15.254384770000058 ], [ -90.51289432699997, 15.256099492000033 ], [ -90.51147124299996, 15.258416631000046 ], [ -90.510592732999953, 15.259183766000035 ], [ -90.509956991999957, 15.259732272000065 ], [ -90.50930372, 15.26013942700007 ], [ -90.508452880999982, 15.260236116000044 ], [ -90.507564564999939, 15.25986150500006 ], [ -90.506723586999954, 15.259418536000055 ], [ -90.505548997999938, 15.259105099000067 ], [ -90.504851054999961, 15.259108620000063 ], [ -90.504254599999967, 15.259235224000065 ], [ -90.503716100999952, 15.259329725000043 ], [ -90.503277596999965, 15.259624077000069 ], [ -90.502870298999937, 15.26023043500004 ], [ -90.502711473999966, 15.260726642000066 ], [ -90.502648675999978, 15.261561547000042 ], [ -90.502753932999951, 15.263283615000034 ], [ -90.502859357999967, 15.264057161000039 ], [ -90.502859776999969, 15.264956007000023 ], [ -90.50268073699999, 15.265587491000076 ], [ -90.502045087999988, 15.266124674000025 ], [ -90.501276273999963, 15.266315969000061 ], [ -90.500317774999985, 15.266121216000045 ], [ -90.499394162999977, 15.26587829500005 ], [ -90.498491065999985, 15.265622047000022 ], [ -90.497678192999956, 15.265605064000056 ] ] ] ] } },
{ "type": "Feature", "properties": { "Codigo": 513, "datos_finales_color_riesgo": "152640" }, "geometry": { "type": "MultiPolygon", "coordinates": [ [ [ [ -91.178932505999967, 14.201339572000052 ], [ -91.17858401699999, 14.200896327000066 ], [ -91.17800669899998, 14.200830929000062 ], [ -91.177436348999947, 14.201414043000057 ], [ -91.176719380999941, 14.201506866000045 ], [ -91.176461891999963, 14.200690374000033 ], [ -91.176216519999969, 14.19995192500005 ], [ -91.17592018, 14.199287648000052 ], [ -91.175272604999975, 14.198596971000029 ], [ -91.17464778499999, 14.198101906000034 ], [ -91.17442926199999, 14.197193072000061 ], [ -91.174434375999965, 14.196554818000038 ], [ -91.174541603999955, 14.195673320000026 ], [ -91.17482619499998, 14.19469489100004 ], [ -91.175109419999956, 14.193814734000057 ], [ -91.17549258799994, 14.193105930000058 ], [ -91.175622343999976, 14.192591764000042 ], [ -91.175677233999977, 14.191955017000055 ], [ -91.175611581999988, 14.190753620000066 ], [ -91.175189823999972, 14.190063534000046 ], [ -91.174817259999941, 14.189520688000073 ], [ -91.174447636999957, 14.188610703000052 ], [ -91.174478418999968, 14.187875486000053 ], [ -91.174483321999958, 14.187263212000062 ], [ -91.174465102999989, 14.186429339000028 ], [ -91.174505107999948, 14.184541874000047 ], [ -91.174695431999965, 14.182752710000045 ], [ -91.174858296999957, 14.181283050000047 ], [ -91.174896333999982, 14.179640719000076 ], [ -91.174902415999952, 14.178880461000062 ], [ -91.174582183999973, 14.178093992000072 ], [ -91.174283908999939, 14.177674853000042 ], [ -91.173509223999986, 14.177104087000032 ], [ -91.172431732999939, 14.176753569000027 ], [ -91.171778748999941, 14.176674027000047 ], [ -91.171303708999972, 14.176351821000026 ], [ -91.171182604999956, 14.175787166000077 ], [ -91.171438942999941, 14.175225390000037 ], [ -91.171793672999968, 14.174811227000077 ], [ -91.17214976799994, 14.174298787000055 ], [ -91.172431003999975, 14.173663769000029 ], [ -91.172488829999963, 14.172732188000055 ], [ -91.172442781999962, 14.17219295700005 ], [ -91.172174501999962, 14.171210313000074 ], [ -91.172079863999954, 14.170449285000075 ], [ -91.172361870999964, 14.16978941800005 ], [ -91.172791834999941, 14.169449258000043 ], [ -91.173473423999951, 14.169062435000058 ], [ -91.173928866999972, 14.168649035000044 ], [ -91.174613981999983, 14.167820513000038 ], [ -91.175729047999937, 14.166651824000041 ], [ -91.177100030999952, 14.164896483000064 ], [ -91.180847619999952, 14.161296241000059 ], [ -91.183934344999955, 14.158671534000064 ], [ -91.186614408999958, 14.156583720000071 ], [ -91.187931001999971, 14.155318194000074 ], [ -91.189475651999942, 14.15383408200006 ], [ -91.190944059999936, 14.152472524000075 ], [ -91.192389703999936, 14.150766214000043 ], [ -91.193279813999936, 14.149400282000045 ], [ -91.194046818999936, 14.147714834000055 ], [ -91.194791642999974, 14.145684643000038 ], [ -91.195436502999939, 14.143556542000056 ], [ -91.195805063999956, 14.141450088000056 ], [ -91.196320810999964, 14.139762740000037 ], [ -91.196729658999971, 14.138932060000059 ], [ -91.198638794999965, 14.135758249000048 ], [ -91.199530152999955, 14.134294005000072 ], [ -91.200215063999963, 14.133391951000021 ], [ -91.201251684999988, 14.132590814000025 ], [ -91.202059880999968, 14.132056842000054 ], [ -91.20347213299999, 14.131405372000074 ], [ -91.205235519999974, 14.130854799000076 ], [ -91.206744810999965, 14.130597182000031 ], [ -91.208404408999968, 14.130437834000077 ], [ -91.209484637999935, 14.130421027000068 ], [ -91.211119724999946, 14.130212899000071 ], [ -91.212228101999983, 14.129852845000073 ], [ -91.212984374999962, 14.129515023000067 ], [ -91.213842695999972, 14.12900623400003 ], [ -91.215182331999983, 14.127937270000075 ], [ -91.216801669999938, 14.126478348000035 ], [ -91.217715091999935, 14.125357625000049 ], [ -91.218783186999985, 14.123698023000031 ], [ -91.21903376099999, 14.123258145000023 ], [ -91.219547244999944, 14.12235475500006 ], [ -91.220260176999943, 14.12118395400006 ], [ -91.220897674999947, 14.119961756000066 ], [ -91.221207398999979, 14.118909985000073 ], [ -91.22141907799994, 14.117514042000039 ], [ -91.221428019999962, 14.11636175600006 ], [ -91.221565594999959, 14.114818397000022 ], [ -91.221757281999942, 14.113760103000061 ], [ -91.221854605999965, 14.113226446000056 ], [ -91.222063038999977, 14.112247359000037 ], [ -91.222344430999954, 14.111562544000037 ], [ -91.222826657999974, 14.110952647000033 ], [ -91.22325719, 14.110515220000025 ], [ -91.223888169999952, 14.110127852000062 ], [ -91.224970603999964, 14.109889547000023 ], [ -91.225523309999971, 14.109893622000072 ], [ -91.226075438999942, 14.109972256000049 ], [ -91.226976417999936, 14.110370919000047 ], [ -91.22777879299997, 14.110572277000074 ], [ -91.228306990999954, 14.110527584000067 ], [ -91.228887612999984, 14.110139831000026 ], [ -91.229397733999974, 14.109138095000048 ], [ -91.22945206199995, 14.108623323000074 ], [ -91.229535811999938, 14.107521294000037 ], [ -91.229545089999988, 14.106319295000048 ], [ -91.229529096999954, 14.105166823000047 ], [ -91.229462946999945, 14.103989124000066 ], [ -91.229595341999982, 14.103107754000064 ], [ -91.229954775999943, 14.102129762000061 ], [ -91.231023791999974, 14.100323219000074 ], [ -91.231912514999976, 14.099079096000025 ], [ -91.233002234999958, 14.09781158800007 ], [ -91.234218287999965, 14.096521274000054 ], [ -91.235337214999959, 14.094763650000061 ], [ -91.236298666999971, 14.093839762000073 ], [ -91.23723335599999, 14.093159702000037 ], [ -91.23761443699999, 14.092672170000071 ], [ -91.237818829999981, 14.092207071000075 ], [ -91.237898762999976, 14.091595322000046 ], [ -91.237902715999951, 14.091080176000048 ], [ -91.237757704999979, 14.090368494000074 ], [ -91.237786350999954, 14.089878384000031 ], [ -91.238450054999987, 14.088534294000056 ], [ -91.23939147499999, 14.086971923000021 ], [ -91.240234287999954, 14.085437072000047 ], [ -91.240693823999948, 14.084602137000047 ], [ -91.241225832999987, 14.083673958000077 ], [ -91.241805148999958, 14.082839893000028 ], [ -91.24281647, 14.081589831000031 ], [ -91.243467843999952, 14.080639919000077 ], [ -91.244021767999982, 14.07994575400005 ], [ -91.244526288999964, 14.079506555000023 ], [ -91.245148944999983, 14.079208307000044 ], [ -91.245840645999976, 14.07918961200005 ], [ -91.246532211999977, 14.079264687000034 ], [ -91.247271410999986, 14.079316380000023 ], [ -91.248129457999937, 14.079416386000048 ], [ -91.249082056999953, 14.079563394000047 ], [ -91.249798770999973, 14.079452228000036 ], [ -91.25037645499998, 14.078827134000051 ], [ -91.250546657999962, 14.078362901000048 ], [ -91.250743114999977, 14.077642400000059 ], [ -91.250989326999957, 14.076619479000044 ], [ -91.251402419999977, 14.075644088000047 ], [ -91.251883316999965, 14.075112058000059 ], [ -91.252387450999947, 14.074720289000027 ], [ -91.25296188499999, 14.074444266000057 ], [ -91.253487971999959, 14.074285387000032 ], [ -91.254157038999949, 14.074197587000072 ], [ -91.255040752999946, 14.074040161000028 ], [ -91.255876475999969, 14.073953562000042 ], [ -91.256568866999942, 14.073842198000023 ], [ -91.25759643899994, 14.073639481000043 ], [ -91.258244726999976, 14.073086050000029 ], [ -91.258466555999973, 14.072144285000036 ], [ -91.258424702999946, 14.071328283000071 ], [ -91.258309555999972, 14.070791936000035 ], [ -91.257601029999989, 14.069902204000073 ], [ -91.257104851999941, 14.06924674000004 ], [ -91.25658459899995, 14.068637422000052 ], [ -91.256183371999953, 14.068052687000034 ], [ -91.255901349999988, 14.067468813000062 ], [ -91.255744590999939, 14.066162786000064 ], [ -91.255773787999942, 14.065441068000041 ], [ -91.255948074999935, 14.064511391000053 ], [ -91.256218667999974, 14.063395993000029 ], [ -91.256629765999946, 14.062677032000067 ], [ -91.257038747999957, 14.062237112000048 ], [ -91.257566748999977, 14.061821774000066 ], [ -91.258617989999948, 14.061619218000033 ], [ -91.259739513999989, 14.061534660000063 ], [ -91.260623167999938, 14.061378337000065 ], [ -91.26134035299998, 14.061197089000075 ], [ -91.261963288999937, 14.060852470000043 ], [ -91.262347254999952, 14.060504999000045 ], [ -91.26261716199997, 14.059552276000034 ], [ -91.262576871999954, 14.058527271000059 ], [ -91.262463641999943, 14.057735609000076 ], [ -91.262349891999975, 14.057012860000043 ], [ -91.262353933999975, 14.056477371000028 ], [ -91.262453099999959, 14.055988890000037 ], [ -91.262936439999976, 14.05520038700007 ], [ -91.263417086999937, 14.054692050000028 ], [ -91.264017515999967, 14.054183444000046 ], [ -91.264736905999939, 14.053629369000078 ], [ -91.265553918999956, 14.052866981000022 ], [ -91.266346623999937, 14.052104416000077 ], [ -91.266804238999953, 14.051502132000053 ], [ -91.267263302999936, 14.050783491000061 ], [ -91.267625788999965, 14.050134204000074 ], [ -91.267990727999972, 14.04915842500003 ], [ -91.268186044999936, 14.04857798300003 ], [ -91.26826147099996, 14.048089327000071 ], [ -91.26826549599997, 14.047553836000077 ], [ -91.268246146999957, 14.046971857000074 ], [ -91.268108425999969, 14.046202615000027 ], [ -91.267921920999981, 14.045688356000028 ], [ -91.26771268899995, 14.044964923000066 ], [ -91.267622297999935, 14.044288663000032 ], [ -91.267628421999973, 14.043474131000039 ], [ -91.267658971999936, 14.042566002000058 ], [ -91.267711137999981, 14.041938214000027 ], [ -91.26798222299999, 14.040821667000046 ], [ -91.26824869699999, 14.040241735000052 ], [ -91.268561967999972, 14.039824826000029 ], [ -91.268898781999951, 14.039431812000032 ], [ -91.269619216999956, 14.038807676000033 ], [ -91.270506102999946, 14.038208453000038 ], [ -91.271128783999984, 14.037887525000031 ], [ -91.27179821499999, 14.037659573000042 ], [ -91.272804856999983, 14.037061194000046 ], [ -91.273572716999979, 14.036437383000077 ], [ -91.274726265999959, 14.035304524000026 ], [ -91.275425497999947, 14.034262194000064 ], [ -91.275503687999958, 14.033400721000078 ], [ -91.275293741999974, 14.032769930000029 ], [ -91.274868269999956, 14.032255101000032 ], [ -91.274441928999977, 14.031856632000029 ], [ -91.273755194999978, 14.031152395000049 ], [ -91.273353451999981, 14.030637733000049 ], [ -91.272952987999986, 14.030029308000053 ], [ -91.272622767999962, 14.029467703000023 ], [ -91.27238893399999, 14.028860467000072 ], [ -91.272393814999987, 14.02820861400005 ], [ -91.27280426599998, 14.027559652000036 ], [ -91.273452553999959, 14.026982437000072 ], [ -91.273930855999936, 14.02677570700007 ], [ -91.274648447999937, 14.026524361000043 ], [ -91.275509802999977, 14.026158796000061 ], [ -91.276299478999988, 14.025861636000059 ], [ -91.27723199799999, 14.025495443000068 ], [ -91.277903700999957, 14.025034747000063 ], [ -91.27891282, 14.024017201000049 ], [ -91.279778505999957, 14.023068678000072 ], [ -91.280887398999937, 14.021469985000067 ], [ -91.281660902999988, 14.020077917000037 ], [ -91.282265347999953, 14.019011159000058 ], [ -91.282652729999938, 14.018268240000054 ], [ -91.282919998999944, 14.017571921000069 ], [ -91.283189409999977, 14.016665473000046 ], [ -91.283313432999989, 14.016014460000065 ], [ -91.28339047899999, 14.015223017000039 ], [ -91.283376281999949, 14.013941727000031 ], [ -91.283357575999958, 14.013267104000022 ], [ -91.283459959999959, 14.012335747000066 ], [ -91.283534920999955, 14.01182447900004 ], [ -91.283610813999985, 14.011265767000054 ], [ -91.284000017999972, 14.010805541000025 ], [ -91.284123516999955, 14.010791709000046 ], [ -91.284739681999952, 14.010722700000031 ], [ -91.285500398999943, 14.010505352000052 ], [ -91.286623361999943, 14.010686475000057 ], [ -91.288036120999948, 14.01083137300003 ], [ -91.289014185999974, 14.010505352000052 ], [ -91.289521329999957, 14.009708411000076 ], [ -91.289521330999946, 14.008404325000072 ], [ -91.288615714999935, 14.007027790000052 ], [ -91.288615714999935, 14.00657609600006 ], [ -91.288615715999981, 14.005868602000078 ], [ -91.289448880999942, 14.005180335000034 ], [ -91.291151437999986, 14.004673190000062 ], [ -91.291956457999959, 14.004282879000073 ], [ -91.292346849999944, 14.004093597000065 ], [ -91.292962668999962, 14.003079307000064 ], [ -91.292600421999964, 14.002282366000031 ], [ -91.291586132999953, 14.000869606000037 ], [ -91.291513683999938, 13.999855317000026 ], [ -91.291948379999951, 13.998696130000042 ], [ -91.292036262999943, 13.998618012000065 ], [ -91.292763432999948, 13.997971638000024 ], [ -91.294103743999983, 13.998152760000039 ], [ -91.295065543999954, 13.998382758000048 ], [ -91.29577007499995, 13.998551231000022 ], [ -91.296820589999982, 13.997754290000046 ], [ -91.297653754999942, 13.995725712000024 ], [ -91.298812942999973, 13.993878257000063 ], [ -91.300587948999976, 13.992356824000069 ], [ -91.301493563999941, 13.991125187000023 ], [ -91.301276215999962, 13.989712427000029 ], [ -91.300877745999969, 13.987973645000068 ], [ -91.30089585799999, 13.987104255000077 ], [ -91.300968306999948, 13.985510372000022 ], [ -91.301801472999955, 13.983952714000054 ], [ -91.302562189999946, 13.98239505600003 ], [ -91.301910146999944, 13.979895557000077 ], [ -91.301040755999963, 13.977685856000051 ], [ -91.301040756999953, 13.976744017000044 ], [ -91.30146466299999, 13.97627023900003 ], [ -91.301656574999981, 13.976055749000068 ], [ -91.302344842999958, 13.976055749000068 ], [ -91.303019783999957, 13.976730692000046 ], [ -91.303359130999979, 13.977070038000022 ], [ -91.30437342, 13.977649632000066 ], [ -91.305677505999938, 13.977359835000073 ], [ -91.30672802, 13.975947075000022 ], [ -91.307923431999939, 13.973628700000063 ], [ -91.308443800999953, 13.971894142000053 ], [ -91.308575474999941, 13.971455224000067 ], [ -91.310857625999972, 13.968883277000032 ], [ -91.311853801999973, 13.968195009000056 ], [ -91.312502174999963, 13.967546641000069 ], [ -91.313628807999976, 13.966420003000053 ], [ -91.313864655999964, 13.965461877000052 ], [ -91.314208401999963, 13.964065404000053 ], [ -91.314461973999983, 13.961602130000074 ], [ -91.314063503999989, 13.959537328000067 ], [ -91.312976764999974, 13.957291402000067 ], [ -91.311708903999943, 13.955806193000058 ], [ -91.310875737999936, 13.953668941000046 ], [ -91.31033236899998, 13.952872 ], [ -91.31017007, 13.952437736000036 ], [ -91.311357597999972, 13.952910340000074 ], [ -91.313192904999937, 13.95362582100006 ], [ -91.315051690999951, 13.954216044000077 ], [ -91.316820586999938, 13.954760436000072 ], [ -91.318668447999983, 13.955264690000035 ], [ -91.320994304999942, 13.955899903000045 ], [ -91.323214699999937, 13.95680326300004 ], [ -91.324256593999962, 13.957342592000032 ], [ -91.325160125999957, 13.958059478000052 ], [ -91.325975037999967, 13.958553174000031 ], [ -91.326745222999989, 13.958913239000026 ], [ -91.327924331999952, 13.959277246000056 ], [ -91.329103455999984, 13.959640119000028 ], [ -91.333499403999951, 13.961511912000049 ], [ -91.339166193999972, 13.963637491000043 ], [ -91.346011652999948, 13.966214998000055 ], [ -91.350907232999987, 13.968068433000042 ], [ -91.353669516999958, 13.969596628000033 ], [ -91.355617127999949, 13.970585999000036 ], [ -91.357839352999974, 13.971355761000041 ], [ -91.360107343999971, 13.97203655800007 ], [ -91.362602049999964, 13.972808121000071 ], [ -91.364958067999964, 13.973889433000068 ], [ -91.368309720999946, 13.975621425000043 ], [ -91.370894021999959, 13.976660153000068 ], [ -91.380819582999948, 13.980899070000078 ], [ -91.389567050999972, 13.984730966000029 ], [ -91.397817782999937, 13.988159322000058 ], [ -91.407901380999988, 13.992708982000067 ], [ -91.409057662999942, 13.993160604000025 ], [ -91.410915985999964, 13.993994196000074 ], [ -91.412638707999974, 13.994693562000066 ], [ -91.41386418799999, 13.995012292000069 ], [ -91.414998079999975, 13.995442274000027 ], [ -91.416267022999989, 13.996005327000034 ], [ -91.41735401599999, 13.996611249000068 ], [ -91.418485985999951, 13.997240063000049 ], [ -91.420830659999979, 13.998454129000038 ], [ -91.424935027999936, 13.999967730000037 ], [ -91.426282242999946, 14.000599037000029 ], [ -91.426896817999989, 14.001002999000036 ], [ -91.427506189999974, 14.001406925000026 ], [ -91.428162371999974, 14.001819063000028 ], [ -91.428863288999935, 14.002289114000064 ], [ -91.42950459299999, 14.002677426000048 ], [ -91.430563144999951, 14.003051489000029 ], [ -91.431337524999947, 14.003184177000037 ], [ -91.431825996999976, 14.003246091000051 ], [ -91.432480645999988, 14.00345935200005 ], [ -91.432944030999977, 14.003637476000051 ], [ -91.433752149999975, 14.004085610000061 ], [ -91.434465131999957, 14.004485671000054 ], [ -91.434952190999979, 14.004756597000039 ], [ -91.436209584999972, 14.00516129600004 ], [ -91.434623002999956, 14.007572376000041 ], [ -91.42894681699994, 14.012043835000043 ], [ -91.426053711999941, 14.014274628000067 ], [ -91.425081810999984, 14.015526986000054 ], [ -91.425500245999956, 14.018480923000027 ], [ -91.427400747999968, 14.022250087000032 ], [ -91.428532884999981, 14.030012863000024 ], [ -91.428487728999983, 14.035705980000046 ], [ -91.427985224999986, 14.03658966100005 ], [ -91.427011877999973, 14.037106461000064 ], [ -91.426319064999973, 14.038148214000046 ], [ -91.426243343999943, 14.039492263000056 ], [ -91.424907703999963, 14.041708276000065 ], [ -91.424886876999949, 14.047125849000054 ], [ -91.42389902299999, 14.04865602700005 ], [ -91.423511161999954, 14.050791202000028 ], [ -91.422945219999974, 14.076543881000077 ], [ -91.422027070999945, 14.077845127000046 ], [ -91.41941600399997, 14.081677469000056 ], [ -91.413797304999946, 14.088478482000028 ], [ -91.410048144999962, 14.094222824000042 ], [ -91.408498188999943, 14.09580229900007 ], [ -91.40619978899997, 14.099803734000034 ], [ -91.403311764999955, 14.103100722000022 ], [ -91.400275533999945, 14.107551387000058 ], [ -91.399388321999936, 14.108197413000028 ], [ -91.396360821999963, 14.112950871000066 ], [ -91.389956186999939, 14.121083660000068 ], [ -91.386685613999987, 14.121747562000053 ], [ -91.382070588999966, 14.123770613000033 ], [ -91.377471101999959, 14.124161061000052 ], [ -91.376000758999965, 14.125391696000065 ], [ -91.374643941999977, 14.126284138000074 ], [ -91.373216764999938, 14.128849381000066 ], [ -91.370507308999947, 14.130687348000038 ], [ -91.3703558, 14.133105291000049 ], [ -91.369375224999942, 14.133098641000061 ], [ -91.367529994999984, 14.134282607000046 ], [ -91.367215315999943, 14.134736922000059 ], [ -91.36777697499997, 14.136259229000075 ], [ -91.367615485999977, 14.13706822100005 ], [ -91.366583377999973, 14.137304122000046 ], [ -91.364427214999978, 14.139381898000067 ], [ -91.362018473999967, 14.140427527000043 ], [ -91.359596083999975, 14.142889840000066 ], [ -91.356070600999942, 14.146268770000063 ], [ -91.355285108999965, 14.146578613000031 ], [ -91.350893693999978, 14.145989239000073 ], [ -91.346232961999988, 14.146702872000049 ], [ -91.343822313999965, 14.147272636000025 ], [ -91.338713153999947, 14.149464215000023 ], [ -91.337872405999974, 14.150442463000047 ], [ -91.338239008999949, 14.152572441000075 ], [ -91.338830639999969, 14.153452143000038 ], [ -91.338708599999961, 14.156144773000051 ], [ -91.338236796999979, 14.156698506000055 ], [ -91.33817720199994, 14.16178790400005 ], [ -91.337491308999972, 14.161687118000032 ], [ -91.336404154999968, 14.162547279000023 ], [ -91.33669155299998, 14.163786414000072 ], [ -91.336816196999962, 14.167181235000044 ], [ -91.334609607999937, 14.168238113000029 ], [ -91.335367338999959, 14.170796749000033 ], [ -91.335373737999987, 14.172698265000065 ], [ -91.334259471999985, 14.174488053000061 ], [ -91.333583244999943, 14.175833477000026 ], [ -91.333548911999969, 14.177997954000034 ], [ -91.333108362999951, 14.178703280000036 ], [ -91.331203743999936, 14.178827863000038 ], [ -91.329841865999981, 14.179632967000032 ], [ -91.328454309999984, 14.182202643000039 ], [ -91.326250713999968, 14.183141945000045 ], [ -91.325384037999982, 14.18376180100006 ], [ -91.323935320999965, 14.183140449000064 ], [ -91.32085015499996, 14.183965068000077 ], [ -91.318773970999985, 14.186151363000022 ], [ -91.318957633999958, 14.18747 ], [ -91.318310425999982, 14.188003242000036 ], [ -91.317713176999973, 14.188043109000034 ], [ -91.317733895999936, 14.188609285000041 ], [ -91.319033511999976, 14.190842988000043 ], [ -91.318973643999982, 14.19150237100007 ], [ -91.318827354999939, 14.192181486000038 ], [ -91.315920708999954, 14.195940239000038 ], [ -91.315362231999984, 14.197468317000073 ], [ -91.315800488999969, 14.199279079000064 ], [ -91.317388152999968, 14.201166842000077 ], [ -91.318550782999978, 14.202354524000043 ], [ -91.31883892799999, 14.203952955000034 ], [ -91.31920973199999, 14.206826381000042 ], [ -91.320175407999955, 14.207087369000021 ], [ -91.321373304999952, 14.208209760000045 ], [ -91.321946116999982, 14.211570418000065 ], [ -91.320740469999976, 14.214242971000033 ], [ -91.32019631199995, 14.21774943500003 ], [ -91.317762690999984, 14.219202190000033 ], [ -91.317840605999947, 14.222682515000031 ], [ -91.316855202999989, 14.223122978000049 ], [ -91.315419030999976, 14.222343468000076 ], [ -91.31436165599996, 14.222493053000051 ], [ -91.309089751999977, 14.224731215000077 ], [ -91.307899334999945, 14.225870659000066 ], [ -91.307873355999959, 14.227416030000029 ], [ -91.309420879999948, 14.229886544000067 ], [ -91.309432783999966, 14.231244640000057 ], [ -91.306112905999953, 14.234406001000025 ], [ -91.306239004999952, 14.235436134000054 ], [ -91.306945201999952, 14.236257979000072 ], [ -91.307022814999982, 14.237888819000034 ], [ -91.305373395999936, 14.23921591800007 ], [ -91.301718771999958, 14.240494854000076 ], [ -91.300337560999935, 14.240568628000062 ], [ -91.298136932999967, 14.241716628000063 ], [ -91.296596152999939, 14.243529110000054 ], [ -91.296841722999943, 14.246383570000035 ], [ -91.298676456999942, 14.250326051000059 ], [ -91.298271773999943, 14.253549832000033 ], [ -91.296971982999935, 14.255188910000072 ], [ -91.293167427999947, 14.26034289100005 ], [ -91.290237673999968, 14.263371175000032 ], [ -91.288242175999983, 14.268151633000059 ], [ -91.282913554999936, 14.271739877000073 ], [ -91.281775781999954, 14.272989112000062 ], [ -91.281964591999952, 14.274060370000029 ], [ -91.283383613999945, 14.275978792000046 ], [ -91.281734857999936, 14.285025429000029 ], [ -91.28003337499996, 14.287115648000054 ], [ -91.277263199999936, 14.286914850000073 ], [ -91.276360243999989, 14.287511610000024 ], [ -91.276022341999976, 14.288222048000023 ], [ -91.276393621999944, 14.290354354000044 ], [ -91.276572317999978, 14.292294334000076 ], [ -91.274784521999948, 14.295510256000057 ], [ -91.273562252999966, 14.296726058000047 ], [ -91.271103825999944, 14.29786282300006 ], [ -91.270253428999979, 14.299759168000037 ], [ -91.267433388999962, 14.301815145000035 ], [ -91.267248692999942, 14.305581563000032 ], [ -91.244906621999974, 14.301853293000022 ], [ -91.244259052999951, 14.301397740000027 ], [ -91.234906414999955, 14.300168249000023 ], [ -91.199629201999983, 14.29361345500007 ], [ -91.200068525999939, 14.290304414000047 ], [ -91.200610392999977, 14.289686029000052 ], [ -91.201497704999952, 14.286561125000048 ], [ -91.202060083999982, 14.282264488000067 ], [ -91.205107406999957, 14.268512644000054 ], [ -91.205890958999987, 14.26683975900005 ], [ -91.206776370999989, 14.261220343000048 ], [ -91.20859772099999, 14.254708677000053 ], [ -91.209797458999958, 14.246664912000028 ], [ -91.210445306999986, 14.245514049000064 ], [ -91.214897932999975, 14.224614406000057 ], [ -91.215701971999977, 14.222659174000057 ], [ -91.217137846999947, 14.214115463000041 ], [ -91.218307348999986, 14.210290953000026 ], [ -91.218189978999987, 14.208123224000076 ], [ -91.217008180999983, 14.207531472000028 ], [ -91.200850516999935, 14.205032399000061 ], [ -91.197198541999967, 14.204023169000038 ], [ -91.189778969999963, 14.203015916000027 ], [ -91.188858373999949, 14.20250283200005 ], [ -91.178932505999967, 14.201339572000052 ] ] ] ] } },
{ "type": "Feature", "properties": { "Codigo": 312, "datos_finales_color_riesgo": "152640" }, "geometry": { "type": "MultiPolygon", "coordinates": [ [ [ [ -90.746763576999967, 14.461839491000035 ], [ -90.751692286999969, 14.465088592000029 ], [ -90.753722049999965, 14.465760795000051 ], [ -90.761204659999976, 14.470958672000052 ], [ -90.766777667999975, 14.475834403000022 ], [ -90.768723876999957, 14.477575291000051 ], [ -90.772216406999974, 14.48181788200003 ], [ -90.775891514999955, 14.484736184000042 ], [ -90.786395090999974, 14.488362669000026 ], [ -90.791367436999963, 14.488207294000063 ], [ -90.796353441999941, 14.486553137000044 ], [ -90.797419077999962, 14.486757397000076 ], [ -90.800094941999987, 14.490541342000029 ], [ -90.801341115999946, 14.491602287000035 ], [ -90.809426326999983, 14.494737579000059 ], [ -90.81160405199995, 14.495091079000076 ], [ -90.816336306999972, 14.496980701000041 ], [ -90.816502899999989, 14.498258563000036 ], [ -90.817208681999944, 14.499998877000053 ], [ -90.81700965899995, 14.505048061000025 ], [ -90.815758923999965, 14.506505876000062 ], [ -90.811245471999939, 14.509171175000063 ], [ -90.810404745999961, 14.509543964000045 ], [ -90.806761376999987, 14.511140893000061 ], [ -90.802436056999966, 14.512052560000029 ], [ -90.801763638999944, 14.512520636000033 ], [ -90.798654501999977, 14.513194007000038 ], [ -90.788267081999948, 14.516699272000039 ], [ -90.787147083999969, 14.517810259000044 ], [ -90.786271837999948, 14.522345808000068 ], [ -90.786327211999946, 14.524238173000072 ], [ -90.785220262999985, 14.528224865000027 ], [ -90.785584505999964, 14.533620333000044 ], [ -90.788119242999983, 14.53570441100004 ], [ -90.792100193999943, 14.538052846000028 ], [ -90.788739954999983, 14.53910316200006 ], [ -90.786980261999986, 14.539991236000049 ], [ -90.784176176999949, 14.539741088000028 ], [ -90.777585114999965, 14.534917993000022 ], [ -90.775658998999972, 14.534767567000074 ], [ -90.774648403999947, 14.535242501000027 ], [ -90.772587000999977, 14.537600396000073 ], [ -90.772450504999938, 14.547628585000041 ], [ -90.769950573999949, 14.551378256000078 ], [ -90.767180198999938, 14.546382288000075 ], [ -90.76463060399999, 14.54388560700005 ], [ -90.761893141999963, 14.542663377000054 ], [ -90.75582196199997, 14.542036026000062 ], [ -90.753531682999949, 14.540572906000023 ], [ -90.752148198999976, 14.529875185000037 ], [ -90.751514179999958, 14.528881977000026 ], [ -90.751654653999935, 14.52427636300007 ], [ -90.748643938999976, 14.488124785000025 ], [ -90.748169496999935, 14.478107796000074 ], [ -90.747250804999965, 14.46783242500004 ], [ -90.746763576999967, 14.461839491000035 ] ] ] ] } },
{ "type": "Feature", "properties": { "Codigo": 1327, "datos_finales_color_riesgo": "152640" }, "geometry": { "type": "MultiPolygon", "coordinates": [ [ [ [ -91.171275539999954, 15.386463914000046 ], [ -91.169889438999974, 15.384329970000067 ], [ -91.167550450999954, 15.379860036000025 ], [ -91.163326317999974, 15.373233924000033 ], [ -91.161659345999965, 15.370222176000027 ], [ -91.159053581999956, 15.366205215000036 ], [ -91.157967208999935, 15.362513699000033 ], [ -91.160148932999959, 15.359785637000073 ], [ -91.162803272999952, 15.357186828000067 ], [ -91.166994388999967, 15.35276725500006 ], [ -91.174133737999966, 15.343222922000052 ], [ -91.176951391999978, 15.332689629000072 ], [ -91.179137594999986, 15.327360953000039 ], [ -91.180170982999982, 15.325303288000043 ], [ -91.181037941999989, 15.323577503000024 ], [ -91.181625554999982, 15.321849438000072 ], [ -91.182248398999945, 15.318534529000033 ], [ -91.182752193999988, 15.305411198000058 ], [ -91.184604942999954, 15.296107916000039 ], [ -91.186759748999975, 15.288938664000057 ], [ -91.18822789099994, 15.285413667000057 ], [ -91.191639374999966, 15.286035445000039 ], [ -91.19522290499998, 15.285254419000069 ], [ -91.199723337999956, 15.282579522000049 ], [ -91.202365368999949, 15.281246310000029 ], [ -91.204840917999945, 15.280327438000029 ], [ -91.206260947999965, 15.280433710000068 ], [ -91.208080432999964, 15.281670556000051 ], [ -91.208796741999947, 15.283518742000069 ], [ -91.209226285999989, 15.28412202100003 ], [ -91.20984770299998, 15.284605962000057 ], [ -91.21066224499998, 15.284754811000028 ], [ -91.214095838999981, 15.284494171000063 ], [ -91.218234560999974, 15.284660453000072 ], [ -91.224742201999959, 15.285722071000066 ], [ -91.231107745999964, 15.284934262000036 ], [ -91.232587007999939, 15.283742859000029 ], [ -91.233349874999988, 15.281587842000022 ], [ -91.238029104999953, 15.281552419000036 ], [ -91.24122956299999, 15.27867999700004 ], [ -91.242750325999964, 15.277314875000059 ], [ -91.24384758399998, 15.276145241000052 ], [ -91.246094123999967, 15.275243298000078 ], [ -91.249478704999945, 15.271754247000047 ], [ -91.250466340999935, 15.27130670400004 ], [ -91.254773956999941, 15.270942662000039 ], [ -91.257743467999944, 15.269217040000058 ], [ -91.265038690999972, 15.269866731000036 ], [ -91.270054693999953, 15.268544256000041 ], [ -91.273055711999973, 15.268356157000028 ], [ -91.273591558999954, 15.268361415000072 ], [ -91.274024000999987, 15.268631351000067 ], [ -91.274517665999952, 15.269099453000024 ], [ -91.274607731999936, 15.269968873000039 ], [ -91.274140394999961, 15.271119808000037 ], [ -91.274341644999936, 15.271698627000035 ], [ -91.274727464999955, 15.272049541000058 ], [ -91.275410888999943, 15.272438894000061 ], [ -91.276222103999942, 15.272641703000033 ], [ -91.279222453999978, 15.272828576000052 ], [ -91.279841292999947, 15.273362022000072 ], [ -91.280351743999972, 15.273914968000042 ], [ -91.28182799199999, 15.274983683000073 ], [ -91.282209429999966, 15.327118108000036 ], [ -91.282457176999969, 15.328495965000059 ], [ -91.282748226999956, 15.329275424000059 ], [ -91.283253183999989, 15.330018119000044 ], [ -91.286886533999962, 15.332480496000073 ], [ -91.288533824999945, 15.334324352000067 ], [ -91.289255930999957, 15.335995042000036 ], [ -91.289036249999981, 15.339171157000067 ], [ -91.28778896099999, 15.342448965000074 ], [ -91.286812316999942, 15.34458221400007 ], [ -91.286660964999953, 15.346082399000068 ], [ -91.286783817999947, 15.347290972000053 ], [ -91.286896685999977, 15.348082615000067 ], [ -91.287369205999937, 15.348455651000052 ], [ -91.28840252699996, 15.348583331000043 ], [ -91.289135471999941, 15.348499709000066 ], [ -91.290372184999967, 15.348311499000033 ], [ -91.292350325999962, 15.347712108000053 ], [ -91.303140123999981, 15.342993283000055 ], [ -91.304880994999962, 15.342646147000039 ], [ -91.306810429999985, 15.34244615800003 ], [ -91.311062079999942, 15.34234960200007 ], [ -91.315641851999942, 15.341984315000047 ], [ -91.322455469999966, 15.342001763000042 ], [ -91.325357430999986, 15.342473187000053 ], [ -91.331652520999967, 15.345927542000027 ], [ -91.340290103999962, 15.347331817000054 ], [ -91.352507315999958, 15.347604284000056 ], [ -91.359088114999963, 15.346688024000059 ], [ -91.36319838199995, 15.34690236800003 ], [ -91.367839077999975, 15.348898706000057 ], [ -91.374771679999981, 15.354425114000037 ], [ -91.374907243999985, 15.355637165000076 ], [ -91.375545177999982, 15.358053778000055 ], [ -91.378183245999935, 15.36409894600007 ], [ -91.38147178, 15.373456659000055 ], [ -91.381223614999953, 15.379884124000057 ], [ -91.378882239999939, 15.387681385000064 ], [ -91.37462401099998, 15.394419608000078 ], [ -91.370883815999946, 15.397776879000048 ], [ -91.368225172999985, 15.400332013000025 ], [ -91.364475839999955, 15.402969462000044 ], [ -91.356915382999944, 15.409626453000044 ], [ -91.35440399099997, 15.412223146000031 ], [ -91.351315537999938, 15.414887823000072 ], [ -91.347943062999946, 15.418703766000021 ], [ -91.345127279999986, 15.421841456000038 ], [ -91.341522749999967, 15.426619186000039 ], [ -91.339821582999946, 15.431848281000043 ], [ -91.339527389999944, 15.435011499000041 ], [ -91.339897358999963, 15.443261074000077 ], [ -91.341424372999938, 15.451309183000035 ], [ -91.341410697999947, 15.454566003000025 ], [ -91.340773517999935, 15.459473163000041 ], [ -91.33822405699999, 15.467539293000073 ], [ -91.336920616999976, 15.471838168000033 ], [ -91.335873478999986, 15.473940569000035 ], [ -91.335126422999963, 15.475733426000033 ], [ -91.334794373999955, 15.477196141000036 ], [ -91.334293036999952, 15.47972401100003 ], [ -91.335038345999976, 15.484413327000027 ], [ -91.336225901999967, 15.487122227000043 ], [ -91.337844641999936, 15.490909835000025 ], [ -91.339078564999966, 15.494093545000055 ], [ -91.34026708, 15.497278041000072 ], [ -91.340678941999954, 15.501214728000036 ], [ -91.340611859999967, 15.503925492000064 ], [ -91.338361204999956, 15.510958992000042 ], [ -91.338147902999935, 15.51359069800003 ], [ -91.335929304999979, 15.517688326000041 ], [ -91.335530420999987, 15.519700689000047 ], [ -91.334420749999936, 15.521716723000054 ], [ -91.331012490999967, 15.527821796000069 ], [ -91.32480557599996, 15.533946230000026 ], [ -91.319628836999982, 15.537713883000038 ], [ -91.319528427999956, 15.463392350000049 ], [ -91.318919860999983, 15.461436762000062 ], [ -91.318100528999935, 15.459763126000041 ], [ -91.317344290999984, 15.458138543000075 ], [ -91.316355099999953, 15.455866007000054 ], [ -91.313990995999973, 15.449478866000049 ], [ -91.31334616099997, 15.44798503800007 ], [ -91.309196297999961, 15.438345466000044 ], [ -91.308155042999942, 15.435978747000036 ], [ -91.305241708999972, 15.428651983000066 ], [ -91.291752420999956, 15.418265127000041 ], [ -91.27836111199997, 15.408166394000034 ], [ -91.254013978999978, 15.389187934000063 ], [ -91.240460861999964, 15.379325460000075 ], [ -91.231111511999984, 15.380144915000074 ], [ -91.227057388999981, 15.380556612000078 ], [ -91.224262356999986, 15.38091163200005 ], [ -91.202591344999973, 15.383257899000057 ], [ -91.199659086999986, 15.383588900000063 ], [ -91.171275539999954, 15.386463914000046 ] ] ] ] } }
]
}
